time,pv,wind,hydro,demand
2025-01-01 00:00:00,0.0,0.23819616891920176,0.1342676113672893,-5791811.5665610805
2025-01-01 01:00:00,0.0,0.2324734384102696,0.13430250912756977,-5788416.6136074625
2025-01-01 02:00:00,0.0,0.16732315465783332,0.13433744583117174,-5539652.239462755
2025-01-01 03:00:00,0.0,0.18019728104549723,0.1343724214601217,-5602719.323845522
2025-01-01 04:00:00,0.0,0.22680968910277313,0.13440743599642604,-5502137.4876713585
2025-01-01 05:00:00,0.0,0.15743171334698472,0.13444248942207127,-5760060.126355079
2025-01-01 06:00:00,0.0,0.1527890330900051,0.13447758171902371,-5696399.132502494
2025-01-01 07:00:00,0.0019352966055590625,0.21492922763060604,0.13451271286922986,-5376929.459899877
2025-01-01 08:00:00,0.003738705945678133,0.1830592560320277,0.1345478828546161,-5065460.402105353
2025-01-01 09:00:00,0.0052873286541029445,0.15620436715616548,0.13458309165708893,-4809886.104643496
2025-01-01 10:00:00,0.006475628652474375,0.19526348690395318,0.13461833925853478,-4969471.940487546
2025-01-01 11:00:00,0.007222625259662008,0.18340399856845593,0.13465362564082023,-5137987.97631581
2025-01-01 12:00:00,0.007477411891356267,0.20491832571359492,0.13468895078579182,-5149675.74996607
2025-01-01 13:00:00,0.007222625259662008,0.1802331549025238,0.13472431467527618,-4742499.362166887
2025-01-01 14:00:00,0.006475628652474375,0.2405954222430995,0.13475971729108002,-4915295.764512905
2025-01-01 15:00:00,0.005287328654102945,0.15458769600436562,0.1347951586149901,-4605758.725531571
2025-01-01 16:00:00,0.003738705945678133,0.18735612521677855,0.1348306386287733,-4937778.092655
2025-01-01 17:00:00,0.0019352966055590647,0.174910325975092,0.13486615731417656,-5091901.2594404435
2025-01-01 18:00:00,9.15718853865581e-19,0.17140998426031198,0.13490171465292697,-5372213.833486682
2025-01-01 19:00:00,0.0,0.21548724535288527,0.13493731062673164,-5209381.180022844
2025-01-01 20:00:00,0.0,0.17904390503902076,0.13497294521727796,-5183595.665073214
2025-01-01 21:00:00,0.0,0.15282011166183138,0.1350086184062333,-5156653.957665816
2025-01-01 22:00:00,0.0,0.1825007804755075,0.13504433017524525,-5622474.802129194
2025-01-01 23:00:00,0.0,0.17567197699536066,0.13508008050594156,-5521047.95962835
2025-01-02 00:00:00,0.0,0.16309166011421722,0.1351158693799301,-5615866.905625938
2025-01-02 01:00:00,0.0,0.21306054517164955,0.1351516967787989,-5607417.1319614425
2025-01-02 02:00:00,0.0,0.2213893503964258,0.13518756268411625,-5679576.470725545
2025-01-02 03:00:00,0.0,0.18449041101880198,0.13522346707743055,-5815811.794574593
2025-01-02 04:00:00,0.0,0.2434521416824315,0.13525940994027044,-5664481.8251264645
2025-01-02 05:00:00,0.0,0.1922170607416381,0.13529539125414478,-4832032.835322091
2025-01-02 06:00:00,0.0,0.22697196632954514,0.1353314110005426,-5407590.23069406
2025-01-02 07:00:00,0.0022933084395772192,0.2131383787580776,0.1353674691609332,-5165205.556513062
2025-01-02 08:00:00,0.004430331698868638,0.22988781484401527,0.13540356571676612,-5386364.24335826
2025-01-02 09:00:00,0.006265435174351464,0.24518890807575458,0.13543970064947108,-4929151.273715288
2025-01-02 10:00:00,0.007673559596823422,0.2269622900651238,0.13547587394045815,-4792737.197346866
2025-01-02 11:00:00,0.008558743613928685,0.1665751229127528,0.1355120855711176,-4877964.9916933505
2025-01-02 12:00:00,0.008860663397737278,0.2070853709084261,0.13554833552282003,-4770578.595939477
2025-01-02 13:00:00,0.008558743613928685,0.2387404764957514,0.13558462377691627,-5197646.5273275785
2025-01-02 14:00:00,0.007673559596823424,0.21710470824943498,0.13562095031473748,-5017692.513213192
2025-01-02 15:00:00,0.006265435174351465,0.21306828488702706,0.1356573151175951,-5374802.177915527
2025-01-02 16:00:00,0.004430331698868638,0.17251154778935482,0.13569371816678089,-5073639.787744993
2025-01-02 17:00:00,0.002293308439577222,0.1962056917626887,0.13573015944356698,-5156972.693693534
2025-01-02 18:00:00,1.0851183068361069e-18,0.22032744383579808,0.13576663892920574,-5306979.159442492
2025-01-02 19:00:00,0.0,0.1648101582712708,0.13580315660493,-4960683.104317322
2025-01-02 20:00:00,0.0,0.2473340323879197,0.13583971245195284,-5486453.336003812
2025-01-02 21:00:00,0.0,0.19974998408777295,0.13587630645146775,-5315285.983683456
2025-01-02 22:00:00,0.0,0.15685293170730905,0.13591293858464862,-5830863.250861072
2025-01-02 23:00:00,0.0,0.1965016508113174,0.13594960883264964,-5600832.708839115
2025-01-03 00:00:00,0.0,0.1784378785382774,0.13598631717660548,-5607834.57377511
2025-01-03 01:00:00,0.0,0.2407488964121448,0.1360230635976311,-5664398.606305018
2025-01-03 02:00:00,0.0,0.22656473009357359,0.13605984807682203,-5714703.262948913
2025-01-03 03:00:00,0.0,0.22639820228662527,0.1360966705952541,-5873507.236218542
2025-01-03 04:00:00,0.0,0.23397403535046482,0.13613353113398358,-5467546.052580224
2025-01-03 05:00:00,0.0,0.24767413323784884,0.1361704296740472,-5764398.496536788
2025-01-03 06:00:00,0.0,0.162753158621172,0.13620736619646218,-5569633.914337181
2025-01-03 07:00:00,0.0026813181843456228,0.23661308916596502,0.13624434068222613,-4762933.267445607
2025-01-03 08:00:00,0.0051799089655159,0.1879168654249061,0.13628135311231715,-5419791.479949324
2025-01-03 09:00:00,0.007325497510890575,0.17358038104586365,0.13631840346769386,-5042884.507288896
2025-01-03 10:00:00,0.008971865506855083,0.18177624414396207,0.13635549172929531,-4952505.056941415
2025-01-03 11:00:00,0.010006815695236199,0.1634542609273829,0.13639261787804113,-5036469.517393236
2025-01-03 12:00:00,0.0103598179310318,0.24911772893227005,0.13642978189483135,-5137944.2417662
2025-01-03 13:00:00,0.010006815695236199,0.20038925831939813,0.1364669837605466,-4777194.180148719
2025-01-03 14:00:00,0.008971865506855085,0.2170977299812423,0.136504223456048,-4818831.3457484
2025-01-03 15:00:00,0.007325497510890577,0.24117426611513282,0.13654150096217726,-4863411.638483242
2025-01-03 16:00:00,0.0051799089655159,0.19234371013936516,0.13657881625975654,-5092257.345004182
2025-01-03 17:00:00,0.002681318184345626,0.23974782975680595,0.13661616932958867,-5220313.146322334
2025-01-03 18:00:00,1.2687117868987451e-18,0.2264662151568146,0.13665356015245694,-5324679.4883769
2025-01-03 19:00:00,0.0,0.1638244989546129,0.13669098870912533,-5024327.838428558
2025-01-03 20:00:00,0.0,0.16741368122164632,0.1367284549803383,-5211862.28218663
2025-01-03 21:00:00,0.0,0.22057335712363776,0.136765958946821,-5598852.927739941
2025-01-03 22:00:00,0.0,0.16021932445585077,0.1368035005892791,-5625459.991519072
2025-01-03 23:00:00,0.0,0.20084760070804847,0.13684107988839897,-5541797.360919026
2025-01-04 00:00:00,0.0,0.23759080317305123,0.13687869682484755,-5498482.475656105
2025-01-04 01:00:00,0.0,0.20220609060838765,0.1369163513792724,-5745543.607585874
2025-01-04 02:00:00,0.0,0.20478374819553405,0.13695404353230187,-5603887.551186987
2025-01-04 03:00:00,0.0,0.20034809244713567,0.13699177326454476,-5227525.244401171
2025-01-04 04:00:00,0.0,0.23793630861223286,0.13702954055659067,-5326520.754214918
2025-01-04 05:00:00,0.0,0.20036387503755945,0.13706734538900983,-5576725.528428856
2025-01-04 06:00:00,0.0,0.1979755917806022,0.13710518774235317,-5260939.572777042
2025-01-04 07:00:00,0.0030992108642029555,0.17360309435070873,0.13714306759715236,-5413438.104255143
2025-01-04 08:00:00,0.005987215629698594,0.24777885779512157,0.1371809849339197,-5099910.486781526
2025-01-04 09:00:00,0.008467201544371921,0.1987389121745101,0.13721893973314825,-5221791.879977519
2025-01-04 10:00:00,0.010370161666508455,0.19632694450655994,0.13725693197531177,-5073108.063365001
2025-01-04 11:00:00,0.01156641240857488,0.16620598662835878,0.1372949616408648,-5194490.258416879
2025-01-04 12:00:00,0.01197443125939719,0.20424573408359153,0.13733302871024258,-4872590.095595744
2025-01-04 13:00:00,0.01156641240857488,0.212313784325886,0.13737113316386115,-4972601.90822777
2025-01-04 14:00:00,0.010370161666508455,0.24852232353110587,0.1374092749821173,-5117408.0042851595
2025-01-04 15:00:00,0.008467201544371923,0.21383651839249898,0.1374474541453886,-5187331.2452284135
2025-01-04 16:00:00,0.005987215629698594,0.20536617291567677,0.13748567063403336,-5004213.302049898
2025-01-04 17:00:00,0.003099210864202959,0.235857236489469,0.1375239244283908,-5361790.128247684
2025-01-04 18:00:00,1.4664448913430777e-18,0.16500803762909194,0.1375622155087808,-4889219.506846684
2025-01-04 19:00:00,0.0,0.20795426443101173,0.1376005438555042,-5604435.464057317
2025-01-04 20:00:00,0.0,0.23658564825400463,0.13763890944884255,-5448727.92638641
2025-01-04 21:00:00,0.0,0.17188076305001423,0.13767731226905833,-5676243.916443027
2025-01-04 22:00:00,0.0,0.18800437369320538,0.13771575229639482,-5614078.857446013
2025-01-04 23:00:00,0.0,0.24841786865858928,0.13775422951107616,-5573482.049417474
2025-01-05 00:00:00,0.0,0.20824750998467728,0.13779274389330737,-5463477.138273292
2025-01-05 01:00:00,0.0,0.21270032112639217,0.13783129542327438,-5612162.208200758
2025-01-05 02:00:00,0.0,0.17646184309000806,0.13786988408114392,-6027584.236257024
2025-01-05 03:00:00,0.0,0.1892709647875893,0.1379085098470637,-5733381.525110177
2025-01-05 04:00:00,0.0,0.2332501660865882,0.13794717270116233,-5551531.13255795
2025-01-05 05:00:00,0.0,0.18973948710629102,0.13798587262354928,-5488446.213397432
2025-01-05 06:00:00,0.0,0.16411132395965558,0.13802460959431503,-5743138.444355225
2025-01-05 07:00:00,0.0035468626485293145,0.16212129751135015,0.13806338359353096,-5231921.491260746
2025-01-05 08:00:00,0.0068520124690290216,0.22132002694361033,0.1381021946012494,-5240887.965170681
2025-01-05 09:00:00,0.009690208963250402,0.19112355475413761,0.13814104259750362,-5381737.189389249
2025-01-05 10:00:00,0.011868033730453736,0.20382741248830552,0.1381799275623079,-4849080.552314856
2025-01-05 11:00:00,0.013237071611779717,0.19877586540167996,0.1382188494756575,-5205489.20507544
2025-01-05 12:00:00,0.013704024938058047,0.2463535901514354,0.13825780831752865,-4757735.222142771
2025-01-05 13:00:00,0.013237071611779717,0.19898273836228966,0.13829680406787856,-4755092.895413583
2025-01-05 14:00:00,0.011868033730453737,0.23626192592717232,0.13833583670664554,-5147358.442245414
2025-01-05 15:00:00,0.009690208963250402,0.21413932820278464,0.13837490621374882,-4912197.559720047
2025-01-05 16:00:00,0.0068520124690290216,0.23445167961090727,0.13841401256908872,-4908058.299489756
2025-01-05 17:00:00,0.0035468626485293184,0.1790445559807617,0.13845315575254658,-5219842.546011793
2025-01-05 18:00:00,1.6782590275828293e-18,0.17701118653845002,0.1384923357439848,-5415612.565987408
2025-01-05 19:00:00,0.0,0.25663925396061804,0.1385315525232469,-5178706.330896451
2025-01-05 20:00:00,0.0,0.25889296181316274,0.13857080607015732,-5293492.902545716
2025-01-05 21:00:00,0.0,0.22150457967075957,0.1386100963645218,-5513140.123846432
2025-01-05 22:00:00,0.0,0.18769517070391517,0.13864942338612693,-5391151.241236497
2025-01-05 23:00:00,0.0,0.17042859702629803,0.13868878711474064,-5701823.50997761
2025-01-06 00:00:00,0.0,0.1660081665750608,0.13872818753011187,-5628022.498434662
2025-01-06 01:00:00,0.0,0.19534524270894305,0.13876762461197062,-5355167.492477834
2025-01-06 02:00:00,0.0,0.20235127383678989,0.13880709834002813,-5310439.223189405
2025-01-06 03:00:00,0.0,0.180919868787604,0.13884660869397675,-5482863.247468641
2025-01-06 04:00:00,0.0,0.2075998927356884,0.13888615565349,-5255466.1671461
2025-01-06 05:00:00,0.0,0.19341505222242938,0.13892573919822254,-5560421.548904562
2025-01-06 06:00:00,0.0,0.17444013402839562,0.13896535930781026,-5526206.095730082
2025-01-06 07:00:00,0.004024140888439889,0.20085412630273766,0.13900501596187012,-5640716.730144027
2025-01-06 08:00:00,0.007774043225539849,0.23799621728837192,0.13904470914000044,-4934605.008113736
2025-01-06 09:00:00,0.010994157364033138,0.21362912336001502,0.13908443882178068,-5111779.928030146
2025-01-06 10:00:00,0.013465037846871659,0.1947632423483984,0.13912420498677144,-5108765.006455693
2025-01-06 11:00:00,0.015018298252473028,0.16954466249031525,0.1391640076145147,-4926342.380490143
2025-01-06 12:00:00,0.015548086451079702,0.19883924644825182,0.13920384668453353,-4748077.645055604
2025-01-06 13:00:00,0.015018298252473028,0.25307055400588385,0.1392437221763324,-4923322.124910425
2025-01-06 14:00:00,0.013465037846871659,0.19987081330627543,0.13928363406939692,-5137446.494524275
2025-01-06 15:00:00,0.010994157364033141,0.21151240415004466,0.13932358234319406,-4762665.149973406
2025-01-06 16:00:00,0.007774043225539849,0.22819456814373906,0.139363566977172,-4688968.748222077
2025-01-06 17:00:00,0.004024140888439893,0.18731497881331108,0.13940358795076027,-5076523.685048951
2025-01-06 18:00:00,1.9040914305181087e-18,0.19779320411944812,0.1394436452433697,-5074039.011989856
2025-01-06 19:00:00,0.0,0.24437415703505938,0.13948373883439236,-5048340.885240727
2025-01-06 20:00:00,0.0,0.2071222085133085,0.13952386870320177,-5142924.233412029
2025-01-06 21:00:00,0.0,0.2433734479386792,0.1395640348291527,-5330027.027266993
2025-01-06 22:00:00,0.0,0.17537718958290185,0.1396042371915813,-5566896.770833874
2025-01-06 23:00:00,0.0,0.21474016698214968,0.13964447576980507,-5662870.115298301
2025-01-07 00:00:00,0.0,0.1997698525633313,0.13968475054312285,-5867114.9327175245
2025-01-07 01:00:00,0.0,0.21787718841664258,0.1397250614908149,-5678256.421778361
2025-01-07 02:00:00,0.0,0.20311120480745667,0.13976540859214284,-5519644.203625474
2025-01-07 03:00:00,0.0,0.1817116531784247,0.13980579182634975,-5355384.530523902
2025-01-07 04:00:00,0.0,0.18688904412456517,0.13984621117266002,-6015327.28843906
2025-01-07 05:00:00,0.0,0.2195632627077809,0.13988666661027957,-5448519.169445553
2025-01-07 06:00:00,0.0,0.22808792198913763,0.13992715811839565,-5500149.9877648745
2025-01-07 07:00:00,0.004530904156091689,0.26144198572247784,0.13996768567617704,-5306275.326976653
2025-01-07 08:00:00,0.008753034681618876,0.23497712032292706,0.14000824926277394,-5170334.024095328
2025-01-07 09:00:00,0.01237866035866748,0.18114359904536143,0.140048848857318,-5085583.564858365
2025-01-07 10:00:00,0.015160700788976364,0.25446119467446,0.14008948443892233,-4632516.255821764
2025-01-07 11:00:00,0.01690956451475917,0.21424591738547993,0.1401301559866816,-5092709.86501791
2025-01-07 12:00:00,0.017506069363237755,0.18799871788892084,0.14017086347967192,-4995433.2874265
2025-01-07 13:00:00,0.01690956451475917,0.2594881677752475,0.14021160689695092,-4780462.287675115
2025-01-07 14:00:00,0.015160700788976368,0.17760158098490428,0.14025238621755773,-5094695.104291823
2025-01-07 15:00:00,0.012378660358667483,0.21337976340942144,0.14029320142051302,-5105208.260834195
2025-01-07 16:00:00,0.008753034681618876,0.26567032667199186,0.140334052484819,-5236397.347386559
2025-01-07 17:00:00,0.004530904156091693,0.22647411212416155,0.1403749393894595,-4811873.081139433
2025-01-07 18:00:00,2.1438751811340657e-18,0.25446671321583075,0.1404158621133998,-5345758.032610091
2025-01-07 19:00:00,0.0,0.19177797402157024,0.14045682063558676,-5040736.339076811
2025-01-07 20:00:00,0.0,0.20188246365905801,0.14049781493494895,-5298181.155768472
2025-01-07 21:00:00,0.0,0.2528148761780443,0.1405388449903964,-4945264.54293295
2025-01-07 22:00:00,0.0,0.23052149067400787,0.1405799107808208,-5550129.058753648
2025-01-07 23:00:00,0.0,0.23462162629725902,0.14062101228509546,-5778373.203707818
2025-01-08 00:00:00,0.0,0.25852989072078264,0.14066214948207528,-5766572.977299225
2025-01-08 01:00:00,0.0,0.26723003302493714,0.14070332235059682,-5801886.730384892
2025-01-08 02:00:00,0.0,0.17902008492354227,0.14074453086947833,-5621454.927312983
2025-01-08 03:00:00,0.0,0.2653955847523158,0.14078577501751965,-5570248.544772593
2025-01-08 04:00:00,0.0,0.20425293009914378,0.14082705477350232,-5769879.8616789365
2025-01-08 05:00:00,0.0,0.1998810222103278,0.1408683701161896,-5374800.723016442
2025-01-08 06:00:00,0.0,0.25528472075250797,0.14090972102432636,-5538806.629544404
2025-01-08 07:00:00,0.005067002286591659,0.2176768929954101,0.14095110747663925,-5180410.515460522
2025-01-08 08:00:00,0.009788696740969292,0.2088244333684939,0.14099252945183655,-5163281.8217164725
2025-01-08 09:00:00,0.01384330768903609,0.20557184672303533,0.14103398692860838,-5014931.6867573755
2025-01-08 10:00:00,0.0169545200952427,0.22511134351234321,0.1410754798856265,-5002261.172444199
2025-01-08 11:00:00,0.018910309975627752,0.25109223422688676,0.14111700830154442,-5018834.1967336
2025-01-08 12:00:00,0.019577393481938588,0.19978933711298205,0.14115857215499747,-4729729.604906238
2025-01-08 13:00:00,0.018910309975627752,0.18530046976185174,0.14120017142460276,-4888831.231562812
2025-01-08 14:00:00,0.016954520095242703,0.192439073479236,0.14124180608895903,-4949363.532226035
2025-01-08 15:00:00,0.013843307689036091,0.22759405813472788,0.141283476126647,-5275178.700421224
2025-01-08 16:00:00,0.009788696740969292,0.1817130419827196,0.14132518151622908,-5144287.705523091
2025-01-08 17:00:00,0.005067002286591665,0.2309374992797315,0.1413669222362495,-5200683.74934051
2025-01-08 18:00:00,2.397539226330435e-18,0.20179960911803563,0.1414086982652344,-5122132.817899169
2025-01-08 19:00:00,0.0,0.19153753042140392,0.1414505095816916,-5453405.716669624
2025-01-08 20:00:00,0.0,0.232743105909575,0.1414923561641109,-5399346.250668336
2025-01-08 21:00:00,0.0,0.2668215018796682,0.14153423799096396,-5530137.576324596
2025-01-08 22:00:00,0.0,0.18710924832026538,0.14157615504070417,-5377520.621506921
2025-01-08 23:00:00,0.0,0.25883926316291667,0.14161810729176694,-5609042.939172904
2025-01-09 00:00:00,0.0,0.1901817166306134,0.14166009472256955,-5972593.256058163
2025-01-09 01:00:00,0.0,0.18961840278572314,0.14170211731151108,-5750778.371451453
2025-01-09 02:00:00,0.0,0.21780741883482965,0.14174417503697262,-5881005.750282801
2025-01-09 03:00:00,0.0,0.2589110332279405,0.1417862678773172,-5382157.879911176
2025-01-09 04:00:00,0.0,0.19926825264443102,0.14182839581088968,-5326341.723165821
2025-01-09 05:00:00,0.0,0.20523703918954925,0.14187055881601698,-5876417.2809699625
2025-01-09 06:00:00,0.0,0.25638924709303595,0.1419127568710079,-5217095.974271426
2025-01-09 07:00:00,0.005632276422493791,0.2382178483069149,0.14195498995415323,-5143151.9728744505
2025-01-09 08:00:00,0.010880722514571506,0.18351066446042036,0.1419972580437258,-5162838.07778477
2025-01-09 09:00:00,0.01538766534852531,0.2698907590355695,0.14203956111798027,-5063802.939075188
2025-01-09 10:00:00,0.018845964218296443,0.2126615816459901,0.14208189915515348,-5131257.450852078
2025-01-09 11:00:00,0.021019941771019103,0.2468608314649518,0.14212427213346418,-5071988.029457921
2025-01-09 12:00:00,0.02176144502914301,0.17258905377117983,0.1421666800311132,-5000548.800900993
2025-01-09 13:00:00,0.021019941771019103,0.204712923512806,0.14220912282628337,-4904422.0622317325
2025-01-09 14:00:00,0.018845964218296443,0.23690949450131765,0.14225160049713953,-5054483.764113351
2025-01-09 15:00:00,0.015387665348525313,0.19405144522693188,0.1422941130218287,-5009613.048165152
2025-01-09 16:00:00,0.010880722514571506,0.1808706937081246,0.14233666037847983,-4948137.99632429
2025-01-09 17:00:00,0.005632276422493797,0.23855121646145233,0.14237924254520404,-5038832.637764627
2025-01-09 18:00:00,2.665008399976107e-18,0.2527113409602925,0.14242185950009453,-5347515.860481896
2025-01-09 19:00:00,0.0,0.24746521258747964,0.14246451122122653,-5321007.905410958
2025-01-09 20:00:00,0.0,0.2720433806456705,0.14250719768665748,-5171797.918052106
2025-01-09 21:00:00,0.0,0.20265151617885452,0.14254991887442692,-5264816.824619882
2025-01-09 22:00:00,0.0,0.21273140963519271,0.1425926747625565,-5771727.28033737
2025-01-09 23:00:00,0.0,0.18947244186184678,0.14263546532905003,-5514349.54791392
2025-01-10 00:00:00,0.0,0.2698982977181469,0.14267829055189346,-5470239.914963004
2025-01-10 01:00:00,0.0,0.27025235492260413,0.14272115040905495,-5788168.376427039
2025-01-10 02:00:00,0.0,0.1954222310751376,0.14276404487848482,-5681112.16450758
2025-01-10 03:00:00,0.0,0.200925292263103,0.14280697393811562,-5448822.982545184
2025-01-10 04:00:00,0.0,0.2311686676216801,0.14284993756586198,-5311831.651165473
2025-01-10 05:00:00,0.0,0.2561512881431279,0.14289293573962095,-5493836.677343597
2025-01-10 06:00:00,0.0,0.21602487510209997,0.1429359684372716,-5449293.369496707
2025-01-10 07:00:00,0.006226559060871986,0.2048748993621177,0.14297903563667544,-5078595.604291705
2025-01-10 08:00:00,0.012028788411620916,0.20487273058669034,0.143022137315676,-4983580.689360394
2025-01-10 09:00:00,0.01701127571063062,0.26680492888260393,0.1430652734520993,-4930879.8568323115
2025-01-10 10:00:00,0.020834472682423163,0.243198953796985,0.14310844402375347,-4840564.73706347
2025-01-10 11:00:00,0.02323783477150261,0.25567486504731524,0.143151649008429,-4889156.015048818
2025-01-10 12:00:00,0.024057576823241833,0.1862621283648763,0.14319488838389866,-4836390.314671707
2025-01-10 13:00:00,0.02323783477150261,0.19089731418083555,0.1432381621279175,-4896427.174066196
2025-01-10 14:00:00,0.020834472682423166,0.26836327510336,0.14328147021822296,-5177992.769369394
2025-01-10 15:00:00,0.017011275710630623,0.26452415222113207,0.14332481263253474,-4613885.264805174
2025-01-10 16:00:00,0.012028788411620916,0.27341971040442614,0.14336818934855494,-4788944.444376939
2025-01-10 17:00:00,0.006226559060871993,0.18118864858448602,0.1434116003439679,-5063288.409023414
2025-01-10 18:00:00,2.9462034451824663e-18,0.18389628526595328,0.1434550455964405,-4948322.6622673
2025-01-10 19:00:00,0.0,0.2693168313202095,0.14349852508362185,-5341704.534097707
2025-01-10 20:00:00,0.0,0.19187364715790867,0.14354203878314348,-5207613.770625826
2025-01-10 21:00:00,0.0,0.19705041000531623,0.1435855866726194,-5484621.070507038
2025-01-10 22:00:00,0.0,0.23657508327588234,0.1436291687296459,-5685706.362786496
2025-01-10 23:00:00,0.0,0.18461827770852976,0.14367278493180183,-5783788.137743187
2025-01-11 00:00:00,0.0,0.27290480478840073,0.14371643525664832,-5685322.561039038
2025-01-11 01:00:00,0.0,0.20788777173601483,0.1437601196817291,-5773730.72885511
2025-01-11 02:00:00,0.0,0.1763408262738599,0.1438038381845703,-5796759.912717268
2025-01-11 03:00:00,0.0,0.216671158545415,0.14384759074268041,-5296194.6830109935
2025-01-11 04:00:00,0.0,0.25481311594573763,0.1438913773335506,-5459755.886381092
2025-01-11 05:00:00,0.0,0.20118497282092557,0.14393519793465434,-5329464.957376243
2025-01-11 06:00:00,0.0,0.2677714229384874,0.14397905252344775,-5283343.4666233165
2025-01-11 07:00:00,0.006849674102954845,0.19381156550984277,0.14402294107736932,-5282219.6094524795
2025-01-11 08:00:00,0.013232554235414981,0.2405475981298884,0.1440668635738403,-5294017.657369479
2025-01-11 09:00:00,0.01871365766456141,0.20094898504126013,0.1441108199902642,-5124820.215068549
2025-01-11 10:00:00,0.02291945624964949,0.21963813226717555,0.14415481030402724,-5131021.812068943
2025-01-11 11:00:00,0.025563331767516257,0.2613989119180771,0.14419883449249818,-5041520.226515118
2025-01-11 12:00:00,0.02646510847082997,0.2713774735429054,0.14424289253302833,-5151263.653977782
2025-01-11 13:00:00,0.025563331767516257,0.25680992607794073,0.14428698440295162,-5122497.395485186
2025-01-11 14:00:00,0.022919456249649493,0.23656580128230323,0.14433111007958455,-4972746.122008871
2025-01-11 15:00:00,0.01871365766456141,0.2288080434935359,0.1443752695402262,-4922507.942962881
2025-01-11 16:00:00,0.013232554235414981,0.26358549879182397,0.1444194627621583,-4768930.5732491175
2025-01-11 17:00:00,0.006849674102954853,0.24165927012837998,0.14446368972264523,-5128975.707822747
2025-01-11 18:00:00,3.2410410377889426e-18,0.2324681808596061,0.144507950398934,-5210587.94339613
2025-01-11 19:00:00,0.0,0.2665307447642919,0.14455224476825423,-5502774.606801805
2025-01-11 20:00:00,0.0,0.2233674784373319,0.14459657280781832,-5552677.881585196
2025-01-11 21:00:00,0.0,0.2777202291657794,0.14464093449482118,-5365747.989000347
2025-01-11 22:00:00,0.0,0.2754053850983018,0.14468532980644058,-5522512.973352084
2025-01-11 23:00:00,0.0,0.2638931898175504,0.14472975871983687,-5495698.279628317
2025-01-12 00:00:00,0.0,0.24911871417998332,0.14477422121215316,-5729728.532010901
2025-01-12 01:00:00,0.0,0.24151442255452338,0.1448187172605153,-5413470.622571353
2025-01-12 02:00:00,0.0,0.2737455533131302,0.14486324684203183,-5481169.834236588
2025-01-12 03:00:00,0.0,0.2408895824778536,0.1449078099337941,-5596281.940991192
2025-01-12 04:00:00,0.0,0.2494229859370914,0.14495240651287616,-5550816.894304198
2025-01-12 05:00:00,0.0,0.1920586686060314,0.1449970365563349,-5345099.529983721
2025-01-12 06:00:00,0.0,0.2842981501069357,0.1450417000412099,-5506775.148290645
2025-01-12 07:00:00,0.00750143690630745,0.27413111537686013,0.1450863969445236,-5174116.6906392425
2025-01-12 08:00:00,0.014491663284160669,0.18454652944286973,0.14513112724328125,-5336504.331798705
2025-01-12 09:00:00,0.02049430675780425,0.2226911983503749,0.14517589091447095,-5370899.949370522
2025-01-12 10:00:00,0.025100297094346743,0.18378606597056302,0.1452206879350635,-5055695.996207512
2025-01-12 11:00:00,0.0279957436641117,0.27271497863958827,0.1452655182820127,-4893439.090410812
2025-01-12 12:00:00,0.028983326568321345,0.24463770855172168,0.1453103819322551,-4884556.538733475
2025-01-12 13:00:00,0.0279957436641117,0.18522390375608003,0.14535527886271016,-4872961.69316528
2025-01-12 14:00:00,0.025100297094346743,0.21718459991786918,0.14540020905028025,-5104186.03221579
2025-01-12 15:00:00,0.020494306757804254,0.2315809424948637,0.14544517247185054,-5081115.873643498
2025-01-12 16:00:00,0.014491663284160669,0.18304785354620925,0.14549016910428914,-5019741.928417155
2025-01-12 17:00:00,0.007501436906307457,0.18666969591533442,0.14553519892444713,-5414998.243474102
2025-01-12 18:00:00,3.549433811053717e-18,0.27495556371497526,0.1455802619091585,-5085465.472209598
2025-01-12 19:00:00,0.0,0.28121715174315237,0.14562535803524007,-5348763.095090427
2025-01-12 20:00:00,0.0,0.21490131156130138,0.14567048727949175,-5273946.25867895
2025-01-12 21:00:00,0.0,0.21477774263111074,0.14571564961869635,-5425573.387448578
2025-01-12 22:00:00,0.0,0.28605125785418206,0.1457608450296196,-5487808.726557841
2025-01-12 23:00:00,0.0,0.18346579819485545,0.1458060734890104,-5293427.66680373
2025-01-13 00:00:00,0.0,0.18591186934493825,0.14585133497360042,-5867363.718621871
2025-01-13 01:00:00,0.0,0.21681587495655244,0.14589662946010445,-5800346.514445862
2025-01-13 02:00:00,0.0,0.22493057983695353,0.14594195692522036,-5382450.711800572
2025-01-13 03:00:00,0.0,0.21761602973143024,0.1459873173456289,-5371781.310990893
2025-01-13 04:00:00,0.0,0.19142312397378272,0.146032710697994,-5779289.575214978
2025-01-13 05:00:00,0.0,0.2243012575535668,0.14607813695896263,-5259614.854277212
2025-01-13 06:00:00,0.0,0.2677650801392787,0.14612359610516473,-5643459.865618492
2025-01-13 07:00:00,0.008181654339544993,0.21934755026089828,0.14616908811321347,-5320699.5817154655
2025-01-13 08:00:00,0.015805742456673075,0.20992627744702658,0.14621461295970498,-4863512.059372938
2025-01-13 09:00:00,0.02235269534560331,0.26165553127164093,0.14626017062121857,-4702611.448120378
2025-01-13 10:00:00,0.027376348986306295,0.2436759556829606,0.14630576107431667,-4884022.811522011
2025-01-13 11:00:00,0.030534349685148305,0.28522464433422623,0.14635138429554478,-5036266.082836571
2025-01-13 12:00:00,0.03161148491334616,0.22974650690578252,0.14639704026143163,-4913968.530466906
2025-01-13 13:00:00,0.030534349685148305,0.2514681163917037,0.14644272894848906,-4813405.075849748
2025-01-13 14:00:00,0.0273763489863063,0.20406783210286797,0.14648845033321203,-4848051.704625089
2025-01-13 15:00:00,0.022352695345603312,0.24445054068887884,0.14653420439207873,-4819705.288853131
2025-01-13 16:00:00,0.015805742456673075,0.27776800523750117,0.14657999110155057,-5081526.53554877
2025-01-13 17:00:00,0.008181654339545002,0.21855073934995375,0.14662581043807207,-5234185.396197139
2025-01-13 18:00:00,3.871290381542422e-18,0.2138091039545975,0.14667166237807108,-5445778.320334576
2025-01-13 19:00:00,0.0,0.28374352609644093,0.1467175468979586,-5197987.873731279
2025-01-13 20:00:00,0.0,0.2529454224776756,0.14676346397412884,-5520582.841526254
2025-01-13 21:00:00,0.0,0.1858907524946862,0.14680941358295935,-5363300.896550725
2025-01-13 22:00:00,0.0,0.218185389561507,0.14685539570081094,-5597375.16283292
2025-01-13 23:00:00,0.0,0.2838344694558989,0.14690141030402754,-5531792.818396697
2025-01-14 00:00:00,0.0,0.2211749164693473,0.14694745736893658,-5446843.919089802
2025-01-14 01:00:00,0.0,0.2573648995440055,0.14699353687184866,-5505601.094845936
2025-01-14 02:00:00,0.0,0.21705349239628546,0.1470396487890577,-5440995.417491762
2025-01-14 03:00:00,0.0,0.24777521065638286,0.14708579309684103,-5484130.785101749
2025-01-14 04:00:00,0.0,0.2304477185283076,0.14713196977145923,-5262976.155553598
2025-01-14 05:00:00,0.0,0.2519601895559749,0.1471781787891562,-5422549.912609163
2025-01-14 06:00:00,0.0,0.19301293353266963,0.14722442012615936,-5261672.494484157
2025-01-14 07:00:00,0.008890124839561725,0.27735469144256464,0.1472706937586793,-5009304.765667175
2025-01-14 08:00:00,0.017174402362933258,0.25078873470678376,0.14731699966291012,-5127356.261468099
2025-01-14 09:00:00,0.02428827274731275,0.22124331862118532,0.14736333781502933,-5299495.91807331
2025-01-14 10:00:00,0.02974693748223139,0.19274588534982787,0.14740970819119775,-4951476.457025617
2025-01-14 11:00:00,0.03317839758687448,0.22460452148009383,0.14745611076755974,-5341294.724228753
2025-01-14 12:00:00,0.03434880472586652,0.24931493708504143,0.14750254552024303,-4781269.368009221
2025-01-14 13:00:00,0.03317839758687448,0.2657929582937927,0.14754901242535876,-4678746.977321737
2025-01-14 14:00:00,0.02974693748223139,0.2647254311945217,0.14759551145900157,-5048639.463676523
2025-01-14 15:00:00,0.024288272747312753,0.21805218533291335,0.14764204259724964,-4835192.469812626
2025-01-14 16:00:00,0.017174402362933258,0.19949648641518455,0.1476886058161645,-4819944.889367014
2025-01-14 17:00:00,0.008890124839561735,0.2700441713673998,0.14773520109179125,-4995738.578268955
2025-01-14 18:00:00,4.206515376206992e-18,0.27980406821600656,0.14778182840015855,-5153233.886126867
2025-01-14 19:00:00,0.0,0.2896198747679594,0.14782848771727844,-5137035.174372853
2025-01-14 20:00:00,0.0,0.20924720089618018,0.14787517901914662,-5382900.416627795
2025-01-14 21:00:00,0.0,0.19103862266021737,0.14792190228174232,-5333494.510169009
2025-01-14 22:00:00,0.0,0.2962936572358029,0.14796865748102822,-5520310.682081557
2025-01-14 23:00:00,0.0,0.2918189054820617,0.14801544459295068,-5850187.868279773
2025-01-15 00:00:00,0.0,0.2230560235346664,0.14806226359343963,-5984638.430840311
2025-01-15 01:00:00,0.0,0.27703765828203814,0.14810911445840855,-5493369.844369294
2025-01-15 02:00:00,0.0,0.25628357356769804,0.14815599716375458,-5662283.051064853
2025-01-15 03:00:00,0.0,0.27967943717441024,0.14820291168535837,-5361978.888778862
2025-01-15 04:00:00,0.0,0.2834356008968873,0.14824985799908436,-5451715.864709699
2025-01-15 05:00:00,0.0,0.2464588318137373,0.14829683608078054,-5281184.382035233
2025-01-15 06:00:00,0.0,0.28764528784942456,0.14834384590627855,-5580328.964381525
2025-01-15 07:00:00,0.009626638471258404,0.2590175661790996,0.14839088745139375,-5359453.484697005
2025-01-15 08:00:00,0.01859723743947281,0.2970666694641686,0.14843796069192508,-5063682.2784022195
2025-01-15 09:00:00,0.026300465409575143,0.2001920859504517,0.14848506560365538,-4935814.941149436
2025-01-15 10:00:00,0.03221136012558905,0.19811844971730758,0.14853220216235097,-5015940.319739099
2025-01-15 11:00:00,0.035927103880833554,0.23482855092218513,0.14857937034376198,-5068715.787008236
2025-01-15 12:00:00,0.03719447487894563,0.2738902421614365,0.1486265701236223,-4897474.968575053
2025-01-15 13:00:00,0.035927103880833554,0.2346678923898377,0.1486738014776495,-4331055.984470868
2025-01-15 14:00:00,0.032211360125589054,0.24915971351791805,0.148721064381545,-4764918.794225446
2025-01-15 15:00:00,0.026300465409575147,0.19107208840192852,0.1487683588109939,-4799515.59853452
2025-01-15 16:00:00,0.01859723743947281,0.28153895971721316,0.14881568474166512,-5081408.253889115
2025-01-15 17:00:00,0.009626638471258414,0.288314041676788,0.14886304214921137,-4725713.3557052715
2025-01-15 18:00:00,4.55500946064674e-18,0.20375682635706518,0.14891043100926915,-4744023.6555742165
2025-01-15 19:00:00,0.0,0.2908757913140222,0.1489578512974588,-5490914.49749255
2025-01-15 20:00:00,0.0,0.26322321689555217,0.14900530298938452,-5150838.378414351
2025-01-15 21:00:00,0.0,0.2401263013590032,0.14905278606063427,-5545710.353119121
2025-01-15 22:00:00,0.0,0.2616840090912511,0.1491003004867799,-5149188.814136585
2025-01-15 23:00:00,0.0,0.2673775623455015,0.14914784624337724,-5628104.953328951
2025-01-16 00:00:00,0.0,0.21612391193674188,0.1491954233059658,-5800059.820072871
2025-01-16 01:00:00,0.0,0.21013997980602814,0.14924303165006914,-5694745.321466516
2025-01-16 02:00:00,0.0,0.20938547101715274,0.14929067125119466,-5803617.822163177
2025-01-16 03:00:00,0.0,0.2641332333742657,0.1493383420848337,-5506935.870108007
2025-01-16 04:00:00,0.0,0.27502585051192624,0.1493860441264616,-5574707.147156044
2025-01-16 05:00:00,0.0,0.2095650597937728,0.14943377735153746,-5474954.347917236
2025-01-16 06:00:00,0.0,0.27138666559393043,0.14948154173550451,-5505337.925771177
2025-01-16 07:00:00,0.010390976989750736,0.22014166285648576,0.14952933725378986,-5269752.313646028
2025-01-16 08:00:00,0.020073826069551347,0.21178705123995645,0.1495771638818047,-4850655.167681919
2025-01-16 09:00:00,0.028388677076278113,0.20058594095745513,0.14962502159494406,-5235350.335002171
2025-01-16 10:00:00,0.034768886654763596,0.2508053861255726,0.14967291036858715,-4972799.668929571
2025-01-16 11:00:00,0.03877965406602885,0.216202068924993,0.14972083017809706,-4746326.677988487
2025-01-16 12:00:00,0.0401476521391027,0.22908904021247609,0.149768780998821,-4773267.349860265
2025-01-16 13:00:00,0.03877965406602885,0.19433475799043196,0.1498167628060902,-5004540.809887312
2025-01-16 14:00:00,0.034768886654763596,0.2838795042735401,0.1498647755752199,-4912849.988883997
2025-01-16 15:00:00,0.02838867707627812,0.19530234633989427,0.1499128192815095,-5240088.319003918
2025-01-16 16:00:00,0.020073826069551347,0.22503680481094032,0.14996089390024245,-4840368.6726987725
2025-01-16 17:00:00,0.010390976989750746,0.2804221139815795,0.15000899940668624,-5037483.3722555535
2025-01-16 18:00:00,4.916669368543351e-18,0.22839928001101695,0.15005713577609261,-4859944.153637226
2025-01-16 19:00:00,0.0,0.30305702191325384,0.1501053029836972,-5318566.748682977
2025-01-16 20:00:00,0.0,0.27528320691879893,0.15015350100472,-5321242.080377531
2025-01-16 21:00:00,0.0,0.26562409851149726,0.15020172981436505,-5174847.111811617
2025-01-16 22:00:00,0.0,0.232874800895418,0.15024998938782053,-5570567.3617415605
2025-01-16 23:00:00,0.0,0.24107735489424992,0.15029827970025886,-5646403.5370253865
2025-01-17 00:00:00,0.0,0.19267932021831166,0.15034660072683664,-5513911.2693897085
2025-01-17 01:00:00,0.0,0.22412296027090936,0.15039495244269455,-5477327.715883373
2025-01-17 02:00:00,0.0,0.20297684209207617,0.15044333482295766,-5562269.436256884
2025-01-17 03:00:00,0.0,0.2849538091422105,0.15049174784273514,-5391256.173010846
2025-01-17 04:00:00,0.0,0.23630770189497585,0.15054019147712042,-5293628.862674026
2025-01-17 05:00:00,0.0,0.22668933461735288,0.15058866570119125,-5435495.0062651755
2025-01-17 06:00:00,0.0,0.21859619390019192,0.15063717049000952,-5444439.076203268
2025-01-17 07:00:00,0.01118291390503987,0.2812203085463184,0.1506857058186215,-5425679.1265552305
2025-01-17 08:00:00,0.021603730708090296,0.22201276732935277,0.1507342716620577,-5140648.46549356
2025-01-17 09:00:00,0.0305522889652374,0.2622663262758098,0.15078286799533294,-5061227.086539772
2025-01-17 10:00:00,0.03741875921944835,0.21539411089707786,0.15083149479344635,-4968897.062738196
2025-01-17 11:00:00,0.04173520287027728,0.28718759427903945,0.15088015203138144,-4992958.759562762
2025-01-17 12:00:00,0.04320746141618059,0.23641344497192873,0.15092883968410595,-4589294.565447926
2025-01-17 13:00:00,0.04173520287027728,0.21697884529694048,0.15097755772657206,-4787118.6364107765
2025-01-17 14:00:00,0.03741875921944836,0.26130444819055854,0.15102630613371634,-4853809.316974228
2025-01-17 15:00:00,0.030552288965237408,0.2016898507236186,0.15107508488045956,-5155258.687806612
2025-01-17 16:00:00,0.021603730708090296,0.2998317271932366,0.1511238939417072,-5022373.958388943
2025-01-17 17:00:00,0.011182913905039883,0.20117087685673235,0.1511727332923488,-5181710.186457814
2025-01-17 18:00:00,5.291387932260833e-18,0.24524548993703627,0.15122160290725853,-4893656.532080635
2025-01-17 19:00:00,0.0,0.24493659582189564,0.15127050276129494,-5539199.183782885
2025-01-17 20:00:00,0.0,0.28241975505925965,0.15131943282930102,-5548518.459513894
2025-01-17 21:00:00,0.0,0.22223981453525118,0.1513683930861042,-5237061.966939232
2025-01-17 22:00:00,0.0,0.20289078183868967,0.1514173835065164,-5501111.838494787
2025-01-17 23:00:00,0.0,0.2838025316598849,0.151466404065334,-5737460.14478482
2025-01-18 00:00:00,0.0,0.2871938875752068,0.1515154547373379,-5294268.253918064
2025-01-18 01:00:00,0.0,0.30338618440925696,0.1515645354972935,-5612417.975488977
2025-01-18 02:00:00,0.0,0.1975047743681871,0.15161364631995072,-5859758.555104429
2025-01-18 03:00:00,0.0,0.22762188683387713,0.15166278718004403,-5301441.474330341
2025-01-18 04:00:00,0.0,0.24496661360700067,0.1517119580522924,-5649800.30666199
2025-01-18 05:00:00,0.0,0.26555610045198697,0.15176115891139938,-5342034.341471938
2025-01-18 06:00:00,0.0,0.2357929182123471,0.15181038973205316,-5254378.631755178
2025-01-18 07:00:00,0.012002214549126448,0.23289962825079127,0.15185965048892638,-5200922.763932393
2025-01-18 08:00:00,0.023186498011327283,0.24026850474084444,0.15190894115667644,-5098806.304309628
2025-01-18 09:00:00,0.03279065995155584,0.3095399805263622,0.15195826170994517,-5163359.642045776
2025-01-18 10:00:00,0.040160192605213585,0.28139036230879794,0.15200761212335923,-5191266.355126722
2025-01-18 11:00:00,0.04479287450068229,0.30277456105178596,0.15205699237152973,-4736735.816936879
2025-01-18 12:00:00,0.04637299602265457,0.26219018479402606,0.15210640242905255,-4839860.020722534
2025-01-18 13:00:00,0.04479287450068229,0.2938591170357465,0.15215584227050818,-4791441.7926484505
2025-01-18 14:00:00,0.04016019260521359,0.3063607972063177,0.15220531187046185,-5037164.014250454
2025-01-18 15:00:00,0.03279065995155585,0.2033554108054596,0.1522548112034634,-5173951.064556585
2025-01-18 16:00:00,0.023186498011327283,0.20702714672690933,0.15230434024404743,-4819078.203844506
2025-01-18 17:00:00,0.01200221454912646,0.20045419606021156,0.15235389896673318,-5079532.206887609
2025-01-18 18:00:00,5.6790541146016865e-18,0.30328881552079806,0.15240348734602474,-5213975.467521118
2025-01-18 19:00:00,0.0,0.20377814655197332,0.15245310535641088,-5468911.213594153
2025-01-18 20:00:00,0.0,0.2944464090337776,0.1525027529723651,-5286711.485284759
2025-01-18 21:00:00,0.0,0.24146733606075402,0.15255243016834566,-5402600.035332571
2025-01-18 22:00:00,0.0,0.211416399681345,0.15260213691879568,-5437066.01392987
2025-01-18 23:00:00,0.0,0.29406838253931583,0.15265187319814302,-5678021.333709078
2025-01-19 00:00:00,0.0,0.3127607375291831,0.15270163898080039,-5609542.712095379
2025-01-19 01:00:00,0.0,0.24323338060655095,0.15275143424116522,-5388386.439844276
2025-01-19 02:00:00,0.0,0.2501231269919049,0.1528012589536199,-5560302.277353869
2025-01-19 03:00:00,0.0,0.23765232104559994,0.15285111309253166,-5587663.870827048
2025-01-19 04:00:00,0.0,0.24881496077195253,0.15290099663225243,-5263013.119438903
2025-01-19 05:00:00,0.0,0.3120397298998824,0.15295090954711923,-5368127.593721436
2025-01-19 06:00:00,0.0,0.22267704729300414,0.15300085181145384,-5209677.581158604
2025-01-19 07:00:00,0.01284863614554766,0.286302730521462,0.1530508233995629,-5538722.660965509
2025-01-19 08:00:00,0.024821658971151427,0.2165010800738121,0.15310082428573812,-5135159.620062152
2025-01-19 09:00:00,0.03510312675760215,0.20142117180550045,0.15315085444425605,-4798482.750988396
2025-01-19 10:00:00,0.0429923744661821,0.30156472310938726,0.15320091384937815,-5041835.125270563
2025-01-19 11:00:00,0.047951762903149814,0.22138121508570482,0.15325100247535084,-5107961.062225913
2025-01-19 12:00:00,0.04964331794230286,0.21332023146481682,0.15330112029640558,-4782496.901433747
2025-01-19 13:00:00,0.047951762903149814,0.21101251354725717,0.15335126728675877,-4963848.098956507
2025-01-19 14:00:00,0.04299237446618211,0.2788490492838969,0.1534014434206117,-4550505.779303163
2025-01-19 15:00:00,0.03510312675760215,0.2951365658035223,0.1534516486721509,-4550336.2715748055
2025-01-19 16:00:00,0.024821658971151427,0.26460307652474546,0.15350188301554765,-4834449.675645351
2025-01-19 17:00:00,0.012848636145547675,0.2960922397971584,0.1535521464249585,-5027294.498206344
2025-01-19 18:00:00,6.079553041709556e-18,0.2570205395106266,0.1536024388745249,-5138604.431123901
2025-01-19 19:00:00,0.0,0.3006861285207271,0.1536527603383734,-5142193.448042626
2025-01-19 20:00:00,0.0,0.2737349439643528,0.15370311079061566,-5880146.539089981
2025-01-19 21:00:00,0.0,0.19813702570301228,0.15375349020534831,-5086420.402296465
2025-01-19 22:00:00,0.0,0.3043722445191375,0.15380389855665327,-5476517.14549376
2025-01-19 23:00:00,0.0,0.25175713887570206,0.1538543358185974,-5761555.373494028
2025-01-20 00:00:00,0.0,0.21514397971901622,0.15390480196523273,-5779026.031963631
2025-01-20 01:00:00,0.0,0.2784271367213215,0.1539552969705965,-5357754.627811731
2025-01-20 02:00:00,0.0,0.2966708751081845,0.15400582080871109,-5577899.244799693
2025-01-20 03:00:00,0.0,0.27637815628805595,0.15405637345358392,-5433821.435192942
2025-01-20 04:00:00,0.0,0.23655753196544263,0.15410695487920775,-5689881.391812597
2025-01-20 05:00:00,0.0,0.25201837178111874,0.15415756505956046,-5304323.12900301
2025-01-20 06:00:00,0.0,0.2007941804908966,0.1542082039686051,-5471298.7187638115
2025-01-20 07:00:00,0.013721927881317198,0.29482823552017035,0.15425887158029006,-5347805.130307819
2025-01-20 08:00:00,0.026508729054080634,0.2052325164554703,0.15430956786854877,-5246603.053826491
2025-01-20 09:00:00,0.03748900414955454,0.21478745343272826,0.15436029280730015,-4986539.696766648
2025-01-20 10:00:00,0.04591446556574493,0.30304978031742574,0.15441104637044817,-4803854.404348867
2025-01-20 11:00:00,0.05121093203087175,0.23781804548546595,0.1544618285318822,-5078993.672104855
2025-01-20 12:00:00,0.053017458108161275,0.2850688058761127,0.15451263926547684,-4914531.227229991
2025-01-20 13:00:00,0.05121093203087175,0.3113791914487369,0.154563478545092,-4765341.195538602
2025-01-20 14:00:00,0.04591446556574494,0.2976002550503546,0.15461434634457294,-5063392.889790522
2025-01-20 15:00:00,0.03748900414955455,0.20617139192745176,0.15466524263775017,-4897704.188761896
2025-01-20 16:00:00,0.026508729054080634,0.2972981103788372,0.15471616739843963,-4880954.430469336
2025-01-20 17:00:00,0.013721927881317212,0.3093960812869349,0.15476712060044254,-5344559.644945587
2025-01-20 18:00:00,6.492766037108859e-18,0.26968300884651075,0.15481810221754558,-4959144.389318081
2025-01-20 19:00:00,0.0,0.265363464371376,0.1548691122235207,-5136685.20825667
2025-01-20 20:00:00,0.0,0.23051687284285602,0.15492015059212533,-5193865.5661853645
2025-01-20 21:00:00,0.0,0.21640856860468644,0.15497121729710223,-5206267.769753001
2025-01-20 22:00:00,0.0,0.2937337105104221,0.1550223123121797,-5405168.700929079
2025-01-20 23:00:00,0.0,0.20392468303200906,0.15507343561107137,-5184830.703880158
2025-01-21 00:00:00,0.0,0.22920172333183425,0.15512458716747632,-5548916.059284929
2025-01-21 01:00:00,0.0,0.24519182051326782,0.1551757669550792,-5426359.930082611
2025-01-21 02:00:00,0.0,0.20526427130174832,0.15522697494754997,-5299741.785321662
2025-01-21 03:00:00,0.0,0.3119762923297413,0.15527821111854428,-5656616.197585082
2025-01-21 04:00:00,0.0,0.2207200165429232,0.15532947544170309,-5453918.145772732
2025-01-21 05:00:00,0.0,0.2368127973134324,0.155380767890653,-5295390.703201109
2025-01-21 06:00:00,0.0,0.23848633985674392,0.15543208843900605,-5226513.126347311
2025-01-21 07:00:00,0.014621830981246593,0.21825650125790014,0.15548343706035997,-5264224.243195325
2025-01-21 08:00:00,0.02824720834483942,0.29288621246878654,0.15553481372829794,-5000035.0932982
2025-01-21 09:00:00,0.03994758514045038,0.2296612332243983,0.15558621841638867,-4848746.01394881
2025-01-21 10:00:00,0.04892560002524546,0.21353835211734057,0.15563765109818653,-5006792.704155321
2025-01-21 11:00:00,0.05456941612169698,0.28154742778371666,0.15568911174723146,-4942303.045386754
2025-01-21 12:00:00,0.056494416689678854,0.2523060529306786,0.15574060033704903,-4801745.959855054
2025-01-21 13:00:00,0.05456941612169698,0.30908126767934396,0.15579211684115046,-5105953.856354958
2025-01-21 14:00:00,0.04892560002524546,0.2172485646615328,0.15584366123303253,-4673980.777429323
2025-01-21 15:00:00,0.03994758514045039,0.30568489943289656,0.15589523348617776,-4644551.961732888
2025-01-21 16:00:00,0.02824720834483942,0.30295588582651617,0.15594683357405426,-5504369.044916777
2025-01-21 17:00:00,0.014621830981246607,0.28298464371646553,0.15599846147011587,-4942905.681064433
2025-01-21 18:00:00,6.918570656871202e-18,0.21192742231386302,0.15605011714780212,-5248659.541429208
2025-01-21 19:00:00,0.0,0.23494371832021865,0.15610180058053819,-5131693.898159757
2025-01-21 20:00:00,0.0,0.25853338915562796,0.15615351174173506,-5177805.720323002
2025-01-21 21:00:00,0.0,0.25963617863380445,0.15620525060478943,-5430022.6798961125
2025-01-21 22:00:00,0.0,0.23926670223127772,0.15625701714308374,-5515106.403468946
2025-01-21 23:00:00,0.0,0.2804457306183153,0.15630881132998614,-5340378.211882465
2025-01-22 00:00:00,0.0,0.31802426422978247,0.1563606331388506,-5712583.667286797
2025-01-22 01:00:00,0.0,0.2964665991051225,0.1564124825430169,-5808964.761140321
2025-01-22 02:00:00,0.0,0.29636625755603313,0.15646435951581064,-5388246.759388455
2025-01-22 03:00:00,0.0,0.23723825926609982,0.1565162640305431,-5637229.50523228
2025-01-22 04:00:00,0.0,0.25443450773685145,0.1565681960605116,-5374248.291119715
2025-01-22 05:00:00,0.0,0.3109657198933402,0.15662015557899908,-5445059.633567698
2025-01-22 06:00:00,0.0,0.23455767837218877,0.15667214255927456,-5339061.058277727
2025-01-22 07:00:00,0.015548078784625809,0.24477815155430072,0.15672415697459277,-5444902.718406682
2025-01-22 08:00:00,0.03003658169449443,0.20781025251812538,0.1567761987981944,-4936503.452211044
2025-01-22 09:00:00,0.04247814119968147,0.26593856732864224,0.156828268003306,-4759864.272349528
2025-01-22 10:00:00,0.05202488558055765,0.2937767986079495,0.15688036456314006,-5020842.734737591
2025-01-22 11:00:00,0.058026219984307285,0.2096841751570086,0.15693248845089497,-5223225.906451075
2025-01-22 12:00:00,0.060073163388988875,0.27092610882080176,0.15698463963975515,-4646813.987695543
2025-01-22 13:00:00,0.058026219984307285,0.27801321211738644,0.15703681810289083,-4599599.380034487
2025-01-22 14:00:00,0.05202488558055765,0.21986561721404382,0.15708902381345835,-5028369.516326797
2025-01-22 15:00:00,0.04247814119968148,0.21516925313025775,0.1571412567445999,-4978640.4634662215
2025-01-22 16:00:00,0.03003658169449443,0.25314608629885343,0.1571935168694438,-4984270.790122336
2025-01-22 17:00:00,0.015548078784625824,0.2436858435067203,0.15724580416110423,-5436938.439437574
2025-01-22 18:00:00,7.356840725898118e-18,0.24959746090760968,0.15729811859268156,-5321405.5407253895
2025-01-22 19:00:00,0.0,0.2440207960653823,0.1573504601372621,-5041768.16976997
2025-01-22 20:00:00,0.0,0.22279242368502025,0.15740282876791814,-5099844.819123801
2025-01-22 21:00:00,0.0,0.29493116158388744,0.15745522445770824,-5403246.548889515
2025-01-22 22:00:00,0.0,0.2062247670145305,0.15750764717967683,-5283914.255798173
2025-01-22 23:00:00,0.0,0.2767548280069404,0.15756009690685457,-5484707.314125139
2025-01-23 00:00:00,0.0,0.30444859005557384,0.1576125736122582,-5603089.130650821
2025-01-23 01:00:00,0.0,0.31541610049721064,0.15766507726889048,-5498515.562601894
2025-01-23 02:00:00,0.0,0.24523526830337858,0.15771760784974045,-5643583.89542009
2025-01-23 03:00:00,0.0,0.3259210209476277,0.15777016532778323,-5348010.685218011
2025-01-23 04:00:00,0.0,0.2607105805561496,0.15782274967598012,-5687942.673433104
2025-01-23 05:00:00,0.0,0.2567775920865572,0.15787536086727852,-5375147.842726261
2025-01-23 06:00:00,0.0,0.23927842629843868,0.15792799887461215,-5452153.92080246
2025-01-23 07:00:00,0.01650039682424066,0.2526219728490832,0.15798066367090083,-5017209.404435752
2025-01-23 08:00:00,0.03187631887310435,0.22074299219702662,0.15803335522905063,-5085826.840546085
2025-01-23 09:00:00,0.045079922468873636,0.298111132763925,0.1580860735219539,-5001425.207046075
2025-01-23 10:00:00,0.055211403846483445,0.2586408422536885,0.15813881852248915,-4900329.776343601
2025-01-23 11:00:00,0.061580319293114305,0.24617658579442434,0.15819159020352122,-5057173.703874403
2025-01-23 12:00:00,0.06375263774620872,0.32091173941703255,0.15824438853790115,-4978928.083449214
2025-01-23 13:00:00,0.061580319293114305,0.25658314604539095,0.1582972134984664,-4870526.333783287
2025-01-23 14:00:00,0.05521140384648346,0.24214048748281564,0.15835006505804058,-4894324.817851993
2025-01-23 15:00:00,0.04507992246887364,0.3062262270212273,0.1584029431894337,-4968672.534352774
2025-01-23 16:00:00,0.03187631887310435,0.23660498099966068,0.15845584786544212,-5066780.030705325
2025-01-23 17:00:00,0.01650039682424068,0.3203295351262944,0.15850877905884844,-5257545.428561219
2025-01-23 18:00:00,7.807446375309524e-18,0.21888155209124652,0.15856173674242177,-4890094.126179596
2025-01-23 19:00:00,0.0,0.25878831716293865,0.1586147208889174,-4887811.5453693075
2025-01-23 20:00:00,0.0,0.3191439220985896,0.15866773147107718,-5292643.374028388
2025-01-23 21:00:00,0.0,0.2816373866408344,0.1587207684616293,-5490318.650025925
2025-01-23 22:00:00,0.0,0.23819227313828534,0.15877383183328836,-5382126.046857297
2025-01-23 23:00:00,0.0,0.2577344011589845,0.1588269215587553,-5811642.175049842
2025-01-24 00:00:00,0.0,0.26256671973273205,0.1588800376107177,-5429651.020835748
2025-01-24 01:00:00,0.0,0.2669672253985601,0.1589331799618494,-5749339.5609834725
2025-01-24 02:00:00,0.0,0.30586575106880604,0.15898634858481087,-5510954.713705506
2025-01-24 03:00:00,0.0,0.3046399840508484,0.15903954345224894,-5428682.100927505
2025-01-24 04:00:00,0.0,0.2963947756413624,0.15909276453679694,-5437726.255524872
2025-01-24 05:00:00,0.0,0.253455704677283,0.15914601181107485,-5224054.749505461
2025-01-24 06:00:00,0.0,0.30621010893585104,0.159199285247689,-5939375.721263837
2025-01-24 07:00:00,0.017478502907703312,0.24639552131785644,0.15925258481923243,-5228606.836676875
2025-01-24 08:00:00,0.0337658747268384,0.22194998330507457,0.15930591049828458,-5370872.897160177
2025-01-24 09:00:00,0.0477521579840858,0.2656344227261388,0.15935926225741154,-5144479.272509709
2025-01-24 10:00:00,0.05848421058889001,0.2565221440877796,0.159412640069166,-4700445.932077651
2025-01-24 11:00:00,0.06523066089178912,0.24505277273778214,0.15946604390608718,-5055550.5625046
2025-01-24 12:00:00,0.06753174945367682,0.22809726746825754,0.159519473740701,-4990656.568506479
2025-01-24 13:00:00,0.06523066089178912,0.277877803545901,0.1595729295455199,-5044419.766983381
2025-01-24 14:00:00,0.05848421058889001,0.27376893525016144,0.15962641129304303,-4992091.312269315
2025-01-24 15:00:00,0.0477521579840858,0.2647257441326984,0.1596799189557562,-4952874.443498734
2025-01-24 16:00:00,0.0337658747268384,0.25556653646516886,0.15973345250613183,-4682745.403801933
2025-01-24 17:00:00,0.01747850290770333,0.29701735203415774,0.1597870119166291,-4783354.283200498
2025-01-24 18:00:00,8.270254080926632e-18,0.27455535412864857,0.15984059715969381,-5143996.168284615
2025-01-24 19:00:00,0.0,0.32851682119811354,0.1598942082077585,-5271065.178291009
2025-01-24 20:00:00,0.0,0.2568643491222296,0.15994784503324247,-5329847.134667488
2025-01-24 21:00:00,0.0,0.27797368203129924,0.16000150760855167,-5287618.67976959
2025-01-24 22:00:00,0.0,0.30759057792589434,0.16005519590607892,-5496287.978315361
2025-01-24 23:00:00,0.0,0.2840500541812036,0.16010890989820367,-5642787.981650163
2025-01-25 00:00:00,0.0,0.31231398144099887,0.1601626495572923,-5784298.40703323
2025-01-25 01:00:00,0.0,0.26969109296393384,0.1602164148556979,-5535682.56838347
2025-01-25 02:00:00,0.0,0.31001210989683065,0.16027020576576037,-5593650.400192504
2025-01-25 03:00:00,0.0,0.22832531245836624,0.1603240222598064,-5507599.992765689
2025-01-25 04:00:00,0.0,0.24391240368151337,0.16037786431014964,-5614774.7459687935
2025-01-25 05:00:00,0.0,0.26959355370659915,0.1604317318890905,-5418261.784983897
2025-01-25 06:00:00,0.0,0.23230613951561366,0.16048562496891622,-5156421.731662263
2025-01-25 07:00:00,0.018482107201071966,0.2316409314289828,0.160539543521901,-5301058.330126944
2025-01-25 08:00:00,0.035704689339517155,0.3266550311393116,0.16059348752030592,-5394138.5102913845
2025-01-25 09:00:00,0.05049405590426323,0.27148234083922756,0.16064745693637897,-4929895.769030165
2025-01-25 10:00:00,0.06184233600450659,0.2863995476147667,0.16070145174235498,-4708277.153010713
2025-01-25 11:00:00,0.0689761631053352,0.27321586718695506,0.1607554719104559,-4540932.377228293
2025-01-25 12:00:00,0.07140937867903432,0.27638774796018245,0.16080951741289043,-5058178.64373549
2025-01-25 13:00:00,0.0689761631053352,0.27600610283689875,0.16086358822185437,-4896400.540780382
2025-01-25 14:00:00,0.06184233600450659,0.266233231685374,0.16091768430953043,-4996892.190181524
2025-01-25 15:00:00,0.05049405590426324,0.2627556700951066,0.1609718056480884,-4908742.199901894
2025-01-25 16:00:00,0.035704689339517155,0.215261279825567,0.16102595220968494,-4867050.20308075
2025-01-25 17:00:00,0.018482107201071987,0.22235412549117856,0.16108012396646387,-5127265.7584733395
2025-01-25 18:00:00,8.745126702838063e-18,0.2856837429847741,0.16113432089055602,-5089852.162577749
2025-01-25 19:00:00,0.0,0.2580489327643911,0.16118854295407917,-5264504.9462478915
2025-01-25 20:00:00,0.0,0.2222393621361913,0.16124279012913836,-5383166.251078058
2025-01-25 21:00:00,0.0,0.26606022545623736,0.16129706238782546,-5299431.806236909
2025-01-25 22:00:00,0.0,0.28704278542922945,0.16135135970221967,-5679737.97982036
2025-01-25 23:00:00,0.0,0.25735605190569455,0.16140568204438713,-5539563.626359779
2025-01-26 00:00:00,0.0,0.22788468473018172,0.16146002938638124,-5198401.928311499
2025-01-26 01:00:00,0.0,0.32168190481820524,0.16151440170024242,-5457156.652069415
2025-01-26 02:00:00,0.0,0.25307444794603684,0.16156879895799833,-5435250.221055121
2025-01-26 03:00:00,0.0,0.2860804109762328,0.16162322113166375,-5234101.695133756
2025-01-26 04:00:00,0.0,0.2522660758588842,0.16167766819324067,-5583158.954440705
2025-01-26 05:00:00,0.0,0.3209690957788788,0.16173214011471823,-5328088.499051496
2025-01-26 06:00:00,0.0,0.2914119038411911,0.16178663686807285,-5188531.678343972
2025-01-26 07:00:00,0.019510912314734934,0.32331172435259553,0.1618411584252681,-5603559.168228335
2025-01-26 08:00:00,0.03769218819852779,0.3135273116835239,0.16189570475825488,-5323904.639986559
2025-01-26 09:00:00,0.05330480374587713,0.31124415680509593,0.1619502758389712,-4911274.066305749
2025-01-26 10:00:00,0.06528478500829818,0.2949669478750311,0.16200487163934255,-5042287.334748057
2025-01-26 11:00:00,0.07281571606061207,0.238793342447574,0.16205949213128149,-4814897.897925987
2025-01-26 12:00:00,0.0753843763970556,0.32037272698408037,0.16211413728668797,-4816596.261489431
2025-01-26 13:00:00,0.07281571606061207,0.21683859978239206,0.16216880707744932,-4705282.552878408
2025-01-26 14:00:00,0.0652847850082982,0.28463747635049674,0.16222350147544004,-5089496.966780129
2025-01-26 15:00:00,0.05330480374587714,0.3321007885903662,0.16227822045252213,-4896978.951544859
2025-01-26 16:00:00,0.03769218819852779,0.29911259623028014,0.16233296398054484,-5090934.977345407
2025-01-26 17:00:00,0.019510912314734955,0.30073791595750504,0.16238773203134482,-5085421.394206457
2025-01-26 18:00:00,9.231923526037343e-18,0.3323746034394958,0.16244252457674607,-4998944.782177664
2025-01-26 19:00:00,0.0,0.24996518155889053,0.16249734158856013,-5452714.461005416
2025-01-26 20:00:00,0.0,0.2751553681566298,0.16255218303858573,-5387755.432940289
2025-01-26 21:00:00,0.0,0.2153439039298774,0.16260704889860922,-5394939.874567703
2025-01-26 22:00:00,0.0,0.27300817191986476,0.16266193914040428,-5583309.9956291085
2025-01-26 23:00:00,0.0,0.27316159545433516,0.1627168537357321,-5783804.956531263
2025-01-27 00:00:00,0.0,0.22128833077192234,0.1627717926563413,-5793429.924634489
2025-01-27 01:00:00,0.0,0.33532637604967547,0.16282675587396803,-5733095.100945187
2025-01-27 02:00:00,0.0,0.28727610932088793,0.16288174336033592,-5659185.336707751
2025-01-27 03:00:00,0.0,0.28943625800543626,0.16293675508715613,-5499931.251511876
2025-01-27 04:00:00,0.0,0.28295918903542333,0.16299179102612735,-5112397.290470291
2025-01-27 05:00:00,0.0,0.24076867424041618,0.16304685114893572,-5207334.319720668
2025-01-27 06:00:00,0.0,0.2272466555044857,0.16310193542725507,-5585816.285345634
2025-01-27 07:00:00,0.020564613391533614,0.24250937063145278,0.16315704383274676,-5265629.744732633
2025-01-27 08:00:00,0.03972778236506469,0.2724171625536414,0.16321217633705967,-4814557.886138052
2025-01-27 09:00:00,0.05618356862368116,0.2894590908280462,0.16326733291183038,-4715379.713941485
2025-01-27 10:00:00,0.0688105375283309,0.24238736509984835,0.16332251352868304,-5024786.750082933
2025-01-27 11:00:00,0.07674818201521477,0.32911242426483767,0.16337771815922944,-4824029.843395434
2025-01-27 12:00:00,0.07945556473012938,0.3139877120022452,0.16343294677506906,-4759755.635248573
2025-01-27 13:00:00,0.07674818201521477,0.3456020957599219,0.1634881993477889,-4627449.940804299
2025-01-27 14:00:00,0.06881053752833091,0.24431101568779218,0.16354347584896378,-4777662.4434999265
2025-01-27 15:00:00,0.05618356862368116,0.34547600492335495,0.16359877625015617,-4921130.0614718655
2025-01-27 16:00:00,0.03972778236506469,0.30185288611566846,0.16365410052291618,-5007551.531455745
2025-01-27 17:00:00,0.020564613391533634,0.24848506420949693,0.16370944863878173,-5123747.660043104
2025-01-27 18:00:00,9.730500302119828e-18,0.29732858495243086,0.16376482056927846,-4804258.55261762
2025-01-27 19:00:00,0.0,0.24257704104346128,0.16382021628591967,-5202344.014010374
2025-01-27 20:00:00,0.0,0.34673446661652546,0.16387563576020656,-5557006.96771822
2025-01-27 21:00:00,0.0,0.3357709799289829,0.16393107896362796,-5156167.090794087
2025-01-27 22:00:00,0.0,0.3130336660617605,0.16398654586766062,-5396915.73098731
2025-01-27 23:00:00,0.0,0.2819285410965288,0.16404203644376902,-5379506.260299375
2025-01-28 00:00:00,0.0,0.28632531211846646,0.16409755066340553,-5679029.338038178
2025-01-28 01:00:00,0.0,0.31900360838708447,0.16415308849801025,-5656612.812063829
2025-01-28 02:00:00,0.0,0.23877957519957166,0.16420864991901118,-5478171.293480647
2025-01-28 03:00:00,0.0,0.32840243465371377,0.16426423489782427,-5464882.829561006
2025-01-28 04:00:00,0.0,0.2816697440965848,0.16431984340585323,-5691441.538938465
2025-01-28 05:00:00,0.0,0.25953552210070246,0.1643754754144897,-5351815.962140537
2025-01-28 06:00:00,0.0,0.343792538798991,0.16443113089511333,-5245132.556712174
2025-01-28 07:00:00,0.021642898197098217,0.2791836798654182,0.16448680981909153,-5113078.645894005
2025-01-28 08:00:00,0.041810868648644556,0.3303509268617642,0.16454251215777974,-5047870.873426804
2025-01-28 09:00:00,0.05912949749751317,0.25717547034724403,0.16459823788252131,-4786615.561953411
2025-01-28 10:00:00,0.07241854880804106,0.2530903606941769,0.16465398696464767,-5243564.924463414
2025-01-28 11:00:00,0.0807723956946114,0.25464500089500364,0.16470975937547813,-5142788.452130774
2025-01-28 12:00:00,0.08362173729728913,0.3364268165867742,0.16476555508632,-4915497.66396043
2025-01-28 13:00:00,0.0807723956946114,0.30893265236630335,0.16482137406846864,-4610457.759636512
2025-01-28 14:00:00,0.07241854880804108,0.34700838867515904,0.16487721629320737,-4896344.42973428
2025-01-28 15:00:00,0.059129497497513187,0.33903077682867133,0.16493308173180768,-5051804.634717076
2025-01-28 16:00:00,0.041810868648644556,0.23200320195797522,0.16498897035552904,-4733777.085835108
2025-01-28 17:00:00,0.021642898197098238,0.33891668060894986,0.1650448821356189,-4693633.668227419
2025-01-28 18:00:00,1.0240709292026597e-17,0.3261541621205737,0.16510081704331303,-5018808.739827336
2025-01-28 19:00:00,0.0,0.2911133323748395,0.1651567750498351,-5281527.3147464255
2025-01-28 20:00:00,0.0,0.2841393674370261,0.16521275612639696,-5523046.850017117
2025-01-28 21:00:00,0.0,0.25771432699699587,0.16526876024419856,-5376222.742880911
2025-01-28 22:00:00,0.0,0.28559166334304953,0.16532478737442804,-5446281.592904476
2025-01-28 23:00:00,0.0,0.3470217275494174,0.16538083748826177,-5446292.632642876
2025-01-29 00:00:00,0.0,0.22020880127233797,0.16543691055686413,-5446852.881743764
2025-01-29 01:00:00,0.0,0.24268948249189892,0.16549300655138785,-5618364.857763802
2025-01-29 02:00:00,0.0,0.28235418664573875,0.16554912544297368,-5803072.577079885
2025-01-29 03:00:00,0.0,0.22782699939168966,0.1656052672027508,-5258428.759366356
2025-01-29 04:00:00,0.0,0.34262108038817624,0.16566143180183648,-5672465.753941269
2025-01-29 05:00:00,0.0,0.2714400244143951,0.16571761921133632,-5350957.429678566
2025-01-29 06:00:00,0.0,0.30284107747750816,0.1657738294023441,-5314187.022990389
2025-01-29 07:00:00,0.022745447212369558,0.3035456147139942,0.165830062345942,-5159900.316607094
2025-01-29 08:00:00,0.043940829785844904,0.30034888643368407,0.1658863180132004,-4997571.898735072
2025-01-29 09:00:00,0.06214171742506952,0.22839345096842772,0.16594259637517797,-4892724.149990609
2025-01-29 10:00:00,0.07610774971581924,0.3524620320041653,0.16599889740292179,-4947581.819517763
2025-01-29 11:00:00,0.08488716463743909,0.2663713475458726,0.16605522106746728,-4753858.19535924
2025-01-29 12:00:00,0.08788165957168981,0.2389353297524715,0.16611156733983815,-4878523.779673271
2025-01-29 13:00:00,0.08488716463743909,0.22402124862917971,0.16616793619104644,-4769722.020370695
2025-01-29 14:00:00,0.07610774971581925,0.27716314316211504,0.1662243275920927,-4616842.939251549
2025-01-29 15:00:00,0.062141717425069534,0.35265956635253265,0.16628074151396582,-4825189.492764919
2025-01-29 16:00:00,0.043940829785844904,0.27954923358112105,0.1663371779276431,-4919695.148123649
2025-01-29 17:00:00,0.022745447212369582,0.2497673387056888,0.16639363680409022,-5176289.3990776455
2025-01-29 18:00:00,1.0762399309822729e-17,0.26968665522216534,0.16645011811426141,-5096393.277970472
2025-01-29 19:00:00,0.0,0.23793342460084124,0.16650662182909928,-5122946.474082331
2025-01-29 20:00:00,0.0,0.23790264226551827,0.16656314791953494,-4866336.054024151
2025-01-29 21:00:00,0.0,0.30790734933738456,0.166619696356488,-5138867.17055257
2025-01-29 22:00:00,0.0,0.3502122760135562,0.16667626711086653,-5288766.000603456
2025-01-29 23:00:00,0.0,0.3104275574445214,0.16673286015356714,-5419137.165499682
2025-01-30 00:00:00,0.0,0.22976261929658728,0.16678947545547504,-5975028.6826582085
2025-01-30 01:00:00,0.0,0.3144184407325315,0.16684611298746382,-5678296.557824852
2025-01-30 02:00:00,0.0,0.3163165350854796,0.1669027727203959,-5331448.023038321
2025-01-30 03:00:00,0.0,0.292785447133089,0.16695945462512193,-5363693.673824497
2025-01-30 04:00:00,0.0,0.32498072011844176,0.1670161586724815,-5457725.724797532
2025-01-30 05:00:00,0.0,0.3171711762988293,0.16707288483330263,-5230839.20319989
2025-01-30 06:00:00,0.0,0.30157574490181766,0.1671296330784019,-5361574.408602297
2025-01-30 07:00:00,0.023871933728279462,0.23476888471207813,0.16718640337858467,-4696006.697618071
2025-01-30 08:00:00,0.046117034623212434,0.22994268719158933,0.16724319570464494,-4883671.519762367
2025-01-30 09:00:00,0.06521933582057662,0.30869793100759096,0.1673000100273653,-5054639.635909169
2025-01-30 10:00:00,0.07987704706181697,0.273121871786437,0.16735684631751702,-4792812.115421612
2025-01-30 11:00:00,0.0890912695488561,0.2348195299153556,0.16741370454586016,-4643326.075510474
2025-01-30 12:00:00,0.09223406924642488,0.2538013233049012,0.16747058468314344,-4926163.9644305445
2025-01-30 13:00:00,0.0890912695488561,0.27896431894259316,0.16752748670010426,-5153063.398386165
2025-01-30 14:00:00,0.07987704706181699,0.3178885019369185,0.1675844105674689,-4743962.2141834
2025-01-30 15:00:00,0.06521933582057664,0.2375929712553616,0.16764135625595225,-4673723.176915695
2025-01-30 16:00:00,0.046117034623212434,0.31796511952972123,0.1676983237362581,-4798160.0254313005
2025-01-30 17:00:00,0.02387193372827949,0.2309982737751544,0.16775531297907886,-4894550.629276334
2025-01-30 18:00:00,1.1295415767496955e-17,0.2783836964495636,0.16781232395509596,-5233197.220960616
2025-01-30 19:00:00,0.0,0.25985897126578006,0.1678693566349795,-5190887.290566713
2025-01-30 20:00:00,0.0,0.3036724286355275,0.16792641098938846,-4845644.653845394
2025-01-30 21:00:00,0.0,0.31538921539232073,0.16798348698897064,-5340230.323783386
2025-01-30 22:00:00,0.0,0.31332486159776257,0.16804058460436275,-5641983.667332726
2025-01-30 23:00:00,0.0,0.25799080838379035,0.16809770380619038,-5489024.431664114
2025-01-31 00:00:00,0.0,0.3512653971045417,0.1681548445650679,-5428958.775203642
2025-01-31 01:00:00,0.0,0.3340442664515416,0.16821200685159882,-5723723.616124731
2025-01-31 02:00:00,0.0,0.34274677781724805,0.16826919063637533,-5503640.46131476
2025-01-31 03:00:00,0.0,0.34394519324577794,0.16832639588997872,-5580074.261418299
2025-01-31 04:00:00,0.0,0.3537051719239918,0.16838362258297915,-5480053.364954255
2025-01-31 05:00:00,0.0,0.31251664953432623,0.16844087068593586,-5205043.947497665
2025-01-31 06:00:00,0.0,0.3314668300441519,0.16849814016939688,-5341345.090625645
2025-01-31 07:00:00,0.025022023942561696,0.33704612662761235,0.16855543100389941,-4993540.149051124
2025-01-31 08:00:00,0.04833883830428751,0.28957852369341325,0.16861274315996966,-5125455.937075753
2025-01-31 09:00:00,0.06836144071928346,0.2294201137820807,0.16867007660812275,-4928882.380369049
2025-01-31 10:00:00,0.08372532392188256,0.3078876408721121,0.16872743131886297,-5028199.105443584
2025-01-31 11:00:00,0.09338346466184516,0.33791514235582215,0.1687848072626836,-4595424.621778724
2025-01-31 12:00:00,0.09667767660857503,0.2603152938862654,0.16884220441006706,-4965360.251534694
2025-01-31 13:00:00,0.09338346466184516,0.33567162063457817,0.1688996227314848,-4649048.744796061
2025-01-31 14:00:00,0.08372532392188257,0.26699617141308424,0.16895706219739734,-4535058.956031117
2025-01-31 15:00:00,0.06836144071928348,0.24563226545978273,0.1690145227782545,-4911664.303985496
2025-01-31 16:00:00,0.04833883830428751,0.2584813829333403,0.16907200444449494,-4736262.34344478
2025-01-31 17:00:00,0.025022023942561724,0.317313455242667,0.16912950716654684,-4827552.793763804
2025-01-31 18:00:00,1.1839600720769435e-17,0.29976786411482387,0.16918703091482723,-4709877.471837199
2025-01-31 19:00:00,0.0,0.34667395845141924,0.16924457565974252,-5123031.977635691
2025-01-31 20:00:00,0.0,0.35200874188073533,0.16930214137168823,-5064831.780358585
2025-01-31 21:00:00,0.0,0.339399544865055,0.16935972802104907,-5232658.45738211
2025-01-31 22:00:00,0.0,0.2461820414476126,0.16941733557819907,-5324811.168307549
2025-01-31 23:00:00,0.0,0.3351815733438929,0.1694749640135014,-5646439.385436694
2025-02-01 00:00:00,0.0,0.2917540242285502,0.16953261329730862,-5505930.103519887
2025-02-01 01:00:00,0.0,0.2992916181470238,0.16959028339996243,-5366078.692248685
2025-02-01 02:00:00,0.0,0.2808238126097356,0.16964797429179387,-5652730.997687124
2025-02-01 03:00:00,0.0,0.26526403528346076,0.16970568594312335,-5732700.952269129
2025-02-01 04:00:00,0.0,0.3319203310535735,0.16976341832426048,-5153903.034807942
2025-02-01 05:00:00,0.0,0.2990650210615407,0.16982117140550426,-5461747.198390892
2025-02-01 06:00:00,0.0,0.33215507166623875,0.1698789451571431,-5290027.326160608
2025-02-01 07:00:00,0.026195377058664777,0.31650220955265534,0.1699367395494547,-5149872.032269355
2025-02-01 08:00:00,0.05060558246068895,0.36050684762761703,0.16999455455270618,-5490632.3686050875
2025-02-01 09:00:00,0.07156710104769635,0.30211009155347657,0.170052390137154,-4720766.49548225
2025-02-01 10:00:00,0.08765143996852973,0.36179327980557857,0.17011024627304414,-4580001.2591709895
2025-02-01 11:00:00,0.09776247810636113,0.2547604277595049,0.17016812293061184,-4841012.8420665525
2025-02-01 12:00:00,0.10121116492137792,0.30210247272026874,0.17022602008008197,-4664624.244701909
2025-02-01 13:00:00,0.09776247810636113,0.328371073800474,0.17028393769166872,-4915498.005809389
2025-02-01 14:00:00,0.08765143996852974,0.2459509008723344,0.17034187573557585,-4771335.954992454
2025-02-01 15:00:00,0.07156710104769635,0.28575522229068606,0.17039983418199653,-4725179.137964694
2025-02-01 16:00:00,0.05060558246068895,0.27862252456097214,0.17045781300111343,-4778576.454884099
2025-02-01 17:00:00,0.026195377058664805,0.35443851957939804,0.1705158121630988,-4569277.257893733
2025-02-01 18:00:00,1.2394792915894035e-17,0.2747909071329084,0.17057383163811446,-4993741.689590077
2025-02-01 19:00:00,0.0,0.2355548483165018,0.17063187139631167,-5112446.708193739
2025-02-01 20:00:00,0.0,0.23035964636458292,0.17068993140783126,-5186260.143462132
2025-02-01 21:00:00,0.0,0.3389567270956861,0.1707480116428038,-5245528.763738382
2025-02-01 22:00:00,0.0,0.28583921131558815,0.1708061120713492,-5405817.607250147
2025-02-01 23:00:00,0.0,0.2470633801564944,0.1708642326635772,-5551293.722608908
2025-02-02 00:00:00,0.0,0.2885412741640359,0.17092237338958705,-5403509.875632955
2025-02-02 01:00:00,0.0,0.2537177661283332,0.17098053421946774,-5419958.505607254
2025-02-02 02:00:00,0.0,0.3364305303119824,0.1710387151232978,-5263522.702332081
2025-02-02 03:00:00,0.0,0.32445046811509853,0.17109691607114552,-5349440.554163072
2025-02-02 04:00:00,0.0,0.27827571328695094,0.17115513703306887,-5378015.431719295
2025-02-02 05:00:00,0.0,0.26685274030466516,0.17121337797911543,-5432959.296970699
2025-02-02 06:00:00,0.0,0.2581824270184611,0.1712716388793226,-5191954.606263643
2025-02-02 07:00:00,0.02739164538673738,0.3032014111870131,0.1713299197037175,-5059349.9959483
2025-02-02 08:00:00,0.05291659540720289,0.2401256755445325,0.17138822042231702,-4995635.550750838
2025-02-02 09:00:00,0.07483536689947617,0.3152579866284263,0.1714465410051277,-4892502.384485596
2025-02-02 10:00:00,0.09165423180884133,0.25805103877998753,0.17150488142214598,-4924367.577241367
2025-02-02 11:00:00,0.10222701228621356,0.24255755641788962,0.17156324164335807,-5045159.877119263
2025-02-02 12:00:00,0.10583319081440581,0.2800078166052563,0.17162162163873992,-5040551.463933379
2025-02-02 13:00:00,0.10222701228621356,0.3634812074209881,0.17168002137825747,-5036763.738973342
2025-02-02 14:00:00,0.09165423180884134,0.2682084126298436,0.17173844083186632,-4852745.155320236
2025-02-02 15:00:00,0.07483536689947619,0.3273614050438003,0.17179687996951198,-5001023.216755399
2025-02-02 16:00:00,0.05291659540720289,0.3293745256783896,0.17185533876112993,-4845575.017595502
2025-02-02 17:00:00,0.027391645386737412,0.23699394412181324,0.17191381717664544,-4689400.812541904
2025-02-02 18:00:00,1.2960827837441314e-17,0.34777561050606526,0.1719723151859737,-5157864.748185575
2025-02-02 19:00:00,0.0,0.30082102440086383,0.17203083275901987,-5239311.117664368
2025-02-02 20:00:00,0.0,0.26972267928433746,0.17208936986567896,-5368412.028033316
2025-02-02 21:00:00,0.0,0.289471838657404,0.172147926475836,-5393145.148276896
2025-02-02 22:00:00,0.0,0.34577752697380926,0.17220650255936595,-5522404.368811008
2025-02-02 23:00:00,0.0,0.2542016843391523,0.17226509808613374,-5422019.933578755
2025-02-03 00:00:00,0.0,0.2888442937735112,0.1723237130259944,-5521524.332924899
2025-02-03 01:00:00,0.0,0.2737552990357442,0.17238234734879287,-5605157.957944036
2025-02-03 02:00:00,0.0,0.36834711805504683,0.17244100102436408,-5206150.965726633
2025-02-03 03:00:00,0.0,0.31001539688990437,0.17249967402253316,-5350400.562945023
2025-02-03 04:00:00,0.0,0.26031924050074456,0.17255836631311514,-5184082.120867974
2025-02-03 05:00:00,0.0,0.2614451569935184,0.1726170778659152,-5239680.0927561475
2025-02-03 06:00:00,0.0,0.31728826768003965,0.1726758086507286,-5109978.584418009
2025-02-03 07:00:00,0.0286104744466563,0.359000832294143,0.17273455863734077,-5130395.252244841
2025-02-03 08:00:00,0.05527119234081751,0.3597743840262158,0.1727933277955271,-4858720.038707215
2025-02-03 09:00:00,0.07816526981691607,0.2855626489108687,0.17285211609505333,-4943022.472898431
2025-02-03 10:00:00,0.09573251332920774,0.32949415069744387,0.17291092350567513,-4652915.335401578
2025-02-03 11:00:00,0.10677574426357238,0.37008514932217124,0.17296974999713852,-4549540.750846341
2025-02-03 12:00:00,0.11054238468163505,0.29554176378210983,0.17302859553917957,-4808295.3436815385
2025-02-03 13:00:00,0.10677574426357238,0.29222685026937717,0.1730874601015247,-4507748.669777613
2025-02-03 14:00:00,0.09573251332920774,0.36695172359895617,0.17314634365389037,-4727421.222935256
2025-02-03 15:00:00,0.07816526981691609,0.2571490784028304,0.17320524616598337,-4380910.238090037
2025-02-03 16:00:00,0.05527119234081751,0.26865791789019783,0.17326416760750077,-4775494.434142723
2025-02-03 17:00:00,0.028610474446656334,0.3213125176435634,0.17332310794812977,-4913078.684350317
2025-02-03 18:00:00,1.3537537757047976e-17,0.2783654232356832,0.17338206715754803,-5189509.216308845
2025-02-03 19:00:00,0.0,0.3101614179342262,0.17344104520542333,-4838519.247688877
2025-02-03 20:00:00,0.0,0.3161942939603973,0.17350004206141387,-5022404.30801171
2025-02-03 21:00:00,0.0,0.2772298026726455,0.17355905769516808,-5495759.881817256
2025-02-03 22:00:00,0.0,0.2977874824915575,0.17361809207632484,-5496537.13826449
2025-02-03 23:00:00,0.0,0.28986386245289747,0.1736771451745133,-5218557.446014524
2025-02-04 00:00:00,0.0,0.33251111569302,0.17373621695935304,-5330086.391436801
2025-02-04 01:00:00,0.0,0.30016933869876805,0.17379530740045396,-5830606.371091584
2025-02-04 02:00:00,0.0,0.246818826956605,0.17385441646741645,-5220548.109786327
2025-02-04 03:00:00,0.0,0.36822791422039597,0.1739135441298312,-5507331.898271327
2025-02-04 04:00:00,0.0,0.3489536135182035,0.17397269035727947,-5325542.130915292
2025-02-04 05:00:00,0.0,0.34577041875801356,0.17403185511933283,-5431794.581725368
2025-02-04 06:00:00,0.0,0.23889903598708753,0.17409103838555345,-5330458.859094815
2025-02-04 07:00:00,0.02985150307306661,0.3487457697029868,0.17415024012549388,-5202907.432779492
2025-02-04 08:00:00,0.05766867554364505,0.28789463492363093,0.17420946030869722,-4903741.752701562
2025-02-04 09:00:00,0.08155582307791645,0.34930773805714393,0.17426869890469698,-5109004.163269967
2025-02-04 10:00:00,0.09988507604679797,0.2508860811476691,0.1743279558830174,-4859622.162931098
2025-02-04 11:00:00,0.11140732615098309,0.31193443723137276,0.1743872312131731,-4840280.788194524
2025-02-04 12:00:00,0.11533735108729011,0.2739038150618513,0.17444652486466924,-4518105.413457598
2025-02-04 13:00:00,0.11140732615098309,0.3011537766760714,0.17450583680700169,-4736498.303782837
2025-02-04 14:00:00,0.09988507604679799,0.23556062660383975,0.17456516700965682,-4879822.438882999
2025-02-04 15:00:00,0.08155582307791646,0.286930713038842,0.1746245154421116,-4824250.151970067
2025-02-04 16:00:00,0.05766867554364505,0.28483783477317076,0.17468388207383367,-4886011.841967049
2025-02-04 17:00:00,0.029851503073066638,0.3247560511660193,0.17474326687428124,-5006316.783591098
2025-02-04 18:00:00,1.4124751783118434e-17,0.3144419167410815,0.17480266981290324,-5253334.583605758
2025-02-04 19:00:00,0.0,0.3455263958806352,0.17486209085913929,-5281666.680097606
2025-02-04 20:00:00,0.0,0.3463002333624996,0.17492152998241953,-5234785.92169761
2025-02-04 21:00:00,0.0,0.2949443009254475,0.174980987152165,-5263303.758306151
2025-02-04 22:00:00,0.0,0.32723014155173424,0.1750404623377874,-5598287.689380403
2025-02-04 23:00:00,0.0,0.26522583797408195,0.17509995550868906,-5177313.517822684
2025-02-05 00:00:00,0.0,0.3222284232570313,0.17515946663426316,-5848596.850901071
2025-02-05 01:00:00,0.0,0.24401930280753648,0.1752189956838936,-5389475.082963352
2025-02-05 02:00:00,0.0,0.31927863045997446,0.1752785426269551,-5532101.99765774
2025-02-05 03:00:00,0.0,0.29669778782552747,0.1753381074328131,-5110818.315860309
2025-02-05 04:00:00,0.0,0.2881867225972608,0.17539769007082395,-5132380.584395687
2025-02-05 05:00:00,0.0,0.2833597039481886,0.1754572905103348,-5180953.9499447765
2025-02-05 06:00:00,0.0,0.27091064629345857,0.1755169087206835,-4928681.214229644
2025-02-05 07:00:00,0.03111436352240271,0.3725202926124124,0.175576544671199,-4982687.565345899
2025-02-05 08:00:00,0.06010833458967057,0.3373675718005388,0.1756361983312009,-4989225.8329327535
2025-02-05 09:00:00,0.08500602198837195,0.2938932251164845,0.17569586966999984,-5124403.963029187
2025-02-05 10:00:00,0.10411068946765921,0.34628029363081614,0.1757555586568973,-5030893.289688618
2025-02-05 11:00:00,0.11612038551077469,0.2482618181386654,0.17581526526118565,-4981397.732022424
2025-02-05 12:00:00,0.12021666917934115,0.31003818485828244,0.17587498945214836,-4738528.407861361
2025-02-05 13:00:00,0.11612038551077469,0.23741631904701757,0.17593473119905956,-4678541.131229835
2025-02-05 14:00:00,0.10411068946765921,0.25572421718609545,0.17599449047118465,-4732149.2904607775
2025-02-05 15:00:00,0.08500602198837197,0.25228957591044143,0.1760542672377798,-4695165.039861567
2025-02-05 16:00:00,0.06010833458967057,0.32748635889012717,0.17611406146809236,-4895546.559485538
2025-02-05 17:00:00,0.031114363522402745,0.31331274721637903,0.1761738731313605,-5136706.26182228
2025-02-05 18:00:00,1.472229591146364e-17,0.261700252298148,0.17623370219681353,-4614730.637796365
2025-02-05 19:00:00,0.0,0.3327125092346696,0.17629354863367183,-4925614.941721462
2025-02-05 20:00:00,0.0,0.3638876185599312,0.17635341241114685,-4892411.194939152
2025-02-05 21:00:00,0.0,0.24495028855972817,0.17641329349844098,-5100666.132824047
2025-02-05 22:00:00,0.0,0.2508849968457644,0.17647319186474789,-5307715.789328205
2025-02-05 23:00:00,0.0,0.2421428719336851,0.17653310747925222,-5429374.515760527
2025-02-06 00:00:00,0.0,0.3350089209607415,0.17659304031112982,-5493844.400775325
2025-02-06 01:00:00,0.0,0.29438042104426143,0.17665299032954765,-5345730.59306776
2025-02-06 02:00:00,0.0,0.2782472393887379,0.17671295750366378,-5297973.333284321
2025-02-06 03:00:00,0.0,0.3513385778861499,0.17677294180262756,-5549441.71322202
2025-02-06 04:00:00,0.0,0.3752331503185477,0.1768329431955795,-5270025.476828594
2025-02-06 05:00:00,0.0,0.3573633624218386,0.17689296165165122,-5765494.194706512
2025-02-06 06:00:00,0.0,0.3708942575852582,0.1769529971399657,-5010601.651063706
2025-02-06 07:00:00,0.03239868158185871,0.2628887799358734,0.17701304962963704,-5064749.169359328
2025-02-06 08:00:00,0.06258944655526659,0.33827082819553184,0.17707311908977066,-4763830.236036181
2025-02-06 09:00:00,0.088514844179884,0.24219682666993786,0.17713320548946324,-5335155.857816613
2025-02-06 10:00:00,0.1084081014513386,0.2534802182258423,0.1771933087978027,-4825309.058321214
2025-02-06 11:00:00,0.12091352576174273,0.2750623929568922,0.17725342898386837,-4676948.491620584
2025-02-06 12:00:00,0.12517889311053318,0.308163959730816,0.1773135660167308,-4832624.345297213
2025-02-06 13:00:00,0.12091352576174273,0.325461223303074,0.1773737198654519,-4632629.907832087
2025-02-06 14:00:00,0.1084081014513386,0.3121250528322352,0.17743389049908487,-5116481.549919832
2025-02-06 15:00:00,0.08851484417988402,0.24005052217985867,0.1774940778866744,-4429381.841487905
2025-02-06 16:00:00,0.06258944655526659,0.25092562668655194,0.17755428199725645,-4621256.745744427
2025-02-06 17:00:00,0.03239868158185875,0.24847546003827542,0.1776145027998585,-4743230.555205541
2025-02-06 18:00:00,1.5329993076862314e-17,0.32449684945621005,0.17767474026349928,-4861353.562365466
2025-02-06 19:00:00,0.0,0.36914901741101624,0.1777349943571891,-5067389.817735177
2025-02-06 20:00:00,0.0,0.28170123737032926,0.17779526504992954,-5186818.653897572
2025-02-06 21:00:00,0.0,0.3424520793832232,0.17785555231071384,-5070597.04029466
2025-02-06 22:00:00,0.0,0.3407924960429562,0.17791585610852662,-5413748.941530205
2025-02-06 23:00:00,0.0,0.36868627959713535,0.17797617641234398,-5459126.295328342
2025-02-07 00:00:00,0.0,0.3761566737836296,0.17803651319113353,-5592946.392887699
2025-02-07 01:00:00,0.0,0.30400093617959095,0.17809686641385444,-5298183.031701718
2025-02-07 02:00:00,0.0,0.2840537966201894,0.17815723604945735,-5587672.609863712
2025-02-07 03:00:00,0.0,0.3544329223413532,0.17821762206688457,-5289158.2996459985
2025-02-07 04:00:00,0.0,0.3539603447227524,0.1782780244350699,-5418376.240873261
2025-02-07 05:00:00,0.0,0.3255835533535672,0.1783384431229387,-5279216.171510006
2025-02-07 06:00:00,0.0,0.3076009952683981,0.17839887809940805,-5138735.205612133
2025-02-07 07:00:00,0.03370407668027573,0.2831124431092667,0.1784593293333865,-5242411.8106662
2025-02-07 08:00:00,0.0651112762334109,0.30420480695417157,0.17851979679377442,-5202414.398872202
2025-02-07 09:00:00,0.09208124991271067,0.25177091267556484,0.17858028044946364,-4690384.10597089
2025-02-07 10:00:00,0.1127760385819196,0.3012437373587015,0.17864078026933775,-4345501.228524881
2025-02-07 11:00:00,0.12578532659298644,0.377350984814618,0.17870129622227204,-4345953.766535684
2025-02-07 12:00:00,0.13022255246682182,0.3639916575978749,0.17876182827713352,-4714164.215593687
2025-02-07 13:00:00,0.12578532659298644,0.2584958246380651,0.17882237640278084,-5083346.825907059
2025-02-07 14:00:00,0.11277603858191963,0.27644645585232563,0.17888294056806442,-4798091.705809757
2025-02-07 15:00:00,0.09208124991271069,0.2839711621123044,0.17894352074182643,-4826183.948310209
2025-02-07 16:00:00,0.0651112762334109,0.2976485226123754,0.17900411689290074,-4936630.972712529
2025-02-07 17:00:00,0.033704076680275766,0.276913470543986,0.1790647289901132,-4361422.108203471
2025-02-07 18:00:00,1.594766320552916e-17,0.32391887716201345,0.1791253570022812,-4973696.304633644
2025-02-07 19:00:00,0.0,0.3814136662131381,0.17918600089821413,-5189294.318086843
2025-02-07 20:00:00,0.0,0.32195410338432046,0.17924666064671307,-5289253.439491214
2025-02-07 21:00:00,0.0,0.2628380138851195,0.17930733621657105,-5433458.051357398
2025-02-07 22:00:00,0.0,0.3573501727269258,0.17936802757657297,-5329210.051743674
2025-02-07 23:00:00,0.0,0.3018095532844213,0.17942873469549547,-5250006.339460347
2025-02-08 00:00:00,0.0,0.32291427056909017,0.17948945754210727,-5244734.234115639
2025-02-08 01:00:00,0.0,0.2879053319554098,0.1795501960851688,-5752789.06874068
2025-02-08 02:00:00,0.0,0.28298963183299153,0.1796109502934326,-5423549.96998685
2025-02-08 03:00:00,0.0,0.3766709287172475,0.17967172013564306,-5476511.08354142
2025-02-08 04:00:00,0.0,0.3016900755442905,0.17973250558053647,-5458064.192486217
2025-02-08 05:00:00,0.0,0.36063095303703746,0.1797933065968412,-5272333.445858592
2025-02-08 06:00:00,0.0,0.292407939567585,0.17985412315327762,-5416779.366014826
2025-02-08 07:00:00,0.03503016200091337,0.3012352455160398,0.17991495521855794,-4888542.863677137
2025-02-08 08:00:00,0.06767307635154433,0.3025391507520006,0.17997580276138658,-5006541.150624561
2025-02-08 09:00:00,0.09570418238386397,0.24949173401155764,0.18003666575045993,-4757498.996769686
2025-02-08 10:00:00,0.11721320654536266,0.3083557355654836,0.18009754415446635,-4630257.026433391
2025-02-08 11:00:00,0.13073434438477735,0.3161624464535556,0.1801584379420864,-4939730.460721219
2025-02-08 12:00:00,0.13534615270308867,0.3027857617582461,0.1802193470819927,-4429281.909619366
2025-02-08 13:00:00,0.13073434438477735,0.2949383698855856,0.1802802715428499,-4655145.302502135
2025-02-08 14:00:00,0.11721320654536267,0.3476489624584252,0.18034121129331476,-4927751.402209377
2025-02-08 15:00:00,0.09570418238386398,0.2798033114278844,0.18040216630203634,-4904963.409445229
2025-02-08 16:00:00,0.06767307635154433,0.26913238338640577,0.18046313653765564,-4836256.739738245
2025-02-08 17:00:00,0.035030162000913405,0.27420761754590117,0.18052412196880593,-5102901.022556192
2025-02-08 18:00:00,1.6575123268474644e-17,0.25792044588994695,0.18058512256411272,-5039756.857906967
2025-02-08 19:00:00,0.0,0.2898112145311757,0.18064613829219356,-5048611.063184647
2025-02-08 20:00:00,0.0,0.26151629227909545,0.18070716912165838,-4902690.159133523
2025-02-08 21:00:00,0.0,0.27783879010153834,0.18076821502110924,-5559705.219308163
2025-02-08 22:00:00,0.0,0.33014590447671194,0.18082927595914047,-5268026.560344533
2025-02-08 23:00:00,0.0,0.2518536793341095,0.18089035190433866,-5468256.924997882
2025-02-09 00:00:00,0.0,0.2585138585101288,0.1809514428252827,-5404864.019395556
2025-02-09 01:00:00,0.0,0.2951172681179635,0.18101254869054376,-5595650.409549087
2025-02-09 02:00:00,0.0,0.3418264914343119,0.18107366946868533,-5725871.635316366
2025-02-09 03:00:00,0.0,0.3877610672912848,0.18113480512826322,-5600788.84277452
2025-02-09 04:00:00,0.0,0.2507502761490655,0.18119595563782556,-5444737.540769999
2025-02-09 05:00:00,0.0,0.3452406299495076,0.18125712096591293,-5235049.02227379
2025-02-09 06:00:00,0.0,0.2874060424963098,0.18131830108105815,-5328017.66576753
2025-02-09 07:00:00,0.036376544596071855,0.2516294174896052,0.18137949595178654,-4876800.220079168
2025-02-09 08:00:00,0.07027408779300369,0.2585222993334481,0.1814407055466158,-5080830.281586036
2025-02-09 09:00:00,0.0993825680402634,0.3668584538361028,0.18150192983405605,-4666703.398383477
2025-02-09 10:00:00,0.12171829051303824,0.358397242607672,0.18156316878260986,-4740695.884575293
2025-02-09 11:00:00,0.13575911263633528,0.3295831484265743,0.1816244223607722,-4730066.684194822
2025-02-09 12:00:00,0.1405481755860074,0.293316127420569,0.1816856905370306,-4692111.507683506
2025-02-09 13:00:00,0.13575911263633528,0.32763150080168446,0.18174697327986508,-4494912.970755924
2025-02-09 14:00:00,0.12171829051303827,0.2790093718183972,0.181808270557748,-4510294.065585829
2025-02-09 15:00:00,0.09938256804026341,0.3838758603798023,0.18186958233914452,-4606666.466099728
2025-02-09 16:00:00,0.07027408779300369,0.29450546089330015,0.1819309085925121,-4909055.227376236
2025-02-09 17:00:00,0.0363765445960719,0.25719082541227845,0.1819922492863009,-4914576.397466034
2025-02-09 18:00:00,1.7212187335740416e-17,0.3852434048453757,0.1820536043889535,-4663900.06180142
2025-02-09 19:00:00,0.0,0.3592744066151153,0.18211497386890527,-5050725.197153212
2025-02-09 20:00:00,0.0,0.3837792433571377,0.18217635769458404,-5105196.470814222
2025-02-09 21:00:00,0.0,0.30858138952347763,0.1822377558344102,-5388207.011875805
2025-02-09 22:00:00,0.0,0.2479532276268852,0.18229916825679707,-5065217.328182175
2025-02-09 23:00:00,0.0,0.3516018623406025,0.18236059493015025,-5820756.569367582
2025-02-10 00:00:00,0.0,0.290542441803702,0.1824220358228682,-5511105.976472193
2025-02-10 01:00:00,0.0,0.38965702879192987,0.18248349090334215,-5583393.810606258
2025-02-10 02:00:00,0.0,0.2586551288721846,0.1825449601399558,-5440645.5159425
2025-02-10 03:00:00,0.0,0.25185391391318657,0.1826064435010858,-5581972.983579896
2025-02-10 04:00:00,0.0,0.3712261031744187,0.18266794095510133,-5352875.01574655
2025-02-10 05:00:00,0.0,0.35978150998269787,0.18272945247036457,-5187936.666263642
2025-02-10 06:00:00,0.0,0.37466538701492186,0.18279097801523012,-4797214.468561255
2025-02-10 07:00:00,0.037742825503530954,0.32916639390177155,0.1828525175580457,-4983763.641398693
2025-02-10 08:00:00,0.07291353982196451,0.3754851568546381,0.18291407106715163,-5138933.828405992
2025-02-10 09:00:00,0.10311531689685297,0.2831103566132083,0.18297563851088108,-4341556.838091455
2025-02-10 10:00:00,0.12628995553133912,0.26409257894285143,0.18303721985756014,-4890636.898801685
2025-02-10 11:00:00,0.14085814240038394,0.3836610502624991,0.18309881507550763,-4540016.554773096
2025-02-10 12:00:00,0.14582707964392902,0.36201857504080737,0.18316042413303524,-4661017.455401188
2025-02-10 13:00:00,0.14085814240038394,0.3488881090279683,0.18322204699844769,-4700001.26197488
2025-02-10 14:00:00,0.12628995553133912,0.3178520324842599,0.18328368364004236,-4552788.342687171
2025-02-10 15:00:00,0.10311531689685297,0.26267453192139284,0.18334533402610975,-4777591.921810421
2025-02-10 16:00:00,0.07291353982196451,0.2527572756461355,0.18340699812493325,-4502317.095625289
2025-02-10 17:00:00,0.037742825503530995,0.307233265606494,0.18346867590478907,-4849428.2248546425
2025-02-10 18:00:00,1.7858666631494384e-17,0.26208084483026745,0.18353036733394648,-5078538.339365818
2025-02-10 19:00:00,0.0,0.3209992067256931,0.18359207238066777,-4881569.820606152
2025-02-10 20:00:00,0.0,0.3194893076971438,0.1836537910132081,-5437849.862848395
2025-02-10 21:00:00,0.0,0.34776204420398377,0.1837155231998158,-5245230.245066252
2025-02-10 22:00:00,0.0,0.35326446669462097,0.18377726890873206,-5693776.494513712
2025-02-10 23:00:00,0.0,0.31905801074202483,0.1838390281081912,-5628920.818723666
2025-02-11 00:00:00,0.0,0.354632765489793,0.18390080076642062,-5715766.226639769
2025-02-11 01:00:00,0.0,0.38702636689209313,0.18396258685164074,-5158457.20980444
2025-02-11 02:00:00,0.0,0.2971072617981992,0.1840243863320651,-5412209.24465447
2025-02-11 03:00:00,0.0,0.3006913260582137,0.18408619917590038,-5035042.327641998
2025-02-11 04:00:00,0.0,0.3657469235563568,0.1841480253513463,-5289013.822758429
2025-02-11 05:00:00,0.0,0.30705629681542207,0.18420986482659582,-5201217.098321582
2025-02-11 06:00:00,0.0,0.30921343326403544,0.18427171756983501,-4954305.1204590555
2025-02-11 07:00:00,0.03912859986477099,0.3351450832144645,0.1843335835492431,-5103506.530137637
2025-02-11 08:00:00,0.07559065031182649,0.3866776589274271,0.18439546273299248,-5197289.842631259
2025-02-11 09:00:00,0.10690132285958705,0.28360064063372625,0.18445735508924885,-4856040.00544622
2025-02-11 10:00:00,0.1309268469172557,0.35179545868432144,0.1845192605861711,-4765510.60175557
2025-02-11 11:00:00,0.14602992272435808,0.38634847389709004,0.18458117919191128,-4392856.07698685
2025-02-11 12:00:00,0.151181300623653,0.25415848977873007,0.18464311087461474,-4565301.546571267
2025-02-11 13:00:00,0.14602992272435808,0.2620384839847617,0.18470505560242018,-4986888.57848608
2025-02-11 14:00:00,0.13092684691725573,0.359109915986306,0.1847670133434595,-4498915.303088104
2025-02-11 15:00:00,0.10690132285958708,0.3890432912202564,0.18482898406585788,-4662253.439324433
2025-02-11 16:00:00,0.07559065031182649,0.3308353792298457,0.18489096773773392,-4866980.849478519
2025-02-11 17:00:00,0.03912859986477104,0.2808625790005478,0.18495296432719951,-5088365.874905355
2025-02-11 18:00:00,1.851436958996904e-17,0.3875323834034668,0.18501497380235987,-5031542.054569875
2025-02-11 19:00:00,0.0,0.3298402474352235,0.18507699613131365,-5035021.084560975
2025-02-11 20:00:00,0.0,0.32873061944229376,0.18513903128215278,-5132523.062130082
2025-02-11 21:00:00,0.0,0.30823467714570246,0.18520107922296275,-5147067.221035827
2025-02-11 22:00:00,0.0,0.3545987915733962,0.18526313992182228,-5427440.3437007535
2025-02-11 23:00:00,0.0,0.25800516983243044,0.18532521334680377,-5426468.085774165
2025-02-12 00:00:00,0.0,0.2657221591457302,0.1853872994659728,-5450630.263291678
2025-02-12 01:00:00,0.0,0.2883057737491733,0.18544939824738862,-4933347.654899166
2025-02-12 02:00:00,0.0,0.3062839960337525,0.18551150965910387,-5713779.115786084
2025-02-12 03:00:00,0.0,0.32203339291605076,0.18557363366916477,-5156810.395861287
2025-02-12 04:00:00,0.0,0.3248949858964845,0.18563577024561095,-5540679.4305826165
2025-02-12 05:00:00,0.0,0.27197265212666116,0.1856979193564757,-5045248.109456217
2025-02-12 06:00:00,0.0,0.25630917186643953,0.18576008096978572,-5019441.455373481
2025-02-12 07:00:00,0.04053345704494131,0.3975500373871972,0.18582225505356142,-4911104.704286252
2025-02-12 08:00:00,0.07830462597697478,0.32044533548748305,0.1858844415758167,-4485138.573995448
2025-02-12 09:00:00,0.11073946405319031,0.32613534959904183,0.18594664050455909,-5235359.2126526665
2025-02-12 10:00:00,0.13562759065979807,0.3821797445905666,0.18600885180778975,-4831998.787511867
2025-02-12 11:00:00,0.15127292109813162,0.3607602464854267,0.18607107545350343,-4547316.484388581
2025-02-12 12:00:00,0.1566092519539496,0.3362704594366719,0.1861333114096886,-4821757.357938365
2025-02-12 13:00:00,0.15127292109813162,0.34936320101087165,0.18619555964432732,-4666482.356764302
2025-02-12 14:00:00,0.1356275906597981,0.37202632943719316,0.18625782012539538,-4660283.171382683
2025-02-12 15:00:00,0.11073946405319031,0.299736764484154,0.1863200928208623,-4624459.519413826
2025-02-12 16:00:00,0.07830462597697478,0.2682667095197305,0.18638237769869123,-4566426.896538121
2025-02-12 17:00:00,0.04053345704494135,0.37041924540614685,0.18644467472683915,-4568691.174925426
2025-02-12 18:00:00,1.917910191222657e-17,0.3242355770565372,0.18650698387325665,-4991696.839291133
2025-02-12 19:00:00,0.0,0.30946413665843236,0.1865693051058883,-4809262.304633652
2025-02-12 20:00:00,0.0,0.29612192817682503,0.1866316383926722,-5133258.493133689
2025-02-12 21:00:00,0.0,0.34453153130683395,0.18669398370154047,-5322779.581334347
2025-02-12 22:00:00,0.0,0.3066389929673039,0.18675634100041885,-5546965.504286492
2025-02-12 23:00:00,0.0,0.29124062705122233,0.18681871025722713,-5419206.535942031
2025-02-13 00:00:00,0.0,0.3352701934819923,0.18688109143987877,-5418991.691266518
2025-02-13 01:00:00,0.0,0.3224588782295031,0.18694348451628118,-5463861.95659155
2025-02-13 02:00:00,0.0,0.31809387817772594,0.18700588945433558,-5461208.025643158
2025-02-13 03:00:00,0.0,0.39328089442787856,0.18706830622193718,-5266109.8066749
2025-02-13 04:00:00,0.0,0.30284834018938384,0.187130734786975,-5071858.387072855
2025-02-13 05:00:00,0.0,0.37337821069736116,0.18719317511733208,-4771655.937437373
2025-02-13 06:00:00,0.0,0.28560465392429907,0.18725562718088543,-4934223.477802368
2025-02-13 07:00:00,0.041956980754540095,0.25258356345478883,0.1873180909455059,-5387936.637064541
2025-02-13 08:00:00,0.08105466260784734,0.4022038505614625,0.1873805663790584,-4876762.299536649
2025-02-13 09:00:00,0.11462860315359309,0.30258315578383677,0.18744305344940185,-4976134.687519554
2025-02-13 10:00:00,0.1403907938271449,0.25301387499785943,0.18750555212438913,-5014211.117654447
2025-02-13 11:00:00,0.1565855839081332,0.2978201389870904,0.1875680623718672,-4623606.722019329
2025-02-13 12:00:00,0.1621093252156947,0.39230466287298776,0.18763058415967707,-4836055.658006783
2025-02-13 13:00:00,0.1565855839081332,0.28342114258867857,0.18769311745565373,-4430973.973676795
2025-02-13 14:00:00,0.1403907938271449,0.3189091347560286,0.18775566222762632,-4991379.209661265
2025-02-13 15:00:00,0.11462860315359312,0.282649677451702,0.18781821844341814,-4510886.058538289
2025-02-13 16:00:00,0.08105466260784734,0.3282048595656309,0.18788078607084643,-4530780.945379657
2025-02-13 17:00:00,0.04195698075454014,0.30887083127408543,0.18794336507772272,-5080052.505026866
2025-02-13 18:00:00,1.9852666623733783e-17,0.34636798430393795,0.1880059554318526,-4733081.412330183
2025-02-13 19:00:00,0.0,0.3676969761977857,0.18806855710103582,-4748969.312224938
2025-02-13 20:00:00,0.0,0.2709763253581365,0.1881311700530664,-5408606.754218402
2025-02-13 21:00:00,0.0,0.35286527410695245,0.18819379425573243,-5308749.969075748
2025-02-13 22:00:00,0.0,0.3429335830375883,0.18825642967681624,-5010609.984250613
2025-02-13 23:00:00,0.0,0.2670985129814659,0.18831907628409453,-5340464.692359601
2025-02-14 00:00:00,0.0,0.3012652378796132,0.18838173404533806,-5330065.866353146
2025-02-14 01:00:00,0.0,0.39936828266439084,0.1884444029283119,-5516631.008614884
2025-02-14 02:00:00,0.0,0.27975728913668846,0.18850708290077547,-5047203.406967098
2025-02-14 03:00:00,0.0,0.2649565653803135,0.18856977393048246,-5409068.6170483455
2025-02-14 04:00:00,0.0,0.3340391478411533,0.1886324759851808,-5393961.754538222
2025-02-14 05:00:00,0.0,0.363816785731135,0.18869518903261281,-5344466.113606242
2025-02-14 06:00:00,0.0,0.40160353581592306,0.18875791304051517,-5197339.869190466
2025-02-14 07:00:00,0.043398749172770035,0.35919552563295215,0.18882064797661888,-4842756.158397719
2025-02-14 08:00:00,0.08383994530923983,0.3379753935369707,0.18888339380864932,-4792952.665303031
2025-02-14 09:00:00,0.11856758772494552,0.35172847558484227,0.1889461505043263,-4991489.983961364
2025-02-14 10:00:00,0.14521504497939938,0.2609105675360511,0.18900891803136402,-4903060.261865348
2025-02-14 11:00:00,0.16196633689771558,0.3517005108834165,0.18907169635747104,-5002979.948628044
2025-02-14 12:00:00,0.16767989061847968,0.34236087221105077,0.18913448545035055,-4662567.185604806
2025-02-14 13:00:00,0.16196633689771558,0.32824074910127826,0.1891972852777,-4610707.324491604
2025-02-14 14:00:00,0.14521504497939938,0.3683975775950289,0.1892600958072114,-4663816.35744792
2025-02-14 15:00:00,0.11856758772494554,0.3659599035157243,0.18932291700657125,-4495930.010352538
2025-02-14 16:00:00,0.08383994530923983,0.4055658989976925,0.1893857488434606,-4633460.928800447
2025-02-14 17:00:00,0.04339874917277009,0.37980030731255354,0.189448591285555,-5084767.017174318
2025-02-14 18:00:00,2.0534864132729945e-17,0.2857042302380955,0.18951144430052444,-5087373.6774777165
2025-02-14 19:00:00,0.0,0.33864464217041235,0.18957430785603366,-5074818.914050823
2025-02-14 20:00:00,0.0,0.29763763208151445,0.18963718191974188,-5002135.691722317
2025-02-14 21:00:00,0.0,0.3026455102288549,0.18970006645930287,-5146005.57851924
2025-02-14 22:00:00,0.0,0.3757388676905891,0.18976296144236507,-5178096.063543131
2025-02-14 23:00:00,0.0,0.31330471590154235,0.1898258668365716,-4894736.517940296
2025-02-15 00:00:00,0.0,0.3191531084771487,0.18988878260956008,-5359561.778098229
2025-02-15 01:00:00,0.0,0.2669649153425121,0.18995170872896286,-5128491.090904186
2025-02-15 02:00:00,0.0,0.2728687148182362,0.19001464516240704,-5343740.02788567
2025-02-15 03:00:00,0.0,0.29719961874579204,0.19007759187751433,-5661610.641858913
2025-02-15 04:00:00,0.0,0.3987185153622688,0.19014054884190112,-5180010.107341593
2025-02-15 05:00:00,0.0,0.2636817465878063,0.19020351602317867,-4985359.315927714
2025-02-15 06:00:00,0.0,0.3267692020781119,0.19026649338895282,-5109952.384481785
2025-02-15 07:00:00,0.044858335072532916,0.40628700576580584,0.19032948090682428,-4897874.58720881
2025-02-15 08:00:00,0.0866596487417765,0.3339826587614229,0.19039247854438848,-4856712.38739911
2025-02-15 09:00:00,0.12255525056110883,0.4002932260361348,0.19045548626923564,-4703743.297115871
2025-02-15 10:00:00,0.15009891458682922,0.2686640268037745,0.19051850404895085,-4848090.028257046
2025-02-15 11:00:00,0.16741358563364178,0.33175193944833015,0.190581531851114,-4751400.616355124
2025-02-15 12:00:00,0.17331929748355301,0.4061065595329955,0.19064456964329982,-4763728.839693749
2025-02-15 13:00:00,0.16741358563364178,0.3440546918253297,0.19070761739307782,-4259400.477236362
2025-02-15 14:00:00,0.15009891458682922,0.2851794948590563,0.19077067506801257,-4415544.364371957
2025-02-15 15:00:00,0.12255525056110886,0.26218167969172834,0.1908337426356633,-4415785.335626499
2025-02-15 16:00:00,0.0866596487417765,0.33438794826407153,0.19089682006358444,-4531832.662973749
2025-02-15 17:00:00,0.04485833507253296,0.3896547461743238,0.19095990731932502,-4603724.325354793
2025-02-15 18:00:00,2.1225492289370108e-17,0.2721596360320775,0.19102300437042932,-4998810.639641492
2025-02-15 19:00:00,0.0,0.33810180309089305,0.1910861111844363,-4782682.711883464
2025-02-15 20:00:00,0.0,0.27901583453094764,0.19114922772888013,-5100282.146212912
2025-02-15 21:00:00,0.0,0.35662470807845353,0.19121235397128988,-5104467.32149745
2025-02-15 22:00:00,0.0,0.28058344426160553,0.19127548987918963,-4788012.254348159
2025-02-15 23:00:00,0.0,0.33998250612592096,0.19133863542009844,-5238235.991253886
2025-02-16 00:00:00,0.0,0.2638351617594537,0.19140179056153048,-5357716.197364623
2025-02-16 01:00:00,0.0,0.314158685239625,0.191464955270995,-4992639.279732097
2025-02-16 02:00:00,0.0,0.3594929824850369,0.19152812951599626,-5638078.128618763
2025-02-16 03:00:00,0.0,0.2701642042024172,0.19159131326403364,-5017416.159246894
2025-02-16 04:00:00,0.0,0.3370296210296754,0.19165450648260166,-5282567.166861217
2025-02-16 05:00:00,0.0,0.2830613638286686,0.19171770913918995,-5115951.766209564
2025-02-16 06:00:00,0.0,0.3172972864657518,0.19178092120128323,-4862960.44147816
2025-02-16 07:00:00,0.04633530594702617,0.2652937392485248,0.19184414263636154,-5003372.378493896
2025-02-16 08:00:00,0.08951293736647607,0.33822410697802785,0.1919073734118998,-5028154.147104314
2025-02-16 09:00:00,0.12659041003152385,0.38992604898833777,0.19197061349536854,-4853914.460859824
2025-02-16 10:00:00,0.15504095545346722,0.2942733326294654,0.1920338628542331,-4645635.628538018
2025-02-16 11:00:00,0.17292571597855005,0.3234073165163781,0.19209712145595428,-4574099.122669588
2025-02-16 12:00:00,0.17902587473295217,0.3914643054755068,0.19216038926798812,-4980131.38192101
2025-02-16 13:00:00,0.17292571597855005,0.2904901072239273,0.1922236662577858,-4456270.648694743
2025-02-16 14:00:00,0.15504095545346724,0.37526090275000773,0.19228695239279386,-4744342.315952365
2025-02-16 15:00:00,0.12659041003152388,0.35478290220022535,0.19235024764045414,-4597531.36743068
2025-02-16 16:00:00,0.08951293736647607,0.2705033881121392,0.19241355196820378,-4670665.095932848
2025-02-16 17:00:00,0.04633530594702623,0.3619748890164744,0.19247686534347522,-4779140.806555485
2025-02-16 18:00:00,2.1924346445626486e-17,0.3994578178116836,0.1925401877336963,-4768118.508504993
2025-02-16 19:00:00,0.0,0.2894491371535639,0.19260351910629014,-4925397.393281351
2025-02-16 20:00:00,0.0,0.33590504408788774,0.19266685942867537,-4817298.99177908
2025-02-16 21:00:00,0.0,0.3923449678590804,0.19273020866826585,-5205146.972817959
2025-02-16 22:00:00,0.0,0.31385030888858473,0.19279356679247095,-5005265.840039695
2025-02-16 23:00:00,0.0,0.33672188282277415,0.1928569337686955,-5113652.380493051
2025-02-17 00:00:00,0.0,0.4047463765736625,0.19292030956433975,-5253126.492066519
2025-02-17 01:00:00,0.0,0.38569961347647264,0.19298369414679936,-4962332.829944741
2025-02-17 02:00:00,0.0,0.30814087394285083,0.1930470874834655,-5397685.6951276595
2025-02-17 03:00:00,0.0,0.3280057123374572,0.19311048954172486,-5010840.471856215
2025-02-17 04:00:00,0.0,0.3724302719278095,0.19317390028895956,-4798202.778147382
2025-02-17 05:00:00,0.0,0.39414895412982304,0.19323731969254745,-5274551.264145043
2025-02-17 06:00:00,0.0,0.4102222335481884,0.1933007477198617,-4956780.662630299
2025-02-17 07:00:00,0.04782922413790407,0.38528212961870606,0.19336418433827113,-5048059.021306747
2025-02-17 08:00:00,0.09239896569234007,0.26761692004871507,0.19342762951514014,-5084305.6038941
2025-02-17 09:00:00,0.13067187043135364,0.40024346684624057,0.1934910832178288,-4576862.727077636
2025-02-17 10:00:00,0.16003970314594662,0.29368602971149255,0.19355454541369266,-4850423.871929948
2025-02-17 11:00:00,0.17850109456925772,0.39767750082520226,0.19361801607008297,-4550572.3572088685
2025-02-17 12:00:00,0.18479793138468015,0.37847953071757323,0.19368149515434668,-4580996.63856882
2025-02-17 13:00:00,0.17850109456925772,0.402347296133956,0.1937449826338263,-4536691.9102173485
2025-02-17 14:00:00,0.16003970314594662,0.27010255602739425,0.19380847847586008,-4640164.194544319
2025-02-17 15:00:00,0.13067187043135367,0.3708670102794581,0.19387198264778197,-4348193.501483479
2025-02-17 16:00:00,0.09239896569234007,0.2999507651666258,0.19393549511692162,-5139941.122333359
2025-02-17 17:00:00,0.047829224137904115,0.3699398485441115,0.19399901585060436,-4977172.919310342
2025-02-17 18:00:00,2.2631219515930078e-17,0.3616872857943905,0.1940625448161514,-4799616.938379866
2025-02-17 19:00:00,0.0,0.3063564929375118,0.19412608198087958,-4930152.067938136
2025-02-17 20:00:00,0.0,0.26685522234278936,0.19418962731210163,-4983362.990769351
2025-02-17 21:00:00,0.0,0.41411097195641206,0.19425318077712597,-5200401.799974727
2025-02-17 22:00:00,0.0,0.3505098464515542,0.19431674234325694,-5215875.663631768
2025-02-17 23:00:00,0.0,0.3511934366790742,0.19438031197779462,-5436962.183054514
2025-02-18 00:00:00,0.0,0.27047795869688745,0.19444388964803502,-4816573.752214557
2025-02-18 01:00:00,0.0,0.390716340238173,0.19450747532126997,-5136427.382751016
2025-02-18 02:00:00,0.0,0.33852555244826044,0.1945710689647872,-5059584.077779823
2025-02-18 03:00:00,0.0,0.2666421247554579,0.19463467054587033,-5121435.4063443905
2025-02-18 04:00:00,0.0,0.27474360581857954,0.19469828003179887,-5263179.394814307
2025-02-18 05:00:00,0.0,0.26114121354679787,0.19476189738984834,-5363909.379948807
2025-02-18 06:00:00,0.0,0.26872874345734327,0.1948255225872901,-5147178.190412941
2025-02-18 07:00:00,0.04933964696496524,0.3210226752309825,0.19488915559139158,-4918447.737697532
2025-02-18 08:00:00,0.09531687852688994,0.4020767521054242,0.19495279636941618,-4706356.991579315
2025-02-18 09:00:00,0.1347984223357966,0.32938949673076845,0.1950164448886232,-4864240.98052832
2025-02-18 10:00:00,0.16509367642744432,0.3836538778214397,0.19508010111626808,-4572543.311700232
2025-02-18 11:00:00,0.18413806930076185,0.3699761499168799,0.19514376501960226,-4724920.678979221
2025-02-18 12:00:00,0.1906337570537799,0.41702260877399777,0.19520743656587317,-4889468.661621097
2025-02-18 13:00:00,0.18413806930076185,0.29612973625827804,0.1952711157223244,-4560183.366704455
2025-02-18 14:00:00,0.16509367642744432,0.2847651200165996,0.19533480245619556,-4296870.382063875
2025-02-18 15:00:00,0.1347984223357966,0.3678635286844263,0.19539849673472237,-4862586.140540828
2025-02-18 16:00:00,0.09531687852688994,0.3201896903474403,0.1954621985251367,-4577772.252371913
2025-02-18 17:00:00,0.049339646964965296,0.2849839905838493,0.19552590779466653,-4281210.0155867785
2025-02-18 18:00:00,2.3345902038534574e-17,0.3375481900971224,0.19558962451053594,-5270651.4382368
2025-02-18 19:00:00,0.0,0.36005694971817376,0.1956533486399653,-4907047.652021649
2025-02-18 20:00:00,0.0,0.27154406769963485,0.1957170801501711,-4878605.749899835
2025-02-18 21:00:00,0.0,0.39135963101853516,0.19578081900836605,-4906970.151008439
2025-02-18 22:00:00,0.0,0.269789934310324,0.19584456518175902,-5519813.700357342
2025-02-18 23:00:00,0.0,0.34751844938636645,0.1959083186375552,-5623485.749080041
2025-02-19 00:00:00,0.0,0.30934289514197283,0.19597207934295593,-5377606.995130797
2025-02-19 01:00:00,0.0,0.29853877109353716,0.196035847265159,-5299369.44724292
2025-02-19 02:00:00,0.0,0.39858865450004466,0.19609962237135825,-5460135.900029614
2025-02-19 03:00:00,0.0,0.3033126774215239,0.19616340462874401,-5176694.648493907
2025-02-19 04:00:00,0.0,0.3499468282965765,0.19622719400450286,-5244033.923856429
2025-02-19 05:00:00,0.0,0.37920794939513935,0.19629099046581774,-5149266.048121998
2025-02-19 06:00:00,0.0,0.3895673806158702,0.19635479397986794,-5004961.910726274
2025-02-19 07:00:00,0.050866126857328456,0.2948982949665675,0.19641860451382906,-5011980.341525739
2025-02-19 08:00:00,0.09826581122957911,0.35207889905865275,0.1964824220348732,-4369300.175481189
2025-02-19 09:00:00,0.13896884295846515,0.31563284980033207,0.19654624651016875,-5001104.10547318
2025-02-19 10:00:00,0.17020137769660337,0.36705187008813384,0.19661007790688056,-4414884.090350512
2025-02-19 11:00:00,0.18983496981579362,0.2974417606495269,0.19667391619217003,-4405337.615417605
2025-02-19 12:00:00,0.19653162245915823,0.33432699781639114,0.1967377613331949,-4891348.406609771
2025-02-19 13:00:00,0.18983496981579362,0.40995680182869987,0.19680161329710938,-4522461.234398483
2025-02-19 14:00:00,0.17020137769660337,0.3788348089491677,0.19686547205106417,-4508555.148414738
2025-02-19 15:00:00,0.13896884295846518,0.4168928872911119,0.19692933756220654,-4687373.751346424
2025-02-19 16:00:00,0.09826581122957911,0.36223703466099283,0.19699320979768023,-4576055.91254779
2025-02-19 17:00:00,0.05086612685732851,0.37421966318487176,0.19705708872462557,-4859227.917522028
2025-02-19 18:00:00,2.406818223758442e-17,0.30844970135516814,0.19712097431017936,-5190917.449918456
2025-02-19 19:00:00,0.0,0.39558311388348644,0.19718486652147513,-5060932.2798751015
2025-02-19 20:00:00,0.0,0.33600925292206424,0.1972487653256428,-5308413.307076786
2025-02-19 21:00:00,0.0,0.32056491317935604,0.197312670689809,-4704391.64861579
2025-02-19 22:00:00,0.0,0.32351828136676114,0.19737658258109708,-5083641.291045242
2025-02-19 23:00:00,0.0,0.3855168402015336,0.19744050096662685,-4958352.546222334
2025-02-20 00:00:00,0.0,0.3116400245757193,0.19750442581351488,-5302719.307550849
2025-02-20 01:00:00,0.0,0.2916351369248355,0.1975683570888744,-5365677.605933527
2025-02-20 02:00:00,0.0,0.2981617862843175,0.1976322947598154,-5505597.729725257
2025-02-20 03:00:00,0.0,0.3983472204098317,0.19769623879344442,-5249625.892308435
2025-02-20 04:00:00,0.0,0.42243192082631914,0.19776018915686486,-5349260.790763925
2025-02-20 05:00:00,0.0,0.40791434786280484,0.19782414581717686,-5159783.389797398
2025-02-20 06:00:00,0.0,0.3788502423447713,0.1978881087414772,-4846965.31428169
2025-02-20 07:00:00,0.05240821148605745,0.40513184281532605,0.19795207789685962,-5098014.292433959
2025-02-20 08:00:00,0.10124488996800454,0.3661965416609682,0.1980160532504145,-4682381.813087705
2025-02-20 09:00:00,0.14318189651372376,0.2698198207236694,0.19808003476922906,-4835669.144379862
2025-02-20 10:00:00,0.1753612934313044,0.325847832935587,0.19814402242038745,-4579381.180633424
2025-02-20 11:00:00,0.19559010799978122,0.40410105376944466,0.19820801617097053,-4438836.951265878
2025-02-20 12:00:00,0.20248977993600914,0.40015983177981124,0.19827201598805613,-4693403.864109388
2025-02-20 13:00:00,0.19559010799978122,0.39571835251587845,0.19833602183871887,-4543140.488252859
2025-02-20 14:00:00,0.17536129343130444,0.34489370101454425,0.19840003369003031,-4683723.243164614
2025-02-20 15:00:00,0.1431818965137238,0.40031869386504654,0.198464051509059,-4624408.365724585
2025-02-20 16:00:00,0.10124488996800454,0.369175119267501,0.19852807526287022,-4746611.882135359
2025-02-20 17:00:00,0.0524082114860575,0.31613302516263425,0.1985921049185264,-4417864.579458436
2025-02-20 18:00:00,2.4797846085868552e-17,0.30925143501600594,0.19865614044308685,-4810791.91336196
2025-02-20 19:00:00,0.0,0.4122134525121874,0.19872018180360781,-4934155.6842008075
2025-02-20 20:00:00,0.0,0.37704685487171075,0.19878422896714262,-4880563.29241498
2025-02-20 21:00:00,0.0,0.4069598776400967,0.19884828190074158,-4975908.322886578
2025-02-20 22:00:00,0.0,0.3932957345784748,0.198912340571452,-5073474.95145505
2025-02-20 23:00:00,0.0,0.38507046270009565,0.19897640494631824,-5069716.294692997
2025-02-21 00:00:00,0.0,0.4188489353090601,0.1990404749923818,-5369409.9588440275
2025-02-21 01:00:00,0.0,0.4140923474913431,0.19910455067668126,-5622998.477260207
2025-02-21 02:00:00,0.0,0.37141954968405844,0.19916863196625212,-5582146.156258171
2025-02-21 03:00:00,0.0,0.3618136833581105,0.1992327188281272,-5071809.109455922
2025-02-21 04:00:00,0.0,0.3437042772674004,0.1992968112293364,-5335928.741279998
2025-02-21 05:00:00,0.0,0.3212225792695787,0.19936090913690674,-5050013.196457757
2025-02-21 06:00:00,0.0,0.3143548610194776,0.1994250125178624,-4759944.527396529
2025-02-21 07:00:00,0.05396544389819581,0.2953664408012335,0.19948912133922478,-4524763.298388157
2025-02-21 08:00:00,0.10425323197684229,0.3393579144925167,0.1995532355680124,-4821103.291724085
2025-02-21 09:00:00,0.14743633458287883,0.34263345648862825,0.19961735517124118,-4617937.7500919895
2025-02-21 10:00:00,0.18057189463715523,0.40784297436639744,0.19968148011592407,-4592017.935025824
2025-02-21 11:00:00,0.20140177848107466,0.40564897003348804,0.1997456103690714,-4745157.141302574
2025-02-21 12:00:00,0.20850646395368463,0.39624448919864375,0.1998097458976907,-4436296.149696576
2025-02-21 13:00:00,0.20140177848107466,0.26929714813634786,0.19987388666878683,-4686074.782295878
2025-02-21 14:00:00,0.18057189463715526,0.33992876161877833,0.19993803264936197,-4885621.010710822
2025-02-21 15:00:00,0.14743633458287883,0.34892087691794577,0.2000021838064155,-4688634.621630298
2025-02-21 16:00:00,0.10425323197684229,0.35404732330812977,0.20006634010694427,-4596445.572791245
2025-02-21 17:00:00,0.05396544389819588,0.2833161582098216,0.20013050151794246,-4588228.231529965
2025-02-21 18:00:00,2.5534677368241285e-17,0.38922692546945953,0.2001946680064016,-4759586.732177238
2025-02-21 19:00:00,0.0,0.29857622952239793,0.20025883953931053,-4907095.57252961
2025-02-21 20:00:00,0.0,0.2741942677318046,0.20032301608365571,-4771120.492429253
2025-02-21 21:00:00,0.0,0.3900817678494493,0.20038719760642074,-4949319.664265939
2025-02-21 22:00:00,0.0,0.317423989206673,0.20045138407458687,-5144001.5612636125
2025-02-21 23:00:00,0.0,0.29214034366036223,0.20051557545513274,-4968249.006006448
2025-02-22 00:00:00,0.0,0.32878177899613753,0.20057977171503447,-5436867.712464705
2025-02-22 01:00:00,0.0,0.4178329850084572,0.20064397282126561,-5688357.613139016
2025-02-22 02:00:00,0.0,0.33205932966930285,0.20070817874079733,-4880259.0919067655
2025-02-22 03:00:00,0.0,0.35569453679346963,0.20077238944059822,-5110560.970516902
2025-02-22 04:00:00,0.0,0.3863114522225807,0.20083660488763444,-5303338.179927608
2025-02-22 05:00:00,0.0,0.3023842127415181,0.20090082504886977,-5314087.390674974
2025-02-22 06:00:00,0.0,0.4236605439020891,0.20096504989126546,-4805370.245722486
2025-02-22 07:00:00,0.05553736265217202,0.3302314416090377,0.20102927938178047,-4699715.325462218
2025-02-22 08:00:00,0.1072899458194298,0.3610230803347049,0.20109351348737123,-4555823.632967176
2025-02-22 09:00:00,0.1517308964841122,0.3329667103045452,0.20115775217499193,-4874678.669711174
2025-02-22 10:00:00,0.1858316373005645,0.3272734155887718,0.2012219954115943,-4914096.926640993
2025-02-22 11:00:00,0.20726825913628422,0.39429269313356413,0.20128624316412777,-4492012.102223202
2025-02-22 12:00:00,0.21457989163885963,0.40299274322950707,0.20135049539953953,-4279664.583393905
2025-02-22 13:00:00,0.20726825913628422,0.4053213740682481,0.20141475208477427,-4666690.589165051
2025-02-22 14:00:00,0.1858316373005645,0.28931076391480076,0.20147901318677458,-4676241.172030458
2025-02-22 15:00:00,0.1517308964841122,0.3339690550640643,0.2015432786724807,-4639286.381652402
2025-02-22 16:00:00,0.1072899458194298,0.415944756204867,0.2016075485088306,-4949820.002158789
2025-02-22 17:00:00,0.05553736265217209,0.3004847587867481,0.20167182266275996,-4592845.753640532
2025-02-22 18:00:00,2.6278457745691535e-17,0.2886796254952575,0.2017361011012024,-4626194.95513216
2025-02-22 19:00:00,0.0,0.34351154998727207,0.20180038379108922,-4790417.299610823
2025-02-22 20:00:00,0.0,0.32415604606610715,0.20186467069934957,-4717042.108409309
2025-02-22 21:00:00,0.0,0.3076470382093297,0.20192896179291037,-5298752.2270249585
2025-02-22 22:00:00,0.0,0.2825429831817186,0.20199325703869647,-4962651.520744259
2025-02-22 23:00:00,0.0,0.3631923183012402,0.20205755640363054,-5023181.606247621
2025-02-23 00:00:00,0.0,0.40155321081718415,0.20212185985463313,-5257088.9132488
2025-02-23 01:00:00,0.0,0.31656708488595175,0.20218616735862263,-5266981.067252053
2025-02-23 02:00:00,0.0,0.3269695788185522,0.20225047888251554,-5374358.476736387
2025-02-23 03:00:00,0.0,0.31122214206671345,0.20231479439322608,-5271331.0569179235
2025-02-23 04:00:00,0.0,0.3831632782225727,0.20237911385766655,-5177041.352565352
2025-02-23 05:00:00,0.0,0.41859810734725783,0.2024434372427471,-5060349.165942487
2025-02-23 06:00:00,0.0,0.29365312225763424,0.20250776451537597,-4924114.522230014
2025-02-23 07:00:00,0.057123501954534486,0.33205514381763895,0.20257209564245934,-4886113.945698488
2025-02-23 08:00:00,0.11035413165191786,0.36201788844063104,0.20263643059090145,-4657426.8648076095
2025-02-23 09:00:00,0.1560643096460483,0.38243925219920333,0.20270076932760453,-4960883.250854561
2025-02-23 10:00:00,0.19113896284626655,0.2751113650944681,0.2027651118194689,-4559935.78063975
2025-02-23 11:00:00,0.2131878116005828,0.3155421282111045,0.20282945803339292,-4394943.508584249
2025-02-23 12:00:00,0.22070826330383575,0.3618179220487079,0.20289380793627304,-4703078.623958132
2025-02-23 13:00:00,0.2131878116005828,0.4177051743246021,0.20295816149500384,-4350808.015887925
2025-02-23 14:00:00,0.19113896284626658,0.39631575949747516,0.20302251867647794,-4816422.8468196895
2025-02-23 15:00:00,0.15606430964604834,0.4274014147373676,0.20308687944758624,-4627239.231074043
2025-02-23 16:00:00,0.11035413165191786,0.33495874361011085,0.20315124377521762,-4700811.99890876
2025-02-23 17:00:00,0.057123501954534556,0.35972739035997625,0.20321561162625926,-4780729.896477367
2025-02-23 18:00:00,2.702896682004137e-17,0.3783443984195422,0.2032799829675965,-4632903.50745309
2025-02-23 19:00:00,0.0,0.41380035667265475,0.20334435776611284,-4802792.308340299
2025-02-23 20:00:00,0.0,0.2715717580686525,0.20340873598869003,-4949572.467039198
2025-02-23 21:00:00,0.0,0.27079976846634035,0.20347311760220807,-5253021.312320046
2025-02-23 22:00:00,0.0,0.3233430780320538,0.20353750257354516,-5326541.601548973
2025-02-23 23:00:00,0.0,0.41685791125886656,0.2036018908695779,-5085379.4338636175
2025-02-24 00:00:00,0.0,0.32994898263421574,0.20366628245718102,-5286021.164450705
2025-02-24 01:00:00,0.0,0.4174301394034901,0.20373067730322766,-5150902.763736694
2025-02-24 02:00:00,0.0,0.3212547926414036,0.20379507537458927,-5272494.694937493
2025-02-24 03:00:00,0.0,0.37765440233624403,0.20385947663813558,-5519800.880247276
2025-02-24 04:00:00,0.0,0.34154291053720304,0.2039238810607348,-5219289.93087256
2025-02-24 05:00:00,0.0,0.4217629144498736,0.20398828860925336,-5089962.9835992595
2025-02-24 06:00:00,0.0,0.3375827622868759,0.20405269925055625,-4867004.243558082
2025-02-24 07:00:00,0.05872339179797623,0.2748109517815194,0.20411711295150667,-4913445.9057922065
2025-02-24 08:00:00,0.11344488148991375,0.2733791071487585,0.2041815296789664,-4492002.196144652
2025-02-24 09:00:00,0.16043528998484452,0.2723457080143195,0.2042459493997957,-4985069.309752667
2025-02-24 10:00:00,0.19649229859916073,0.2761535427769984,0.20431037208085306,-4762425.769786381
2025-02-24 11:00:00,0.2191586817828208,0.363700279413396,0.20437479768899572,-4750286.984586323
2025-02-24 12:00:00,0.22688976297982755,0.2716245461383018,0.2044392261910792,-4717465.856567456
2025-02-24 13:00:00,0.2191586817828208,0.40606037763755104,0.20450365755395772,-4554892.480899607
2025-02-24 14:00:00,0.19649229859916073,0.2843187545158,0.20456809174448384,-4113724.2296307595
2025-02-24 15:00:00,0.16043528998484458,0.4100105370107279,0.20463252872950882,-4423468.082177953
2025-02-24 16:00:00,0.11344488148991375,0.32951706268435543,0.20469696847588234,-4613108.59988802
2025-02-24 17:00:00,0.05872339179797629,0.3411918262810727,0.2047614109504528,-4769514.3818153925
2025-02-24 18:00:00,2.778598219925474e-17,0.34051694370337576,0.20482585612006712,-4281760.076287713
2025-02-24 19:00:00,0.0,0.3959276012655189,0.20489030395157085,-4870093.0913917525
2025-02-24 20:00:00,0.0,0.40248514838094807,0.20495475441180816,-4774818.008963435
2025-02-24 21:00:00,0.0,0.3720328311710482,0.20501920746762187,-5028922.619204642
2025-02-24 22:00:00,0.0,0.42314955002473537,0.20508366308585346,-5436888.522713105
2025-02-24 23:00:00,0.0,0.37048222245831974,0.2051481212333431,-5127388.42301766
2025-02-25 00:00:00,0.0,0.3269024561365245,0.2052125818769297,-5474089.294155521
2025-02-25 01:00:00,0.0,0.3666062653603083,0.20527704498345078,-4974208.729880214
2025-02-25 02:00:00,0.0,0.4058592631213835,0.20534151051974273,-5201037.197685627
2025-02-25 03:00:00,0.0,0.42034603211953614,0.20540597845264055,-5247749.043784679
2025-02-25 04:00:00,0.0,0.3528776181823366,0.20547044874897816,-5054285.522879651
2025-02-25 05:00:00,0.0,0.2864529986686923,0.2055349213755881,-4985172.427349204
2025-02-25 06:00:00,0.0,0.31262961278227847,0.2055993962993018,-5144820.194689815
2025-02-25 07:00:00,0.06033655810060815,0.35384489338046227,0.20566387348694956,-5228594.009660227
2025-02-25 08:00:00,0.11656127947753661,0.39058608637919046,0.20572835290536037,-4994762.919836761
2025-02-25 09:00:00,0.164842542284693,0.2912069676618274,0.20579283452136224,-4925343.938338184
2025-02-25 10:00:00,0.2018900582503289,0.30794974585556584,0.20585731830178192,-4678387.924956025
2025-02-25 11:00:00,0.22517910038530117,0.4296734454425976,0.20592180421344508,-4499400.550944144
2025-02-25 12:00:00,0.23312255895507328,0.3979108063548198,0.20598629222317633,-4776884.520565294
2025-02-25 13:00:00,0.22517910038530117,0.39324422514318463,0.20605078229779916,-4121534.950580125
2025-02-25 14:00:00,0.20189005825032896,0.2983193108512395,0.20611527440413602,-4729925.817978479
2025-02-25 15:00:00,0.16484254228469303,0.4206620692778376,0.20617976850900835,-4438684.8356235055
2025-02-25 16:00:00,0.11656127947753661,0.41218950935213217,0.20624426457923647,-4679722.116767216
2025-02-25 17:00:00,0.06033655810060822,0.4001892780221115,0.20630876258163974,-4459682.432648281
2025-02-25 18:00:00,2.854927956333706e-17,0.3589888502343608,0.20637326248303658,-5017304.529640932
2025-02-25 19:00:00,0.0,0.430578366452697,0.20643776425024427,-4574447.030167569
2025-02-25 20:00:00,0.0,0.3080678885627381,0.20650226785007936,-4906332.253151694
2025-02-25 21:00:00,0.0,0.373067792816511,0.20656677324935732,-5239346.701735369
2025-02-25 22:00:00,0.0,0.38862536096846906,0.20663128041489262,-5069798.06167819
2025-02-25 23:00:00,0.0,0.35426357496266525,0.20669578931349897,-4922381.290640636
2025-02-26 00:00:00,0.0,0.29988067380038397,0.20676029991198916,-5258471.1910113
2025-02-26 01:00:00,0.0,0.40187991220567815,0.20682481217717505,-5029710.214755935
2025-02-26 02:00:00,0.0,0.36477758321542114,0.20688932607586763,-5404416.7927394835
2025-02-26 03:00:00,0.0,0.38752754467817196,0.20695384157487712,-5308552.634158193
2025-02-26 04:00:00,0.0,0.3910321266157651,0.2070183586410129,-4968092.540811863
2025-02-26 05:00:00,0.0,0.42301258980584194,0.20708287724108349,-4975908.252455086
2025-02-26 06:00:00,0.0,0.43207495493009307,0.20714739734189672,-4889871.207677275
2025-02-26 07:00:00,0.06196252284643986,0.38542395361764886,0.20721191891025956,-4538653.680590615
2025-02-26 08:00:00,0.11970240215880537,0.2789659937909657,0.2072764419129782,-4839662.640625253
2025-02-26 09:00:00,0.169284760581621,0.4328300050709471,0.20734096631685817,-4595123.639363077
2025-02-26 10:00:00,0.20733064232709342,0.3502269867840002,0.20740549208870432,-4502477.787723118
2025-02-26 11:00:00,0.23124728342806092,0.4164429161822817,0.20747001919532065,-4562926.880006178
2025-02-26 12:00:00,0.2394048043176108,0.34863056281204335,0.20753454760351062,-4169129.5738960123
2025-02-26 13:00:00,0.23124728342806092,0.41180309075435567,0.20759907728007687,-4773894.144215335
2025-02-26 14:00:00,0.20733064232709342,0.4150865242431679,0.20766360819182153,-4462223.821861927
2025-02-26 15:00:00,0.16928476058162106,0.4102306286995862,0.207728140305546,-4326124.571913982
2025-02-26 16:00:00,0.11970240215880537,0.2862244421680787,0.20779267358805115,-4422512.2373078065
2025-02-26 17:00:00,0.06196252284643993,0.42221847031961035,0.2078572080061372,-4644706.79409091
2025-02-26 18:00:00,2.931863273080605e-17,0.2984167526256317,0.20792174352660367,-4901410.999146958
2025-02-26 19:00:00,0.0,0.4188816490184916,0.20798628011624973,-5147664.8871326605
2025-02-26 20:00:00,0.0,0.4040603642386868,0.20805081774187387,-4943565.699411978
2025-02-26 21:00:00,0.0,0.42457858911591934,0.2081153563702741,-4864734.305095559
2025-02-26 22:00:00,0.0,0.4212869839926174,0.20817989596824776,-5434857.105288827
2025-02-26 23:00:00,0.0,0.3858985114750693,0.208244436502592,-5088297.163581299
2025-02-27 00:00:00,0.0,0.41220642609542113,0.2083089779401032,-5151533.423064547
2025-02-27 01:00:00,0.0,0.2885541282592354,0.20837352024757733,-5329240.613592459
2025-02-27 02:00:00,0.0,0.3726645965234338,0.20843806339181006,-5177115.996862148
2025-02-27 03:00:00,0.0,0.3311182337835693,0.20850260733959655,-5085187.857897507
2025-02-27 04:00:00,0.0,0.34815431600621516,0.20856715205773144,-4896232.7812615065
2025-02-27 05:00:00,0.0,0.34010164138816157,0.20863169751300906,-4888897.465260033
2025-02-27 06:00:00,0.0,0.28379308292949756,0.20869624367222342,-5106149.182614451
2025-02-27 07:00:00,0.06360080422702594,0.3377707157351833,0.20876079050216811,-4438134.239092831
2025-02-27 08:00:00,0.12286731875127857,0.3903988448623112,0.2088253379696364,-4959957.1484941915
2025-02-27 09:00:00,0.17376062855047625,0.29745931271169596,0.20888988604142109,-4782426.675600395
2025-02-27 10:00:00,0.21281243866697475,0.28817424509800893,0.20895443468431493,-4316998.672167085
2025-02-27 11:00:00,0.2373614327775022,0.2805672967908771,0.20901898386511011,-4688699.817017988
2025-02-27 12:00:00,0.2457346375025572,0.30623710089303885,0.20908353355059878,-4641409.494124503
2025-02-27 13:00:00,0.2373614327775022,0.43658558171377043,0.20914808370757262,-4679014.772527891
2025-02-27 14:00:00,0.21281243866697475,0.3090432680058489,0.20921263430282325,-4393861.246156138
2025-02-27 15:00:00,0.1737606285504763,0.3354395714950934,0.2092771853031419,-4425559.237641073
2025-02-27 16:00:00,0.12286731875127857,0.4407643602309408,0.20934173667531975,-4227077.135885524
2025-02-27 17:00:00,0.063600804227026,0.3463835103395794,0.2094062883861476,-4865747.903207167
2025-02-27 18:00:00,3.009381372571418e-17,0.2770827935138916,0.2094708404024163,-4730289.086965484
2025-02-27 19:00:00,0.0,0.39891157218149803,0.20953539269091634,-4779228.488997278
2025-02-27 20:00:00,0.0,0.324819026420189,0.20959994521843825,-5002993.090345482
2025-02-27 21:00:00,0.0,0.2814795666667695,0.20966449795177225,-5152968.022958395
2025-02-27 22:00:00,0.0,0.3037208327953949,0.20972905085770863,-5297474.161932536
2025-02-27 23:00:00,0.0,0.40297904549323,0.20979360390303745,-5149652.0431315955
2025-02-28 00:00:00,0.0,0.4038895926214938,0.20985815705454877,-5317024.17134281
2025-02-28 01:00:00,0.0,0.4143526292032044,0.2099227102790326,-5324270.172522518
2025-02-28 02:00:00,0.0,0.3749302696098373,0.2099872635432789,-5119593.619144115
2025-02-28 03:00:00,0.0,0.32359482002264545,0.21005181681407759,-5058673.389704334
2025-02-28 04:00:00,0.0,0.4182788360692394,0.21011637005821862,-5008564.020901238
2025-02-28 05:00:00,0.0,0.350301487559417,0.21018092324249188,-5102326.444205253
2025-02-28 06:00:00,0.0,0.38288084183145016,0.21024547633368745,-4927008.662998322
2025-02-28 07:00:00,0.0652509167842363,0.3160860732612799,0.21031002929859527,-4740779.972056124
2025-02-28 08:00:00,0.12605509142186536,0.404298183565769,0.21037458210400542,-4603779.4044638
2025-02-28 09:00:00,0.1782688198949824,0.39347034817847576,0.2104391347167082,-4539366.194399541
2025-02-28 10:00:00,0.21833382289541056,0.3514972075890086,0.21050368710349368,-4351426.497894402
2025-02-28 11:00:00,0.24351973667921875,0.3894494551664595,0.21056823923115242,-4669658.989382782
2025-02-28 12:00:00,0.25211018284373077,0.41361025901738496,0.2106327910664749,-4181311.6775913965
2025-02-28 13:00:00,0.24351973667921875,0.3910540436479724,0.21069734257625172,-4612966.089410396
2025-02-28 14:00:00,0.2183338228954106,0.3819355822459107,0.2107618937272738,-4482957.384390804
2025-02-28 15:00:00,0.17826881989498244,0.2811910573181393,0.21082644448633206,-4242875.563392599
2025-02-28 16:00:00,0.12605509142186536,0.3486305531723138,0.2108909948202179,-4810592.749724284
2025-02-28 17:00:00,0.06525091678423638,0.28372158056382346,0.21095554469572256,-4388389.430790792
2025-02-28 18:00:00,3.0874592845202884e-17,0.3898416287832886,0.21102009407963787,-4795065.05611255
2025-02-28 19:00:00,0.0,0.4309337556523445,0.21108464293875573,-4833170.571598737
2025-02-28 20:00:00,0.0,0.36626436377346333,0.21114919123986828,-5232608.083802315
2025-02-28 21:00:00,0.0,0.3424751171132896,0.21121373894976808,-4727627.882321899
2025-02-28 22:00:00,0.0,0.3485487544735244,0.21127828603524787,-5048444.948323897
2025-02-28 23:00:00,0.0,0.30376822240932305,0.21134283246310084,-5192688.459776608
2025-03-01 00:00:00,0.0,0.3117826627343775,0.21140737820012032,-5369316.830354112
2025-03-01 01:00:00,0.0,0.35902105881967994,0.21147192321310027,-5392703.8994826535
2025-03-01 02:00:00,0.0,0.43749716954817164,0.21153646746883473,-5091346.496150314
2025-03-01 03:00:00,0.0,0.41947567952656606,0.21160101093411832,-4956192.8928807145
2025-03-01 04:00:00,0.0,0.3635601972137839,0.21166555357574607,-4917970.031668272
2025-03-01 05:00:00,0.0,0.29637904396127634,0.21173009536051332,-4813336.976907913
2025-03-01 06:00:00,0.0,0.43480587447673585,0.21179463625521597,-4851652.587566882
2025-03-01 07:00:00,0.06691237155410792,0.28185923737996815,0.2118591762266502,-4666854.749754803
2025-03-01 08:00:00,0.12926477556472568,0.3810874708955628,0.21192371524161296,-4840592.3502577115
2025-03-01 09:00:00,0.18280799874074932,0.3162439164631193,0.21198825326690138,-4519613.590379294
2025-03-01 10:00:00,0.22389315890709283,0.3271777472436829,0.21205279026931326,-4632066.302370559
2025-03-01 11:00:00,0.24972037029485727,0.41696471315773515,0.2121173262156469,-4778683.257750883
2025-03-01 12:00:00,0.25852955112945136,0.3335274816570546,0.21218186107270123,-4463542.609505957
2025-03-01 13:00:00,0.24972037029485727,0.28984204565784843,0.21224639480727556,-4639911.571960769
2025-03-01 14:00:00,0.22389315890709283,0.352732255378008,0.21231092738616988,-4721358.353752174
2025-03-01 15:00:00,0.18280799874074935,0.3374755911928327,0.21237545877618486,-4607360.082729345
2025-03-01 16:00:00,0.12926477556472568,0.44362663236988664,0.21243998894412155,-4532688.762842229
2025-03-01 17:00:00,0.066912371554108,0.2835120261072127,0.21250451785678184,-4721217.122547672
2025-03-01 18:00:00,3.166073872756846e-17,0.3247546985905853,0.21256904548096825,-4769668.283317017
2025-03-01 19:00:00,0.0,0.358355305376969,0.2126335717834838,-4940250.739479291
2025-03-01 20:00:00,0.0,0.2971486544129718,0.21269809673113238,-4825620.055276098
2025-03-01 21:00:00,0.0,0.38057765695173057,0.21276262029071843,-4736178.979654924
2025-03-01 22:00:00,0.0,0.28893443543064495,0.21282714242904724,-4881491.208358334
2025-03-01 23:00:00,0.0,0.35804053604460584,0.21289166311292468,-5397290.585323277
2025-03-02 00:00:00,0.0,0.3788177053416347,0.21295618230915747,-5228034.941704033
2025-03-02 01:00:00,0.0,0.3153048350154687,0.21302069998455314,-4968222.072574085
2025-03-02 02:00:00,0.0,0.4229537875183075,0.21308521610591982,-4938029.131270817
2025-03-02 03:00:00,0.0,0.3024157352461288,0.21314973064006665,-5313908.7867840445
2025-03-02 04:00:00,0.0,0.35576475342086683,0.21321424355380347,-4986938.597630601
2025-03-02 05:00:00,0.0,0.3547685460700793,0.21327875481394093,-4764192.190950212
2025-03-02 06:00:00,0.0,0.3952177917635418,0.21334326438729062,-5084647.303212077
2025-03-02 07:00:00,0.06858467621173535,0.41199970872443836,0.21340777224066493,-4867173.36586833
2025-03-02 08:00:00,0.13249542008117732,0.3114127628826232,0.2134722783408772,-4624252.383334056
2025-03-02 09:00:00,0.18737682003112152,0.33900192563733256,0.21353678265474155,-4500515.627943277
2025-03-02 10:00:00,0.22948879935078087,0.38992967374842125,0.21360128514907317,-4241390.5359792635
2025-03-02 11:00:00,0.25596149624285686,0.35664516511175826,0.2136657857906881,-4762965.272732601
2025-03-02 12:00:00,0.2649908401623547,0.35164300123622017,0.21373028454640333,-4720954.577329214
2025-03-02 13:00:00,0.25596149624285686,0.3319009360013229,0.21379478138303684,-4472261.915530763
2025-03-02 14:00:00,0.22948879935078087,0.41794938254735664,0.21385927626740764,-4490651.3350738045
2025-03-02 15:00:00,0.18737682003112155,0.2935299653274591,0.2139237691663356,-4388254.220693796
2025-03-02 16:00:00,0.13249542008117732,0.33192909213268207,0.21398826004664181,-4651206.998122694
2025-03-02 17:00:00,0.06858467621173542,0.2917843341408202,0.21405274887514827,-4954936.823780999
2025-03-02 18:00:00,3.245201842081956e-17,0.31231422475019205,0.21411723561867807,-4805800.916304313
2025-03-02 19:00:00,0.0,0.4308374765100386,0.21418172024405532,-4873059.230182847
2025-03-02 20:00:00,0.0,0.32400184511118346,0.21424620271810532,-5003471.820977075
2025-03-02 21:00:00,0.0,0.3448917038551277,0.21431068300765443,-4947545.981829539
2025-03-02 22:00:00,0.0,0.43913965041544123,0.2143751610795301,-5062046.013789103
2025-03-02 23:00:00,0.0,0.3493312213687077,0.21443963690056098,-5231157.607771572
2025-03-03 00:00:00,0.0,0.34480086079218686,0.2145041104375768,-5630220.243287649
2025-03-03 01:00:00,0.0,0.38246074166236593,0.21456858165740858,-5172574.784217622
2025-03-03 02:00:00,0.0,0.33342657443143675,0.21463305052688836,-5083143.292862079
2025-03-03 03:00:00,0.0,0.35836804780205844,0.2146975170128496,-4730720.212060832
2025-03-03 04:00:00,0.0,0.4304423190610532,0.2147619810821268,-5095019.300502565
2025-03-03 05:00:00,0.0,0.35426249272089905,0.21482644270155585,-4847488.111877914
2025-03-03 06:00:00,0.0,0.355943654867238,0.21489090183797377,-5343498.298188222
2025-03-03 07:00:00,0.07026733521715724,0.42447991561039056,0.21495535845821898,-4500797.974697581
2025-03-03 08:00:00,0.13574606766152708,0.34539259887371954,0.21501981252913113,-4865882.006963338
2025-03-03 09:00:00,0.19197392992574744,0.38417819024655514,0.21508426401755112,-4418911.853930393
2025-03-03 10:00:00,0.23511908611744747,0.31612084232303794,0.2151487128903213,-4518617.817549232
2025-03-03 11:00:00,0.2622412651429047,0.3423540433363783,0.21521315911428535,-4638725.055386368
2025-03-03 12:00:00,0.2714921353230542,0.4030521496115321,0.21527760265628818,-4203613.195933743
2025-03-03 13:00:00,0.2622412651429047,0.3584920924961109,0.21534204348317623,-4240073.82941141
2025-03-03 14:00:00,0.23511908611744747,0.32498501634792476,0.21540648156179729,-4635050.681501699
2025-03-03 15:00:00,0.19197392992574747,0.4010179791755944,0.2154709168590005,-4811669.688812103
2025-03-03 16:00:00,0.13574606766152708,0.3490869708024327,0.21553534934163657,-4596839.121825555
2025-03-03 17:00:00,0.0702673352171573,0.32179132243505687,0.2155997789765575,-4716433.528793516
2025-03-03 18:00:00,3.324819745170584e-17,0.30817059431993193,0.21566420573061681,-4632368.267813808
2025-03-03 19:00:00,0.0,0.3866466198810435,0.2157286295706696,-4822062.641591084
2025-03-03 20:00:00,0.0,0.38177841649835526,0.2157930504635724,-4991413.59074819
2025-03-03 21:00:00,0.0,0.4260787960159272,0.2158574683761831,-4921945.730939826
2025-03-03 22:00:00,0.0,0.44437000676390637,0.2159218832753614,-4952164.001936446
2025-03-03 23:00:00,0.0,0.3703145421666803,0.21598629512796844,-5033349.089744484
2025-03-04 00:00:00,0.0,0.4353065472352071,0.21605070390086678,-5139843.739403092
2025-03-04 01:00:00,0.0,0.3178722761364449,0.2161151095609208,-5566056.780287851
2025-03-04 02:00:00,0.0,0.3594876148329675,0.21617951207499633,-5178610.188331787
2025-03-04 03:00:00,0.0,0.3044887566923253,0.21624391140996088,-5218162.881383471
2025-03-04 04:00:00,0.0,0.30985952168732495,0.21630830753268357,-5085706.407103533
2025-03-04 05:00:00,0.0,0.3129350588219579,0.2163727004100351,-5080228.271492334
2025-03-04 06:00:00,0.0,0.4279289531275629,0.21643709000888803,-4880867.895266899
2025-03-04 07:00:00,0.07195984996219552,0.4066930011920082,0.21650147629611646,-4931592.266024571
2025-03-04 08:00:00,0.13901575506874217,0.44458034413447123,0.21656585923859623,-4955292.646581778
2025-03-04 09:00:00,0.19659796620175155,0.3458667876824192,0.2166302388032049,-4679781.800416089
2025-03-04 10:00:00,0.24078235083161217,0.3348464993622252,0.21669461495682174,-4362461.99365216
2025-03-04 11:00:00,0.2685578161639471,0.3995259807210382,0.21675898766632784,-4327567.452396158
2025-03-04 12:00:00,0.2780315101374844,0.39625818416248676,0.216823356898606,-4253017.4844441805
2025-03-04 13:00:00,0.2685578161639471,0.39960017739677084,0.21688772262054085,-4212433.971290854
2025-03-04 14:00:00,0.24078235083161217,0.41046161216301935,0.21695208479901876,-4588213.668493819
2025-03-04 15:00:00,0.19659796620175157,0.45008722596286876,0.21701644340092804,-4526401.7577237
2025-03-04 16:00:00,0.13901575506874217,0.29211836193861335,0.21708079839315875,-4390118.594322307
2025-03-04 17:00:00,0.07195984996219561,0.4303319867557048,0.21714514974260282,-4805326.62521082
2025-03-04 18:00:00,3.404903989519752e-17,0.4286003758369994,0.21720949741615406,-4923153.565613135
2025-03-04 19:00:00,0.0,0.4010115897957934,0.21727384138070813,-4994865.028760237
2025-03-04 20:00:00,0.0,0.43469651097897377,0.21733818160316276,-4827907.276254507
2025-03-04 21:00:00,0.0,0.33529268808219387,0.2174025180504174,-5114771.460428311
2025-03-04 22:00:00,0.0,0.3052223176110705,0.21746685068937355,-4872448.422854961
2025-03-04 23:00:00,0.0,0.3149037468180049,0.21753117948693465,-4951064.301127432
2025-03-05 00:00:00,0.0,0.32525793512655116,0.21759550441000608,-5242484.61093115
2025-03-05 01:00:00,0.0,0.3568088039563084,0.21765982542549528,-5038361.706429667
2025-03-05 02:00:00,0.0,0.2862677187569198,0.21772414250031172,-4758653.699626591
2025-03-05 03:00:00,0.0,0.4487353400514014,0.21778845560136675,-4898690.965813405
2025-03-05 04:00:00,0.0,0.3580647236572618,0.21785276469557394,-4860147.536898089
2025-03-05 05:00:00,0.0,0.42849351836263433,0.21791706974984876,-4589359.6762662865
2025-03-05 06:00:00,0.0,0.35572819738257594,0.21798137073110893,-4924301.605529678
2025-03-05 07:00:00,0.07366171891820379,0.40053914963131926,0.21804566760627406,-4751680.241473676
2025-03-05 08:00:00,0.14230351342387818,0.38206924248678903,0.21810996034226612,-4794239.894880799
2025-03-05 09:00:00,0.2012475586573903,0.43297183099285486,0.218174248906009,-4776405.952737467
2025-03-05 10:00:00,0.2464769153457168,0.4479728148690467,0.21823853326442885,-4625803.260307099
2025-03-05 11:00:00,0.27490927757559414,0.4433796915347951,0.2183028133844539,-4552092.001442932
2025-03-05 12:00:00,0.2846070268477564,0.3513830301778905,0.21836708923301465,-4418046.043706941
2025-03-05 13:00:00,0.27490927757559414,0.38457534293834456,0.21843136077704373,-4636038.136032678
2025-03-05 14:00:00,0.24647691534571683,0.4192540708595879,0.21849562798347602,-4209378.242215782
2025-03-05 15:00:00,0.20124755865739036,0.34672938237641615,0.21855989081924862,-4375051.221793264
2025-03-05 16:00:00,0.14230351342387818,0.4336622788651954,0.21862414925130091,-4472142.937645447
2025-03-05 17:00:00,0.07366171891820388,0.34039457629084996,0.21868840324657443,-4677745.142842381
2025-03-05 18:00:00,3.485430844439497e-17,0.29494112959399554,0.21875265277201317,-4878638.00993796
2025-03-05 19:00:00,0.0,0.4071029552454116,0.21881689779456323,-4507015.318351479
2025-03-05 20:00:00,0.0,0.36498618745944506,0.21888113828117323,-4765609.251970094
2025-03-05 21:00:00,0.0,0.2994469532158534,0.21894537419879392,-4866151.37675219
2025-03-05 22:00:00,0.0,0.40674479467437397,0.21900960551437856,-4917417.291058628
2025-03-05 23:00:00,0.0,0.4012948825628299,0.21907383219488266,-5220565.21237
2025-03-06 00:00:00,0.0,0.38216811399289924,0.21913805420726423,-4969181.7340818215
2025-03-06 01:00:00,0.0,0.4273839170431632,0.21920227151848365,-5189680.316177233
2025-03-06 02:00:00,0.0,0.39879012794300295,0.2192664840955036,-4889164.4057766665
2025-03-06 03:00:00,0.0,0.33488248178086927,0.2193306919052893,-5165533.412435007
2025-03-06 04:00:00,0.0,0.41974243915567916,0.21939489491480843,-4758367.873542785
2025-03-06 05:00:00,0.0,0.32508919660696867,0.21945909309103115,-4969287.382241881
2025-03-06 06:00:00,0.0,0.4143485973718182,0.21952328640093002,-5011993.902997176
2025-03-06 07:00:00,0.07537243778468107,0.3597600159347601,0.2195874748114802,-4795065.663815159
2025-03-06 08:00:00,0.1456083684931789,0.45155589838423194,0.2196516582896593,-4726576.912163193
2025-03-06 09:00:00,0.20592132951807285,0.285643932953282,0.21971583680244755,-4597261.988795079
2025-03-06 10:00:00,0.2522010922373972,0.3193658330552887,0.21978001031682756,-4734496.541974091
2025-03-06 11:00:00,0.28129376730275396,0.4398866138589317,0.21984417879978477,-4574375.480580722
2025-03-06 12:00:00,0.2912167369863578,0.3964345307612187,0.21990834221830696,-4242863.1722662235
2025-03-06 13:00:00,0.28129376730275396,0.33916170444208676,0.21997250053938475,-4279593.994035685
2025-03-06 14:00:00,0.25220109223739723,0.3799047321149099,0.2200366537300111,-4447945.80265613
2025-03-06 15:00:00,0.2059213295180729,0.3304050805415057,0.2201008017571819,-4212052.132779752
2025-03-06 16:00:00,0.1456083684931789,0.3488472203833001,0.2201649445878955,-4620296.699696599
2025-03-06 17:00:00,0.07537243778468115,0.30449628903014875,0.220229082189153,-4547175.392684258
2025-03-06 18:00:00,3.566376448084797e-17,0.37316521166837613,0.2202932145279582,-4711689.917251822
2025-03-06 19:00:00,0.0,0.3810120507708336,0.22035734157131756,-4572643.066887918
2025-03-06 20:00:00,0.0,0.3238704490333972,0.22042146328624032,-4723199.728857169
2025-03-06 21:00:00,0.0,0.4508381557638022,0.22048557963973836,-4742281.406306046
2025-03-06 22:00:00,0.0,0.45433210466013063,0.22054969059882643,-4967168.783619664
2025-03-06 23:00:00,0.0,0.45123992838519433,0.22061379613052207,-5340133.6644554585
2025-03-07 00:00:00,0.0,0.355883093190761,0.22067789620184544,-5428465.1453960575
2025-03-07 01:00:00,0.0,0.2966509011001441,0.22074199077981976,-5481597.289004437
2025-03-07 02:00:00,0.0,0.44125354131391875,0.22080607983147085,-5053674.235363476
2025-03-07 03:00:00,0.0,0.3690464844039348,0.22087016332382747,-5143565.38700307
2025-03-07 04:00:00,0.0,0.32426251838832737,0.22093424122392127,-5157924.892376964
2025-03-07 05:00:00,0.0,0.4147391586901056,0.2209983134987867,-4923070.508814106
2025-03-07 06:00:00,0.0,0.31441869439102593,0.22106238011546123,-4578056.558008394
2025-03-07 07:00:00,0.07709149963870682,0.34273314728151194,0.22112644104098503,-4635812.816641509
2025-03-07 08:00:00,0.14892934097676258,0.4388146273253219,0.22119049624240142,-4929127.551906681
2025-03-07 09:00:00,0.2106178938446248,0.4123019825208365,0.22125454568675654,-4391409.631660408
2025-03-07 10:00:00,0.25795318530950234,0.29909302202845794,0.22131858934109952,-4603917.305415487
2025-03-07 11:00:00,0.28770939348333163,0.30419815655987065,0.2213826271724825,-4339070.44992059
2025-03-07 12:00:00,0.2978586819535252,0.3654285001725467,0.2214466591479605,-4820279.634890216
2025-03-07 13:00:00,0.28770939348333163,0.33013237408823226,0.2215106852345917,-4445431.62169946
2025-03-07 14:00:00,0.2579531853095024,0.3890082829875468,0.22157470539943727,-4429631.226824385
2025-03-07 15:00:00,0.21061789384462482,0.32943343970638744,0.22163871960956136,-4176735.71895465
2025-03-07 16:00:00,0.14892934097676258,0.32275354356671127,0.22170272783203124,-4435436.742162615
2025-03-07 17:00:00,0.07709149963870691,0.3439746137775251,0.22176673003391728,-4594080.339319453
2025-03-07 18:00:00,3.6477168145263416e-17,0.34699815969684533,0.22183072618229288,-4378563.085574538
2025-03-07 19:00:00,0.0,0.39160101507175726,0.22189471624423454,-4706878.1238967525
2025-03-07 20:00:00,0.0,0.448410375807649,0.22195870018682204,-4832128.879106374
2025-03-07 21:00:00,0.0,0.44073264651482064,0.2220226779771382,-5326224.767633337
2025-03-07 22:00:00,0.0,0.3854570784043909,0.22208664958226892,-5190613.042020975
2025-03-07 23:00:00,0.0,0.34091858609943165,0.2221506149693035,-4941001.310709301
2025-03-08 00:00:00,0.0,0.33126587462969237,0.2222145741053342,-5218296.8213297855
2025-03-08 01:00:00,0.0,0.2903695782951553,0.22227852695745667,-5140846.850752503
2025-03-08 02:00:00,0.0,0.45718663971497286,0.22234247349276975,-4857213.3066307055
2025-03-08 03:00:00,0.0,0.3081373873591606,0.22240641367837546,-4874882.392401745
2025-03-08 04:00:00,0.0,0.3103426899717863,0.2224703474813792,-4901666.536885796
2025-03-08 05:00:00,0.0,0.4180350907862798,0.22253427486888958,-4620559.453658828
2025-03-08 06:00:00,0.0,0.4534246504379885,0.22259819580801848,-4739891.148280842
2025-03-08 07:00:00,0.07881839508515336,0.3541826918476051,0.22266211026588115,-4664511.209794097
2025-03-08 08:00:00,0.15226544679880996,0.3266470317097256,0.22272601820959625,-4698555.277321058
2025-03-08 09:00:00,0.21533585994367602,0.43948151476166164,0.22278991960628558,-4379881.106247235
2025-03-08 10:00:00,0.26373149009271474,0.30318023149178247,0.22285381442307453,-4341115.765470342
2025-03-08 11:00:00,0.2941542550288294,0.305234019708498,0.22291770262709174,-4347673.591954093
2025-03-08 12:00:00,0.30453089359762,0.44567499653118353,0.22298158418546932,-4414703.3758150535
2025-03-08 13:00:00,0.2941542550288294,0.3129263283099557,0.22304545906534276,-4537769.411313931
2025-03-08 14:00:00,0.26373149009271474,0.35818450116794637,0.22310932723385093,-4104504.114071268
2025-03-08 15:00:00,0.21533585994367607,0.34767337115138663,0.22317318865813637,-4313121.544033276
2025-03-08 16:00:00,0.15226544679880996,0.3391223636217192,0.2232370433053448,-4763285.81157108
2025-03-08 17:00:00,0.07881839508515343,0.37964754590479505,0.22330089114262563,-4561264.421991522
2025-03-08 18:00:00,3.729427840858085e-17,0.3859025857336864,0.22336473213713173,-4534841.29747365
2025-03-08 19:00:00,0.0,0.3881903064481671,0.2234285662560194,-4368747.241938646
2025-03-08 20:00:00,0.0,0.42137342818062223,0.22349239346644859,-4799801.557068708
2025-03-08 21:00:00,0.0,0.3638914191218741,0.22355621373558276,-4847745.307968918
2025-03-08 22:00:00,0.0,0.30054984639299637,0.22362002703058892,-4760654.09808117
2025-03-08 23:00:00,0.0,0.4009441068480838,0.22368383331863775,-5066884.726527529
2025-03-09 00:00:00,0.0,0.3712500973264498,0.22374763256690341,-5215723.988023695
2025-03-09 01:00:00,0.0,0.29456339887748983,0.2238114247425638,-5199458.438850307
2025-03-09 02:00:00,0.0,0.3620701255501386,0.22387520981280037,-4856366.493076126
2025-03-09 03:00:00,0.0,0.41332600869053676,0.22393898774479826,-5002427.321566251
2025-03-09 04:00:00,0.0,0.43940901042242625,0.2240027585057463,-4789948.656752238
2025-03-09 05:00:00,0.0,0.4240128773625403,0.22406652206283692,-4903395.045763953
2025-03-09 06:00:00,0.0,0.3144578907248275,0.22413027838326646,-4876303.557539137
2025-03-09 07:00:00,0.0805526124076304,0.30748977011101825,0.2241940274342348,-4851287.366595969
2025-03-09 08:00:00,0.1556156973991669,0.3862170326371106,0.22425776918294557,-4452548.478587085
2025-03-09 09:00:00,0.2200738297800494,0.30905035396642144,0.22432150359660621,-4544593.952230292
2025-03-09 10:00:00,0.2695342943506211,0.42392059777473345,0.22438523064242796,-4209828.984585817
2025-03-09 11:00:00,0.30062644218767987,0.40941852762036113,0.2244489502876258,-4457044.263196276
2025-03-09 12:00:00,0.31123139479833384,0.45376278038983386,0.22451266249941845,-4357239.250230792
2025-03-09 13:00:00,0.30062644218767987,0.3321446055830414,0.22457636724502866,-4471362.629360642
2025-03-09 14:00:00,0.2695342943506211,0.4358314319904773,0.22464006449168283,-4197901.580270166
2025-03-09 15:00:00,0.22007382978004944,0.4558103161085575,0.2247037542066113,-4482920.065366963
2025-03-09 16:00:00,0.1556156973991669,0.38145373705486224,0.22476743635704818,-4419223.027299929
2025-03-09 17:00:00,0.08055261240763048,0.3924315627302551,0.22483111091023172,-4749557.530910825
2025-03-09 18:00:00,3.8114853143394566e-17,0.3749513071101061,0.22489477783340378,-4583599.088668215
2025-03-09 19:00:00,0.0,0.4224786279522069,0.22495843709381036,-4822804.170786062
2025-03-09 20:00:00,0.0,0.39593938408829127,0.22502208865870127,-4614203.092388315
2025-03-09 21:00:00,0.0,0.30591829756359573,0.2250857324953304,-5102387.283254835
2025-03-09 22:00:00,0.0,0.3232366846131906,0.22514936857095552,-5031613.750528817
2025-03-09 23:00:00,0.0,0.3501060178550084,0.2252129968528384,-4673976.303925168
2025-03-10 00:00:00,0.0,0.3418166806850476,0.22527661730824486,-5164623.909476187
2025-03-10 01:00:00,0.0,0.28929316343432937,0.2253402299044447,-5192252.258774978
2025-03-10 02:00:00,0.0,0.3404457082484669,0.22540383460871188,-4966590.765956795
2025-03-10 03:00:00,0.0,0.39861406273908057,0.2254674313883242,-5060763.581922664
2025-03-10 04:00:00,0.0,0.3049854694068022,0.2255310202105638,-5060550.623225817
2025-03-10 05:00:00,0.0,0.33580709965490796,0.22559460104271672,-4542080.865059881
2025-03-10 06:00:00,0.0,0.40136686347370654,0.22565817385207315,-4437886.898219565
2025-03-10 07:00:00,0.08229363772011786,0.3869500392595479,0.22572173860592742,-4654474.962252862
2025-03-10 08:00:00,0.15897910002627613,0.44803460616753193,0.22578529527157812,-4643222.675343811
2025-03-10 09:00:00,0.2248303993910286,0.3729230516775626,0.2258488438163278,-4662035.397698639
2025-03-10 10:00:00,0.27535987858708494,0.4441537303976796,0.2259123842074833,-4599770.720054089
2025-03-10 11:00:00,0.3071240371111465,0.395436588855917,0.22597591641235568,-4558639.251439514
2025-03-10 12:00:00,0.3179582000525523,0.4305783826657412,0.22603944039826013,-4383945.79899296
2025-03-10 13:00:00,0.3071240371111465,0.39371884451046835,0.2261029561325161,-4693516.023659034
2025-03-10 14:00:00,0.27535987858708494,0.34130458949155135,0.2261664635824473,-4221641.8676933795
2025-03-10 15:00:00,0.22483039939102867,0.3196209888310257,0.22622996271538173,-4485395.559656024
2025-03-10 16:00:00,0.15897910002627613,0.3595991606447665,0.22629345349865163,-4476333.586064238
2025-03-10 17:00:00,0.08229363772011794,0.36017169143929,0.22635693589959346,-4806569.600920776
2025-03-10 18:00:00,3.8938649195701204e-17,0.4338608881320644,0.2264204098855482,-4648259.619582152
2025-03-10 19:00:00,0.0,0.3487953058402629,0.22648387542386092,-5046232.463211146
2025-03-10 20:00:00,0.0,0.370300834095358,0.22654733248188122,-4798413.067875214
2025-03-10 21:00:00,0.0,0.4404199531041055,0.22661078102696294,-5055327.01771906
2025-03-10 22:00:00,0.0,0.4076207553470429,0.22667422102646437,-4883938.955030469
2025-03-10 23:00:00,0.0,0.350950525266786,0.2267376524477482,-5185851.924945691
2025-03-11 00:00:00,0.0,0.36440793248331865,0.22680107525818144,-4899406.089626597
2025-03-11 01:00:00,0.0,0.3581472588721341,0.2268644894251357,-5087239.289938121
2025-03-11 02:00:00,0.0,0.35312443684955963,0.22692789491598683,-5235532.954718696
2025-03-11 03:00:00,0.0,0.30937571512087003,0.22699129169811533,-5160902.120518148
2025-03-11 04:00:00,0.0,0.3516395633245577,0.22705467973890608,-5154929.525972936
2025-03-11 05:00:00,0.0,0.3622311421880745,0.22711805900574844,-5085152.360168577
2025-03-11 06:00:00,0.0,0.4018681166077402,0.22718142946603637,-4945472.838962518
2025-03-11 07:00:00,0.08404095511924121,0.3271723170609382,0.22724479108716827,-4811277.6649924
2025-03-11 08:00:00,0.16235465803135116,0.4400309317665558,0.22730814383654716,-4410524.732861327
2025-03-11 09:00:00,0.22960415930238273,0.4210132872785595,0.22737148768158055,-4477035.531072822
2025-03-11 10:00:00,0.28120651655577067,0.4409356613534349,0.22743482258968062,-4641143.164404939
2025-03-11 11:00:00,0.313645114421624,0.3628245541835334,0.22749814852826408,-4274804.779882256
2025-03-11 12:00:00,0.32470931606270237,0.4458350303378789,0.22756146546475228,-4547323.11153221
2025-03-11 13:00:00,0.313645114421624,0.4461201359420141,0.22762477336657122,-4336828.775253945
2025-03-11 14:00:00,0.2812065165557707,0.4406321657415034,0.22768807220115148,-4342328.255555253
2025-03-11 15:00:00,0.22960415930238276,0.4010868088436827,0.22775136193592835,-4487061.329981074
2025-03-11 16:00:00,0.16235465803135116,0.35269179337144874,0.22781464253834188,-4579804.2161397785
2025-03-11 17:00:00,0.08404095511924131,0.3316298666814194,0.2278779139758366,-4289702.343939417
2025-03-11 18:00:00,3.976542245695147e-17,0.30892882425233575,0.22794117621586205,-4542361.254309469
2025-03-11 19:00:00,0.0,0.4041015753690381,0.22800442922587222,-4814682.524660981
2025-03-11 20:00:00,0.0,0.354349153698592,0.22806767297332606,-4457936.372681554
2025-03-11 21:00:00,0.0,0.3724899957033449,0.22813090742568717,-4935252.22548569
2025-03-11 22:00:00,0.0,0.3487960348250216,0.22819413255042392,-5153035.942740314
2025-03-11 23:00:00,0.0,0.45666217674351167,0.2282573483150096,-4977824.409268568
2025-03-12 00:00:00,0.0,0.4355644678873468,0.22832055468692214,-4919989.894536904
2025-03-12 01:00:00,0.0,0.3311030266176935,0.2283837516336445,-5100142.678023337
2025-03-12 02:00:00,0.0,0.44347207430879465,0.2284469391226643,-5327305.124497589
2025-03-12 03:00:00,0.0,0.3302026424851431,0.22851011712147418,-5324080.527273199
2025-03-12 04:00:00,0.0,0.3691556459767799,0.22857328559757156,-5014574.790452143
2025-03-12 05:00:00,0.0,0.4491907579402263,0.2286364445184588,-4932036.531917559
2025-03-12 06:00:00,0.0,0.38505004958137473,0.22869959385164318,-5027671.2118393555
2025-03-12 07:00:00,0.08579404683714492,0.3934833457733402,0.2287627335646369,-4665544.214082582
2025-03-12 08:00:00,0.16574137116370447,0.3458633853393926,0.22882586362495705,-4654162.070332905
2025-03-12 09:00:00,0.23439369494602388,0.4176472767744973,0.22888898400012586,-4284990.010382387
2025-03-12 10:00:00,0.2870724757716674,0.4179783275609953,0.22895209465767033,-4634782.207034115
2025-03-12 11:00:00,0.3201877417831689,0.44772122847516055,0.22901519556512262,-4219058.2077065315
2025-03-12 12:00:00,0.331482742327409,0.40969402620987455,0.22907828669001978,-4310734.927827218
2025-03-12 13:00:00,0.3201877417831689,0.3692999913146585,0.22914136799990406,-4346332.55446014
2025-03-12 14:00:00,0.2870724757716674,0.3689377957865536,0.22920443946232258,-4586327.178706685
2025-03-12 15:00:00,0.2343936949460239,0.37661627294688316,0.2292675010448276,-4533991.537059366
2025-03-12 16:00:00,0.16574137116370447,0.41739873779786535,0.22933055271497654,-4345465.149928398
2025-03-12 17:00:00,0.08579404683714502,0.41452783550090194,0.22939359444033175,-4516695.415339024
2025-03-12 18:00:00,4.059492793638483e-17,0.3629379658324948,0.22945662618846085,-4575433.753282098
2025-03-12 19:00:00,0.0,0.4313722314805093,0.22951964792693652,-4688071.891297561
2025-03-12 20:00:00,0.0,0.45576598141435354,0.22958265962333657,-5098070.933450113
2025-03-12 21:00:00,0.0,0.3610303756550869,0.2296456612452441,-4750120.628640292
2025-03-12 22:00:00,0.0,0.2921515030460805,0.22970865276024724,-4702908.790741177
2025-03-12 23:00:00,0.0,0.3265399743274133,0.2297716341359394,-4701313.970123298
2025-03-13 00:00:00,0.0,0.3491484216027666,0.22983460533991917,-4814790.301705685
2025-03-13 01:00:00,0.0,0.36169899765037666,0.22989756633979042,-4901800.343189566
2025-03-13 02:00:00,0.0,0.3353079471401486,0.2299605171031622,-5084675.221345016
2025-03-13 03:00:00,0.0,0.35917423707864815,0.2300234575976489,-4957051.924967523
2025-03-13 04:00:00,0.0,0.3819366497864059,0.23008638779087018,-5179778.711449219
2025-03-13 05:00:00,0.0,0.4369617545392717,0.23014930765045094,-4671182.043210328
2025-03-13 06:00:00,0.0,0.45056741728370303,0.23021221714402149,-4611088.208141826
2025-03-13 07:00:00,0.08755239339491816,0.3694601129578488,0.23027511623921731,-4611485.117309945
2025-03-13 08:00:00,0.16913823586714377,0.4582206055415716,0.2303380049036795,-4305070.916103788
2025-03-13 09:00:00,0.23919758707917418,0.3379368835193706,0.23040088310505424,-4198033.836041302
2025-03-13 10:00:00,0.29295601802446164,0.36362178911489745,0.23046375081099324,-4625747.974748403
2025-03-13 11:00:00,0.32674998047409237,0.4436517434195612,0.23052660798915364,-4446436.761881389
2025-03-13 12:00:00,0.3382764717342876,0.346616078565683,0.23058945460719787,-4238072.832963459
2025-03-13 13:00:00,0.32674998047409237,0.37800915845935024,0.23065229063279397,-4291895.464650543
2025-03-13 14:00:00,0.29295601802446164,0.40844151208669954,0.23071511603361525,-4557783.229933272
2025-03-13 15:00:00,0.23919758707917424,0.3781765065401476,0.23077793077734055,-4277773.582336448
2025-03-13 16:00:00,0.16913823586714377,0.3713067507176591,0.23084073483165424,-4331180.479866377
2025-03-13 17:00:00,0.08755239339491826,0.4559055106463235,0.23090352816424614,-4498165.79203645
2025-03-13 18:00:00,4.142691983362554e-17,0.3770453560983666,0.23096631074281163,-4546017.886388067
2025-03-13 19:00:00,0.0,0.31622089842082785,0.2310290825350515,-4776290.792862211
2025-03-13 20:00:00,0.0,0.32154115471486816,0.23109184350867235,-4824906.803189876
2025-03-13 21:00:00,0.0,0.31149668972080496,0.23115459363138602,-4969304.645857076
2025-03-13 22:00:00,0.0,0.3803490366791918,0.23121733287091012,-5096833.783865948
2025-03-13 23:00:00,0.0,0.40311945936237337,0.2312800611949679,-5154507.085148195
2025-03-14 00:00:00,0.0,0.3407215211718898,0.2313427785712881,-4988005.281474725
2025-03-14 01:00:00,0.0,0.3406874253394667,0.23140548496760519,-4819506.123498657
2025-03-14 02:00:00,0.0,0.4636942332348049,0.2314681803516592,-5170955.7003260255
2025-03-14 03:00:00,0.0,0.3267041804303172,0.23153086469119585,-5134318.465761098
2025-03-14 04:00:00,0.0,0.4163410328035405,0.23159353795396662,-4652735.688087094
2025-03-14 05:00:00,0.0,0.3886347874918897,0.23165620010772858,-4974823.9792917
2025-03-14 06:00:00,0.0,0.45465820072754365,0.23171885112024462,-5076816.881384597
2025-03-14 07:00:00,0.0893154737565276,0.38809876660742476,0.23178149095928327,-4729283.035866564
2025-03-14 08:00:00,0.17254424557734704,0.3321875801466841,0.23184411959261886,-4815690.4987698775
2025-03-14 09:00:00,0.24401441220491812,0.34601786187760103,0.2319067369880315,-4580877.874614226
2025-03-14 10:00:00,0.29885539989360665,0.4458775958207068,0.23196934311330697,-4989299.699546838
2025-03-14 11:00:00,0.33332988596144575,0.3834970564540041,0.23203193793623703,-4092784.480516301
2025-03-14 12:00:00,0.3450884911546941,0.35482227366673774,0.23209452142461906,-4306720.035378931
2025-03-14 13:00:00,0.33332988596144575,0.33891708475685905,0.23215709354625647,-4632455.306430671
2025-03-14 14:00:00,0.29885539989360665,0.46146150616897263,0.23221965426895833,-4325229.716826067
2025-03-14 15:00:00,0.24401441220491815,0.3092039341480018,0.2322822035605397,-4102581.355097135
2025-03-14 16:00:00,0.17254424557734704,0.31621871840072374,0.23234474138882144,-4539627.324431937
2025-03-14 17:00:00,0.08931547375652771,0.3168186484672045,0.2324072677216304,-4551965.896021333
2025-03-14 18:00:00,4.226115161151859e-17,0.4469050805833402,0.23246978252679926,-4489701.230293216
2025-03-14 19:00:00,0.0,0.37511534751429587,0.23253228577216664,-4342472.616588133
2025-03-14 20:00:00,0.0,0.46727256089596325,0.23259477742557716,-4497954.3351218235
2025-03-14 21:00:00,0.0,0.34940117219757916,0.23265725745488142,-4945897.618174172
2025-03-14 22:00:00,0.0,0.34305573528192396,0.23271972582793585,-5064698.849122773
2025-03-14 23:00:00,0.0,0.4434834379091595,0.23278218251260305,-4968929.250029346
2025-03-15 00:00:00,0.0,0.36391099768772417,0.2328446274767515,-5309346.192342215
2025-03-15 01:00:00,0.0,0.43251659195310305,0.23290706068825584,-5212049.274862031
2025-03-15 02:00:00,0.0,0.46124602691512573,0.23296948211499666,-5224048.560455002
2025-03-15 03:00:00,0.0,0.44692653429566503,0.23303189172486063,-5083494.471795804
2025-03-15 04:00:00,0.0,0.45884158336667613,0.23309428948574057,-4552174.09164035
2025-03-15 05:00:00,0.0,0.40393817802358445,0.23315667536553522,-4758979.234264844
2025-03-15 06:00:00,0.0,0.39176010096576946,0.23321904933214965,-4650586.945143527
2025-03-15 07:00:00,0.09108276548321174,0.4340209480204486,0.2332814113534949,-4680295.766436983
2025-03-15 08:00:00,0.17595839102012945,0.466643099854449,0.23334376139748822,-4018909.504317721
2025-03-15 09:00:00,0.24884274299401532,0.4593861356394362,0.23340609943205307,-4500137.07840531
2025-03-15 10:00:00,0.3047688732649355,0.3719560068020834,0.23346842542511898,-4225164.085766083
2025-03-15 11:00:00,0.3399255084772271,0.3508027050208377,0.2335307393446217,-4772359.754157687
2025-03-15 12:00:00,0.35191678204025895,0.3788490678977399,0.2335930411585033,-4221202.175197498
2025-03-15 13:00:00,0.3399255084772271,0.38323757472792747,0.23365533083471196,-3951027.8721996215
2025-03-15 14:00:00,0.30476887326493557,0.39678214143747587,0.2337176083412021,-4386541.628282045
2025-03-15 15:00:00,0.24884274299401535,0.4093225837043721,0.23377987364593447,-4078639.5341388597
2025-03-15 16:00:00,0.17595839102012945,0.37664477896606,0.23384212671687613,-4473529.422583447
2025-03-15 17:00:00,0.09108276548321184,0.40496733695586934,0.23390436752200028,-4558424.046533509
2025-03-15 18:00:00,4.309737606918399e-17,0.4501308929239596,0.23396659602928657,-4316702.677087032
2025-03-15 19:00:00,0.0,0.468417312495887,0.2340288122067209,-4892328.375516595
2025-03-15 20:00:00,0.0,0.4673836145809229,0.23409101602229562,-4720882.358489385
2025-03-15 21:00:00,0.0,0.41532640365542123,0.23415320744400925,-4898288.097475143
2025-03-15 22:00:00,0.0,0.39675334006769664,0.2342153864398669,-4911229.511812428
2025-03-15 23:00:00,0.0,0.4178475149700561,0.2342775529778799,-4894726.333165171
2025-03-16 00:00:00,0.0,0.42471692955324125,0.2343397070260661,-5108530.290735604
2025-03-16 01:00:00,0.0,0.3025544947380457,0.23440184855244972,-5051869.178449214
2025-03-16 02:00:00,0.0,0.4552138598904366,0.23446397752506148,-4988324.029569895
2025-03-16 03:00:00,0.0,0.38115074257713516,0.23452609391193846,-5199272.336900053
2025-03-16 04:00:00,0.0,0.46610867270740297,0.2345881976811243,-4811741.755361541
2025-03-16 05:00:00,0.0,0.4446803023967713,0.23465028880066904,-5068888.006731102
2025-03-16 06:00:00,0.0,0.445693600156728,0.2347123672386294,-4713003.408711686
2025-03-16 07:00:00,0.09285374488829068,0.33029760976453604,0.23477443296306846,-4824373.505217447
2025-03-16 08:00:00,0.17937966051051302,0.4455493937384326,0.23483648594205592,-4693069.57566458
2025-03-16 09:00:00,0.253681148707849,0.37334080533574937,0.23489852614366796,-4378357.767639398
2025-03-16 10:00:00,0.31069468584866516,0.3696885178567464,0.2349605535359874,-4146712.76740751
2025-03-16 11:00:00,0.34653489359613976,0.29521500592314504,0.23502256808710364,-4213231.610375406
2025-03-16 12:00:00,0.3587593210210261,0.3634839656098005,0.23508456976511272,-4199959.951912721
2025-03-16 13:00:00,0.34653489359613976,0.33439022468749013,0.23514655853811728,-4243463.360322205
2025-03-16 14:00:00,0.3106946858486652,0.46646393924834717,0.23520853437422648,-4144325.846249817
2025-03-16 15:00:00,0.2536811487078491,0.41908719170389036,0.2352704972415563,-4519788.920995888
2025-03-16 16:00:00,0.17937966051051302,0.37653351510744754,0.23533244710822937,-4593444.588074203
2025-03-16 17:00:00,0.09285374488829078,0.3654498834143461,0.23539438394237486,-4206506.034422493
2025-03-16 18:00:00,4.393534541526774e-17,0.3389773647494268,0.2354563077121289,-4643688.70292991
2025-03-16 19:00:00,0.0,0.40551932419877873,0.23551821838563408,-4511846.381982541
2025-03-16 20:00:00,0.0,0.35129977861310485,0.2355801159310399,-4550151.553599103
2025-03-16 21:00:00,0.0,0.34736285521020066,0.23564200031650256,-4964769.997186287
2025-03-16 22:00:00,0.0,0.4031247595345438,0.23570387151018496,-4797055.665113678
2025-03-16 23:00:00,0.0,0.4673637192017591,0.23576572948025692,-4908000.756439806
2025-03-17 00:00:00,0.0,0.3388537981343255,0.23582757419489495,-4798754.194576917
2025-03-17 01:00:00,0.0,0.3095835200926324,0.2358894056222825,-4977492.840966205
2025-03-17 02:00:00,0.0,0.4011042950638756,0.23595122373060973,-4908756.509207386
2025-03-17 03:00:00,0.0,0.3023637864338707,0.2360130284880737,-4747983.223482563
2025-03-17 04:00:00,0.0,0.42420631203309117,0.23607481986287832,-4803334.857734299
2025-03-17 05:00:00,0.0,0.37013292325308766,0.23613659782323446,-4967749.765037439
2025-03-17 06:00:00,0.0,0.3075756110189798,0.23619836233735983,-4755369.5927099055
2025-03-17 07:00:00,0.09462788719234579,0.37977465887362155,0.23626011337347902,-4671294.684524533
2025-03-17 08:00:00,0.1828070402525107,0.4560869673038815,0.23632185089982366,-4597769.28703601
2025-03-17 09:00:00,0.25852819562238494,0.3874299044659996,0.23638357488463224,-4488391.17206369
2025-03-17 10:00:00,0.31663108169863746,0.33339941207322926,0.23644528529615022,-4297009.080377643
2025-03-17 11:00:00,0.35315608281473077,0.45094838988927727,0.23650698210263016,-4386242.598813634
2025-03-17 12:00:00,0.3656140805050214,0.416567198312287,0.23656866527233142,-4037048.480176135
2025-03-17 13:00:00,0.35315608281473077,0.4221765813702884,0.23663033477352052,-4402287.908535809
2025-03-17 14:00:00,0.3166310816986375,0.4410724292987588,0.23669199057447102,-4295729.773888366
2025-03-17 15:00:00,0.258528195622385,0.41734071246848625,0.23675363264346344,-4416127.205419302
2025-03-17 16:00:00,0.1828070402525107,0.29501961884530875,0.23681526094878544,-4494292.332638939
2025-03-17 17:00:00,0.0946278871923459,0.4675255257281946,0.23687687545873165,-4241855.08915157
2025-03-17 18:00:00,4.4774811341367726e-17,0.41731374951962025,0.23693847614160402,-4438700.388978172
2025-03-17 19:00:00,0.0,0.35137390089950926,0.23700006296571136,-4340628.051823016
2025-03-17 20:00:00,0.0,0.3897843264381791,0.23706163589936968,-4891860.941616864
2025-03-17 21:00:00,0.0,0.41063854447430487,0.23712319491090236,-4738366.662704883
2025-03-17 22:00:00,0.0,0.32794535605988273,0.23718473996863956,-4825177.7058326965
2025-03-17 23:00:00,0.0,0.44073782162613945,0.23724627104091894,-4927505.74864465
2025-03-18 00:00:00,0.0,0.4533397223973136,0.23730778809608516,-4851130.130355441
2025-03-18 01:00:00,0.0,0.344053641043684,0.23736929110249028,-5186813.68144756
2025-03-18 02:00:00,0.0,0.33086698186296676,0.23743078002849327,-4959336.824594006
2025-03-18 03:00:00,0.0,0.3380280851773774,0.23749225484246075,-4990755.08851898
2025-03-18 04:00:00,0.0,0.3974343157422343,0.2375537155127663,-4799132.534615766
2025-03-18 05:00:00,0.0,0.4615451523791611,0.23761516200779084,-4934751.441498026
2025-03-18 06:00:00,0.0,0.3293044048003008,0.2376765942959227,-4792068.318042255
2025-03-18 07:00:00,0.0964046666787233,0.40078381244003114,0.23773801234555736,-4707373.344621925
2025-03-18 08:00:00,0.18623951463953603,0.46182708558628305,0.23779941612509775,-4426357.878549677
2025-03-18 09:00:00,0.2633824474530144,0.4195436642738151,0.23786080560295406,-4757070.349977906
2025-03-18 10:00:00,0.3225763017326441,0.3972980713220517,0.23792218074754384,-4299789.792785881
2025-03-18 11:00:00,0.35978711413173775,0.30724044306806897,0.2379835415272921,-4177500.4942893423
2025-03-18 12:00:00,0.37247902927907206,0.36449343485326074,0.23804488791063114,-4246946.277380071
2025-03-18 13:00:00,0.35978711413173775,0.3118992276918387,0.23810621986600072,-4170857.9411641657
2025-03-18 14:00:00,0.3225763017326442,0.3869215506908107,0.23816753736184804,-4634657.539968929
2025-03-18 15:00:00,0.2633824474530145,0.3184510303776826,0.23822884036662764,-4516186.992639735
2025-03-18 16:00:00,0.18623951463953603,0.4412493910455362,0.23829012884880166,-4610189.849086561
2025-03-18 17:00:00,0.0964046666787234,0.40755631718877666,0.23835140277683958,-4624479.088442928
2025-03-18 18:00:00,4.561552509561289e-17,0.4099240779481453,0.23841266211921844,-4398557.05097729
2025-03-18 19:00:00,0.0,0.307160100026862,0.23847390684442274,-4439960.360735528
2025-03-18 20:00:00,0.0,0.3192519596746298,0.2385351369209446,-4662025.539835202
2025-03-18 21:00:00,0.0,0.43004502733475514,0.23859635231728357,-4711110.268201072
2025-03-18 22:00:00,0.0,0.4105494449514702,0.23865755300194677,-4634980.053142373
2025-03-18 23:00:00,0.0,0.4225504869942104,0.23871873894344886,-5013218.490056944
2025-03-19 00:00:00,0.0,0.3372162894392203,0.2387799101103122,-4845536.626587152
2025-03-19 01:00:00,0.0,0.38463869766487996,0.23884106647106665,-4941920.536453281
2025-03-19 02:00:00,0.0,0.38834361770741516,0.23890220799424977,-4914059.209124969
2025-03-19 03:00:00,0.0,0.4312834413271696,0.23896333464840655,-4836237.232480281
2025-03-19 04:00:00,0.0,0.32759141462190583,0.23902444640208997,-4672247.920661521
2025-03-19 05:00:00,0.0,0.45094346242981287,0.23908554322386033,-4771832.9619690925
2025-03-19 06:00:00,0.0,0.4159437213124423,0.23914662508228587,-4832875.196460836
2025-03-19 07:00:00,0.09818355684931533,0.38050712517297214,0.23920769194594238,-4694743.654814302
2025-03-19 08:00:00,0.18967606655534924,0.37963743034277886,0.2392687437834134,-4331315.615167868
2025-03-19 09:00:00,0.2682424657801567,0.37877601261809596,0.23932978056329027,-4420610.152759986
2025-03-19 10:00:00,0.3285285842536808,0.35366407409783146,0.23939080225417192,-4540262.940417749
2025-03-19 11:00:00,0.3664260226294721,0.39702770739275034,0.2394518088246652,-4464422.5258740615
2025-03-19 12:00:00,0.37935213311069854,0.4543506818274309,0.2395128002433847,-4048070.7012986927
2025-03-19 13:00:00,0.3664260226294721,0.36285722299597845,0.2395737764789527,-4416929.849441943
2025-03-19 14:00:00,0.32852858425368087,0.326910891740738,0.23963473749999947,-4744520.120988838
2025-03-19 15:00:00,0.26824246578015676,0.4316405295226222,0.23969568327516294,-4625624.93244813
2025-03-19 16:00:00,0.18967606655534924,0.38012087016539636,0.239756613773089,-4393783.208942451
2025-03-19 17:00:00,0.09818355684931544,0.44429905119717067,0.2398175289624313,-4334869.995582834
2025-03-19 18:00:00,4.645723755637376e-17,0.4145694619823654,0.23987842881185145,-4453041.05904727
2025-03-19 19:00:00,0.0,0.4352299475905273,0.23993931329001897,-4827179.334423061
2025-03-19 20:00:00,0.0,0.3960387931965391,0.24000018236561116,-4392041.373219212
2025-03-19 21:00:00,0.0,0.4179529571935309,0.24006103600731332,-4689909.904176018
2025-03-19 22:00:00,0.0,0.4114070299249959,0.2401218741838188,-4701681.413404331
2025-03-19 23:00:00,0.0,0.4417943482868863,0.2401826968638287,-4801603.267103445
2025-03-20 00:00:00,0.0,0.4509810986557817,0.24024350401605218,-4945457.4201043425
2025-03-20 01:00:00,0.0,0.3582609779534961,0.24030429560920646,-4812885.559816041
2025-03-20 02:00:00,0.0,0.30368320208616756,0.2403650716120167,-5381642.819871987
2025-03-20 03:00:00,0.0,0.397446427165883,0.24042583199321607,-5238301.319875111
2025-03-20 04:00:00,0.0,0.34537701093895906,0.2404865767215458,-5033990.154847056
2025-03-20 05:00:00,0.0,0.3777650639252417,0.24054730576575517,-4714058.517961874
2025-03-20 06:00:00,0.0,0.3796486675865,0.2406080190946015,-4697008.094780574
2025-03-20 07:00:00,0.09996403058057275,0.46205660315987834,0.2406687166768502,-4623458.846459997
2025-03-20 08:00:00,0.19311567767545085,0.31502957982953184,0.24072939848127484,-4458016.416860008
2025-03-20 09:00:00,0.27310681047549373,0.33907220439662134,0.24079006447665707,-4514995.566924064
2025-03-20 10:00:00,0.3344861654719757,0.32003399454877995,0.24085071463178662,-4599822.993493244
2025-03-20 11:00:00,0.3730708410560665,0.4024635960025314,0.2409113489154615,-4559406.508942974
2025-03-20 12:00:00,0.38623135535090175,0.462775078372444,0.24097196729648773,-4466259.542776904
2025-03-20 13:00:00,0.3730708410560665,0.38142009005562144,0.24103256974367965,-4268042.32206347
2025-03-20 14:00:00,0.33448616547197574,0.46410968562292326,0.24109315622585964,-4067687.8412200133
2025-03-20 15:00:00,0.2731068104754938,0.39212442628253974,0.24115372671185845,-4119980.929575734
2025-03-20 16:00:00,0.19311567767545085,0.38735870519155424,0.24121428117051502,-4494874.081677771
2025-03-20 17:00:00,0.09996403058057285,0.3099004677524636,0.24127481957067648,-4667658.6810774235
2025-03-20 18:00:00,4.7299699306082576e-17,0.4122375163331418,0.24133534188119823,-4438439.1439838
2025-03-20 19:00:00,0.0,0.4103942455284975,0.24139584807094402,-4581835.674735517
2025-03-20 20:00:00,0.0,0.443547768496775,0.24145633810878578,-4564565.949693973
2025-03-20 21:00:00,0.0,0.3336380851354309,0.24151681196360386,-5255756.990804705
2025-03-20 22:00:00,0.0,0.39134993676381674,0.24157726960428688,-4935307.078431967
2025-03-20 23:00:00,0.0,0.4197572790097906,0.2416377109997318,-4865760.300085114
2025-03-21 00:00:00,0.0,0.43009627784210946,0.24169813611884397,-5031136.246792568
2025-03-21 01:00:00,0.0,0.365386684795237,0.24175854493053706,-5101417.651618805
2025-03-21 02:00:00,0.0,0.30536241942541287,0.24181893740373317,-4860866.852405472
2025-03-21 03:00:00,0.0,0.4526381235183607,0.2418793135073628,-4791256.856804551
2025-03-21 04:00:00,0.0,0.3047704923996982,0.24193967321036486,-4763643.392433737
2025-03-21 05:00:00,0.0,0.3160934200507057,0.24200001648168673,-4580633.668810046
2025-03-21 06:00:00,0.0,0.41406984108242073,0.2420603432902842,-4892048.255189611
2025-03-21 07:00:00,0.10174556027970322,0.36279623328402955,0.24212065360512156,-4345584.168515354
2025-03-21 08:00:00,0.19655732876883306,0.4572706800896481,0.24218094739517154,-4695927.402003838
2025-03-21 09:00:00,0.2779740401287111,0.40625942413237665,0.24224122462941544,-4145512.998942408
2025-03-21 10:00:00,0.34044728002763863,0.3005996389011991,0.242301485276843,-4359721.709227362
2025-03-21 11:00:00,0.3797196004084143,0.3496566467591015,0.24236172930645258,-4366698.6032496635
2025-03-21 12:00:00,0.39311465753766617,0.32210051974474535,0.24242195668725103,-4455174.582416979
2025-03-21 13:00:00,0.3797196004084143,0.3763668983134016,0.24248216738825376,-3998603.5747103603
2025-03-21 14:00:00,0.3404472800276387,0.36733669961319676,0.24254236137848484,-4196501.415106143
2025-03-21 15:00:00,0.27797404012871113,0.2974943532614949,0.2426025386269768,-4096111.206297482
2025-03-21 16:00:00,0.19655732876883306,0.3099373255659693,0.24266269910277088,-4628251.82916316
2025-03-21 17:00:00,0.10174556027970333,0.373760146319202,0.24272284277491696,-4297370.190116654
2025-03-21 18:00:00,4.8142660705141076e-17,0.30611891104260197,0.24278296961247356,-4816029.334805705
2025-03-21 19:00:00,0.0,0.3488642227029148,0.24284307958450776,-4627775.439218586
2025-03-21 20:00:00,0.0,0.43650033779886316,0.2429031726600954,-4727184.894551004
2025-03-21 21:00:00,0.0,0.3305542753865464,0.24296324880832107,-4801741.119325213
2025-03-21 22:00:00,0.0,0.4368879536919496,0.24302330799827793,-5066019.02350308
2025-03-21 23:00:00,0.0,0.34085002227751904,0.243083350199068,-4781031.076139337
2025-03-22 00:00:00,0.0,0.3560751315706033,0.2431433753798019,-5181221.326585374
2025-03-22 01:00:00,0.0,0.3310294945753383,0.24320338350959914,-4705622.363587507
2025-03-22 02:00:00,0.0,0.4549219097977333,0.24326337455758798,-4963396.767762295
2025-03-22 03:00:00,0.0,0.44736279087592484,0.24332334849290532,-5197898.495435445
2025-03-22 04:00:00,0.0,0.46757620914803405,0.2433833052846971,-5155270.246189949
2025-03-22 05:00:00,0.0,0.3489260546745365,0.24344324490211786,-4682042.509811636
2025-03-22 06:00:00,0.0,0.37570234386044504,0.24350316731433114,-4992391.845597253
2025-03-22 07:00:00,0.1035276180410083,0.4144579742997467,0.24356307249050924,-4384736.383488427
2025-03-22 08:00:00,0.19999999999999998,0.369242131622218,0.24362296039983328,-4507892.454002657
2025-03-22 09:00:00,0.282842712474619,0.4215054786677063,0.24368283101149346,-4307523.74215518
2025-03-22 10:00:00,0.34641016151377546,0.39292771729345116,0.24374268429468868,-4353546.562872933
2025-03-22 11:00:00,0.38637033051562736,0.35037756468945613,0.24380252021862683,-3982886.1545345173
2025-03-22 12:00:00,0.4,0.3387992161428935,0.24386233875252475,-4230908.405017423
2025-03-22 13:00:00,0.38637033051562736,0.3478884873082884,0.24392213986560818,-4030485.8506988822
2025-03-22 14:00:00,0.3464101615137755,0.47447245308028163,0.2439819235271119,-4064519.140849293
2025-03-22 15:00:00,0.28284271247461906,0.3665195284466673,0.2440416897062795,-4413466.692161931
2025-03-22 16:00:00,0.19999999999999998,0.31507876641318927,0.24410143837236384,-4340035.67171388
2025-03-22 17:00:00,0.1035276180410084,0.3860988015577232,0.2441611694946265,-4420344.563921392
2025-03-22 18:00:00,4.898587196589413e-17,0.3501647260898873,0.24422088304233824,-4517364.414113875
2025-03-22 19:00:00,0.0,0.30039733170500393,0.2442805789847789,-4598526.638913041
2025-03-22 20:00:00,0.0,0.3236918365759209,0.2443402572912372,-4855669.702062259
2025-03-22 21:00:00,0.0,0.4046093679832177,0.24439991793101118,-4599696.702323481
2025-03-22 22:00:00,0.0,0.43730949726174223,0.24445956087340773,-4667550.986799109
2025-03-22 23:00:00,0.0,0.3133378259453605,0.244519186087743,-4836946.566570506
2025-03-23 00:00:00,0.0,0.47417623242104395,0.2445787935433422,-4765385.936185997
2025-03-23 01:00:00,0.0,0.400546953670893,0.24463838320953968,-5024785.606463376
2025-03-23 02:00:00,0.0,0.45632003070100335,0.24469795505567893,-4880794.116239434
2025-03-23 03:00:00,0.0,0.41573282698800346,0.24475750905111265,-4764235.801176025
2025-03-23 04:00:00,0.0,0.41959762684583063,0.24481704516520272,-4833998.628945512
2025-03-23 05:00:00,0.0,0.476343680331908,0.24487656336732017,-5070657.027102185
2025-03-23 06:00:00,0.0,0.4126239600080451,0.24493606362684525,-4580392.5022293925
2025-03-23 07:00:00,0.10530967580231339,0.42734392333814064,0.2449955459131675,-4239416.410249477
2025-03-23 08:00:00,0.2034426712311669,0.4090813352009942,0.24505501019568568,-4396697.597272233
2025-03-23 09:00:00,0.287711384820527,0.4631192330511984,0.24511445644380778,-4483634.5245995885
2025-03-23 10:00:00,0.35237304299991234,0.4694617574368415,0.24517388462695108,-4099783.245970009
2025-03-23 11:00:00,0.3930210606228404,0.4183149312495465,0.2452332947145422,-4527266.633572062
2025-03-23 12:00:00,0.40688534246233393,0.4696728735086402,0.24529268667601697,-4436694.440470437
2025-03-23 13:00:00,0.3930210606228404,0.3253905178195375,0.2453520604808207,-4174307.3287825733
2025-03-23 14:00:00,0.35237304299991234,0.316093917242462,0.24541141609840791,-4171532.0509992912
2025-03-23 15:00:00,0.287711384820527,0.46451951367101274,0.24547075349824246,-4008743.445399859
2025-03-23 16:00:00,0.2034426712311669,0.33583996170179947,0.2455300726497977,-4343144.612177127
2025-03-23 17:00:00,0.10530967580231353,0.44708873995603476,0.24558937352255633,-4427206.793820823
2025-03-23 18:00:00,4.9829083226647186e-17,0.3264477780380272,0.24564865608601036,-4580621.298251526
2025-03-23 19:00:00,0.0,0.40351909900611743,0.24570792030966138,-4333994.907851022
2025-03-23 20:00:00,0.0,0.3854481573808087,0.2457671661630202,-4689186.618619911
2025-03-23 21:00:00,0.0,0.4123152622850587,0.24582639361560732,-5003031.610470268
2025-03-23 22:00:00,0.0,0.39286487289265865,0.24588560263695253,-4762879.989885318
2025-03-23 23:00:00,0.0,0.3350721580687612,0.24594479319659518,-4932258.068639035
2025-03-24 00:00:00,0.0,0.29929635052283005,0.24600396526408408,-4884374.608804307
2025-03-24 01:00:00,0.0,0.3346893750966371,0.24606311880897763,-4980474.107186611
2025-03-24 02:00:00,0.0,0.3343705991115977,0.2461222538008437,-4951921.81994497
2025-03-24 03:00:00,0.0,0.42297535508046064,0.24618137020925968,-4722107.079228202
2025-03-24 04:00:00,0.0,0.45859481932970775,0.24624046800381255,-5026448.643474387
2025-03-24 05:00:00,0.0,0.4182007088767595,0.24629954715409882,-4626234.161112938
2025-03-24 06:00:00,0.0,0.40061807778344155,0.24635860762972472,-4594303.805137656
2025-03-24 07:00:00,0.10709120550144387,0.376010998884661,0.246417649400306,-4647226.837704636
2025-03-24 08:00:00,0.20688432232454912,0.45530723548018737,0.246476672435468,-4443570.845180496
2025-03-24 09:00:00,0.2925786144737443,0.34884789156722235,0.24653567670484575,-4136754.991920522
2025-03-24 10:00:00,0.3583341575555753,0.3496954547595744,0.2465946621780839,-4551360.038140507
2025-03-24 11:00:00,0.39966981997518825,0.46548914288013693,0.24665362882483685,-3862018.642038475
2025-03-24 12:00:00,0.41376864464909835,0.36154384905304876,0.2467125766147686,-4035553.8664089544
2025-03-24 13:00:00,0.39966981997518825,0.3617610654833815,0.24677150551755278,-4346316.065784359
2025-03-24 14:00:00,0.35833415755557535,0.4262170772724287,0.246830415502873,-3892022.3728690837
2025-03-24 15:00:00,0.29257861447374434,0.32713895039189483,0.24688930654042232,-4317207.417200334
2025-03-24 16:00:00,0.20688432232454912,0.3773699712091066,0.2469481785999037,-4683874.767170249
2025-03-24 17:00:00,0.10709120550144398,0.41520707271526686,0.24700703165102983,-4518886.857729242
2025-03-24 18:00:00,5.0672044625705685e-17,0.3797798848638831,0.24706586566352318,-4394714.148758323
2025-03-24 19:00:00,0.0,0.46218265864652325,0.247124680607116,-4873006.757949606
2025-03-24 20:00:00,0.0,0.39283243225025777,0.24718347645155037,-4938941.685986711
2025-03-24 21:00:00,0.0,0.37000787762122167,0.24724225316657822,-5004792.770082737
2025-03-24 22:00:00,0.0,0.4480574183731854,0.24730101072196123,-4506496.5956078125
2025-03-24 23:00:00,0.0,0.44630475415661586,0.24735974908747105,-4849158.829855763
2025-03-25 00:00:00,0.0,0.3441124519108303,0.24741846823288904,-5243969.878398225
2025-03-25 01:00:00,0.0,0.4685435055927469,0.2474771681280067,-5094317.448918453
2025-03-25 02:00:00,0.0,0.42446787470668934,0.2475358487426252,-5053170.9959759675
2025-03-25 03:00:00,0.0,0.3925137989519318,0.24759451004655572,-4474252.735313477
2025-03-25 04:00:00,0.0,0.4044960230925268,0.24765315200961943,-5168166.754426013
2025-03-25 05:00:00,0.0,0.4050908402690916,0.24771177460164734,-4592256.923706612
2025-03-25 06:00:00,0.0,0.37668558095625665,0.2477703777924805,-4862793.112304295
2025-03-25 07:00:00,0.10887167923270127,0.4764572083245223,0.24782896155196993,-4560675.417479097
2025-03-25 08:00:00,0.21032393344465072,0.3360958407058895,0.24788752584997661,-4978628.125049775
2025-03-25 09:00:00,0.2974429591690813,0.42188372060421425,0.2479460706563716,-4739660.508686207
2025-03-25 10:00:00,0.36429173877387017,0.4176387172542167,0.24800459594103585,-4369920.195314138
2025-03-25 11:00:00,0.4063146384017826,0.410454098853505,0.2480631016738606,-4018073.719939706
2025-03-25 12:00:00,0.42064786688930156,0.30665649161746744,0.24812158782474686,-4090461.813530004
2025-03-25 13:00:00,0.4063146384017826,0.4556481783705085,0.24818005436360596,-4005655.1635692436
2025-03-25 14:00:00,0.3642917387738702,0.308373436951749,0.2482385012603591,-4086370.983117448
2025-03-25 15:00:00,0.29744295916908137,0.43933985048291585,0.24829692848493778,-4065157.249535412
2025-03-25 16:00:00,0.21032393344465072,0.3930293072083991,0.24835533600728352,-4038072.0934884106
2025-03-25 17:00:00,0.10887167923270141,0.37391173370990327,0.248413723797348,-4369627.174355888
2025-03-25 18:00:00,5.151450637541451e-17,0.3592559011329718,0.248472091825093,-4393747.789441388
2025-03-25 19:00:00,0.0,0.3695370709254165,0.24853044006049058,-4591467.780722639
2025-03-25 20:00:00,0.0,0.32549799136478164,0.24858876847352285,-4337317.904052153
2025-03-25 21:00:00,0.0,0.3796214130767659,0.24864707703418226,-4835959.879220856
2025-03-25 22:00:00,0.0,0.35990269017448934,0.2487053657124713,-4620275.226633445
2025-03-25 23:00:00,0.0,0.3672061535532035,0.2487636344784028,-4653090.218368427
2025-03-26 00:00:00,0.0,0.3539917433597652,0.24882188330199992,-4839999.40860102
2025-03-26 01:00:00,0.0,0.31559631584540415,0.24888011215329586,-4846119.361770154
2025-03-26 02:00:00,0.0,0.3407297329764031,0.24893832100233432,-4736207.807900064
2025-03-26 03:00:00,0.0,0.373019773678002,0.24899650981916907,-4804237.951283429
2025-03-26 04:00:00,0.0,0.3909634855558567,0.24905467857386432,-4882863.714298221
2025-03-26 05:00:00,0.0,0.3851759176685206,0.24911282723649464,-4736833.061747867
2025-03-26 06:00:00,0.0,0.4548303062020681,0.24917095577714488,-4507901.06942213
2025-03-26 07:00:00,0.1106505694032933,0.42863068269920707,0.24922906416591017,-4595565.275609463
2025-03-26 08:00:00,0.21376048536046396,0.3134298524847357,0.24928715237289611,-4628155.30026612
2025-03-26 09:00:00,0.3023029774962236,0.45570912922564394,0.24934522036821868,-4507242.282407476
2025-03-26 10:00:00,0.3702440212949068,0.357037240569267,0.2494032681220042,-4226193.925291247
2025-03-26 11:00:00,0.41295354689951697,0.31614241124377407,0.24946129560438937,-4429410.031887871
2025-03-26 12:00:00,0.427520970720928,0.4270214361382732,0.24951930278552148,-4417994.329180943
2025-03-26 13:00:00,0.41295354689951697,0.30307931506539554,0.24957728963555809,-4022886.5006215363
2025-03-26 14:00:00,0.3702440212949069,0.3916571260441477,0.24963525612466736,-4231847.116143142
2025-03-26 15:00:00,0.30230297749622365,0.3256164343013077,0.24969320222302777,-4244346.709668544
2025-03-26 16:00:00,0.21376048536046396,0.3712171890919182,0.24975112790082846,-4521436.007698641
2025-03-26 17:00:00,0.11065056940329343,0.4509203253757796,0.24980903312826894,-4231919.500716803
2025-03-26 18:00:00,5.235621883617538e-17,0.3152832949591728,0.2498669178755593,-4880812.221593313
2025-03-26 19:00:00,0.0,0.3069485958294421,0.24992478211292024,-4461440.639353023
2025-03-26 20:00:00,0.0,0.381612255155581,0.24998262581058278,-4825480.088773874
2025-03-26 21:00:00,0.0,0.46547196867458585,0.2500404489387888,-4626264.973876202
2025-03-26 22:00:00,0.0,0.37290542173398344,0.2500982514677905,-4759752.572946782
2025-03-26 23:00:00,0.0,0.41606838192422263,0.2501560333678509,-4776646.103316169
2025-03-27 00:00:00,0.0,0.4028627597421882,0.25021379460924353,-4609119.074855814
2025-03-27 01:00:00,0.0,0.327310319838888,0.2502715351622525,-4654787.099980618
2025-03-27 02:00:00,0.0,0.34571087061428396,0.2503292549971726,-5001528.79836411
2025-03-27 03:00:00,0.0,0.36278478668667935,0.25038695408430933,-4665103.502041983
2025-03-27 04:00:00,0.0,0.32292395308270233,0.2504446323939788,-4960471.760878505
2025-03-27 05:00:00,0.0,0.3230769075423952,0.25050228989650786,-4781279.964489373
2025-03-27 06:00:00,0.0,0.39443023735598154,0.250559926562234,-4599121.197684278
2025-03-27 07:00:00,0.11242734888967082,0.3443749890796732,0.2506175423615055,-4634529.793501098
2025-03-27 08:00:00,0.21719295974748928,0.3330965838491163,0.2506751372646813,-4316303.047076251
2025-03-27 09:00:00,0.3071572293268531,0.39207818692790025,0.25073271124213126,-4554808.838205134
2025-03-27 10:00:00,0.3761892413289135,0.4348806306963974,0.25079026426423573,-4613370.548726359
2025-03-27 11:00:00,0.41958457821652395,0.40567397290464835,0.2508477963013861,-4340177.316811581
2025-03-27 12:00:00,0.4343859194949786,0.47237676937987017,0.2509053073239843,-4199321.886362723
2025-03-27 13:00:00,0.41958457821652395,0.45081105527418364,0.25096279730244336,-3807525.970608418
2025-03-27 14:00:00,0.37618924132891357,0.383384923268822,0.2510202662071869,-4426365.130899544
2025-03-27 15:00:00,0.30715722932685313,0.4341077387369335,0.2510777140086496,-3989939.820125647
2025-03-27 16:00:00,0.21719295974748928,0.3889800126137435,0.25113514067727677,-3933862.8568575345
2025-03-27 17:00:00,0.11242734888967094,0.4111460526467591,0.25119254618352466,-4040677.8758894545
2025-03-27 18:00:00,5.319693259042055e-17,0.35535920281466715,0.25124993049786054,-4570183.049875613
2025-03-27 19:00:00,0.0,0.42169210637906507,0.2513072935907624,-4658881.947655029
2025-03-27 20:00:00,0.0,0.4765579528119292,0.2513646354327193,-4655029.620310739
2025-03-27 21:00:00,0.0,0.30561790549184387,0.2514219559942311,-4649348.616242704
2025-03-27 22:00:00,0.0,0.46139689243831855,0.2514792552458087,-4863851.157333691
2025-03-27 23:00:00,0.0,0.45045155701001127,0.251536533157974,-4884395.688976563
2025-03-28 00:00:00,0.0,0.39332163963087363,0.2515937897012597,-4882714.715587809
2025-03-28 01:00:00,0.0,0.4588209562472393,0.2516510248462096,-5001263.486413682
2025-03-28 02:00:00,0.0,0.41859731116282556,0.25170823856337865,-4996700.836100992
2025-03-28 03:00:00,0.0,0.3977043721324472,0.2517654308233325,-4986743.203831145
2025-03-28 04:00:00,0.0,0.44383406991495994,0.25182260159664827,-4809347.816050958
2025-03-28 05:00:00,0.0,0.42514033794974126,0.2518797508539137,-4683326.217063553
2025-03-28 06:00:00,0.0,0.46664687957998907,0.25193687856572783,-4354802.347099387
2025-03-28 07:00:00,0.11420149119372594,0.440499968016817,0.2519939847027008,-4413313.406516902
2025-03-28 08:00:00,0.22062033948948692,0.3130139395855411,0.2520510692354537,-4385733.595309776
2025-03-28 09:00:00,0.312004276241389,0.3871015564100485,0.2521081321346189,-4525964.782875443
2025-03-28 10:00:00,0.38212563717888576,0.3462757884123013,0.25216517337083977,-4241168.313921986
2025-03-28 11:00:00,0.42620576743511496,0.4028985148102362,0.252222192914771,-4408963.065660547
2025-03-28 12:00:00,0.44124067897897395,0.35821870921874355,0.2522791907370782,-4162434.236496107
2025-03-28 13:00:00,0.42620576743511496,0.4670564516976434,0.25233616680843834,-4378939.519804483
2025-03-28 14:00:00,0.3821256371788858,0.3044206521123552,0.25239312109953954,-4393952.5329372035
2025-03-28 15:00:00,0.31200427624138904,0.3195585999126296,0.252450053581081,-4140679.855755072
2025-03-28 16:00:00,0.22062033948948692,0.44402550182223366,0.25250696422377333,-4273901.18982901
2025-03-28 17:00:00,0.11420149119372605,0.39813322040177207,0.2525638529983383,-4316575.871776144
2025-03-28 18:00:00,5.403639851652053e-17,0.4661950410125274,0.2526207198755088,-4122612.315761457
2025-03-28 19:00:00,0.0,0.40737413828042773,0.25267756482602927,-4726711.5067112
2025-03-28 20:00:00,0.0,0.34860038636825236,0.25273438782065516,-4617598.767560495
2025-03-28 21:00:00,0.0,0.47397008772723453,0.25279118883015333,-4548862.227001374
2025-03-28 22:00:00,0.0,0.41382991134327257,0.25284796782530194,-4498455.45097728
2025-03-28 23:00:00,0.0,0.3475702919880485,0.25290472477689047,-5028476.643736389
2025-03-29 00:00:00,0.0,0.3467760125302333,0.2529614596557198,-5088786.238678085
2025-03-29 01:00:00,0.0,0.39821310603834614,0.2530181724326021,-4799358.234555166
2025-03-29 02:00:00,0.0,0.4711415788184806,0.25307486307836086,-4619887.765610478
2025-03-29 03:00:00,0.0,0.4585103559420418,0.253131531563831,-4915944.146137606
2025-03-29 04:00:00,0.0,0.4269615445937487,0.253188177859859,-4646427.106641293
2025-03-29 05:00:00,0.0,0.46905134703753437,0.2532448019373025,-4890206.1224495405
2025-03-29 06:00:00,0.0,0.33777730227387315,0.25330140376703064,-4699050.378552499
2025-03-29 07:00:00,0.11597247059880487,0.35411976174590437,0.2533579833199242,-4420001.618088056
2025-03-29 08:00:00,0.22404160897987052,0.38192751005914427,0.2534145405668751,-4355136.728927859
2025-03-29 09:00:00,0.31684268195522275,0.33176094914858295,0.2534710754787871,-4410666.390622735
2025-03-29 10:00:00,0.3880514497626154,0.4431514827916384,0.2535275880265751,-4588991.9352794
2025-03-29 11:00:00,0.43281515255402764,0.363118139280578,0.25358407818116574,-4177455.9942824147
2025-03-29 12:00:00,0.44808321795974115,0.3503992546306683,0.25364054591349705,-4192766.773012993
2025-03-29 13:00:00,0.43281515255402764,0.45393942941926596,0.2536969911945187,-4007515.816396114
2025-03-29 14:00:00,0.38805144976261546,0.4380909945386394,0.2537534139951918,-4112264.13677803
2025-03-29 15:00:00,0.3168426819552228,0.3901708601204747,0.25380981428648913,-4358408.149944415
2025-03-29 16:00:00,0.22404160897987052,0.4717927745252817,0.253866192039395,-4040421.316923908
2025-03-29 17:00:00,0.115972470598805,0.2998808006521258,0.25392254722490526,-4364042.480697336
2025-03-29 18:00:00,5.487436786260428e-17,0.4113460885321259,0.25397887981402756,-4608232.625475244
2025-03-29 19:00:00,0.0,0.44031508954475035,0.2540351897777809,-4543072.109044059
2025-03-29 20:00:00,0.0,0.406990361617873,0.2540914770871961,-4702084.630194626
2025-03-29 21:00:00,0.0,0.38683103226947807,0.25414774171331567,-4691687.909889591
2025-03-29 22:00:00,0.0,0.4485284368456966,0.2542039836271936,-4757545.999200642
2025-03-29 23:00:00,0.0,0.3347604828002902,0.25426020279989586,-4833247.933902227
2025-03-30 00:00:00,0.0,0.41037331185049575,0.2543163992024997,-4940628.922506323
2025-03-30 01:00:00,0.0,0.3961446127576624,0.25437257280609454,-4779410.823823349
2025-03-30 02:00:00,0.0,0.4212158159309358,0.2544287235817812,-5247854.218245223
2025-03-30 03:00:00,0.0,0.3339082381348655,0.2544848515006724,-4621934.455583015
2025-03-30 04:00:00,0.0,0.3491939312715067,0.2545409565338926,-4859341.742309445
2025-03-30 05:00:00,0.0,0.4754564303814183,0.25459703865257793,-4567096.651628278
2025-03-30 06:00:00,0.0,0.46837819999108643,0.2546530978278765,-4555383.711047221
2025-03-30 07:00:00,0.11773976232548898,0.32764792199289416,0.25470913403094797,-4642358.162140324
2025-03-30 08:00:00,0.2274557544226529,0.42611140009660586,0.2547651472329641,-4536924.175673696
2025-03-30 09:00:00,0.32167101274431986,0.3606178214301359,0.2548211374051083,-4559863.564537719
2025-03-30 10:00:00,0.39396492313394427,0.4104283192049935,0.25487710451857587,-3968139.525335522
2025-03-30 11:00:00,0.43941077506980886,0.39793016772709666,0.25493304854457394,-4224082.37952534
2025-03-30 12:00:00,0.4549115088453059,0.4029242151160872,0.25498896945432165,-4080250.3205037867
2025-03-30 13:00:00,0.43941077506980886,0.4238290004972543,0.2550448672190498,-4337361.165826513
2025-03-30 14:00:00,0.3939649231339443,0.45393277022512896,0.2551007418100013,-3899517.9349410613
2025-03-30 15:00:00,0.3216710127443199,0.4788985477774723,0.2551565931984309,-4278524.491803012
2025-03-30 16:00:00,0.2274557544226529,0.3178005021911033,0.2552124213556054,-4044432.3009193144
2025-03-30 17:00:00,0.1177397623254891,0.46510359158060416,0.2552682262528033,-4442079.035835152
2025-03-30 18:00:00,5.571059232026968e-17,0.39223637821811835,0.2553240078613154,-4687869.215902054
2025-03-30 19:00:00,0.0,0.3498776418108933,0.2553797661524441,-4476212.260632122
2025-03-30 20:00:00,0.0,0.4296851162632866,0.2554355010975041,-4308654.6232208675
2025-03-30 21:00:00,0.0,0.3655828307829607,0.25549121266782204,-4734939.542416524
2025-03-30 22:00:00,0.0,0.4593747734220963,0.25554690083473647,-4674933.218178246
2025-03-30 23:00:00,0.0,0.45328015993117526,0.2556025655695981,-4628891.899928037
2025-03-31 00:00:00,0.0,0.47979235160102346,0.2556582068437697,-5027695.243446819
2025-03-31 01:00:00,0.0,0.4352383935030128,0.255713824628626,-4864559.458014333
2025-03-31 02:00:00,0.0,0.44334211753878416,0.255769418895554,-5018052.179825317
2025-03-31 03:00:00,0.0,0.4591860549762994,0.25582498961595246,-4927817.2618656885
2025-03-31 04:00:00,0.0,0.3699767079909788,0.2558805367612326,-4984974.43155224
2025-03-31 05:00:00,0.0,0.400077879661075,0.25593606030281774,-4602385.813135958
2025-03-31 06:00:00,0.0,0.42189612384276703,0.25599156021214314,-4821451.40129781
2025-03-31 07:00:00,0.11950284268709843,0.31473101733248343,0.2560470364606563,-5072364.698129461
2025-03-31 08:00:00,0.2308617641328562,0.3589590503380129,0.25610248901981697,-4434010.050774566
2025-03-31 09:00:00,0.3264878378700638,0.30833167081711116,0.25615791786109704,-4427116.763721167
2025-03-31 10:00:00,0.3998643050030893,0.4794629745217014,0.25621332295598054,-4639755.322086815
2025-03-31 11:00:00,0.4459906805571623,0.34320278064718085,0.2562687042759638,-3944363.5325554973
2025-03-31 12:00:00,0.46172352826571245,0.46845409995969584,0.25632406179255535,-4202565.035020249
2025-03-31 13:00:00,0.4459906805571623,0.38319615708842975,0.256379395477276,-4212054.962735208
2025-03-31 14:00:00,0.39986430500308934,0.4325482595675576,0.2564347053016588,-3964117.4723639637
2025-03-31 15:00:00,0.32648783787006386,0.46256251656108066,0.25648999123724897,-4386172.810976892
2025-03-31 16:00:00,0.2308617641328562,0.4047155161163973,0.2565452532556042,-4598601.470432866
2025-03-31 17:00:00,0.11950284268709857,0.3047532021081019,0.2566004913282944,-4177313.2336296486
2025-03-31 18:00:00,5.654482409816272e-17,0.42802599744955766,0.25665570542690175,-4412632.675127382
2025-03-31 19:00:00,0.0,0.326802992902023,0.2567108955230208,-4424835.011286207
2025-03-31 20:00:00,0.0,0.3281787582567095,0.25676606158825854,-4719914.985213138
2025-03-31 21:00:00,0.0,0.4665575423522444,0.25682120359423416,-4399780.921110726
2025-03-31 22:00:00,0.0,0.36280570311964283,0.2568763215125794,-4815642.386181444
2025-03-31 23:00:00,0.0,0.3515986744415773,0.25693141531493824,-5230432.931340833
2025-04-01 00:00:00,0.0,0.4422076677316519,0.2569864849729671,-4644472.856665502
2025-04-01 01:00:00,0.0,0.32491949832007255,0.25704153045833494,-4681382.51994691
2025-04-01 02:00:00,0.0,0.4306650286680147,0.25709655174272295,-4888834.295331184
2025-04-01 03:00:00,0.0,0.30834437630183736,0.257151548797825,-4913651.074486735
2025-04-01 04:00:00,0.0,0.4514574153841989,0.2572065215953473,-4819500.322303496
2025-04-01 05:00:00,0.0,0.4574134921128977,0.25726147010700845,-4103106.7782841907
2025-04-01 06:00:00,0.0,0.4647854122933913,0.2573163943045398,-4448703.462980705
2025-04-01 07:00:00,0.12126118924487167,0.40429385197305806,0.2573712941596849,-4275405.201455481
2025-04-01 08:00:00,0.23425862883629547,0.3162369329398181,0.25742616964420006,-4762199.962282559
2025-04-01 09:00:00,0.3312917300032141,0.3380011346329048,0.25748102072985407,-4437951.324895861
2025-04-01 10:00:00,0.40574784725588353,0.3682175932984428,0.2575358473884281,-4281462.727800872
2025-04-01 11:00:00,0.4525529192480859,0.4387388578387527,0.2575906495917163,-4151124.0688792015
2025-04-01 12:00:00,0.46851725767259106,0.3600190576470055,0.25764542731152484,-4470571.772327065
2025-04-01 13:00:00,0.4525529192480859,0.34370389181013294,0.25770018051967297,-4303254.134774426
2025-04-01 14:00:00,0.40574784725588353,0.3626252263235042,0.2577549091879924,-4138722.7534417557
2025-04-01 15:00:00,0.33129173000321416,0.34698496466183837,0.25780961328832724,-4131645.1020278553
2025-04-01 16:00:00,0.23425862883629547,0.4259807812436377,0.25786429279253453,-4241110.332452998
2025-04-01 17:00:00,0.1212611892448718,0.4644942973136067,0.25791894767248386,-3997942.2998785693
2025-04-01 18:00:00,5.737681599540344e-17,0.4305752965565485,0.2579735779000575,-4452505.735378561
2025-04-01 19:00:00,0.0,0.33118787861582505,0.25802818344715034,-4612930.800839796
2025-04-01 20:00:00,0.0,0.45092604281624915,0.25808276428567006,-4445131.198479748
2025-04-01 21:00:00,0.0,0.38891449572112036,0.258137320387537,-4509229.358227829
2025-04-01 22:00:00,0.0,0.3910781999383383,0.25819185172468423,-4600389.898551259
2025-04-01 23:00:00,0.0,0.4554264601039489,0.25824635826905756,-4669115.315698714
2025-04-02 00:00:00,0.0,0.3277343487706928,0.2583008399926156,-4734313.71761346
2025-04-02 01:00:00,0.0,0.46477239066154474,0.2583552968673296,-4949443.185686869
2025-04-02 02:00:00,0.0,0.43582645787152097,0.25840972886518376,-4782173.6261977535
2025-04-02 03:00:00,0.0,0.4257240467685475,0.25846413595817497,-4662960.870093756
2025-04-02 04:00:00,0.0,0.40453256538221277,0.25851851811831306,-4826465.6135856565
2025-04-02 05:00:00,0.0,0.4264348741097363,0.2585728753176204,-4790713.043899452
2025-04-02 06:00:00,0.0,0.4641727119462995,0.25862720752813256,-4463529.251775363
2025-04-02 07:00:00,0.12301428096277539,0.3624625094279389,0.2586815147218977,-4364554.411617268
2025-04-02 08:00:00,0.2376453419686488,0.47247512615827536,0.258735796870977,-4519588.926628782
2025-04-02 09:00:00,0.33608126564685525,0.3426523027929888,0.2587900539474444,-4110049.105132687
2025-04-02 10:00:00,0.41161380647178025,0.46780271378644356,0.25884428592338693,-4223185.148833485
2025-04-02 11:00:00,0.4590955466096307,0.3497563410176685,0.2588984927709044,-4227247.919733628
2025-04-02 12:00:00,0.4752906839372977,0.43345758882237506,0.2589526744621094,-4336991.1959221205
2025-04-02 13:00:00,0.4590955466096307,0.45959157086758295,0.2590068309691278,-4366364.458399394
2025-04-02 14:00:00,0.4116138064717803,0.33070204802981495,0.2590609622640982,-4149132.140909333
2025-04-02 15:00:00,0.3360812656468553,0.32640811237710826,0.25911506831917214,-4111579.8412112705
2025-04-02 16:00:00,0.2376453419686488,0.33204052252673005,0.25916914910651434,-4788420.490354104
2025-04-02 17:00:00,0.12301428096277552,0.4204789516638856,0.2592232045983024,-4157047.5846413407
2025-04-02 18:00:00,5.82063214748368e-17,0.4036970998995625,0.25927723476672687,-3988381.6534840832
2025-04-02 19:00:00,0.0,0.31061933922383284,0.2593312395839914,-4359186.420706806
2025-04-02 20:00:00,0.0,0.3185255601927716,0.2593852190223127,-4686315.5211640345
2025-04-02 21:00:00,0.0,0.42376432564209027,0.25943917305392056,-4421513.368324663
2025-04-02 22:00:00,0.0,0.3869390046704726,0.2594931016510577,-4907763.3638871955
2025-04-02 23:00:00,0.0,0.39236298339023884,0.25954700478598014,-4701480.963253673
2025-04-03 00:00:00,0.0,0.305028952945727,0.25960088243095675,-4781502.921820951
2025-04-03 01:00:00,0.0,0.476398271908047,0.25965473455826976,-4582507.821184766
2025-04-03 02:00:00,0.0,0.4106987877194365,0.2597085611402143,-4943378.727511547
2025-04-03 03:00:00,0.0,0.39112825390317435,0.25976236214909887,-4896664.362178385
2025-04-03 04:00:00,0.0,0.36356867230388995,0.2598161375572449,-4657536.368098838
2025-04-03 05:00:00,0.0,0.44301206348871247,0.25986988733698724,-4595894.060880774
2025-04-03 06:00:00,0.0,0.47058411897860875,0.25992361146067366,-4753699.6994649535
2025-04-03 07:00:00,0.12476159836189873,0.47056484347028643,0.25997730990066525,-4746576.889963997
2025-04-03 08:00:00,0.24102089997372378,0.45004731262494235,0.2600309826293364,-4191459.284040698
2025-04-03 09:00:00,0.3408550255582094,0.42483785201179075,0.26008462961907464,-4174625.2652678094
2025-04-03 10:00:00,0.4174604444404659,0.4213453330104162,0.26013825084228065,-4322545.24854082
2025-04-03 11:00:00,0.4656166239201081,0.359237945904619,0.26019184627136854,-4294499.335802205
2025-04-03 12:00:00,0.48204179994744767,0.4233593218558366,0.2602454158787656,-4000655.613856337
2025-04-03 13:00:00,0.4656166239201081,0.3593373450139446,0.2602989596369124,-4199725.499166722
2025-04-03 14:00:00,0.41746044444046604,0.4204680757730265,0.2603524775182629,-4021945.5251417034
2025-04-03 15:00:00,0.34085502555820946,0.3113036616383494,0.26040596949528416,-4194207.9314388554
2025-04-03 16:00:00,0.24102089997372378,0.4126274634655197,0.26045943554045675,-4534278.4572647745
2025-04-03 17:00:00,0.12476159836189887,0.3184869909606616,0.2605128756262747,-4200662.6553764865
2025-04-03 18:00:00,5.903309473608706e-17,0.3114229661856859,0.260566289725245,-4466717.547760251
2025-04-03 19:00:00,0.0,0.3331827145824171,0.2606196778098883,-4456925.6391479345
2025-04-03 20:00:00,0.0,0.4059305910307486,0.2606730398527387,-4671715.792691341
2025-04-03 21:00:00,0.0,0.35340807719304423,0.26072637582634345,-4883734.087946835
2025-04-03 22:00:00,0.0,0.44274400793881,0.2607796857032634,-4834302.319770866
2025-04-03 23:00:00,0.0,0.37114968562698925,0.26083296945607265,-4838240.591642676
2025-04-04 00:00:00,0.0,0.40039661868045356,0.2608862270573589,-4522811.02975167
2025-04-04 01:00:00,0.0,0.3297520959143175,0.26093945847972333,-4910038.944442168
2025-04-04 02:00:00,0.0,0.37656530301683067,0.26099266369578045,-4675287.030799753
2025-04-04 03:00:00,0.0,0.43223434179554776,0.2610458426781582,-4852174.271561955
2025-04-04 04:00:00,0.0,0.30585509333833405,0.2610989953994984,-4151330.7319061384
2025-04-04 05:00:00,0.0,0.37914161273616814,0.2611521218324558,-4833777.022939759
2025-04-04 06:00:00,0.0,0.30517426338328524,0.26120522194969914,-4547098.183460645
2025-04-04 07:00:00,0.1265026236743862,0.3904404637598076,0.26125829572391057,-4548427.78458567
2025-04-04 08:00:00,0.24438430260083305,0.4423001557256667,0.2613113431277857,-4660145.456209651
2025-04-04 09:00:00,0.3456115951691886,0.34767131787924627,0.2613643641340338,-4150557.3678014036
2025-04-04 10:00:00,0.42328602867692977,0.3235189483327497,0.26141735871537763,-4055897.1352795428
2025-04-04 11:00:00,0.47211421884357485,0.43299367837000824,0.26147032684455374,-4375539.747476649
2025-04-04 12:00:00,0.4887686052016662,0.4119605853785488,0.261523268494312,-4113202.578050943
2025-04-04 13:00:00,0.47211421884357485,0.31259999069459676,0.26157618363741614,-4078668.1889763987
2025-04-04 14:00:00,0.4232860286769299,0.40786477619256917,0.26162907224664345,-4288986.684386278
2025-04-04 15:00:00,0.34561159516918866,0.35232515513471424,0.26168193429478476,-4469309.309822823
2025-04-04 16:00:00,0.24438430260083305,0.43007909216776824,0.26173476975464477,-4305961.253132222
2025-04-04 17:00:00,0.12650262367438633,0.3345479888114982,0.2617875785990418,-3981301.1902496186
2025-04-04 18:00:00,5.985689078839368e-17,0.4091843227125277,0.26184036080080764,-4246028.93375181
2025-04-04 19:00:00,0.0,0.41380725695050896,0.2618931163327881,-4624112.572391797
2025-04-04 20:00:00,0.0,0.3642150261066062,0.2619458451678426,-4308542.477040118
2025-04-04 21:00:00,0.0,0.3479621685130758,0.2619985472788442,-4825169.020365607
2025-04-04 22:00:00,0.0,0.38217367877804564,0.26205122263867975,-4731626.323266448
2025-04-04 23:00:00,0.0,0.35833084331571013,0.26210387122025,-5073795.498230988
2025-04-05 00:00:00,0.0,0.4482687411448953,0.26215649299646926,-4675922.309230125
2025-04-05 01:00:00,0.0,0.38359634830653994,0.2622090879402658,-4789127.585370816
2025-04-05 02:00:00,0.0,0.3614909618076121,0.2622616560245816,-4394163.025808052
2025-04-05 03:00:00,0.0,0.43595164554878824,0.26231419722237254,-5098017.153245192
2025-04-05 04:00:00,0.0,0.44143709617355525,0.26236671150660823,-4680855.606530375
2025-04-05 05:00:00,0.0,0.37676911364698074,0.26241919885027215,-4448352.39670607
2025-04-05 06:00:00,0.0,0.41295060215545204,0.2624716592263618,-4386866.843303562
2025-04-05 07:00:00,0.12823684099686325,0.4657858534780902,0.2625240926078883,-4463303.258818182
2025-04-05 08:00:00,0.24773455320118998,0.34780039318272243,0.26257649896787677,-3911892.996507194
2025-04-05 09:00:00,0.3503495650055619,0.4336984216641682,0.2626288782793663,-4356403.5998558095
2025-04-05 10:00:00,0.42908883293483613,0.4496041439509435,0.26268123051540987,-4449764.342881603
2025-04-05 11:00:00,0.47858640600242525,0.4123438918171813,0.26273355564907425,-4105088.265530667
2025-04-05 12:00:00,0.49546910640238,0.39308706816047506,0.26278585365344037,-4031291.5860410878
2025-04-05 13:00:00,0.47858640600242525,0.4271862789291502,0.2628381245016029,-4124346.2078136825
2025-04-05 14:00:00,0.4290888329348362,0.4577954154529946,0.26289036816667066,-4107252.2480114843
2025-04-05 15:00:00,0.35034956500556197,0.36214153779707553,0.26294258462176634,-4374031.831744455
2025-04-05 16:00:00,0.24773455320118998,0.46177292183633994,0.26299477384002673,-4204701.136222336
2025-04-05 17:00:00,0.12823684099686336,0.35450459209072555,0.2630469357946025,-4127153.2233404405
2025-04-05 18:00:00,6.06774655232074e-17,0.3543433424656281,0.26309907045865844,-4573866.228238155
2025-04-05 19:00:00,0.0,0.4106460779885736,0.26315117780537334,-4383706.7648220435
2025-04-05 20:00:00,0.0,0.42800394247341034,0.26320325780794007,-4808400.029081954
2025-04-05 21:00:00,0.0,0.30223369628434815,0.26325531043956557,-4572750.317665987
2025-04-05 22:00:00,0.0,0.3370717311658613,0.2633073356734709,-4664750.196557673
2025-04-05 23:00:00,0.0,0.3503714677473824,0.26335933348289114,-4638512.393208931
2025-04-06 00:00:00,0.0,0.30180968820342435,0.2634113038410755,-4549021.658786959
2025-04-06 01:00:00,0.0,0.40339962070833246,0.2634632467212872,-4812127.477827183
2025-04-06 02:00:00,0.0,0.43971540506819945,0.2635151620968038,-4693158.8515973985
2025-04-06 03:00:00,0.0,0.3019808242024986,0.263567049940917,-4923255.965126215
2025-04-06 04:00:00,0.0,0.3620588113371232,0.2636189102269325,-4696019.459928738
2025-04-06 05:00:00,0.0,0.44992051383842036,0.2636707429281703,-4550750.305558542
2025-04-06 06:00:00,0.0,0.3986491061569137,0.2637225480179645,-4600430.576410434
2025-04-06 07:00:00,0.12996373644330977,0.4439491256283763,0.2637743254696635,-4499549.870142112
2025-04-06 08:00:00,0.2510706590232374,0.46562748455634395,0.2638260752566299,-4387785.315940158
2025-04-06 09:00:00,0.3550675311046132,0.359260415937536,0.26387779735224043,-4333950.86552789
2025-04-06 10:00:00,0.4348671377180486,0.36396978482279263,0.2639294917298863,-4310253.781045754
2025-04-06 11:00:00,0.4850312675479231,0.36828830430402276,0.26398115836297265,-4263415.464849356
2025-04-06 12:00:00,0.5021413180464748,0.42856126460100086,0.2640327972249192,-4377979.965498945
2025-04-06 13:00:00,0.4850312675479231,0.3481590786231567,0.26408440828915974,-4146609.965540343
2025-04-06 14:00:00,0.43486713771804864,0.39011256758286056,0.26413599152914247,-4229237.698010425
2025-04-06 15:00:00,0.35506753110461325,0.43674565060064735,0.26418754691832996,-3879497.840317182
2025-04-06 16:00:00,0.2510706590232374,0.4767469117804818,0.26423907443019895,-4452050.745481966
2025-04-06 17:00:00,0.1299637364433099,0.32634337095931826,0.2642905740382406,-4346245.925246087
2025-04-06 18:00:00,6.149457578652485e-17,0.3439700633166914,0.2643420457159605,-4193800.281447858
2025-04-06 19:00:00,0.0,0.4186153876241514,0.2643934894368784,-4810365.632929
2025-04-06 20:00:00,0.0,0.47408463732845896,0.2644449051745288,-4421695.617896633
2025-04-06 21:00:00,0.0,0.40708951519548425,0.2644962929024601,-4610952.891367726
2025-04-06 22:00:00,0.0,0.30696861602682735,0.26454765259423557,-4543011.118664235
2025-04-06 23:00:00,0.0,0.34479227944661406,0.2645989842234326,-4760535.507186719
2025-04-07 00:00:00,0.0,0.44720362958189225,0.2646502877636432,-4779989.888519643
2025-04-07 01:00:00,0.0,0.4428553342625513,0.26470156318847365,-4622241.086525119
2025-04-07 02:00:00,0.0,0.43079583819893075,0.264752810471545,-5081159.170777545
2025-04-07 03:00:00,0.0,0.39410184646189145,0.26480402958649235,-4803738.050198756
2025-04-07 04:00:00,0.0,0.35429497405400434,0.2648552205069657,-4717754.111283006
2025-04-07 05:00:00,0.0,0.437574928243879,0.26490638320662924,-4807471.4226441495
2025-04-07 06:00:00,0.0,0.4326836472115554,0.2649575176591619,-4632280.850759798
2025-04-07 07:00:00,0.13168279829733553,0.34985075091747403,0.2650086238382571,-4483908.930777859
2025-04-07 08:00:00,0.25439163150682104,0.3355906901774905,0.2650597017176226,-3912255.7567091333
2025-04-07 09:00:00,0.35976409543116517,0.3813020198372621,0.26511075127098105,-4254450.4958136445
2025-04-07 10:00:00,0.44061923079015375,0.45306383551849777,0.26516177247206935,-4032775.6748791006
2025-04-07 11:00:00,0.49144689372850076,0.4777279555166556,0.2652127652946393,-4064082.2521177526
2025-04-07 12:00:00,0.5087832630136422,0.35845610864424754,0.265263729712457,-3913764.64180713
2025-04-07 13:00:00,0.49144689372850076,0.3077370614774935,0.26531466569930334,-4042525.6488140956
2025-04-07 14:00:00,0.4406192307901538,0.3473183295781367,0.2653655732289738,-4094673.5686418046
2025-04-07 15:00:00,0.35976409543116517,0.42568623775415476,0.2654164522752786,-4222393.324729192
2025-04-07 16:00:00,0.25439163150682104,0.3146114952239317,0.2654673028120424,-3853720.3787392285
2025-04-07 17:00:00,0.13168279829733567,0.4103636204522988,0.2655181248131046,-4250249.770350067
2025-04-07 18:00:00,6.230797945094029e-17,0.3672730509296353,0.2655689182523195,-4404424.79724697
2025-04-07 19:00:00,0.0,0.3029578715358295,0.2656196831035557,-4862037.700367997
2025-04-07 20:00:00,0.0,0.3458317865325304,0.2656704193406969,-4428313.838736808
2025-04-07 21:00:00,0.0,0.38154297010839144,0.2657211269376412,-4859186.138595249
2025-04-07 22:00:00,0.0,0.43869449657463383,0.2657718058683017,-4949244.994843683
2025-04-07 23:00:00,0.0,0.3397605661750212,0.26582245610660604,-4740996.331897935
2025-04-08 00:00:00,0.0,0.37451133649303636,0.26587307762649676,-4426065.522519657
2025-04-08 01:00:00,0.0,0.3697741048073432,0.26592367040193104,-5076365.058507118
2025-04-08 02:00:00,0.0,0.4581724935144134,0.26597423440688095,-4820663.589781157
2025-04-08 03:00:00,0.0,0.33231195177921063,0.2660247696153334,-4590216.124701079
2025-04-08 04:00:00,0.0,0.46006589920039165,0.26607527600129,-4817496.0263562845
2025-04-08 05:00:00,0.0,0.3135413220624519,0.26612575353876733,-4425464.934563789
2025-04-08 06:00:00,0.0,0.3294613775106762,0.26617620220179655,-4426221.797448916
2025-04-08 07:00:00,0.1333935171638128,0.32190442047623835,0.26622662196442404,-4101187.8037982536
2025-04-08 08:00:00,0.25769648657612176,0.46133948105734524,0.2662770128007107,-4439356.117621676
2025-04-08 09:00:00,0.3644378662918477,0.3447198140420128,0.26632737468473255,-4239650.221336887
2025-04-08 10:00:00,0.44634340768183417,0.2997517855748201,0.2663777075905804,-4568392.1320964
2025-04-08 11:00:00,0.4978313834556605,0.31862958112041745,0.26642801149236,-3831370.485607042
2025-04-08 12:00:00,0.5153929731522436,0.45359416402496355,0.266478286364192,-3920153.3074075603
2025-04-08 13:00:00,0.4978313834556605,0.4614854406605952,0.266528532180212,-3983913.515506528
2025-04-08 14:00:00,0.44634340768183417,0.3647247579210179,0.2665787489145705,-3668129.6296322304
2025-04-08 15:00:00,0.3644378662918477,0.3245302188513815,0.2666289365414331,-4235248.542254745
2025-04-08 16:00:00,0.25769648657612176,0.36407421844460547,0.26667909503498016,-4183882.9266453735
2025-04-08 17:00:00,0.13339351716381295,0.3582602560735073,0.2667292243694073,-4365510.26769585
2025-04-08 18:00:00,6.31174354873933e-17,0.34711866330539815,0.26677932451892483,-4276844.341241696
2025-04-08 19:00:00,0.0,0.3293418700278871,0.26682939545775836,-4442414.2494132
2025-04-08 20:00:00,0.0,0.3477804031253005,0.26687943716014834,-4138765.4877522257
2025-04-08 21:00:00,0.0,0.47330101621509535,0.26692944960035037,-4398607.044872645
2025-04-08 22:00:00,0.0,0.3184702582261419,0.26697943275263497,-4713159.606847415
2025-04-08 23:00:00,0.0,0.45719476018258565,0.26702938659128783,-4685082.937539186
2025-04-09 00:00:00,0.0,0.46589652880019156,0.26707931109060973,-4806464.503625729
2025-04-09 01:00:00,0.0,0.3442953581048593,0.2671292062249166,-4664722.958793309
2025-04-09 02:00:00,0.0,0.43534155279840153,0.2671790719685393,-4490516.496686826
2025-04-09 03:00:00,0.0,0.4778673115984275,0.2672289082958239,-5179921.9848456485
2025-04-09 04:00:00,0.0,0.41787471658575337,0.2672787151811316,-4703263.672347726
2025-04-09 05:00:00,0.0,0.38719647684616976,0.26732849259883884,-4665876.0909072
2025-04-09 06:00:00,0.0,0.40959279406670784,0.2673782405233371,-4490884.227876948
2025-04-09 07:00:00,0.13509538611982105,0.3506071029663804,0.26742795892903304,-4169274.285333864
2025-04-09 08:00:00,0.26098424493125777,0.3413381204397203,0.2674776477903485,-4438984.18630684
2025-04-09 09:00:00,0.36908745874748644,0.3003309779261705,0.2675273070817207,-4259815.514928958
2025-04-09 10:00:00,0.45203797219593866,0.33793097350351686,0.26757693677760175,-4110230.3743507485
2025-04-09 11:00:00,0.5041828448673076,0.3721940619853084,0.2676265368524593,-4274165.98650681
2025-04-09 12:00:00,0.5219684898625155,0.37997405501078585,0.26767610728077607,-4245946.54717868
2025-04-09 13:00:00,0.5041828448673076,0.37819605433512477,0.26772564803705,-4060147.803197052
2025-04-09 14:00:00,0.4520379721959388,0.42963363407983296,0.2677751590957944,-3725023.265746667
2025-04-09 15:00:00,0.3690874587474865,0.3404378051529045,0.2678246404315378,-3973403.9976010146
2025-04-09 16:00:00,0.26098424493125777,0.3280791844780732,0.2678740920188241,-3995895.975165216
2025-04-09 17:00:00,0.1350953861198212,0.3041047068743381,0.2679235138322124,-4619068.040881661
2025-04-09 18:00:00,6.392270403659074e-17,0.39498781926304005,0.26797290584627714,-4198673.367403388
2025-04-09 19:00:00,0.0,0.30321323427606944,0.2680222680356081,-4419249.25876233
2025-04-09 20:00:00,0.0,0.4412701649356789,0.2680716003748104,-4325349.078834839
2025-04-09 21:00:00,0.0,0.38361232180436516,0.2681209028385047,-4595432.466945126
2025-04-09 22:00:00,0.0,0.47590748306605035,0.2681701754013267,-4666330.447031849
2025-04-09 23:00:00,0.0,0.3856862307835453,0.26821941803792765,-4857025.416262661
2025-04-10 00:00:00,0.0,0.38266475199342176,0.26826863072297424,-4261838.696314381
2025-04-10 01:00:00,0.0,0.4593202870803711,0.2683178134311485,-4794548.162021255
2025-04-10 02:00:00,0.0,0.4400818418629128,0.2683669661371479,-4817465.172922496
2025-04-10 03:00:00,0.0,0.35323147460806836,0.2684160888156853,-4483823.063634588
2025-04-10 04:00:00,0.0,0.4552831081197327,0.2684651814414891,-4274708.6616622675
2025-04-10 05:00:00,0.0,0.3732069221422386,0.2685142439893032,-4379626.624980905
2025-04-10 06:00:00,0.0,0.4569776751496496,0.2685632764338867,-4190056.5502248034
2025-04-10 07:00:00,0.13678790086485937,0.3010412028278085,0.26861227875001453,-4523833.1114325635
2025-04-10 08:00:00,0.2642539323384729,0.38498739736715676,0.26866125091247683,-3986108.910524298
2025-04-10 09:00:00,0.37371149502349055,0.30508308076691126,0.26871019289607956,-4112191.0138230314
2025-04-10 10:00:00,0.45770123691010345,0.3374558047331688,0.2687591046756439,-4001717.326809436
2025-04-10 11:00:00,0.51049939588835,0.30276478915026644,0.2688079862260067,-4319327.9311585035
2025-04-10 12:00:00,0.5285078646769458,0.4085382788933882,0.2688568375220205,-4063458.4747344633
2025-04-10 13:00:00,0.51049939588835,0.39156609798652847,0.2689056585385531,-4232808.681332842
2025-04-10 14:00:00,0.4577012369101035,0.4202454094182336,0.2689544492504881,-4184949.989148699
2025-04-10 15:00:00,0.3737114950234906,0.3213659677679483,0.2690032096327247,-4027787.247393067
2025-04-10 16:00:00,0.2642539323384729,0.34778223569351097,0.2690519396601776,-4297504.62597698
2025-04-10 17:00:00,0.1367879008648595,0.3602874321200869,0.26910063930777717,-4188116.018339812
2025-04-10 18:00:00,6.472354648008241e-17,0.3999878257509793,0.2691493085504693,-4237904.833720578
2025-04-10 19:00:00,0.0,0.4343433897034635,0.26919794736321573,-4247016.834077191
2025-04-10 20:00:00,0.0,0.3513850656932472,0.26924655572099376,-4436975.348248401
2025-04-10 21:00:00,0.0,0.30855021183169284,0.26929513359879625,-4529148.426663826
2025-04-10 22:00:00,0.0,0.4124142996637227,0.26934368097163186,-4680918.392956887
2025-04-10 23:00:00,0.0,0.4286460834376083,0.2693921978145249,-4706161.740470425
2025-04-11 00:00:00,0.0,0.33154950310103193,0.2694406841025155,-4785673.237324145
2025-04-11 01:00:00,0.0,0.361306653674023,0.26948913981065925,-4690968.844811134
2025-04-11 02:00:00,0.0,0.40385370534640314,0.26953756491402775,-4830029.008209548
2025-04-11 03:00:00,0.0,0.39537556933878365,0.2695859593877082,-4904495.724516133
2025-04-11 04:00:00,0.0,0.4343682578160875,0.2696343232068036,-4702826.813844989
2025-04-11 05:00:00,0.0,0.4508992199186478,0.2696826563464326,-4700799.483115203
2025-04-11 06:00:00,0.0,0.31235086238951887,0.2697309587817299,-4821062.134538977
2025-04-11 07:00:00,0.13847055987028126,0.3058688549154214,0.2697792304878458,-4429104.108073512
2025-04-11 08:00:00,0.26750457991882265,0.33509230513444976,0.2698274714399464,-4420848.847601786
2025-04-11 09:00:00,0.3783086049181165,0.3917917148590932,0.26987568161321357,-4449127.858852886
2025-04-11 10:00:00,0.46333152367677005,0.4164998791538134,0.26992386098284527,-4388049.051572024
2025-04-11 11:00:00,0.5167791647883978,0.47021376577809604,0.2699720095240551,-4202738.384422512
2025-04-11 12:00:00,0.5350091598376453,0.4670595720076482,0.2700201272120725,-3904922.530880219
2025-04-11 13:00:00,0.5167791647883978,0.3922128666118788,0.270068214022143,-3848432.832549315
2025-04-11 14:00:00,0.4633315236767701,0.38851466766264803,0.2701162699295277,-4249500.0621460145
2025-04-11 15:00:00,0.3783086049181166,0.4181499204873196,0.2701642949095039,-4297855.825452705
2025-04-11 16:00:00,0.26750457991882265,0.30611154620419306,0.2702122889373646,-4343318.408769195
2025-04-11 17:00:00,0.13847055987028142,0.30601605523146225,0.27026025198841874,-4232708.775739123
2025-04-11 18:00:00,6.55197255109687e-17,0.35627634633187094,0.2703081840379914,-4338208.424669631
2025-04-11 19:00:00,0.0,0.38024998760962775,0.2703560850614234,-4712884.99412844
2025-04-11 20:00:00,0.0,0.4737265431258283,0.2704039550340715,-4237486.616354749
2025-04-11 21:00:00,0.0,0.4592345452761616,0.27045179393130864,-4535687.606510633
2025-04-11 22:00:00,0.0,0.415866758436322,0.27049960172852355,-4742313.798118752
2025-04-11 23:00:00,0.0,0.3785553403225148,0.27054737840112114,-4874181.90438776
2025-04-12 00:00:00,0.0,0.34528030578728375,0.27059512392452206,-4627914.495961315
2025-04-12 01:00:00,0.0,0.33426355525036994,0.2706428382741633,-5151943.881225543
2025-04-12 02:00:00,0.0,0.3185491764394648,0.2706905214254977,-4984320.75631344
2025-04-12 03:00:00,0.0,0.39072395508420915,0.27073817335399414,-4841239.9720592685
2025-04-12 04:00:00,0.0,0.40491810459083255,0.2707857940351377,-4707323.141169762
2025-04-12 05:00:00,0.0,0.3058303970677389,0.2708333834444294,-4535511.230336046
2025-04-12 06:00:00,0.0,0.350428085135138,0.27088094155738646,-4406995.848526658
2025-04-12 07:00:00,0.14014286452790867,0.4391228950315214,0.27092846834954204,-4645616.401703412
2025-04-12 08:00:00,0.27073522443527426,0.2988199245153401,0.27097596379644556,-4067627.7866670163
2025-04-12 09:00:00,0.3828774262084887,0.4317159558712936,0.27102342787366257,-4382104.15619871
2025-04-12 10:00:00,0.4689271641204581,0.3470698041791123,0.2710708605567746,-4238178.87675836
2025-04-12 11:00:00,0.5230202907363974,0.34790941464016295,0.27111826182137955,-4173540.8981796335
2025-04-12 12:00:00,0.5414704488705486,0.4556394448871845,0.2711656316430912,-4012004.252896246
2025-04-12 13:00:00,0.5230202907363974,0.46295734316475895,0.2712129699975399,-4283979.861631828
2025-04-12 14:00:00,0.4689271641204582,0.37082335452960047,0.27126027686037185,-4241068.114508493
2025-04-12 15:00:00,0.38287742620848875,0.38955161653580644,0.2713075522072495,-4223497.332934337
2025-04-12 16:00:00,0.27073522443527426,0.41430335769547666,0.27135479601385176,-4192448.017626773
2025-04-12 17:00:00,0.14014286452790883,0.4090967825283654,0.27140200825587346,-4363927.005755611
2025-04-12 18:00:00,6.63110052042198e-17,0.38504610724067484,0.2714491889090258,-4133097.7821081234
2025-04-12 19:00:00,0.0,0.39721481404626724,0.27149633794903627,-4616003.45975757
2025-04-12 20:00:00,0.0,0.30805661250121863,0.27154345535164853,-4447593.522676966
2025-04-12 21:00:00,0.0,0.4344352185393843,0.2715905410926226,-4479448.144198695
2025-04-12 22:00:00,0.0,0.47543614166926274,0.2716375951477348,-4633687.596704775
2025-04-12 23:00:00,0.0,0.3356641564927442,0.27168461749277756,-4697623.372661693
2025-04-13 00:00:00,0.0,0.46804737605692676,0.27173160810355995,-4685500.01462796
2025-04-13 01:00:00,0.0,0.3117455033134722,0.27177856695590713,-4755908.031323802
2025-04-13 02:00:00,0.0,0.4742139995680832,0.2718254940256606,-4656616.669572795
2025-04-13 03:00:00,0.0,0.30808119008817303,0.27187238928867824,-4727693.338536544
2025-04-13 04:00:00,0.0,0.43843178944845856,0.2719192527208344,-4728334.598079499
2025-04-13 05:00:00,0.0,0.3594940145270095,0.2719660842980197,-4800056.72331467
2025-04-13 06:00:00,0.0,0.3558345366842088,0.2720128839961412,-4862399.05587986
2025-04-13 07:00:00,0.14180431929778028,0.33193892061788133,0.2720596517911223,-4351990.479467767
2025-04-13 08:00:00,0.2739449085781346,0.41224332796966295,0.2721063876589028,-4062469.5427351533
2025-04-13 09:00:00,0.38741660505425557,0.47239101922067994,0.27215309157543915,-4310652.196629916
2025-04-13 10:00:00,0.4744865001321403,0.36067875662579085,0.27219976351670383,-4018675.1190044796
2025-04-13 11:00:00,0.5292209243520359,0.43403038242305375,0.27224640345868617,-3884817.9352071555
2025-04-13 12:00:00,0.5478898171562693,0.3573303590714028,0.27229301137739165,-3658670.510282891
2025-04-13 13:00:00,0.5292209243520359,0.34160512823028805,0.27233958724884244,-4200237.195867743
2025-04-13 14:00:00,0.47448650013214033,0.35940973035116935,0.2723861310490772,-3745603.918443442
2025-04-13 15:00:00,0.3874166050542556,0.36616783343553405,0.27243264275415086,-4308135.953444607
2025-04-13 16:00:00,0.2739449085781346,0.38354385879796044,0.2724791223401351,-4003547.6746492316
2025-04-13 17:00:00,0.14180431929778045,0.39410191923825033,0.2725255697831181,-4099343.7852245364
2025-04-13 18:00:00,6.709715108658537e-17,0.3706624322877419,0.2725719850592043,-4540343.612041632
2025-04-13 19:00:00,0.0,0.40927916561660566,0.2726183681445152,-4321217.11750618
2025-04-13 20:00:00,0.0,0.40418244693372224,0.2726647190151883,-4387810.195953081
2025-04-13 21:00:00,0.0,0.41861832985369507,0.2727110376473781,-4612604.970793731
2025-04-13 22:00:00,0.0,0.3441333170482134,0.27275732401725544,-4643630.167196409
2025-04-13 23:00:00,0.0,0.354609601642666,0.27280357810100786,-4854642.445490238
2025-04-14 00:00:00,0.0,0.43455477855779523,0.27284979987483954,-5042752.317360151
2025-04-14 01:00:00,0.0,0.428208359950011,0.27289598931497117,-4667329.716489827
2025-04-14 02:00:00,0.0,0.35600439309812887,0.27294214639764014,-5160842.218840451
2025-04-14 03:00:00,0.0,0.3927692482273019,0.2729882710991005,-4471118.390236018
2025-04-14 04:00:00,0.0,0.3994960124235985,0.273034363395623,-4743846.867817029
2025-04-14 05:00:00,0.0,0.36806566285592374,0.27308042326349485,-4519752.202087312
2025-04-14 06:00:00,0.0,0.3039716553943955,0.27312645067902025,-4606642.300972381
2025-04-14 07:00:00,0.14345443185499068,0.43680029037891843,0.2731724456185199,-4200442.906618408
2025-04-14 08:00:00,0.27713268124872137,0.35260785674323647,0.27321840805833114,-4414512.444212299
2025-04-14 09:00:00,0.39192479639876177,0.36413910624484874,0.2732643379748083,-4041732.4547238885
2025-04-14 10:00:00,0.4800078843605762,0.42976627427516795,0.27331023534432225,-4278651.563915299
2025-04-14 11:00:00,0.5353792282537525,0.3116519856312456,0.27335610014326056,-3733153.238650406
2025-04-14 12:00:00,0.5542653624974428,0.32818793262365714,0.2734019323480276,-4272970.417803126
2025-04-14 13:00:00,0.5353792282537525,0.43598133114253984,0.2734477319350447,-4277919.991065921
2025-04-14 14:00:00,0.48000788436057623,0.46676805052794457,0.2734934988807497,-4239863.313335432
2025-04-14 15:00:00,0.39192479639876177,0.3717468663542544,0.27353923316159734,-4116542.0472135805
2025-04-14 16:00:00,0.27713268124872137,0.4697791514846362,0.2735849347540592,-4104190.105577264
2025-04-14 17:00:00,0.14345443185499082,0.3573697687766619,0.2736306036346236,-4410414.190169682
2025-04-14 18:00:00,6.787793020607408e-17,0.4158680478325801,0.2736762397797958,-4314823.311976625
2025-04-14 19:00:00,0.0,0.4245195075197454,0.2737218431660978,-4588628.453762583
2025-04-14 20:00:00,0.0,0.4578950371751463,0.2737674137700685,-4467955.243984965
2025-04-14 21:00:00,0.0,0.3632166730178563,0.27381295156826363,-4602164.655735328
2025-04-14 22:00:00,0.0,0.31313305664788227,0.2738584565372559,-4792872.943765005
2025-04-14 23:00:00,0.0,0.3691360335708086,0.27390392865363467,-4610326.456940127
2025-04-15 00:00:00,0.0,0.45386149172057255,0.2739493678940064,-4693536.675345066
2025-04-15 01:00:00,0.0,0.40766928615406833,0.2739947742349946,-4819868.732832944
2025-04-15 02:00:00,0.0,0.32785069863853583,0.27404014765323936,-4693856.160216326
2025-04-15 03:00:00,0.0,0.4202480136110092,0.2740854881253979,-4474150.030929076
2025-04-15 04:00:00,0.0,0.4655546556993012,0.27413079562814446,-4708059.546625057
2025-04-15 05:00:00,0.0,0.42470503864351866,0.27417607013817,-4561664.441761938
2025-04-15 06:00:00,0.0,0.4657008775559273,0.2742213116321827,-4711408.561268506
2025-04-15 07:00:00,0.14509271323557674,0.46489925652175945,0.27426652008690766,-4684653.569409009
2025-04-15 08:00:00,0.28029759784119457,0.33983199045373497,0.2743116954790868,-4596058.6230243845
2025-04-15 09:00:00,0.396400664367617,0.3917177745037703,0.27435683778547937,-4176881.53492668
2025-04-15 10:00:00,0.48548968070045756,0.3546993168118813,0.2744019469828613,-4320884.321570043
2025-04-15 11:00:00,0.5414933776031938,0.3790501684145805,0.2744470230480259,-4271967.154446321
2025-04-15 12:00:00,0.5605951956823892,0.3920733150331272,0.27449206595778314,-4208824.723421061
2025-04-15 13:00:00,0.5414933776031938,0.3904334154710056,0.27453707568896035,-4177551.3762926883
2025-04-15 14:00:00,0.48548968070045756,0.4092135927286329,0.27458205221840193,-4122214.7648686217
2025-04-15 15:00:00,0.396400664367617,0.3819582165892919,0.27462699552296904,-4098437.415506959
2025-04-15 16:00:00,0.28029759784119457,0.41431129414026474,0.27467190557954035,-4077720.035635913
2025-04-15 17:00:00,0.1450927132355769,0.2963361973596179,0.27471678236501135,-4489045.113765195
2025-04-15 18:00:00,6.865311120098222e-17,0.3460952964517181,0.2747616258562947,-4227916.678924478
2025-04-15 19:00:00,0.0,0.4714652553221,0.27480643603032034,-4538711.186867092
2025-04-15 20:00:00,0.0,0.2962504212857559,0.27485121286403513,-4579387.037167553
2025-04-15 21:00:00,0.0,0.4540756692202192,0.2748959563344032,-4178252.468616288
2025-04-15 22:00:00,0.0,0.3006929880659703,0.27494066641840587,-4800016.227900848
2025-04-15 23:00:00,0.0,0.3046268559831825,0.27498534309304157,-4467860.974198683
2025-04-16 00:00:00,0.0,0.3481102194914207,0.27502998633532594,-4765469.115155897
2025-04-16 01:00:00,0.0,0.34461556920873265,0.27507459612229185,-4774162.925398389
2025-04-16 02:00:00,0.0,0.4095803655904385,0.2751191724309893,-4712133.376757999
2025-04-16 03:00:00,0.0,0.29689021366506113,0.27516371523848565,-5021127.84467994
2025-04-16 04:00:00,0.0,0.37519636652991617,0.27520822452186533,-4853137.076902342
2025-04-16 05:00:00,0.0,0.46085247600204626,0.2752527002582302,-4504802.861082751
2025-04-16 06:00:00,0.0,0.4535811715865594,0.2752971424246991,-4305578.824930227
2025-04-16 07:00:00,0.14671867798140845,0.31673185242896,0.27534155099840857,-4284852.146627133
2025-04-16 08:00:00,0.2834387205224633,0.3389133782520959,0.27538592595651196,-4371764.020866849
2025-04-16 09:00:00,0.40084288266454493,0.3206226290344342,0.27543026727618025,-4108840.957047464
2025-04-16 10:00:00,0.49093026477722196,0.40101199581312613,0.27547457493460153,-4173390.1942374245
2025-04-16 11:00:00,0.5475615606459535,0.40498753296118667,0.2755188489089814,-4186668.895500548
2025-04-16 12:00:00,0.5668774410449268,0.33184926063209597,0.27556308917654254,-4246618.982680123
2025-04-16 13:00:00,0.5475615606459535,0.34667854840960105,0.27560729571452525,-4317496.967289604
2025-04-16 14:00:00,0.490930264777222,0.42049956474609473,0.27565146850018696,-4112971.8906988497
2025-04-16 15:00:00,0.40084288266454504,0.4299510852941626,0.2756956075108025,-3962810.048263631
2025-04-16 16:00:00,0.2834387205224633,0.4590971978017214,0.27573971272366427,-4436334.245174979
2025-04-16 17:00:00,0.14671867798140859,0.36172811672529287,0.27578378411608173,-4402497.35312852
2025-04-16 18:00:00,6.94224643684512e-17,0.302364495650157,0.27582782166538206,-4285252.133814074
2025-04-16 19:00:00,0.0,0.3066095082197821,0.27587182534890964,-4512872.315310795
2025-04-16 20:00:00,0.0,0.33012850804816807,0.2759157951440263,-4476934.073899289
2025-04-16 21:00:00,0.0,0.4305937244352478,0.2759597310281115,-4537721.139327262
2025-04-16 22:00:00,0.0,0.3515024318067174,0.2760036329785618,-4885323.077417886
2025-04-16 23:00:00,0.0,0.37515208918134807,0.2760475009727915,-4836336.618821007
2025-04-17 00:00:00,0.0,0.4347330073611822,0.27609133498823224,-4946459.448146936
2025-04-17 01:00:00,0.0,0.309953401853925,0.2761351350023333,-4725777.335789049
2025-04-17 02:00:00,0.0,0.3395351121863505,0.27617890099256115,-4703805.850994556
2025-04-17 03:00:00,0.0,0.31321797062997436,0.27622263293640004,-4792595.992429493
2025-04-17 04:00:00,0.0,0.3117707331202453,0.2762663308113517,-4610911.701375245
2025-04-17 05:00:00,0.0,0.3315536247742219,0.2763099945949352,-4505682.767626063
2025-04-17 06:00:00,0.0,0.3941497341542558,0.27635362426468735,-4463948.56004744
2025-04-17 07:00:00,0.1483318442840404,0.3743514467381152,0.27639721979816245,-4442986.167115857
2025-04-17 08:00:00,0.28655511851008625,0.43906298131015037,0.2764407811729323,-4199677.650177246
2025-04-17 09:00:00,0.4052501349643935,0.47090827978017136,0.27648430836658633,-4411178.140824811
2025-04-17 10:00:00,0.4963280244283903,0.36144930495357236,0.2765278013567316,-4112700.7338667633
2025-04-17 11:00:00,0.553581979248434,0.36374700600797977,0.27657126012099265,-4242915.533694324
2025-04-17 12:00:00,0.5731102370201725,0.37349002636491313,0.27661468463701167,-4158118.4412492854
2025-04-17 13:00:00,0.553581979248434,0.42212941505304974,0.27665807488244853,-4156599.926567076
2025-04-17 14:00:00,0.4963280244283903,0.3661779085869222,0.27670143083498067,-3778514.160645438
2025-04-17 15:00:00,0.40525013496439355,0.42494922185320444,0.27674475247230323,-4180814.060664599
2025-04-17 16:00:00,0.28655511851008625,0.3343095457704252,0.27678803977212896,-4262519.836494149
2025-04-17 17:00:00,0.14833184428404053,0.31496363219530965,0.27683129271218826,-4075709.474080195
2025-04-17 18:00:00,7.018576173253353e-17,0.3860424913845314,0.27687451127022916,-4326191.614001287
2025-04-17 19:00:00,0.0,0.31581766867812316,0.2769176954240176,-4046975.5244413675
2025-04-17 20:00:00,0.0,0.4626072842103036,0.27696084515133695,-4642595.611543488
2025-04-17 21:00:00,0.0,0.388534894230079,0.2770039604299885,-4500919.526663408
2025-04-17 22:00:00,0.0,0.3148636010588835,0.27704704123779106,-4640715.645113781
2025-04-17 23:00:00,0.0,0.44577798048413525,0.27709008755258135,-4895568.861299416
2025-04-18 00:00:00,0.0,0.3683150714125515,0.2771330993522137,-4742869.622708146
2025-04-18 01:00:00,0.0,0.33713523970662856,0.2771760766145604,-5011549.463190794
2025-04-18 02:00:00,0.0,0.3370092094318008,0.27721901931751125,-4659858.969013323
2025-04-18 03:00:00,0.0,0.41673579105702335,0.27726192743897393,-4880092.48613274
2025-04-18 04:00:00,0.0,0.46388073804150953,0.2773048009568741,-4513837.6574970735
2025-04-18 05:00:00,0.0,0.344050786582828,0.2773476398491549,-4576052.695437844
2025-04-18 06:00:00,0.0,0.38374402874351793,0.2773904440937775,-4520083.503711363
2025-04-18 07:00:00,0.14993173412748212,0.38932359553331475,0.2774332136687208,-4508667.43375321
2025-04-18 08:00:00,0.2896458683480821,0.43003563744136347,0.27747594855198165,-4318914.153874271
2025-04-18 09:00:00,0.4096211153031897,0.3463873635933518,0.27751864872157456,-4192672.040194351
2025-04-18 10:00:00,0.5016813601812843,0.2956197405415685,0.27756131415553204,-4282408.31533592
2025-04-18 11:00:00,0.5595528494306719,0.4490874271925052,0.27760394483190454,-4226646.969294144
2025-04-18 12:00:00,0.5792917366961643,0.30552955296243806,0.2776465407287601,-3658203.3171502403
2025-04-18 13:00:00,0.5595528494306719,0.4355210767011875,0.27768910182418505,-4301855.650378569
2025-04-18 14:00:00,0.5016813601812844,0.4372550415510935,0.2777316280962832,-4103529.8677354427
2025-04-18 15:00:00,0.4096211153031898,0.39200105529512014,0.27777411952317665,-3840069.3624715754
2025-04-18 16:00:00,0.2896458683480821,0.32365045039223683,0.2778165760830052,-4299482.701195717
2025-04-18 17:00:00,0.14993173412748226,0.2952224696236527,0.27785899775392664,-4234730.303716456
2025-04-18 18:00:00,7.094277711174689e-17,0.32823679946625156,0.2779013845141168,-3955288.990705972
2025-04-18 19:00:00,0.0,0.3573876647338954,0.27794373634176933,-4563680.310173475
2025-04-18 20:00:00,0.0,0.35053953719330994,0.2779860532150959,-4519893.655815992
2025-04-18 21:00:00,0.0,0.3637584938986759,0.2780283351123262,-4481019.051737264
2025-04-18 22:00:00,0.0,0.4324309219950806,0.2780705820117079,-4634900.015091588
2025-04-18 23:00:00,0.0,0.3934356466546125,0.27811279389150667,-4558781.662976573
2025-04-19 00:00:00,0.0,0.3589612491136432,0.2781549707300062,-4732731.9306363845
2025-04-19 01:00:00,0.0,0.3364385435386503,0.27819711250550816,-4228508.239429903
2025-04-19 02:00:00,0.0,0.34340214340051367,0.27823921919633227,-4723339.316805008
2025-04-19 03:00:00,0.0,0.36636386437320684,0.2782812907808164,-4635293.433251338
2025-04-19 04:00:00,0.0,0.37602156058299424,0.2783233272373164,-4711356.097077429
2025-04-19 05:00:00,0.0,0.3093393898298184,0.2783653285442062,-4413040.719227856
2025-04-19 06:00:00,0.0,0.38385360403745084,0.27840729467987774,-4504077.3032416655
2025-04-19 07:00:00,0.15151787342984457,0.45311700938537813,0.27844922562274116,-4474862.346908926
2025-04-19 08:00:00,0.29271005418057017,0.32012799595259933,0.2784911213512248,-4298565.170719112
2025-04-19 09:00:00,0.4139545284651258,0.32911473736433705,0.2785329818437748,-4469602.72797805
2025-04-19 10:00:00,0.5069886857269864,0.4201196526307703,0.2785748070788557,-4308677.670661447
2025-04-19 11:00:00,0.5654724018949704,0.4110370142060061,0.2786165970349501,-3872418.878711971
2025-04-19 12:00:00,0.5854201083611404,0.4098857545810132,0.27865835169055875,-3902052.804060942
2025-04-19 13:00:00,0.5654724018949704,0.33016838485255756,0.2787000710242006,-4028794.6775299115
2025-04-19 14:00:00,0.5069886857269864,0.442292987041701,0.27874175501441256,-3848217.295069319
2025-04-19 15:00:00,0.4139545284651258,0.4023350959042072,0.27878340363975,-3852822.925951631
2025-04-19 16:00:00,0.29271005418057017,0.46606749812501824,0.27882501687878647,-4219991.940447644
2025-04-19 17:00:00,0.15151787342984474,0.3477404079510424,0.2788665947101135,-4001393.544860637
2025-04-19 18:00:00,7.169328618609673e-17,0.3531829457020668,0.27890813711234097,-4513950.258599151
2025-04-19 19:00:00,0.0,0.3803553989550062,0.278949644064097,-4360494.89016144
2025-04-19 20:00:00,0.0,0.33730855919568287,0.278991115544028,-4483754.877799107
2025-04-19 21:00:00,0.0,0.4272411843266589,0.2790325515307984,-4820317.190964445
2025-04-19 22:00:00,0.0,0.37349214492393973,0.27907395200309126,-4664670.04468059
2025-04-19 23:00:00,0.0,0.35671167180357927,0.2791153169396075,-4746212.1879792465
2025-04-20 00:00:00,0.0,0.4680765898200133,0.2791566463190666,-4752546.185459048
2025-04-20 01:00:00,0.0,0.3222302002920629,0.27919794012020627,-4819988.113999995
2025-04-20 02:00:00,0.0,0.45790354740465206,0.27923919832178246,-4780310.947237965
2025-04-20 03:00:00,0.0,0.3133730532055711,0.27928042090256955,-4987781.2185500385
2025-04-20 04:00:00,0.0,0.3377446322273471,0.2793216078413601,-4775770.065182302
2025-04-20 05:00:00,0.0,0.44012110347612127,0.2793627591169652,-5025656.320940407
2025-04-20 06:00:00,0.0,0.3352778145691674,0.279403874708214,-4601634.828977429
2025-04-20 07:00:00,0.1530897921838208,0.3600605757487241,0.27944495459395424,-4399248.2937565725
2025-04-20 08:00:00,0.2957467680231577,0.2959357315272963,0.279485998753052,-4230589.956834541
2025-04-20 09:00:00,0.41824909036635916,0.4548738294865575,0.2795270071643918,-4135356.3267040937
2025-04-20 10:00:00,0.5122484283903957,0.30558006883283995,0.2795679798068763,-4079563.6212600055
2025-04-20 11:00:00,0.5713388825501801,0.3841442996214395,0.2796089166594268,-3890383.768234556
2025-04-20 12:00:00,0.5914935360463155,0.39972336202505654,0.2796498177009829,-3944584.5454651085
2025-04-20 13:00:00,0.5713388825501801,0.35855743343824914,0.27969068291050264,-4083818.76672767
2025-04-20 14:00:00,0.5122484283903957,0.4019364158954943,0.2797315122669626,-4187184.332382721
2025-04-20 15:00:00,0.41824909036635927,0.3663365845598953,0.2797723057493576,-4161403.2237121123
2025-04-20 16:00:00,0.2957467680231577,0.44874957976972457,0.27981306333670103,-3994609.004793917
2025-04-20 17:00:00,0.15308979218382096,0.39468822990019314,0.2798537850080249,-4499975.30398447
2025-04-20 18:00:00,7.243706656354699e-17,0.4460566860614243,0.2798944707423794,-4462441.881800746
2025-04-20 19:00:00,0.0,0.4440481996407247,0.2799351205188334,-4331339.198928273
2025-04-20 20:00:00,0.0,0.3493607702186402,0.27997573431647416,-4369773.54262488
2025-04-20 21:00:00,0.0,0.4513595055563664,0.28001631211440764,-5004365.170764858
2025-04-20 22:00:00,0.0,0.43583234248277375,0.28005685389175805,-4722642.067372471
2025-04-20 23:00:00,0.0,0.41523939679332794,0.28009735962766835,-4694400.723684327
2025-04-21 00:00:00,0.0,0.32526912001239466,0.2801378293013,-4698887.544720342
2025-04-21 01:00:00,0.0,0.4025055684609547,0.2801782628918329,-4632486.334420178
2025-04-21 02:00:00,0.0,0.45609984790471586,0.28021866037846566,-4721275.465009983
2025-04-21 03:00:00,0.0,0.29965960958619214,0.2802590217404153,-4664616.595879091
2025-04-21 04:00:00,0.0,0.42500591253697756,0.2802993469569176,-4722904.199748231
2025-04-21 05:00:00,0.0,0.4034795328537588,0.28033963600722683,-4675025.784444122
2025-04-21 06:00:00,0.0,0.4510241562619332,0.2803798888706159,-4499544.675960325
2025-04-21 07:00:00,0.15464702459595916,0.4164863733288596,0.2804201055263763,-4479179.918537284
2025-04-21 08:00:00,0.2987551100319954,0.43565067320520273,0.28046028595381817,-4192557.480002959
2025-04-21 09:00:00,0.42250352843551425,0.3550132612216531,0.28050043013227033,-4208712.544118108
2025-04-21 10:00:00,0.5174590295962465,0.4571977880365713,0.2805405380410802,-3979884.597055382
2025-04-21 11:00:00,0.5771505530314734,0.3957782735836547,0.28058060965961384,-3900223.298727589
2025-04-21 12:00:00,0.5975102200639909,0.39143494178821786,0.2806206449672561,-4006140.0002676
2025-04-21 13:00:00,0.5771505530314734,0.33173254421969567,0.2806606439434102,-3955831.903357327
2025-04-21 14:00:00,0.5174590295962466,0.46510716474292485,0.28070060656749857,-3974022.3683746606
2025-04-21 15:00:00,0.4225035284355143,0.346460001859972,0.2807405328189619,-3993020.632878114
2025-04-21 16:00:00,0.2987551100319954,0.43247090106854535,0.28078042267725967,-4145946.2383991214
2025-04-21 17:00:00,0.15464702459595933,0.3785698085754143,0.2808202761218702,-4551864.087910391
2025-04-21 18:00:00,7.317389784591971e-17,0.30278309143536747,0.2808600931322906,-4450749.798282861
2025-04-21 19:00:00,0.0,0.3420857103456099,0.2808998736880364,-4164585.9309456283
2025-04-21 20:00:00,0.0,0.3486677001663269,0.28093961776864235,-4426604.391585554
2025-04-21 21:00:00,0.0,0.3768351411017243,0.28097932535366155,-4259690.742608492
2025-04-21 22:00:00,0.0,0.39931474357896196,0.28101899642266603,-4931606.480602852
2025-04-21 23:00:00,0.0,0.32461337934819473,0.2810586309552467,-4762458.813696554
2025-04-22 00:00:00,0.0,0.4074792498779088,0.28109822893101316,-4573930.3064108975
2025-04-22 01:00:00,0.0,0.3966558706897634,0.28113779032959374,-4648505.216878892
2025-04-22 02:00:00,0.0,0.34184638673529627,0.2811773151306359,-4563121.530862763
2025-04-22 03:00:00,0.0,0.3915075284985449,0.2812168033138055,-4715859.250137862
2025-04-22 04:00:00,0.0,0.45071696727563054,0.2812562548587876,-4480001.535984185
2025-04-22 05:00:00,0.0,0.43671114911613,0.2812956697452859,-4323048.210230111
2025-04-22 06:00:00,0.0,0.31845905923869794,0.28133504795302305,-5064937.024696874
2025-04-22 07:00:00,0.15618910922468815,0.3751992735467557,0.2813743894617405,-4172547.43112823
2025-04-22 08:00:00,0.30173418877042085,0.3333088931537505,0.2814136942511986,-4255899.040314932
2025-04-22 09:00:00,0.4267165819907728,0.35313151719522545,0.2814529623011768,-3977785.4544382594
2025-04-22 10:00:00,0.5226189453309475,0.4333904528367726,0.281492193591473,-4179601.808843993
2025-04-22 11:00:00,0.582905691215461,0.46379882249208776,0.2815313881019044,-3977844.0957242777
2025-04-22 12:00:00,0.6034683775408418,0.43194177721519844,0.28157054581230706,-4069795.426094517
2025-04-22 13:00:00,0.582905691215461,0.29301971442004837,0.28160966670253584,-4101255.389280127
2025-04-22 14:00:00,0.5226189453309477,0.4033509852688394,0.2816487507524646,-4330336.750504726
2025-04-22 15:00:00,0.4267165819907729,0.3871465501738531,0.2816877979419862,-4104961.82212329
2025-04-22 16:00:00,0.30173418877042085,0.36237491336854705,0.2817268082510124,-4067807.1183622014
2025-04-22 17:00:00,0.15618910922468832,0.336540842469501,0.2817657816594739,-4249711.610717351
2025-04-22 18:00:00,7.390356169420384e-17,0.38409794086182913,0.2818047181473206,-3816307.225496676
2025-04-22 19:00:00,0.0,0.3989740996772165,0.28184361769452115,-4606757.342988822
2025-04-22 20:00:00,0.0,0.4029044452193076,0.28188248028106333,-4347322.160781785
2025-04-22 21:00:00,0.0,0.4473986405926663,0.2819213058869538,-4259387.520039068
2025-04-22 22:00:00,0.0,0.3016783536262544,0.2819600944922185,-4494815.900186806
2025-04-22 23:00:00,0.0,0.2971658675536542,0.2819988460769021,-4582523.337969776
2025-04-23 00:00:00,0.0,0.35239467179973993,0.2820375606210685,-4798613.234808745
2025-04-23 01:00:00,0.0,0.35387351184933824,0.2820762381048007,-4785889.383369801
2025-04-23 02:00:00,0.0,0.45270182092161,0.28211487850820066,-4764460.117708145
2025-04-23 03:00:00,0.0,0.38124089273128253,0.28215348181138933,-4679783.272823912
2025-04-23 04:00:00,0.0,0.32492023722592084,0.282192047994507,-4640260.516927382
2025-04-23 05:00:00,0.0,0.3071032124613668,0.28223057703771287,-4252330.593231021
2025-04-23 06:00:00,0.0,0.3803402857268671,0.28226906892118525,-4568575.296004185
2025-04-23 07:00:00,0.15771558911705136,0.4033473336204971,0.2823075236251217,-4533257.944139123
2025-04-23 08:00:00,0.30468312147311005,0.4404960727699654,0.2823459411297387,-4698004.660100535
2025-04-23 09:00:00,0.43088700261344137,0.43769800044912505,0.2823843214152721,-4195561.678107593
2025-04-23 10:00:00,0.5277266466001066,0.3871575007213357,0.2824226644619767,-4066200.6509646787
2025-04-23 11:00:00,0.5886025917304928,0.4469796594521494,0.2824609702501266,-3920409.0501041003
2025-04-23 12:00:00,0.6093662429462201,0.4307782470843034,0.282499238760015,-4042291.5444964427
2025-04-23 13:00:00,0.5886025917304928,0.32073300716065295,0.2825374699719542,-4304708.933152938
2025-04-23 14:00:00,0.5277266466001066,0.4364169190968865,0.282575663866276,-4339939.999431073
2025-04-23 15:00:00,0.4308870026134415,0.34443963943929634,0.2826138204233309,-4173415.353666512
2025-04-23 16:00:00,0.30468312147311005,0.38897951009445714,0.282651939623489,-4428878.006207873
2025-04-23 17:00:00,0.15771558911705152,0.39721951415486895,0.2826900214471395,-4141167.514134832
2025-04-23 18:00:00,7.462584189325369e-17,0.33980625586700647,0.2827280658746909,-4323656.8673577625
2025-04-23 19:00:00,0.0,0.4104904157118934,0.28276607288657074,-3868703.5056517404
2025-04-23 20:00:00,0.0,0.4354863473682791,0.282804042463226,-4476350.0997912735
2025-04-23 21:00:00,0.0,0.3365846717334175,0.2828419745851229,-4594505.405593138
2025-04-23 22:00:00,0.0,0.4085021790676518,0.28287986923274683,-4744440.978766117
2025-04-23 23:00:00,0.0,0.36663656760597324,0.2829177263866025,-4391332.719354807
2025-04-24 00:00:00,0.0,0.4364109079989939,0.282955546027214,-4812236.736846011
2025-04-24 01:00:00,0.0,0.4294464856321771,0.28299332813512457,-4590149.723255957
2025-04-24 02:00:00,0.0,0.3282308507074232,0.28303107269089683,-4608384.000876049
2025-04-24 03:00:00,0.0,0.33061143536391335,0.2830687796751128,-4676772.406704684
2025-04-24 04:00:00,0.0,0.35722006998920025,0.2831064490683736,-4556542.391883574
2025-04-24 05:00:00,0.0,0.4231787445974397,0.28314408085130005,-4712556.424865229
2025-04-24 06:00:00,0.0,0.30803988549683564,0.2831816750045319,-4261457.637303878
2025-04-24 07:00:00,0.15922601194411254,0.4079801495052871,0.2832192315087286,-4329731.58588496
2025-04-24 08:00:00,0.3076010343076599,0.31651785888481626,0.28325675034456876,-4358459.128454754
2025-04-24 09:00:00,0.43501355451788437,0.31560469622239296,0.2832942314927505,-3762004.875937388
2025-04-24 10:00:00,0.5327806198816043,0.36201738113726634,0.28333167493399125,-4382248.609428737
2025-04-24 11:00:00,0.5942395664619969,0.3869713157991539,0.2833690806490279,-4091290.7106467793
2025-04-24 12:00:00,0.6152020686153199,0.30052546467358027,0.28340644861861664,-4461825.52909799
2025-04-24 13:00:00,0.5942395664619969,0.425861030090447,0.28344377882353317,-3829342.556352419
2025-04-24 14:00:00,0.5327806198816044,0.42547416003018873,0.28348107124457267,-4185580.75600039
2025-04-24 15:00:00,0.4350135545178844,0.42409833143795433,0.28351832586254955,-4125117.6134609208
2025-04-24 16:00:00,0.3076010343076599,0.3007259246043006,0.2835555426582979,-3858391.67849159
2025-04-24 17:00:00,0.1592260119441127,0.39008468266608226,0.2835927216126712,-4359018.827443945
2025-04-24 18:00:00,7.534052441585819e-17,0.3829682995652317,0.2836298627065423,-4314990.301819408
2025-04-24 19:00:00,0.0,0.42384370035191954,0.2836669659208036,-4503507.581975592
2025-04-24 20:00:00,0.0,0.36321902047701216,0.28370403123636695,-4413288.317365724
2025-04-24 21:00:00,0.0,0.3147255711471955,0.2837410586341638,-4548673.629985858
2025-04-24 22:00:00,0.0,0.39445074602623076,0.2837780480951451,-4728633.6021114765
2025-04-24 23:00:00,0.0,0.4349200947794117,0.2838149996002812,-4838170.701214261
2025-04-25 00:00:00,0.0,0.3942922955356674,0.28385191313056196,-4788479.351474922
2025-04-25 01:00:00,0.0,0.2996660978599076,0.2838887886669969,-4767789.592773097
2025-04-25 02:00:00,0.0,0.42462414382557073,0.28392562619061507,-4912782.923926878
2025-04-25 03:00:00,0.0,0.31193311304025856,0.28396242568246505,-4661472.723084613
2025-04-25 04:00:00,0.0,0.31955757241817995,0.28399918712361494,-4902526.837375185
2025-04-25 05:00:00,0.0,0.3830767657965551,0.28403591049515237,-4449252.248984786
2025-04-25 06:00:00,0.0,0.4340747374537902,0.28407259577818483,-4429443.079463919
2025-04-25 07:00:00,0.16071993013499042,0.38865107670367,0.28410924295383905,-4411129.1603128
2025-04-25 08:00:00,0.3104870626335239,0.373579616147348,0.2841458520032616,-4281449.155274092
2025-04-25 09:00:00,0.43909501491771413,0.35572461587730236,0.2841824229076185,-4070702.4294146546
2025-04-25 10:00:00,0.5377793675740837,0.29829568203387913,0.2842189556480957,-4216487.83330461
2025-04-25 11:00:00,0.5998149450527047,0.3775938711733901,0.2842554502058984,-4204965.4533666
2025-04-25 12:00:00,0.6209741252670479,0.3108229583285104,0.2842919065622517,-4385353.19186118
2025-04-25 13:00:00,0.5998149450527047,0.3718049336955585,0.28432832469840014,-4177027.587046997
2025-04-25 14:00:00,0.5377793675740837,0.32584590920791345,0.28436470459560814,-3846305.077497942
2025-04-25 15:00:00,0.4390950149177142,0.33045195647257064,0.2844010462351597,-3989346.4162733136
2025-04-25 16:00:00,0.3104870626335239,0.30346126070892154,0.28443734959835854,-4344253.28631421
2025-04-25 17:00:00,0.1607199301349906,0.34880905103304954,0.284473614666528,-3981111.371083782
2025-04-25 18:00:00,7.604739748616178e-17,0.3957376525942122,0.2845098414210111,-4617258.094231002
2025-04-25 19:00:00,0.0,0.33906226247575827,0.28454602984317073,-4656195.811163346
2025-04-25 20:00:00,0.0,0.44004178432704166,0.28458217991438933,-4552353.836683074
2025-04-25 21:00:00,0.0,0.3250266382302553,0.28461829161606916,-4423608.13250414
2025-04-25 22:00:00,0.0,0.2991750055716662,0.28465436492963214,-4309069.089448892
2025-04-25 23:00:00,0.0,0.37058902523722953,0.2846903998365201,-4383894.58929438
2025-04-26 00:00:00,0.0,0.3531050711459922,0.2847263963181945,-4687225.839077272
2025-04-26 01:00:00,0.0,0.36458186182753216,0.28476235435613667,-4818034.29213771
2025-04-26 02:00:00,0.0,0.3209118807242702,0.2847982739318474,-4679788.623184029
2025-04-26 03:00:00,0.0,0.44542918858603125,0.2848341550268477,-4601294.350704305
2025-04-26 04:00:00,0.0,0.40331344710611844,0.2848699976226782,-4694838.474166708
2025-04-26 05:00:00,0.0,0.39510197408661657,0.28490580170089924,-4853530.9079626845
2025-04-26 06:00:00,0.0,0.40839335612322536,0.2849415672430911,-4424707.2542004045
2025-04-26 07:00:00,0.1621969010094837,0.42231102793373626,0.28497729423085383,-4458635.491391299
2025-04-26 08:00:00,0.31334035125822346,0.3571636709808544,0.28501298264580727,-4245974.502795942
2025-04-26 09:00:00,0.4431301743881291,0.4424814865060988,0.2850486324695913,-3976711.9396670465
2025-04-26 10:00:00,0.5427214084407217,0.3643378396378657,0.28508424368386537,-4224110.395794162
2025-04-26 11:00:00,0.6053270753976129,0.3594311474123563,0.285119816270309,-4139365.779636649
2025-04-26 12:00:00,0.626680702516447,0.32592396373490357,0.2851553502106216,-3881281.322586968
2025-04-26 13:00:00,0.6053270753976129,0.44637253015296535,0.2851908454865223,-4041874.7918053106
2025-04-26 14:00:00,0.5427214084407217,0.42241824654692994,0.2852263020797502,-3766514.8471912583
2025-04-26 15:00:00,0.44313017438812924,0.29558086512129367,0.28526171997206434,-4042590.804954309
2025-04-26 16:00:00,0.31334035125822346,0.397928972676701,0.2852970991452436,-4018097.29943549
2025-04-26 17:00:00,0.16219690100948386,0.4269745263936339,0.28533243958108684,-4076952.2919339156
2025-04-26 18:00:00,7.674625164241815e-17,0.43242771272958425,0.28536774126141284,-4251586.008657538
2025-04-26 19:00:00,0.0,0.2922169898946554,0.28540300416806025,-4049217.3957294007
2025-04-26 20:00:00,0.0,0.3838399401992163,0.28543822828288773,-4153751.8767313664
2025-04-26 21:00:00,0.0,0.41827399042772256,0.28547341358777395,-4656537.265350389
2025-04-26 22:00:00,0.0,0.31305769395160005,0.2855085600646174,-4802311.845024892
2025-04-26 23:00:00,0.0,0.36832291124880484,0.2855436676953367,-4536312.628226178
2025-04-27 00:00:00,0.0,0.32597909900972316,0.2855787364618703,-5069446.546916132
2025-04-27 01:00:00,0.0,0.28752092329484374,0.28561376634617686,-4813921.640704369
2025-04-27 02:00:00,0.0,0.3407029249831444,0.28564875733023476,-4665601.636135127
2025-04-27 03:00:00,0.0,0.4284412087145167,0.28568370939604265,-4456477.532480507
2025-04-27 04:00:00,0.0,0.37600273257362354,0.285718622525619,-4535008.709025484
2025-04-27 05:00:00,0.0,0.4010018019367972,0.28575349670100253,-4959596.648417878
2025-04-27 06:00:00,0.0,0.30640657868267235,0.28578833190425174,-4817283.26949567
2025-04-27 07:00:00,0.16365648690924658,0.4034450492149377,0.2858231281174454,-4462450.994615117
2025-04-27 08:00:00,0.31616005469076014,0.43287058277141005,0.2858578853226823,-4408291.936120575
2025-04-27 09:00:00,0.4471178372242925,0.3731543032547572,0.2858926035020811,-3986395.859885047
2025-04-27 10:00:00,0.5476052780481516,0.2914869905071579,0.28592728263778083,-4483236.058255038
2025-04-27 11:00:00,0.6107743241335392,0.3157247411492885,0.2859619227119404,-4108024.2752776667
2025-04-27 12:00:00,0.6323201093815204,0.4307284194345186,0.2859965237067389,-4378378.833267578
2025-04-27 13:00:00,0.6107743241335392,0.3096011044800716,0.2860310856043755,-4177568.6746295644
2025-04-27 14:00:00,0.5476052780481516,0.29428063316493475,0.28606560838706946,-3793699.0066291643
2025-04-27 15:00:00,0.44711783722429255,0.4150027299012648,0.28610009203706027,-4241568.9385424545
2025-04-27 16:00:00,0.31616005469076014,0.4280196147508311,0.2861345365366074,-4183976.7404325763
2025-04-27 17:00:00,0.16365648690924675,0.31146747740365593,0.28616894186799063,-4361790.327946972
2025-04-27 18:00:00,7.743687979905832e-17,0.3126088825746031,0.2862033080135097,-4302108.510294615
2025-04-27 19:00:00,0.0,0.3765850807324343,0.28623763495548465,-4393166.967183145
2025-04-27 20:00:00,0.0,0.3351080618317603,0.2862719226762556,-4753582.480849631
2025-04-27 21:00:00,0.0,0.4148790037611529,0.286306171158183,-4232702.89339387
2025-04-27 22:00:00,0.0,0.30338830541724704,0.2863403803836473,-4515818.277324663
2025-04-27 23:00:00,0.0,0.42820215289341507,0.28637455033504927,-4798556.957743058
2025-04-28 00:00:00,0.0,0.34643313651467916,0.28640868099480976,-5061563.79548382
2025-04-28 01:00:00,0.0,0.33574677411276227,0.28644277234536997,-4782749.989083209
2025-04-28 02:00:00,0.0,0.4189271998340453,0.2864768243691913,-4655649.894590206
2025-04-28 03:00:00,0.0,0.3303616380394529,0.28651083704875524,-4498590.136540257
2025-04-28 04:00:00,0.0,0.426522663763741,0.28654481036656376,-4931969.729602014
2025-04-28 05:00:00,0.0,0.41177440392180464,0.2865787443051389,-4284283.4765837155
2025-04-28 06:00:00,0.0,0.43398180289504795,0.28661263884702304,-4651898.020550984
2025-04-28 07:00:00,0.16509825532747652,0.40353975876508447,0.2866464939747787,-4620286.957091168
2025-04-28 08:00:00,0.31894533739215264,0.4190738642733754,0.2866803096709889,-4010405.671196523
2025-04-28 09:00:00,0.4510568217956449,0.3094870627937099,0.2867140859182567,-4540122.543443522
2025-04-28 10:00:00,0.5524295292004061,0.4303431828766035,0.28674782269920573,-3935777.481904303
2025-04-28 11:00:00,0.6161550771231215,0.32375002398712727,0.2867815199964796,-4216794.755901405
2025-04-28 12:00:00,0.6378906747843054,0.4203048466355782,0.2868151777927425,-3814834.7266230206
2025-04-28 13:00:00,0.6161550771231215,0.305485324628627,0.28684879607067887,-3901431.110071858
2025-04-28 14:00:00,0.5524295292004061,0.320934933351829,0.28688237481299333,-3821552.4447327
2025-04-28 15:00:00,0.451056821795645,0.4274310271045659,0.2869159140024112,-4286087.546664083
2025-04-28 16:00:00,0.31894533739215264,0.4378091497283691,0.2869494136216776,-3958142.56516631
2025-04-28 17:00:00,0.16509825532747668,0.3944435889975075,0.2869828736535585,-4129802.8353609666
2025-04-28 18:00:00,7.811907730805448e-17,0.32628373693894513,0.28701629408084006,-4136402.9492042144
2025-04-28 19:00:00,0.0,0.4477940294970661,0.2870496748863288,-4417386.310175553
2025-04-28 20:00:00,0.0,0.40249165371402346,0.28708301605285164,-4577060.379691254
2025-04-28 21:00:00,0.0,0.33044296306857285,0.2871163175632559,-4831521.6265569385
2025-04-28 22:00:00,0.0,0.38163876861371737,0.2871495794004092,-4740588.93021248
2025-04-28 23:00:00,0.0,0.31322415857135155,0.2871828015471997,-4324698.43695311
2025-04-29 00:00:00,0.0,0.2955482298242406,0.28721598398653597,-4969046.749805088
2025-04-29 01:00:00,0.0,0.29778016346802033,0.287249126701347,-4804737.593563622
2025-04-29 02:00:00,0.0,0.2926131917932995,0.2872822296745821,-4610366.356255849
2025-04-29 03:00:00,0.0,0.42191202867772265,0.28731529288921126,-4711849.106073171
2025-04-29 04:00:00,0.0,0.43841458993914434,0.2873483163282246,-4540065.8943305835
2025-04-29 05:00:00,0.0,0.4255139361904059,0.2873812999746331,-4184417.918602775
2025-04-29 06:00:00,0.0,0.3110305970139821,0.28741424381146774,-4591515.075888882
2025-04-29 07:00:00,0.16652177903707532,0.3466553085905953,0.28744714782178044,-4268767.367653422
2025-04-29 08:00:00,0.3216953740230252,0.44142444966165073,0.28748001198864337,-4522238.789409265
2025-04-29 09:00:00,0.4549459608960478,0.3697271609435019,0.28751283629514923,-4048740.2980546257
2025-04-29 10:00:00,0.5571927323677529,0.2862044554140827,0.28754562072441114,-4184798.0123273158
2025-04-29 11:00:00,0.6214677399331231,0.40497044424900785,0.28757836525956293,-3984086.0064222226
2025-04-29 12:00:00,0.6433907480460506,0.37995463476129293,0.2876110698837589,-4205249.243165462
2025-04-29 13:00:00,0.6214677399331231,0.3874473349100829,0.28764373458017367,-4412767.244551958
2025-04-29 14:00:00,0.557192732367753,0.41180608742484465,0.2876763593320026,-3759570.927657793
2025-04-29 15:00:00,0.4549459608960478,0.2869432189148213,0.28770894412246173,-4184597.972293209
2025-04-29 16:00:00,0.3216953740230252,0.340070257326386,0.2877414889347873,-3680262.1945190574
2025-04-29 17:00:00,0.1665217790370755,0.4277230999667731,0.2877739937522364,-4288591.47823914
2025-04-29 18:00:00,7.87926420195617e-17,0.4450725158749331,0.2878064585580866,-4395379.798058897
2025-04-29 19:00:00,0.0,0.4209217697435062,0.287838883335636,-4344635.169224411
2025-04-29 20:00:00,0.0,0.3995972012040794,0.28787126806820346,-4906444.242386141
2025-04-29 21:00:00,0.0,0.39551879229290554,0.2879036127391283,-4553546.502503845
2025-04-29 22:00:00,0.0,0.4490415865194699,0.28793591733177043,-4432625.534028173
2025-04-29 23:00:00,0.0,0.3787454745365972,0.28796818182951045,-4748101.374828827
2025-04-30 00:00:00,0.0,0.2920120289993426,0.28800040621574957,-4888330.071703225
2025-04-30 01:00:00,0.0,0.3290192553904528,0.28803259047390967,-4760569.468868377
2025-04-30 02:00:00,0.0,0.4235805047797741,0.28806473458743326,-4559936.2541362345
2025-04-30 03:00:00,0.0,0.33990946808200473,0.28809683853978346,-4971252.382856369
2025-04-30 04:00:00,0.0,0.3206149256629253,0.288128902314444,-4911626.664383856
2025-04-30 05:00:00,0.0,0.3823403798509137,0.2881609258949195,-4533097.390848233
2025-04-30 06:00:00,0.0,0.4515734054421724,0.28819290926473495,-4746696.655911021
2025-04-30 07:00:00,0.16792663621724563,0.29620930233630793,0.2882248524074363,-4567783.13062518
2025-04-30 08:00:00,0.3244093496881735,0.32729385080382584,0.28825675530659006,-4333616.848967019
2025-04-30 09:00:00,0.458784102089651,0.3072267687239006,0.2882886179457834,-4122457.483624226
2025-04-30 10:00:00,0.5618934761102953,0.312990557703739,0.28832044030862436,-4074790.014374208
2025-04-30 11:00:00,0.6267107383068966,0.34640483075346623,0.28835222237874164,-4239070.640247542
2025-04-30 12:00:00,0.6488186993763471,0.4026156676546235,0.28838396413978457,-3963455.199071223
2025-04-30 13:00:00,0.6267107383068966,0.41525419911990785,0.28841566557542325,-4146479.177666117
2025-04-30 14:00:00,0.5618934761102953,0.39523474793752295,0.2884473266693487,-4124431.982597391
2025-04-30 15:00:00,0.45878410208965104,0.31255884770589365,0.2884789474052724,-4259805.881127789
2025-04-30 16:00:00,0.3244093496881735,0.30992968819032396,0.28851052776692687,-4060592.036601265
2025-04-30 17:00:00,0.1679266362172458,0.3103351510961304,0.28854206773806523,-4372307.7218592055
2025-04-30 18:00:00,7.945737434181922e-17,0.4176024681395225,0.2885735673024614,-4317086.241536173
2025-04-30 19:00:00,0.0,0.34354003755028856,0.28860502644391023,-3788725.9768489804
2025-04-30 20:00:00,0.0,0.4405707747888267,0.2886364451462271,-4437730.272347989
2025-04-30 21:00:00,0.0,0.31862878212890794,0.2886678233932484,-4630997.132498032
2025-04-30 22:00:00,0.0,0.3477395134169739,0.2886991611688314,-4409262.258338659
2025-04-30 23:00:00,0.0,0.28559167447134387,0.2887304584568539,-4634314.932042925
2025-05-01 00:00:00,0.0,0.4018833908524108,0.2887617152412148,-4747813.742513671
2025-05-01 01:00:00,0.0,0.3490598073512486,0.2887929315058338,-4917415.200060489
2025-05-01 02:00:00,0.0,0.3307761409137546,0.2888241072346512,-4770674.858607876
2025-05-01 03:00:00,0.0,0.2905407205156526,0.28885524241162847,-4800915.405900602
2025-05-01 04:00:00,0.0,0.39686760808887056,0.28888633702074784,-4627546.701851441
2025-05-01 05:00:00,0.0,0.44188419719485383,0.2889173910460123,-4457555.820818677
2025-05-01 06:00:00,0.0,0.4388120063445328,0.2889484044714458,-4302027.166080869
2025-05-01 07:00:00,0.16931241057848567,0.3305197010545246,0.2889793772810932,-4647846.280818183
2025-05-01 08:00:00,0.32708646017803544,0.3157117385051459,0.28901030945902023,-4233631.09533844
2025-05-01 09:00:00,0.462570108052385,0.44406507256046424,0.2890412009893135,-4223217.082277986
2025-05-01 10:00:00,0.5665303674962118,0.33762252628714845,0.28907205185608065,-4281683.045062242
2025-05-01 11:00:00,0.6318825186308707,0.385925514672859,0.2891028620434501,-4133203.0422388553
2025-05-01 12:00:00,0.654172920356071,0.4209601001979771,0.2891336315355712,-4179865.7533104667
2025-05-01 13:00:00,0.6318825186308707,0.2874556709557056,0.2891643603166143,-3895696.1465951116
2025-05-01 14:00:00,0.5665303674962118,0.4080269282992633,0.28919504837077065,-4117594.096869805
2025-05-01 15:00:00,0.46257010805238513,0.32552946434997715,0.28922569568225254,-3971337.1373857097
2025-05-01 16:00:00,0.32708646017803544,0.3837096011572911,0.28925630223529314,-4324411.362370171
2025-05-01 17:00:00,0.16931241057848584,0.3995392664236365,0.2892868680141466,-4407238.23708127
2025-05-01 18:00:00,8.011307730029388e-17,0.34933356949513217,0.28931739300308806,-4260629.795488018
2025-05-01 19:00:00,0.0,0.3690865508865462,0.2893478771864136,-4031722.6775175086
2025-05-01 20:00:00,0.0,0.44331894732925387,0.2893783205484404,-4340542.310789481
2025-05-01 21:00:00,0.0,0.3833857090131699,0.28940872307350646,-4557989.475357854
2025-05-01 22:00:00,0.0,0.43791245112477173,0.2894390847459711,-4535151.935883165
2025-05-01 23:00:00,0.0,0.34762138514446866,0.2894694055502142,-4787059.236014839
2025-05-02 00:00:00,0.0,0.4184562367370108,0.28949968547063715,-4943324.652974027
2025-05-02 01:00:00,0.0,0.4449936739609098,0.2895299244916619,-5032129.97755352
2025-05-02 02:00:00,0.0,0.29790606808855075,0.28956012259773195,-4808989.387921895
2025-05-02 03:00:00,0.0,0.3989877164644286,0.28959027977331153,-4656745.691457951
2025-05-02 04:00:00,0.0,0.3387687560656259,0.2896203960028858,-4646862.320507911
2025-05-02 05:00:00,0.0,0.38270336467044613,0.28965047127096133,-4307596.329595204
2025-05-02 06:00:00,0.0,0.3503027843493085,0.2896805055620656,-4340545.365659592
2025-05-02 07:00:00,0.17067869148594475,0.38925004763919085,0.2897104988607472,-3964742.7441556687
2025-05-02 08:00:00,0.32972591220699626,0.3166278844250754,0.2897404511515756,-4339342.987043612
2025-05-02 09:00:00,0.4663028569089746,0.31089244551338124,0.28977036241914167,-4272887.230665394
2025-05-02 10:00:00,0.5711020325145126,0.41584106365906165,0.2898002326480573,-4077854.6572156157
2025-05-02 11:00:00,0.6369815483949194,0.40779524147322654,0.28983006182295545,-4192116.3808947587
2025-05-02 12:00:00,0.6594518244139926,0.3411721039586909,0.2898598499284902,-4246917.700930048
2025-05-02 13:00:00,0.6369815483949194,0.3945739807587333,0.28988959694933664,-4283481.119359838
2025-05-02 14:00:00,0.5711020325145127,0.2933222426442071,0.28991930287019124,-3905079.723276122
2025-05-02 15:00:00,0.46630285690897466,0.37016422522071685,0.28994896767577144,-3978051.9684613133
2025-05-02 16:00:00,0.32972591220699626,0.4003731944539607,0.289978591350816,-4338046.059706185
2025-05-02 17:00:00,0.17067869148594494,0.43982702920411015,0.29000817388008465,-4496270.016745448
2025-05-02 18:00:00,8.075955659604785e-17,0.37424171539570217,0.29003771524835836,-4175230.008470877
2025-05-02 19:00:00,0.0,0.3417677986084619,0.29006721544043923,-4081153.0913887094
2025-05-02 20:00:00,0.0,0.27982409164436967,0.2900966744411507,-4469867.686724716
2025-05-02 21:00:00,0.0,0.4220445018700869,0.2901260922353373,-4529130.105451316
2025-05-02 22:00:00,0.0,0.2828445779678316,0.29015546880786464,-4751533.423244302
2025-05-02 23:00:00,0.0,0.39071192897112117,0.29018480414361975,-4842844.336667343
2025-05-03 00:00:00,0.0,0.3453532071246957,0.2902140982275107,-4635564.334241193
2025-05-03 01:00:00,0.0,0.28258827027604483,0.2902433510444669,-4610333.840605884
2025-05-03 02:00:00,0.0,0.4177639083293842,0.29027256257943895,-4754904.97979198
2025-05-03 03:00:00,0.0,0.39929798531467187,0.29030173281739874,-5060708.99336687
2025-05-03 04:00:00,0.0,0.39081730864871506,0.2903308617433393,-4537394.887973697
2025-05-03 05:00:00,0.0,0.34043860876834836,0.2903599493422749,-4358839.7658637995
2025-05-03 06:00:00,0.0,0.29387156821356725,0.2903889955992413,-4447800.361850031
2025-05-03 07:00:00,0.17202507408110324,0.4406861752188947,0.2904180004992952,-4278158.023920534
2025-05-03 08:00:00,0.3323269236484556,0.2831723726571253,0.29044696402751485,-4325288.0982506545
2025-05-03 09:00:00,0.46998124256537405,0.41456165078713353,0.29047588616899966,-3887078.7724656225
2025-05-03 10:00:00,0.5756071164821882,0.3321153679150539,0.2905047669088703,-3766585.650363144
2025-05-03 11:00:00,0.6420063166464773,0.34198374003704185,0.2905336062322688,-3768260.158615899
2025-05-03 12:00:00,0.6646538472969113,0.3958893568079442,0.2905624041243586,-3497582.008566589
2025-05-03 13:00:00,0.6420063166464773,0.40077604193913763,0.2905911605703242,-3949601.5739780976
2025-05-03 14:00:00,0.5756071164821883,0.39472392503333403,0.29061987555537155,-4006004.6996250837
2025-05-03 15:00:00,0.46998124256537416,0.3433122831004214,0.29064854906472803,-4330947.912908669
2025-05-03 16:00:00,0.3323269236484556,0.2915377386679091,0.29067718108364227,-3997742.7705997336
2025-05-03 17:00:00,0.17202507408110343,0.2966970601576558,0.2907057715973842,-3902703.5388108073
2025-05-03 18:00:00,8.139662066331361e-17,0.38660927370463166,0.2907343205912452,-4315827.650142456
2025-05-03 19:00:00,0.0,0.32006212884095203,0.2907628280505378,-4351027.97599938
2025-05-03 20:00:00,0.0,0.4026243416817823,0.29079129396059633,-4310249.135383949
2025-05-03 21:00:00,0.0,0.3907078813158347,0.290819718306776,-4406250.24550174
2025-05-03 22:00:00,0.0,0.3916966451058763,0.29084810107445375,-4297789.412542658
2025-05-03 23:00:00,0.0,0.33623431592854575,0.29087644224902764,-4842357.553084057
2025-05-04 00:00:00,0.0,0.3970334375475692,0.29090474181591736,-4556246.672254812
2025-05-04 01:00:00,0.0,0.3801842980756645,0.290932999760564,-4835423.266379931
2025-05-04 02:00:00,0.0,0.29531939672406704,0.2909612160684299,-4977743.986126183
2025-05-04 03:00:00,0.0,0.3329614991172637,0.29098939072499885,-4855702.931145699
2025-05-04 04:00:00,0.0,0.3191135053174645,0.29101752371577616,-4745145.233183714
2025-05-04 05:00:00,0.0,0.3767638447515811,0.2910456150262886,-4384056.26111468
2025-05-04 06:00:00,0.0,0.2837913237687466,0.29107366464208423,-4740409.156876287
2025-05-04 07:00:00,0.17335115940174087,0.40150887612055325,0.2911016725487327,-4463290.003158568
2025-05-04 08:00:00,0.33488872376658907,0.33122769130034185,0.29112963873182507,-4118556.878354695
2025-05-04 09:00:00,0.47360417503652735,0.3950557693039614,0.2911575631769739,-4093287.42842901
2025-05-04 10:00:00,0.5800442844456313,0.3969616999808462,0.291185445869813,-4063849.625873533
2025-05-04 11:00:00,0.6469553344382684,0.30327185382820115,0.291213286795998,-4057614.0230119927
2025-05-04 12:00:00,0.6697774475331782,0.39446710601257445,0.2912410859412059,-4011612.508520721
2025-05-04 13:00:00,0.6469553344382684,0.41812321887595477,0.291268843291135,-3983928.4963641823
2025-05-04 14:00:00,0.5800442844456314,0.280938073463975,0.2912965588315054,-4320072.320712209
2025-05-04 15:00:00,0.4736041750365274,0.39045103881129006,0.2913242325480585,-3826404.373189842
2025-05-04 16:00:00,0.33488872376658907,0.2869626170926012,0.2913518644265573,-3964182.9944107584
2025-05-04 17:00:00,0.17335115940174106,0.3112450577010616,0.2913794544527863,-4078458.8341968167
2025-05-04 18:00:00,8.20240807262591e-17,0.3664778540500497,0.2914070026125515,-4224578.610907151
2025-05-04 19:00:00,0.0,0.4331479107843553,0.2914345088916805,-4479855.921099628
2025-05-04 20:00:00,0.0,0.4312702177172241,0.29146197327602247,-4472429.608217608
2025-05-04 21:00:00,0.0,0.2810000697234962,0.29148939575144805,-4345191.160064855
2025-05-04 22:00:00,0.0,0.36413502649860735,0.2915167763038495,-4530663.505139862
2025-05-04 23:00:00,0.0,0.4157179322513817,0.2915441149191406,-4844221.593165737
2025-05-05 00:00:00,0.0,0.41079844591282755,0.2915714115832567,-4642729.541909355
2025-05-05 01:00:00,0.0,0.28574506225403623,0.29159866628215486,-4687495.789425274
2025-05-05 02:00:00,0.0,0.39531376031443927,0.2916258790018135,-4470964.009195549
2025-05-05 03:00:00,0.0,0.3373802709922378,0.2916530497282329,-5056485.094637246
2025-05-05 04:00:00,0.0,0.33573405517291444,0.2916801784474347,-4754381.862097398
2025-05-05 05:00:00,0.0,0.30659701602968953,0.29170726514546236,-4278407.581454219
2025-05-05 06:00:00,0.0,0.2895308487262814,0.29173430980838083,-4664821.7998465
2025-05-05 07:00:00,0.1746565545001579,0.4296974112592819,0.2917613124222766,-4607599.434858628
2025-05-05 08:00:00,0.33741055344473336,0.3952097997933176,0.2917882729732581,-4455557.637959817
2025-05-05 09:00:00,0.477170580769354,0.3284779277116948,0.29181519144745505,-4129962.4529863703
2025-05-05 10:00:00,0.5844122215762123,0.30585425312773973,0.291842067831019,-4305226.524126523
2025-05-05 11:00:00,0.651827135269512,0.4256030622975186,0.2918689021101233,-4153053.5501298024
2025-05-05 12:00:00,0.6748211068894668,0.4071770383542546,0.29189569427096257,-3871899.045895103
2025-05-05 13:00:00,0.651827135269512,0.41900021811785537,0.2919224442997534,-4341422.589519345
2025-05-05 14:00:00,0.5844122215762123,0.3191161165811152,0.29194915218273404,-3844204.942704144
2025-05-05 15:00:00,0.47717058076935404,0.27677113062880054,0.2919758179061642,-3935242.4680546513
2025-05-05 16:00:00,0.33741055344473336,0.4000780052603948,0.29200244145632565,-4138392.7689848295
2025-05-05 17:00:00,0.17465655450015807,0.4368357737310667,0.2920290228195215,-4498493.525539717
2025-05-05 18:00:00,8.264175085492595e-17,0.2925694919738339,0.29205556198207666,-4295672.368671846
2025-05-05 19:00:00,0.0,0.3048995770512037,0.2920820589303379,-4584874.1314020725
2025-05-05 20:00:00,0.0,0.35080606027737393,0.2921085136506736,-4523831.8653270025
2025-05-05 21:00:00,0.0,0.3376665108659547,0.2921349261294738,-4378918.218383861
2025-05-05 22:00:00,0.0,0.3334496399390538,0.29216129635315036,-4358518.942265585
2025-05-05 23:00:00,0.0,0.3612635845744746,0.2921876243081369,-4770332.938981757
2025-05-06 00:00:00,0.0,0.295063135150852,0.2922139099808887,-4907963.2381911995
2025-05-06 01:00:00,0.0,0.3391716487781078,0.2922401533578829,-4611069.858083031
2025-05-06 02:00:00,0.0,0.39797033736618354,0.2922663544256182,-4542869.39337878
2025-05-06 03:00:00,0.0,0.31390664489229925,0.2922925131706154,-4645091.752219173
2025-05-06 04:00:00,0.0,0.38075951268065494,0.2923186295794167,-4706849.47056578
2025-05-06 05:00:00,0.0,0.2918470604857812,0.29234470363858633,-4362501.461830503
2025-05-06 06:00:00,0.0,0.33730798368550224,0.2923707353347102,-4481287.166018932
2025-05-06 07:00:00,0.17594087255961388,0.28046705701565017,0.29239672465439615,-4212809.721411687
2025-05-06 08:00:00,0.3398916654103294,0.3201053011294384,0.2924226715842736,-4308724.617525508
2025-05-06 09:00:00,0.480679402960866,0.32246228538664373,0.2924485761109939,-4184276.0308640604
2025-05-06 10:00:00,0.5887096335598917,0.3025456158165635,0.29247443822123026,-4218165.464615685
2025-05-06 11:00:00,0.65662027552048,0.29555916087692363,0.2925002579016777,-4447511.0140820425
2025-05-06 12:00:00,0.6797833308206589,0.30303719852312333,0.2925260351390529,-4222162.7003749125
2025-05-06 13:00:00,0.65662027552048,0.3876209540472553,0.2925517699200947,-3966985.6681970065
2025-05-06 14:00:00,0.5887096335598917,0.4088334577867157,0.29257746223156333,-4098937.900458652
2025-05-06 15:00:00,0.4806794029608661,0.38852613634083605,0.29260311206024137,-4068867.828768762
2025-05-06 16:00:00,0.3398916654103294,0.3345085023217875,0.2926287193929329,-3890242.1081096074
2025-05-06 17:00:00,0.17594087255961408,0.3148302029080082,0.29265428421646394,-4532986.23319179
2025-05-06 18:00:00,8.324944802032461e-17,0.3812536744997952,0.2926798065176825,-4222239.513561542
2025-05-06 19:00:00,0.0,0.32865898038895963,0.2927052862834583,-4116783.461314066
2025-05-06 20:00:00,0.0,0.4010395588377434,0.29273072350068313,-4546212.366310638
2025-05-06 21:00:00,0.0,0.3729607556993059,0.29275611815627045,-4518624.040950675
2025-05-06 22:00:00,0.0,0.37653017725611976,0.2927814702371558,-4649519.5633551115
2025-05-06 23:00:00,0.0,0.41904475347508846,0.2928067797302965,-4739383.325230998
2025-05-07 00:00:00,0.0,0.32101091975621765,0.29283204662267187,-4523805.323211735
2025-05-07 01:00:00,0.0,0.38790779560655214,0.2928572709012831,-4715204.290516294
2025-05-07 02:00:00,0.0,0.37595351177888836,0.29288245255315326,-5012582.533553686
2025-05-07 03:00:00,0.0,0.3432226454762309,0.29290759156532753,-4769169.810323886
2025-05-07 04:00:00,0.0,0.3565024904821353,0.29293268792487276,-4910751.718760607
2025-05-07 05:00:00,0.0,0.28870990872440194,0.29295774161887794,-4279634.389550966
2025-05-07 06:00:00,0.0,0.28796403103029966,0.29298275263445395,-4468717.923208185
2025-05-07 07:00:00,0.17720373300894998,0.29445757954220575,0.2930077209587336,-4487546.696049786
2025-05-07 08:00:00,0.3423313244563549,0.34977475885611103,0.29303264657887174,-4185523.7300085817
2025-05-07 09:00:00,0.4841296018713215,0.38188354787642015,0.29305752948204505,-4108397.6245219437
2025-05-07 10:00:00,0.5929352469807528,0.32569390387587327,0.2930823696554524,-4171938.9468211303
2025-05-07 11:00:00,0.6613333348802716,0.38535890996537864,0.29310716708631446,-4467213.3629892105
2025-05-07 12:00:00,0.6846626489127099,0.2915057562136064,0.2931319217618739,-4044188.2124064225
2025-05-07 13:00:00,0.6613333348802716,0.2748279493043095,0.2931566336693955,-3983204.8814924657
2025-05-07 14:00:00,0.592935246980753,0.3894082789725553,0.2931813027961659,-3873715.057537592
2025-05-07 15:00:00,0.4841296018713216,0.31609605434259774,0.2932059291294939,-3947155.707888131
2025-05-07 16:00:00,0.3423313244563549,0.3017618684540031,0.2932305126567102,-3944207.115369458
2025-05-07 17:00:00,0.17720373300895018,0.3240125629024347,0.29325505336516755,-4468664.679973827
2025-05-07 18:00:00,8.384699214866982e-17,0.2781232677232506,0.29327955124224075,-4166639.079818992
2025-05-07 19:00:00,0.0,0.4276962032879457,0.29330400627532666,-4318363.668624885
2025-05-07 20:00:00,0.0,0.33261112185500874,0.29332841845184415,-3930587.516243941
2025-05-07 21:00:00,0.0,0.29754565239892034,0.2933527877592341,-4546275.762526013
2025-05-07 22:00:00,0.0,0.35059413990713145,0.2933771141849595,-4544738.605391702
2025-05-07 23:00:00,0.0,0.29408781349331586,0.2934013977165053,-4512966.932796053
2025-05-08 00:00:00,0.0,0.3692858735121424,0.29342563834137875,-4540378.448661689
2025-05-08 01:00:00,0.0,0.39323871173949726,0.2934498360471089,-4891541.742388507
2025-05-08 02:00:00,0.0,0.36059228620437705,0.29347399082124703,-4790421.0709788725
2025-05-08 03:00:00,0.0,0.3450409117218979,0.29349810265136644,-5008967.38539834
2025-05-08 04:00:00,0.0,0.27485416492816767,0.29352217152506266,-4591431.347969328
2025-05-08 05:00:00,0.0,0.3836736381025185,0.29354619742995314,-4600218.777970014
2025-05-08 06:00:00,0.0,0.33586066516868335,0.29357018035367755,-4344784.973353811
2025-05-08 07:00:00,0.1784447616353603,0.30245355383081796,0.2935941202838977,-4387000.650251997
2025-05-08 08:00:00,0.34472880765918246,0.33957274204151405,0.2936180172082973,-4385140.164483621
2025-05-08 09:00:00,0.4875201551323219,0.3097819261515707,0.29364187111458245,-3873662.7585721808
2025-05-08 10:00:00,0.5970878096983432,0.3883075434107597,0.29366568199048126,-3835429.484796472
2025-05-08 11:00:00,0.6659649167676823,0.30680102073090365,0.293689449823744,-3789429.8416966777
2025-05-08 12:00:00,0.689457615318365,0.4054494963312076,0.293713174602143,-3850794.5341700367
2025-05-08 13:00:00,0.6659649167676823,0.3538877410221005,0.2937368563134729,-3822426.4381052344
2025-05-08 14:00:00,0.5970878096983432,0.2777408377082837,0.29376049494555034,-4178832.855796871
2025-05-08 15:00:00,0.487520155132322,0.32851728351892817,0.2937840904862143,-4043042.5343664046
2025-05-08 16:00:00,0.34472880765918246,0.33423480689200413,0.29380764292332573,-4045732.245122496
2025-05-08 17:00:00,0.1784447616353605,0.3950390833178685,0.29383115224476786,-4175763.90255826
2025-05-08 18:00:00,8.443420617474028e-17,0.3544680215571456,0.29385461843844607,-4134923.6270043855
2025-05-08 19:00:00,0.0,0.3128293226695939,0.29387804149228797,-4391381.7950731125
2025-05-08 20:00:00,0.0,0.31581885426010886,0.29390142139424336,-4668418.536956918
2025-05-08 21:00:00,0.0,0.3609250443148086,0.29392475813228425,-4860719.337903917
2025-05-08 22:00:00,0.0,0.36257797881734205,0.2939480516944047,-4679526.527325469
2025-05-08 23:00:00,0.0,0.43020684274844784,0.29397130206862115,-4303802.089744977
2025-05-09 00:00:00,0.0,0.3283837722317213,0.2939945092429723,-4632247.661289559
2025-05-09 01:00:00,0.0,0.32349634701544666,0.29401767320551897,-5115993.807465018
2025-05-09 02:00:00,0.0,0.3679265322220247,0.2940407939443441,-4850478.092183675
2025-05-09 03:00:00,0.0,0.3372718269356468,0.2940638714475532,-4572057.996666108
2025-05-09 04:00:00,0.0,0.274645181566935,0.2940869057032736,-4518410.601949374
2025-05-09 05:00:00,0.0,0.4041955860012028,0.2941098966996553,-4542621.827218232
2025-05-09 06:00:00,0.0,0.28289701044321985,0.2941328444248702,-4353201.855422658
2025-05-09 07:00:00,0.1796635906952792,0.3817609955485715,0.2941557488671127,-4627674.384724622
2025-05-09 08:00:00,0.3470834045927971,0.31702472341785876,0.29417861001459944,-3943552.6988233076
2025-05-09 09:00:00,0.49085005804976184,0.2850632962909106,0.29420142785556913,-4298401.579734971
2025-05-09 10:00:00,0.6011660912187096,0.31933969990609595,0.294224202378283,-4085798.2594537293
2025-05-09 11:00:00,0.670513648745041,0.3334170801986424,0.2942469335710245,-3981833.3206290985
2025-05-09 12:00:00,0.6941668091855941,0.37909329829797767,0.29426962142209917,-4038469.03153988
2025-05-09 13:00:00,0.670513648745041,0.3187614920842731,0.29429226591983526,-3973671.5051073804
2025-05-09 14:00:00,0.6011660912187096,0.4247945553734747,0.294314867052583,-4036417.9318848024
2025-05-09 15:00:00,0.49085005804976184,0.3331055040548066,0.2943374248087149,-4146482.831244406
2025-05-09 16:00:00,0.3470834045927971,0.3218881738601099,0.294359939176626,-3992174.7261785544
2025-05-09 17:00:00,0.1796635906952794,0.3661137999991612,0.2943824101447336,-4170153.928205077
2025-05-09 18:00:00,8.501091609434694e-17,0.4050558015782812,0.2944048377014772,-4429498.855470505
2025-05-09 19:00:00,0.0,0.27334976510701964,0.2944272218353187,-4533276.985458444
2025-05-09 20:00:00,0.0,0.30245700078886967,0.2944495625347425,-4563166.711732786
2025-05-09 21:00:00,0.0,0.35616742789970307,0.2944718597882551,-4517455.52367501
2025-05-09 22:00:00,0.0,0.29410270785098785,0.2944941135843855,-4645065.342840441
2025-05-09 23:00:00,0.0,0.349118513331424,0.294516323911685,-4916879.054608519
2025-05-10 00:00:00,0.0,0.3617585484692874,0.29453849075872723,-4803984.540127508
2025-05-10 01:00:00,0.0,0.3873156048041865,0.2945606141141083,-4901459.1916280445
2025-05-10 02:00:00,0.0,0.32615978519499167,0.29458269396644665,-4642451.713201581
2025-05-10 03:00:00,0.0,0.33021279142865584,0.29460473030438306,-4636905.808026469
2025-05-10 04:00:00,0.0,0.2829847193419174,0.2946267231165806,-4637757.930253909
2025-05-10 05:00:00,0.0,0.4295292899631345,0.29464867239172504,-4476097.989535092
2025-05-10 06:00:00,0.0,0.2987575060253565,0.29467057811852426,-4474281.785105396
2025-05-10 07:00:00,0.18085985902335183,0.33142909108071084,0.2946924402857087,-4088720.841621055
2025-05-10 08:00:00,0.34939441753931105,0.35278015236190274,0.29471425888203107,-4209077.376183443
2025-05-10 09:00:00,0.4941183239015417,0.4076477140538532,0.29473603389626657,-4362644.73399844
2025-05-10 10:00:00,0.6051688830590213,0.3543501633037415,0.29475776531721287,-4075458.172928463
2025-05-10 11:00:00,0.6749781829248936,0.3546740212378498,0.29477945313369014,-4199937.130898216
2025-05-10 12:00:00,0.6987888350786222,0.3284542348945815,0.2948010973345407,-4040226.597938213
2025-05-10 13:00:00,0.6749781829248936,0.4079642214920732,0.2948226979086295,-4101479.774240647
2025-05-10 14:00:00,0.6051688830590214,0.41980777293436594,0.294844254844844,-3625331.8632987677
2025-05-10 15:00:00,0.4941183239015418,0.281095303027308,0.294865768132094,-4281545.06255559
2025-05-10 16:00:00,0.34939441753931105,0.3120510685273849,0.29488723775931164,-3903571.420077341
2025-05-10 17:00:00,0.18085985902335203,0.34015111102912327,0.2949086637154519,-4105911.2358652493
2025-05-10 18:00:00,8.557695101589423e-17,0.38658812511515295,0.29493004598949174,-4461716.8067235565
2025-05-10 19:00:00,0.0,0.31109701287643904,0.29495138457043096,-4120571.3695815383
2025-05-10 20:00:00,0.0,0.33592255635015533,0.2949726794472918,-4324757.77564803
2025-05-10 21:00:00,0.0,0.4251107670881616,0.2949939306091187,-4143154.269951679
2025-05-10 22:00:00,0.0,0.33118479235330894,0.2950151380449789,-4706361.131261844
2025-05-10 23:00:00,0.0,0.26842453267990857,0.29503630174396206,-4901663.650286401
2025-05-11 00:00:00,0.0,0.38702824792931384,0.2950574216951803,-4827505.500733224
2025-05-11 01:00:00,0.0,0.37985588077478505,0.29507849788776813,-4393572.855295506
2025-05-11 02:00:00,0.0,0.3042321856756193,0.2950995303108829,-4630025.42881689
2025-05-11 03:00:00,0.0,0.3481767035674024,0.29512051895370406,-5131041.644019352
2025-05-11 04:00:00,0.0,0.2826825581650198,0.29514146380543393,-4553155.816113352
2025-05-11 05:00:00,0.0,0.38365980692740614,0.2951623648552972,-4551360.621723054
2025-05-11 06:00:00,0.0,0.2856895131336445,0.29518322209254105,-4575050.250912271
2025-05-11 07:00:00,0.1820332121394549,0.2781092118871892,0.2952040355064354,-4230657.805152825
2025-05-11 08:00:00,0.35166116169571243,0.39010471946284814,0.29522480508627247,-4126284.30930732
2025-05-11 09:00:00,0.49732398422995455,0.4149087906015411,0.2952455308213671,-3994517.26474859
2025-05-11 10:00:00,0.6090949991056683,0.41854657998157807,0.2952662127010569,-4188675.646061068
2025-05-11 11:00:00,0.6793571963694095,0.37795767325995805,0.29528685071470184,-4350203.055595263
2025-05-11 12:00:00,0.703322323391425,0.3665534329064827,0.29530744485168436,-4160792.720643365
2025-05-11 13:00:00,0.6793571963694095,0.34985455572468427,0.29532799510140967,-3924116.3315105783
2025-05-11 14:00:00,0.6090949991056684,0.3938310802562697,0.29534850145330555,-3849495.385563822
2025-05-11 15:00:00,0.49732398422995455,0.3244276138240478,0.29536896389682216,-3887848.7822704436
2025-05-11 16:00:00,0.35166116169571243,0.3937769959762229,0.2953893824214326,-4128585.1507504983
2025-05-11 17:00:00,0.18203321213945511,0.34407684776908626,0.2954097570166322,-4202933.072709283
2025-05-11 18:00:00,8.613214321101881e-17,0.3546846291316123,0.29543008767193907,-4014890.2128222175
2025-05-11 19:00:00,0.0,0.35088361365594845,0.295450374376894,-4526694.784632521
2025-05-11 20:00:00,0.0,0.388131352202492,0.29547061712106015,-4601490.259781668
2025-05-11 21:00:00,0.0,0.4054187140115039,0.29549081589402354,-4432578.659505912
2025-05-11 22:00:00,0.0,0.36028780435105656,0.29551097068539267,-4795290.550363806
2025-05-11 23:00:00,0.0,0.2929817427181255,0.29553108148479873,-4777924.848085584
2025-05-12 00:00:00,0.0,0.28548649722935926,0.2955511482818955,-4699522.768644132
2025-05-12 01:00:00,0.0,0.3202673069612323,0.2955711710663595,-4515849.336290344
2025-05-12 02:00:00,0.0,0.3672952170560416,0.2955911498278897,-4597308.2189641
2025-05-12 03:00:00,0.0,0.35648316926862095,0.2956110845562078,-4561952.533272563
2025-05-12 04:00:00,0.0,0.4234466125186549,0.29563097524105836,-4367858.081037483
2025-05-12 05:00:00,0.0,0.42249380946833276,0.2956508218722083,-4458177.213702675
2025-05-12 06:00:00,0.0,0.3328545334810643,0.29567062443944736,-4610242.150241279
2025-05-12 07:00:00,0.18318330235373714,0.4034591311579454,0.2956903829325878,-4243144.656753577
2025-05-12 08:00:00,0.35388296537678754,0.3377958354669686,0.29571009734146486,-4069933.2031007544
2025-05-12 09:00:00,0.5004660891286614,0.36745605248291385,0.2957297676559361,-4454554.039914932
2025-05-12 10:00:00,0.612943275965734,0.28563755101632854,0.295749393865882,-4004033.611326748
2025-05-12 11:00:00,0.6836493914823986,0.3454632956990331,0.29576897596120577,-4055991.9549393984
2025-05-12 12:00:00,0.7077659307535752,0.40535046606572095,0.295788513931833,-4154718.038746393
2025-05-12 13:00:00,0.6836493914823986,0.35587665860561907,0.2958080077677123,-3933770.948705144
2025-05-12 14:00:00,0.6129432759657341,0.3479951815826502,0.29582745745881495,-4152760.0960503276
2025-05-12 15:00:00,0.5004660891286615,0.3889569635826456,0.2958468629951347,-3998184.195267194
2025-05-12 16:00:00,0.35388296537678754,0.2781470542269297,0.29586622436668825,-4242379.698757527
2025-05-12 17:00:00,0.18318330235373734,0.32136414672771363,0.295885541563515,-3971701.7295860723
2025-05-12 18:00:00,8.667632816429131e-17,0.2778884099203077,0.29590481457567697,-4365274.275068806
2025-05-12 19:00:00,0.0,0.33988306046235506,0.295924043393259,-4244785.351081852
2025-05-12 20:00:00,0.0,0.29513318050925197,0.2959432280063686,-4517579.708395436
2025-05-12 21:00:00,0.0,0.3264445728831362,0.29596236840513607,-4666279.653534461
2025-05-12 22:00:00,0.0,0.35281819949222465,0.29598146457971447,-4713445.96538879
2025-05-12 23:00:00,0.0,0.33886513363472043,0.2960005165202796,-4303863.3457994
2025-05-13 00:00:00,0.0,0.29172381805561803,0.2960195242170299,-4885648.28123271
2025-05-13 01:00:00,0.0,0.33933243720819517,0.29603848766018676,-4711221.329542585
2025-05-13 02:00:00,0.0,0.3229356848425385,0.2960574068399942,-4811455.267109809
2025-05-13 03:00:00,0.0,0.39893901702675594,0.2960762817467191,-4735208.724253749
2025-05-13 04:00:00,0.0,0.28550794603888463,0.2960951123706511,-4556531.565629452
2025-05-13 05:00:00,0.0,0.3248539769635635,0.2961138987021026,-4446630.053239002
2025-05-13 06:00:00,0.0,0.388433770141343,0.2961326407314087,-4501940.990561512
2025-05-13 07:00:00,0.18430978886964702,0.38560778276250424,0.29615133844892744,-4145253.2846192033
2025-05-13 08:00:00,0.35605917021415506,0.3638986495897863,0.29616999184503956,-4399995.739569463
2025-05-13 09:00:00,0.5035437075241684,0.34479244439266704,0.29618860091014876,-4335407.5892127985
2025-05-13 10:00:00,0.6167125733117316,0.2753188493308016,0.29620716563468125,-4137700.903220953
2025-05-13 11:00:00,0.6878534963938155,0.37091063263957336,0.2962256860090863,-4139898.563375042
2025-05-13 12:00:00,0.7121183404283102,0.29761326288256934,0.2962441620238359,-3836885.4210576015
2025-05-13 13:00:00,0.6878534963938155,0.3584534939799506,0.2962625936694249,-3815066.262424498
2025-05-13 14:00:00,0.6167125733117317,0.29877179933249853,0.296280980936371,-3981623.002856927
2025-05-13 15:00:00,0.5035437075241685,0.3375679018590729,0.2962993238152146,-3848623.120283493
2025-05-13 16:00:00,0.35605917021415506,0.3510721684849235,0.29631762229651915,-4220708.842049529
2025-05-13 17:00:00,0.18430978886964722,0.40219945244106164,0.2963358763708707,-4328191.206805049
2025-05-13 18:00:00,8.720934462196553e-17,0.3959750586600695,0.2963540860288783,-4511336.441500506
2025-05-13 19:00:00,0.0,0.3974281073522102,0.2963722512611738,-4551485.6091591
2025-05-13 20:00:00,0.0,0.31908099823180774,0.29639037205841195,-4682764.6375396885
2025-05-13 21:00:00,0.0,0.4034527596089915,0.2964084484112703,-4758896.737823062
2025-05-13 22:00:00,0.0,0.3242863385007167,0.2964264803104493,-4239695.2411367055
2025-05-13 23:00:00,0.0,0.3685356352823125,0.2964444677466722,-4535219.798449124
2025-05-14 00:00:00,0.0,0.34200725096505713,0.2964624107106853,-4950744.9530983735
2025-05-14 01:00:00,0.0,0.408142563104419,0.29648030919325763,-4250347.594691814
2025-05-14 02:00:00,0.0,0.2829216751805046,0.2964981631851811,-4627622.869690019
2025-05-14 03:00:00,0.0,0.40073834175213446,0.2965159726772706,-4496453.541346922
2025-05-14 04:00:00,0.0,0.27508747360284996,0.2965337376603637,-4509004.774942603
2025-05-14 05:00:00,0.0,0.4054942285419813,0.2965514581253213,-4650545.291159154
2025-05-14 06:00:00,0.0,0.34953744946208065,0.2965691340630267,-4129636.9767192174
2025-05-14 07:00:00,0.1854123378849184,0.3882908608372557,0.2965867654643865,-4789015.0699937735
2025-05-14 08:00:00,0.35818913135135544,0.3304426388820825,0.2966043523203299,-4361140.810561811
2025-05-14 09:00:00,0.5065559274517247,0.29951256766090106,0.2966218946218093,-4317489.619434299
2025-05-14 10:00:00,0.6204017742195098,0.2942099166595914,0.2966393923597998,-3847251.95026696
2025-05-14 11:00:00,0.6919682653366434,0.41255815723485073,0.2966568455252996,-4380806.655698482
2025-05-14 12:00:00,0.7163782627027109,0.3974001700446213,0.2966742541093297,-4216414.278256993
2025-05-14 13:00:00,0.6919682653366434,0.395785676693296,0.29669161810293404,-4050012.823916069
2025-05-14 14:00:00,0.6204017742195099,0.36336781692595016,0.2967089374971796,-4095838.162763779
2025-05-14 15:00:00,0.5065559274517248,0.3927333487357328,0.29672621228315627,-4123794.738942261
2025-05-14 16:00:00,0.35818913135135544,0.3652102584787457,0.29674344245197676,-4123472.9885745337
2025-05-14 17:00:00,0.1854123378849186,0.26568632835691447,0.2967606279947769,-4337261.325167504
2025-05-14 18:00:00,8.773103463976166e-17,0.3722598032945856,0.2967777689027155,-3874583.3877136386
2025-05-14 19:00:00,0.0,0.3934582136300119,0.2967948651669741,-4294811.146621352
2025-05-14 20:00:00,0.0,0.2970299546860429,0.2968119167787575,-4147938.543306733
2025-05-14 21:00:00,0.0,0.30607605006516586,0.2968289237292932,-4242853.13069174
2025-05-14 22:00:00,0.0,0.3684978344148157,0.2968458860098319,-4637503.024753142
2025-05-14 23:00:00,0.0,0.3164173838258592,0.2968628036116472,-4569613.921953671
2025-05-15 00:00:00,0.0,0.41592473519613954,0.29687967652603553,-4453923.521404797
2025-05-15 01:00:00,0.0,0.32251354585517217,0.29689650474431667,-4650366.76567003
2025-05-15 02:00:00,0.0,0.31038262594128346,0.296913288257833,-4667787.001124529
2025-05-15 03:00:00,0.0,0.3969174798194168,0.2969300270579501,-4809661.923192779
2025-05-15 04:00:00,0.0,0.3088817557077763,0.2969467211360566,-4696403.954952042
2025-05-15 05:00:00,0.0,0.3076124021717011,0.296963370483564,-4357966.590619296
2025-05-15 06:00:00,0.0,0.29105619833236895,0.29697997509190693,-4302546.332383897
2025-05-15 07:00:00,0.186490622690483,0.28485942674638143,0.29699653495254297,-4181937.5697041117
2025-05-15 08:00:00,0.3602722176349353,0.26695139428088477,0.2970130500569527,-4152712.6566541884
2025-05-15 09:00:00,0.5095018563255568,0.310369566533193,0.2970295203966398,-4086312.6884462917
2025-05-15 10:00:00,0.6240097854992199,0.3037880316206582,0.297045945963131,-3954213.3571202755
2025-05-15 11:00:00,0.6959924790160399,0.3601343785846524,0.2970623267479759,-3984334.6207722095
2025-05-15 12:00:00,0.7205444352698707,0.3036932844043556,0.29707866274274725,-4107838.268454929
2025-05-15 13:00:00,0.6959924790160399,0.3251479121696553,0.2970949539390409,-4084062.8941920227
2025-05-15 14:00:00,0.62400978549922,0.3354604554626088,0.2971112003284756,-4273870.774067269
2025-05-15 15:00:00,0.5095018563255569,0.3323209277845249,0.2971274019026933,-4226467.746170382
2025-05-15 16:00:00,0.3602722176349353,0.3109228908216531,0.297143558653359,-4192960.6684890175
2025-05-15 17:00:00,0.1864906226904832,0.37196045894646296,0.2971596705721606,-4324055.639784963
2025-05-15 18:00:00,8.824124362966843e-17,0.314892724281492,0.2971757376508092,-4164803.313388117
2025-05-15 19:00:00,0.0,0.4126219764935618,0.29719175988103885,-4274898.853050614
2025-05-15 20:00:00,0.0,0.2780248134753929,0.29720773725460686,-4456483.18853853
2025-05-15 21:00:00,0.0,0.32248750267325627,0.2972236697632935,-4593099.0932959495
2025-05-15 22:00:00,0.0,0.3975810970318512,0.2972395573989021,-4678201.862480697
2025-05-15 23:00:00,0.0,0.3729307564716425,0.29725540015325913,-4440887.112894754
2025-05-16 00:00:00,0.0,0.37359979014500894,0.2972711980182141,-4760452.004609979
2025-05-16 01:00:00,0.0,0.39749125445220806,0.2972869509856397,-4524172.577936729
2025-05-16 02:00:00,0.0,0.309399179765735,0.29730265904743164,-4413714.198991625
2025-05-16 03:00:00,0.0,0.38652864767701095,0.2973183221955087,-4551765.033355568
2025-05-16 04:00:00,0.0,0.29356692229100634,0.2973339404218129,-4328444.133939007
2025-05-16 05:00:00,0.0,0.31912304775391087,0.29734951371830914,-4547522.642234248
2025-05-16 06:00:00,0.0,0.4130332085634539,0.29736504207698583,-4510502.980228708
2025-05-16 07:00:00,0.18754432376728167,0.3082486624630938,0.297380525489854,-4166207.1355683315
2025-05-16 08:00:00,0.3623078118014722,0.27966023510282073,0.29739596394894824,-4248570.566403545
2025-05-16 09:00:00,0.5123806212033609,0.33250083064956976,0.29741135744632596,-4126915.9152614656
2025-05-16 10:00:00,0.6275355380192527,0.37714574779069854,0.2974267059740679,-3986540.833061491
2025-05-16 11:00:00,0.6999249449706426,0.2958352102207844,0.29744200952427785,-4183512.6177073494
2025-05-16 12:00:00,0.7246156236029444,0.2728067851879523,0.2974572680890827,-4325283.591566379
2025-05-16 13:00:00,0.6999249449706426,0.3599760847559359,0.2974724816606325,-3634150.33205349
2025-05-16 14:00:00,0.6275355380192528,0.26340240589488406,0.2974876502311007,-4006117.182476744
2025-05-16 15:00:00,0.5123806212033609,0.4016855981728177,0.29750277379268336,-4004200.4242901118
2025-05-16 16:00:00,0.3623078118014722,0.27185615424883836,0.29751785233760025,-4074341.04078011
2025-05-16 17:00:00,0.18754432376728186,0.28336587612577124,0.29753288585809395,-4170577.919270077
2025-05-16 18:00:00,8.873982040575092e-17,0.27624494650850984,0.2975478743464304,-4229315.421976116
2025-05-16 19:00:00,0.0,0.2613820315693774,0.2975628177948985,-4259365.384193774
2025-05-16 20:00:00,0.0,0.34414579907582066,0.2975777161958106,-4091833.564389459
2025-05-16 21:00:00,0.0,0.35577002894989834,0.297592569541502,-4475751.802490686
2025-05-16 22:00:00,0.0,0.4019234822742279,0.29760737782433117,-4736952.265926837
2025-05-16 23:00:00,0.0,0.38334217820927907,0.29762214103667994,-4506917.676781652
2025-05-17 00:00:00,0.0,0.4105481614355594,0.2976368591709532,-4688500.5034907395
2025-05-17 01:00:00,0.0,0.272641466292766,0.2976515322195791,-4373707.794193992
2025-05-17 02:00:00,0.0,0.26708044360445105,0.29766616017500885,-4926446.800146798
2025-05-17 03:00:00,0.0,0.36580636148729506,0.2976807430297171,-4762626.643142
2025-05-17 04:00:00,0.0,0.3404840282680343,0.2976952807762014,-4487800.732622244
2025-05-17 05:00:00,0.0,0.32281046095038607,0.29770977340698274,-4401272.356151503
2025-05-17 06:00:00,0.0,0.3763285444052423,0.2977242209146052,-4305509.790550292
2025-05-17 07:00:00,0.18857312888094463,0.3606490409089568,0.29773862329163625,-4221772.538269498
2025-05-17 08:00:00,0.3642953106604828,0.38800608645282847,0.2977529805306663,-4262079.2866227245
2025-05-17 09:00:00,0.5151913690449748,0.3604222648293682,0.2977672926243091,-4047427.9472068283
2025-05-17 10:00:00,0.6309779870230443,0.3045714963135164,0.29778155956520186,-3871898.524911307
2025-05-17 11:00:00,0.7037644979259196,0.37947690619648766,0.29779578134600465,-4147835.1278145183
2025-05-17 12:00:00,0.7285906213209657,0.3660367410221387,0.2978099579594009,-3692178.1192280166
2025-05-17 13:00:00,0.7037644979259196,0.2833202048099557,0.2978240893980974,-4405406.467900634
2025-05-17 14:00:00,0.6309779870230444,0.4059188242139132,0.29783817565482407,-4142999.421803379
2025-05-17 15:00:00,0.5151913690449749,0.2938299671952191,0.2978522167223341,-3850091.77574412
2025-05-17 16:00:00,0.3642953106604828,0.26961809305353457,0.2978662125934039,-4123083.328094045
2025-05-17 17:00:00,0.18857312888094482,0.35147524868191143,0.2978801632608332,-4022157.8632438583
2025-05-17 18:00:00,8.92266172289502e-17,0.38300165394615565,0.2978940687174449,-4384186.414610417
2025-05-17 19:00:00,0.0,0.27065828111917467,0.2979079289560852,-4380293.833638041
2025-05-17 20:00:00,0.0,0.2634939925818763,0.2979217439696236,-4396709.612250085
2025-05-17 21:00:00,0.0,0.2832075989685808,0.2979355137509528,-4574042.724634453
2025-05-17 22:00:00,0.0,0.338317464304048,0.2979492382929888,-4291770.284327302
2025-05-17 23:00:00,0.0,0.3910468206845094,0.2979629175886709,-4979733.988272769
2025-05-18 00:00:00,0.0,0.31323036007722266,0.29797655163096154,-4852923.841624739
2025-05-18 01:00:00,0.0,0.26086374539383,0.29799014041284677,-4908857.601767741
2025-05-18 02:00:00,0.0,0.37891598635157014,0.2980036839273355,-4658063.546279871
2025-05-18 03:00:00,0.0,0.2683346411133608,0.2980171821674603,-4601919.147608579
2025-05-18 04:00:00,0.0,0.28785214016353494,0.2980306351262767,-4850477.681763662
2025-05-18 05:00:00,0.0,0.38366532447047846,0.2980440427968638,-4753067.262267593
2025-05-18 06:00:00,0.0,0.2556174739930189,0.29805740517232393,-4283477.5995839145
2025-05-18 07:00:00,0.18957673317431328,0.2890367813112324,0.29807072224578257,-4549620.558807539
2025-05-18 08:00:00,0.36623412527316157,0.38806971270846785,0.2980839940103887,-4130790.274167237
2025-05-18 09:00:00,0.5179332669651522,0.3058461919175692,0.29809722045931447,-3884037.7786587826
2025-05-18 10:00:00,0.6343361124386608,0.2679878746033797,0.2981104015857554,-4042013.8195731086
2025-05-18 11:00:00,0.7075100001394655,0.3484846934971601,0.29812353738293046,-4121737.8336270875
2025-05-18 12:00:00,0.7324682505463231,0.2883418307569092,0.2981366278440816,-3801870.8750931406
2025-05-18 13:00:00,0.7075100001394655,0.31790440001929565,0.2981496729624745,-3679417.7214450766
2025-05-18 14:00:00,0.634336112438661,0.29728774021225374,0.29816267273139785,-4218098.088541718
2025-05-18 15:00:00,0.5179332669651523,0.2716088984479962,0.2981756271441639,-3993462.2224178934
2025-05-18 16:00:00,0.36623412527316157,0.32476002864389336,0.29818853619410796,-4010030.1182650183
2025-05-18 17:00:00,0.18957673317431348,0.3314388344176095,0.298201399874589,-3889410.837637821
2025-05-18 18:00:00,8.970148985086162e-17,0.3204009578696183,0.2982142181789891,-4215671.124672668
2025-05-18 19:00:00,0.0,0.29956591048598813,0.29822699110071366,-4331752.384894776
2025-05-18 20:00:00,0.0,0.3672571948003091,0.2982397186331917,-4275786.323171386
2025-05-18 21:00:00,0.0,0.34813602309998526,0.29825240076987536,-4463313.056594962
2025-05-18 22:00:00,0.0,0.27607913033166953,0.2982650375042402,-4368344.488087873
2025-05-18 23:00:00,0.0,0.3270619513362359,0.2982776288297851,-4865597.197674185
2025-05-19 00:00:00,0.0,0.291061600107056,0.2982901747400322,-4840152.736353795
2025-05-19 01:00:00,0.0,0.3878588550343557,0.2983026752285274,-4842062.630640745
2025-05-19 02:00:00,0.0,0.30282999612559847,0.2983151302888395,-5041866.115520585
2025-05-19 03:00:00,0.0,0.3991885182475681,0.29832753991456096,-4710970.291897982
2025-05-19 04:00:00,0.0,0.2627006546997797,0.29833990409930744,-4521054.480607757
2025-05-19 05:00:00,0.0,0.3027581719324524,0.2983522228367182,-4716440.327876065
2025-05-19 06:00:00,0.0,0.3580113374564107,0.29836449612045557,-4150886.5641031535
2025-05-19 07:00:00,0.19055483925777594,0.3852787575088074,0.2983767239442056,-4471746.027901984
2025-05-19 08:00:00,0.3681236811268956,0.37736988087554535,0.29838890630167747,-4220188.152117286
2025-05-19 09:00:00,0.5206055024803643,0.3584315243001632,0.29840104318660393,-4418269.971258132
2025-05-19 10:00:00,0.6376089191810674,0.3649561768894906,0.29841313459274094,-4234541.931446884
2025-05-19 11:00:00,0.7111603417381404,0.360508324386262,0.29842518051386796,-3981170.062762474
2025-05-19 12:00:00,0.7362473622537913,0.3682632824074347,0.29843718094378796,-4238322.802862674
2025-05-19 13:00:00,0.7111603417381404,0.35854669134150174,0.2984491358763271,-4008924.2416642443
2025-05-19 14:00:00,0.6376089191810674,0.31851310661826493,0.29846104530533507,-4450227.434295368
2025-05-19 15:00:00,0.5206055024803644,0.3653317246881526,0.2984729092246849,-3858248.178889816
2025-05-19 16:00:00,0.3681236811268956,0.3301524333686085,0.2984847276282732,-4480330.842029204
2025-05-19 17:00:00,0.19055483925777614,0.2665695190276809,0.2984965005100198,-4268245.892644578
2025-05-19 18:00:00,9.016429755647873e-17,0.3135817197461818,0.29850822786386805,-4398898.684734732
2025-05-19 19:00:00,0.0,0.40145463817,0.29851990968378467,-4340559.169941032
2025-05-19 20:00:00,0.0,0.3347707940764964,0.29853154596375975,-4202330.900512863
2025-05-19 21:00:00,0.0,0.36575576747663674,0.2985431366978071,-4581709.6871291725
2025-05-19 22:00:00,0.0,0.30537737546453686,0.29855468187996353,-4791311.975373802
2025-05-19 23:00:00,0.0,0.36797927246361184,0.2985661815042897,-4598300.132597578
2025-05-20 00:00:00,0.0,0.2869901830908927,0.2985776355648694,-4637197.567624179
2025-05-20 01:00:00,0.0,0.2625735811384226,0.29858904405581,-4840431.174456392
2025-05-20 02:00:00,0.0,0.3761231466619773,0.29860040697124224,-4591621.695308153
2025-05-20 03:00:00,0.0,0.38035784512583504,0.29861172430532046,-4373404.870202655
2025-05-20 04:00:00,0.0,0.36305956795414346,0.29862299605222226,-4723211.463463929
2025-05-20 05:00:00,0.0,0.3940782242476547,0.2986342222061488,-4677359.758769026
2025-05-20 06:00:00,0.0,0.3438719302106366,0.2986454027613248,-4727170.946626224
2025-05-20 07:00:00,0.1915071572973908,0.2726441487943244,0.29865653771199807,-4345067.396270049
2025-05-20 08:00:00,0.36996341830550555,0.26781184914948236,0.29866762705244027,-4070500.217567227
2025-05-20 09:00:00,0.5232072837495565,0.37090210442575455,0.29867867077694643,-4526821.759937208
2025-05-20 10:00:00,0.6407954374469933,0.2768213510910546,0.29868966887983484,-4180595.9991357517
2025-05-20 11:00:00,0.7147144410469474,0.30824439448779656,0.29870062135544756,-3867772.8554523024
2025-05-20 12:00:00,0.7399268366110112,0.28351049443975523,0.29871152819814994,-3956053.7252372317
2025-05-20 13:00:00,0.7147144410469474,0.31255533756699194,0.2987223894023308,-3819927.1265462087
2025-05-20 14:00:00,0.6407954374469934,0.338493767012922,0.2987332049624025,-3639372.2562352247
2025-05-20 15:00:00,0.5232072837495566,0.26204615816087345,0.29874397487280097,-4001743.9866973087
2025-05-20 16:00:00,0.36996341830550555,0.2904007218442171,0.2987546991279854,-4371725.202289437
2025-05-20 17:00:00,0.19150715729739098,0.2694695846108468,0.2987653777224386,-4625766.04010486
2025-05-20 18:00:00,9.061490320589015e-17,0.3811595350491576,0.29877601065066695,-4567353.884100703
2025-05-20 19:00:00,0.0,0.36158771606528883,0.29878659790720014,-4142847.661351776
2025-05-20 20:00:00,0.0,0.31039272254441946,0.29879713948659153,-4854432.14180218
2025-05-20 21:00:00,0.0,0.37500683382636274,0.2988076353834178,-4771336.103254559
2025-05-20 22:00:00,0.0,0.3995589656787491,0.29881808559227935,-4755430.063499936
2025-05-20 23:00:00,0.0,0.3105778445530897,0.2988284901077998,-4862491.8479608195
2025-05-21 00:00:00,0.0,0.37583359703092967,0.2988388489246267,-4628889.828887312
2025-05-21 01:00:00,0.0,0.26975756898973124,0.29884916203743067,-4821737.160422098
2025-05-21 02:00:00,0.0,0.39376441325148526,0.29885942944090604,-4488591.889723013
2025-05-21 03:00:00,0.0,0.38636537883843897,0.29886965112977065,-4840410.096379589
2025-05-21 04:00:00,0.0,0.3716422071395874,0.2988798270987659,-4758602.788635826
2025-05-21 05:00:00,0.0,0.36336927946765063,0.29888995734265666,-4397568.064148701
2025-05-21 06:00:00,0.0,0.3410540039625563,0.29890004185623126,-4607023.599914376
2025-05-21 07:00:00,0.19243340510077,0.38794982541907985,0.2989100806343017,-4205784.19203205
2025-05-21 08:00:00,0.37175279165516056,0.39182092076541597,0.29892007367170337,-4540754.619201573
2025-05-21 09:00:00,0.5257378398087876,0.3463007678178869,0.29893002096329524,-4002695.3377624755
2025-05-21 10:00:00,0.6438947230023055,0.2555365435070602,0.2989399225039599,-4367365.794383369
2025-05-21 11:00:00,0.7181712449095577,0.39129987829819196,0.2989497782886034,-3862945.495103253
2025-05-21 12:00:00,0.7435055833103212,0.263977365751347,0.29895958831215524,-3953292.9531412637
2025-05-21 13:00:00,0.7181712449095577,0.37941804302700277,0.29896935256956864,-3852336.8150300947
2025-05-21 14:00:00,0.6438947230023055,0.2722407197510038,0.2989790710558203,-3827071.702130589
2025-05-21 15:00:00,0.5257378398087876,0.3766177036726015,0.29898874376591034,-3663842.6274863193
2025-05-21 16:00:00,0.37175279165516056,0.32157303322151276,0.2989983706948627,-4063172.260125782
2025-05-21 17:00:00,0.19243340510077023,0.34369606339109976,0.2990079518377245,-4166853.8239389076
2025-05-21 18:00:00,9.105317327491705e-17,0.3119868295004144,0.29901748718956683,-4312054.75135134
2025-05-21 19:00:00,0.0,0.26205969640834903,0.299026976745484,-4597117.182238502
2025-05-21 20:00:00,0.0,0.26151048526271414,0.29903642050059415,-4224019.480378046
2025-05-21 21:00:00,0.0,0.37751672660137264,0.2990458184500387,-4678694.027784274
2025-05-21 22:00:00,0.0,0.3501462854871108,0.29905517058898284,-4783730.569365233
2025-05-21 23:00:00,0.0,0.25144461651770583,0.2990644769126153,-5026135.548596173
2025-05-22 00:00:00,0.0,0.389343024091364,0.2990737374161483,-4801809.821240361
2025-05-22 01:00:00,0.0,0.3217365284409624,0.29908295209481767,-4517527.875051723
2025-05-22 02:00:00,0.0,0.2953154691021735,0.29909212094388293,-4740614.021235678
2025-05-22 03:00:00,0.0,0.3751235154291889,0.29910124395862697,-4397571.143218905
2025-05-22 04:00:00,0.0,0.29396726788645927,0.2991103211343565,-5069074.9341622945
2025-05-22 05:00:00,0.0,0.379415769013222,0.2991193524664014,-4656633.951759316
2025-05-22 06:00:00,0.0,0.3150935623772016,0.29912833795011573,-4547843.729056653
2025-05-22 07:00:00,0.1933333082006994,0.34619128725787024,0.29913727758087666,-4474444.053951991
2025-05-22 08:00:00,0.37349127094591933,0.25274147859328217,0.2991461713540851,-4326095.975689656
2025-05-22 09:00:00,0.5281964207996834,0.2868875278919399,0.29915501926516563,-3911939.8105119225
2025-05-22 10:00:00,0.646905857461806,0.24948404451989128,0.29916382130956626,-4115973.602201456
2025-05-22 11:00:00,0.721529729000383,0.3786261341002192,0.29917257748275883,-4002188.998824453
2025-05-22 12:00:00,0.7469825418918388,0.3544273327192343,0.2991812877802385,-4278772.514128057
2025-05-22 13:00:00,0.721529729000383,0.29814993826825836,0.29918995219752426,-3734493.00269775
2025-05-22 14:00:00,0.6469058574618061,0.3826127582498002,0.29919857073015854,-4118416.1304625547
2025-05-22 15:00:00,0.5281964207996835,0.3194122343287155,0.2992071433737075,-4180094.8849003715
2025-05-22 16:00:00,0.37349127094591933,0.3650880050468566,0.2992156701237609,-4240288.444540262
2025-05-22 17:00:00,0.1933333082006996,0.3873684005989416,0.29922415097593197,-4108904.8184891194
2025-05-22 18:00:00,9.147897789467941e-17,0.3144178148874132,0.2992325859258577,-4156700.1870801365
2025-05-22 19:00:00,0.0,0.36232196586285936,0.2992409749691987,-4267839.049063148
2025-05-22 20:00:00,0.0,0.3510039426324266,0.2992493181016391,-4495143.801226389
2025-05-22 21:00:00,0.0,0.3757560945859299,0.29925761531888667,-4260258.189498898
2025-05-22 22:00:00,0.0,0.3634801461076678,0.29926586661667287,-4546770.919709322
2025-05-22 23:00:00,0.0,0.2712956055211205,0.2992740719907527,-4930886.234286488
2025-05-23 00:00:00,0.0,0.3658607889431219,0.2992822314369048,-4936191.334058528
2025-05-23 01:00:00,0.0,0.29258350465216737,0.2992903449509315,-4645533.610320175
2025-05-23 02:00:00,0.0,0.2962418359687191,0.29929841252865874,-4934242.092447407
2025-05-23 03:00:00,0.0,0.2929564491974283,0.29930643416593605,-4699999.225917356
2025-05-23 04:00:00,0.0,0.2942935185352351,0.2993144098586366,-4830717.154798881
2025-05-23 05:00:00,0.0,0.38123662336813285,0.29932233960265725,-4680581.1395071335
2025-05-23 06:00:00,0.0,0.3509326327554293,0.2993302233939185,-4534801.927252141
2025-05-23 07:00:00,0.19420659993646894,0.3325786542013904,0.2993380612283644,-4193156.814331861
2025-05-23 08:00:00,0.3751783410288485,0.3287525522822878,0.2993458531019627,-4372968.0138028655
2025-05-23 09:00:00,0.5305822981916358,0.36929088044496916,0.2993535990107048,-4119090.6511213155
2025-05-23 10:00:00,0.6498279485613687,0.2813409784569523,0.29936129895060576,-4177842.2241168
2025-05-23 11:00:00,0.7247888981281049,0.3687198171084422,0.29936895291770427,-3953294.1549122026
2025-05-23 12:00:00,0.7503566820576971,0.3189258349439823,0.29937656090806264,-4007884.3037379626
2025-05-23 13:00:00,0.7247888981281049,0.2927863299719648,0.29938412291776684,-4080391.6466751844
2025-05-23 14:00:00,0.6498279485613688,0.36902575837572116,0.29939163894292664,-4034393.4839533977
2025-05-23 15:00:00,0.5305822981916359,0.3711348382332727,0.2993991089796752,-3991409.935182617
2025-05-23 16:00:00,0.3751783410288485,0.3846680332378761,0.2994065330241696,-3933802.5772839813
2025-05-23 17:00:00,0.19420659993646916,0.28908367810312235,0.29941391107259036,-4085998.0525131305
2025-05-23 18:00:00,9.189219089007871e-17,0.2490722543913323,0.2994212431211419,-4257983.830292483
2025-05-23 19:00:00,0.0,0.25987897433968465,0.29942852916605206,-4185460.0738717536
2025-05-23 20:00:00,0.0,0.24676297944917402,0.2994357692035725,-4424437.057962307
2025-05-23 21:00:00,0.0,0.2980455018043523,0.29944296322997854,-4565814.952381848
2025-05-23 22:00:00,0.0,0.26238076803565547,0.2994501112415691,-4739672.451401556
2025-05-23 23:00:00,0.0,0.2856250466444175,0.2994572132346669,-4596859.485876182
2025-05-24 00:00:00,0.0,0.38088798871859136,0.29946426920561814,-4555290.891663056
2025-05-24 01:00:00,0.0,0.3611438185232951,0.29947127915079286,-4894114.036326853
2025-05-24 02:00:00,0.0,0.3281220182213466,0.2994782430665847,-4910970.880057751
2025-05-24 03:00:00,0.0,0.3383146502583236,0.299485160949411,-4535055.025273406
2025-05-24 04:00:00,0.0,0.30230476467807904,0.29949203279571285,-4825389.994077031
2025-05-24 05:00:00,0.0,0.3238608378675298,0.2994988586019549,-5012007.954810823
2025-05-24 06:00:00,0.0,0.3045850652732633,0.29950563836462557,-4583400.238795225
2025-05-24 07:00:00,0.19505302153289014,0.25218321999926957,0.29951237208023695,-4465804.159381273
2025-05-24 08:00:00,0.3768135019886727,0.3652238374609712,0.2995190597453248,-4160908.7037540684
2025-05-24 09:00:00,0.5328947649976822,0.3398021963936112,0.2995257013564485,-3774753.0068898867
2025-05-24 10:00:00,0.6526601304223373,0.29189495372977925,0.2995322969101914,-4027679.280399793
2025-05-24 11:00:00,0.7279477865305723,0.28287228326074704,0.29953884640316025,-4163332.374921845
2025-05-24 12:00:00,0.7536270039773454,0.3654496413267001,0.2995453498319855,-3942361.7317072502
2025-05-24 13:00:00,0.7279477865305723,0.3413773415144825,0.2995518071933216,-3926745.6736936076
2025-05-24 14:00:00,0.6526601304223374,0.33813431750900236,0.29955821848384634,-3957656.0530793034
2025-05-24 15:00:00,0.5328947649976822,0.33475421021408996,0.2995645837002614,-4136929.697895304
2025-05-24 16:00:00,0.3768135019886727,0.3156140309646228,0.2995709028392922,-4018512.3148660953
2025-05-24 17:00:00,0.19505302153289036,0.2711403247304417,0.29957717589768773,-4585510.94586564
2025-05-24 18:00:00,9.229268981718658e-17,0.3131282577371984,0.2995834028722208,-4421275.019761375
2025-05-24 19:00:00,0.0,0.3561676289715732,0.29958958375968775,-4599406.123418568
2025-05-24 20:00:00,0.0,0.29861307635654666,0.2995957185569089,-4789862.532834064
2025-05-24 21:00:00,0.0,0.3790283980185198,0.29960180726072816,-4369277.854396962
2025-05-24 22:00:00,0.0,0.3837404177114495,0.29960784986801303,-4585747.871571879
2025-05-24 23:00:00,0.0,0.3118967152491798,0.29961384637565486,-4582159.292426822
2025-05-25 00:00:00,0.0,0.2485568234451521,0.29961979678056877,-4748224.101807239
2025-05-25 01:00:00,0.0,0.28404759090720144,0.29962570107969344,-4469666.289260027
2025-05-25 02:00:00,0.0,0.35641308597514915,0.29963155926999135,-4664946.627359613
2025-05-25 03:00:00,0.0,0.2880383647621417,0.29963737134844876,-4683370.918412968
2025-05-25 04:00:00,0.0,0.3766508067805676,0.2996431373120754,-4483383.592816037
2025-05-25 05:00:00,0.0,0.37446287373591347,0.2996488571579052,-4526679.035374054
2025-05-25 06:00:00,0.0,0.3318099126776907,0.29965453088299526,-4492918.683827557
2025-05-25 07:00:00,0.19587232217697673,0.35757957860541373,0.2996601584844269,-4461411.500422436
2025-05-25 08:00:00,0.37839626929190967,0.27425632646869447,0.29966573995930473,-4092719.6620561294
2025-05-25 09:00:00,0.5351331359840006,0.25468026205950434,0.2996712753047575,-4027540.204244738
2025-05-25 10:00:00,0.6554015638081025,0.3777958584759853,0.29967676451793734,-3947763.34121723
2025-05-25 11:00:00,0.7310054581609774,0.3463868256162497,0.2996822075960204,-4143864.1744032386
2025-05-25 12:00:00,0.7567925385838195,0.27536880601165237,0.2996876045362063,-3680605.12050827
2025-05-25 13:00:00,0.7310054581609774,0.3198549634259193,0.29969295533571866,-4198710.038118666
2025-05-25 14:00:00,0.6554015638081027,0.32444005346820454,0.29969825999180466,-3756805.3926463025
2025-05-25 15:00:00,0.5351331359840007,0.25400298981434355,0.29970351850173527,-3984843.9401258966
2025-05-25 16:00:00,0.37839626929190967,0.2593574865558011,0.29970873086280514,-4256816.3056402495
2025-05-25 17:00:00,0.19587232217697695,0.34538183136686323,0.2997138970723328,-4423823.3239798285
2025-05-25 18:00:00,9.268035599952744e-17,0.24920871751559745,0.2997190171276604,-4400993.5071777515
2025-05-25 19:00:00,0.0,0.24442753285271185,0.2997240910261539,-4143153.616689776
2025-05-25 20:00:00,0.0,0.29253576090801386,0.299729118765203,-4699383.898953428
2025-05-25 21:00:00,0.0,0.267773593620192,0.29973410034222103,-4192420.449742055
2025-05-25 22:00:00,0.0,0.36167212851708314,0.2997390357546453,-4524269.326075159
2025-05-25 23:00:00,0.0,0.3484527712626161,0.29974392499993663,-4958964.160440273
2025-05-26 00:00:00,0.0,0.3559290492300587,0.29974876807557976,-4953040.47651727
2025-05-26 01:00:00,0.0,0.3059197764234971,0.29975356497908306,-4796894.318055313
2025-05-26 02:00:00,0.0,0.37391961255340084,0.29975831570797884,-4547118.537795426
2025-05-26 03:00:00,0.0,0.2740078927290572,0.299763020259823,-4640800.658946004
2025-05-26 04:00:00,0.0,0.28929237607985203,0.2997676786321951,-4428856.298212372
2025-05-26 05:00:00,0.0,0.2893080968650085,0.29977229082269874,-4574114.884229876
2025-05-26 06:00:00,0.0,0.361829635879323,0.2997768568289611,-4341674.962084759
2025-05-26 07:00:00,0.19666425909226587,0.24494376654882596,0.2997813766486332,-4790841.533811011
2025-05-26 08:00:00,0.37992617393044864,0.33638188628177873,0.2997858502793896,-4288007.016269886
2025-05-26 09:00:00,0.5372967478729599,0.26144646703990254,0.29979027771892897,-4139414.298551971
2025-05-26 10:00:00,0.6580514363727873,0.30281769722493446,0.2997946589649735,-3947351.356687705
2025-05-26 11:00:00,0.7339610069652258,0.28076227308271423,0.29979899401526927,-4151093.2193623297
2025-05-26 12:00:00,0.7598523478608974,0.24987099376466107,0.299803282867586,-3956210.9462161567
2025-05-26 13:00:00,0.7339610069652258,0.2592075595459828,0.2998075255197173,-3721059.6474510906
2025-05-26 14:00:00,0.6580514363727874,0.2708388939430067,0.2998117219694804,-4113320.060664148
2025-05-26 15:00:00,0.5372967478729599,0.34024261186559374,0.2998158722147165,-4339359.423460346
2025-05-26 16:00:00,0.37992617393044864,0.35229214622552013,0.29981997625329043,-3931623.353598809
2025-05-26 17:00:00,0.19666425909226606,0.2620889925322531,0.29982403408309083,-4218806.701070673
2025-05-26 18:00:00,9.305507456324492e-17,0.38051517889538605,0.29982804570203014,-4398866.008020823
2025-05-26 19:00:00,0.0,0.32274165870115146,0.2998320111080445,-4220435.1714419
2025-05-26 20:00:00,0.0,0.35877604594791784,0.2998359302990939,-4378029.715784881
2025-05-26 21:00:00,0.0,0.25309557375974273,0.299839803273162,-4553553.180114388
2025-05-26 22:00:00,0.0,0.2615429979281789,0.29984363002825637,-4590628.8858534675
2025-05-26 23:00:00,0.0,0.278208628426145,0.2998474105624083,-4598812.066106142
2025-05-27 00:00:00,0.0,0.24338152600764137,0.29985114487367287,-4501407.732907492
2025-05-27 01:00:00,0.0,0.24992569526960928,0.2998548329601289,-4690412.728659904
2025-05-27 02:00:00,0.0,0.27777225045532883,0.299858474819879,-4637400.900355989
2025-05-27 03:00:00,0.0,0.27339079131483524,0.2998620704510496,-4584816.858039616
2025-05-27 04:00:00,0.0,0.34882547631306937,0.2998656198517909,-4413420.830585051
2025-05-27 05:00:00,0.0,0.27344635102113246,0.2998691230202769,-4380565.34161162
2025-05-27 06:00:00,0.0,0.342173373948503,0.2998725799547053,-4215686.984071183
2025-05-27 07:00:00,0.1974285976107582,0.29971741278793973,0.2998759906532977,-4221392.132426274
2025-05-27 08:00:00,0.3814027625605272,0.34984881823288544,0.29987935511429936,-4497197.74000452
2025-05-27 09:00:00,0.5393849595396628,0.33621106808669504,0.29988267333597945,-3897438.602611311
2025-05-27 10:00:00,0.6606089629019619,0.36866947903097297,0.29988594531663093,-3791431.0137045668
2025-05-27 11:00:00,0.7368135571504211,0.25165535742357426,0.29988917105457036,-4095574.942043292
2025-05-27 12:00:00,0.7628055251210544,0.23767122725751616,0.2998923505481384,-3934398.610759195
2025-05-27 13:00:00,0.7368135571504211,0.30739711437983436,0.2998954837956992,-3951300.7631714763
2025-05-27 14:00:00,0.660608962901962,0.30623603541398814,0.29989857079564086,-4162250.6445175824
2025-05-27 15:00:00,0.5393849595396629,0.3579620123572524,0.2999016115463753,-4359147.060384161
2025-05-27 16:00:00,0.3814027625605272,0.26071656639293056,0.29990460604633806,-3903958.244160028
2025-05-27 17:00:00,0.1974285976107584,0.2736397243934798,0.2999075542939887,-4290243.392185609
2025-05-27 18:00:00,9.341673447114153e-17,0.3781561131471061,0.2999104562878104,-4094362.429625101
2025-05-27 19:00:00,0.0,0.2579800940171213,0.2999133120263102,-4280136.847491135
2025-05-27 20:00:00,0.0,0.32160942053572217,0.299916121508019,-4603896.512493432
2025-05-27 21:00:00,0.0,0.2727799430884273,0.29991888473149136,-4398718.677764137
2025-05-27 22:00:00,0.0,0.35763489896746187,0.2999216016953058,-4487168.211257399
2025-05-27 23:00:00,0.0,0.36158121584795505,0.2999242723980644,-4598426.11881996
2025-05-28 00:00:00,0.0,0.3567776388570209,0.2999268968383934,-5105515.079035384
2025-05-28 01:00:00,0.0,0.29183637325801565,0.29992947501494244,-4721047.845700233
2025-05-28 02:00:00,0.0,0.2466489835877126,0.2999320069263853,-4864528.548624791
2025-05-28 03:00:00,0.0,0.24631218687114545,0.2999344925714193,-4578908.212531857
2025-05-28 04:00:00,0.0,0.3314053165161165,0.29993693194876564,-4533426.910365175
2025-05-28 05:00:00,0.0,0.27594730446773147,0.2999393250571696,-4456492.406979344
2025-05-28 06:00:00,0.0,0.2556459595070229,0.2999416718953997,-4518307.977937578
2025-05-28 07:00:00,0.19816511124245487,0.30198543439571174,0.29994397246224885,-4420994.378340529
2025-05-28 08:00:00,0.3828255976370667,0.346394107912898,0.2999462267565334,-3861698.8002858157
2025-05-28 09:00:00,0.5413971522019252,0.36549464648615027,0.2999484347770935,-4138124.9114275007
2025-05-28 10:00:00,0.6630733855453195,0.2812371492208317,0.29995059652279343,-4125236.01567702
2025-05-28 11:00:00,0.7395622634443803,0.3381478256806761,0.2999527119925209,-4067664.1218300755
2025-05-28 12:00:00,0.7656511952741335,0.290660832437411,0.29995478118518754,-4073471.4850501223
2025-05-28 13:00:00,0.7395622634443803,0.27185535793559734,0.299956804099729,-4095299.290064912
2025-05-28 14:00:00,0.6630733855453196,0.25207967511847906,0.29995878073510457,-4186481.557663592
2025-05-28 15:00:00,0.5413971522019253,0.294621676577421,0.29996071109029715,-3726063.8818391073
2025-05-28 16:00:00,0.3828255976370667,0.2831750136726474,0.29996259516431384,-4283250.824991993
2025-05-28 17:00:00,0.1981651112424551,0.30624634695237535,0.29996443295618525,-4145416.2235401175
2025-05-28 18:00:00,9.376522855558126e-17,0.2760500958795718,0.29996622446496596,-4238010.300215421
2025-05-28 19:00:00,0.0,0.24717835197833243,0.2999679696897343,-3868707.2023409205
2025-05-28 20:00:00,0.0,0.2637361853357676,0.29996966862959246,-4686204.816170828
2025-05-28 21:00:00,0.0,0.37205942071439074,0.2999713212836663,-4452054.680204001
2025-05-28 22:00:00,0.0,0.2831981727541772,0.2999729276511057,-4698376.734472517
2025-05-28 23:00:00,0.0,0.2796324854785959,0.29997448773108426,-4708916.109828284
2025-05-29 00:00:00,0.0,0.3460559767678308,0.2999760015227993,-4583893.538947315
2025-05-29 01:00:00,0.0,0.3019447547623092,0.29997746902547207,-4812454.159248653
2025-05-29 02:00:00,0.0,0.34124733875239455,0.29997889023834756,-4691608.186613369
2025-05-29 03:00:00,0.0,0.28075850799773533,0.2999802651606947,-4761408.038463408
2025-05-29 04:00:00,0.0,0.24492169455479199,0.2999815937918061,-4913169.9665323105
2025-05-29 05:00:00,0.0,0.26472441424788373,0.29998287613099817,-4480516.318059396
2025-05-29 06:00:00,0.0,0.30746061015362947,0.29998411217761134,-4407223.599917113
2025-05-29 07:00:00,0.1988735817424716,0.3244750360062604,0.29998530193100953,-4157935.1277890387
2025-05-29 08:00:00,0.3841942575433269,0.26803863863276717,0.29998644539058084,-4104355.052633508
2025-05-29 09:00:00,0.5433327296036347,0.2855777447985206,0.2999875425557369,-4017645.6674718866
2025-05-29 10:00:00,0.6654439740412447,0.23315016731024074,0.29998859342591333,-4088169.0736511685
2025-05-29 11:00:00,0.7422063113461065,0.3135693111160753,0.29998959800056946,-4072982.2462379993
2025-05-29 12:00:00,0.768388515086654,0.24947821536770196,0.2999905562791884,-4048903.349138645
2025-05-29 13:00:00,0.7422063113461065,0.25143885475166616,0.29999146826127726,-3894023.5656627873
2025-05-29 14:00:00,0.6654439740412448,0.24678669779578866,0.2999923339463669,-4155133.1981138415
2025-05-29 15:00:00,0.5433327296036348,0.3687586321817626,0.29999315333401183,-3964976.0564052304
2025-05-29 16:00:00,0.3841942575433269,0.3163495861198653,0.2999939264237906,-3899677.6390431733
2025-05-29 17:00:00,0.19887358174247183,0.3444615908776961,0.2999946532153054,-4334280.946823662
2025-05-29 18:00:00,9.410045355024583e-17,0.25522999371520344,0.29999533370818243,-4311210.813741056
2025-05-29 19:00:00,0.0,0.2993442875208782,0.29999596790207156,-4604791.471964323
2025-05-29 20:00:00,0.0,0.3049225672395566,0.29999655579664647,-4716016.219343368
2025-05-29 21:00:00,0.0,0.2772009890199797,0.2999970973916048,-4533854.933300361
2025-05-29 22:00:00,0.0,0.34546389042493286,0.29999759268666787,-4823621.787362464
2025-05-29 23:00:00,0.0,0.24254349716487644,0.2999980416815809,-4681715.4123799745
2025-05-30 00:00:00,0.0,0.31500832914874444,0.29999844437611284,-4660127.471884363
2025-05-30 01:00:00,0.0,0.250692101892573,0.2999988007700566,-4652014.028577003
2025-05-30 02:00:00,0.0,0.3056703189965611,0.2999991108632288,-4649395.504724355
2025-05-30 03:00:00,0.0,0.3174043985558324,0.29999937465546983,-4918597.804309438
2025-05-30 04:00:00,0.0,0.27795194305081544,0.2999995921466441,-4940194.760505264
2025-05-30 05:00:00,0.0,0.2410918211839008,0.2999997633366397,-4349819.178328987
2025-05-30 06:00:00,0.0,0.2690297753911686,0.2999998882253685,-4698593.876306067
2025-05-30 07:00:00,0.19955379917570915,0.3279158297516858,0.29999996681276625,-4806299.141721998
2025-05-30 08:00:00,0.3855083367158393,0.25330982565237425,0.2999999990987926,-4322257.930207826
2025-05-30 09:00:00,0.5451911181914337,0.3345138027256421,0.29999998508343084,-4394168.212174871
2025-05-30 10:00:00,0.6677200259332041,0.25384543841636276,0.2999999247666883,-4352954.680685757
2025-05-30 11:00:00,0.744744917367143,0.27079915306748786,0.29999981814859583,-3921248.3484503557
2025-05-30 12:00:00,0.7710166734316787,0.33041419023622176,0.29999966522920846,-4006958.9918112885
2025-05-30 13:00:00,0.744744917367143,0.3121444648336966,0.2999994660086048,-3922024.9453443526
2025-05-30 14:00:00,0.6677200259332042,0.3281353968281998,0.2999992204868873,-4109583.8183490294
2025-05-30 15:00:00,0.5451911181914338,0.2993642579075472,0.2999989286641823,-4280639.252316548
2025-05-30 16:00:00,0.3855083367158393,0.29619217964533706,0.29999859054064,-4349636.350711369
2025-05-30 17:00:00,0.19955379917570937,0.3231578291422982,0.2999982061164342,-3903382.490480885
2025-05-30 18:00:00,9.442231012073454e-17,0.34597238475112796,0.29999777539176276,-4436926.915346726
2025-05-30 19:00:00,0.0,0.23364276808481782,0.29999729836684735,-4395262.750733
2025-05-30 20:00:00,0.0,0.2815199639993777,0.29999677504193323,-4710699.809066088
2025-05-30 21:00:00,0.0,0.3218793024284998,0.2999962054172897,-4614823.089016717
2025-05-30 22:00:00,0.0,0.29754188993471126,0.2999955894932098,-4766248.24660514
2025-05-30 23:00:00,0.0,0.2684104846306191,0.2999949272700105,-4757011.253294535
2025-05-31 00:00:00,0.0,0.347800570961985,0.2999942187480323,-4793817.885189744
2025-05-31 01:00:00,0.0,0.3250467058916126,0.29999346392763976,-4503926.382253767
2025-05-31 02:00:00,0.0,0.231575737332693,0.2999926628092213,-4839084.106959257
2025-05-31 03:00:00,0.0,0.2616079678106629,0.29999181539318903,-4848495.819622921
2025-05-31 04:00:00,0.0,0.2766172977576149,0.2999909216799788,-4866004.279826594
2025-05-31 05:00:00,0.0,0.35141230384658834,0.2999899816700506,-4481398.235746134
2025-05-31 06:00:00,0.0,0.2666487390620597,0.29998899536388784,-4265783.62094591
2025-05-31 07:00:00,0.20020556197906175,0.3455212168430662,0.29998796276199796,-4168555.995316422
2025-05-31 08:00:00,0.386767445764585,0.30349766273923195,0.2999868838649123,-4144271.258642856
2025-05-31 09:00:00,0.5469717672846767,0.32208088410521213,0.2999857586731858,-4379985.449817832
2025-05-31 10:00:00,0.6699008667779014,0.31532194706464567,0.29998458718739734,-4073259.259221489
2025-05-31 11:00:00,0.7471773292637385,0.3449910524732867,0.2999833694081497,-3743165.354822911
2025-05-31 12:00:00,0.7735348915291701,0.3188429639638168,0.2999821053360692,-3855574.07716882
2025-05-31 13:00:00,0.7471773292637385,0.2457181669759406,0.29998079497180635,-3881327.9480501553
2025-05-31 14:00:00,0.6699008667779015,0.285212494207429,0.2999794383160352,-4214313.806631495
2025-05-31 15:00:00,0.5469717672846767,0.23856205103336747,0.29997803536945367,-4150991.193292351
2025-05-31 16:00:00,0.386767445764585,0.3283721092842487,0.2999765861327835,-4385340.258423746
2025-05-31 17:00:00,0.20020556197906197,0.3223948686722243,0.2999750906067703,-4276341.225466972
2025-05-31 18:00:00,9.473070289399933e-17,0.2886876330820579,0.2999735487921835,-4160380.3015144044
2025-05-31 19:00:00,0.0,0.2546969382606627,0.29997196068981624,-4386484.07021774
2025-05-31 20:00:00,0.0,0.3302487281800379,0.29997032630048553,-4425962.862021127
2025-05-31 21:00:00,0.0,0.29334615477642556,0.2999686456250323,-4735704.758629644
2025-05-31 22:00:00,0.0,0.3330900528472029,0.29996691866432107,-5004958.810741731
2025-05-31 23:00:00,0.0,0.2388530419623598,0.2999651454192403,-4878292.731899192
2025-06-01 00:00:00,0.0,0.332407152518489,0.2999633258907023,-5095833.575002411
2025-06-01 01:00:00,0.0,0.3195375759979067,0.2999614600796432,-4896909.883467415
2025-06-01 02:00:00,0.0,0.2993046584705703,0.29995954798702273,-4830231.242610484
2025-06-01 03:00:00,0.0,0.27184780100816536,0.29995758961382474,-4696272.030270044
2025-06-01 04:00:00,0.0,0.309586353041142,0.2999555849610566,-4552280.564535234
2025-06-01 05:00:00,0.0,0.29740092604277796,0.2999535340297498,-4631422.332048124
2025-06-01 06:00:00,0.0,0.3355801560180002,0.2999514368209592,-4488768.476627204
2025-06-01 07:00:00,0.20082867702114462,0.3189601673900444,0.299949293335764,-4222790.633297331
2025-06-01 08:00:00,0.3879712115883791,0.29589338636034945,0.29994710357526677,-4276400.601110167
2025-06-01 09:00:00,0.5486741492386074,0.3031982300995675,0.29994486754059413,-4082995.3644531397
2025-06-01 10:00:00,0.6719858503451278,0.34976984096680436,0.29994258523289635,-4143890.1324220663
2025-06-01 11:00:00,0.7495028262597522,0.314792794676053,0.2999402566533477,-4187455.7159695723
2025-06-01 12:00:00,0.7759424231767582,0.2799403804920773,0.29993788180314607,-4114071.572164731
2025-06-01 13:00:00,0.7495028262597522,0.31755907964279595,0.2999354606835132,-4012377.1326504373
2025-06-01 14:00:00,0.6719858503451279,0.26202985768497067,0.2999329932956947,-3878443.099653432
2025-06-01 15:00:00,0.5486741492386075,0.3435492906404482,0.2999304796409599,-4287915.68291252
2025-06-01 16:00:00,0.3879712115883791,0.2920786447760985,0.2999279197206021,-4373110.207206198
2025-06-01 17:00:00,0.20082867702114485,0.28450030195810877,0.29992531353593815,-4028866.7803157573
2025-06-01 18:00:00,9.50255404866058e-17,0.3398444864788461,0.2999226610883089,-4003309.0152041656
2025-06-01 19:00:00,0.0,0.323455453954204,0.2999199623790788,-4513594.109455417
2025-06-01 20:00:00,0.0,0.2830689229224099,0.2999172174096364,-4368687.332083819
2025-06-01 21:00:00,0.0,0.26647894056610266,0.29991442618139375,-4535286.163634926
2025-06-01 22:00:00,0.0,0.26168687659877016,0.29991158869578693,-4730275.557989237
2025-06-01 23:00:00,0.0,0.24777477395795738,0.29990870495427563,-4749075.222879897
2025-06-02 00:00:00,0.0,0.27215009406212104,0.2999057749583434,-4719995.557537017
2025-06-02 01:00:00,0.0,0.291987493971885,0.29990279870949765,-4608441.744115358
2025-06-02 02:00:00,0.0,0.2841732588080714,0.29989977620926955,-4335606.550896317
2025-06-02 03:00:00,0.0,0.29272369116901015,0.29989670745921404,-4484830.393985096
2025-06-02 04:00:00,0.0,0.33176615516103014,0.2998935924609099,-4714646.057990439
2025-06-02 05:00:00,0.0,0.28426580841630034,0.29989043121595965,-4619787.93104361
2025-06-02 06:00:00,0.0,0.2610480776649084,0.2998872237259896,-4637169.584854635
2025-06-02 07:00:00,0.20142295965952284,0.3524750388930424,0.2998839699926499,-4502188.770965144
2025-06-02 08:00:00,0.38911927748542846,0.25870325080277806,0.2998806700176145,-4272436.264050867
2025-06-02 09:00:00,0.5502977596007127,0.2962354841883958,0.2998773238025809,-4207364.013079721
2025-06-02 10:00:00,0.6739743588092545,0.26817045695376385,0.29987393134927093,-4087009.3026499297
2025-06-02 11:00:00,0.7517207192602355,0.3496663281287797,0.2998704926594296,-4208052.303676669
2025-06-02 12:00:00,0.778238554970857,0.27905839771925245,0.2998670077348261,-3882718.2422630913
2025-06-02 13:00:00,0.7517207192602355,0.28537488452055765,0.29986347657725326,-4138217.276206151
2025-06-02 14:00:00,0.6739743588092546,0.3415575162473598,0.2998598991885278,-4119546.2077405886
2025-06-02 15:00:00,0.5502977596007128,0.33154034416135325,0.29985627557048994,-4131432.2654640223
2025-06-02 16:00:00,0.38911927748542846,0.230527006979329,0.29985260572500405,-3869485.7361602606
2025-06-02 17:00:00,0.20142295965952306,0.2488497574228774,0.2998488896539581,-4498801.175403246
2025-06-02 18:00:00,9.530673553181217e-17,0.26758490757008335,0.29984512735926383,-4209258.578221879
2025-06-02 19:00:00,0.0,0.28137942887213757,0.29984131884285675,-4686778.431793545
2025-06-02 20:00:00,0.0,0.35340108948662596,0.29983746410669626,-4326978.541022434
2025-06-02 21:00:00,0.0,0.2548441154714344,0.29983356315276544,-4693312.114040897
2025-06-02 22:00:00,0.0,0.2522410252775813,0.2998296159830712,-4438442.665579745
2025-06-02 23:00:00,0.0,0.3079602331607377,0.2998256225996441,-4918142.53388648
2025-06-03 00:00:00,0.0,0.3385270561332529,0.2998215830045387,-4745124.363495433
2025-06-03 01:00:00,0.0,0.3082099765048307,0.2998174971998332,-4973771.412494576
2025-06-03 02:00:00,0.0,0.2751836812409066,0.2998133651876295,-4683310.31465296
2025-06-03 03:00:00,0.0,0.34334627164511017,0.2998091869700534,-4722635.06561949
2025-06-03 04:00:00,0.0,0.28326239922255064,0.29980496254925443,-4873787.5465533445
2025-06-03 05:00:00,0.0,0.331029181961618,0.2998006919274058,-4750702.161799053
2025-06-03 06:00:00,0.0,0.30072412411101096,0.29979637510670476,-4603252.780162666
2025-06-03 07:00:00,0.20198823379542497,0.23356154619836206,0.299792012089372,-4521367.838949459
2025-06-03 08:00:00,0.3902113032590307,0.2848077131075292,0.29978760287765216,-4030732.7388945054
2025-06-03 09:00:00,0.5518421172602019,0.2768304517803951,0.29978314747381357,-4266909.274337345
2025-06-03 10:00:00,0.6758658029323082,0.2855978279796536,0.29977864588014835,-4136206.2924802154
2025-06-03 11:00:00,0.753830351055627,0.32737958856668015,0.29977409809897243,-3925561.0824899464
2025-06-03 12:00:00,0.7804226065180615,0.3520140229105826,0.29976950413262554,-4030378.747789038
2025-06-03 13:00:00,0.753830351055627,0.34385638968959364,0.29976486398347085,-4147191.6324394494
2025-06-03 14:00:00,0.6758658029323084,0.23455475202218745,0.2997601776538958,-4277216.452927429
2025-06-03 15:00:00,0.551842117260202,0.28840241355544266,0.29975544514631114,-3954109.7422024766
2025-06-03 16:00:00,0.3902113032590307,0.25553497272234954,0.2997506664631516,-3815585.616145852
2025-06-03 17:00:00,0.2019882337954252,0.3529479847450487,0.29974584160687573,-4457793.698936808
2025-06-03 18:00:00,9.557420470545783e-17,0.2647420949876168,0.29974097057996557,-4192917.8015097496
2025-06-03 19:00:00,0.0,0.31585325882693077,0.2997360533849271,-4307537.847015091
2025-06-03 20:00:00,0.0,0.3233500516317007,0.29973109002429005,-4614390.95367614
2025-06-03 21:00:00,0.0,0.3123504372333386,0.2997260805006079,-4615987.009790204
2025-06-03 22:00:00,0.0,0.30127913258565164,0.2997210248164578,-4737409.950543575
2025-06-03 23:00:00,0.0,0.29251525801222206,0.2997159229744407,-4360176.424509454
2025-06-04 00:00:00,0.0,0.25844377113740535,0.2997107749771813,-4401770.8126365375
2025-06-04 01:00:00,0.0,0.24301972026685914,0.29970558082732807,-4466089.959881883
2025-06-04 02:00:00,0.0,0.26104616934655045,0.2997003405275532,-4802786.261691032
2025-06-04 03:00:00,0.0,0.2903985580948245,0.29969505408055247,-4570436.957002387
2025-06-04 04:00:00,0.0,0.3134464858022741,0.29968972148904577,-4590217.369612493
2025-06-04 05:00:00,0.0,0.29062446492867416,0.2996843427557763,-4436383.036675338
2025-06-04 06:00:00,0.0,0.28504392636478215,0.29967891788351136,-4495618.090169588
2025-06-04 07:00:00,0.2025243319259249,0.2470557206309413,0.29967344687504177,-4514273.410241548
2025-06-04 08:00:00,0.3912469653183811,0.2988902456169396,0.29966792973318207,-4286591.374296826
2025-06-04 09:00:00,0.5533067645905705,0.34896510956744053,0.29966236646077066,-4047625.131362572
2025-06-04 10:00:00,0.6776596222385746,0.26986756796574174,0.2996567570606697,-4191459.860162189
2025-06-04 11:00:00,0.7558310965164955,0.328019072822835,0.2996511015357649,-3914513.4383952515
2025-06-04 12:00:00,0.7824939306367623,0.27232139465736604,0.2996453998889658,-3849325.0320164743
2025-06-04 13:00:00,0.7558310965164955,0.32331650569096515,0.29963965212320576,-3956439.6198353167
2025-06-04 14:00:00,0.6776596222385747,0.31301022751548485,0.2996338582414417,-4290166.04405693
2025-06-04 15:00:00,0.5533067645905706,0.28062498096432814,0.29962801824665436,-4010875.382094093
2025-06-04 16:00:00,0.3912469653183811,0.23019052356019232,0.2996221321418482,-3835339.615242095
2025-06-04 17:00:00,0.20252433192592512,0.32086854632674705,0.29961619993005134,-4431077.118003958
2025-06-04 18:00:00,9.58278687506542e-17,0.24215497491232715,0.29961022161431566,-4339988.503233925
2025-06-04 19:00:00,0.0,0.2799679149091466,0.2996041971977168,-4157050.954627356
2025-06-04 20:00:00,0.0,0.33445556414112504,0.2995981266833541,-4765907.1479014745
2025-06-04 21:00:00,0.0,0.2392184680336284,0.2995920100743506,-4314767.738754884
2025-06-04 22:00:00,0.0,0.23981095220121487,0.29958584737385296,-4775245.888074358
2025-06-04 23:00:00,0.0,0.25266705450617505,0.2995796385850317,-4739410.636166929
2025-06-05 00:00:00,0.0,0.29588074886368193,0.2995733837110811,-5168057.353536618
2025-06-05 01:00:00,0.0,0.2715775384780192,0.2995670827552188,-4803858.4429306
2025-06-05 02:00:00,0.0,0.3372811900934213,0.2995607357206866,-4801244.691573814
2025-06-05 03:00:00,0.0,0.2555175379359729,0.29955434261074976,-4566208.496738639
2025-06-05 04:00:00,0.0,0.26189916518621914,0.2995479034286972,-4651982.190637677
2025-06-05 05:00:00,0.0,0.33995543471200307,0.2995414181778416,-4338068.135720648
2025-06-05 06:00:00,0.0,0.2329731307709595,0.29953488686151947,-4451316.663289508
2025-06-05 07:00:00,0.20303109519357673,0.28172443469722047,0.29952830948309084,-4509155.777722803
2025-06-05 08:00:00,0.39222595677446015,0.23740123462903734,0.2995216860459396,-4593474.499144957
2025-06-05 09:00:00,0.5546912675852048,0.28240041578209796,0.2995150165534731,-4148900.3107634154
2025-06-05 10:00:00,0.6793552851806792,0.23604199987514432,0.2995083010091226,-4184462.157031969
2025-06-05 11:00:00,0.7577223627787817,0.26450806048874653,0.299501539416343,-4008965.5451090084
2025-06-05 12:00:00,0.7844519135489203,0.33247669104640726,0.29949473177861285,-3690161.381443194
2025-06-05 13:00:00,0.7577223627787817,0.3188749793520943,0.2994878780994344,-4120344.2891983083
2025-06-05 14:00:00,0.6793552851806793,0.2831678760658518,0.29948097838233356,-4132862.670690325
2025-06-05 15:00:00,0.5546912675852049,0.2605037672517122,0.29947403263086003,-3906920.6067083636
2025-06-05 16:00:00,0.39222595677446015,0.3312886019196919,0.29946704084858705,-4052689.309771452
2025-06-05 17:00:00,0.20303109519357695,0.2363189162880461,0.29946000303911163,-4205600.452619762
2025-06-05 18:00:00,9.606765250127016e-17,0.23153065510585866,0.2994529192060545,-4130190.479842168
2025-06-05 19:00:00,0.0,0.28273859305343935,0.29944578935305993,-4210566.12339347
2025-06-05 20:00:00,0.0,0.2368435878471733,0.29943861348379597,-4683938.24920132
2025-06-05 21:00:00,0.0,0.24656422773745734,0.2994313916019543,-4570373.565759625
2025-06-05 22:00:00,0.0,0.25477185176831113,0.2994241237112504,-4724181.548062477
2025-06-05 23:00:00,0.0,0.24860637599001933,0.2994168098154231,-4556372.434581901
2025-06-06 00:00:00,0.0,0.2525085362850363,0.2994094499182353,-4513885.596718311
2025-06-06 01:00:00,0.0,0.308687891098888,0.29940204402347326,-4770770.748279464
2025-06-06 02:00:00,0.0,0.3163778268962946,0.29939459213494707,-4800968.421953347
2025-06-06 03:00:00,0.0,0.26353145061125705,0.2993870942564904,-4638275.446851476
2025-06-06 04:00:00,0.0,0.32900539997634776,0.2993795503919606,-4561938.347658128
2025-06-06 05:00:00,0.0,0.2954404532805839,0.29937196054523874,-4189609.607931032
2025-06-06 06:00:00,0.0,0.21770090818887844,0.29936432472022945,-4595902.753716079
2025-06-06 07:00:00,0.20350837343348727,0.22313774402639866,0.299356642920861,-4323193.199035097
2025-06-06 08:00:00,0.3931479875309709,0.2410841456452205,0.29934891515108547,-4169979.257761931
2025-06-06 09:00:00,0.5559952159859876,0.33068549458221774,0.2993411414148785,-4350510.07195479
2025-06-06 10:00:00,0.6809522892970972,0.2413899918327429,0.2993333217162392,-4044693.035366991
2025-06-06 11:00:00,0.7595035894194749,0.31264926352833805,0.29932545605919064,-4164723.728800828
2025-06-06 12:00:00,0.7862959750619419,0.2187924933723891,0.29931754444777936,-4135879.4266493283
2025-06-06 13:00:00,0.7595035894194749,0.2162430045583006,0.2993095868860755,-4085151.334194845
2025-06-06 14:00:00,0.6809522892970973,0.30671429658039207,0.29930158337817303,-4217178.844605481
2025-06-06 15:00:00,0.5559952159859877,0.25858384044754906,0.29929353392818936,-4204307.421367803
2025-06-06 16:00:00,0.3931479875309709,0.3344230818951763,0.2992854385402656,-4170131.049088894
2025-06-06 17:00:00,0.2035083734334875,0.3076931245974835,0.2992772972185665,-4140068.566461708
2025-06-06 18:00:00,9.629348490420542e-17,0.25878426679490674,0.2992691099672804,-4448764.420560991
2025-06-06 19:00:00,0.0,0.32695111813998207,0.29926087679061947,-4343805.790761419
2025-06-06 20:00:00,0.0,0.29238202607969394,0.2992525976928192,-4218153.699337656
2025-06-06 21:00:00,0.0,0.29208949189881195,0.2992442726781389,-4541408.917459989
2025-06-06 22:00:00,0.0,0.29378813867699377,0.2992359017508614,-4741783.741444342
2025-06-06 23:00:00,0.0,0.3106713423944385,0.2992274849152934,-4719356.067225046
2025-06-07 00:00:00,0.0,0.25525696209335125,0.29921902217576474,-4814560.4744565375
2025-06-07 01:00:00,0.0,0.21621118863909208,0.2992105135366294,-4863427.959712206
2025-06-07 02:00:00,0.0,0.2696006893168352,0.2992019590022646,-4720479.819013766
2025-06-07 03:00:00,0.0,0.21537521429424342,0.29919335857707136,-4871892.806542625
2025-06-07 04:00:00,0.0,0.3204143822646511,0.2991847122654742,-4761090.407444616
2025-06-07 05:00:00,0.0,0.29381075597568135,0.29917602007192146,-4763435.205149929
2025-06-07 06:00:00,0.0,0.2830888087638591,0.2991672820008847,-4425009.276322327
2025-06-07 07:00:00,0.20395602521781364,0.30409067255133837,0.2991584980568594,-4275837.088140276
2025-06-07 08:00:00,0.3940127843703014,0.2747888879054886,0.29914966824436456,-4246634.753530613
2025-06-07 09:00:00,0.557218223404866,0.3094680739644677,0.29914079256794285,-4361659.876928301
2025-06-07 10:00:00,0.6824501613610425,0.2538752539902862,0.29913187103216027,-4426366.122073283
2025-06-07 11:00:00,0.7611742486226798,0.26784001695736515,0.2991229036416067,-4296830.385471497
2025-06-07 12:00:00,0.7880255687406028,0.22260643248024456,0.29911389040089553,-4275458.206893784
2025-06-07 13:00:00,0.7611742486226798,0.2614688332242223,0.29910483131466364,-3880948.3208366823
2025-06-07 14:00:00,0.6824501613610425,0.2549825082090748,0.2990957263875716,-4204948.374045941
2025-06-07 15:00:00,0.5572182234048662,0.21580586144978514,0.29908657562430346,-3864014.0631513433
2025-06-07 16:00:00,0.3940127843703014,0.2851810049801307,0.29907737902956705,-4123807.158704134
2025-06-07 17:00:00,0.20395602521781386,0.2310660262002518,0.29906813660809356,-4033450.6633217596
2025-06-07 18:00:00,9.650529904044518e-17,0.3161728588602695,0.29905884836463786,-4352198.140561357
2025-06-07 19:00:00,0.0,0.2498489363120452,0.2990495143039784,-4397493.695670798
2025-06-07 20:00:00,0.0,0.22873407243716382,0.2990401344309172,-4396014.013363714
2025-06-07 21:00:00,0.0,0.23946299005217148,0.29903070875027976,-4846520.232207626
2025-06-07 22:00:00,0.0,0.26561174537365095,0.29902123726691526,-4303757.050539581
2025-06-07 23:00:00,0.0,0.2697211086413084,0.29901171998569637,-4984917.27198251
2025-06-08 00:00:00,0.0,0.21438524972392778,0.2990021569115194,-4729683.227255056
2025-06-08 01:00:00,0.0,0.29167354941626017,0.29899254804930403,-4805873.895524003
2025-06-08 02:00:00,0.0,0.21704340000382097,0.2989828934039938,-4927196.062724916
2025-06-08 03:00:00,0.0,0.3290107982821655,0.2989731929805556,-4931509.418929663
2025-06-08 04:00:00,0.0,0.23224443557333332,0.29896344678397985,-4836569.424525358
2025-06-08 05:00:00,0.0,0.23592186699737736,0.29895365481928066,-4452045.142036325
2025-06-08 06:00:00,0.0,0.25689326432497855,0.29894381709149553,-4460313.400179491
2025-06-08 07:00:00,0.204373917897671,0.3074241731077793,0.29893393360568554,-4363823.871868066
2025-06-08 08:00:00,0.3948200910344841,0.227970431096411,0.2989240043669355,-3796565.7039320217
2025-06-08 09:00:00,0.5583599274383475,0.2488765326365909,0.2989140293803535,-4085500.2902863207
2025-06-08 10:00:00,0.6838484575206959,0.2407807308606227,0.2989040086510712,-4449527.189068506
2025-06-08 11:00:00,0.7627338453360185,0.27997906668293876,0.29889394218424403,-3816768.916232168
2025-06-08 12:00:00,0.7896401820689682,0.2426502687690467,0.29888382998505064,-4255417.67778553
2025-06-08 13:00:00,0.7627338453360185,0.2631500980531078,0.2988736720586934,-3793749.7774182023
2025-06-08 14:00:00,0.683848457520696,0.2143190290565556,0.2988634684103982,-4138265.7499581925
2025-06-08 15:00:00,0.5583599274383476,0.24538599612147538,0.2988532190454144,-4490986.122974916
2025-06-08 16:00:00,0.3948200910344841,0.2715801681112752,0.29884292396901485,-4511731.77954443
2025-06-08 17:00:00,0.20437391789767123,0.23649249722692517,0.2988325831864959,-4126915.0546648707
2025-06-08 18:00:00,9.670303214488951e-17,0.2587501876920559,0.29882219670317756,-4399749.301314496
2025-06-08 19:00:00,0.0,0.33383913202037613,0.2988117645244032,-4348606.974973465
2025-06-08 20:00:00,0.0,0.2167131412023638,0.29880128665553984,-4312801.74925323
2025-06-08 21:00:00,0.0,0.22453642454251785,0.2987907631019779,-4915329.497374646
2025-06-08 22:00:00,0.0,0.24547242521375676,0.29878019386913124,-4838413.885823284
2025-06-08 23:00:00,0.0,0.30939026291741506,0.2987695789624374,-4831813.575917249
2025-06-09 00:00:00,0.0,0.3316291846970755,0.2987589183873572,-4529332.169067651
2025-06-09 01:00:00,0.0,0.3108969830318564,0.29874821214937525,-4723533.034503973
2025-06-09 02:00:00,0.0,0.2686594745154815,0.29873746025399933,-4826200.465601542
2025-06-09 03:00:00,0.0,0.23635560626391408,0.29872666270676096,-4865676.656422657
2025-06-09 04:00:00,0.0,0.22129405427231447,0.29871581951321496,-4422462.248227554
2025-06-09 05:00:00,0.0,0.23826685912669465,0.2987049306789399,-4758042.07843961
2025-06-09 06:00:00,0.0,0.3231028660258108,0.29869399620953735,-4495751.238989285
2025-06-09 07:00:00,0.2047619276424394,0.32386473019063794,0.2986830161106329,-4578843.234020196
2025-06-09 08:00:00,0.3955696683011314,0.29492312123124725,0.29867199038787523,-4579913.590747789
2025-06-09 09:00:00,0.5594199897748865,0.27114128214062144,0.29866091904693676,-4154629.5739724296
2025-06-09 10:00:00,0.6851467634307276,0.30221257372982896,0.2986498020935132,-4152846.36492964
2025-06-09 11:00:00,0.764181917417326,0.2824847214952383,0.2986386395333237,-3836697.7364024627
2025-06-09 12:00:00,0.7911393366022628,0.27145340343414026,0.298627431372111,-3894918.2987553086
2025-06-09 13:00:00,0.764181917417326,0.2679868648702543,0.2986161776156413,-4255981.171276007
2025-06-09 14:00:00,0.6851467634307276,0.3269349670831054,0.2986048782697041,-3877215.35654462
2025-06-09 15:00:00,0.5594199897748866,0.28764159002604256,0.2985935333401126,-4125547.1041839356
2025-06-09 16:00:00,0.3955696683011314,0.2928325642680188,0.29858214283270323,-3742063.9056655713
2025-06-09 17:00:00,0.2047619276424396,0.2185115873607943,0.29857070675333586,-4247616.846258314
2025-06-09 18:00:00,9.688662562495216e-17,0.27875762895751494,0.29855922510789407,-4263183.751986186
2025-06-09 19:00:00,0.0,0.27936330567549994,0.2985476979022846,-4471341.0144595625
2025-06-09 20:00:00,0.0,0.3307315171890486,0.2985361251424377,-4532436.901445003
2025-06-09 21:00:00,0.0,0.22589611337952908,0.29852450683430726,-4503057.837880239
2025-06-09 22:00:00,0.0,0.2394758365187706,0.29851284298387026,-4463047.823391426
2025-06-09 23:00:00,0.0,0.20730473291200685,0.2985011335971273,-4592738.923862117
2025-06-10 00:00:00,0.0,0.2393966663358995,0.29848937868010256,-4921222.505115347
2025-06-10 01:00:00,0.0,0.24580169573600102,0.2984775782388433,-4974005.25010673
2025-06-10 02:00:00,0.0,0.28668549826965695,0.29846573227942036,-4501837.965416158
2025-06-10 03:00:00,0.0,0.26789765577672664,0.2984538408079281,-4953426.103456352
2025-06-10 04:00:00,0.0,0.2845753508437259,0.29844190383048413,-4636700.969216745
2025-06-10 05:00:00,0.0,0.32367552198188515,0.29842992135322965,-4754318.8359289
2025-06-10 06:00:00,0.0,0.2945132958520126,0.2984178933823291,-4360325.5914053675
2025-06-10 07:00:00,0.20511993947645754,0.3162102276603769,0.29840581992397036,-4642658.853292789
2025-06-10 08:00:00,0.3962612940543218,0.3035130625886684,0.2983937009843648,-4511753.056350262
2025-06-10 09:00:00,0.560398096295135,0.2939001276230585,0.29838153656974714,-4245842.744424295
2025-06-10 10:00:00,0.6863446943750765,0.24900468758006705,0.2983693266863754,-4119064.450274221
2025-06-10 11:00:00,0.7655180357715926,0.29555614755371046,0.29835707134053113,-4216468.535647109
2025-06-10 12:00:00,0.7925225881086437,0.3025550993660844,0.2983447705385192,-3742271.015565124
2025-06-10 13:00:00,0.7655180357715926,0.31886545972898045,0.2983324242866679,-4547513.851467113
2025-06-10 14:00:00,0.6863446943750766,0.27913937924931065,0.29832003259132883,-4377481.38263432
2025-06-10 15:00:00,0.560398096295135,0.2800294827625271,0.2983075954588771,-3903345.199587268
2025-06-10 16:00:00,0.3962612940543218,0.20573253992104298,0.29829511289571103,-3974559.789942988
2025-06-10 17:00:00,0.20511993947645776,0.21078203991506236,0.29828258490825243,-4124335.228990096
2025-06-10 18:00:00,9.705602507792266e-17,0.3222943808670679,0.2982700115029465,-4160623.3816137654
2025-06-10 19:00:00,0.0,0.24996992795249914,0.29825739268626167,-4678461.916197219
2025-06-10 20:00:00,0.0,0.22238222358614856,0.29824472846468986,-4711932.228529143
2025-06-10 21:00:00,0.0,0.2100343761411222,0.2982320188447463,-4657115.732323173
2025-06-10 22:00:00,0.0,0.23296061858223893,0.2982192638329696,-4820107.939839914
2025-06-10 23:00:00,0.0,0.2281756788854536,0.2982064634359216,-4856719.418536426
2025-06-11 00:00:00,0.0,0.2887071003115207,0.29819361766018776,-4647048.405858892
2025-06-11 01:00:00,0.0,0.22739223148037538,0.2981807265123766,-4740342.759974023
2025-06-11 02:00:00,0.0,0.268450173857676,0.2981677899991201,-4896347.003933027
2025-06-11 03:00:00,0.0,0.2800031365772046,0.29815480812707357,-4742750.879361231
2025-06-11 04:00:00,0.0,0.26322623538457257,0.2981417809029157,-4685012.509063589
2025-06-11 05:00:00,0.0,0.20486900201465044,0.2981287083333485,-4273616.6830378175
2025-06-11 06:00:00,0.0,0.28937535868822184,0.2981155904250972,-4601076.112190365
2025-06-11 07:00:00,0.20544784731309249,0.27664194199182335,0.29810242718491053,-4420169.55837962
2025-06-11 08:00:00,0.3968947633504184,0.2936554994373766,0.2980892186195604,-4102316.604218726
2025-06-11 09:00:00,0.5612939571650217,0.3146651009522062,0.29807596473584214,-4048127.6319689574
2025-06-11 10:00:00,0.6874418953809507,0.3214602487466327,0.2980626655405742,-4371612.722749262
2025-06-11 11:00:00,0.7667418044781144,0.27129216631412606,0.2980493210405986,-3665339.7305588773
2025-06-11 12:00:00,0.7937895267008369,0.23477659764720804,0.29803593124278055,-3772590.0783209605
2025-06-11 13:00:00,0.7667418044781144,0.2775912021013213,0.2980224961540085,-4204840.646585154
2025-06-11 14:00:00,0.6874418953809508,0.245951068437579,0.2980090157811944,-4449070.377302327
2025-06-11 15:00:00,0.5612939571650218,0.21273364827606964,0.29799549013127313,-4053836.178341023
2025-06-11 16:00:00,0.3968947633504184,0.3004560777869228,0.29798191921120326,-4037033.141467415
2025-06-11 17:00:00,0.2054478473130927,0.31173963847757624,0.2979683030279665,-3763649.146920759
2025-06-11 18:00:00,9.721118030708722e-17,0.3234044749757323,0.2979546415885677,-4300583.859229128
2025-06-11 19:00:00,0.0,0.3010511317189865,0.29794093490003526,-4622577.738662628
2025-06-11 20:00:00,0.0,0.2985321266690974,0.29792718296942067,-4881771.982707291
2025-06-11 21:00:00,0.0,0.23675579647404044,0.2979133858037987,-4552754.359392922
2025-06-11 22:00:00,0.0,0.3164982889123492,0.29789954341026753,-4889871.92204952
2025-06-11 23:00:00,0.0,0.3137875212376383,0.29788565579594845,-4504772.721636344
2025-06-12 00:00:00,0.0,0.2496708994780179,0.2978717229679861,-4811445.413432536
2025-06-12 01:00:00,0.0,0.2892725149960641,0.29785774493354833,-4856474.002618429
2025-06-12 02:00:00,0.0,0.2793100830629011,0.2978437216998263,-4849814.689642488
2025-06-12 03:00:00,0.0,0.3113037883079402,0.29782965327403443,-4556856.28358302
2025-06-12 04:00:00,0.0,0.20904273577537383,0.29781553966341034,-4617068.538315717
2025-06-12 05:00:00,0.0,0.26048595689281717,0.29780138087521485,-4504030.02800433
2025-06-12 06:00:00,0.0,0.2807697996123621,0.29778717691673223,-4301332.090876854
2025-06-12 07:00:00,0.20574555398617544,0.2622287357090842,0.2977729277952697,-4255588.5914379805
2025-06-12 08:00:00,0.3974698884787973,0.22060232463845839,0.297758633518158,-4542427.486095755
2025-06-12 09:00:00,0.5621073069216367,0.213208136320631,0.2977442940927508,-4298879.845171683
2025-06-12 10:00:00,0.6884380413240124,0.2018843229898149,0.29772990952642536,-4304046.718958173
2025-06-12 11:00:00,0.7678528609078122,0.311175579621555,0.29771547982658175,-3944598.0717781605
2025-06-12 12:00:00,0.7949397769575945,0.28965695840753647,0.2977010050006436,-4174435.5294755907
2025-06-12 13:00:00,0.7678528609078122,0.21398275033365294,0.29768648505605766,-4115710.387759505
2025-06-12 14:00:00,0.6884380413240125,0.20204155291844364,0.29767192000029374,-3815550.4662443446
2025-06-12 15:00:00,0.5621073069216368,0.2006166393814993,0.297657309840845,-4041257.41235051
2025-06-12 16:00:00,0.3974698884787973,0.2674482949492059,0.2976426545852279,-4054388.7944333525
2025-06-12 17:00:00,0.20574555398617567,0.30816020200033767,0.2976279542409818,-4114462.916694522
2025-06-12 18:00:00,9.735204533660291e-17,0.26817354818994416,0.2976132088156696,-4496340.754446591
2025-06-12 19:00:00,0.0,0.2755334124489284,0.29759841831687717,-4028425.8451035307
2025-06-12 20:00:00,0.0,0.2067235355458768,0.29758358275221364,-4409593.628327418
2025-06-12 21:00:00,0.0,0.27998823593371236,0.29756870212931125,-4575733.200674166
2025-06-12 22:00:00,0.0,0.2852998346192537,0.29755377645582554,-4665614.805906657
2025-06-12 23:00:00,0.0,0.24823221753601443,0.29753880573943514,-4464286.0646809405
2025-06-13 00:00:00,0.0,0.28752288461725506,0.2975237899878419,-5004024.38996405
2025-06-13 01:00:00,0.0,0.2816927979804612,0.29750872920877086,-4841610.264104261
2025-06-13 02:00:00,0.0,0.26531826757441157,0.29749362340997015,-4606610.226116694
2025-06-13 03:00:00,0.0,0.3111185276141186,0.297478472599211,-4591159.162141476
2025-06-13 04:00:00,0.0,0.21075357971959735,0.29746327678428813,-4690030.0013843365
2025-06-13 05:00:00,0.0,0.21794430624286196,0.29744803597301894,-4614954.769407138
2025-06-13 06:00:00,0.0,0.31748744935121653,0.29743275017324433,-4662089.084706909
2025-06-13 07:00:00,0.20601297127879412,0.23457867745799799,0.29741741939282823,-4260709.00005034
2025-06-13 08:00:00,0.3979864990174706,0.29433485267725795,0.2974020436396577,-4688663.794403463
2025-06-13 09:00:00,0.5628379045518933,0.2810948647588162,0.2973866229216429,-4303131.793697121
2025-06-13 10:00:00,0.68933283702472,0.2728892177097419,0.2973711572467173,-4312070.641920913
2025-06-13 11:00:00,0.7688508758306876,0.30601540228921276,0.2973556466228372,-3996078.424058722
2025-06-13 12:00:00,0.7959729980349413,0.30669846141413964,0.2973400910579823,-4190113.943238061
2025-06-13 13:00:00,0.7688508758306876,0.24474829747593452,0.2973244905601553,-3902215.2637590235
2025-06-13 14:00:00,0.6893328370247201,0.25108845983595574,0.29730884513738204,-4028526.057384055
2025-06-13 15:00:00,0.5628379045518934,0.27905005488078277,0.2972931547977114,-4182872.5474729487
2025-06-13 16:00:00,0.3979864990174706,0.309754758961065,0.2972774195492155,-4332398.903413568
2025-06-13 17:00:00,0.20601297127879434,0.2757490183172782,0.29726163939998945,-4373870.163403759
2025-06-13 18:00:00,9.747857842512132e-17,0.30452943163893986,0.29724581435815156,-4500579.408801678
2025-06-13 19:00:00,0.0,0.28106769122606384,0.2972299444318431,-4786282.141949326
2025-06-13 20:00:00,0.0,0.2486292467190286,0.29721402962922855,-4399772.217125896
2025-06-13 21:00:00,0.0,0.23099697491921004,0.29719806995849546,-4728964.736864776
2025-06-13 22:00:00,0.0,0.3023112385018161,0.29718206542785436,-4692403.316082462
2025-06-13 23:00:00,0.0,0.2858244178408294,0.29716601604553905,-4628660.497814738
2025-06-14 00:00:00,0.0,0.27930758337290695,0.29714992181980626,-4704291.334026525
2025-06-14 01:00:00,0.0,0.20997819335268128,0.29713378275893576,-4785738.96694361
2025-06-14 02:00:00,0.0,0.26316161967236706,0.2971175988712305,-4425274.843809518
2025-06-14 03:00:00,0.0,0.23746475357291985,0.2971013701650164,-4712707.664358521
2025-06-14 04:00:00,0.0,0.2961079560377637,0.2970850966486426,-4679947.032497114
2025-06-14 05:00:00,0.0,0.299766045108671,0.297068778330481,-4704403.741529326
2025-06-14 06:00:00,0.0,0.284557253794317,0.29705241521892684,-4328672.063874609
2025-06-14 07:00:00,0.20625001994943337,0.2512346155840321,0.29703600732239827,-4166269.432416849
2025-06-14 08:00:00,0.3984444418835864,0.2744179943030466,0.2970195546493364,-4317875.234122153
2025-06-14 09:00:00,0.5634855335639464,0.2446394936610889,0.2970030572082056,-4107222.376661294
2025-06-14 10:00:00,0.6901260173357966,0.3005210367491422,0.296986515007493,-4143398.8740023277
2025-06-14 11:00:00,0.7697355535133799,0.28164646452101216,0.29696992805570904,-4145841.5047543687
2025-06-14 12:00:00,0.7968888837671729,0.2448003642395504,0.29695329636138695,-3907667.729514938
2025-06-14 13:00:00,0.7697355535133799,0.2816319331266526,0.2969366199330832,-4209397.051599824
2025-06-14 14:00:00,0.6901260173357966,0.2447590892003071,0.2969198987793769,-3911042.504516129
2025-06-14 15:00:00,0.5634855335639465,0.20973861381876682,0.29690313290887066,-4085306.088310061
2025-06-14 16:00:00,0.3984444418835864,0.31182245348505816,0.2968863223301897,-3947274.9675416998
2025-06-14 17:00:00,0.2062500199494336,0.2877800224687275,0.29686946705198247,-4411540.194357418
2025-06-14 18:00:00,9.759074207815756e-17,0.1994140891779226,0.29685256708292024,-4548755.809837601
2025-06-14 19:00:00,0.0,0.2117063466768105,0.2968356224316975,-4402514.831210769
2025-06-14 20:00:00,0.0,0.2870122361485179,0.29681863310703144,-4758746.4689017255
2025-06-14 21:00:00,0.0,0.2377237458882194,0.2968015991176625,-4425001.371791183
2025-06-14 22:00:00,0.0,0.1997797696610833,0.29678452047235393,-4756481.94017749
2025-06-14 23:00:00,0.0,0.21664573008984966,0.29676739717989203,-4887807.831080441
2025-06-15 00:00:00,0.0,0.2442508381437989,0.296750229249086,-4588276.279390758
2025-06-15 01:00:00,0.0,0.26548907249005643,0.2967330166887681,-5007688.0701369485
2025-06-15 02:00:00,0.0,0.19441614700870724,0.29671575950779355,-4789473.898771503
2025-06-15 03:00:00,0.0,0.21085649432702178,0.2966984577150404,-4844935.395267684
2025-06-15 04:00:00,0.0,0.3079633714327164,0.2966811113194098,-4354113.716817585
2025-06-15 05:00:00,0.0,0.21269394820364151,0.29666372032982563,-4678194.543309083
2025-06-15 06:00:00,0.0,0.29365935971698276,0.29664628475523497,-4413618.973483341
2025-06-15 07:00:00,0.20645662975545612,0.2777578279816552,0.29662880460460767,-4251391.740485628
2025-06-15 08:00:00,0.39884358137879034,0.23009182294628874,0.29661127988693664,-4490414.817770306
2025-06-15 09:00:00,0.5640500020513425,0.24456481727259763,0.2965937106112376,-3961144.257250934
2025-06-15 10:00:00,0.690817347220797,0.21973381613116935,0.2965760967865493,-4515611.153477156
2025-06-15 11:00:00,0.7705066318067987,0.2202362177840164,0.2965584384219332,-4025629.9330419833
2025-06-15 12:00:00,0.7976871627575808,0.2612724149607976,0.296540735526474,-4222885.35531184
2025-06-15 13:00:00,0.7705066318067987,0.23876208578245453,0.2965229881092789,-3878223.329738282
2025-06-15 14:00:00,0.6908173472207971,0.24812588862966506,0.29650519617947846,-3836060.3326879847
2025-06-15 15:00:00,0.5640500020513426,0.1996282947887191,0.2964873597462258,-4419870.687457537
2025-06-15 16:00:00,0.39884358137879034,0.3008930873556424,0.29646947881869706,-4115725.8236209867
2025-06-15 17:00:00,0.20645662975545634,0.23438838140084897,0.29645155340609125,-4366625.835664224
2025-06-15 18:00:00,9.768850305920051e-17,0.25861287441798714,0.2964335835176304,-4610993.092777037
2025-06-15 19:00:00,0.0,0.2596977221659144,0.2964155691625591,-4158927.9135534717
2025-06-15 20:00:00,0.0,0.24379296787854765,0.29639751035014517,-4446491.917104552
2025-06-15 21:00:00,0.0,0.2444612023276011,0.296379407089679,-4573693.811154443
2025-06-15 22:00:00,0.0,0.2994609108870885,0.29636125939047414,-4520846.782741627
2025-06-15 23:00:00,0.0,0.2871401231215669,0.29634306726186677,-4377082.121767904
2025-06-16 00:00:00,0.0,0.22283262304325865,0.296324830713216,-4724098.053907984
2025-06-16 01:00:00,0.0,0.21910962186135674,0.29630654975390386,-5054551.957449588
2025-06-16 02:00:00,0.0,0.2487058304745395,0.2962882243933351,-4728658.127675044
2025-06-16 03:00:00,0.0,0.258425025839938,0.29626985464093747,-5239110.476842396
2025-06-16 04:00:00,0.0,0.23667154387517444,0.29625144050616137,-4427281.761467622
2025-06-16 05:00:00,0.0,0.26462948924952256,0.2962329819984802,-4463721.088404747
2025-06-16 06:00:00,0.0,0.23462282935034648,0.29621447912739013,-4594472.220855322
2025-06-16 07:00:00,0.20663273947391786,0.2615841211554699,0.2961959319024101,-4194377.425311348
2025-06-16 08:00:00,0.3991837992294358,0.2261833654936226,0.29617734033308196,-4644513.958917114
2025-06-16 09:00:00,0.5645311427498867,0.29458996801492426,0.2961587044289703,-4129753.724557459
2025-06-16 10:00:00,0.6914066218237569,0.26551694057287634,0.2961400241996625,-4229896.975161163
2025-06-16 11:00:00,0.7711638822238047,0.2268430920423435,0.29612129965476885,-3779015.563029657
2025-06-16 12:00:00,0.7983675984588716,0.2509763949350818,0.2961025308039224,-4030459.500347841
2025-06-16 13:00:00,0.7711638822238047,0.25571176370333837,0.2960837176567788,-3907136.81523536
2025-06-16 14:00:00,0.691406621823757,0.24039406136834723,0.2960648602230169,-4316719.8168399185
2025-06-16 15:00:00,0.5645311427498868,0.2571708445911437,0.296045958512338,-4296361.821716945
2025-06-16 16:00:00,0.3991837992294358,0.19152604754737004,0.2960270125344663,-3874412.189923816
2025-06-16 17:00:00,0.20663273947391808,0.2703155446283848,0.29600802229914863,-4132336.708824526
2025-06-16 18:00:00,9.777183239956166e-17,0.2147606457374682,0.29598898781615474,-4272002.387642149
2025-06-16 19:00:00,0.0,0.19518491001402113,0.29596990909527715,-4674308.214651821
2025-06-16 20:00:00,0.0,0.2648277422152065,0.29595078614633114,-4506079.3021934675
2025-06-16 21:00:00,0.0,0.28418852001594147,0.2959316189791546,-4604964.521545803
2025-06-16 22:00:00,0.0,0.2609558872117671,0.2959124076036083,-4875475.604539465
2025-06-16 23:00:00,0.0,0.29226284442606415,0.2958931520295758,-4675463.592837918
2025-06-17 00:00:00,0.0,0.22144073254192395,0.2958738522669632,-4918030.052742239
2025-06-17 01:00:00,0.0,0.2727047467424995,0.2958545083256996,-4888167.373219365
2025-06-17 02:00:00,0.0,0.24993684016699758,0.2958351202157365,-4790272.558069985
2025-06-17 03:00:00,0.0,0.25545296633211695,0.29581568794704843,-5052314.010380317
2025-06-17 04:00:00,0.0,0.28446847386951646,0.2957962115296325,-4616931.866188555
2025-06-17 05:00:00,0.0,0.25559098470943176,0.2957766909735085,-4629661.646320164
2025-06-17 06:00:00,0.0,0.25235643978847416,0.29575712628871903,-4453910.31645416
2025-06-17 07:00:00,0.20677829691970828,0.28301101281973906,0.2957375174853293,-4492744.254848326
2025-06-17 08:00:00,0.3994649946216311,0.2506985447040533,0.29571786457342725,-4723798.417291922
2025-06-17 09:00:00,0.5649288130872061,0.20546659801520797,0.29569816756312345,-4123631.041727237
2025-06-17 10:00:00,0.6918936665298934,0.23665858575869497,0.2956784264645514,-4128960.0906893825
2025-06-17 11:00:00,0.7717071100069145,0.22395047751628966,0.29565864128786695,-3845913.9898689045
2025-06-17 12:00:00,0.7989299892432622,0.2044238992892771,0.29563881204324877,-4002194.427786612
2025-06-17 13:00:00,0.7717071100069145,0.28254538166527055,0.29561893874089834,-3948424.191223993
2025-06-17 14:00:00,0.6918936665298935,0.2544550476762938,0.29559902139103955,-3870190.327247374
2025-06-17 15:00:00,0.5649288130872062,0.2571918341488258,0.29557906000391915,-3996523.4914069963
2025-06-17 16:00:00,0.3994649946216311,0.19075698799339774,0.29555905458980647,-4069408.731091506
2025-06-17 17:00:00,0.2067782969197085,0.287982399937708,0.29553900515899345,-4247303.933447785
2025-06-17 18:00:00,9.784070540695904e-17,0.21196575460533204,0.2955189117217948,-4452650.249787553
2025-06-17 19:00:00,0.0,0.2573127853380913,0.2954987742885477,-4422183.405317679
2025-06-17 20:00:00,0.0,0.21083660812543828,0.29547859286961203,-4327460.234516109
2025-06-17 21:00:00,0.0,0.21022894500061465,0.2954583674753704,-4369750.007387765
2025-06-17 22:00:00,0.0,0.28832353450777326,0.29543809811622795,-4794946.40636298
2025-06-17 23:00:00,0.0,0.2749445033168149,0.29541778480261244,-4800168.285360211
2025-06-18 00:00:00,0.0,0.2686191787041959,0.2953974275449742,-4679063.311582906
2025-06-18 01:00:00,0.0,0.21389363416783805,0.2953770263537864,-4663643.716617905
2025-06-18 02:00:00,0.0,0.21127466846753393,0.2953565812395444,-4754385.778590504
2025-06-18 03:00:00,0.0,0.19793101962140983,0.2953360922127665,-4510137.26565724
2025-06-18 04:00:00,0.0,0.2139015747955987,0.2953155592839935,-4591630.407101184
2025-06-18 05:00:00,0.0,0.2221847645485195,0.2952949824637887,-4644133.022380115
2025-06-18 06:00:00,0.0,0.22613292575668537,0.2952743617627382,-4621385.323487541
2025-06-18 07:00:00,0.20689325896101482,0.279301533663761,0.29525369719145034,-4173631.0238458132
2025-06-18 08:00:00,0.3996870842311129,0.2799465778095652,0.2952329887605563,-4254900.505813012
2025-06-18 09:00:00,0.5652428952249974,0.27767209942483234,0.29521223648070977,-4378138.266331004
2025-06-18 10:00:00,0.692278337017349,0.19840166819905422,0.29519144036258693,-3899988.7644829373
2025-06-18 11:00:00,0.7721361541860123,0.23365724601469184,0.2951706004168865,-4217578.119276082
2025-06-18 12:00:00,0.7993741684622258,0.28982404029407716,0.2951497166543299,-4101603.4773064083
2025-06-18 13:00:00,0.7721361541860123,0.29277097104819155,0.2951287890856608,-4671221.543281971
2025-06-18 14:00:00,0.6922783370173491,0.21058792229771867,0.29510781772164585,-4094568.8417959674
2025-06-18 15:00:00,0.5652428952249975,0.2646479769505277,0.2950868025730738,-4257748.263352125
2025-06-18 16:00:00,0.3996870842311129,0.2472643504320346,0.29506574365075616,-3964881.1958569316
2025-06-18 17:00:00,0.20689325896101504,0.2890014677869506,0.2950446409655268,-4425558.813388224
2025-06-18 18:00:00,9.78951016728342e-17,0.2465603891366474,0.2950234945282424,-4606250.395576025
2025-06-18 19:00:00,0.0,0.23029114726893707,0.2950023043497818,-4413873.701015034
2025-06-18 20:00:00,0.0,0.27163406392923056,0.2949810704410466,-4582875.819394429
2025-06-18 21:00:00,0.0,0.2101104094381355,0.2949597928129607,-4617133.027942009
2025-06-18 22:00:00,0.0,0.21365243342279078,0.2949384714764706,-4829631.976565827
2025-06-18 23:00:00,0.0,0.20366589523002832,0.29491710644254526,-4503318.490095014
2025-06-19 00:00:00,0.0,0.20357557037578458,0.2948956977221762,-4479286.551803093
2025-06-19 01:00:00,0.0,0.19479226098493838,0.29487424532637735,-4680236.119330694
2025-06-19 02:00:00,0.0,0.26208867686776155,0.29485274926618504,-4866358.238156625
2025-06-19 03:00:00,0.0,0.24251846879883704,0.2948312095526582,-4845702.010199071
2025-06-19 04:00:00,0.0,0.2586894031211926,0.29480962619687806,-4769793.938947122
2025-06-19 05:00:00,0.0,0.2452509538613029,0.29478799920994847,-4599244.328337095
2025-06-19 06:00:00,0.0,0.19844692591798166,0.29476632860299556,-4529933.547554721
2025-06-19 07:00:00,0.2069775915321035,0.2421893009455072,0.29474461438716815,-4209547.7621456785
2025-06-19 08:00:00,0.39985000224793665,0.18518813041819984,0.2947228565736371,-4350454.517226235
2025-06-19 09:00:00,0.5654732960939446,0.27939085518093487,0.2947010551735961,-4299556.614428535
2025-06-19 10:00:00,0.6925605192999562,0.19568005016251377,0.29467921019826115,-4359054.361008679
2025-06-19 11:00:00,0.7724508876260482,0.26607687147765063,0.2946573216588705,-4435314.738906858
2025-06-19 12:00:00,0.7997000044958734,0.2710039946392675,0.29463538956668484,-4098483.857085725
2025-06-19 13:00:00,0.7724508876260482,0.266306835527961,0.2946134139329875,-4178527.9777278784
2025-06-19 14:00:00,0.6925605192999562,0.22619436347262273,0.294591394769084,-4087091.605766287
2025-06-19 15:00:00,0.5654732960939447,0.2501416700913308,0.2945693320863024,-3776211.4076036587
2025-06-19 16:00:00,0.39985000224793665,0.22867050743759595,0.29454722589599297,-4167876.479932404
2025-06-19 17:00:00,0.2069775915321037,0.1951400904646692,0.29452507620952845,-4071524.081585928
2025-06-19 18:00:00,9.793500507839953e-17,0.2463558138870577,0.294502883038304,-4322085.004157847
2025-06-19 19:00:00,0.0,0.2817133113164123,0.2944806463937371,-4588885.817562744
2025-06-19 20:00:00,0.0,0.23225860657715047,0.2944583662872677,-4258300.317182769
2025-06-19 21:00:00,0.0,0.2697792962376404,0.29443604273035795,-4440881.098599758
2025-06-19 22:00:00,0.0,0.18439449360222152,0.29441367573449234,-4542888.085654027
2025-06-19 23:00:00,0.0,0.21961923710930814,0.29439126531117793,-4473550.411628482
2025-06-20 00:00:00,0.0,0.1949816531109261,0.2943688114719439,-4757920.124168827
2025-06-20 01:00:00,0.0,0.19459776456283892,0.29434631422834195,-4537408.468861386
2025-06-20 02:00:00,0.0,0.19217839750309926,0.2943237735919459,-5323304.482119884
2025-06-20 03:00:00,0.0,0.264378328908472,0.294301189574352,-4770799.037106142
2025-06-20 04:00:00,0.0,0.22403992758510125,0.29427856218717885,-4650349.059905786
2025-06-20 05:00:00,0.0,0.2663455708910495,0.2942558914420674,-4423122.85586612
2025-06-20 06:00:00,0.0,0.20624252167292748,0.2942331773506807,-4367271.080228023
2025-06-20 07:00:00,0.20703126964341348,0.22427796481712375,0.2942104199247044,-4377820.145770554
2025-06-20 08:00:00,0.39995370039597816,0.204257626609304,0.2941876191758462,-4325271.864285487
2025-06-20 09:00:00,0.5656199474212978,0.28793162667319216,0.2941647751158361,-4348253.537172136
2025-06-20 10:00:00,0.6927401297610148,0.19278593498438096,0.29414188775642663,-4321290.5053029
2025-06-20 11:00:00,0.7726512170647114,0.26133265530787125,0.29411895710939223,-4121813.2688379865
2025-06-20 12:00:00,0.7999074007919564,0.20164908152077757,0.2940959831865299,-4485772.908092367
2025-06-20 13:00:00,0.7726512170647114,0.2659107826290114,0.2940729659996588,-4000726.0416303035
2025-06-20 14:00:00,0.692740129761015,0.22723888038179513,0.29404990556062033,-4042232.552928821
2025-06-20 15:00:00,0.565619947421298,0.22260443339526742,0.29402680188127817,-4225373.098448512
2025-06-20 16:00:00,0.39995370039597816,0.2673006011579986,0.2940036549735182,-4547507.730716963
2025-06-20 17:00:00,0.2070312696434137,0.26999097096008945,0.2939804648492486,-4304753.509046995
2025-06-20 18:00:00,9.796040379941485e-17,0.18821658967270008,0.29395723152039976,-4401619.465659787
2025-06-20 19:00:00,0.0,0.25768025725539717,0.29393395499892433,-4587697.245676174
2025-06-20 20:00:00,0.0,0.22953044373579037,0.2939106352967971,-4508589.572724618
2025-06-20 21:00:00,0.0,0.23611542664460708,0.29388727242601514,-4658585.147786424
2025-06-20 22:00:00,0.0,0.2687364579930766,0.2938638663985977,-4594624.734405095
2025-06-20 23:00:00,0.0,0.2175402923945868,0.2938404172265862,-4716156.406431831
2025-06-21 00:00:00,0.0,0.18728906438693294,0.2938169249220444,-4721921.820195015
2025-06-21 01:00:00,0.0,0.2709402277282128,0.2937933894970581,-4604568.885471321
2025-06-21 02:00:00,0.0,0.18222267111913232,0.2937698109637353,-4964350.336923866
2025-06-21 03:00:00,0.0,0.2746473809416339,0.2937461893342062,-4921345.833161945
2025-06-21 04:00:00,0.0,0.2758918937203147,0.29372252462062326,-4728588.528713281
2025-06-21 05:00:00,0.0,0.21303863601150866,0.29369881683516097,-4497638.441982941
2025-06-21 06:00:00,0.0,0.28137289724494025,0.293675065990016,-4394478.682854947
2025-06-21 07:00:00,0.20705427738896193,0.27540739791777713,0.2936512720974073,-4482665.289594156
2025-06-21 08:00:00,0.399998147947238,0.2284018176882501,0.2936274351695758,-4247155.001326944
2025-06-21 09:00:00,0.5656828057511037,0.20442954423763152,0.2936035552187847,-4272705.108711998
2025-06-21 10:00:00,0.6928171151780689,0.25355708092651535,0.2935796322573192,-3805787.9667528044
2025-06-21 11:00:00,0.7727370831400657,0.28073392605886577,0.2935556662974867,-3896140.479805159
2025-06-21 12:00:00,0.7999962958944761,0.18849192929876055,0.29353165735161685,-4296276.269478974
2025-06-21 13:00:00,0.7727370831400657,0.21884361198683902,0.2935076054320612,-4103451.602977582
2025-06-21 14:00:00,0.692817115178069,0.28378509855424655,0.29348351055119354,-4054145.3704492156
2025-06-21 15:00:00,0.5656828057511037,0.2137229567461224,0.2934593727214096,-4303664.046705584
2025-06-21 16:00:00,0.399998147947238,0.2530679170431555,0.29343519195512746,-3994547.996629927
2025-06-21 17:00:00,0.20705427738896215,0.2597099616187965,0.2934109682647871,-4282005.001373779
2025-06-21 18:00:00,9.79712903096909e-17,0.21491422864285797,0.29338670166285064,-4304048.21167762
2025-06-21 19:00:00,0.0,0.20052929191849803,0.2933623921618022,-4316173.302127791
2025-06-21 20:00:00,0.0,0.24274369601508752,0.29333803977414824,-4234591.996239279
2025-06-21 21:00:00,0.0,0.25319000543188125,0.2933136445124169,-4568953.234712588
2025-06-21 22:00:00,0.0,0.1974653221322557,0.2932892063891587,-4610837.489725241
2025-06-21 23:00:00,0.0,0.24740683787033768,0.29326472541694587,-4367406.866237445
2025-06-22 00:00:00,0.0,0.2499306879625326,0.2932402016083731,-5002120.784087373
2025-06-22 01:00:00,0.0,0.24091792506599255,0.2932156349760568,-4858588.619798293
2025-06-22 02:00:00,0.0,0.26293898359102125,0.29319102553263554,-4773778.987139522
2025-06-22 03:00:00,0.0,0.18423085935814734,0.29316637329076994,-4863064.227017042
2025-06-22 04:00:00,0.0,0.261953143154064,0.29314167826314247,-4314749.557360922
2025-06-22 05:00:00,0.0,0.22284719647572476,0.29311694046245784,-4138184.706595966
2025-06-22 06:00:00,0.0,0.20708138911040322,0.29309215990144266,-4455740.225692122
2025-06-22 07:00:00,0.2070466079510573,0.20577181113145226,0.29306733659284545,-4558754.85615158
2025-06-22 08:00:00,0.3999833317309476,0.21540834858567395,0.2930424705494368,-4155480.7267023027
2025-06-22 09:00:00,0.5656618524570828,0.24343543535547496,0.2930175617840094,-4308396.004518257
2025-06-22 10:00:00,0.6927914527386778,0.22156474397634954,0.29299261030937773,-4186710.2762436243
2025-06-22 11:00:00,0.7727084604081402,0.22425711363904757,0.29296761613837835,-4032821.431754914
2025-06-22 12:00:00,0.7999666634618952,0.26008850265343225,0.29294257928386974,-4129464.3557685213
2025-06-22 13:00:00,0.7727084604081402,0.24471003184537377,0.2929174997587323,-4065042.541501392
2025-06-22 14:00:00,0.6927914527386779,0.19485898652073763,0.2928923775758686,-4084680.3246283014
2025-06-22 15:00:00,0.5656618524570829,0.22475315894589842,0.2928672127482029,-4016506.051696135
2025-06-22 16:00:00,0.3999833317309476,0.2659329977390103,0.2928420052886815,-4133129.4104006933
2025-06-22 17:00:00,0.20704660795105753,0.24650159830117113,0.29281675521027256,-4073721.0895098173
2025-06-22 18:00:00,9.796766138331978e-17,0.20044162626938766,0.29279146252596633,-4658596.818023233
2025-06-22 19:00:00,0.0,0.22651957378617285,0.2927661272487748,-4679717.496230033
2025-06-22 20:00:00,0.0,0.19131964716987623,0.2927407493917321,-4127362.392151829
2025-06-22 21:00:00,0.0,0.27733343828155366,0.29271532896789393,-4795108.031591129
2025-06-22 22:00:00,0.0,0.20073917823028853,0.2926898659903382,-4717250.89711997
2025-06-22 23:00:00,0.0,0.2470467425225517,0.29266436047216454,-4533083.441187327
2025-06-23 00:00:00,0.0,0.23347368170958532,0.29263881242649453,-4858835.694033438
2025-06-23 01:00:00,0.0,0.22784368243723813,0.29261322186647165,-4497794.552354558
2025-06-23 02:00:00,0.0,0.23381457064485509,0.29258758880526115,-4574866.359556234
2025-06-23 03:00:00,0.0,0.2770061463547374,0.29256191325605024,-4859868.77865591
2025-06-23 04:00:00,0.0,0.18135373011015132,0.292536195232048,-4570225.175122679
2025-06-23 05:00:00,0.0,0.17776189997193964,0.29251043474648525,-4402660.253720936
2025-06-23 06:00:00,0.0,0.1845203111529696,0.29248463181261475,-4169662.0746283447
2025-06-23 07:00:00,0.20700826360231953,0.20245738503591268,0.2924587864437111,-4430743.332414888
2025-06-23 08:00:00,0.39990925613747147,0.24109857841326177,0.2924328986530707,-4763319.115218947
2025-06-23 09:00:00,0.565557093748148,0.2775278672927816,0.29240696845401176,-4281141.931315339
2025-06-23 10:00:00,0.6926631500471765,0.2597977485946832,0.29238099585987437,-4345173.789374712
2025-06-23 11:00:00,0.7725653573504676,0.24252418652927135,0.29235498088402034,-3900628.030234776
2025-06-23 12:00:00,0.799818512274943,0.17520833237596029,0.2923289235398333,-3874261.735937933
2025-06-23 13:00:00,0.7725653573504676,0.26797816274706054,0.29230282384071876,-4332851.360388731
2025-06-23 14:00:00,0.6926631500471765,0.19110365224147982,0.29227668180010397,-4040522.695060325
2025-06-23 15:00:00,0.5655570937481481,0.20512570739847144,0.292250497431438,-4391148.252995948
2025-06-23 16:00:00,0.39990925613747147,0.24877621761895424,0.2922242707481915,-4159047.9001490553
2025-06-23 17:00:00,0.20700826360231975,0.26961484480920217,0.29219800176385724,-4409722.869569117
2025-06-23 18:00:00,9.79495180956307e-17,0.2272439386301583,0.29217169049194947,-4267911.776866236
2025-06-23 19:00:00,0.0,0.2145584275552635,0.2921453369460043,-4736999.716065718
2025-06-23 20:00:00,0.0,0.2368558308310321,0.29211894113957954,-4470863.578258115
2025-06-23 21:00:00,0.0,0.20719326312971686,0.2920925030862548,-4589852.514364543
2025-06-23 22:00:00,0.0,0.1789022531776708,0.29206602279963134,-4511685.752449816
2025-06-23 23:00:00,0.0,0.22393964006974051,0.2920395002933323,-4849401.412215278
2025-06-24 00:00:00,0.0,0.18668016168177107,0.2920129355810024,-4279030.380190442
2025-06-24 01:00:00,0.0,0.25167015705207746,0.2919863286763081,-4864516.507378734
2025-06-24 02:00:00,0.0,0.24672391849718633,0.2919596795929376,-4932033.691259255
2025-06-24 03:00:00,0.0,0.2513237831855272,0.2919329883446008,-4488588.832060065
2025-06-24 04:00:00,0.0,0.25456090914167706,0.2919062549450292,-4876159.922082471
2025-06-24 05:00:00,0.0,0.22975318951897714,0.2918794794079762,-4523366.970049654
2025-06-24 06:00:00,0.0,0.2571896916434151,0.29185266174721664,-4143449.0159164453
2025-06-24 07:00:00,0.20693925570500668,0.2114247931074843,0.2918258019765472,-4552615.433021892
2025-06-24 08:00:00,0.3997759431170067,0.21959576661500446,0.29179890010978604,-4504076.312984534
2025-06-24 09:00:00,0.5653685606665658,0.20103803525694194,0.29177195616077317,-4398020.066925921
2025-06-24 10:00:00,0.6924322451224211,0.19272696305526482,0.2917449701433702,-3834943.7415573266
2025-06-24 11:00:00,0.7723078163715726,0.18557044135356046,0.2917179420714603,-4066087.7444107803
2025-06-24 12:00:00,0.7995518862340134,0.2142694957551562,0.29169087195894833,-4256283.703922331
2025-06-24 13:00:00,0.7723078163715726,0.22929020674566336,0.2916637598197608,-4331038.150653657
2025-06-24 14:00:00,0.6924322451224212,0.22356252544009786,0.29163660566784577,-4358278.15616031
2025-06-24 15:00:00,0.5653685606665659,0.2035231790611793,0.291609409517173,-4250170.896000398
2025-06-24 16:00:00,0.3997759431170067,0.2077678161832523,0.29158217138173387,-4201329.262631561
2025-06-24 17:00:00,0.2069392557050069,0.18877836846245782,0.2915548912755412,-4446645.008965547
2025-06-24 18:00:00,9.791686582287132e-17,0.19027511195259345,0.29152756921262957,-4301184.505091739
2025-06-24 19:00:00,0.0,0.25598775614041264,0.29150020520705505,-4398614.567084471
2025-06-24 20:00:00,0.0,0.18202961341076931,0.29147279927289543,-4625433.099316989
2025-06-24 21:00:00,0.0,0.205915564021977,0.2914453514242498,-4700772.4629968265
2025-06-24 22:00:00,0.0,0.20969509170702036,0.29141786167523914,-4325582.583534717
2025-06-24 23:00:00,0.0,0.21596914376602216,0.29139033004000564,-4851743.107173818
2025-06-25 00:00:00,0.0,0.2673983166235651,0.29136275653271343,-5099867.599099186
2025-06-25 01:00:00,0.0,0.2587134291933929,0.2913351411675479,-4780418.761080973
2025-06-25 02:00:00,0.0,0.2562189595202271,0.2913074839587159,-4773772.854596906
2025-06-25 03:00:00,0.0,0.2565755573445151,0.2912797849204461,-4749568.461919125
2025-06-25 04:00:00,0.0,0.23575208711672974,0.2912520440669885,-4912929.1250499785
2025-06-25 05:00:00,0.0,0.18623682172838885,0.29122426141261476,-4622044.479122404
2025-06-25 06:00:00,0.0,0.19329726258774152,0.29119643697161773,-4394926.895385543
2025-06-25 07:00:00,0.20683960470764806,0.18010984215379466,0.29116857075831215,-4442763.814218697
2025-06-25 08:00:00,0.39958343217307846,0.2256629144156456,0.29114066278703404,-4413531.389539468
2025-06-25 09:00:00,0.5650963090787572,0.2057554834071921,0.2911127130721408,-4178553.9447743013
2025-06-25 10:00:00,0.6920988063865243,0.21372489766942265,0.29108472162801163,-4132164.3535872176
2025-06-25 11:00:00,0.7719359137864055,0.21090123848933723,0.29105668846904686,-4272250.775986103
2025-06-25 12:00:00,0.7991668643461569,0.1963982678051029,0.29102861360966853,-4095943.40152337
2025-06-25 13:00:00,0.7719359137864055,0.2601999831148953,0.2910004970643199,-3810346.026184748
2025-06-25 14:00:00,0.6920988063865243,0.2050093772101417,0.2909723388474659,-4168946.17806052
2025-06-25 15:00:00,0.5650963090787573,0.2029482445024451,0.29094413897359284,-4378528.900193019
2025-06-25 16:00:00,0.39958343217307846,0.2666081265293176,0.29091589745720825,-4368133.942365819
2025-06-25 17:00:00,0.20683960470764828,0.17317785860052712,0.29088761431284144,-4425049.549452686
2025-06-25 18:00:00,9.786971424061481e-17,0.26771183791581205,0.2908592895550429,-4328351.209554038
2025-06-25 19:00:00,0.0,0.24630768963490646,0.29083092319838455,-4483630.156546309
2025-06-25 20:00:00,0.0,0.20926254081688395,0.29080251525745976,-4564306.380388725
2025-06-25 21:00:00,0.0,0.25005665504742597,0.29077406574688325,-4579013.036976136
2025-06-25 22:00:00,0.0,0.18992602673306944,0.2907455746812912,-5007301.257150107
2025-06-25 23:00:00,0.0,0.25398060886120544,0.29071704207534105,-4704829.6246600645
2025-06-26 00:00:00,0.0,0.2247521086555563,0.2906884679437118,-4997481.383987035
2025-06-26 01:00:00,0.0,0.19512814645396295,0.2906598523011036,-5055412.759007629
2025-06-26 02:00:00,0.0,0.25318908177090077,0.290631195162238,-4980270.782741062
2025-06-26 03:00:00,0.0,0.19632529390913644,0.29060249654185805,-4575788.492737781
2025-06-26 04:00:00,0.0,0.17843962504115046,0.29057375645472805,-4434118.744944849
2025-06-26 05:00:00,0.0,0.22828604990012902,0.2905449749156335,-4752241.410622812
2025-06-26 06:00:00,0.0,0.19779933403561664,0.2905161519393816,-4488032.996291939
2025-06-26 07:00:00,0.20670934013898484,0.25900296705936393,0.2904872875408003,-4209348.818268867
2025-06-26 08:00:00,0.399331780350834,0.2240220724264274,0.29045838173473926,-4219684.618470333
2025-06-26 09:00:00,0.5647404196587432,0.19964155739793468,0.29042943453606945,-4349962.231920806
2025-06-26 10:00:00,0.6916629326445796,0.254143637066069,0.29040044595968306,-4183637.0330051584
2025-06-26 11:00:00,0.7714497597977282,0.22843134989653943,0.29037141602049343,-4150267.197012234
2025-06-26 12:00:00,0.7986635607016681,0.23313486811396053,0.2903423447334354,-3908276.391400083
2025-06-26 13:00:00,0.7714497597977282,0.1793632508488519,0.29031323211346494,-4282789.185318327
2025-06-26 14:00:00,0.6916629326445797,0.20486140560492816,0.2902840781755594,-4333725.5118295355
2025-06-26 15:00:00,0.5647404196587433,0.26267688199198225,0.2902548829347171,-4292796.9034943795
2025-06-26 16:00:00,0.399331780350834,0.21173580469946826,0.29022564640595805,-3944828.631751335
2025-06-26 17:00:00,0.20670934013898506,0.1985067370238598,0.29019636860432313,-3955565.6810031645
2025-06-26 18:00:00,9.780807732089256e-17,0.16762419009918558,0.29016704954487466,-4291708.646329779
2025-06-26 19:00:00,0.0,0.23115078114398324,0.2901376892426961,-4180251.9179926277
2025-06-26 20:00:00,0.0,0.17189092796389643,0.29010828771289215,-4228997.135452074
2025-06-26 21:00:00,0.0,0.1947192478518129,0.2900788449705888,-4566253.3411663575
2025-06-26 22:00:00,0.0,0.18078986018200624,0.290049361030933,-4545069.431643111
2025-06-26 23:00:00,0.0,0.2561555195422642,0.2900198359090931,-4545454.311336425
2025-06-27 00:00:00,0.0,0.22368817678587846,0.2899902696202586,-4786652.838561748
2025-06-27 01:00:00,0.0,0.2544891754807368,0.2899606621796403,-4940027.323721801
2025-06-27 02:00:00,0.0,0.21812347556500788,0.2899310136024698,-4892573.040611134
2025-06-27 03:00:00,0.0,0.24495164235513284,0.2899013239040003,-4613406.78649163
2025-06-27 04:00:00,0.0,0.21866340228985456,0.28987159309950594,-4995403.444786267
2025-06-27 05:00:00,0.0,0.21048926708633997,0.2898418212042819,-4913770.037781708
2025-06-27 06:00:00,0.0,0.24804260241070888,0.2898120082336448,-4661688.182139303
2025-06-27 07:00:00,0.20654850059922003,0.2041559326439754,0.289782154202932,-4463546.795044076
2025-06-27 08:00:00,0.3990210622201395,0.233996460220785,0.2897522591275024,-4289527.673280942
2025-06-27 09:00:00,0.5643009978642398,0.2187167202808466,0.2897223230227357,-4169245.2627796093
2025-06-27 10:00:00,0.6911247530553839,0.21146537486480846,0.28969234590403287,-4365991.510428351
2025-06-27 11:00:00,0.77084949846346,0.234753252667485,0.28966232778681594,-4114703.209696529
2025-06-27 12:00:00,0.7980421244402791,0.16498171110703863,0.289632268686528,-3953628.7070391066
2025-06-27 13:00:00,0.77084949846346,0.20243267520336836,0.28960216861863325,-4046927.1898205755
2025-06-27 14:00:00,0.691124753055384,0.24962237759872902,0.28957202759861705,-3906825.6688657883
2025-06-27 15:00:00,0.5643009978642399,0.23945763076628,0.28954184564198565,-4463090.623158461
2025-06-27 16:00:00,0.3990210622201395,0.24417270787492926,0.28951162276426645,-4054000.7228159187
2025-06-27 17:00:00,0.20654850059922025,0.21705687869757465,0.28948135898100796,-4450249.091664315
2025-06-27 18:00:00,9.773197332805416e-17,0.172765064257572,0.2894510543077796,-4293123.412881771
2025-06-27 19:00:00,0.0,0.18353311460088564,0.2894207087601721,-4456656.699340763
2025-06-27 20:00:00,0.0,0.22137001338078469,0.2893903223537968,-4538230.090952784
2025-06-27 21:00:00,0.0,0.24730069245005226,0.28935989510428645,-4642185.501226025
2025-06-27 22:00:00,0.0,0.17109080586557499,0.28932942702729453,-4879540.557014683
2025-06-27 23:00:00,0.0,0.18531681729064373,0.28929891813849573,-4431416.02082377
2025-06-28 00:00:00,0.0,0.25063297413625046,0.28926836845358556,-4681037.422412866
2025-06-28 01:00:00,0.0,0.21041368252918105,0.2892377779882807,-4971904.353277318
2025-06-28 02:00:00,0.0,0.22548101362000533,0.2892071467583187,-4846228.945917147
2025-06-28 03:00:00,0.0,0.20518178324333192,0.289176474779458,-4492822.550344669
2025-06-28 04:00:00,0.0,0.2547691370642217,0.2891457620674783,-4636633.489597887
2025-06-28 05:00:00,0.0,0.24624881760722592,0.28911500863817985,-4246123.062796732
2025-06-28 06:00:00,0.0,0.1768928430377156,0.2890842145073842,-4613172.1547491355
2025-06-28 07:00:00,0.20635713374858053,0.23499861356934676,0.2890533796909336,-4583660.625483486
2025-06-28 08:00:00,0.3986513698534828,0.18772659424164637,0.28902250420469133,-4341721.412301047
2025-06-28 09:00:00,0.5637781739054083,0.1999997374777591,0.28899158806454167,-4103724.7489771056
2025-06-28 10:00:00,0.6904844270931642,0.17587960594143937,0.2889606312863897,-4116269.4050609902
2025-06-28 11:00:00,0.7701353076539889,0.239711904959658,0.2889296338861614,-4418282.38282071
2025-06-28 12:00:00,0.7973027397069657,0.1907145753654264,0.2888985958798037,-4130821.184560667
2025-06-28 13:00:00,0.7701353076539889,0.1839116068219462,0.2888675172832844,-3982015.0313320262
2025-06-28 14:00:00,0.6904844270931643,0.2417706029216974,0.28883639811259226,-3933870.198062465
2025-06-28 15:00:00,0.5637781739054083,0.22567354779992402,0.28880523838373684,-4407041.6594528565
2025-06-28 16:00:00,0.3986513698534828,0.2147265618482593,0.2887740381127485,-3859233.203350964
2025-06-28 17:00:00,0.20635713374858075,0.24769803049726513,0.28874279731567853,-4120186.7657241533
2025-06-28 18:00:00,9.764142481335509e-17,0.2037670871654506,0.28871151600859907,-4446126.346774051
2025-06-28 19:00:00,0.0,0.2318634242894704,0.28868019420760316,-4410535.281232368
2025-06-28 20:00:00,0.0,0.18995943053373557,0.28864883192880453,-4341993.195929313
2025-06-28 21:00:00,0.0,0.16870779854847226,0.2886174291883379,-4896126.337951002
2025-06-28 22:00:00,0.0,0.16986756390050758,0.2885859860023587,-4724205.7234987635
2025-06-28 23:00:00,0.0,0.20415777467083326,0.2885545023870431,-4653818.129407512
2025-06-29 00:00:00,0.0,0.1623715029550324,0.2885229783585882,-4589001.209583689
2025-06-29 01:00:00,0.0,0.24301529389543636,0.2884914139332119,-4701891.646444933
2025-06-29 02:00:00,0.0,0.24435852148572695,0.28845980912715286,-4810653.741315711
2025-06-29 03:00:00,0.0,0.17943503795676172,0.2884281639566703,-5090287.603028082
2025-06-29 04:00:00,0.0,0.2091725459503808,0.2883964784380446,-4705110.996395855
2025-06-29 05:00:00,0.0,0.23023683642808546,0.28836475258757654,-4479325.00961491
2025-06-29 06:00:00,0.0,0.1973574310876062,0.2883329864215879,-4393335.6818823535
2025-06-29 07:00:00,0.20613529629319413,0.1670939477196345,0.28830117995642107,-4273955.711653715
2025-06-29 08:00:00,0.3982228127986909,0.22075006370300185,0.2882693332084391,-4383778.655970026
2025-06-29 09:00:00,0.5631721027062707,0.24091904169243877,0.28823744619402597,-4342404.254673629
2025-06-29 10:00:00,0.6897421445003225,0.23111267273726926,0.28820551892958635,-4038699.1706411485
2025-06-29 11:00:00,0.769307398999465,0.1612345718587237,0.2881735514315453,-4086015.7395239323
2025-06-29 12:00:00,0.7964456255973819,0.2266659137329601,0.28814154371634904,-4106060.5383301913
2025-06-29 13:00:00,0.769307398999465,0.1666720832590816,0.28810949580046413,-3973509.3009671695
2025-06-29 14:00:00,0.6897421445003226,0.20615173376530033,0.28807740770037793,-3842336.0272003734
2025-06-29 15:00:00,0.5631721027062708,0.18612969718519193,0.2880452794325986,-4125209.272375231
2025-06-29 16:00:00,0.3982228127986909,0.24422835892071332,0.2880131110136547,-4165494.278739502
2025-06-29 17:00:00,0.20613529629319435,0.18900703232778218,0.28798090246009567,-4265529.47286892
2025-06-29 18:00:00,9.753645860827451e-17,0.1830505414669902,0.2879486537884915,-4597753.174097166
2025-06-29 19:00:00,0.0,0.19838046635040454,0.28791636501543283,-4095401.695674687
2025-06-29 20:00:00,0.0,0.2505852187171511,0.287884036157531,-4227835.443727593
2025-06-29 21:00:00,0.0,0.21450943222109478,0.2878516672314178,-4797774.777198115
2025-06-29 22:00:00,0.0,0.18088701622674067,0.2878192582537458,-4766754.541457431
2025-06-29 23:00:00,0.0,0.15918941335693612,0.28778680924118816,-5209301.249800996
2025-06-30 00:00:00,0.0,0.23599923481068952,0.28775432021043856,-4572290.734562839
2025-06-30 01:00:00,0.0,0.18004434801162475,0.2877217911782113,-4640322.2810194325
2025-06-30 02:00:00,0.0,0.19508174600010003,0.28768922216124126,-4735444.699761382
2025-06-30 03:00:00,0.0,0.23864594758150132,0.2876566131762839,-4595615.178706065
2025-06-30 04:00:00,0.0,0.21316297820576105,0.2876239642401151,-4628991.796337611
2025-06-30 05:00:00,0.0,0.18796140133074876,0.2875912753695317,-4720118.554548777
2025-06-30 06:00:00,0.0,0.22934025497117635,0.2875585465813506,-4666406.793742247
2025-06-30 07:00:00,0.20588305396828654,0.20493910205850624,0.2875257778924096,-4451387.214556525
2025-06-30 08:00:00,0.39773551804646806,0.17364573368182284,0.28749296931956664,-4364615.762284149
2025-06-30 09:00:00,0.562482963858804,0.19536801572095958,0.2874601208797007,-4466064.5268258415
2025-06-30 10:00:00,0.6888981252312107,0.17062057907902672,0.28742723258971076,-3951654.386192543
2025-06-30 11:00:00,0.7683660178270907,0.18464622508401665,0.28739430446651665,-3654278.649233523
2025-06-30 12:00:00,0.7954710360929362,0.2368659479885394,0.28736133652705853,-4240810.0801958
2025-06-30 13:00:00,0.7683660178270907,0.1813985320679369,0.2873283287882971,-4234647.367288223
2025-06-30 14:00:00,0.6888981252312109,0.20551502296265164,0.2872952812672135,-4134861.863595635
2025-06-30 15:00:00,0.5624829638588041,0.21477482563101433,0.2872621939808094,-4271504.072313408
2025-06-30 16:00:00,0.39773551804646806,0.23060703100509697,0.2872290669461067,-4153949.2695790026
2025-06-30 17:00:00,0.20588305396828677,0.18583364674414657,0.2871959001801482,-4129654.5952977855
2025-06-30 18:00:00,9.741710581656431e-17,0.1861866907590533,0.28716269369999664,-4136744.6589255966
2025-06-30 19:00:00,0.0,0.15588916674294964,0.28712944752273556,-4198542.628762829
2025-06-30 20:00:00,0.0,0.197610110312982,0.28709616166546875,-4395564.398758401
2025-06-30 21:00:00,0.0,0.19743136713345985,0.28706283614532047,-4678856.580549771
2025-06-30 22:00:00,0.0,0.2011093271752846,0.28702947097943526,-4562913.866806223
2025-06-30 23:00:00,0.0,0.2272626850823775,0.28699606618497825,-4823735.765469737
2025-07-01 00:00:00,0.0,0.19543401105939825,0.2869626217791349,-4874066.745767005
2025-07-01 01:00:00,0.0,0.18974716614914042,0.2869291377791109,-4684863.642839089
2025-07-01 02:00:00,0.0,0.22812310620873527,0.2868956142021325,-5071508.637127673
2025-07-01 03:00:00,0.0,0.20719754588077113,0.28686205106544627,-4823896.607359565
2025-07-01 04:00:00,0.0,0.2425676198844009,0.286828448386319,-4761560.187933171
2025-07-01 05:00:00,0.0,0.1659021232386946,0.28679480618203795,-4281719.838478791
2025-07-01 06:00:00,0.0,0.2318599597581277,0.28676112446991076,-4536211.683058648
2025-07-01 07:00:00,0.20560048151870247,0.22928375675629806,0.2867274032672652,-4424636.221709453
2025-07-01 08:00:00,0.397189629992766,0.21354183614918645,0.2866936425914496,-4357597.693300132
2025-07-01 09:00:00,0.5617109615697212,0.15375766589288975,0.2866598424598324,-4320584.719515784
2025-07-01 10:00:00,0.687952619386954,0.15375080603938845,0.2866260028898024,-4184964.8121335325
2025-07-01 11:00:00,0.7673114430884238,0.21017854878938688,0.2865921238987687,-4245532.998486689
2025-07-01 12:00:00,0.7943792599855322,0.2026500516094817,0.2865582055041607,-3848295.418769991
2025-07-01 13:00:00,0.7673114430884238,0.2221252429288377,0.28652424772342816,-4046181.7622594303
2025-07-01 14:00:00,0.6879526193869541,0.15949479164701352,0.2864902505740408,-4332924.711308438
2025-07-01 15:00:00,0.5617109615697212,0.16798966376771796,0.2864562140734889,-4448104.532860965
2025-07-01 16:00:00,0.397189629992766,0.1567396654930237,0.2864221382392829,-4546045.756666705
2025-07-01 17:00:00,0.2056004815187027,0.1637582603012024,0.28638802308895334,-4169060.6573992027
2025-07-01 18:00:00,9.728340180503252e-17,0.1676824645995077,0.2863538686400512,-4541972.855296177
2025-07-01 19:00:00,0.0,0.23615466582025488,0.28631967491014754,-4625152.828862558
2025-07-01 20:00:00,0.0,0.16687187130883477,0.28628544191683364,-4505836.937688142
2025-07-01 21:00:00,0.0,0.20523796828262847,0.286251169677721,-4351725.331493489
2025-07-01 22:00:00,0.0,0.15707351927355342,0.28621685821044135,-4991872.532998208
2025-07-01 23:00:00,0.0,0.168411500173023,0.28618250753264657,-5212014.117721674
2025-07-02 00:00:00,0.0,0.15237314837629287,0.28614811766200865,-4805827.716607763
2025-07-02 01:00:00,0.0,0.21907204337541705,0.2861136886162198,-4693486.483880979
2025-07-02 02:00:00,0.0,0.19205792898293497,0.28607922041299244,-4609458.728079197
2025-07-02 03:00:00,0.0,0.19520996401668558,0.286044713070059,-4773241.397762787
2025-07-02 04:00:00,0.0,0.2071016782740789,0.28601016660517226,-4980776.209797798
2025-07-02 05:00:00,0.0,0.18316106449046574,0.2859755810361049,-4544757.598105327
2025-07-02 06:00:00,0.0,0.18390076398184735,0.28594095638064976,-4586633.684185796
2025-07-02 07:00:00,0.20528766267675716,0.1758344894439187,0.2859062926566199,-4534651.873633319
2025-07-02 08:00:00,0.3965853103959964,0.20142311571355184,0.2858715898818483,-4413251.2182049025
2025-07-02 09:00:00,0.5608563245999617,0.23150208720698207,0.28583684807418835,-4340305.3752925955
2025-07-02 10:00:00,0.6869059071413395,0.15088312551194136,0.2858020672515132,-3766315.9848438087
2025-07-02 11:00:00,0.7661439872767191,0.17453732174531397,0.2857672474317161,-4588364.189737598
2025-07-02 12:00:00,0.7931706207919929,0.19850711565383336,0.28573238863271067,-4303062.932491018
2025-07-02 13:00:00,0.7661439872767191,0.23598095264765478,0.2856974908724302,-3948885.0746224606
2025-07-02 14:00:00,0.6869059071413396,0.23913030397276658,0.2856625541688282,-3683062.9623046876
2025-07-02 15:00:00,0.5608563245999618,0.21071874409368826,0.2856275785398783,-3852488.356098599
2025-07-02 16:00:00,0.3965853103959964,0.15364797558471052,0.2855925640035739,-4286737.624697872
2025-07-02 17:00:00,0.20528766267675738,0.1649028100282956,0.2855575105779287,-4304786.66423474
2025-07-02 18:00:00,9.713538619306331e-17,0.23001624836481085,0.28552241828097624,-3930330.6207894185
2025-07-02 19:00:00,0.0,0.23458085559958472,0.28548728713077015,-4219643.197578561
2025-07-02 20:00:00,0.0,0.20651027596912772,0.2854521171453839,-4772834.072859595
2025-07-02 21:00:00,0.0,0.19742761577316506,0.285416908342911,-4781065.43878003
2025-07-02 22:00:00,0.0,0.17430883245577602,0.28538166074146515,-4490933.055589202
2025-07-02 23:00:00,0.0,0.230359393265028,0.2853463743591797,-4905294.831033437
2025-07-03 00:00:00,0.0,0.1508883155252313,0.28531104921420813,-5112779.877903008
2025-07-03 01:00:00,0.0,0.22650550006042713,0.28527568532472375,-4698470.364258544
2025-07-03 02:00:00,0.0,0.1643109602189753,0.28524028270891993,-4437833.563426911
2025-07-03 03:00:00,0.0,0.20414701245471517,0.28520484138500984,-4756142.018582103
2025-07-03 04:00:00,0.0,0.20546464146814633,0.28516936137122667,-4567588.136081935
2025-07-03 05:00:00,0.0,0.16399713935806623,0.2851338426858234,-4756249.2228574315
2025-07-03 06:00:00,0.0,0.15133669561478427,0.28509828534707304,-4483385.761532356
2025-07-03 07:00:00,0.2049446901374247,0.23020062935579017,0.28506268937326834,-4026173.606832871
2025-07-03 08:00:00,0.39592273832909797,0.20492816559680274,0.285027054782722,-4459360.6626575375
2025-07-03 09:00:00,0.5599193061969044,0.2096029016074769,0.2849913815937667,-4289704.2940399
2025-07-03 10:00:00,0.6857582986577955,0.1662196948912429,0.28495566982475473,-4287813.410656276
2025-07-03 11:00:00,0.7648639963343292,0.22045121375756815,0.2849199194940584,-4289631.3758482
2025-07-03 12:00:00,0.791845476658196,0.21505483613655507,0.2848841306200699,-4190264.166712613
2025-07-03 13:00:00,0.7648639963343292,0.2149044874746526,0.2848483032212011,-4027189.5130150095
2025-07-03 14:00:00,0.6857582986577956,0.19967860013144334,0.28481243731588374,-4140885.5177073884
2025-07-03 15:00:00,0.5599193061969044,0.1607671472607693,0.28477653292256944,-4248398.921935932
2025-07-03 16:00:00,0.39592273832909797,0.17949530805984923,0.2847405900597295,-4016162.9304256565
2025-07-03 17:00:00,0.20494469013742492,0.17825475778364647,0.2847046087458552,-4503530.882248722
2025-07-03 18:00:00,9.697310284087701e-17,0.16525997692510777,0.28466858899945735,-4004876.377265092
2025-07-03 19:00:00,0.0,0.15569798113895508,0.28463253083906676,-4367351.770590606
2025-07-03 20:00:00,0.0,0.21334913087027868,0.28459643428323383,-4507019.003784902
2025-07-03 21:00:00,0.0,0.19896609169831164,0.28456029935052884,-4859916.754725041
2025-07-03 22:00:00,0.0,0.18219883908006057,0.2845241260595418,-4788443.265600391
2025-07-03 23:00:00,0.0,0.1488643917962196,0.2844879144288823,-4842587.392042262
2025-07-04 00:00:00,0.0,0.22661545938453975,0.2844516644771799,-4615075.611349873
2025-07-04 01:00:00,0.0,0.18904357992624535,0.2844153762230837,-4811286.451190996
2025-07-04 02:00:00,0.0,0.1631975177920289,0.28437904968526245,-5007240.606599926
2025-07-04 03:00:00,0.0,0.20046064251953555,0.28434268488240483,-4972852.193899151
2025-07-04 04:00:00,0.0,0.182756204403292,0.2843062818332191,-5056559.710877866
2025-07-04 05:00:00,0.0,0.18208985856838564,0.284269840556433,-4188790.5522451163
2025-07-04 06:00:00,0.0,0.16518749360733484,0.2842333610707942,-4973238.95420998
2025-07-04 07:00:00,0.2045716655308703,0.2006248134300023,0.28419684339507,-4338833.019438381
2025-07-04 08:00:00,0.3952021101264736,0.1907986445033423,0.2841602875480471,-4522155.346251499
2025-07-04 09:00:00,0.5589001840193245,0.1457224691121421,0.2841236935485322,-4362145.916952575
2025-07-04 10:00:00,0.6845101339974831,0.14618034959605328,0.28408706141535134,-4094600.8952522143
2025-07-04 11:00:00,0.7634718495501949,0.16497900832070267,0.2840503911673503,-3930006.2992517725
2025-07-04 12:00:00,0.7904042202529473,0.22640195876748545,0.2840136828233945,-3962504.742563897
2025-07-04 13:00:00,0.7634718495501949,0.16835800986673807,0.2839769364023688,-4223139.441914977
2025-07-04 14:00:00,0.6845101339974832,0.18375659587154625,0.28394015192317795,-3988247.2893516608
2025-07-04 15:00:00,0.5589001840193245,0.15924527905032684,0.2839033294047459,-4187019.1842072
2025-07-04 16:00:00,0.3952021101264736,0.1891326669809062,0.2838664688660164,-4022935.8803164605
2025-07-04 17:00:00,0.20457166553087053,0.1566132654676736,0.28382957032595274,-4486836.917498421
2025-07-04 18:00:00,9.679659983653315e-17,0.19211150529526796,0.28379263380353775,-4597321.587924801
2025-07-04 19:00:00,0.0,0.16348184441202718,0.28375565931777386,-4422138.3723921785
2025-07-04 20:00:00,0.0,0.19679968306299903,0.28371864688768283,-4732286.794502768
2025-07-04 21:00:00,0.0,0.20251691622221926,0.2836815965323061,-4648934.835503033
2025-07-04 22:00:00,0.0,0.18525056716286348,0.2836445082707046,-4704186.402450641
2025-07-04 23:00:00,0.0,0.1672238017334872,0.2836073821219588,-4901140.01737213
2025-07-05 00:00:00,0.0,0.1990787927037801,0.2835702181051686,-4973303.25183245
2025-07-05 01:00:00,0.0,0.14680053038436017,0.2835330162394533,-4755523.644093112
2025-07-05 02:00:00,0.0,0.17906557489435368,0.28349577654395197,-5147527.488450928
2025-07-05 03:00:00,0.0,0.15052024310531115,0.2834584990378227,-4834422.102638079
2025-07-05 04:00:00,0.0,0.16375516304844723,0.2834211837402434,-4775523.013045626
2025-07-05 05:00:00,0.0,0.1916904474376521,0.2833838306704113,-4684739.8051868845
2025-07-05 06:00:00,0.0,0.18614923269499628,0.283346439847543,-4340223.341132308
2025-07-05 07:00:00,0.20416869939233556,0.20156708880924445,0.28330901129087466,-4538470.21298478
2025-07-05 08:00:00,0.39442363932581226,0.21592233738651403,0.2832715450196617,-4555265.925536542
2025-07-05 09:00:00,0.5577992600551177,0.2001572132746405,0.283234041053179,-4242031.118295445
2025-07-05 10:00:00,0.6831617830185287,0.1902393935900197,0.28319649941072084,-4112631.8865528326
2025-07-05 11:00:00,0.7619679594474533,0.15110722944509808,0.283158920111601,-4100442.50922923
2025-07-05 12:00:00,0.7888472786516245,0.1446385045370741,0.28312130317515244,-4065229.6410857774
2025-07-05 13:00:00,0.7619679594474533,0.19387139683397941,0.28308364862072755,-3949749.116774149
2025-07-05 14:00:00,0.6831617830185288,0.1835310248415914,0.2830459564676981,-3817099.918396525
2025-07-05 15:00:00,0.5577992600551178,0.15494079518582543,0.2830082267354552,-3914804.27418394
2025-07-05 16:00:00,0.39442363932581226,0.22654678806161518,0.2829704594434093,-3995513.6905957595
2025-07-05 17:00:00,0.20416869939233578,0.2066200891278157,0.28293265461099015,-4389364.897970575
2025-07-05 18:00:00,9.660592948168122e-17,0.1476088798415813,0.2828948122576468,-4568253.871115314
2025-07-05 19:00:00,0.0,0.21818677565545236,0.2828569324028476,-4420070.70087243
2025-07-05 20:00:00,0.0,0.17765950837693414,0.28281901506608026,-4792053.55177629
2025-07-05 21:00:00,0.0,0.1750904227361563,0.28278106026685174,-4734737.03804109
2025-07-05 22:00:00,0.0,0.15062184542667417,0.2827430680246882,-4558323.858924944
2025-07-05 23:00:00,0.0,0.20067858065086835,0.2827050383591352,-4314994.82454416
2025-07-06 00:00:00,0.0,0.18566398201596732,0.2826669712897574,-4977500.702621083
2025-07-06 01:00:00,0.0,0.1674178296943695,0.2826288668361388,-5008735.483253825
2025-07-06 02:00:00,0.0,0.20257016650071485,0.2825907250178826,-4893396.784602561
2025-07-06 03:00:00,0.0,0.2194764283549733,0.28255254585461137,-4901776.098817204
2025-07-06 04:00:00,0.0,0.16980361626074134,0.2825143293659666,-4683393.5254704505
2025-07-06 05:00:00,0.0,0.16077364186730536,0.2824760755716092,-4606898.297465001
2025-07-06 06:00:00,0.0,0.14216790191135362,0.28243778449121915,-4379325.168934924
2025-07-06 07:00:00,0.203735911129384,0.20356830201510992,0.28239945614449574,-4439895.776276822
2025-07-06 08:00:00,0.3935875566048128,0.20607811942290616,0.2823610905511574,-4051878.57438717
2025-07-06 09:00:00,0.5566168605318146,0.21121147470364865,0.2823226877309416,-4411862.859183613
2025-07-06 10:00:00,0.6817136452664273,0.18154976633694467,0.28228424770360516,-4139916.516062547
2025-07-06 11:00:00,0.7603527716611986,0.14811518789800684,0.28224577048892385,-4032037.309363329
2025-07-06 12:00:00,0.7871751132096257,0.17886550846046495,0.28220725610669256,-4351817.853806393
2025-07-06 13:00:00,0.7603527716611986,0.163587863826929,0.2821687045767256,-4505913.793283819
2025-07-06 14:00:00,0.6817136452664274,0.2136433257568344,0.28213011591885606,-3986222.782454432
2025-07-06 15:00:00,0.5566168605318146,0.16619350425331794,0.2820914901529362,-3797008.5306767775
2025-07-06 16:00:00,0.3935875566048128,0.18660204159108504,0.2820528272988376,-4311623.046498929
2025-07-06 17:00:00,0.20373591112938422,0.14443213007028774,0.2820141273764507,-4348008.474624909
2025-07-06 18:00:00,9.640114827606235e-17,0.22162818555763594,0.2819753904056849,-4505223.294468809
2025-07-06 19:00:00,0.0,0.17657929444871204,0.281936616406469,-4498903.196709039
2025-07-06 20:00:00,0.0,0.217956745795769,0.2818978053987506,-4439088.06014207
2025-07-06 21:00:00,0.0,0.14436094854998147,0.28185895740249634,-4825258.413635601
2025-07-06 22:00:00,0.0,0.17600589940335049,0.2818200724376921,-4427811.138936441
2025-07-06 23:00:00,0.0,0.19741805326473028,0.28178115052434244,-4814690.4280571565
2025-07-07 00:00:00,0.0,0.14463140421833637,0.28174219168247133,-4708965.222135056
2025-07-07 01:00:00,0.0,0.15229880792477557,0.2817031959321214,-4745038.770323238
2025-07-07 02:00:00,0.0,0.16753712851459934,0.2816641632933544,-4913180.153555453
2025-07-07 03:00:00,0.0,0.1648206446647398,0.28162509378625117,-4503141.067286807
2025-07-07 04:00:00,0.0,0.18443075776434412,0.28158598743091123,-4458939.567443576
2025-07-07 05:00:00,0.0,0.17457304084222713,0.28154684424745335,-4618540.710279717
2025-07-07 06:00:00,0.0,0.18913676016488803,0.28150766425601514,-4660605.302938501
2025-07-07 07:00:00,0.20327342898651823,0.21934873414592956,0.2814684474767531,-4470269.540568596
2025-07-07 08:00:00,0.39269410971282975,0.16246426024568278,0.2814291939298426,-4504286.3693607785
2025-07-07 09:00:00,0.555353335819912,0.19732678212200325,0.2813899036354782,-4433388.9417121755
2025-07-07 10:00:00,0.6801661498556482,0.1552022001709002,0.281350576613873,-3981042.342953117
2025-07-07 11:00:00,0.7586267648064303,0.1523394275935481,0.2813112128852593,-4050202.484696863
2025-07-07 12:00:00,0.7853882194256596,0.20131734893945707,0.2812718124698881,-4222680.381175831
2025-07-07 13:00:00,0.7586267648064303,0.18355129316562271,0.28123237538802937,-4130498.4012485524
2025-07-07 14:00:00,0.6801661498556482,0.21010800892867798,0.28119290165997185,-3832510.007497057
2025-07-07 15:00:00,0.5553533358199121,0.1488350556919077,0.2811533913060232,-4032940.2572447974
2025-07-07 16:00:00,0.39269410971282975,0.1804147224973239,0.28111384434651,-4134215.7227549367
2025-07-07 17:00:00,0.20327342898651846,0.21176394666681256,0.2810742608017774,-4296489.916122455
2025-07-07 18:00:00,9.618231690076731e-17,0.16830026258463335,0.28103464069218975,-4332735.20599673
2025-07-07 19:00:00,0.0,0.18381103658983586,0.28099498403812984,-4336368.331695729
2025-07-07 20:00:00,0.0,0.1381616910277833,0.28095529085999954,-4278204.185462415
2025-07-07 21:00:00,0.0,0.16066297155627646,0.2809155611782193,-4481601.750983165
2025-07-07 22:00:00,0.0,0.18142534699688562,0.2808757950132285,-4744980.6171065485
2025-07-07 23:00:00,0.0,0.15143874954856656,0.28083599238548523,-4939890.731901828
2025-07-08 00:00:00,0.0,0.20965987692987043,0.2807961533154664,-4548260.514696424
2025-07-08 01:00:00,0.0,0.18015396417069823,0.2807562778236676,-4612241.168055646
2025-07-08 02:00:00,0.0,0.17239466658384628,0.28071636593060306,-4574424.819880118
2025-07-08 03:00:00,0.0,0.21624638608809957,0.2806764176568059,-4590475.602884416
2025-07-08 04:00:00,0.0,0.15270359386288093,0.280636433022828,-4604919.626995422
2025-07-08 05:00:00,0.0,0.20585933034746726,0.2805964120492397,-4634907.419310735
2025-07-08 06:00:00,0.0,0.16762126091424626,0.28055635475663027,-4103348.625657295
2025-07-08 07:00:00,0.20278139000717843,0.17545569932272378,0.28051626116560757,-4284471.3402625
2025-07-08 08:00:00,0.3917435633974593,0.14187073227746883,0.28047613129679816,-4667485.220036504
2025-07-08 09:00:00,0.5540090603290513,0.14185054431175526,0.28043596517084723,-4137598.7525097383
2025-07-08 10:00:00,0.6785197553424791,0.18752331305634265,0.28039576280841866,-4367007.619983701
2025-07-08 11:00:00,0.7567904503362298,0.1994122246566987,0.2803555242301949,-4250529.54942493
2025-07-08 12:00:00,0.7834871267949186,0.15712629946370707,0.28031524945687714,-4143540.0011844635
2025-07-08 13:00:00,0.7567904503362298,0.19236147709409343,0.28027493850918506,-4103416.4056408294
2025-07-08 14:00:00,0.6785197553424792,0.18765806701781879,0.2802345914078571,-4007049.513568847
2025-07-08 15:00:00,0.5540090603290514,0.1985199961782535,0.28019420817365026,-4086038.7794982973
2025-07-08 16:00:00,0.3917435633974593,0.2051228914383754,0.28015378882734,-4254237.986516692
2025-07-08 17:00:00,0.20278139000717865,0.16291818162640798,0.28011333338972044,-4455383.959373734
2025-07-08 18:00:00,9.594950020025536e-17,0.14248921246663424,0.2800728418816043,-4153576.560184218
2025-07-08 19:00:00,0.0,0.16908919843537867,0.2800323143238229,-4690215.241811673
2025-07-08 20:00:00,0.0,0.14035025410614965,0.27999175073722604,-4763951.314635722
2025-07-08 21:00:00,0.0,0.209847464519887,0.279951151142682,-4347506.669027814
2025-07-08 22:00:00,0.0,0.16964862155231256,0.27991051556107766,-4860979.309350382
2025-07-08 23:00:00,0.0,0.19565273600079217,0.2798698440133184,-4724856.412046991
2025-07-09 00:00:00,0.0,0.16919217104427878,0.27982913652032804,-4558371.73344989
2025-07-09 01:00:00,0.0,0.14262499585013774,0.27978839310304904,-4611576.837506134
2025-07-09 02:00:00,0.0,0.14888034359065486,0.2797476137824423,-4668527.59701858
2025-07-09 03:00:00,0.0,0.1657029548014359,0.27970679857948694,-5105324.692514468
2025-07-09 04:00:00,0.0,0.18723220777615499,0.2796659475151809,-4523044.601752031
2025-07-09 05:00:00,0.0,0.16544463787064545,0.27962506061054043,-4917539.388841653
2025-07-09 06:00:00,0.0,0.20902097899658698,0.2795841378866002,-4150588.2476383876
2025-07-09 07:00:00,0.2022599399931332,0.14399730287198564,0.2795431793644132,-4157634.548224254
2025-07-09 08:00:00,0.3907361993260891,0.17627871481337906,0.27950218506505103,-4231507.206049629
2025-07-09 09:00:00,0.5525844323970722,0.19333229869456175,0.27946115500960356,-4431590.207870102
2025-07-09 10:00:00,0.6767749495891464,0.18680613936996124,0.27942008921917916,-4223754.654223367
2025-07-09 11:00:00,0.7548443723902055,0.20907599522303946,0.2793789877149045,-3807098.0095375823
2025-07-09 12:00:00,0.7814723986521783,0.2007621337773167,0.27933785051792465,-4112337.8905630563
2025-07-09 13:00:00,0.7548443723902055,0.1720985837068093,0.2792966776494031,-3986161.9100194136
2025-07-09 14:00:00,0.6767749495891465,0.18769969331419795,0.2792554691305216,-3973600.782589169
2025-07-09 15:00:00,0.5525844323970722,0.15999138160468726,0.2792142249824803,-4184090.0854850677
2025-07-09 16:00:00,0.3907361993260891,0.19667942261922217,0.2791729452264976,-4162799.9814828183
2025-07-09 17:00:00,0.2022599399931334,0.16769228846314796,0.27913162988381035,-4208200.47351684
2025-07-09 18:00:00,9.570276716313945e-17,0.1752067471631772,0.2790902789756736,-4566006.171198551
2025-07-09 19:00:00,0.0,0.1603641555980271,0.27904889252336074,-4334494.628214284
2025-07-09 20:00:00,0.0,0.1474804964259136,0.27900747054816344,-4694414.730046047
2025-07-09 21:00:00,0.0,0.20614714047542862,0.2789660130713916,-4841606.026945698
2025-07-09 22:00:00,0.0,0.18684805370958626,0.2789245201143735,-4562127.873730307
2025-07-09 23:00:00,0.0,0.15546737053943507,0.27888299169845554,-4282244.82353105
2025-07-10 00:00:00,0.0,0.17113811368446966,0.2788414278450025,-4803592.898779175
2025-07-10 01:00:00,0.0,0.17197644186733962,0.27879982857539726,-4880205.254638254
2025-07-10 02:00:00,0.0,0.16205747499842746,0.27875819391104095,-4976899.365737638
2025-07-10 03:00:00,0.0,0.13969452130741697,0.278716523873353,-4850193.200032353
2025-07-10 04:00:00,0.0,0.1863347710238584,0.2786748184837709,-4591336.420980168
2025-07-10 05:00:00,0.0,0.19041135348283952,0.27863307776375046,-4457756.987002551
2025-07-10 06:00:00,0.0,0.18684931591461723,0.2785913017347656,-4350504.369502421
2025-07-10 07:00:00,0.20170923346127553,0.13687072867117292,0.2785494904183084,-4504756.861688514
2025-07-10 08:00:00,0.3896723160024343,0.13506511410045452,0.27850764383588905,-4077463.4441402587
2025-07-10 09:00:00,0.551079874171977,0.17741929049040975,0.278465762009036,-4092086.7369238525
2025-07-10 10:00:00,0.6749322496192511,0.13043590941749972,0.2784238449592958,-4234265.424913591
2025-07-10 11:00:00,0.7527891076332527,0.14485491004591805,0.278381892708233,-4110545.957268282
2025-07-10 12:00:00,0.7793446320048687,0.15986871529865385,0.2783399052774304,-4039958.4477056093
2025-07-10 13:00:00,0.7527891076332527,0.1385274370579432,0.2782978826884889,-4005965.980648244
2025-07-10 14:00:00,0.6749322496192511,0.19471693080171715,0.27825582496302737,-3888749.5269789686
2025-07-10 15:00:00,0.5510798741719771,0.15470804635260235,0.27821373212268274,-4066746.842681543
2025-07-10 16:00:00,0.3896723160024343,0.13657951355374418,0.27817160418911024,-4294203.810508623
2025-07-10 17:00:00,0.20170923346127576,0.13908097795228577,0.2781294411839829,-4176549.3275083927
2025-07-10 18:00:00,9.544219090174343e-17,0.1763623576335107,0.278087243128992,-4308388.734639848
2025-07-10 19:00:00,0.0,0.161089302676972,0.27804501004584675,-4466761.224152788
2025-07-10 20:00:00,0.0,0.15394800012305773,0.27800274195627417,-4426231.482827698
2025-07-10 21:00:00,0.0,0.18749590668512445,0.27796043888201977,-4809684.090471203
2025-07-10 22:00:00,0.0,0.1480316349111799,0.2779181008448465,-4483029.1724776635
2025-07-10 23:00:00,0.0,0.17980531454513246,0.27787572786653575,-4908270.235897654
2025-07-11 00:00:00,0.0,0.15945969329498785,0.27783331996888677,-4640931.6276357835
2025-07-11 01:00:00,0.0,0.14536493575479095,0.27779087717371664,-4780282.874155985
2025-07-11 02:00:00,0.0,0.1470439842365094,0.2777483995028604,-4587666.344991242
2025-07-11 03:00:00,0.0,0.18557855893999567,0.2777058869781713,-4513793.789987725
2025-07-11 04:00:00,0.0,0.17252580770518047,0.2776633396215201,-4641858.619301542
2025-07-11 05:00:00,0.0,0.2035775111252758,0.2776207574547959,-4323207.273616789
2025-07-11 06:00:00,0.0,0.12989536252090142,0.2775781404999055,-4986502.158206251
2025-07-11 07:00:00,0.20112943359783603,0.1809467722372076,0.27753548877877343,-4306237.542398226
2025-07-11 08:00:00,0.38855222867808414,0.15831714919061712,0.27749280231334245,-4195670.126792792
2025-07-11 09:00:00,0.5494958314868388,0.1695611263758243,0.277450081125573,-4521253.07942805
2025-07-11 10:00:00,0.6729922014645627,0.18628758131427844,0.2774073252374435,-4476269.6627424685
2025-07-11 11:00:00,0.750625265084675,0.1566805235914062,0.27736453467094996,-4016759.517466452
2025-07-11 12:00:00,0.7771044573561684,0.200023488511892,0.27732170944810647,-4342349.010606427
2025-07-11 13:00:00,0.750625265084675,0.17454998696568355,0.277278849590945,-3927065.537283532
2025-07-11 14:00:00,0.6729922014645628,0.17589929274896612,0.27723595512151517,-4118058.075054233
2025-07-11 15:00:00,0.5494958314868389,0.20062417856579226,0.2771930260618844,-3982618.2971605705
2025-07-11 16:00:00,0.38855222867808414,0.15749579235046018,0.277150062434138,-4110326.073451625
2025-07-11 17:00:00,0.20112943359783625,0.16315189864467902,0.27710706426037895,-4190259.5653893626
2025-07-11 18:00:00,9.516784863043725e-17,0.15225794503069542,0.2770640315627283,-4049185.6488686777
2025-07-11 19:00:00,0.0,0.17452906821775957,0.2770209643633245,-4541376.671046449
2025-07-11 20:00:00,0.0,0.14384616800015593,0.27697786268432395,-4615662.968933523
2025-07-11 21:00:00,0.0,0.13328872769994235,0.27693472654790063,-4360848.194635835
2025-07-11 22:00:00,0.0,0.17954642951930083,0.27689155597624643,-4350002.276398519
2025-07-11 23:00:00,0.0,0.14212082410927102,0.27684835099157096,-4851270.99441952
2025-07-12 00:00:00,0.0,0.16285237241962455,0.27680511161610133,-4896238.917367598
2025-07-12 01:00:00,0.0,0.16200146649542804,0.2767618378720825,-4735809.677915441
2025-07-12 02:00:00,0.0,0.15103918317590184,0.276718529781777,-4963945.767561295
2025-07-12 03:00:00,0.0,0.1730929570827755,0.2766751873674652,-4457301.797557861
2025-07-12 04:00:00,0.0,0.12646479106843167,0.27663181065144504,-4312614.1460218
2025-07-12 05:00:00,0.0,0.12814200683271346,0.27658839965603205,-4557938.445986606
2025-07-12 06:00:00,0.0,0.12813478028129993,0.2765449544035595,-4473949.456201646
2025-07-12 07:00:00,0.20052071221002735,0.14890765591647367,0.27650147491637816,-4352881.758361676
2025-07-12 08:00:00,0.3873762692590863,0.1557098001726092,0.27645796121685645,-3854574.1089437776
2025-07-12 09:00:00,0.5478327737276917,0.16768982456411152,0.2764144133273806,-3862292.7302383576
2025-07-12 10:00:00,0.6709553800032193,0.19376057661038845,0.27637083127035406,-3729716.4043355603
2025-07-12 11:00:00,0.7483534859377192,0.1734293991594113,0.2763272150681982,-4136864.0359506966
2025-07-12 12:00:00,0.7747525385181726,0.1823103823959049,0.27628356474335164,-4178714.849217695
2025-07-12 13:00:00,0.7483534859377192,0.14947098284175997,0.27623988031827085,-4071320.140044937
2025-07-12 14:00:00,0.6709553800032193,0.1273340560787322,0.27619616181542966,-4150765.415218495
2025-07-12 15:00:00,0.5478327737276918,0.1601130465650693,0.27615240925731954,-4291696.686757431
2025-07-12 16:00:00,0.3873762692590863,0.18524248768135765,0.27610862266644937,-3996434.4257058585
2025-07-12 17:00:00,0.20052071221002757,0.15163781831081063,0.2760648020653456,-4118301.2327443487
2025-07-12 18:00:00,9.487982164275666e-17,0.15132497941821008,0.2760209474765522,-4247307.488492292
2025-07-12 19:00:00,0.0,0.18646904132817407,0.27597705892263064,-4436299.025047925
2025-07-12 20:00:00,0.0,0.17235236331646356,0.2759331364261597,-4770146.527859031
2025-07-12 21:00:00,0.0,0.1938672839140059,0.2758891800097358,-4606856.933647259
2025-07-12 22:00:00,0.0,0.13450375246034163,0.2758451896959727,-4859216.445759333
2025-07-12 23:00:00,0.0,0.16979636093297906,0.2758011655075018,-4999097.172617195
2025-07-13 00:00:00,0.0,0.15033805925054927,0.2757571074669716,-4863210.967645256
2025-07-13 01:00:00,0.0,0.16935630773406005,0.27571301559704836,-4867863.666414756
2025-07-13 02:00:00,0.0,0.12716345043433455,0.27566888992041544,-4977523.000149064
2025-07-13 03:00:00,0.0,0.1939065691061231,0.2756247304597738,-4952736.438588571
2025-07-13 04:00:00,0.0,0.17636618480588664,0.2755805372378417,-4716254.831836828
2025-07-13 05:00:00,0.0,0.1816650434865515,0.27553631027735476,-4722537.385321011
2025-07-13 06:00:00,0.0,0.14251230216043065,0.275492049601066,-4618065.98856849
2025-07-13 07:00:00,0.199883249675134,0.1738475000714662,0.27544775523174575,-4555123.93054179
2025-07-13 08:00:00,0.38614478620759585,0.12455100341659253,0.2754034271921817,-4420501.243350001
2025-07-13 09:00:00,0.5460911936944414,0.18059116553563118,0.2753590655051788,-4149119.7266926467
2025-07-13 10:00:00,0.6688223887893779,0.17556728500652366,0.2753146701935594,-4214297.856539721
2025-07-13 11:00:00,0.7459744433695754,0.12224252408345364,0.2752702412801631,-4308618.923760624
2025-07-13 12:00:00,0.7722895724151918,0.17738407022385627,0.2752257787878468,-3888072.3343680124
2025-07-13 13:00:00,0.7459744433695754,0.15033257543853296,0.27518128273948467,-4065835.642002877
2025-07-13 14:00:00,0.668822388789378,0.19320498678574693,0.27513675315796815,-3922218.282939675
2025-07-13 15:00:00,0.5460911936944414,0.1784974722715574,0.2750921900662059,-3902323.221874058
2025-07-13 16:00:00,0.38614478620759585,0.13057509178146012,0.2750475934871238,-4181834.555828628
2025-07-13 17:00:00,0.19988324967513418,0.16244867800183,0.2750029634436651,-4335201.716403227
2025-07-13 18:00:00,9.457819528731426e-17,0.19231193175102704,0.27495829995879006,-4571600.022459799
2025-07-13 19:00:00,0.0,0.17227976713276405,0.27491360305547635,-4341183.975932814
2025-07-13 20:00:00,0.0,0.16046170380867286,0.27486887275671873,-4473844.085512575
2025-07-13 21:00:00,0.0,0.13683816442657093,0.274824109085529,-4626926.920506888
2025-07-13 22:00:00,0.0,0.18603266575757027,0.27477931206493644,-4584949.983032682
2025-07-13 23:00:00,0.0,0.12410549912717572,0.27473448171798726,-4813534.416472497
2025-07-14 00:00:00,0.0,0.16161018429409799,0.27468961806774483,-4987862.150586582
2025-07-14 01:00:00,0.0,0.1418303805461758,0.27464472113728977,-4663067.668038163
2025-07-14 02:00:00,0.0,0.1382793401521645,0.2745997909497197,-4999054.537358503
2025-07-14 03:00:00,0.0,0.18664062519667685,0.2745548275281494,-4725315.694945771
2025-07-14 04:00:00,0.0,0.16473893890644895,0.27450983089571085,-4676648.206797643
2025-07-14 05:00:00,0.0,0.15586530685663305,0.2744648010755529,-4879681.098783074
2025-07-14 06:00:00,0.0,0.1703681698746282,0.2744197380908415,-4632758.75607263
2025-07-14 07:00:00,0.19921723488706258,0.15600482596999168,0.2743746419647599,-4330542.1053014025
2025-07-14 08:00:00,0.38485814443861865,0.17246020818604288,0.27432951272050826,-4425118.930641353
2025-07-14 09:00:00,0.544271607454838,0.16352308098915555,0.2742843503813036,-4057890.678378861
2025-07-14 10:00:00,0.6665938598743691,0.17072914657705207,0.27423915497038037,-4194197.950429229
2025-07-14 11:00:00,0.7434888423419008,0.12799137464459162,0.27419392651098956,-4084981.181848622
2025-07-14 12:00:00,0.7697162888772374,0.1502299624058481,0.27414866502639956,-3953461.318509408
2025-07-14 13:00:00,0.7434888423419008,0.18395441029921614,0.2741033705398955,-3900706.4753303058
2025-07-14 14:00:00,0.6665938598743693,0.18980237267581174,0.2740580430747796,-3749390.2667900617
2025-07-14 15:00:00,0.5442716074548382,0.13005826521157862,0.2740126826543711,-4364814.556361784
2025-07-14 16:00:00,0.38485814443861865,0.17385112589894305,0.273967289302006,-4485002.350531381
2025-07-14 17:00:00,0.1992172348870628,0.1530255331565432,0.27392186304103733,-4413442.873273449
2025-07-14 18:00:00,9.426305894250883e-17,0.16728767897737482,0.2738764038948352,-4130250.104970046
2025-07-14 19:00:00,0.0,0.1303693243518876,0.2738309118867865,-4521340.934316773
2025-07-14 20:00:00,0.0,0.18273424773343339,0.273785387040295,-4481061.318153917
2025-07-14 21:00:00,0.0,0.18414091193011095,0.2737398293787814,-4259084.403861165
2025-07-14 22:00:00,0.0,0.1643003431665266,0.2736942389256833,-4711313.470728862
2025-07-14 23:00:00,0.0,0.13503518231296666,0.27364861570445514,-4600469.498174136
2025-07-15 00:00:00,0.0,0.13739915050115525,0.27360295973856835,-4888164.443303013
2025-07-15 01:00:00,0.0,0.17282543257439478,0.2735572710515109,-4695452.954294264
2025-07-15 02:00:00,0.0,0.12488077061726865,0.2735115496667879,-4527352.493889262
2025-07-15 03:00:00,0.0,0.15900904512375882,0.27346579560792117,-4947570.718332969
2025-07-15 04:00:00,0.0,0.1515009979641492,0.27342000889844936,-4589037.421605223
2025-07-15 05:00:00,0.0,0.17772623780500593,0.2733741895619279,-4352581.398482831
2025-07-15 06:00:00,0.0,0.17526378236862714,0.2733283376219289,-4518467.7239105385
2025-07-15 07:00:00,0.1985228652003686,0.17731301552058568,0.27328245310204136,-4448368.346361354
2025-07-15 08:00:00,0.38351672521187874,0.12305660547563374,0.2732365360258711,-4387401.114649913
2025-07-15 09:00:00,0.5423745541915544,0.17149077617385175,0.2731905864170406,-4100074.0026656855
2025-07-15 10:00:00,0.6642704536194057,0.184340526050078,0.2731446042991891,-4487555.4815236945
2025-07-15 11:00:00,0.7408974193919231,0.1539495408869355,0.27309858969597245,-3797095.420278153
2025-07-15 12:00:00,0.7670334504237575,0.1852150248259982,0.27305254263106343,-4008882.012800801
2025-07-15 13:00:00,0.7408974193919231,0.1339121935768031,0.27300646312815136,-4081805.568684698
2025-07-15 14:00:00,0.6642704536194058,0.15584109774604868,0.27296035121094225,-4187622.4239425976
2025-07-15 15:00:00,0.5423745541915544,0.17192994085671945,0.27291420690315893,-3794125.2782972474
2025-07-15 16:00:00,0.38351672521187874,0.12379717987698059,0.2728680302285408,-4239583.024564521
2025-07-15 17:00:00,0.19852286520036883,0.11952707818966447,0.27282182121084375,-4462469.7565233465
2025-07-15 18:00:00,9.393450599004046e-17,0.164440763746735,0.27277557987384066,-4259098.755370439
2025-07-15 19:00:00,0.0,0.12860191356703707,0.27272930624132063,-4207714.591997912
2025-07-15 20:00:00,0.0,0.15949096964224044,0.27268300033708986,-4779178.728084589
2025-07-15 21:00:00,0.0,0.12714035959447037,0.2726366621849706,-4076851.6474495307
2025-07-15 22:00:00,0.0,0.11797586760764536,0.2725902918088022,-4634364.117230195
2025-07-15 23:00:00,0.0,0.1724871316011347,0.27254388923244016,-4647373.250746192
2025-07-16 00:00:00,0.0,0.123580225140507,0.272497454479757,-4407000.076595035
2025-07-16 01:00:00,0.0,0.1658904981341186,0.2724509875746412,-4902959.362087034
2025-07-16 02:00:00,0.0,0.14505023002532744,0.27240448854099836,-4649216.733503268
2025-07-16 03:00:00,0.0,0.14212874296630543,0.2723579574027503,-4896979.3500897065
2025-07-16 04:00:00,0.0,0.16083678490546313,0.27231139418383543,-4653155.340351572
2025-07-16 05:00:00,0.0,0.17342445404500498,0.2722647989082087,-4781353.467977223
2025-07-16 06:00:00,0.0,0.14885080984876553,0.2722181715998414,-4573498.422981223
2025-07-16 07:00:00,0.197800346371776,0.14103887766364753,0.2721715122827215,-4249108.195039738
2025-07-16 08:00:00,0.38212092601884323,0.15637623310040238,0.2721248209808533,-4456734.320420085
2025-07-16 09:00:00,0.5404005960424142,0.12994769293511246,0.27207809771825764,-4178425.0852703443
2025-07-16 10:00:00,0.6618528584999047,0.16577274575631065,0.27203134251897176,-3767754.887487116
2025-07-16 11:00:00,0.7382009424141902,0.18054830528226715,0.2719845554070493,-4322315.800861925
2025-07-16 12:00:00,0.7642418520376866,0.11844442744645893,0.2719377364065604,-3972829.055057231
2025-07-16 13:00:00,0.7382009424141902,0.11534590165600014,0.2718908855415914,-3796499.3095259657
2025-07-16 14:00:00,0.6618528584999048,0.1790002707082703,0.27184400283624544,-4086730.8387013325
2025-07-16 15:00:00,0.5404005960424143,0.15283030703344055,0.2717970883146416,-4183323.7588484697
2025-07-16 16:00:00,0.38212092601884323,0.12815410889235754,0.27175014200091563,-3976537.0727550685
2025-07-16 17:00:00,0.1978003463717762,0.1413998366999014,0.27170316391921945,-4357200.838309475
2025-07-16 18:00:00,9.359263378723978e-17,0.11679378349666454,0.2716561540937214,-4254985.3462061705
2025-07-16 19:00:00,0.0,0.11733773083338576,0.2716091125486062,-4239489.899774114
2025-07-16 20:00:00,0.0,0.1211660553487788,0.2715620393080749,-4707621.1563125225
2025-07-16 21:00:00,0.0,0.15032473651535888,0.2715149343963446,-5082260.73964507
2025-07-16 22:00:00,0.0,0.1699640265013928,0.271467797837649,-4565625.650982024
2025-07-16 23:00:00,0.0,0.17065743639775463,0.271420629656238,-4926168.428595675
2025-07-17 00:00:00,0.0,0.1673151738341156,0.27137342987637764,-4745464.570196101
2025-07-17 01:00:00,0.0,0.16687038719200883,0.27132619852235046,-4838231.481469569
2025-07-17 02:00:00,0.0,0.12058609694138996,0.271278935618455,-4859979.5199349895
2025-07-17 03:00:00,0.0,0.17640100188422636,0.27123164118900606,-4494417.2826170735
2025-07-17 04:00:00,0.0,0.1742866781448728,0.2711843152583348,-4420456.032298041
2025-07-17 05:00:00,0.0,0.12144215646681389,0.2711369578507886,-4715047.5199868195
2025-07-17 06:00:00,0.0,0.15242383581315025,0.2710895689907308,-4657787.906808282
2025-07-17 07:00:00,0.19704989249920682,0.17222547814277087,0.2710421487025411,-4914128.3090744065
2025-07-17 08:00:00,0.3806711604649369,0.17693909673997354,0.27099469701061546,-4699900.325925722
2025-07-17 09:00:00,0.5383503179338185,0.16054913195234838,0.27094721393936566,-4229793.702840894
2025-07-17 10:00:00,0.6593417909014756,0.1623641188654882,0.27089969951322,-4444753.92201177
2025-07-17 11:00:00,0.7354002104330254,0.15737627817118308,0.2708521537566227,-4207724.685611186
2025-07-17 12:00:00,0.7613423209298738,0.16503980528629458,0.2708045766940342,-4301792.657102297
2025-07-17 13:00:00,0.7354002104330254,0.16697494864751855,0.27075696834993085,-3888884.9551559947
2025-07-17 14:00:00,0.6593417909014757,0.1204704470397481,0.2707093287488053,-3965875.0980872354
2025-07-17 15:00:00,0.5383503179338186,0.15869780393157654,0.2706616579151662,-4173724.0715483897
2025-07-17 16:00:00,0.3806711604649369,0.11384635374852266,0.2706139558735384,-4135312.5171954506
2025-07-17 17:00:00,0.19704989249920704,0.12044180702480989,0.27056622264846253,-4163151.411624213
2025-07-17 18:00:00,9.323754363821869e-17,0.11319458303687564,0.2705184582644955,-3892388.112200159
2025-07-17 19:00:00,0.0,0.12468572655512397,0.27047066274621007,-4263206.4568313295
2025-07-17 20:00:00,0.0,0.12014667996514408,0.2704228361181953,-4480236.448965442
2025-07-17 21:00:00,0.0,0.16767454818862612,0.2703749784050559,-5052688.085263542
2025-07-17 22:00:00,0.0,0.11948650912469595,0.27032708963141283,-4502363.948024272
2025-07-17 23:00:00,0.0,0.16781881476138585,0.2702791698219029,-4577040.808125571
2025-07-18 00:00:00,0.0,0.1533041068163112,0.27023121900117897,-5028717.482835303
2025-07-18 01:00:00,0.0,0.1266116031165036,0.2701832371939098,-5116137.870452216
2025-07-18 02:00:00,0.0,0.14497996991201884,0.27013522442478005,-5158644.876624806
2025-07-18 03:00:00,0.0,0.14369636102296318,0.2700871807184904,-4748729.751352114
2025-07-18 04:00:00,0.0,0.12528849520592153,0.2700391060997575,-4459893.810318879
2025-07-18 05:00:00,0.0,0.15120647983845617,0.2699910005933137,-4423897.344854244
2025-07-18 06:00:00,0.0,0.1337403980657733,0.2699428642239074,-4403474.388996668
2025-07-18 07:00:00,0.19627172595833975,0.12562374037224006,0.26989469701630275,-4508494.423781979
2025-07-18 08:00:00,0.3791678581469818,0.13084510003309793,0.26984649899527996,-3954430.5725660645
2025-07-18 09:00:00,0.5362243274074195,0.12485562327214518,0.2697982701856349,-4114338.932523155
2025-07-18 10:00:00,0.6567379949076413,0.160746047284838,0.2697500106121794,-4266986.803336123
2025-07-18 11:00:00,0.7324960533657593,0.15503317005532366,0.26970172029974104,-4128456.0112785203
2025-07-18 12:00:00,0.7583357162939637,0.1613485979074124,0.26965339927316334,-4482614.371137671
2025-07-18 13:00:00,0.7324960533657593,0.15728536581255254,0.26960504755730536,-4033493.4301713365
2025-07-18 14:00:00,0.6567379949076414,0.11387402999763166,0.2695566651770423,-4165215.4460544083
2025-07-18 15:00:00,0.5362243274074195,0.17222528611667118,0.2695082521572648,-3860834.323749686
2025-07-18 16:00:00,0.3791678581469818,0.16265295108123554,0.26945980852287954,-3886373.455419468
2025-07-18 17:00:00,0.19627172595833997,0.15904250174458792,0.26941133429880876,-4128560.5251087933
2025-07-18 18:00:00,9.28693407638518e-17,0.13117771339964104,0.26936282950999046,-4312964.484710488
2025-07-18 19:00:00,0.0,0.10919582754767464,0.2693142941813785,-4823001.727204984
2025-07-18 20:00:00,0.0,0.1610607610929733,0.26926572833794227,-4503925.230084986
2025-07-18 21:00:00,0.0,0.12918035038015824,0.269217132004667,-4775501.111339084
2025-07-18 22:00:00,0.0,0.1369397420076466,0.2691685052065536,-4556000.610147464
2025-07-18 23:00:00,0.0,0.12158395086490366,0.26911984796861854,-4395959.671162099
2025-07-19 00:00:00,0.0,0.1666336068988794,0.269071160315894,-4744450.961523949
2025-07-19 01:00:00,0.0,0.1390464098804302,0.2690224422734279,-4690984.766105268
2025-07-19 02:00:00,0.0,0.14371825590777423,0.26897369386628367,-4604748.17256088
2025-07-19 03:00:00,0.0,0.15599631797967334,0.26892491511954036,-4598815.123528917
2025-07-19 04:00:00,0.0,0.13446717738830988,0.26887610605829276,-4882703.427963358
2025-07-19 05:00:00,0.0,0.130223367136908,0.2688272667076512,-4522895.930616971
2025-07-19 06:00:00,0.0,0.1446646284589513,0.26877839709274143,-4783377.3969670115
2025-07-19 07:00:00,0.19546607733671495,0.1571534261626784,0.268729497238705,-4246508.616620965
2025-07-19 08:00:00,0.3776114645258986,0.1645205919951641,0.26868056717069894,-4460058.643292251
2025-07-19 09:00:00,0.5340232544400927,0.14738170044417764,0.26863160691389576,-4023676.868476181
2025-07-19 10:00:00,0.6540422420793492,0.13541880661072808,0.2685826164934836,-4099232.8444501376
2025-07-19 11:00:00,0.7294893317768077,0.14221834495016586,0.26853359593466597,-3873238.4137029536
2025-07-19 12:00:00,0.7552229290517973,0.14254231336752893,0.268484545262662,-3874847.004061882
2025-07-19 13:00:00,0.7294893317768077,0.15002838431045165,0.26843546450270644,-4197469.990222391
2025-07-19 14:00:00,0.6540422420793494,0.11700906710745113,0.2683863536800492,-3978832.231669328
2025-07-19 15:00:00,0.5340232544400928,0.10838020646803675,0.26833721281995593,-3720023.715245801
2025-07-19 16:00:00,0.3776114645258986,0.14869148045403804,0.26828804194770756,-4095613.442293487
2025-07-19 17:00:00,0.19546607733671517,0.15677609943835216,0.2682388410886005,-4289173.696084359
2025-07-19 18:00:00,9.248813427059721e-17,0.15959538516539948,0.26818961026794685,-4667888.612536791
2025-07-19 19:00:00,0.0,0.10996098088677865,0.2681403495110736,-4402522.495209204
2025-07-19 20:00:00,0.0,0.148586843931722,0.26809105884332357,-4500710.61170766
2025-07-19 21:00:00,0.0,0.14554029403140012,0.2680417382900548,-4251965.894200181
2025-07-19 22:00:00,0.0,0.14764291988184244,0.26799238787664076,-4394839.845832739
2025-07-19 23:00:00,0.0,0.1398751765179608,0.2679430076284703,-4916043.569977674
2025-07-20 00:00:00,0.0,0.10642689259741123,0.2678935975709474,-4710983.728860446
2025-07-20 01:00:00,0.0,0.16345926124559973,0.26784415772949177,-4763015.326434389
2025-07-20 02:00:00,0.0,0.1481605485485219,0.2677946881295381,-4675756.520854366
2025-07-20 03:00:00,0.0,0.16131999814496795,0.2677451887965366,-5101985.8495439
2025-07-20 04:00:00,0.0,0.12767398839608285,0.26769565975595255,-4633574.739690679
2025-07-20 05:00:00,0.0,0.14710979250181147,0.26764610103326675,-4546503.557373814
2025-07-20 06:00:00,0.0,0.1181216402060735,0.2675965126539752,-4289499.900466588
2025-07-20 07:00:00,0.19463318536540639,0.1186834469388173,0.2675468946435891,-4500268.206725483
2025-07-20 08:00:00,0.3760024407947071,0.1335342837921919,0.2674972470276349,-3996811.215639139
2025-07-20 09:00:00,0.5317477512572615,0.12933784611340604,0.2674475698316543,-4554731.14784266
2025-07-20 10:00:00,0.6512553312263414,0.12378205039814322,0.2673978630812043,-3897126.6110294745
2025-07-20 11:00:00,0.726380936622668,0.13655834674989267,0.26734812680185693,-4283073.418152635
2025-07-20 12:00:00,0.7520048815894143,0.1496977244065506,0.26729836101919957,-3960888.191232587
2025-07-20 13:00:00,0.726380936622668,0.11172725664598042,0.2672485657588347,-4306595.629295896
2025-07-20 14:00:00,0.6512553312263415,0.12911250640912972,0.26719874104638003,-4028035.514433602
2025-07-20 15:00:00,0.5317477512572616,0.10666379259688542,0.2671488869074683,-4287673.983196759
2025-07-20 16:00:00,0.3760024407947071,0.14952452758037135,0.2670990033677475,-4459781.874020843
2025-07-20 17:00:00,0.1946331853654066,0.13628158600138549,0.2670490904528807,-4283997.476879436
2025-07-20 18:00:00,9.209403711816605e-17,0.1288949315663339,0.26699914818854614,-4717340.206526959
2025-07-20 19:00:00,0.0,0.12356124732424006,0.26694917660043704,-4480710.868745129
2025-07-20 20:00:00,0.0,0.14420020640215453,0.2668991757142618,-4068644.704825008
2025-07-20 21:00:00,0.0,0.1503031457988161,0.26684914555574396,-4426791.81992539
2025-07-20 22:00:00,0.0,0.15870156214706002,0.26679908615062187,-4601555.683568639
2025-07-20 23:00:00,0.0,0.14303158586829276,0.26674899752464915,-4581880.262441043
2025-07-21 00:00:00,0.0,0.15385260665627887,0.2666988797035944,-4872908.151536622
2025-07-21 01:00:00,0.0,0.12786469590291616,0.26664873271324124,-4773970.784703934
2025-07-21 02:00:00,0.0,0.16198068289907355,0.2665985565793883,-4683087.766314607
2025-07-21 03:00:00,0.0,0.11416483616959283,0.2665483513278491,-4484428.462947536
2025-07-21 04:00:00,0.0,0.11738574375471458,0.2664981169844523,-4866068.536048843
2025-07-21 05:00:00,0.0,0.12892240699745236,0.26644785357504147,-4515929.595703784
2025-07-21 06:00:00,0.0,0.13029000616687167,0.2663975611254751,-4443066.593527143
2025-07-21 07:00:00,0.19377329684828043,0.15507773191761726,0.26634723966162654,-4672448.9952400895
2025-07-21 08:00:00,0.3743412637418644,0.14705890836781818,0.2662968892093843,-4563251.327765176
2025-07-21 09:00:00,0.5293984921396283,0.13205552497880574,0.26624650979465164,-4071456.6646978497
2025-07-21 10:00:00,0.6483780881704503,0.10968393010594882,0.2661961014433467,-4247964.839208037
2025-07-21 11:00:00,0.7231717889879089,0.12096564237324259,0.2661456641814026,-4011654.2529073306
2025-07-21 12:00:00,0.7486825274837288,0.1482662456253941,0.2660951980347672,-3903937.501798324
2025-07-21 13:00:00,0.7231717889879089,0.11502307518298313,0.2660447030294034,-4158950.243902637
2025-07-21 14:00:00,0.6483780881704504,0.15399608797758554,0.26599417919128887,-3896833.6547960625
2025-07-21 15:00:00,0.5293984921396284,0.10276637569719495,0.26594362654641607,-4028161.9909738586
2025-07-21 16:00:00,0.3743412637418644,0.14848536522771993,0.2658930451207922,-4292161.6551462505
2025-07-21 17:00:00,0.19377329684828062,0.14781508610394162,0.2658424349404395,-4065816.7380235028
2025-07-21 18:00:00,9.168716608604988e-17,0.12623905977965508,0.26579179603139486,-4758921.748926455
2025-07-21 19:00:00,0.0,0.1419501392132878,0.2657411284197099,-4682975.155151267
2025-07-21 20:00:00,0.0,0.13133835049618414,0.2656904321314512,-4605835.514229988
2025-07-21 21:00:00,0.0,0.14477623765200726,0.2656397071926998,-4122880.6463703215
2025-07-21 22:00:00,0.0,0.12462822082837789,0.26558895362955176,-4475419.928151241
2025-07-21 23:00:00,0.0,0.13680569269944967,0.26553817146811776,-4731058.806870219
2025-07-22 00:00:00,0.0,0.11787166858643376,0.26548736073452317,-4739859.00847021
2025-07-22 01:00:00,0.0,0.11963777130872688,0.265436521454908,-4951599.807568503
2025-07-22 02:00:00,0.0,0.15978120319051478,0.26538565365542705,-4749269.734578207
2025-07-22 03:00:00,0.0,0.15632170155775013,0.2653347573622498,-4892181.441996328
2025-07-22 04:00:00,0.0,0.14665237954543567,0.26528383260156035,-4771100.526919525
2025-07-22 05:00:00,0.0,0.10524058788320897,0.2652328793995574,-4671110.474697612
2025-07-22 06:00:00,0.0,0.10212869021203343,0.26518189778245443,-4711870.480073402
2025-07-22 07:00:00,0.1928866665888626,0.15621042918194206,0.26513088777647925,-4548036.571156471
2025-07-22 08:00:00,0.3726284256099823,0.1350040744873224,0.26507984940787466,-4306266.665972428
2025-07-22 09:00:00,0.5269761732233709,0.14178810511950163,0.2650287827028977,-4122280.19299138
2025-07-22 10:00:00,0.6454113655008892,0.1387931669456485,0.26497768768782026,-4205679.528513069
2025-07-22 11:00:00,0.7198628398122335,0.12536861168082147,0.26492656438892864,-4145154.6382727385
2025-07-22 12:00:00,0.7452568512199647,0.14016571131106645,0.26487541283252364,-4145318.410341495
2025-07-22 13:00:00,0.7198628398122335,0.1455561578498822,0.2648242330449208,-3950910.400787409
2025-07-22 14:00:00,0.6454113655008893,0.14050961219964042,0.26477302505245,-4260800.652004405
2025-07-22 15:00:00,0.526976173223371,0.12874799588018776,0.2647217888814557,-4330906.201941792
2025-07-22 16:00:00,0.3726284256099823,0.1521102785653978,0.26467052455829687,-3930815.8221671223
2025-07-22 17:00:00,0.1928866665888628,0.10506610963913986,0.26461923210934696,-4580015.887978056
2025-07-22 18:00:00,9.126764173891648e-17,0.12573657686519277,0.26456791156099385,-4317939.693456612
2025-07-22 19:00:00,0.0,0.12689486598843064,0.26451656293964,-4022556.497052301
2025-07-22 20:00:00,0.0,0.1070867605390324,0.264465186271702,-4648463.151299151
2025-07-22 21:00:00,0.0,0.14021948170803558,0.2644137815836113,-4521473.456706822
2025-07-22 22:00:00,0.0,0.12123261794656354,0.2643623489018134,-4531465.354683447
2025-07-22 23:00:00,0.0,0.1528100230217719,0.26431088825276844,-4761736.018399329
2025-07-23 00:00:00,0.0,0.14246506354506316,0.2642593996629509,-5090828.448195034
2025-07-23 01:00:00,0.0,0.15485539777756271,0.2642078831588495,-4848240.913421624
2025-07-23 02:00:00,0.0,0.13893472658657202,0.26415633876696737,-4766541.912612435
2025-07-23 03:00:00,0.0,0.141091149380046,0.2641047665138222,-4627267.827377204
2025-07-23 04:00:00,0.0,0.1435794005365312,0.26405316642594573,-4666883.07069123
2025-07-23 05:00:00,0.0,0.12236080576307544,0.2640015385298841,-4882034.961814042
2025-07-23 06:00:00,0.0,0.13129162202997274,0.2639498828521979,-4394951.410310297
2025-07-23 07:00:00,0.19197355731483384,0.1143239650219239,0.2638981994194618,-4500746.535418853
2025-07-23 08:00:00,0.3708644339499654,0.12985796660163257,0.2638464882582649,-4301942.888989296
2025-07-23 09:00:00,0.524481512293862,0.14792186473575641,0.2637947493952105,-4049787.3134545735
2025-07-23 10:00:00,0.642356042321612,0.11823926370069304,0.2637429828569162,-4323554.926262128
2025-07-23 11:00:00,0.7164550696086959,0.105804107790436,0.2636911886700139,-4094047.3687776714
2025-07-23 12:00:00,0.7417288678999308,0.14454141060006295,0.26363936686114936,-4023078.057997942
2025-07-23 13:00:00,0.7164550696086959,0.1181326370259887,0.26358751745698306,-3875867.8403357267
2025-07-23 14:00:00,0.6423560423216121,0.15097037006783917,0.2635356404841893,-4187001.702300185
2025-07-23 15:00:00,0.5244815122938621,0.10930395715998788,0.2634837359694569,-4396839.452380049
2025-07-23 16:00:00,0.3708644339499654,0.1216189526435791,0.2634318039394884,-4144556.6540004304
2025-07-23 17:00:00,0.19197355731483404,0.11541146929504974,0.2633798444210009,-3930824.8089549746
2025-07-23 18:00:00,9.083558839088401e-17,0.14397287212035337,0.2633278574407254,-4340304.341521801
2025-07-23 19:00:00,0.0,0.11946527111422789,0.2632758430254072,-4848641.541111602
2025-07-23 20:00:00,0.0,0.14962000865364536,0.26322380120180555,-4508205.657703617
2025-07-23 21:00:00,0.0,0.13862589372166367,0.26317173199669397,-4617748.760121629
2025-07-23 22:00:00,0.0,0.14390184110254664,0.2631196354368599,-4668717.5247637965
2025-07-23 23:00:00,0.0,0.1465583137176068,0.26306751154910496,-4590128.746090471
2025-07-24 00:00:00,0.0,0.14211785085737436,0.2630153603602448,-4998221.953380324
2025-07-24 01:00:00,0.0,0.10861905831001543,0.26296318189710916,-4708596.579849019
2025-07-24 02:00:00,0.0,0.09554981081781073,0.26291097618654163,-4882229.127778122
2025-07-24 03:00:00,0.0,0.10115096941774979,0.26285874325540004,-4820648.788670225
2025-07-24 04:00:00,0.0,0.12270103287809431,0.26280648313055616,-4801183.370177891
2025-07-24 05:00:00,0.0,0.13673265733171788,0.26275419583889575,-5086518.549222456
2025-07-24 06:00:00,0.0,0.13497340471413283,0.2627018814073184,-4495103.459928712
2025-07-24 07:00:00,0.19103423960017857,0.1255810232056378,0.2626495398627379,-4723560.776335191
2025-07-24 08:00:00,0.36904981147061267,0.09920075681143359,0.2625971712320818,-4128727.116834198
2025-07-24 09:00:00,0.5219152485729742,0.1245855847872762,0.2625447755422918,-4465707.32430175
2025-07-24 10:00:00,0.6392130239908166,0.12439920622832806,0.2624923528203232,-4127604.775122508
2025-07-24 11:00:00,0.7129494881731528,0.11129637525286573,0.2624399030931454,-4438757.495063607
2025-07-24 12:00:00,0.7380996229412253,0.11696011024165942,0.2623874263877418,-4154117.8182111513
2025-07-24 13:00:00,0.7129494881731528,0.11502969413898113,0.2623349227311095,-4013505.529292989
2025-07-24 14:00:00,0.6392130239908167,0.1257635822206918,0.2622823921502595,-3974701.983011409
2025-07-24 15:00:00,0.5219152485729743,0.0997005515085707,0.2622298346722168,-4098732.8021762767
2025-07-24 16:00:00,0.36904981147061267,0.10101603234176906,0.26217725032401984,-4327125.262874963
2025-07-24 17:00:00,0.19103423960017876,0.10564973146660409,0.26212463913272144,-4315900.687991033
2025-07-24 18:00:00,9.0391134068684e-17,0.11478839578972996,0.2620720011253878,-4321874.681368864
2025-07-24 19:00:00,0.0,0.12999267189545793,0.26201933632909913,-4621335.737217805
2025-07-24 20:00:00,0.0,0.14853772846660027,0.26196664477094933,-4184336.921429467
2025-07-24 21:00:00,0.0,0.12718447857176646,0.26191392647804607,-4529675.765275728
2025-07-24 22:00:00,0.0,0.13311460386415389,0.2618611814775108,-4462547.334016164
2025-07-24 23:00:00,0.0,0.10458197837432183,0.26180840979647874,-4551114.039567148
2025-07-25 00:00:00,0.0,0.1270643297614467,0.2617556114620988,-5217303.124712543
2025-07-25 01:00:00,0.0,0.10469650747381491,0.26170278650153356,-4612484.657728563
2025-07-25 02:00:00,0.0,0.10986769996709655,0.2616499349419594,-4942986.299798077
2025-07-25 03:00:00,0.0,0.12372344855424147,0.2615970568105662,-4736700.843880408
2025-07-25 04:00:00,0.0,0.09896446914571601,0.2615441521345578,-4762244.75048596
2025-07-25 05:00:00,0.0,0.1033220007041547,0.26149122094115146,-4603742.70250879
2025-07-25 06:00:00,0.0,0.1300673837605233,0.2614382632575782,-4517842.661459203
2025-07-25 07:00:00,0.19006899178500772,0.1301478233228004,0.2613852791110825,-4679241.021595229
2025-07-25 08:00:00,0.36718509588372744,0.10630692771735534,0.2613322685289228,-4390411.500047104
2025-07-25 09:00:00,0.5192781425000327,0.09567789279320539,0.2612792315383707,-4036891.7713869526
2025-07-25 10:00:00,0.6359832418526659,0.09967222510087223,0.2612261681667116,-4352933.415402114
2025-07-25 11:00:00,0.7093471342850405,0.14127680565566791,0.2611730784412447,-3792661.101519
2025-07-25 12:00:00,0.734370191767455,0.1285929224745749,0.26111996238928226,-4253750.937262648
2025-07-25 13:00:00,0.7093471342850405,0.11802100388037796,0.2610668200381505,-4136951.949447256
2025-07-25 14:00:00,0.6359832418526659,0.1342239533772328,0.2610136514151891,-4319588.895618025
2025-07-25 15:00:00,0.5192781425000328,0.09570263021217275,0.260960456547751,-4013117.2440265394
2025-07-25 16:00:00,0.36718509588372744,0.1298434291130339,0.26090723546320305,-4154387.5398426754
2025-07-25 17:00:00,0.1900689917850079,0.143896789424685,0.26085398818892513,-4093531.3469514735
2025-07-25 18:00:00,8.993441047372417e-17,0.12576007240259124,0.2608007147523109,-4358573.556956544
2025-07-25 19:00:00,0.0,0.09387121726172548,0.26074741518076755,-4517278.108646458
2025-07-25 20:00:00,0.0,0.12808025908986193,0.2606940895017154,-4423707.666043666
2025-07-25 21:00:00,0.0,0.13041657134285967,0.2606407377425884,-4358409.776849251
2025-07-25 22:00:00,0.0,0.12259667643816567,0.260587359930834,-4352898.270203554
2025-07-25 23:00:00,0.0,0.10348016443848711,0.2605339560939128,-4563724.135740079
2025-07-26 00:00:00,0.0,0.10049478618323905,0.26048052625929896,-4938039.057500602
2025-07-26 01:00:00,0.0,0.13140217945349758,0.2604270704544801,-4609295.166136257
2025-07-26 02:00:00,0.0,0.11629822212326897,0.2603735887069569,-5081280.837205391
2025-07-26 03:00:00,0.0,0.09560709906809176,0.26032008104424376,-4367300.655572292
2025-07-26 04:00:00,0.0,0.1415884530602432,0.2602665474938681,-4831206.193757288
2025-07-26 05:00:00,0.0,0.11090498261185273,0.26021298808337084,-4379089.714046753
2025-07-26 06:00:00,0.0,0.13329372174265733,0.26015940284030614,-4597561.666104961
2025-07-26 07:00:00,0.18907809989308066,0.12614102835972116,0.2601057917922414,-4637814.404841329
2025-07-26 08:00:00,0.3652708397447819,0.09131037453241024,0.2600521549667575,-4682500.247893482
2025-07-26 09:00:00,0.5165709755064799,0.10780957034478376,0.2599984923914483,-4493959.014022898
2025-07-26 10:00:00,0.6326676529613114,0.11955352950480302,0.25994480409392107,-4147383.1735476824
2025-07-26 11:00:00,0.7056490753995607,0.13111269782065837,0.2598910901017963,-4153451.7052553305
2025-07-26 12:00:00,0.7305416794895638,0.11998270277893427,0.25983735044270767,-3600171.534415659
2025-07-26 13:00:00,0.7056490753995607,0.11655017775703344,0.2597835851443021,-4002554.5848711445
2025-07-26 14:00:00,0.6326676529613116,0.11141327295342572,0.2597297942342396,-4113145.400119762
2025-07-26 15:00:00,0.51657097550648,0.12936138443631964,0.2596759777401935,-4273462.961589374
2025-07-26 16:00:00,0.3652708397447819,0.13914756747821092,0.2596221356898503,-4377837.075726491
2025-07-26 17:00:00,0.1890780998930809,0.1295152098709132,0.2595682681109095,-4420017.6438035155
2025-07-26 18:00:00,8.94655529430626e-17,0.10636319515525781,0.25951437503108377,-4048713.7609091387
2025-07-26 19:00:00,0.0,0.1346262920862317,0.25946045647809896,-4529391.795933557
2025-07-26 20:00:00,0.0,0.12226995056133311,0.2594065124796941,-4346065.648985873
2025-07-26 21:00:00,0.0,0.131200272612111,0.25935254306362104,-4551574.732881821
2025-07-26 22:00:00,0.0,0.1319349214303628,0.259298548257645,-4753114.453453526
2025-07-26 23:00:00,0.0,0.141539344010825,0.25924452808954407,-5099056.021161097
2025-07-27 00:00:00,0.0,0.1339131531800227,0.2591904825871095,-4873650.864564067
2025-07-27 01:00:00,0.0,0.10903180138471402,0.2591364117781456,-5068131.554566459
2025-07-27 02:00:00,0.0,0.10407723512249246,0.2590823156904695,-4813171.695088922
2025-07-27 03:00:00,0.0,0.10434178471205632,0.25902819435191154,-4643869.696526407
2025-07-27 04:00:00,0.0,0.11207611786172296,0.25897404779031497,-4577797.1885919
2025-07-27 05:00:00,0.0,0.11613172101696506,0.2589198760335361,-4249931.489361559
2025-07-27 06:00:00,0.0,0.0954325685934042,0.2588656791094439,-4289105.277828898
2025-07-27 07:00:00,0.1880618575470503,0.12259134743288744,0.25881145704592073,-4462952.470312336
2025-07-27 08:00:00,0.3633076102891832,0.11666671362166835,0.2587572098708616,-4374460.782216888
2025-07-27 09:00:00,0.5137945497843218,0.13505427760607053,0.25870293761217444,-4210664.752416593
2025-07-27 10:00:00,0.6292672397972987,0.13741885311327381,0.2586486402977803,-4113140.3005348495
2025-07-27 11:00:00,0.7018564073313722,0.10622594411372543,0.25859431795561283,-4311126.007535834
2025-07-27 12:00:00,0.7266152205783665,0.08826008044936372,0.2585399706136187,-4440445.695476324
2025-07-27 13:00:00,0.7018564073313722,0.1105220522969576,0.2584855982997576,-4269872.335453628
2025-07-27 14:00:00,0.6292672397972988,0.10688931694151199,0.2584312010420017,-4017985.2102440544
2025-07-27 15:00:00,0.5137945497843219,0.11124408348884356,0.25837677886833627,-3931491.500218674
2025-07-27 16:00:00,0.3633076102891832,0.10794424890151683,0.25832233180675934,-4107452.8087105975
2025-07-27 17:00:00,0.1880618575470505,0.11539503730810444,0.2582678598852817,-4336325.0516134715
2025-07-27 18:00:00,8.898470040930445e-17,0.1212347923375579,0.25821336313192716,-4297847.992364889
2025-07-27 19:00:00,0.0,0.09081562702773154,0.25815884157473185,-4370797.118709344
2025-07-27 20:00:00,0.0,0.11218529897298961,0.2581042952417451,-4322365.31695943
2025-07-27 21:00:00,0.0,0.10040510614803054,0.2580497241610287,-4723864.998721878
2025-07-27 22:00:00,0.0,0.1025155353782856,0.2579951283606574,-4669239.993703244
2025-07-27 23:00:00,0.0,0.12365622840809182,0.2579405078687185,-4760977.8687559515
2025-07-28 00:00:00,0.0,0.1296207806658832,0.257885862713312,-4880423.308936473
2025-07-28 01:00:00,0.0,0.12972807176371928,0.2578311929225507,-4550984.936714012
2025-07-28 02:00:00,0.0,0.11743448599575933,0.2577764985245599,-4716759.00704114
2025-07-28 03:00:00,0.0,0.0928217913444013,0.2577217795474778,-4619992.65821603
2025-07-28 04:00:00,0.0,0.13399513639143634,0.2576670360194551,-4536623.1407456
2025-07-28 05:00:00,0.0,0.08811220620078657,0.25761226796865516,-4401696.931805963
2025-07-28 06:00:00,0.0,0.1109811956101996,0.25755747542325386,-4740118.023645948
2025-07-28 07:00:00,0.18702056588145594,0.09282681610421194,0.2575026584114399,-4471010.279098093
2025-07-28 08:00:00,0.36129598926418893,0.08594116410250605,0.2574478169614142,-4252157.483532102
2025-07-28 09:00:00,0.5109496880484201,0.10964579168103947,0.2573929511013907,-4313910.251580089
2025-07-28 10:00:00,0.6257830099764349,0.11205025717039088,0.25733806085959565,-4341741.011581817
2025-07-28 11:00:00,0.6979702539298761,0.10050850421319009,0.25728314626426785,-4089829.5011637863
2025-07-28 12:00:00,0.7225919785283779,0.09737995538971146,0.25722820734365864,-4457297.65397181
2025-07-28 13:00:00,0.6979702539298761,0.10271086661365113,0.2571732441260319,-4143717.7594022374
2025-07-28 14:00:00,0.625783009976435,0.11702085018908626,0.257118256639664,-4147404.012918244
2025-07-28 15:00:00,0.5109496880484202,0.09031386920746365,0.25706324491284377,-3970473.233777982
2025-07-28 16:00:00,0.36129598926418893,0.13323979986322385,0.25700820897387266,-4223787.405439523
2025-07-28 17:00:00,0.18702056588145613,0.09689194733464956,0.25695314885106424,-4362718.718808327
2025-07-28 18:00:00,8.84919953594331e-17,0.12123163406601227,0.2568980645727449,-4167567.609708832
2025-07-28 19:00:00,0.0,0.10171484844193662,0.2568429561672532,-4229231.38935652
2025-07-28 20:00:00,0.0,0.12303304651235279,0.25678782366294034,-4146949.00429518
2025-07-28 21:00:00,0.0,0.10842907193718605,0.2567326670881696,-4508107.408545479
2025-07-28 22:00:00,0.0,0.09827736928431702,0.25667748647131694,-4715124.38692152
2025-07-28 23:00:00,0.0,0.1006821301486868,0.2566222818407705,-4559485.2842801595
2025-07-29 00:00:00,0.0,0.11575951952343147,0.2565670532249309,-4733692.005993908
2025-07-29 01:00:00,0.0,0.12509206924393498,0.2565118006522111,-4973062.67966719
2025-07-29 02:00:00,0.0,0.10073073218607652,0.2564565241510362,-4666874.957092856
2025-07-29 03:00:00,0.0,0.0900846202855908,0.2564012237498438,-4636335.233934899
2025-07-29 04:00:00,0.0,0.12773385469807827,0.2563458994770838,-4751432.206105574
2025-07-29 05:00:00,0.0,0.12181008233549975,0.2562905513612182,-4759305.059053028
2025-07-29 06:00:00,0.0,0.10721424819366003,0.25623517943072155,-4588852.8745247675
2025-07-29 07:00:00,0.1859545334534911,0.12634714428426955,0.2561797837140803,-4282632.245410269
2025-07-29 08:00:00,0.35923657275652315,0.12907247235061717,0.2561243642397934,-4245214.237456257
2025-07-29 09:00:00,0.5080372332927041,0.10555424317148708,0.25606892103637197,-3920508.0868084044
2025-07-29 10:00:00,0.6222159959512117,0.10391864260967405,0.25601345413233934,-4232517.7945064
2025-07-29 11:00:00,0.6939917667461953,0.0845023537737838,0.2559579635562309,-3644909.86254244
2025-07-29 12:00:00,0.7184731455130464,0.12274510305943465,0.25590244933659445,-3910677.146851203
2025-07-29 13:00:00,0.6939917667461953,0.12368078735929976,0.25584691150198974,-4231190.291446589
2025-07-29 14:00:00,0.6222159959512118,0.08820196529951187,0.25579135008098874,-4215812.22055919
2025-07-29 15:00:00,0.5080372332927042,0.09001970131527204,0.2557357651021757,-4286491.36719232
2025-07-29 16:00:00,0.35923657275652315,0.11505819502714142,0.2556801565941467,-4598857.067737291
2025-07-29 17:00:00,0.1859545334534913,0.10365408351083596,0.2556245245855102,-3881490.233396161
2025-07-29 18:00:00,8.798758379258828e-17,0.09623567502138516,0.2555688691048866,-4226196.173012225
2025-07-29 19:00:00,0.0,0.0900033846475906,0.25551319018090846,-4427993.049758383
2025-07-29 20:00:00,0.0,0.09039952851483656,0.2554574878422202,-4593370.517144807
2025-07-29 21:00:00,0.0,0.09698577606675851,0.25540176211747867,-4447162.286351645
2025-07-29 22:00:00,0.0,0.09431579530751903,0.25534601303535226,-4692202.24443209
2025-07-29 23:00:00,0.0,0.11397564263811279,0.2552902406245219,-4766144.34163152
2025-07-30 00:00:00,0.0,0.11918756954110174,0.25523444491367997,-4747137.44980939
2025-07-30 01:00:00,0.0,0.1228804329115932,0.2551786259315314,-5005817.803486543
2025-07-30 02:00:00,0.0,0.09843034426102652,0.2551227837067926,-4834178.951038384
2025-07-30 03:00:00,0.0,0.1064897150616632,0.2550669182681923,-4644880.510885696
2025-07-30 04:00:00,0.0,0.11374984244626499,0.2550110296444709,-4425036.761986227
2025-07-30 05:00:00,0.0,0.09846596103257763,0.254955117864381,-4649506.22546505
2025-07-30 06:00:00,0.0,0.0951556921756217,0.25489918295668695,-4652465.856013945
2025-07-30 07:00:00,0.184864076151571,0.11478584008360601,0.25484322495016487,-4561830.900159046
2025-07-30 08:00:00,0.35712997101574295,0.10142903825908056,0.254787243873603,-4185344.5488659497
2025-07-30 09:00:00,0.505058048540374,0.11730009687270734,0.2547312397558014,-4163954.975189271
2025-07-30 10:00:00,0.6185672547048674,0.11658633333215981,0.2546752126255719,-4346035.859993821
2025-07-30 11:00:00,0.6899221246919451,0.08248695420447441,0.25461916251173816,-3969170.0754445065
2025-07-30 12:00:00,0.7142599420314859,0.11469511033589279,0.2545630894431358,-4268961.040097124
2025-07-30 13:00:00,0.6899221246919451,0.08121743751318015,0.2545069934486121,-4353460.124909321
2025-07-30 14:00:00,0.6185672547048674,0.08329584133480156,0.25445087455702625,-4072410.3339115167
2025-07-30 15:00:00,0.5050580485403741,0.11338376741446396,0.25439473279724917,-4135593.487991313
2025-07-30 16:00:00,0.35712997101574295,0.11239685721289364,0.2543385681981635,-4396177.606947837
2025-07-30 17:00:00,0.1848640761515712,0.11596625587623252,0.25428238078866366,-3962995.088398114
2025-07-30 18:00:00,8.747161517680333e-17,0.10990413473181142,0.25422617059765584,-4135122.060443901
2025-07-30 19:00:00,0.0,0.10070683240611669,0.254169937654058,-4414549.421867282
2025-07-30 20:00:00,0.0,0.11469303786696819,0.25411368198679957,-4495527.045238902
2025-07-30 21:00:00,0.0,0.09427880414863896,0.254057403624822,-4703105.387410963
2025-07-30 22:00:00,0.0,0.12639348770513326,0.2540011025970782,-4516040.278123487
2025-07-30 23:00:00,0.0,0.09217641161539786,0.2539447789325327,-4824663.872255005
2025-07-31 00:00:00,0.0,0.12224251437113572,0.25388843266016187,-4812560.764957802
2025-07-31 01:00:00,0.0,0.10104008853163789,0.25383206380895357,-4505648.678475457
2025-07-31 02:00:00,0.0,0.11100978103907419,0.25377567240790727,-4744854.835946139
2025-07-31 03:00:00,0.0,0.12537338729790407,0.25371925848603416,-4675779.778815348
2025-07-31 04:00:00,0.0,0.12281546647456895,0.2536628220723569,-4592109.053797265
2025-07-31 05:00:00,0.0,0.08163831348747048,0.25360636319590973,-4603276.936768069
2025-07-31 06:00:00,0.0,0.114117800337006,0.25354988188573857,-4666964.097794964
2025-07-31 07:00:00,0.18374951710172815,0.10958416335831185,0.2534933781709007,-4396645.248186919
2025-07-31 08:00:00,0.3549768082734081,0.10023989028441452,0.253436852080465,-4336180.524285625
2025-07-31 09:00:00,0.5020130165881677,0.10814201524984762,0.25338030364351194,-4373113.187744229
2025-07-31 10:00:00,0.6148378674381791,0.11752891054857785,0.25332373288913346,-4007565.583861188
2025-07-31 11:00:00,0.6857625336898958,0.07922419047057579,0.25326713984643284,-4115191.1209900137
2025-07-31 12:00:00,0.7099536165468163,0.09328299169218128,0.253210524544525,-3978914.594201115
2025-07-31 13:00:00,0.6857625336898958,0.10174305844313022,0.2531538870125361,-4075414.088236867
2025-07-31 14:00:00,0.6148378674381791,0.12335686922492811,0.2530972272796041,-3818490.696329823
2025-07-31 15:00:00,0.5020130165881678,0.08247828704301934,0.253040545374878,-4030578.424521738
2025-07-31 16:00:00,0.3549768082734081,0.09198023099907036,0.25298384132751844,-4201722.464369019
2025-07-31 17:00:00,0.18374951710172835,0.08475213115514062,0.25292711516669736,-4137515.8634222182
2025-07-31 18:00:00,8.694424240471459e-17,0.1174014092038105,0.25287036692159803,-4105086.4050418055
2025-07-31 19:00:00,0.0,0.09326160648472519,0.2528135966214153,-4362151.738689157
2025-07-31 20:00:00,0.0,0.10685398236033433,0.252756804295355,-4577713.222414119
2025-07-31 21:00:00,0.0,0.12324951079713878,0.25269998997263465,-4623382.814759315
2025-07-31 22:00:00,0.0,0.12305961733920243,0.2526431536824829,-4810001.533636789
2025-07-31 23:00:00,0.0,0.1090172862777573,0.2525862954541398,-4875021.896194222
2025-08-01 00:00:00,0.0,0.08361844912124415,0.2525294153168566,-4842228.703936057
2025-08-01 01:00:00,0.0,0.09167201044443347,0.2524725132998957,-4985581.816265892
2025-08-01 02:00:00,0.0,0.09917587610685166,0.2524155894325311,-5099957.67299926
2025-08-01 03:00:00,0.0,0.10451834701961359,0.2523586437440477,-4411774.796641094
2025-08-01 04:00:00,0.0,0.10681747611239265,0.2523016762637419,-4686218.045954793
2025-08-01 05:00:00,0.0,0.10830347625801896,0.2522446870209211,-4428583.61578827
2025-08-01 06:00:00,0.0,0.09413930660805811,0.25218767604490405,-4628724.458392542
2025-08-01 07:00:00,0.18261118657186332,0.1133102214634204,0.2521306433650205,-4096087.841657056
2025-08-01 08:00:00,0.3527777225581086,0.09292585152463133,0.2520735890106115,-4272515.618471132
2025-08-01 09:00:00,0.49890303974477,0.10383004259806979,0.2520165130110293,-4265941.774968753
2025-08-01 10:00:00,0.6110289392490813,0.10874891312531261,0.2519594153956372,-4115907.8079394656
2025-08-01 11:00:00,0.6815142263166335,0.11539856002208898,0.2519022961938096,-3993995.837896146
2025-08-01 12:00:00,0.7055554451162172,0.08008212068836267,0.2518451554349321,-3884016.895744419
2025-08-01 13:00:00,0.6815142263166335,0.09079915335904401,0.2517879931484011,-4105118.012859523
2025-08-01 14:00:00,0.6110289392490813,0.0846588867061024,0.25173080936362463,-4149522.416675046
2025-08-01 15:00:00,0.4989030397447701,0.0933393558291847,0.25167360411002127,-4170684.6788000786
2025-08-01 16:00:00,0.3527777225581086,0.09534652244590551,0.2516163774170208,-4469387.9122081
2025-08-01 17:00:00,0.1826111865718635,0.08109947677586556,0.2515591293140641,-4226169.116401516
2025-08-01 18:00:00,8.640562174825614e-17,0.07692403454746768,0.2515018598306031,-4389986.031793965
2025-08-01 19:00:00,0.0,0.08898014927575153,0.2514445689961005,-4323863.188981143
2025-08-01 20:00:00,0.0,0.08374416195246054,0.2513872568400303,-4411907.114921365
2025-08-01 21:00:00,0.0,0.11735081717402107,0.2513299233918772,-4549727.991057756
2025-08-01 22:00:00,0.0,0.1162817740488881,0.251272568681137,-4845866.152457746
2025-08-01 23:00:00,0.0,0.09254704839560039,0.2512151927373163,-4553594.9699446
2025-08-02 00:00:00,0.0,0.08848077549475764,0.2511577955899329,-4910006.07714766
2025-08-02 01:00:00,0.0,0.09531944091395052,0.2511003772685152,-4742259.3560581375
2025-08-02 02:00:00,0.0,0.11492526881043463,0.2510429378026026,-4914893.093462379
2025-08-02 03:00:00,0.0,0.09275010257393586,0.2509854772217455,-5066597.73445083
2025-08-02 04:00:00,0.0,0.09506851453136646,0.250927995555505,-4676084.661632483
2025-08-02 05:00:00,0.0,0.08272190017762535,0.25087049283345314,-4313765.852130338
2025-08-02 06:00:00,0.0,0.11394164747973512,0.25081296908517275,-4494834.743220396
2025-08-02 07:00:00,0.18144942187387952,0.0852603813103697,0.25075542434025744,-4467321.093683218
2025-08-02 08:00:00,0.35053336550640163,0.11846861735063395,0.2506978586283118,-4225080.301863781
2025-08-02 09:00:00,0.49572903956343845,0.07455466459785695,0.25064027197895095,-4421795.641777484
2025-08-02 10:00:00,0.6071415988051995,0.0836936928527512,0.2505826644218009,-4415948.56034398
2025-08-02 11:00:00,0.6771784614373181,0.10886222467980453,0.2505250359864986,-4147514.55472217
2025-08-02 12:00:00,0.7010667310128034,0.09361989547564843,0.25046738670269136,-4434597.006847752
2025-08-02 13:00:00,0.6771784614373181,0.09359086220646318,0.2504097166000376,-3777265.923544067
2025-08-02 14:00:00,0.6071415988051996,0.08519759555729416,0.2503520257082061,-4103958.533255631
2025-08-02 15:00:00,0.49572903956343856,0.11104925069013023,0.25029431405687663,-3794874.4032159965
2025-08-02 16:00:00,0.35053336550640163,0.11319925327002095,0.2502365816757395,-4290107.175654713
2025-08-02 17:00:00,0.18144942187387972,0.10218210134533177,0.2501788285944957,-4038463.3770320714
2025-08-02 18:00:00,8.58559128123528e-17,0.10812936715250906,0.2501210548428568,-4447315.1630227165
2025-08-02 19:00:00,0.0,0.0844236577806616,0.2500632604505452,-4666006.058420562
2025-08-02 20:00:00,0.0,0.10254079816178836,0.2500054454472938,-4394704.622892929
2025-08-02 21:00:00,0.0,0.09852378970990978,0.24994760986284595,-4784193.211937076
2025-08-02 22:00:00,0.0,0.07368990397904622,0.24988975372695582,-4649722.617720481
2025-08-02 23:00:00,0.0,0.0952461744613489,0.24983187706938811,-4440915.7462276975
2025-08-03 00:00:00,0.0,0.09083890943259021,0.24977397991991798,-4772894.89453333
2025-08-03 01:00:00,0.0,0.09635214496743204,0.24971606230833124,-4811781.524750671
2025-08-03 02:00:00,0.0,0.08729582461589468,0.2496581242644241,-4993808.384037714
2025-08-03 03:00:00,0.0,0.07290869079147311,0.24960016581800343,-4838592.348532058
2025-08-03 04:00:00,0.0,0.08638810921698376,0.2495421869988865,-4699392.470743588
2025-08-03 05:00:00,0.0,0.10889406406600766,0.24948418783690113,-4497983.587469262
2025-08-03 06:00:00,0.0,0.08716335503467358,0.2494261683618855,-4379569.276753648
2025-08-03 07:00:00,0.18026456726372986,0.10551343917025201,0.24936812860368832,-4807027.151938122
2025-08-03 08:00:00,0.34824440216971914,0.10363155339950489,0.24931006859216873,-4074884.5031852326
2025-08-03 09:00:00,0.49249195656892736,0.0918668947654765,0.2492519883571962,-4153041.6950970665
2025-08-03 10:00:00,0.603176998009403,0.07965221455910378,0.24919388792865077,-4213691.459662065
2025-08-03 11:00:00,0.6727565238326573,0.10343671600956747,0.24913576733642284,-3912055.9585470003
2025-08-03 12:00:00,0.6964888043394384,0.09841602021349825,0.24907762661041294,-3972619.9718498494
2025-08-03 13:00:00,0.6727565238326573,0.07239252388093997,0.24901946578053225,-3962817.1153683164
2025-08-03 14:00:00,0.603176998009403,0.07538169176974585,0.24896128487670216,-3840680.226222528
2025-08-03 15:00:00,0.4924919565689274,0.1008255205374936,0.24890308392885444,-4082178.3137659156
2025-08-03 16:00:00,0.34824440216971914,0.08611489929859771,0.24884486296693115,-4152315.6021791785
2025-08-03 17:00:00,0.18026456726373005,0.0807042725869632,0.24878662202088458,-4107965.7656971575
2025-08-03 18:00:00,8.529527848762603e-17,0.09849224081330658,0.24872836112067737,-4690180.65184052
2025-08-03 19:00:00,0.0,0.08065382410701157,0.24867008029628243,-4422232.545066881
2025-08-03 20:00:00,0.0,0.0827126025508131,0.24861177957768296,-4448132.181477815
2025-08-03 21:00:00,0.0,0.0923625482466212,0.2485534589948723,-4077230.0093255094
2025-08-03 22:00:00,0.0,0.07903634044957586,0.24849511857785397,-4506682.702530759
2025-08-03 23:00:00,0.0,0.08394129765486691,0.2484367583566419,-4919849.810252559
2025-08-04 00:00:00,0.0,0.11036090590854292,0.24837837836125998,-4702080.0390833635
2025-08-04 01:00:00,0.0,0.11147791987679272,0.2483199786217425,-4743890.233869371
2025-08-04 02:00:00,0.0,0.11087173600166808,0.24826155916813364,-4932090.293346041
2025-08-04 03:00:00,0.0,0.10206827262853405,0.24820312003048794,-5044981.139926728
2025-08-04 04:00:00,0.0,0.10989619577367225,0.24814466123887,-4573460.473807588
2025-08-04 05:00:00,0.0,0.10102808621058305,0.2480861828233545,-4773056.349978177
2025-08-04 06:00:00,0.0,0.09590402765704001,0.2480276848140262,-4468761.845607449
2025-08-04 07:00:00,0.17905697383940647,0.09250664521814739,0.24796916724098006,-4172017.002006867
2025-08-04 08:00:00,0.34591151081729754,0.09333343885215771,0.24791063013432105,-4296525.961705202
2025-08-04 09:00:00,0.48919274997878975,0.0940069988011535,0.247852073524164,-4215500.941573937
2025-08-04 10:00:00,0.5991363116584706,0.09490734217138257,0.24779349744063406,-4147512.863844553
2025-08-04 11:00:00,0.6682497238181964,0.09438598044653769,0.24773490191386624,-4210893.141697652
2025-08-04 12:00:00,0.6918230216345952,0.07229103800539849,0.2476762869740056,-3907703.5076301517
2025-08-04 13:00:00,0.6682497238181964,0.09234064192385018,0.2476176526512071,-4209290.409468139
2025-08-04 14:00:00,0.5991363116584707,0.07598179248190469,0.24755899897563588,-4305337.848884141
2025-08-04 15:00:00,0.4891927499787898,0.08822939635357134,0.2475003259774668,-4183348.80082963
2025-08-04 16:00:00,0.34591151081729754,0.08382494234992031,0.24744163368688485,-4185578.9130761325
2025-08-04 17:00:00,0.17905697383940666,0.0813140659895417,0.2473829221340848,-4096676.4662305242
2025-08-04 18:00:00,8.47238849021257e-17,0.10513321990642194,0.24732419134927136,-4460247.41447713
2025-08-04 19:00:00,0.0,0.10335709878222522,0.24726544136265918,-4642386.656236798
2025-08-04 20:00:00,0.0,0.07463988291676256,0.24720667220447287,-4524031.85585178
2025-08-04 21:00:00,0.0,0.10597974533518556,0.24714788390494663,-4647258.748517038
2025-08-04 22:00:00,0.0,0.0936141895189996,0.24708907649432482,-4582322.761690353
2025-08-04 23:00:00,0.0,0.08829870280119893,0.24703025000286144,-4667290.030465622
2025-08-05 00:00:00,0.0,0.0817096872546342,0.24697140446082033,-4641523.2401402
2025-08-05 01:00:00,0.0,0.10569922588496701,0.24691253989847528,-5086986.015267368
2025-08-05 02:00:00,0.0,0.10112711420494205,0.2468536563461096,-4669586.982762498
2025-08-05 03:00:00,0.0,0.0963955157093919,0.24679475383401656,-4814530.509366986
2025-08-05 04:00:00,0.0,0.09059032316279123,0.2467358323924992,-4645964.896609578
2025-08-05 05:00:00,0.0,0.0834774984188643,0.24667689205187018,-4390115.515098848
2025-08-05 06:00:00,0.0,0.08135458742816136,0.24661793284245193,-4548376.041204481
2025-08-05 07:00:00,0.17782699943690297,0.08656023143974283,0.24655895479457662,-4529260.213731729
2025-08-05 08:00:00,0.34353538273519235,0.10798587731690719,0.2464999579385861,-4253888.219746037
2025-08-05 09:00:00,0.4858323974191411,0.08915495974588035,0.24644094230483185,-3919922.613306306
2025-08-05 10:00:00,0.5950207370949733,0.07606431891774414,0.24638190792367512,-4130417.6197589976
2025-08-05 11:00:00,0.6636593968560441,0.10474435960068551,0.2463228548254867,-4256541.053856487
2025-08-05 12:00:00,0.6870707654703848,0.08938215649617892,0.24626378304064694,-4128492.003444536
2025-08-05 13:00:00,0.6636593968560441,0.08988079498448796,0.24620469259954603,-4051330.289473939
2025-08-05 14:00:00,0.5950207370949734,0.0780334538946582,0.24614558353258353,-4118011.1234256327
2025-08-05 15:00:00,0.4858323974191412,0.06971912248689686,0.24608645587016875,-4237661.78802719
2025-08-05 16:00:00,0.34353538273519235,0.0797541729633007,0.24602730964272052,-4215535.920387158
2025-08-05 17:00:00,0.17782699943690317,0.08272447287544832,0.24596814488066712,-4234876.446155008
2025-08-05 18:00:00,8.414190137210286e-17,0.08332612912743298,0.2459089616144465,-4523125.777175871
2025-08-05 19:00:00,0.0,0.06894178807376289,0.2458497598745061,-4166984.1873954493
2025-08-05 20:00:00,0.0,0.0957934058979818,0.24579053969130282,-4385347.469204507
2025-08-05 21:00:00,0.0,0.0731220511637511,0.245731301095303,-4489090.1864385
2025-08-05 22:00:00,0.0,0.08606204324156486,0.24567204411698257,-4483776.214311984
2025-08-05 23:00:00,0.0,0.10495969847420121,0.24561276878682686,-4673925.535053727
2025-08-06 00:00:00,0.0,0.09337421738676036,0.24555347513533068,-4663692.538776709
2025-08-06 01:00:00,0.0,0.06781081377055055,0.24549416319299827,-4810993.94872399
2025-08-06 02:00:00,0.0,0.0934990383915465,0.24543483299034313,-4489203.341827198
2025-08-06 03:00:00,0.0,0.10369183413487028,0.24537548455788835,-4868618.15184891
2025-08-06 04:00:00,0.0,0.09804085225572819,0.24531611792616628,-4678488.319840509
2025-08-06 05:00:00,0.0,0.07331757216014564,0.24525673312571872,-4549347.356012088
2025-08-06 06:00:00,0.0,0.08618280326055565,0.24519733018709672,-4341832.607280062
2025-08-06 07:00:00,0.17657500852417995,0.10212409278703556,0.24513790914086067,-4286425.858596858
2025-08-06 08:00:00,0.34111672202143556,0.07832992293351275,0.24507847001758037,-4210873.665196374
2025-08-06 09:00:00,0.4824118946349672,0.0998764196191131,0.2450190128478349,-4216958.733143906
2025-08-06 10:00:00,0.5908314938524758,0.09699185888612122,0.24495953766221257,-4074351.2010059273
2025-08-06 11:00:00,0.6589869031591472,0.09092881038021741,0.2449000444913109,-3884392.187456619
2025-08-06 12:00:00,0.6822334440428712,0.09339399174694164,0.24484053336573677,-3964505.8777514305
2025-08-06 13:00:00,0.6589869031591472,0.07413258909442959,0.24478100431610633,-4115505.485748386
2025-08-06 14:00:00,0.5908314938524758,0.08003499989602061,0.2447214573730449,-4168180.08962614
2025-08-06 15:00:00,0.4824118946349673,0.0847494689409949,0.24466189256718684,-3986532.7784166695
2025-08-06 16:00:00,0.34111672202143556,0.0833642781619504,0.24460230992917603,-3998523.099789896
2025-08-06 17:00:00,0.17657500852418015,0.07255323475801599,0.2445427094896652,-4046433.9803146305
2025-08-06 18:00:00,8.354950035183772e-17,0.066558028578115,0.24448309127931647,-4125331.8350064377
2025-08-06 19:00:00,0.0,0.08528962440779062,0.244423455328801,-4340046.117136722
2025-08-06 20:00:00,0.0,0.08863845770432825,0.24436380166879906,-4487691.182869748
2025-08-06 21:00:00,0.0,0.10254718526327092,0.24430413033000015,-4441621.8289714465
2025-08-06 22:00:00,0.0,0.08894500886634102,0.2442444413431027,-4275211.467404045
2025-08-06 23:00:00,0.0,0.09736753249115926,0.2441847347388143,-4708638.505365221
2025-08-07 00:00:00,0.0,0.0712307183083959,0.2441250105478516,-4667065.9881568905
2025-08-07 01:00:00,0.0,0.07288789094183759,0.24406526880094043,-4852725.7510540495
2025-08-07 02:00:00,0.0,0.07906002101388176,0.24400550952881533,-4913993.81423786
2025-08-07 03:00:00,0.0,0.09177680631295056,0.24394573276222015,-4626125.354199461
2025-08-07 04:00:00,0.0,0.08684505628706303,0.2438859385319076,-4795149.513803815
2025-08-07 05:00:00,0.0,0.09313332235771678,0.24382612686863944,-4494123.346038075
2025-08-07 06:00:00,0.0,0.09198645820730983,0.24376629780318643,-4377936.141927798
2025-08-07 07:00:00,0.17530137209316496,0.09932819146340409,0.24370645136632813,-4320366.375848284
2025-08-07 08:00:00,0.3386562453773955,0.09351689978041003,0.2436465875888531,-4590516.090138113
2025-08-07 09:00:00,0.4789322551950635,0.09245220207927668,0.24358670650155895,-4320773.2527871365
2025-08-07 10:00:00,0.5865698232941619,0.08548508592094627,0.24352680813525207,-4141372.1050316393
2025-08-07 11:00:00,0.6542336272882285,0.0837657102924035,0.24346689252074774,-3753474.383354895
2025-08-07 12:00:00,0.6773124907547912,0.08692565357381997,0.24340695968887013,-4224085.867643938
2025-08-07 13:00:00,0.6542336272882285,0.07291499502483616,0.2433470096704523,-3965875.5553427087
2025-08-07 14:00:00,0.5865698232941619,0.06521363243672354,0.24328704249633618,-3969217.104095179
2025-08-07 15:00:00,0.4789322551950636,0.09709294087128646,0.2432270581973724,-4128452.842983
2025-08-07 16:00:00,0.3386562453773955,0.0987527399119676,0.2431670568044205,-3936081.6026709825
2025-08-07 17:00:00,0.17530137209316513,0.08291096774419811,0.24310703834834876,-4147768.304214601
2025-08-07 18:00:00,8.294685738253762e-17,0.07205275178718665,0.24304700286003428,-4371275.159755534
2025-08-07 19:00:00,0.0,0.09251213534840472,0.24298695037036294,-4431195.378603143
2025-08-07 20:00:00,0.0,0.07064915191405569,0.24292688091022932,-4438918.458348905
2025-08-07 21:00:00,0.0,0.09533256949822808,0.24286679451053675,-4297493.4611452045
2025-08-07 22:00:00,0.0,0.06307632819666945,0.24280669120219728,-4539191.178777234
2025-08-07 23:00:00,0.0,0.0719202685505191,0.2427465710161316,-4797943.268414556
2025-08-08 00:00:00,0.0,0.08344124230481718,0.24268643398326917,-4740624.047123776
2025-08-08 01:00:00,0.0,0.06233114446095568,0.24262628013454812,-4836953.228606518
2025-08-08 02:00:00,0.0,0.09584359423067187,0.24256610950091512,-4657757.484630559
2025-08-08 03:00:00,0.0,0.06846651511425508,0.24250592211332558,-4817058.1122140605
2025-08-08 04:00:00,0.0,0.07734176052536311,0.2424457180027435,-4648078.024131698
2025-08-08 05:00:00,0.0,0.07152406547209197,0.24238549720014146,-4851647.50402717
2025-08-08 06:00:00,0.0,0.083894588693463,0.24232525973650068,-4418681.577313536
2025-08-08 07:00:00,0.17400646754981983,0.0890664315073862,0.2422650056428109,-4285641.127555536
2025-08-08 08:00:00,0.3361546818954033,0.08392044544483167,0.24220473495007042,-4463079.409491569
2025-08-08 09:00:00,0.4753945101916928,0.08462978189279295,0.2421444476892861,-4611316.456781576
2025-08-08 10:00:00,0.5822369882449924,0.09104648063164476,0.24208414389147334,-4125805.877788683
2025-08-08 11:00:00,0.6494009777415127,0.061241959581860975,0.24202382358765598,-4054753.2095834888
2025-08-08 12:00:00,0.6723093637908066,0.0796158363545329,0.24196348680886642,-4154980.4911096077
2025-08-08 13:00:00,0.6494009777415127,0.08080868881526115,0.2419031335861455,-3919033.191550363
2025-08-08 14:00:00,0.5822369882449924,0.06924326067743473,0.24184276395054258,-3887094.196809121
2025-08-08 15:00:00,0.47539451019169293,0.06814806129088254,0.24178237793311538,-3943721.8124595582
2025-08-08 16:00:00,0.3361546818954033,0.08858082900176904,0.24172197556493005,-4195470.70071108
2025-08-08 17:00:00,0.17400646754982,0.074374710004046,0.24166155687706123,-4027698.2620889437
2025-08-08 18:00:00,8.233415104032048e-17,0.06584977550138017,0.24160112190059188,-4220511.989143092
2025-08-08 19:00:00,0.0,0.08389681427156152,0.24154067066661347,-4105389.5909332787
2025-08-08 20:00:00,0.0,0.08205018706340096,0.2414802032062256,-4564896.898575184
2025-08-08 21:00:00,0.0,0.076637836099957,0.2414197195505364,-4580755.812197329
2025-08-08 22:00:00,0.0,0.07861448560652862,0.24135921973066224,-4705721.023189134
2025-08-08 23:00:00,0.0,0.06563268925078479,0.24129870377772794,-4659606.43733363
2025-08-09 00:00:00,0.0,0.07569744822181655,0.24123817172286643,-4813430.523029284
2025-08-09 01:00:00,0.0,0.08459520088010172,0.24117762359721912,-4724707.150882503
2025-08-09 02:00:00,0.0,0.08073535506870914,0.2411170594319356,-5052882.804350754
2025-08-09 03:00:00,0.0,0.09237846675512128,0.24105647925817358,-4739068.097593659
2025-08-09 04:00:00,0.0,0.0931355425178363,0.2409958831070992,-4570812.066972916
2025-08-09 05:00:00,0.0,0.05956209580674343,0.24093527100988676,-4975412.839307838
2025-08-09 06:00:00,0.0,0.0607695251309246,0.2408746429977188,-4458981.082267857
2025-08-09 07:00:00,0.17269067860230705,0.06128154687227228,0.24081399910178586,-4538873.069403404
2025-08-09 08:00:00,0.33361277284270674,0.08558022740485784,0.2407533393532869,-4289509.831154377
2025-08-09 09:00:00,0.47179970793505044,0.059096246197435726,0.2406926637834289,-3920725.9565040553
2025-08-09 10:00:00,0.5778342726175026,0.0845520414566426,0.24063197242342702,-4174693.112496316
2025-08-09 11:00:00,0.6444903865373576,0.09087567548599881,0.24057126530450448,-3943862.1829517228
2025-08-09 12:00:00,0.6672255456854135,0.07983749647424754,0.24051054245789272,-3933642.561738277
2025-08-09 13:00:00,0.6444903865373576,0.07543491969298004,0.24044980391483115,-4055707.433222706
2025-08-09 14:00:00,0.5778342726175026,0.06708851268938576,0.24038904970656735,-4223281.125132458
2025-08-09 15:00:00,0.47179970793505044,0.07254122735173699,0.2403282798643569,-4009038.1690348145
2025-08-09 16:00:00,0.33361277284270674,0.08201121481487067,0.2402674944194635,-4357477.919345718
2025-08-09 17:00:00,0.17269067860230725,0.06726872048332498,0.24020669340315876,-4195683.286795815
2025-08-09 18:00:00,8.171156288329878e-17,0.08911060357565408,0.2401458768467223,-3752835.529736537
2025-08-09 19:00:00,0.0,0.06290273050177574,0.24008504478144202,-4451492.020447076
2025-08-09 20:00:00,0.0,0.08704030714116537,0.24002419723861337,-4695425.369295145
2025-08-09 21:00:00,0.0,0.08405263541693374,0.23996333424954003,-4534256.4967120495
2025-08-09 22:00:00,0.0,0.06316982361600008,0.23990245584553366,-4187539.6964233187
2025-08-09 23:00:00,0.0,0.08762931231778624,0.23984156205791357,-4511267.161739184
2025-08-10 00:00:00,0.0,0.0744518918207484,0.2397806529180073,-4794376.480530176
2025-08-10 01:00:00,0.0,0.0643624991114301,0.2397197284571501,-4719295.572620759
2025-08-10 02:00:00,0.0,0.07286023637127186,0.23965878870668522,-4793292.419361157
2025-08-10 03:00:00,0.0,0.08437174934558306,0.23959783369796367,-4646633.5929685375
2025-08-10 04:00:00,0.0,0.07127661566399557,0.23953686346234435,-4395062.936467484
2025-08-10 05:00:00,0.0,0.09049109293722754,0.23947587803119405,-4485974.751408556
2025-08-10 06:00:00,0.0,0.08996945677777785,0.23941487743588727,-4789352.079706966
2025-08-10 07:00:00,0.1713543951472889,0.07670349866775432,0.2393538617078064,-4095672.884247879
2025-08-10 08:00:00,0.33103127144181704,0.06540214347821809,0.23929283087834158,-4153996.130701958
2025-08-10 09:00:00,0.46814891364262706,0.06893490811425117,0.23923178497889072,-4285934.031798311
2025-08-10 10:00:00,0.5733629810313515,0.07504335461254466,0.23917072404085948,-3791350.4826173405
2025-08-10 11:00:00,0.639503308789916,0.08436749280906726,0.23910964809566132,-4242331.286653976
2025-08-10 12:00:00,0.6620625428836342,0.0725513907080107,0.23904855717471726,-4320087.82063725
2025-08-10 13:00:00,0.639503308789916,0.08739356405654379,0.2389874513094562,-3865770.3211357924
2025-08-10 14:00:00,0.5733629810313515,0.0731587928331959,0.23892633053131462,-3832416.443473315
2025-08-10 15:00:00,0.4681489136426271,0.08732425292640805,0.23886519487173677,-4073321.8509546514
2025-08-10 16:00:00,0.33103127144181704,0.06276336458922985,0.2388040443621744,-3922644.5393496393
2025-08-10 17:00:00,0.17135439514728906,0.07000886703299618,0.23874287903408703,-4336805.914714973
2025-08-10 18:00:00,8.107927739777998e-17,0.059452128086965705,0.2386816989189418,-3889990.348495875
2025-08-10 19:00:00,0.0,0.0722387798277404,0.2386205040482134,-4358480.697316436
2025-08-10 20:00:00,0.0,0.08176721546525288,0.23855929445338417,-4262746.781598049
2025-08-10 21:00:00,0.0,0.08089204362132611,0.23849807016594388,-4663830.645737322
2025-08-10 22:00:00,0.0,0.08169419886554993,0.2384368312173901,-4663205.931898673
2025-08-10 23:00:00,0.0,0.07907112096172486,0.23837557763922773,-5106683.546173847
2025-08-11 00:00:00,0.0,0.07407512000477162,0.23831430946296933,-4611361.303551844
2025-08-11 01:00:00,0.0,0.05596835644838388,0.23825302672013493,-4731215.640175346
2025-08-11 02:00:00,0.0,0.0887126587150695,0.23819172944225198,-4408090.266678107
2025-08-11 03:00:00,0.0,0.05684958709949304,0.23813041766085546,-4870492.085876191
2025-08-11 04:00:00,0.0,0.06303714689783889,0.2380690914074879,-4649839.643292336
2025-08-11 05:00:00,0.0,0.060784320504202904,0.23800775071369912,-4541996.719160407
2025-08-11 06:00:00,0.0,0.05841023137069276,0.2379463956110465,-4424635.412168964
2025-08-11 07:00:00,0.1699980131543924,0.08241218254315051,0.23788502613109472,-4361603.19148575
2025-08-11 08:00:00,0.32841094264731274,0.0769983764845349,0.23782364230541594,-4394041.433944152
2025-08-11 09:00:00,0.4644432091235624,0.08402786121550825,0.23776224416558975,-4287577.022642324
2025-08-11 10:00:00,0.5688244384267342,0.07408711363936003,0.2377008317432029,-4172686.3521089074
2025-08-11 11:00:00,0.6344412222779549,0.08591750347943625,0.23763940506984976,-4053158.56667076
2025-08-11 12:00:00,0.6568218852946255,0.058117786037620155,0.23757796417713178,-3969665.5271876026
2025-08-11 13:00:00,0.6344412222779549,0.08372964966227832,0.23751650909665784,-3939985.9639541404
2025-08-11 14:00:00,0.5688244384267344,0.08220472816061142,0.23745503986004415,-4264013.825141077
2025-08-11 15:00:00,0.4644432091235624,0.08505806518414549,0.2373935564989142,-3785159.6751371734
2025-08-11 16:00:00,0.32841094264731274,0.08061378279770949,0.23733205904489862,-3886178.8732313835
2025-08-11 17:00:00,0.16999801315439256,0.06825855758103444,0.2372705475296354,-4335782.236298917
2025-08-11 18:00:00,8.043748194359931e-17,0.055738184964433155,0.2372090219847698,-4256575.509109491
2025-08-11 19:00:00,0.0,0.07611573991350261,0.23714748244195422,-4563843.425529856
2025-08-11 20:00:00,0.0,0.05603958626110799,0.23708592893284833,-4518491.299396835
2025-08-11 21:00:00,0.0,0.0849914368388868,0.23702436148911887,-4477058.375212455
2025-08-11 22:00:00,0.0,0.07855950725077525,0.2369627801424398,-4903527.623815535
2025-08-11 23:00:00,0.0,0.07789760653264365,0.23690118492449233,-4583266.627796247
2025-08-12 00:00:00,0.0,0.055585249864102654,0.23683957586696472,-4733319.260162025
2025-08-12 01:00:00,0.0,0.060002362707387465,0.23677795300155227,-4580590.6594478395
2025-08-12 02:00:00,0.0,0.08465269446211035,0.23671631635995757,-4970551.841393574
2025-08-12 03:00:00,0.0,0.07014192505227224,0.23665466597389023,-4396164.531270297
2025-08-12 04:00:00,0.0,0.07642054466113334,0.23659300187506677,-4686792.032232282
2025-08-12 05:00:00,0.0,0.0712248324553221,0.23653132409521094,-4641678.455053933
2025-08-12 06:00:00,0.0,0.07589785942415363,0.23646963266605348,-4540637.73865979
2025-08-12 07:00:00,0.1686219345488752,0.08215646489629637,0.23640792761933221,-4284852.643439651
2025-08-12 08:00:00,0.32575256291916693,0.05862308876125253,0.23634620898679184,-4164344.1064168354
2025-08-12 09:00:00,0.4606836924580809,0.061436187902220635,0.23628447680018416,-3969040.40501434
2025-08-12 10:00:00,0.5642199896717747,0.05767355797404433,0.23622273109126793,-4308828.359844083
2025-08-12 11:00:00,0.6293056270069561,0.08337591445176433,0.2361609718918088,-4098512.431660292
2025-08-12 12:00:00,0.651505125838334,0.07317366407706315,0.23609919923357936,-4356144.439455225
2025-08-12 13:00:00,0.6293056270069561,0.06373534080606279,0.23603741314835924,-3864895.267686491
2025-08-12 14:00:00,0.5642199896717747,0.08337828148847243,0.23597561366793485,-4032355.4094009553
2025-08-12 15:00:00,0.460683692458081,0.07067492846226762,0.23591380082409957,-4002669.4640647415
2025-08-12 16:00:00,0.32575256291916693,0.07839777131234996,0.23585197464865365,-4143795.508347531
2025-08-12 17:00:00,0.1686219345488754,0.05529439656049086,0.23579013517340414,-4066672.995950226
2025-08-12 18:00:00,7.978636669860093e-17,0.05650405338346486,0.23572828243016494,-4237241.771489351
2025-08-12 19:00:00,0.0,0.07189471591243408,0.23566641645075687,-4429836.384396285
2025-08-12 20:00:00,0.0,0.07545275907806981,0.2356045372670075,-4677081.935782822
2025-08-12 21:00:00,0.0,0.062160519021470614,0.2355426449107511,-4775874.072109739
2025-08-12 22:00:00,0.0,0.056982278415952624,0.23548073941382885,-4770803.662675022
2025-08-12 23:00:00,0.0,0.07726885645484631,0.23541882080808868,-4591514.495929969
2025-08-13 00:00:00,0.0,0.061148526503890015,0.23535688912538524,-4420494.943832906
2025-08-13 01:00:00,0.0,0.07611559114160125,0.23529494439757978,-4733831.469483055
2025-08-13 02:00:00,0.0,0.07155042536401808,0.23523298665654047,-4639694.415534862
2025-08-13 03:00:00,0.0,0.061675539303505604,0.23517101593414205,-4906062.598762645
2025-08-13 04:00:00,0.0,0.08127736348274313,0.23510903226226598,-4678671.148474171
2025-08-13 05:00:00,0.0,0.06409043660475267,0.23504703567280044,-4636870.912817344
2025-08-13 06:00:00,0.0,0.0557637854512899,0.2349850261976401,-4519875.172728084
2025-08-13 07:00:00,0.16722656709252628,0.07669868868739263,0.2349230038686864,-4505781.140791621
2025-08-13 08:00:00,0.32305691999266556,0.05755094295059625,0.2348609687178472,-4611467.448530701
2025-08-13 09:00:00,0.4568714776721075,0.06817649703643196,0.23479892077703723,-3839252.9954416514
2025-08-13 10:00:00,0.5595509991640106,0.05916666589004154,0.23473686007817768,-4011285.969518966
2025-08-13 11:00:00,0.6240980447646338,0.06445146020521375,0.23467478665319627,-3879582.242076028
2025-08-13 12:00:00,0.6461138399853312,0.0786894905976409,0.2346127005340272,-4030559.304225422
2025-08-13 13:00:00,0.6240980447646338,0.0775867404132787,0.2345506017526114,-3748977.0313549093
2025-08-13 14:00:00,0.5595509991640106,0.056828395053771186,0.23448849034089608,-3886867.728082976
2025-08-13 15:00:00,0.4568714776721076,0.058534501163202676,0.2344263663308352,-4139718.4749398567
2025-08-13 16:00:00,0.32305691999266556,0.060861700153421516,0.23436422975438903,-4260939.715098313
2025-08-13 17:00:00,0.16722656709252648,0.07420011268866585,0.23430208064352426,-4254102.304705207
2025-08-13 18:00:00,7.91261246022841e-17,0.06087814507896251,0.23423991903021424,-4302900.228483485
2025-08-13 19:00:00,0.0,0.07297770014371578,0.23417774494643853,-3923659.483768083
2025-08-13 20:00:00,0.0,0.06424144184549906,0.23411555842418327,-4495085.89335076
2025-08-13 21:00:00,0.0,0.0626751291306281,0.2340533594954409,-4383115.450769361
2025-08-13 22:00:00,0.0,0.07228486661178099,0.23399114819221023,-4437907.465194398
2025-08-13 23:00:00,0.0,0.06200769337471717,0.23392892454649653,-4647154.068331393
2025-08-14 00:00:00,0.0,0.06755983772161528,0.23386668859031134,-4511404.396788844
2025-08-14 01:00:00,0.0,0.06405232004128149,0.23380444035567263,-4745724.042991772
2025-08-14 02:00:00,0.0,0.07772358675961046,0.23374217987460458,-4644000.883115496
2025-08-14 03:00:00,0.0,0.05155982092073767,0.23367990717913764,-4586646.380699201
2025-08-14 04:00:00,0.0,0.06828009129157415,0.2336176223013087,-4751932.497519968
2025-08-14 05:00:00,0.0,0.06923517095600062,0.2335553252731608,-4410992.069353627
2025-08-14 06:00:00,0.0,0.050786226327566984,0.23349301612674328,-4443683.11127091
2025-08-14 07:00:00,0.16581232426283754,0.06053084291523442,0.23343069489411167,-4260982.965030474
2025-08-14 08:00:00,0.3203248126449845,0.0579822270013131,0.23336836160732774,-4555718.784474418
2025-08-14 09:00:00,0.4530076944071579,0.04990157470981106,0.23330601629845957,-4173183.2327078753
2025-08-14 10:00:00,0.5548188504260948,0.05531694087652409,0.2332436589995811,-4219158.6756303795
2025-08-14 11:00:00,0.6188200186699955,0.06882442050799632,0.23318128974277286,-4223307.316844381
2025-08-14 12:00:00,0.6406496252899692,0.07532713590942976,0.2331189085601212,-3951534.749825446
2025-08-14 13:00:00,0.6188200186699955,0.05166616874433496,0.2330565154837188,-4248829.983233226
2025-08-14 14:00:00,0.5548188504260948,0.07576494560903428,0.23299411054566443,-4036325.1500641736
2025-08-14 15:00:00,0.4530076944071579,0.06991264772828151,0.23293169377806283,-4103377.0065367837
2025-08-14 16:00:00,0.3203248126449845,0.052222300353248104,0.23286926521302498,-4141870.7430935833
2025-08-14 17:00:00,0.1658123242628377,0.06704568655684762,0.23280682488266788,-4161339.0734939375
2025-08-14 18:00:00,7.84569512986312e-17,0.05621214694450453,0.23274437281911453,-4483493.423670426
2025-08-14 19:00:00,0.0,0.07504501555223139,0.23268190905449407,-4612075.147437311
2025-08-14 20:00:00,0.0,0.06506258179796741,0.2326194336209416,-4117168.902782401
2025-08-14 21:00:00,0.0,0.07383711653118089,0.23255694655059814,-4687196.200889407
2025-08-14 22:00:00,0.0,0.06030431735884779,0.23249444787561085,-4633081.103671551
2025-08-14 23:00:00,0.0,0.06886224054321595,0.23243193762813275,-4671557.43556214
2025-08-15 00:00:00,0.0,0.07047958327227764,0.2323694158403229,-4870925.183953626
2025-08-15 01:00:00,0.0,0.04917110588159163,0.23230688254434625,-4578189.064014547
2025-08-15 02:00:00,0.0,0.0671893813693021,0.23224433777237363,-4904903.930701531
2025-08-15 03:00:00,0.0,0.06594865871945514,0.2321817815565818,-4493203.089162497
2025-08-15 04:00:00,0.0,0.051142983655582196,0.2321192139291535,-4747557.955226416
2025-08-15 05:00:00,0.0,0.06529859980407447,0.23205663492227724,-4773038.780977069
2025-08-15 06:00:00,0.0,0.06370389976556615,0.23199404456814735,-4586682.949061223
2025-08-15 07:00:00,0.16437962513048118,0.05446034012687652,0.2319314428989641,-4315525.970866841
2025-08-15 08:00:00,0.31755705045849464,0.052079176792022015,0.23186882994693353,-4251958.186463173
2025-08-15 09:00:00,0.4490934875856004,0.0632893607794861,0.2318062057442675,-4327515.089179068
2025-08-15 10:00:00,0.5500249456958264,0.057472617279132304,0.23174357032318368,-4448318.920518526
2025-08-15 11:00:00,0.6134731127160817,0.056630733940307126,0.23168092371590546,-4151706.9849646464
2025-08-15 12:00:00,0.6351141009169894,0.07504535934465609,0.23161826595466198,-3625202.5806942787
2025-08-15 13:00:00,0.6134731127160817,0.05879356855048232,0.2315555970716881,-3795429.1508723362
2025-08-15 14:00:00,0.5500249456958265,0.06002139394802783,0.2314929170992245,-4353274.618406423
2025-08-15 15:00:00,0.4490934875856005,0.06665123712431505,0.23143022606951752,-4294043.375724946
2025-08-15 16:00:00,0.31755705045849464,0.04975934532478497,0.2313675240148192,-4181718.865595082
2025-08-15 17:00:00,0.16437962513048135,0.06153487769768565,0.23130481096738717,-4572787.661948888
2025-08-15 18:00:00,7.777904507813401e-17,0.05667177020884938,0.23124208695948478,-4392627.974840141
2025-08-15 19:00:00,0.0,0.07414787391187326,0.23117935202338108,-4441036.323190474
2025-08-15 20:00:00,0.0,0.06609337017126712,0.23111660619135063,-4224181.25898049
2025-08-15 21:00:00,0.0,0.06781198118479725,0.23105384949567367,-4436819.872150456
2025-08-15 22:00:00,0.0,0.049227783469663,0.23099108196863594,-4413266.309104383
2025-08-15 23:00:00,0.0,0.055196593001156036,0.23092830364252892,-5074042.666207264
2025-08-16 00:00:00,0.0,0.058408900794301145,0.2308655145496494,-4545192.75657334
2025-08-16 01:00:00,0.0,0.06116362618649765,0.23080271472229996,-4738915.912846934
2025-08-16 02:00:00,0.0,0.05867304802045133,0.2307399041927886,-4968630.275909571
2025-08-16 03:00:00,0.0,0.0683185479188038,0.2306770829934287,-4953369.273293575
2025-08-16 04:00:00,0.0,0.05685490326210681,0.23061425115653936,-4572331.535433246
2025-08-16 05:00:00,0.0,0.06325741378789339,0.23055140871444496,-4538914.938945627
2025-08-16 06:00:00,0.0,0.061490092739900234,0.23048855569947554,-4639425.990852094
2025-08-16 07:00:00,0.16292889423513035,0.05965542799680055,0.2304256921439663,-4565141.146742151
2025-08-16 08:00:00,0.31475445358086496,0.049599616139785425,0.23036281808025807,-4259657.711709793
2025-08-16 09:00:00,0.44513001707139205,0.06576819913114647,0.23029993354069705,-4397684.422153459
2025-08-16 10:00:00,0.545170705510638,0.06491239740439048,0.2302370385576349,-4378059.846800417
2025-08-16 11:00:00,0.6080589113065225,0.056766760174862714,0.23017413316342836,-4122990.904345305
2025-08-16 12:00:00,0.62950890716173,0.04605302103238372,0.23011121739043988,-4203634.537170183
2025-08-16 13:00:00,0.6080589113065225,0.06014910310655957,0.23004829127103707,-4296104.794931866
2025-08-16 14:00:00,0.545170705510638,0.05766649077054696,0.22998535483759294,-4084863.529722896
2025-08-16 15:00:00,0.4451300170713921,0.04741283270225183,0.22992240812248566,-3982368.2568623265
2025-08-16 16:00:00,0.31475445358086496,0.06524138420206202,0.2298594511580989,-3995005.003228237
2025-08-16 17:00:00,0.16292889423513052,0.04534135183806619,0.22979648397682131,-4330097.298755465
2025-08-16 18:00:00,7.70926068190361e-17,0.070239707809199,0.22973350661104716,-4252254.426998844
2025-08-16 19:00:00,0.0,0.053267836946038254,0.2296705190931757,-4137657.027039077
2025-08-16 20:00:00,0.0,0.0696101750996223,0.22960752145561153,-4210389.625164665
2025-08-16 21:00:00,0.0,0.04462064529396232,0.22954451373076437,-4548346.001170562
2025-08-16 22:00:00,0.0,0.05519475217742987,0.22948149595104914,-4720436.98029613
2025-08-16 23:00:00,0.0,0.06757237433346663,0.22941846814888597,-4755925.800428626
2025-08-17 00:00:00,0.0,0.06671337685112039,0.22935543035670014,-5082127.903671999
2025-08-17 01:00:00,0.0,0.05712912772860942,0.22929238260692217,-4703837.540486161
2025-08-17 02:00:00,0.0,0.04789378077573591,0.22922932493198744,-4456875.409860849
2025-08-17 03:00:00,0.0,0.05388518287423066,0.22916625736433666,-4754776.598062055
2025-08-17 04:00:00,0.0,0.05480443872188985,0.22910317993641552,-4687858.5159048475
2025-08-17 05:00:00,0.0,0.05481817458722011,0.2290400926806749,-4567191.520964374
2025-08-17 06:00:00,0.0,0.06701822332463919,0.2289769956295707,-4380856.296417423
2025-08-17 07:00:00,0.16146056145965867,0.06547503219097447,0.22891388881556365,-4516580.942380501
2025-08-17 08:00:00,0.3119178524820354,0.06882816905800122,0.22885077227111983,-3906156.2271984313
2025-08-17 09:00:00,0.4411184573263849,0.04875447242629658,0.22878764602871005,-4229152.57841273
2025-08-17 10:00:00,0.5402575682866594,0.06707049989879688,0.22872451012081035,-3624470.336520758
2025-08-17 11:00:00,0.6025790187860436,0.051209003759289724,0.22866136457990152,-4067001.2699409844
2025-08-17 12:00:00,0.6238357049640708,0.06496253443530835,0.22859820943846948,-3855679.2247158955
2025-08-17 13:00:00,0.6025790187860436,0.06633910802407135,0.22853504472900493,-4099216.0975292306
2025-08-17 14:00:00,0.5402575682866594,0.043342998785561124,0.22847187048400366,-3933614.448374986
2025-08-17 15:00:00,0.4411184573263849,0.060720359402116404,0.2284086867359663,-4129219.1052277456
2025-08-17 16:00:00,0.3119178524820354,0.06854389036529299,0.22834549351739827,-3957420.994078315
2025-08-17 17:00:00,0.16146056145965884,0.047129994746861824,0.22828229086081003,-4034184.986439249
2025-08-17 18:00:00,7.63978399278082e-17,0.050325822068804815,0.22821907879871675,-4116160.317680535
2025-08-17 19:00:00,0.0,0.04909961069107145,0.22815585736363847,-4282690.509285638
2025-08-17 20:00:00,0.0,0.05214627368987692,0.22809262658810014,-4629116.402807373
2025-08-17 21:00:00,0.0,0.06422980730575052,0.22802938650463148,-4804927.013571838
2025-08-17 22:00:00,0.0,0.060967445559541235,0.22796613714576688,-4623470.319986294
2025-08-17 23:00:00,0.0,0.05552057823882598,0.22790287854404567,-4753569.918475716
2025-08-18 00:00:00,0.0,0.04363773438779133,0.22783961073201184,-4635334.291198921
2025-08-18 01:00:00,0.0,0.04781862667281815,0.22777633374221418,-4683927.522538778
2025-08-18 02:00:00,0.0,0.05240485870490505,0.22771304760720612,-5129412.59586445
2025-08-18 03:00:00,0.0,0.05870637784935474,0.22764975235954582,-4640104.778515101
2025-08-18 04:00:00,0.0,0.06407413065635341,0.22758644803179617,-4276294.062578334
2025-08-18 05:00:00,0.0,0.0461194605837903,0.22752313465652474,-5058396.4834826365
2025-08-18 06:00:00,0.0,0.0614098664817032,0.22745981226630368,-4422923.580781161
2025-08-18 07:00:00,0.1599750619027567,0.05801663276022921,0.2273964808937098,-4252780.845656515
2025-08-18 08:00:00,0.30904808770813025,0.04290854259314268,0.22733314057132464,-4333009.434123614
2025-08-18 09:00:00,0.4370599970623076,0.06434619736891671,0.2272697913317341,-4228200.376899726
2025-08-18 10:00:00,0.5352869898924842,0.04952657221480056,0.227206433207529,-4102628.687462312
2025-08-18 11:00:00,0.5970350589650644,0.04163472560609498,0.22714306623130445,-3894780.9834131636
2025-08-18 12:00:00,0.6180961754162606,0.06243632171867917,0.2270796904356602,-4015402.1353339246
2025-08-18 13:00:00,0.5970350589650644,0.058419160123747316,0.22701630585320057,-3977385.9535804414
2025-08-18 14:00:00,0.5352869898924844,0.06463595599711063,0.22695291251653443,-4065513.927556839
2025-08-18 15:00:00,0.4370599970623077,0.045391470940358794,0.22688951045827513,-4099462.649388782
2025-08-18 16:00:00,0.30904808770813025,0.05796555410060508,0.22682609971104034,-4140012.829289393
2025-08-18 17:00:00,0.1599750619027569,0.06434756398361016,0.22676268030745247,-4208294.195373217
2025-08-18 18:00:00,7.569495027887445e-17,0.042762423161686235,0.22669925228013824,-4352226.06786586
2025-08-18 19:00:00,0.0,0.06505635057646761,0.22663581566172883,-4195529.375996028
2025-08-18 20:00:00,0.0,0.05848722727797997,0.22657237048485981,-4585440.09433252
2025-08-18 21:00:00,0.0,0.04709910874092927,0.22650891678217122,-4627852.604292847
2025-08-18 22:00:00,0.0,0.05231096647376683,0.22644545458630735,-4580619.542310331
2025-08-18 23:00:00,0.0,0.04696551403459238,0.22638198392991699,-4924584.605296892
2025-08-19 00:00:00,0.0,0.05537279476778711,0.22631850484565327,-5028979.543904074
2025-08-19 01:00:00,0.0,0.05864396166468394,0.22625501736617365,-4915431.056889927
2025-08-19 02:00:00,0.0,0.05683923595303179,0.2261915215241399,-4664021.23655291
2025-08-19 03:00:00,0.0,0.05734438252753729,0.22612801735221802,-4247358.129669993
2025-08-19 04:00:00,0.0,0.05581472913431479,0.2260645048830784,-4803214.203111757
2025-08-19 05:00:00,0.0,0.05661986678619799,0.2260009841493956,-4673560.7598316865
2025-08-19 06:00:00,0.0,0.04822710208313345,0.22593745518384858,-4764896.799326518
2025-08-19 07:00:00,0.15847283575000293,0.04574604675893949,0.2258739180191204,-4488499.359215746
2025-08-19 08:00:00,0.3061460096323867,0.05532724260043688,0.22581037268789833,-4250975.520644993
2025-08-19 09:00:00,0.4329558388885255,0.04673304473185652,0.22574681922287398,-4370480.8776973225
2025-08-19 10:00:00,0.5302604432177648,0.060713796483367125,0.22568325765674302,-4338414.844930655
2025-08-19 11:00:00,0.5914286746385286,0.056971127388406505,0.22561968802220536,-4156696.958365838
2025-08-19 12:00:00,0.6122920192647735,0.06096783267757803,0.22555611035196493,-4101555.071021606
2025-08-19 13:00:00,0.5914286746385286,0.04232095881375704,0.22549252467873,-4034127.7898156084
2025-08-19 14:00:00,0.5302604432177648,0.055349460852201944,0.22542893103521272,-4023426.0411245944
2025-08-19 15:00:00,0.4329558388885255,0.05183742538204548,0.22536532945412965,-4079799.038838278
2025-08-19 16:00:00,0.3061460096323867,0.047108769323354324,0.2253017199682011,-4225086.181478725
2025-08-19 17:00:00,0.1584728357500031,0.04428828316767338,0.22523810261015162,-4354612.998923926
2025-08-19 18:00:00,7.498414615360744e-17,0.0412198789723262,0.22517447741270982,-4057994.444639205
2025-08-19 19:00:00,0.0,0.043034523046922575,0.22511084440860835,-4216862.738282576
2025-08-19 20:00:00,0.0,0.046500517383543806,0.22504720363058378,-4716902.969672528
2025-08-19 21:00:00,0.0,0.06100452681464284,0.22498355511137674,-4274021.747942433
2025-08-19 22:00:00,0.0,0.04457999416764772,0.2249198988837319,-4673482.771373221
2025-08-19 23:00:00,0.0,0.05827915641757559,0.22485623498039772,-4665936.4061312415
2025-08-20 00:00:00,0.0,0.056043448908832574,0.2247925634341268,-4466598.049492403
2025-08-20 01:00:00,0.0,0.041174463280534555,0.22472888427767557,-4732105.126924441
2025-08-20 02:00:00,0.0,0.057320081520351326,0.22466519754380446,-4633751.733696983
2025-08-20 03:00:00,0.0,0.042967578011206854,0.22460150326527764,-4737390.494935013
2025-08-20 04:00:00,0.0,0.05949904007282335,0.2245378014748633,-4502349.752221116
2025-08-20 05:00:00,0.0,0.04683528846760113,0.2244740922053335,-4513899.068918691
2025-08-20 06:00:00,0.0,0.03854849590230159,0.22441037548946405,-4734850.671303317
2025-08-20 07:00:00,0.156954328143427,0.057408932887048195,0.22434665136003468,-4430450.354837428
2025-08-20 08:00:00,0.30321247820317054,0.049361229988347424,0.22428291984982887,-4706133.074953666
2025-08-20 09:00:00,0.42880719895568026,0.050809069104785096,0.22421918099163393,-4128682.2655343334
2025-08-20 10:00:00,0.5251794177367621,0.058787135349121465,0.22415543481824093,-4080873.9611810646
2025-08-20 11:00:00,0.5857615270991073,0.04957835139848369,0.2240916813624448,-4149086.9782637674
2025-08-20 12:00:00,0.6064249564063412,0.0487873693283559,0.22402792065704402,-3935350.639037668
2025-08-20 13:00:00,0.5857615270991073,0.04686604011340239,0.22396415273484097,-4134623.105697259
2025-08-20 14:00:00,0.5251794177367622,0.044606081878974066,0.2239003776286417,-3783779.85377892
2025-08-20 15:00:00,0.4288071989556803,0.05277053373308754,0.22383659537125597,-3776013.7269607475
2025-08-20 16:00:00,0.30321247820317054,0.05155664623410188,0.2237728059954971,-4359265.054856501
2025-08-20 17:00:00,0.15695432814342716,0.05991102452860702,0.2237090095341822,-3954521.9294123477
2025-08-20 18:00:00,7.42656381786099e-17,0.05902620014424791,0.223645206020132,-4068202.662835703
2025-08-20 19:00:00,0.0,0.0376949213706493,0.22358139548617087,-4324479.721540314
2025-08-20 20:00:00,0.0,0.04960310728539748,0.2235175779651268,-4605074.777698317
2025-08-20 21:00:00,0.0,0.03960607205341542,0.2234537534898312,-4496050.823328403
2025-08-20 22:00:00,0.0,0.04102876876433175,0.22338992209311936,-4421633.375039098
2025-08-20 23:00:00,0.0,0.0520015115419785,0.2233260838078299,-4824634.354279109
2025-08-21 00:00:00,0.0,0.04151646953692898,0.22326223866680506,-4825310.466523924
2025-08-21 01:00:00,0.0,0.04734647976028335,0.22319838670289063,-4851117.287265524
2025-08-21 02:00:00,0.0,0.0379395130026957,0.22313452794893587,-4693246.578701565
2025-08-21 03:00:00,0.0,0.037661720915564904,0.2230706624377935,-4580272.0667453725
2025-08-21 04:00:00,0.0,0.04406375705826029,0.22300679020231975,-4856253.622718422
2025-08-21 05:00:00,0.0,0.0461016408059872,0.22294291127537444,-4478921.4653928615
2025-08-21 06:00:00,0.0,0.05770173611623534,0.2228790256898206,-4513413.080958715
2025-08-21 07:00:00,0.15541998904960494,0.04580896401155065,0.2228151334785249,-4397114.718987146
2025-08-21 08:00:00,0.30024836268915517,0.03833930454984814,0.2227512346743572,-4411690.173384629
2025-08-21 09:00:00,0.4246153065953192,0.04696834978369077,0.222687329310191,-4028641.624780527
2025-08-21 10:00:00,0.5200454190669844,0.051554761240216206,0.22262341741890296,-3968314.9463527845
2025-08-21 11:00:00,0.5800352956449242,0.05135767686192432,0.22255949903337316,-3914792.047500879
2025-08-21 12:00:00,0.6004967253783104,0.05112418943052804,0.22249557418648513,-4028095.5887211063
2025-08-21 13:00:00,0.5800352956449242,0.05589413772370329,0.22243164291112555,-3661862.0567886266
2025-08-21 14:00:00,0.5200454190669844,0.04886182085727544,0.2223677052401846,-4101348.255560524
2025-08-21 15:00:00,0.4246153065953193,0.045514536874927305,0.22230376120655554,-3915003.798799848
2025-08-21 16:00:00,0.30024836268915517,0.03915138839272865,0.22223981084313507,-4603093.877830274
2025-08-21 17:00:00,0.15541998904960508,0.03927050717431274,0.22217585418282307,-4008270.2383234603
2025-08-21 18:00:00,7.353963926330151e-17,0.05064720718598426,0.22211189125852276,-4324704.7364056995
2025-08-21 19:00:00,0.0,0.05664199876513973,0.22204792210314037,-4495743.8751887
2025-08-21 20:00:00,0.0,0.04908646729522087,0.22198394674958552,-4591013.484134004
2025-08-21 21:00:00,0.0,0.03909633495610775,0.2219199652307709,-4581163.585679607
2025-08-21 22:00:00,0.0,0.03662761162854518,0.2218559775796125,-4576792.913627465
2025-08-21 23:00:00,0.0,0.04747106979965586,0.2217919838290294,-4704462.832736996
2025-08-22 00:00:00,0.0,0.0372694539567096,0.2217279840119438,-4610452.740397385
2025-08-22 01:00:00,0.0,0.056052028401535774,0.22166397816128106,-4940520.864955863
2025-08-22 02:00:00,0.0,0.040799913990675486,0.22159996630996956,-4823815.996066634
2025-08-22 03:00:00,0.0,0.040587155886323494,0.22153594849094096,-4675786.285811452
2025-08-22 04:00:00,0.0,0.04836919825424616,0.22147192473712973,-4653419.176994553
2025-08-22 05:00:00,0.0,0.03898567710416182,0.2214078950814736,-4374937.334189779
2025-08-22 06:00:00,0.0,0.05509201559029429,0.22134385955691316,-4041903.320512516
2025-08-22 07:00:00,0.1538702731263239,0.052118527990962976,0.22127981819639217,-4569389.152845756
2025-08-22 08:00:00,0.297254541421738,0.052129891592304266,0.22121577103285736,-4326721.649409095
2025-08-22 09:00:00,0.42038140395561685,0.04892913984573703,0.2211517180992584,-3986699.1527910037
2025-08-22 10:00:00,0.5148599685230376,0.053519512800449705,0.22108765942854797,-4110770.201520163
2025-08-22 11:00:00,0.5742516770819409,0.03534500146478188,0.22102359505368172,-4182404.533522525
2025-08-22 12:00:00,0.5945090828434761,0.05083002074905549,0.22095952500761812,-3813747.9550962104
2025-08-22 13:00:00,0.5742516770819409,0.045897096601497565,0.22089544932331875,-4153010.8393612327
2025-08-22 14:00:00,0.5148599685230377,0.046435460804141473,0.22083136803374787,-4248285.1170215355
2025-08-22 15:00:00,0.42038140395561696,0.049719745285464606,0.2207672811718728,-4078949.002884128
2025-08-22 16:00:00,0.297254541421738,0.05051125583824595,0.22070318877066356,-4243308.944156784
2025-08-22 17:00:00,0.15387027312632406,0.04190195356370837,0.22063909086309322,-4073764.231762027
2025-08-22 18:00:00,7.280636453682918e-17,0.04495145561022975,0.22057498748213758,-4529520.904140664
2025-08-22 19:00:00,0.0,0.03766224862438224,0.2205108786607752,-4383341.982838576
2025-08-22 20:00:00,0.0,0.03820098541735616,0.22044676443198752,-4730145.238027555
2025-08-22 21:00:00,0.0,0.03793740410856725,0.22038264482875874,-4396204.40641109
2025-08-22 22:00:00,0.0,0.04053538121612734,0.22031851988407591,-4594017.141649455
2025-08-22 23:00:00,0.0,0.0413666227953954,0.22025438963092855,-4627012.375004233
2025-08-23 00:00:00,0.0,0.03462015136402281,0.22019025410230925,-5045806.486334683
2025-08-23 01:00:00,0.0,0.05341611884161123,0.22012611333121312,-4737251.715924974
2025-08-23 02:00:00,0.0,0.046046769532769254,0.22006196735063802,-4404167.902384678
2025-08-23 03:00:00,0.0,0.04973413301232487,0.21999781619358444,-4760436.392132381
2025-08-23 04:00:00,0.0,0.037548928048925116,0.21993365989305563,-4550646.250797401
2025-08-23 05:00:00,0.0,0.0478492724306085,0.21986949848205745,-4366731.193807302
2025-08-23 06:00:00,0.0,0.052653857233641,0.21980533199359842,-4650283.1056288965
2025-08-23 07:00:00,0.15230563958785764,0.05281046461487938,0.21974116046068942,-4639780.842563295
2025-08-23 08:00:00,0.2942319015347728,0.04926968273330997,0.2196769839163443,-4524279.162533648
2025-08-23 09:00:00,0.4161067456333008,0.052235053348393366,0.2196128023935793,-4167828.9214351224
2025-08-23 10:00:00,0.5096246026658297,0.04510359499458588,0.21954861592541317,-4045056.2862004023
2025-08-23 11:00:00,0.5684123852211584,0.05005844229856838,0.21948442454486725,-3797364.3222461245
2025-08-23 12:00:00,0.5884638030695457,0.04074926376679294,0.21942022828496555,-4146833.349749763
2025-08-23 13:00:00,0.5684123852211584,0.035439184740968514,0.21935602717873434,-4001971.1105224015
2025-08-23 14:00:00,0.5096246026658297,0.05122276288135325,0.21929182125920263,-4125871.169144483
2025-08-23 15:00:00,0.4161067456333009,0.04596340793639144,0.21922761055940174,-4053701.5944489613
2025-08-23 16:00:00,0.2942319015347728,0.05155246026142975,0.21916339511236552,-4452579.42303458
2025-08-23 17:00:00,0.1523056395878578,0.045489844035916036,0.21909917495113018,-4132239.4569658935
2025-08-23 18:00:00,7.206603128431976e-17,0.034850498415561794,0.21903495010873453,-4353614.839031499
2025-08-23 19:00:00,0.0,0.044854506657932634,0.21897072061821957,-4207201.27398859
2025-08-23 20:00:00,0.0,0.036816084645877004,0.21890648651262876,-4508344.769189782
2025-08-23 21:00:00,0.0,0.032435570995345865,0.21884224782500808,-4682470.261002928
2025-08-23 22:00:00,0.0,0.04981577908201138,0.21877800458840566,-4576124.88906861
2025-08-23 23:00:00,0.0,0.04344252430108415,0.21871375683587216,-4814195.2132317
2025-08-24 00:00:00,0.0,0.03653242811958771,0.21864950460046043,-4767044.7911656955
2025-08-24 01:00:00,0.0,0.040214033426367236,0.21858524791522566,-4710578.404133485
2025-08-24 02:00:00,0.0,0.04032969405222756,0.21852098681322535,-4842038.995049384
2025-08-24 03:00:00,0.0,0.04581623437741872,0.2184567213275193,-4655413.86564388
2025-08-24 04:00:00,0.0,0.04128195860318366,0.21839245149116943,-4327550.98675721
2025-08-24 05:00:00,0.0,0.043926261861209445,0.21832817733724,-4491605.719429155
2025-08-24 06:00:00,0.0,0.043310631929572393,0.21826389889879755,-4304534.479501268
2025-08-24 07:00:00,0.15072655206889107,0.04916283671240801,0.2181996162089107,-4234582.315054113
2025-08-24 08:00:00,0.2911813387016917,0.047052396024545785,0.21813532930065035,-4397387.812756898
2025-08-24 09:00:00,0.41179259830188625,0.04393014940816033,0.21807103820708962,-4413336.272568436
2025-08-24 10:00:00,0.504340872847252,0.048563660788243805,0.2180067429613035,-3853686.0994723146
2025-08-24 11:00:00,0.5625191503707774,0.0450926510768354,0.21794244359636947,-4216048.29211681
2025-08-24 12:00:00,0.5823626774033835,0.048309524188208455,0.21787814014536686,-3775791.237853789
2025-08-24 13:00:00,0.5625191503707774,0.032531217858215174,0.2178138326413773,-4103730.8957401463
2025-08-24 14:00:00,0.504340872847252,0.040940164818342124,0.21774952111748444,-3771574.7929666643
2025-08-24 15:00:00,0.41179259830188636,0.0431286914186727,0.2176852056067739,-4189288.414981921
2025-08-24 16:00:00,0.2911813387016917,0.03832628365651323,0.21762088614233346,-4312435.333632604
2025-08-24 17:00:00,0.1507265520688912,0.04756575043885607,0.21755656275725288,-4460312.903427583
2025-08-24 18:00:00,7.131885888249363e-17,0.039943017191818,0.21749223548462404,-4154017.748772269
2025-08-24 19:00:00,0.0,0.04322693297453053,0.21742790435754064,-4483500.997788873
2025-08-24 20:00:00,0.0,0.04363346105931476,0.21736356940909854,-4433873.341435396
2025-08-24 21:00:00,0.0,0.03092410034995308,0.21729923067239543,-4364834.339407644
2025-08-24 22:00:00,0.0,0.046823620314865234,0.21723488818053102,-4665782.43138031
2025-08-24 23:00:00,0.0,0.04671426697912845,0.2171705419666071,-4816106.140778914
2025-08-25 00:00:00,0.0,0.03624027310315233,0.21710619206372697,-4826276.290778399
2025-08-25 01:00:00,0.0,0.04165037181402929,0.21704183850499614,-4864988.457343127
2025-08-25 02:00:00,0.0,0.04439153303274235,0.21697748132352204,-4738086.959247421
2025-08-25 03:00:00,0.0,0.03133443546696518,0.2169131205524137,-4689500.324429487
2025-08-25 04:00:00,0.0,0.03237116647327789,0.21684875622478234,-4589659.503201854
2025-08-25 05:00:00,0.0,0.04042776495114405,0.21678438837374067,-4559696.410994631
2025-08-25 06:00:00,0.0,0.03779959870555537,0.21672001703240343,-4601796.9485220695
2025-08-25 07:00:00,0.14913347848713565,0.04012779186552464,0.21665564223388709,-4282338.197780027
2025-08-25 08:00:00,0.288103756870099,0.03330748106553438,0.21659126401130993,-4390675.755962972
2025-08-25 09:00:00,0.40744024033633475,0.04523411225752913,0.21652688239779191,-4218293.901419916
2025-08-25 10:00:00,0.4990103447504824,0.04393034723538377,0.21646249742645476,-4119573.882046047
2025-08-25 11:00:00,0.5565737188234705,0.03821057067833432,0.21639810913042207,-4014271.603290273
2025-08-25 12:00:00,0.576207513740198,0.031242650611147147,0.216333717542819,-4007882.522842083
2025-08-25 13:00:00,0.5565737188234705,0.03696450317385611,0.21626932269677235,-4041967.0310132494
2025-08-25 14:00:00,0.4990103447504825,0.04141752893396803,0.21620492462541072,-4031042.780247178
2025-08-25 15:00:00,0.40744024033633486,0.030518628971920748,0.21614052336186437,-4169747.1662627636
2025-08-25 16:00:00,0.288103756870099,0.03887803045776935,0.21607611893926515,-4075469.1439261655
2025-08-25 17:00:00,0.14913347848713582,0.044274880574209856,0.21601171139074657,-3852661.6768241823
2025-08-25 18:00:00,7.056506873465881e-17,0.04010671933262688,0.2159473007494437,-4658087.017686282
2025-08-25 19:00:00,0.0,0.03530030784812405,0.21588288704849337,-4028028.860298757
2025-08-25 20:00:00,0.0,0.03555719219900125,0.21581847032103357,-4312964.261903126
2025-08-25 21:00:00,0.0,0.04371866833221402,0.21575405060020433,-4340017.537031943
2025-08-25 22:00:00,0.0,0.03978349592045706,0.21568962791914692,-4478944.3377030445
2025-08-25 23:00:00,0.0,0.043828041253176804,0.21562520231100427,-4662473.879231736
2025-08-26 00:00:00,0.0,0.04017476031825588,0.21556077380892075,-4776868.062024594
2025-08-26 01:00:00,0.0,0.04048086126666385,0.21549634244604224,-4672176.947260439
2025-08-26 02:00:00,0.0,0.036463938636267235,0.21543190825551609,-4426589.005390245
2025-08-26 03:00:00,0.0,0.03291208149392579,0.2153674712704912,-4809853.87024004
2025-08-26 04:00:00,0.0,0.03605723764871803,0.21530303152411764,-4418087.324087631
2025-08-26 05:00:00,0.0,0.03248557445709259,0.21523858904954715,-4718031.949188564
2025-08-26 06:00:00,0.0,0.043868026066353684,0.21517414387993283,-4380344.103328097
2025-08-26 07:00:00,0.14752689090467497,0.04168545124618932,0.2151096960484291,-4460871.453559021
2025-08-26 08:00:00,0.2850000679939108,0.03730360092807181,0.2150452455881918,-3984097.864952504
2025-08-26 09:00:00,0.4030509614342429,0.04098270947624605,0.2149807925323781,-4085393.4318895605
2025-08-26 10:00:00,0.49363459792603814,0.04510391146012562,0.2149163369141465,-4468440.231667458
2025-08-26 11:00:00,0.550577852338918,0.03409523063969751,0.21485187876665682,-4017276.9219859107
2025-08-26 12:00:00,0.5700001359878216,0.036739906614024403,0.2147874181230703,-4171195.318631171
2025-08-26 13:00:00,0.550577852338918,0.040858304470275206,0.21472295501654917,-4241497.238019685
2025-08-26 14:00:00,0.49363459792603825,0.03921199826005284,0.21465848948025726,-4065669.4073849875
2025-08-26 15:00:00,0.403050961434243,0.03572444955014947,0.21459402154735946,-4196268.369988324
2025-08-26 16:00:00,0.2850000679939108,0.03371830874129682,0.21452955125102188,-3925785.009033464
2025-08-26 17:00:00,0.14752689090467513,0.0362528788071235,0.21446507862441191,-4358486.897966594
2025-08-26 18:00:00,6.980488420510419e-17,0.02906549964762798,0.2144006037006982,-4290699.459053748
2025-08-26 19:00:00,0.0,0.04448435474157599,0.21433612651305045,-4122092.9241711907
2025-08-26 20:00:00,0.0,0.041235426680153814,0.21427164709463958,-4241486.113594985
2025-08-26 21:00:00,0.0,0.04427704236716706,0.21420716547863772,-4564400.648934693
2025-08-26 22:00:00,0.0,0.0373832570579567,0.21414268169821804,-4558782.061142051
2025-08-26 23:00:00,0.0,0.04122642656077868,0.21407819578655496,-4838757.669501608
2025-08-27 00:00:00,0.0,0.03254838347603327,0.2140137077768237,-4878131.218065794
2025-08-27 01:00:00,0.0,0.032581637162364244,0.21394921770220085,-4832968.804060987
2025-08-27 02:00:00,0.0,0.02912010160007252,0.21388472559586394,-4630627.222556499
2025-08-27 03:00:00,0.0,0.0422077801254992,0.21382023149099164,-4697087.689355542
2025-08-27 04:00:00,0.0,0.0376553541156077,0.21375573542076348,-4455993.0647736555
2025-08-27 05:00:00,0.0,0.03044161138177956,0.2136912374183602,-4396488.281050953
2025-08-27 06:00:00,0.0,0.033501779542539196,0.2136267375169634,-4483254.938329254
2025-08-27 07:00:00,0.1459072653880827,0.027447690652453893,0.2135622357497556,-4317169.842707262
2025-08-27 08:00:00,0.2818711917631243,0.03642036981466955,0.2134977321499206,-4175925.112674683
2025-08-27 09:00:00,0.39862606223367786,0.03271966015494522,0.2134332267506427,-4192375.2897570906
2025-08-27 10:00:00,0.4882152253237214,0.03051974560748632,0.21336871958510736,-4199984.054644584
2025-08-27 11:00:00,0.5445333276217607,0.030642473264063757,0.213304210686501,-3814533.4729040805
2025-08-27 12:00:00,0.5637423835262487,0.03720211038626004,0.21323970008801077,-4145990.1470427527
2025-08-27 13:00:00,0.5445333276217607,0.0380767584044135,0.21317518782282494,-4258919.255199266
2025-08-27 14:00:00,0.4882152253237214,0.03860160551917102,0.2131106739241323,-4189971.832315091
2025-08-27 15:00:00,0.3986260622336779,0.03167204657791682,0.2130461584251228,-3870726.916227577
2025-08-27 16:00:00,0.2818711917631243,0.03507866762532111,0.212981641358987,-3990237.3765071253
2025-08-27 17:00:00,0.14590726538808285,0.0421288793597685,0.21291712275891647,-4430187.182306154
2025-08-27 18:00:00,6.903853055291201e-17,0.0350610416596968,0.21285260265810324,-4112600.9517373755
2025-08-27 19:00:00,0.0,0.03526393328408867,0.2127880810897405,-4100143.0382728227
2025-08-27 20:00:00,0.0,0.031075624821988175,0.21272355808702184,-4338758.369771301
2025-08-27 21:00:00,0.0,0.03012548953077035,0.21265903368314182,-4473331.801257218
2025-08-27 22:00:00,0.0,0.027836051245046595,0.21259450791129567,-4390046.492360576
2025-08-27 23:00:00,0.0,0.038841489941923775,0.21252998080467933,-4572529.15616327
2025-08-28 00:00:00,0.0,0.02791728617230892,0.21246545239648937,-4921760.226899835
2025-08-28 01:00:00,0.0,0.03746308590337462,0.2124009227199231,-4470394.957559831
2025-08-28 02:00:00,0.0,0.040463000683999086,0.21233639180817843,-4416348.049151007
2025-08-28 03:00:00,0.0,0.026951986049043926,0.21227185969445392,-4586052.788526197
2025-08-28 04:00:00,0.0,0.04079890891063411,0.21220732641194887,-4509230.19529553
2025-08-28 05:00:00,0.0,0.031947037069495574,0.21214279199386282,-4471495.41394702
2025-08-28 06:00:00,0.0,0.03271490221539195,0.21207825647339631,-4041293.7840121617
2025-08-28 07:00:00,0.1442750818673538,0.03250332221991208,0.21201371988375023,-4266406.2252512425
2025-08-28 08:00:00,0.2787180553312934,0.03934677496069647,0.2119491822581261,-3849814.360549143
2025-08-28 09:00:00,0.3941668539277699,0.034406344398995134,0.2118846436297259,-4517926.227543433
2025-08-28 10:00:00,0.4827538328205938,0.036984012603802206,0.21182010403175217,-3974844.0011761626
2025-08-28 11:00:00,0.5384419357951238,0.038776806442368104,0.21175556349740796,-4390317.168314349
2025-08-28 12:00:00,0.5574361106625869,0.026589179869662014,0.21169102205989673,-3934048.7703482658
2025-08-28 13:00:00,0.5384419357951238,0.03252221294329899,0.21162647975242266,-4025068.522626317
2025-08-28 14:00:00,0.48275383282059386,0.03633135515437127,0.2115619366081899,-3984554.416583749
2025-08-28 15:00:00,0.39416685392776996,0.02907590160393433,0.21149739266040346,-4332246.190378353
2025-08-28 16:00:00,0.2787180553312934,0.028752429040311455,0.21143284794226855,-4110360.0451648766
2025-08-28 17:00:00,0.14427508186735397,0.02688748533220637,0.21136830248699087,-4453757.769340715
2025-08-28 18:00:00,6.826623486520868e-17,0.038124360697820395,0.2113037563277765,-4297908.878723163
2025-08-28 19:00:00,0.0,0.026306267051141932,0.2112392094978318,-4224343.0531655215
2025-08-28 20:00:00,0.0,0.02699541367704342,0.2111746620303636,-4616486.464076416
2025-08-28 21:00:00,0.0,0.02754883883201909,0.21111011395857887,-4766451.833175566
2025-08-28 22:00:00,0.0,0.03493881869421276,0.21104556531568505,-4634446.703590086
2025-08-28 23:00:00,0.0,0.036308384178108555,0.21098101613488984,-4843741.83181369
2025-08-29 00:00:00,0.0,0.03758686170906516,0.21091646644940126,-4545468.625476153
2025-08-29 01:00:00,0.0,0.03830937494455765,0.2108519162924274,-4740118.711118292
2025-08-29 02:00:00,0.0,0.027521300562606616,0.21078736569717674,-4856070.093281267
2025-08-29 03:00:00,0.0,0.02852492268410573,0.21072281469685808,-4574811.208946305
2025-08-29 04:00:00,0.0,0.02960315915415002,0.21065826332468027,-4718206.929909456
2025-08-29 05:00:00,0.0,0.03013829719129389,0.21059371161385235,-4457000.380628871
2025-08-29 06:00:00,0.0,0.026581324457928813,0.21052915959758367,-4349966.171023649
2025-08-29 07:00:00,0.14263082399369081,0.030982660818985288,0.2104646073090836,-4356912.14143677
2025-08-29 08:00:00,0.2755415930407929,0.02611374786396027,0.21040005478156168,-4335957.596806102
2025-08-29 09:00:00,0.3896746578761774,0.03178527981256006,0.21033550204822773,-4132294.3164063175
2025-08-29 10:00:00,0.4772520387451204,0.03840714705378266,0.21027094914229139,-4108330.4655666077
2025-08-29 11:00:00,0.5323054818698683,0.037459885627325266,0.21020639609696254,-4049025.4780688747
2025-08-29 12:00:00,0.5510831860815859,0.02531096814511483,0.2101418429454512,-3817488.4555513915
2025-08-29 13:00:00,0.5323054818698683,0.024693242785440914,0.21007728972096737,-3885945.006824985
2025-08-29 14:00:00,0.4772520387451204,0.030389277434442436,0.21001273645672106,-4216395.833465863
2025-08-29 15:00:00,0.38967465787617744,0.02920706935521579,0.20994818318592234,-4062943.237791701
2025-08-29 16:00:00,0.2755415930407929,0.026063426710824514,0.2098836299417813,-3596012.304037584
2025-08-29 17:00:00,0.14263082399369095,0.03651904621515479,0.2098190767575081,-4381931.694008819
2025-08-29 18:00:00,6.748822598987394e-17,0.030516691981903904,0.20975452366631256,-4431146.263320699
2025-08-29 19:00:00,0.0,0.023881989149269853,0.20968997070140474,-4125277.875286451
2025-08-29 20:00:00,0.0,0.029392811160111963,0.20962541789599454,-4589708.7654543305
2025-08-29 21:00:00,0.0,0.0365973647110467,0.2095608652832918,-4513179.784306408
2025-08-29 22:00:00,0.0,0.030199731963417388,0.20949631289650625,-4254288.249128417
2025-08-29 23:00:00,0.0,0.030600754750245245,0.20943176076884756,-4870559.798810422
2025-08-30 00:00:00,0.0,0.02547949646463069,0.20936720893352512,-4516072.876294518
2025-08-30 01:00:00,0.0,0.03590163067757918,0.2093026574237483,-4545071.693408844
2025-08-30 02:00:00,0.0,0.0358500495168177,0.2092381062727262,-4367373.287637477
2025-08-30 03:00:00,0.0,0.030605792018304417,0.20917355551366787,-4455278.137573525
2025-08-30 04:00:00,0.0,0.024166632959126595,0.20910900517978215,-4778426.784352905
2025-08-30 05:00:00,0.0,0.02824929819357197,0.20904445530427743,-4641026.78033717
2025-08-30 06:00:00,0.0,0.03392416137953639,0.2089799059203621,-4479079.93474876
2025-08-30 07:00:00,0.14097497899618783,0.026192125900823322,0.20891535706124428,-4743946.512219907
2025-08-30 08:00:00,0.2723427461459535,0.0353245931401874,0.20885080876013168,-4319179.501254035
2025-08-30 09:00:00,0.38515080521354045,0.025474345846027344,0.20878626105023187,-4079815.509127965
2025-08-30 10:00:00,0.4717114733976246,0.025203647620536448,0.2087217139647521,-3747216.4315361455
2025-08-30 11:00:00,0.5261257842097283,0.031043707423448814,0.20865716753689914,-4084746.1162777934
2025-08-30 12:00:00,0.5446854922919071,0.03412886213874947,0.2085926217998796,-4042442.340764062
2025-08-30 13:00:00,0.5261257842097283,0.0331027314821059,0.20852807678689977,-3893201.87743269
2025-08-30 14:00:00,0.47171147339762465,0.022962414077393207,0.20846353253116526,-4154223.2199682584
2025-08-30 15:00:00,0.3851508052135405,0.028181795797910563,0.20839898906588164,-4497832.861863788
2025-08-30 16:00:00,0.2723427461459535,0.034937763352560915,0.2083344464242539,-4037233.767290838
2025-08-30 17:00:00,0.14097497899618797,0.026258856588222402,0.2082699046394866,-3930439.101951105
2025-08-30 18:00:00,6.670473446772844e-17,0.03211128317154152,0.20820536374478402,-4258539.056757207
2025-08-30 19:00:00,0.0,0.031941520536953844,0.20814082377334972,-4001221.2511953106
2025-08-30 20:00:00,0.0,0.023978950430487464,0.20807628475838696,-4580404.632973913
2025-08-30 21:00:00,0.0,0.02391393546817717,0.20801174673309855,-4851922.1398729095
2025-08-30 22:00:00,0.0,0.02487672412004043,0.20794720973068673,-4713834.483609936
2025-08-30 23:00:00,0.0,0.03255795527807917,0.20788267378435304,-4712534.727985001
2025-08-31 00:00:00,0.0,0.03254400786097709,0.20781813892729875,-4606668.127923564
2025-08-31 01:00:00,0.0,0.02484477284508774,0.20775360519272448,-4975733.406552618
2025-08-31 02:00:00,0.0,0.024187603853326693,0.2076890726138301,-4794833.365944927
2025-08-31 03:00:00,0.0,0.030615555234119372,0.20762454122381516,-4544300.600696124
2025-08-31 04:00:00,0.0,0.021845892162029937,0.20756001105587843,-4610753.820148776
2025-08-31 05:00:00,0.0,0.03284354425352129,0.2074954821432181,-4473017.686883049
2025-08-31 06:00:00,0.0,0.03090651242938405,0.2074309545190317,-4767529.118890097
2025-08-31 07:00:00,0.13930803753745355,0.024978131591032033,0.20736642821651616,-4812141.360574935
2025-08-31 08:00:00,0.2691224625341467,0.028452489364313556,0.20730190326886755,-4453330.101229374
2025-08-31 09:00:00,0.38059663645503544,0.02785482698280723,0.20723737970928158,-4153220.4227203154
2025-08-31 10:00:00,0.46613377856719374,0.025731282425912685,0.2071728575709528,-4020512.1064366996
2025-08-31 11:00:00,0.519904673992489,0.02853683736054905,0.20710833688707533,-4340005.080916317
2025-08-31 12:00:00,0.5382449250682935,0.024614621090438722,0.20704381769084249,-3882940.158510271
2025-08-31 13:00:00,0.519904673992489,0.0213804698836556,0.20697930001544687,-4091320.640884956
2025-08-31 14:00:00,0.4661337785671938,0.027024382192075754,0.20691478389408013,-4015613.6984348656
2025-08-31 15:00:00,0.3805966364550355,0.03270651424130858,0.20685026935993328,-4114702.3774494086
2025-08-31 16:00:00,0.2691224625341467,0.030908724776314872,0.20678575644619648,-4476487.943218025
2025-08-31 17:00:00,0.1393080375374537,0.022363098969793913,0.206721245186059,-4311738.7835612
2025-08-31 18:00:00,6.591599246421925e-17,0.02207680798442668,0.20665673561270936,-4206283.652111379
2025-08-31 19:00:00,0.0,0.03148132708328129,0.20659222775933506,-4453252.597859036
2025-08-31 20:00:00,0.0,0.025927985060875406,0.2065277216591228,-4436085.800486535
2025-08-31 21:00:00,0.0,0.030562754413893257,0.2064632173452584,-4504184.743349287
2025-08-31 22:00:00,0.0,0.023966966198614846,0.20639871485092678,-4617808.519215175
2025-08-31 23:00:00,0.0,0.02645740761161065,0.20633421420931183,-5077795.524989357
2025-09-01 00:00:00,0.0,0.03014919427686228,0.20626971545359662,-4744601.279028318
2025-09-01 01:00:00,0.0,0.030401851443714552,0.20620521861696306,-4575366.19306524
2025-09-01 02:00:00,0.0,0.02129839045960474,0.2061407237325923,-4677731.212575412
2025-09-01 03:00:00,0.0,0.025262947557589708,0.20607623083366436,-4775678.642972494
2025-09-01 04:00:00,0.0,0.022682505518741094,0.20601173995335814,-4697027.116937406
2025-09-01 05:00:00,0.0,0.02120346007930634,0.20594725112485177,-4728493.530132674
2025-09-01 06:00:00,0.0,0.02547231027590569,0.20588276438132194,-4634369.628645901
2025-09-01 07:00:00,0.13763049356821774,0.027009935137491194,0.20581827975594466,-4020256.836674651
2025-09-01 08:00:00,0.26588169644490606,0.023203077434621102,0.20575379728189466,-4140251.289592993
2025-09-01 09:00:00,0.37601350109915255,0.029929657475553678,0.20568931699234555,-4361483.044679763
2025-09-01 10:00:00,0.46052060704518266,0.03001860381846521,0.20562483892046984,-4551401.2479334315
2025-09-01 11:00:00,0.5136439946673703,0.02577312235701081,0.20556036309943898,-4011812.7653934984
2025-09-01 12:00:00,0.5317633928898122,0.026656910667484605,0.20549588956242318,-4279912.683178328
2025-09-01 13:00:00,0.5136439946673703,0.02583511003462866,0.2054314183425914,-4067393.3061033697
2025-09-01 14:00:00,0.4605206070451828,0.025454118828300242,0.20536694947311165,-3923423.250252133
2025-09-01 15:00:00,0.37601350109915255,0.02311375475619364,0.20530248298715043,-4123129.7896991004
2025-09-01 16:00:00,0.26588169644490606,0.02453161391620307,0.2052380189178732,-4297491.471693479
2025-09-01 17:00:00,0.1376304935682179,0.03081495818963967,0.20517355729844414,-4324468.684687153
2025-09-01 18:00:00,6.51222337006245e-17,0.0256689599769218,0.2051090981620262,-4187860.3477797243
2025-09-01 19:00:00,0.0,0.029202440916644718,0.20504464154178095,-4399567.520950581
2025-09-01 20:00:00,0.0,0.02684315320373649,0.20498018747086882,-4363793.428472071
2025-09-01 21:00:00,0.0,0.028513338775674763,0.2049157359824488,-4996435.921545561
2025-09-01 22:00:00,0.0,0.019505512746841515,0.2048512871096786,-4460463.291564452
2025-09-01 23:00:00,0.0,0.027229524313611152,0.20478684088571467,-4729425.544852988
2025-09-02 00:00:00,0.0,0.02567598447500623,0.2047223973437118,-4833958.190945521
2025-09-02 01:00:00,0.0,0.023296032630023333,0.20465795651682372,-5211170.741368086
2025-09-02 02:00:00,0.0,0.03042604286782255,0.20459351843820267,-4684540.8216746785
2025-09-02 03:00:00,0.0,0.02096832476123936,0.20452908314099943,-4719698.641229309
2025-09-02 04:00:00,0.0,0.02350066226854614,0.20446465065836336,-4372715.583934943
2025-09-02 05:00:00,0.0,0.027355120426176407,0.20440022102344244,-4445492.503963612
2025-09-02 06:00:00,0.0,0.02982736346180515,0.20433579426938306,-4335840.6223379355
2025-09-02 07:00:00,0.1359428441809629,0.02748738729375053,0.20427137042933036,-4279663.952464758
2025-09-02 08:00:00,0.2626214081871653,0.02697262547763087,0.20420694953642762,-4406542.454741751
2025-09-02 09:00:00,0.37140275722780974,0.02627877710244096,0.2041425316238169,-4207201.676767254
2025-09-02 10:00:00,0.45487362213545546,0.024650918683151172,0.2040781167246386,-4089175.9323234214
2025-09-02 11:00:00,0.5073456014087727,0.025152004528346483,0.2040137048720316,-3946057.256073957
2025-09-02 12:00:00,0.5252428163743307,0.02185519670905856,0.20394929609913323,-3935462.6267968803
2025-09-02 13:00:00,0.5073456014087727,0.02601301009136608,0.20388489043907917,-4209522.157759525
2025-09-02 14:00:00,0.4548736221354555,0.019390719729349404,0.20382048792500365,-3879392.368998701
2025-09-02 15:00:00,0.3714027572278098,0.020141671904251406,0.2037560885900391,-4257493.113702704
2025-09-02 16:00:00,0.2626214081871653,0.020158567018565728,0.20369169246731644,-4161783.8588349526
2025-09-02 17:00:00,0.13594284418096303,0.02246903734381695,0.20362729958996484,-4094561.3276461037
2025-09-02 18:00:00,6.43236933847965e-17,0.021259409873337437,0.20356290999111196,-4590726.388646193
2025-09-02 19:00:00,0.0,0.019392023715803734,0.20349852370388355,-4339014.165005652
2025-09-02 20:00:00,0.0,0.022877392749365604,0.20343414076140376,-4201887.85307269
2025-09-02 21:00:00,0.0,0.025679702960018327,0.20336976119679506,-4498333.785408954
2025-09-02 22:00:00,0.0,0.02825862261856957,0.20330538504317822,-4507453.946092123
2025-09-02 23:00:00,0.0,0.02676119849376444,0.20324101233367212,-5026514.634481898
2025-09-03 00:00:00,0.0,0.021899688260044056,0.20317664310139394,-4752549.285789108
2025-09-03 01:00:00,0.0,0.02797796688464706,0.20311227737945908,-4513705.137627662
2025-09-03 02:00:00,0.0,0.01789766608253235,0.20304791520098117,-4762288.474054766
2025-09-03 03:00:00,0.0,0.025452257156554376,0.20298355659907194,-4809644.005468299
2025-09-03 04:00:00,0.0,0.023804049883894323,0.20291920160684124,-4600105.486590267
2025-09-03 05:00:00,0.0,0.018655469399803674,0.20285485025739716,-4755883.880697012
2025-09-03 06:00:00,0.0,0.02523191103197142,0.20279050258384593,-4655191.244204038
2025-09-03 07:00:00,0.13424558946262494,0.02182315083441373,0.2027261586192918,-4209274.918861435
2025-09-03 08:00:00,0.259342563854698,0.017635372912807465,0.20266181839683717,-4351568.445163398
2025-09-03 09:00:00,0.3667657711039244,0.02082232690726601,0.20259748194958263,-4102529.645454484
2025-09-03 10:00:00,0.44919449716151294,0.026078576891563676,0.20253314931062646,-4139561.873066855
2025-09-03 11:00:00,0.5010113605665494,0.018814648285087776,0.20246882051306536,-4105414.4788712054
2025-09-03 12:00:00,0.5186851277093961,0.01742180209292321,0.20240449558999388,-4021204.905914959
2025-09-03 13:00:00,0.5010113605665494,0.026996697922488443,0.20234017457450468,-3920713.4377268045
2025-09-03 14:00:00,0.44919449716151294,0.018439267763178214,0.20227585749968832,-4125039.848075531
2025-09-03 15:00:00,0.36676577110392444,0.02265906596814555,0.20221154439863329,-4282169.007921794
2025-09-03 16:00:00,0.259342563854698,0.019146217373845024,0.2021472353044261,-4138397.6861284445
2025-09-03 17:00:00,0.13424558946262508,0.0243401509120988,0.20208293025015125,-4108635.263466495
2025-09-03 18:00:00,6.35206081414648e-17,0.024772613242887986,0.20201862926889108,-4148905.6598357228
2025-09-03 19:00:00,0.0,0.025269698200742065,0.2019543323937259,-4487381.297580944
2025-09-03 20:00:00,0.0,0.02207664359284494,0.20189003965773383,-4312197.996194475
2025-09-03 21:00:00,0.0,0.018364330495364282,0.20182575109399095,-4802163.522045237
2025-09-03 22:00:00,0.0,0.022905056688710942,0.20176146673557108,-4790255.044205007
2025-09-03 23:00:00,0.0,0.02631324101326751,0.2016971866155461,-4695938.008364177
2025-09-04 00:00:00,0.0,0.018554450620574193,0.20163291076698533,-4933327.378478525
2025-09-04 01:00:00,0.0,0.017217579194859865,0.20156863922295626,-4705500.919562154
2025-09-04 02:00:00,0.0,0.017413951920733448,0.20150437201652394,-4832490.569069797
2025-09-04 03:00:00,0.0,0.016836079227491453,0.20144010918075134,-4595319.981461495
2025-09-04 04:00:00,0.0,0.019295467626691886,0.20137585074869904,-4628495.486764409
2025-09-04 05:00:00,0.0,0.025571033304059885,0.2013115967534255,-4680065.5859323265
2025-09-04 06:00:00,0.0,0.019189408659905167,0.20124734722798676,-4321248.933245993
2025-09-04 07:00:00,0.1325392323464066,0.016816311295308015,0.2011831022054367,-4352000.399017983
2025-09-04 08:00:00,0.25604613503984325,0.018962884316788373,0.20111886171882679,-4242999.856129067
2025-09-04 09:00:00,0.3621039167665593,0.022335160508028393,0.20105462580120606,-4220114.032560375
2025-09-04 10:00:00,0.44348491497065035,0.02279723511570674,0.20099039448562142,-3919058.5602643173
2025-09-04 11:00:00,0.4946431491129659,0.017773932739320767,0.20092616780511727,-4143643.1218045144
2025-09-04 12:00:00,0.5120922700796865,0.019986705343842358,0.20086194579273575,-4037078.6144794505
2025-09-04 13:00:00,0.4946431491129659,0.0230598238273555,0.2007977284815164,-4068966.3355085575
2025-09-04 14:00:00,0.4434849149706504,0.021926230027872622,0.20073351590449642,-4091171.000760826
2025-09-04 15:00:00,0.36210391676655934,0.023287161091714026,0.20066930809471067,-4219319.284286481
2025-09-04 16:00:00,0.25604613503984325,0.02217714114126586,0.20060510508519153,-4367755.63019042
2025-09-04 17:00:00,0.13253923234640677,0.01963325322728841,0.2005409069089688,-4545083.137260123
2025-09-04 18:00:00,6.2713215942119e-17,0.0220358811377501,0.2004767135990699,-4259469.491532381
2025-09-04 19:00:00,0.0,0.016547586678852887,0.20041252518851982,-4792699.567799242
2025-09-04 20:00:00,0.0,0.01835341988307985,0.2003483417103407,-4836491.16466878
2025-09-04 21:00:00,0.0,0.023913350378934172,0.2002841631975525,-4298761.643893074
2025-09-04 22:00:00,0.0,0.019154044955314503,0.2002199896831724,-4419836.064728093
2025-09-04 23:00:00,0.0,0.02405059224541301,0.20015582120021522,-4588773.448931862
2025-09-05 00:00:00,0.0,0.024560296238272616,0.200091657781693,-4670902.949420346
2025-09-05 01:00:00,0.0,0.016544048977886736,0.20002749946061524,-4573393.434928922
2025-09-05 02:00:00,0.0,0.01833832318464599,0.19996334626998882,-4799332.855283139
2025-09-05 03:00:00,0.0,0.021817399460303685,0.19989919824281802,-4554147.0217535915
2025-09-05 04:00:00,0.0,0.01813586157523598,0.1998350554121045,-4715085.724574086
2025-09-05 05:00:00,0.0,0.016051681973428315,0.19977091781084697,-4857646.596156292
2025-09-05 06:00:00,0.0,0.017828366211421413,0.19970678547204176,-4361645.57919633
2025-09-05 07:00:00,0.13082427846274772,0.019103029568602947,0.19964265842868242,-4545357.921022031
2025-09-05 08:00:00,0.2527330985456015,0.020770729376130753,0.19957853671375966,-4393097.496917029
2025-09-05 09:00:00,0.35741857562376556,0.019564649504991934,0.1995144203602616,-4163018.7292558206
2025-09-05 10:00:00,0.4377465674352937,0.01782678563234959,0.1994503094011735,-4170669.3949654805
2025-09-05 11:00:00,0.48824285408651336,0.021165382362411778,0.19938620386947786,-3938750.91289947
2025-09-05 12:00:00,0.505466197091203,0.016233667029767595,0.19932210379815443,-4155961.0829863567
2025-09-05 13:00:00,0.48824285408651336,0.01579921379167478,0.1992580092201802,-3777744.631309402
2025-09-05 14:00:00,0.43774656743529383,0.021506609959887502,0.19919392016852913,-4047452.1894601947
2025-09-05 15:00:00,0.3574185756237656,0.019343466960668448,0.19912983667617254,-3716892.2238125303
2025-09-05 16:00:00,0.2527330985456015,0.015506160793399107,0.19906575877607877,-4528187.386473588
2025-09-05 17:00:00,0.13082427846274786,0.0189289920322076,0.19900168650121328,-4085915.805743014
2025-09-05 18:00:00,6.19017560344927e-17,0.021065506574662277,0.19893761988453879,-4112578.801099326
2025-09-05 19:00:00,0.0,0.01580888162131647,0.19887355895901493,-4270849.6349306535
2025-09-05 20:00:00,0.0,0.017332087943655112,0.19880950375759854,-4349392.716601779
2025-09-05 21:00:00,0.0,0.015554942199321338,0.19874545431324342,-4227787.252330004
2025-09-05 22:00:00,0.0,0.02039016923984922,0.19868141065890046,-4756088.8517722245
2025-09-05 23:00:00,0.0,0.01863748840908499,0.19861737282751757,-4745600.461380244
2025-09-06 00:00:00,0.0,0.016551916700315628,0.19855334085203952,-4646960.2283949
2025-09-06 01:00:00,0.0,0.0157061679723496,0.1984893147654083,-4738663.432201162
2025-09-06 02:00:00,0.0,0.021393479183296604,0.19842529460056274,-4650729.605209745
2025-09-06 03:00:00,0.0,0.014897623738496865,0.1983612803904386,-5039884.336313782
2025-09-06 04:00:00,0.0,0.01737953742393765,0.19829727216796872,-4789216.698721582
2025-09-06 05:00:00,0.0,0.020157725637203628,0.19823326996608268,-4706759.3183651585
2025-09-06 06:00:00,0.0,0.01482924405288567,0.19816927381770708,-4637043.391440459
2025-09-06 07:00:00,0.12910123598949563,0.01919292329219307,0.1981052837557654,-4248064.134289871
2025-09-06 08:00:00,0.24940443609618712,0.020457176024726766,0.19804129981317792,-4220198.525448042
2025-09-06 09:00:00,0.3527111360432418,0.01779119349069762,0.1979773220228618,-4030611.606382885
2025-09-06 10:00:00,0.43198115495166145,0.016037128239851057,0.19791335041773103,-4132743.6374154463
2025-09-06 11:00:00,0.48181237203273747,0.018374408590907977,0.19784938503069646,-3567009.5399876195
2025-09-06 12:00:00,0.49880887219237435,0.021311652663067,0.19778542589466577,-4394075.834328642
2025-09-06 13:00:00,0.48181237203273747,0.015598799038574453,0.19772147304254326,-4221958.729125182
2025-09-06 14:00:00,0.4319811549516615,0.01738720905533947,0.19765752650723017,-4013620.3037617207
2025-09-06 15:00:00,0.35271113604324184,0.018432711396456997,0.19759358632162446,-3970707.6637415057
2025-09-06 16:00:00,0.24940443609618712,0.01659321174800566,0.19752965251862067,-4505973.718137438
2025-09-06 17:00:00,0.12910123598949577,0.014435691220890617,0.1974657251311104,-4155893.848483348
2025-09-06 18:00:00,6.108646887166924e-17,0.014237518991622605,0.19740180419198147,-4530651.089626902
2025-09-06 19:00:00,0.0,0.016104202847729687,0.19733788973411887,-4540905.588960328
2025-09-06 20:00:00,0.0,0.015691965037956054,0.19727398179040379,-4257697.477590803
2025-09-06 21:00:00,0.0,0.014982737532182624,0.19721008039371443,-4625296.7564576855
2025-09-06 22:00:00,0.0,0.017858778878200355,0.19714618557692545,-4673040.317742469
2025-09-06 23:00:00,0.0,0.02118484273670372,0.19708229737290825,-4695766.5207833955
2025-09-07 00:00:00,0.0,0.015164917012630787,0.19701841581453067,-4725590.199678175
2025-09-07 01:00:00,0.0,0.01669850466357496,0.19695454093465722,-4617854.899099124
2025-09-07 02:00:00,0.0,0.015144229666510058,0.196890672766149,-4526266.171558121
2025-09-07 03:00:00,0.0,0.018488047037822346,0.19682681134186356,-4812871.758055141
2025-09-07 04:00:00,0.0,0.01799201965780952,0.1967629566946552,-4689932.553768988
2025-09-07 05:00:00,0.0,0.0210655469695484,0.19669910885737435,-4598797.973880968
2025-09-07 06:00:00,0.0,0.019535403237769578,0.19663526786286828,-4625834.436276072
2025-09-07 07:00:00,0.12737061550132153,0.01708633731218052,0.1965714337439806,-3872358.5578135187
2025-09-07 08:00:00,0.24606113404612243,0.02084106533421278,0.1965076065335514,-4256335.389403475
2025-09-07 09:00:00,0.3479829929409305,0.018204973356065766,0.1964437862644172,-4129152.0226165797
2025-09-07 10:00:00,0.4261903859359002,0.013233959388402572,0.196379972969411,-4126249.7799542737
2025-09-07 11:00:00,0.4753536084422521,0.017874737910693193,0.19631616668136218,-4151642.610010505
2025-09-07 12:00:00,0.49212226809224496,0.018248344919684932,0.1962523674330965,-4023621.109821079
2025-09-07 13:00:00,0.4753536084422521,0.018969494050176807,0.19618857525743622,-4113059.257276673
2025-09-07 14:00:00,0.4261903859359002,0.015815789747062218,0.1961247901871996,-3995489.1254125843
2025-09-07 15:00:00,0.3479829929409306,0.015594581158108746,0.1960610122552017,-4075070.636788013
2025-09-07 16:00:00,0.24606113404612243,0.01971284404907931,0.1959972414942537,-4071822.8709320985
2025-09-07 17:00:00,0.12737061550132167,0.01733090057518132,0.195933477937163,-3955142.9778167745
2025-09-07 18:00:00,6.026759604083034e-17,0.01993908373093905,0.19586972161673347,-4429739.989809993
2025-09-07 19:00:00,0.0,0.017645739630267065,0.19580597256576512,-4639080.464031566
2025-09-07 20:00:00,0.0,0.019080776110323126,0.19574223081705444,-4353130.119895925
2025-09-07 21:00:00,0.0,0.019253464790117556,0.19567849640339377,-4245478.21826156
2025-09-07 22:00:00,0.0,0.01296489317606197,0.19561476935757202,-4285020.191706549
2025-09-07 23:00:00,0.0,0.01692453817301872,0.1955510497123742,-4649484.97092447
2025-09-08 00:00:00,0.0,0.01816025797543112,0.1954873375005816,-4200161.593588857
2025-09-08 01:00:00,0.0,0.017972066719991842,0.19542363275497135,-4581692.705090684
2025-09-08 02:00:00,0.0,0.017172101778255348,0.1953599355083172,-4589657.00741315
2025-09-08 03:00:00,0.0,0.016073879499386788,0.19529624579338872,-4467456.797979459
2025-09-08 04:00:00,0.0,0.016484870807309492,0.19523256364295177,-4694670.3181680925
2025-09-08 05:00:00,0.0,0.015188110391589835,0.1951688890897683,-4678226.536645743
2025-09-08 06:00:00,0.0,0.014235278806211168,0.19510522216659618,-4587120.992775122
2025-09-08 07:00:00,0.12563292981842594,0.018631531467867293,0.1950415629061896,-4430704.646239666
2025-09-08 08:00:00,0.24270418308795919,0.01712654676645592,0.19497791134129863,-4275257.203738603
2025-09-08 09:00:00,0.3432355473676747,0.01855067536641359,0.19491426750466959,-4208105.549238614
2025-09-08 10:00:00,0.4203759763178444,0.018795395601079106,0.19485063142904446,-4267202.284351128
2025-09-08 11:00:00,0.4688684771861007,0.018025476052383183,0.19478700314716157,-4271110.871621908
2025-09-08 12:00:00,0.4854083661759185,0.014607964558613924,0.1947233826917551,-4245595.47933335
2025-09-08 13:00:00,0.4688684771861007,0.018083722749053514,0.1946597700955552,-3914096.54753753
2025-09-08 14:00:00,0.4203759763178445,0.015836950750888822,0.19459616539128807,-3976772.2872859556
2025-09-08 15:00:00,0.34323554736767475,0.01833645136601299,0.1945325686116757,-4392540.367992602
2025-09-08 16:00:00,0.24270418308795919,0.015138874862355873,0.19446897978943614,-3937948.4354819623
2025-09-08 17:00:00,0.12563292981842608,0.017105693981697995,0.1944053989572832,-4029000.030647949
2025-09-08 18:00:00,5.944538019166849e-17,0.015109778430368068,0.19434182614792686,-4189793.5790781374
2025-09-08 19:00:00,0.0,0.016365342556737363,0.19427826139407253,-3982807.3080155104
2025-09-08 20:00:00,0.0,0.016627777620460117,0.19421470472842184,-4673983.32335703
2025-09-08 21:00:00,0.0,0.017029739791292988,0.19415115618367212,-4475062.120067845
2025-09-08 22:00:00,0.0,0.017104844698844046,0.19408761579251663,-4780640.235817234
2025-09-08 23:00:00,0.0,0.016571220877440063,0.19402408358764434,-4712642.419753571
2025-09-09 00:00:00,0.0,0.015622496792605974,0.19396055960173986,-4443808.29164256
2025-09-09 01:00:00,0.0,0.013636710608266137,0.19389704386748388,-4825408.434294359
2025-09-09 02:00:00,0.0,0.014344990950097563,0.19383353641755266,-4714741.859902972
2025-09-09 03:00:00,0.0,0.011278035023474468,0.19377003728461822,-4683138.600022898
2025-09-09 04:00:00,0.0,0.01602292868286366,0.1937065465013484,-4705109.129374561
2025-09-09 05:00:00,0.0,0.012111003073502638,0.19364306410040652,-4565992.53698262
2025-09-09 06:00:00,0.0,0.01597934987362827,0.19357959011445183,-4342320.059371058
2025-09-09 07:00:00,0.12388869385457901,0.015905225720593184,0.19351612457613906,-4470947.712904248
2025-09-09 08:00:00,0.23933457795871527,0.012979287358753417,0.19345266751811876,-4295664.745840677
2025-09-09 09:00:00,0.33847020609405604,0.016825719865626938,0.19338921897303704,-3948419.816836202
2025-09-09 10:00:00,0.41453964903254925,0.013202171854769911,0.1933257789735356,-4118689.7559274863
2025-09-09 11:00:00,0.46235889994863505,0.01437884353623207,0.19326234755225175,-4162082.936851459
2025-09-09 12:00:00,0.47866915591743064,0.0171184902292683,0.19319892474181846,-4438435.67648436
2025-09-09 13:00:00,0.46235889994863505,0.012226754083186011,0.19313551057486433,-4328582.791396736
2025-09-09 14:00:00,0.4145396490325493,0.013290295205098447,0.19307210508401315,-3957049.748196989
2025-09-09 15:00:00,0.3384702060940561,0.014191237086880422,0.19300870830188466,-3966967.5821619043
2025-09-09 16:00:00,0.23933457795871527,0.016087042824682547,0.1929453202610939,-4235490.68443115
2025-09-09 17:00:00,0.12388869385457915,0.012802776978334842,0.19288194099425152,-4263512.350373913
2025-09-09 18:00:00,5.862006496448467e-17,0.01444990894083625,0.1928185705339636,-4595216.385786
2025-09-09 19:00:00,0.0,0.015013351252437178,0.19275520891283168,-4515228.351268156
2025-09-09 20:00:00,0.0,0.011100307938001347,0.19269185616345277,-4162303.599951763
2025-09-09 21:00:00,0.0,0.010681508540408674,0.19262851231841938,-4652802.498008145
2025-09-09 22:00:00,0.0,0.01482679274315129,0.19256517741031937,-4935753.610358855
2025-09-09 23:00:00,0.0,0.012683847487372299,0.19250185147173587,-4777902.573121183
2025-09-10 00:00:00,0.0,0.012845346480690174,0.19243853453524767,-4741519.247681117
2025-09-10 01:00:00,0.0,0.014611207278080868,0.19237522663342874,-4723666.435224424
2025-09-10 02:00:00,0.0,0.014486468641286972,0.19231192779884856,-4970684.110096185
2025-09-10 03:00:00,0.0,0.010515543858827543,0.19224863806407164,-4647431.360716843
2025-09-10 04:00:00,0.0,0.013989224537928549,0.19218535746165813,-4503338.970871382
2025-09-10 05:00:00,0.0,0.011995518977685575,0.19212208602416336,-4829462.493579631
2025-09-10 06:00:00,0.0,0.01499355279508294,0.1920588237841379,-4527952.357507128
2025-09-10 07:00:00,0.12213842446454048,0.011224989357942706,0.19199557077412774,-4338614.268018547
2025-09-10 08:00:00,0.23595331714511245,0.0128621966733022,0.1919323270266739,-4522894.535679425
2025-09-10 09:00:00,0.3336883811935382,0.011313246169596936,0.19186909257431287,-4447402.931847199
2025-09-10 10:00:00,0.40868313350974744,0.01453685658644687,0.1918058674495761,-3758695.2742346693
2025-09-10 11:00:00,0.45582680565807876,0.014598678475948482,0.1917426516849904,-3912512.8990954133
2025-09-10 12:00:00,0.47190663429022495,0.01340278980782969,0.19167944531307785,-3999549.2715822016
2025-09-10 13:00:00,0.45582680565807876,0.012287012956683522,0.19161624836635546,-4202244.0016465625
2025-09-10 14:00:00,0.40868313350974755,0.011775978998128392,0.19155306087733565,-4251373.514210091
2025-09-10 15:00:00,0.3336883811935383,0.01374810376506355,0.19148988287852578,-4365618.022488545
2025-09-10 16:00:00,0.23595331714511245,0.012004697632020897,0.19142671440242834,-4183969.0433459207
2025-09-10 17:00:00,0.12213842446454062,0.011703211328220569,0.19136355548154113,-4405045.522644075
2025-09-10 18:00:00,5.779189491799246e-17,0.013370067708884298,0.19130040614835683,-4428513.15407187
2025-09-10 19:00:00,0.0,0.013304640997231044,0.1912372664353631,-4547682.148227291
2025-09-10 20:00:00,0.0,0.014061983065444652,0.1911741363750429,-4255823.112046161
2025-09-10 21:00:00,0.0,0.01035468505029609,0.19111101599987412,-4687923.912700132
2025-09-10 22:00:00,0.0,0.014671805623958421,0.19104790534232963,-4669373.114111831
2025-09-10 23:00:00,0.0,0.014058873896716445,0.19098480443487734,-4674438.965502442
2025-09-11 00:00:00,0.0,0.010571880488463139,0.19092171330998015,-4737882.4523134865
2025-09-11 01:00:00,0.0,0.014635118828941595,0.19085863200009587,-4844289.428046734
2025-09-11 02:00:00,0.0,0.009954758641656453,0.19079556053767735,-4944893.694903699
2025-09-11 03:00:00,0.0,0.013504549413813977,0.19073249895517236,-4672916.01956552
2025-09-11 04:00:00,0.0,0.01451620395600435,0.19066944728502347,-4642836.221972639
2025-09-11 05:00:00,0.0,0.014200737814956161,0.19060640555966826,-4710427.045756552
2025-09-11 06:00:00,0.0,0.010212529365580012,0.19054337381153916,-4073100.0980791897
2025-09-11 07:00:00,0.1203826402909046,0.014503165235845147,0.1904803520730635,-4590195.185700171
2025-09-11 08:00:00,0.2325614025877034,0.014462016277663414,0.1904173403766634,-4433499.191846225
2025-09-11 09:00:00,0.3288914896240396,0.010226301870206692,0.19035433875475588,-4251074.000665255
2025-09-11 10:00:00,0.40280816516138246,0.01100773335229945,0.19029134723975272,-3770853.5437855916
2025-09-11 11:00:00,0.4492741299149442,0.010582657090389599,0.19022836586406056,-3528772.5750134424
2025-09-11 12:00:00,0.46512280517540683,0.009696082944840133,0.19016539466008078,-3915334.2640482187
2025-09-11 13:00:00,0.4492741299149442,0.009955103299325177,0.19010243366020954,-3690335.5734432656
2025-09-11 14:00:00,0.40280816516138257,0.01317554574637964,0.19003948289683778,-4084313.695676339
2025-09-11 15:00:00,0.3288914896240396,0.010695379783875233,0.1899765424023511,-4360290.754890602
2025-09-11 16:00:00,0.2325614025877034,0.013123409886442606,0.1899136122091298,-4297590.497659966
2025-09-11 17:00:00,0.12038264029090472,0.00914953980180538,0.18985069234954902,-4445804.624639887
2025-09-11 18:00:00,5.696111545685e-17,0.010275151665027482,0.1897877828559785,-4356805.432094686
2025-09-11 19:00:00,0.0,0.011738170669635941,0.1897248837607826,-4765184.662545994
2025-09-11 20:00:00,0.0,0.009255565037954015,0.18966199509632045,-4260699.2013672395
2025-09-11 21:00:00,0.0,0.012434585587775526,0.18959911689494569,-4649135.762604595
2025-09-11 22:00:00,0.0,0.011640705983466766,0.18953624918900666,-4480402.988918499
2025-09-11 23:00:00,0.0,0.01222976738170114,0.18947339201084634,-4877343.488130161
2025-09-12 00:00:00,0.0,0.011193537423331434,0.18941054539280208,-4560305.019101758
2025-09-12 01:00:00,0.0,0.013492745120936765,0.189347709367206,-4901871.026249834
2025-09-12 02:00:00,0.0,0.012697971018496481,0.1892848839663847,-4897238.196154276
2025-09-12 03:00:00,0.0,0.010130429980194647,0.18922206922265938,-4654537.389449467
2025-09-12 04:00:00,0.0,0.01077372172755966,0.1891592651683457,-4829884.590894058
2025-09-12 05:00:00,0.0,0.008546149747897315,0.1890964718357538,-4455333.956189517
2025-09-12 06:00:00,0.0,0.012975404638568222,0.1890336892571883,-4480611.164966516
2025-09-12 07:00:00,0.11862186161041484,0.008812504089600708,0.18897091746494846,-4183482.2402369054
2025-09-12 08:00:00,0.22915983938397488,0.009489218848203263,0.1889081564913276,-4344383.693370772
2025-09-12 09:00:00,0.3240809528080575,0.010022760986282847,0.18884540636861405,-4045443.62766125
2025-09-12 10:00:00,0.39691648486736797,0.011684284493210411,0.18878266712908987,-4147355.8902150253
2025-09-12 11:00:00,0.4427028144184723,0.010270076412948822,0.1887199388050321,-3880726.963876134
2025-09-12 12:00:00,0.4583196787679499,0.01262925187416632,0.18865722142871189,-4292348.611062453
2025-09-12 13:00:00,0.4427028144184723,0.008931885551991224,0.1885945150323948,-3923203.9720707745
2025-09-12 14:00:00,0.3969164848673681,0.008262097728139838,0.1885318196483408,-3700270.953792603
2025-09-12 15:00:00,0.3240809528080575,0.008677172254604406,0.1884691353088041,-3879230.4901413685
2025-09-12 16:00:00,0.22915983938397488,0.012051110285944152,0.18840646204603337,-4097982.9069019593
2025-09-12 17:00:00,0.11862186161041495,0.010705956620269425,0.18834379989227135,-4167864.333992513
2025-09-12 18:00:00,5.61279727589413e-17,0.008699481169994494,0.18828114887975542,-4261109.078201448
2025-09-12 19:00:00,0.0,0.009959054822308024,0.1882185090407167,-4352416.997783744
2025-09-12 20:00:00,0.0,0.008590568573631791,0.18815588040738113,-4314594.495512009
2025-09-12 21:00:00,0.0,0.01064611873202551,0.1880932630119685,-4713151.84498533
2025-09-12 22:00:00,0.0,0.010673463602826136,0.188030656886693,-4619630.877944338
2025-09-12 23:00:00,0.0,0.01214377185020392,0.18796806206376293,-4724647.079663971
2025-09-13 00:00:00,0.0,0.009570975216918859,0.18790547857538087,-5052659.646683393
2025-09-13 01:00:00,0.0,0.008021448557339333,0.18784290645374346,-4281878.771575683
2025-09-13 02:00:00,0.0,0.011777881959871577,0.1877803457310416,-4617971.230004201
2025-09-13 03:00:00,0.0,0.007832634027995881,0.1877177964394603,-4896097.73364519
2025-09-13 04:00:00,0.0,0.007923190421546662,0.18765525861117854,-4510739.788269556
2025-09-13 05:00:00,0.0,0.008980786964660196,0.18759273227836956,-4554704.37019191
2025-09-13 06:00:00,0.0,0.009227050767114104,0.1875302174732007,-4552313.094136675
2025-09-13 07:00:00,0.11685661017979505,0.011626082397946933,0.1874677142278333,-4452175.898826162
2025-09-13 08:00:00,0.22574963549051616,0.010420360594640271,0.18740522257442277,-4605955.051819415
2025-09-13 09:00:00,0.3192581962114706,0.009467591009678283,0.1873427425451185,-4281749.432191679
2025-09-13 10:00:00,0.39100983845972825,0.008277336677646688,0.18728027417206414,-3834137.4526786236
2025-09-13 11:00:00,0.43611480639126565,0.009285737505494555,0.18721781748739694,-4178844.9966131505
2025-09-13 12:00:00,0.4514992709810324,0.008457443677554811,0.18715537252324846,-4072752.1173001486
2025-09-13 13:00:00,0.43611480639126565,0.01020251238381336,0.18709293931174412,-3756496.6321037724
2025-09-13 14:00:00,0.39100983845972825,0.009489844955004769,0.18703051788500336,-4173508.2069124747
2025-09-13 15:00:00,0.31925819621147067,0.010700214073136288,0.18696810827513935,-3812036.753489273
2025-09-13 16:00:00,0.22574963549051616,0.010759798808166325,0.18690571051425944,-4166749.732288199
2025-09-13 17:00:00,0.11685661017979519,0.00865286915314485,0.18684332463446476,-4469337.093285543
2025-09-13 18:00:00,5.5292713702428476e-17,0.009236380715137629,0.18678095066785036,-4130791.813299708
2025-09-13 19:00:00,0.0,0.0074230746052211544,0.18671858864650506,-4480879.4012661725
2025-09-13 20:00:00,0.0,0.007700931842719656,0.1866562386025117,-4757645.965273064
2025-09-13 21:00:00,0.0,0.007104364610623597,0.18659390056794686,-4424597.69821856
2025-09-13 22:00:00,0.0,0.008049066214814798,0.18653157457488098,-4951026.864191107
2025-09-13 23:00:00,0.0,0.008691791522247637,0.18646926065537828,-4650673.281454019
2025-09-14 00:00:00,0.0,0.00953795022746302,0.1864069588414967,-4536220.5751809655
2025-09-14 01:00:00,0.0,0.00775970239625048,0.18634466916528802,-4754359.071219572
2025-09-14 02:00:00,0.0,0.007348573976978401,0.18628239165879787,-4804167.388573433
2025-09-14 03:00:00,0.0,0.008943648318835986,0.18622012635406548,-4551087.121543702
2025-09-14 04:00:00,0.0,0.01022692244778022,0.18615787328312383,-4861083.786752201
2025-09-14 05:00:00,0.0,0.00823078439029865,0.18609563247799965,-4369117.83496351
2025-09-14 06:00:00,0.0,0.010293767252199068,0.18603340397071336,-4387393.939453103
2025-09-14 07:00:00,0.11508740908114133,0.009849090369040352,0.185971187793279,-4536774.9296416165
2025-09-14 08:00:00,0.22233180142433892,0.00849458789498081,0.18590898397770436,-4299611.33166974
2025-09-14 09:00:00,0.31442464892114197,0.007217638422835619,0.1858467925559907,-4116906.5548263825
2025-09-14 10:00:00,0.3850899762052695,0.009352143163654765,0.18578461356013307,-3936872.6307409946
2025-09-14 11:00:00,0.4295120580022833,0.007933253007762493,0.18572244702212007,-4006748.450774888
2025-09-14 12:00:00,0.4446636028486779,0.00898071323527094,0.18566029297393385,-3651214.066675163
2025-09-14 13:00:00,0.4295120580022833,0.009435550805437449,0.18559815144755026,-3861446.5116996854
2025-09-14 14:00:00,0.3850899762052696,0.006633605105107778,0.18553602247493853,-3963070.149283584
2025-09-14 15:00:00,0.31442464892114197,0.007968603793313777,0.18547390608806152,-4360465.467882986
2025-09-14 16:00:00,0.22233180142433892,0.00901645508181616,0.1854118023188757,-3715682.050112933
2025-09-14 17:00:00,0.11508740908114146,0.007291860546990584,0.18534971119933089,-4183988.0423599924
2025-09-14 18:00:00,5.445558579259633e-17,0.007893524952139958,0.18528763276137053,-4458439.743237491
2025-09-14 19:00:00,0.0,0.00713353487171838,0.18522556703693155,-4122847.2310305536
2025-09-14 20:00:00,0.0,0.0063194559893500445,0.1851635140579441,-4653981.800634831
2025-09-14 21:00:00,0.0,0.008362812708568455,0.18510147385633205,-4513517.833653824
2025-09-14 22:00:00,0.0,0.008394744403439465,0.18503944646401257,-4698771.3047382515
2025-09-14 23:00:00,0.0,0.007916401659719081,0.1849774319128963,-4750380.25580005
2025-09-15 00:00:00,0.0,0.009625209740260073,0.18491543023488724,-4489047.4772254815
2025-09-15 01:00:00,0.0,0.008481365916181139,0.18485344146188268,-4670421.039314927
2025-09-15 02:00:00,0.0,0.00980910215668724,0.18479146562577348,-4891553.7511806125
2025-09-15 03:00:00,0.0,0.009163295569493878,0.18472950275844363,-4743649.974076268
2025-09-15 04:00:00,0.0,0.0064484663870200964,0.18466755289177064,-4972308.704028298
2025-09-15 05:00:00,0.0,0.006160095851751575,0.1846056160576251,-4275214.402298314
2025-09-15 06:00:00,0.0,0.008511288645418209,0.18454369228787107,-4564680.806379513
2025-09-15 07:00:00,0.11331478256692169,0.008602091004624137,0.18448178161436588,-4481797.029441068
2025-09-15 08:00:00,0.21890734996343988,0.009018025924491229,0.18441988406896004,-4220659.822654598
2025-09-15 09:00:00,0.3095817432214502,0.00698080201615905,0.1843579996834974,-4458758.079137419
2025-09-15 10:00:00,0.37915865228693896,0.00624433668313652,0.18429612848981497,-4079864.932411406
2025-09-15 11:00:00,0.42289652578837195,0.008151728322280056,0.18423427051974298,-4093185.2932391707
2025-09-15 12:00:00,0.4378146999268799,0.008845420249649554,0.18417242580510496,-4110816.4151784345
2025-09-15 13:00:00,0.42289652578837195,0.007115906547058392,0.18411059437771748,-4179338.24556232
2025-09-15 14:00:00,0.379158652286939,0.008660181962710924,0.18404877626939026,-4027753.083862093
2025-09-15 15:00:00,0.30958174322145027,0.007842937977120835,0.18398697151192636,-4076637.1809952995
2025-09-15 16:00:00,0.21890734996343988,0.007969041812138753,0.1839251801371217,-4193680.0360749234
2025-09-15 17:00:00,0.11331478256692183,0.008584447134830319,0.18386340217676553,-4142520.3634164883
2025-09-15 18:00:00,5.361683708851124e-17,0.007481477520753107,0.18380163766264015,-4517082.94635826
2025-09-15 19:00:00,0.0,0.008297995524231758,0.18373988662652094,-4282996.574053002
2025-09-15 20:00:00,0.0,0.0078418802588825,0.1836781491001763,-4285754.116736759
2025-09-15 21:00:00,0.0,0.007462435783999638,0.18361642511536774,-4505230.646556485
2025-09-15 22:00:00,0.0,0.00736202435115731,0.18355471470384968,-4460640.818641249
2025-09-15 23:00:00,0.0,0.008651462190167793,0.18349301789736988,-4684898.843863014
2025-09-16 00:00:00,0.0,0.0059030328173149006,0.1834313347276686,-4721559.666647184
2025-09-16 01:00:00,0.0,0.006943585787163492,0.1833696652264795,-4717464.190577372
2025-09-16 02:00:00,0.0,0.0060266381772459176,0.18330800942552897,-4735912.93000463
2025-09-16 03:00:00,0.0,0.006770012936689484,0.18324636735653652,-5094762.980797441
2025-09-16 04:00:00,0.0,0.006625043957037945,0.18318473905121452,-4381210.600030856
2025-09-16 05:00:00,0.0,0.006575122911393589,0.18312312454126825,-4629414.628843523
2025-09-16 06:00:00,0.0,0.006897331442740429,0.18306152385839594,-4948122.157390858
2025-09-16 07:00:00,0.11153925590462868,0.005402233809784934,0.18299993703428857,-4258568.361356823
2025-09-16 08:00:00,0.2154772958466926,0.00546476379798886,0.18293836410063027,-4448798.574856769
2025-09-16 09:00:00,0.30473091416987247,0.005655491846943116,0.18287680508909762,-4085634.9531471804
2025-09-16 10:00:00,0.37321762428402183,0.0052052682983622384,0.1828152600313604,-4358959.154270815
2025-09-16 11:00:00,0.4162701700745012,0.005905200555142937,0.18275372895908104,-3962104.9694906883
2025-09-16 12:00:00,0.43095459169338524,0.007190589859823626,0.18269221190391474,-4125690.0925282063
2025-09-16 13:00:00,0.4162701700745012,0.007310499966250506,0.18263070889750968,-3991225.3228277545
2025-09-16 14:00:00,0.3732176242840219,0.005391389115169546,0.18256921997150663,-3972323.1868034415
2025-09-16 15:00:00,0.3047309141698725,0.007677331723069677,0.18250774515753918,-4026611.2276273393
2025-09-16 16:00:00,0.2154772958466926,0.007852297147318884,0.18244628448723363,-4266457.267383196
2025-09-16 17:00:00,0.11153925590462882,0.00745663030513456,0.18238483799220911,-3752665.9303589696
2025-09-16 18:00:00,5.277671612951588e-17,0.006665895327070431,0.18232340570407726,-4438957.14345118
2025-09-16 19:00:00,0.0,0.007059961241606178,0.18226198765444268,-4306150.15492076
2025-09-16 20:00:00,0.0,0.006810254162844709,0.18220058387490226,-4590620.933439267
2025-09-16 21:00:00,0.0,0.006953068497971246,0.18213919439704598,-4573163.328834517
2025-09-16 22:00:00,0.0,0.007544626617087117,0.18207781925245614,-4836148.535161048
2025-09-16 23:00:00,0.0,0.005936258764800125,0.1820164584727079,-4667750.911545466
2025-09-17 00:00:00,0.0,0.005578595942263215,0.18195511208936882,-4898177.127281003
2025-09-17 01:00:00,0.0,0.007240825530698823,0.18189378013399923,-4627216.591268646
2025-09-17 02:00:00,0.0,0.007445537187580268,0.18183246263815192,-4832189.598048145
2025-09-17 03:00:00,0.0,0.004798662077428395,0.1817711596333723,-4623123.769162605
2025-09-17 04:00:00,0.0,0.005398528512106237,0.18170987115119838,-4426196.785003215
2025-09-17 05:00:00,0.0,0.006848131666492161,0.18164859722316043,-4567895.896094202
2025-09-17 06:00:00,0.0,0.004752880647820079,0.18158733788078155,-4354475.529335214
2025-09-17 07:00:00,0.10976135522113142,0.005092716123504707,0.18152609315557722,-4679211.958234585
2025-09-17 08:00:00,0.2120426554731586,0.006705413069603115,0.18146486307905535,-4283215.400969168
2025-09-17 09:00:00,0.2998735991717465,0.005328212287636525,0.18140364768271638,-4469571.600076214
2025-09-17 10:00:00,0.36726865265133357,0.004637772981191742,0.1813424469980532,-3972760.2453958006
2025-09-17 11:00:00,0.40963495439287795,0.004691346482573605,0.18128126105655107,-3975052.0842877636
2025-09-17 12:00:00,0.42408531094631724,0.0059371417049851275,0.1812200898896877,-3950689.691779721
2025-09-17 13:00:00,0.40963495439287795,0.006851571815605292,0.18115893352893334,-4010953.9040099056
2025-09-17 14:00:00,0.3672686526513336,0.0049855832632915995,0.18109779200575024,-4220151.354571043
2025-09-17 15:00:00,0.29987359917174655,0.006145292207471139,0.1810366653515934,-4141113.7699587834
2025-09-17 16:00:00,0.2120426554731586,0.006553396656117089,0.18097555359790998,-4217183.979867468
2025-09-17 17:00:00,0.10976135522113153,0.006644676087610367,0.1809144567761396,-3733231.3436798016
2025-09-17 18:00:00,5.193547186158174e-17,0.006482180725459376,0.18085337491771405,-4569381.566917934
2025-09-17 19:00:00,0.0,0.005293994139057886,0.18079230805405755,-4399558.1862909505
2025-09-17 20:00:00,0.0,0.00576917767366386,0.1807312562165865,-4519532.419058225
2025-09-17 21:00:00,0.0,0.006778754990732164,0.18067021943670972,-4552550.834856134
2025-09-17 22:00:00,0.0,0.0061114375450021085,0.18060919774582804,-4729007.58816046
2025-09-17 23:00:00,0.0,0.005071246525107839,0.18054819117533474,-4598693.41757829
2025-09-18 00:00:00,0.0,0.006663628251458799,0.18048719975661534,-4539617.098914619
2025-09-18 01:00:00,0.0,0.0064741493397621145,0.18042622352104729,-5138579.239609576
2025-09-18 02:00:00,0.0,0.004310953565058717,0.18036526250000054,-4971537.850620343
2025-09-18 03:00:00,0.0,0.006011785044719416,0.18030431672483704,-5093564.054302247
2025-09-18 04:00:00,0.0,0.00531901261091845,0.180243386226911,-4871464.771015728
2025-09-18 05:00:00,0.0,0.004465253408951919,0.18018247103756865,-4843569.697063162
2025-09-18 06:00:00,0.0,0.006196467948486435,0.1801215711881485,-4773625.962787044
2025-09-18 07:00:00,0.1079816073467726,0.005069391655365157,0.180060686709981,-4340955.585897247
2025-09-18 08:00:00,0.2086044466009061,0.005858654456286586,0.17999981763438877,-4467942.664358626
2025-09-18 09:00:00,0.29501123755433556,0.005046865571051468,0.17993896399268666,-4555733.905275207
2025-09-18 10:00:00,0.3613135001975582,0.004985987206466845,0.1798781258161812,-3907148.20819094
2025-09-18 11:00:00,0.4029928449011082,0.0058285218020193,0.17981730313617128,-4092651.2728308947
2025-09-18 12:00:00,0.4172088932018123,0.005294201465106614,0.17975649598394777,-4204754.299270007
2025-09-18 13:00:00,0.4029928449011082,0.004626519609888421,0.1796957043907935,-4026688.112097429
2025-09-18 14:00:00,0.36131350019755826,0.005577839946503083,0.1796349283879832,-3852565.382757547
2025-09-18 15:00:00,0.2950112375543356,0.006021880196777626,0.17957416800678386,-4174967.465830054
2025-09-18 16:00:00,0.2086044466009061,0.0055066394763890756,0.17951342327845413,-4050048.7660319693
2025-09-18 17:00:00,0.10798160734677274,0.005506451936820122,0.17945269423424476,-4308173.39636892
2025-09-18 18:00:00,5.109335356354094e-17,0.0040677254330893035,0.1793919809053985,-4392685.1869063005
2025-09-18 19:00:00,0.0,0.003931551163456447,0.17933128332314976,-4521577.130816561
2025-09-18 20:00:00,0.0,0.004896116408972446,0.17927060151872512,-4621180.938566555
2025-09-18 21:00:00,0.0,0.0052967727434598795,0.17920993552334288,-4688354.482246449
2025-09-18 22:00:00,0.0,0.003941052170531499,0.1791492853682133,-4573591.75620376
2025-09-18 23:00:00,0.0,0.004485814686612827,0.1790886510845385,-4435138.895918285
2025-09-19 00:00:00,0.0,0.00520256489172152,0.17902803270351225,-4936668.115941148
2025-09-19 01:00:00,0.0,0.004053234616544084,0.17896743025632036,-4687832.096582571
2025-09-19 02:00:00,0.0,0.005161562033350676,0.17890684377414035,-4910056.5347168315
2025-09-19 03:00:00,0.0,0.005129639429313594,0.17884627328814148,-4766970.680050486
2025-09-19 04:00:00,0.0,0.004547666523991114,0.17878571882948494,-4735592.618462499
2025-09-19 05:00:00,0.0,0.00362182160512021,0.17872518042932353,-4912926.673138558
2025-09-19 06:00:00,0.0,0.003738519469803488,0.17866465811880175,-4535379.4231698
2025-09-19 07:00:00,0.10620053965925753,0.005233234683603064,0.17860415192905596,-4696265.479522947
2025-09-19 08:00:00,0.2051636880454266,0.005126500516535252,0.1785436618912142,-4554376.974859005
2025-09-19 09:00:00,0.29014527014032515,0.005308542121752852,0.1784831880363961,-4154664.255346806
2025-09-19 10:00:00,0.3553539315628904,0.0034644847609310225,0.17842273039571308,-4096972.850293517
2025-09-19 11:00:00,0.3963458097995827,0.005214374243134412,0.17836228900026813,-4390346.005469268
2025-09-19 12:00:00,0.41032737609085324,0.00425039580565529,0.178301863881156,-3951197.4257264133
2025-09-19 13:00:00,0.3963458097995827,0.005098012285073569,0.17824145506946296,-4091230.0112666483
2025-09-19 14:00:00,0.3553539315628904,0.003676411068765809,0.17818106259626684,-4031553.6945357365
2025-09-19 15:00:00,0.2901452701403252,0.0033902653887404,0.1781206864926372,-3854050.9620230347
2025-09-19 16:00:00,0.2051636880454266,0.004151249947491003,0.1780603267896351,-3970407.0293591456
2025-09-19 17:00:00,0.10620053965925765,0.00324488187680508,0.17799998351831323,-4278676.445859218
2025-09-19 18:00:00,5.0250610773219566e-17,0.004627346042438496,0.17793965670971576,-4444943.585937862
2025-09-19 19:00:00,0.0,0.004822080010802455,0.1778793463948784,-4206990.017513108
2025-09-19 20:00:00,0.0,0.0032855484710165458,0.17781905260482841,-4445688.429376327
2025-09-19 21:00:00,0.0,0.003992492274898186,0.1777587753705845,-4670759.484348531
2025-09-19 22:00:00,0.0,0.003676349635693864,0.17769851472315698,-4618057.369837978
2025-09-19 23:00:00,0.0,0.0032888370127640274,0.17763827069354737,-5104979.103569495
2025-09-20 00:00:00,0.0,0.004564231436052969,0.17757804331274893,-4879671.223120851
2025-09-20 01:00:00,0.0,0.0033193348313860197,0.17751783261174617,-4837191.393111143
2025-09-20 02:00:00,0.0,0.004776591278666813,0.17745763862151517,-4723816.792851238
2025-09-20 03:00:00,0.0,0.003336434195360126,0.1773974613730232,-4843676.680224298
2025-09-20 04:00:00,0.0,0.004167795037697243,0.1773373008972291,-4637731.57263779
2025-09-20 05:00:00,0.0,0.003579241786435026,0.177277157225083,-4673873.164441334
2025-09-20 06:00:00,0.0,0.0037857972121971366,0.17721703038752643,-4329491.569673119
2025-09-20 07:00:00,0.10441867992738059,0.0034967875465099873,0.1771569204154922,-4627300.626484179
2025-09-20 08:00:00,0.2017213993777377,0.004404990959703892,0.17709682733990453,-4602558.845366987
2025-09-20 09:00:00,0.2852771388208763,0.004472715422508468,0.17703675119167894,-4234355.008719495
2025-09-20 10:00:00,0.3493917126961346,0.0031481742947524084,0.17697669200172209,-4144315.179795768
2025-09-20 11:00:00,0.38969581874825693,0.003200368197297064,0.176916649800932,-4214294.65612055
2025-09-20 12:00:00,0.40344279875547545,0.003169242310677672,0.17685662462019808,-3990253.0060903216
2025-09-20 13:00:00,0.38969581874825693,0.002983828212947203,0.17679661649040082,-3938388.920584676
2025-09-20 14:00:00,0.34939171269613467,0.003683512680683506,0.176736625442412,-3991958.1960162027
2025-09-20 15:00:00,0.2852771388208763,0.003737866926586774,0.17667665150709463,-4313203.740340407
2025-09-20 16:00:00,0.2017213993777377,0.0027536603273435887,0.17661669471530286,-4195448.300407464
2025-09-20 17:00:00,0.1044186799273807,0.00401582035056353,0.17655675509788207,-4370725.808909512
2025-09-20 18:00:00,4.9407493213494274e-17,0.003963164832102447,0.17649683268566888,-4147072.9590912876
2025-09-20 19:00:00,0.0,0.003828381656487106,0.17643692750949078,-4637810.950625786
2025-09-20 20:00:00,0.0,0.004185961286625221,0.17637703960016668,-4490540.388140766
2025-09-20 21:00:00,0.0,0.003882222096916598,0.1763171689885065,-4490367.803075724
2025-09-20 22:00:00,0.0,0.0034577417443843205,0.17625731570531128,-4374194.464472553
2025-09-20 23:00:00,0.0,0.003308669214253774,0.17619747978137312,-4454280.007643454
2025-09-21 00:00:00,0.0,0.0025737393315533636,0.17613766124747518,-5139371.276288695
2025-09-21 01:00:00,0.0,0.0034983432426435833,0.17607786013439172,-4882075.576463573
2025-09-21 02:00:00,0.0,0.004019863175003549,0.17601807647288803,-4508758.969607182
2025-09-21 03:00:00,0.0,0.00399308452168532,0.17595831029372044,-4957011.887784804
2025-09-21 04:00:00,0.0,0.0037014264736402575,0.17589856162763612,-4834237.130198437
2025-09-21 05:00:00,0.0,0.003612389672004566,0.17583883050537355,-4923161.212514057
2025-09-21 06:00:00,0.0,0.0032685971192922612,0.17577911695766177,-4722325.642491862
2025-09-21 07:00:00,0.10263655615463602,0.0030942170645119056,0.17571942101522112,-4351565.504210078
2025-09-21 08:00:00,0.1982786006222623,0.0030364300873276877,0.17565974270876278,-4636038.080791338
2025-09-21 09:00:00,0.2804082861283617,0.0034176745227918292,0.1756000820689888,-4365606.977443873
2025-09-21 10:00:00,0.34342861033141636,0.002407864886858116,0.17554043912659223,-4019864.455353004
2025-09-21 11:00:00,0.3830448422829978,0.0025253988236843654,0.17548081391225698,-4247643.79615359
2025-09-21 12:00:00,0.39655720124452465,0.0029436149641222592,0.17542120645665776,-4074825.208587222
2025-09-21 13:00:00,0.3830448422829978,0.002453061493904524,0.17536161679046028,-3791747.6704977215
2025-09-21 14:00:00,0.34342861033141636,0.0032556114025477866,0.17530204494432108,-4105840.5627010097
2025-09-21 15:00:00,0.2804082861283618,0.0033410637944785485,0.17524249094888733,-3731797.969695447
2025-09-21 16:00:00,0.1982786006222623,0.00313944035517081,0.17518295483479726,-4056738.5948722027
2025-09-21 17:00:00,0.10263655615463613,0.0029460617798955212,0.17512343663267982,-4580237.934302568
2025-09-21 18:00:00,4.856425071829399e-17,0.003048863685938699,0.1750639363731547,-4451225.006108571
2025-09-21 19:00:00,0.0,0.0029251179551121925,0.17500445408683243,-4123173.3911046945
2025-09-21 20:00:00,0.0,0.003169143223471134,0.17494498980431425,-4195794.709375022
2025-09-21 21:00:00,0.0,0.0025291184686423674,0.17488554355619215,-4620114.583497272
2025-09-21 22:00:00,0.0,0.0031874916235355173,0.17482611537304885,-4882468.091016419
2025-09-21 23:00:00,0.0,0.003092948777393261,0.17476670528545782,-4839042.857412601
2025-09-22 00:00:00,0.0,0.002350126751445885,0.17470731332398298,-4959045.212020169
2025-09-22 01:00:00,0.0,0.0027627315417272846,0.17464793951917926,-4212433.110574538
2025-09-22 02:00:00,0.0,0.0027109195117943807,0.17458858390159207,-5001803.935296516
2025-09-22 03:00:00,0.0,0.003010605469170659,0.1745292465017575,-4471011.526174668
2025-09-22 04:00:00,0.0,0.0025858762099028507,0.17446992735020223,-5043165.6043784935
2025-09-22 05:00:00,0.0,0.003167366299074755,0.1744106264774436,-4939059.025724473
2025-09-22 06:00:00,0.0,0.0021101375080904094,0.17435134391398954,-4746487.400406764
2025-09-22 07:00:00,0.10085469642275909,0.001991456516949019,0.17429207969033864,-4652087.3627708275
2025-09-22 08:00:00,0.1948363119545734,0.0020667931658397364,0.17423283383697977,-4635111.744748064
2025-09-22 09:00:00,0.2755401548089129,0.00240075276220843,0.17417360638439264,-4182151.4857142037
2025-09-22 10:00:00,0.3374663914646606,0.002657261493000246,0.17411439736304749,-4592382.069809266
2025-09-22 11:00:00,0.37639485123167205,0.0030122972795121445,0.17405520680340483,-3868360.675833835
2025-09-22 12:00:00,0.38967262390914686,0.00248993022058643,0.1739960347359159,-4122142.6689507053
2025-09-22 13:00:00,0.37639485123167205,0.002688849215442944,0.17393688119102235,-4153955.163126214
2025-09-22 14:00:00,0.3374663914646607,0.0019139441194244641,0.17387774619915627,-4291276.4486806225
2025-09-22 15:00:00,0.275540154808913,0.0025875076384579455,0.1738186297907403,-4202862.647350181
2025-09-22 16:00:00,0.1948363119545734,0.002177307813240518,0.17375953199618743,-4098581.787705358
2025-09-22 17:00:00,0.1008546964227592,0.0022259549794623338,0.17370045284590113,-4150982.1800585254
2025-09-22 18:00:00,4.7721133158568714e-17,0.002720088740632218,0.1736413923702752,-4443460.836911138
2025-09-22 19:00:00,0.0,0.0020081674712347365,0.17358235059969399,-4123693.3813106394
2025-09-22 20:00:00,0.0,0.0025377596183284046,0.17352332756453198,-4558015.743482403
2025-09-22 21:00:00,0.0,0.0021113487129487104,0.1734643232951542,-4642401.334598167
2025-09-22 22:00:00,0.0,0.0023466641382232727,0.17340533782191606,-4560594.900360357
2025-09-22 23:00:00,0.0,0.0025629106770029757,0.17334637117516313,-4825136.197980187
2025-09-23 00:00:00,0.0,0.002137237264792139,0.17328742338523137,-4529024.281963638
2025-09-23 01:00:00,0.0,0.002100373833311968,0.17322849448244715,-4750090.715682943
2025-09-23 02:00:00,0.0,0.0024124153680365,0.17316958449712694,-4853926.645402528
2025-09-23 03:00:00,0.0,0.0018835385488260251,0.17311069345957766,-4892451.632251351
2025-09-23 04:00:00,0.0,0.0016872199737248867,0.17305182140009626,-5217683.364314752
2025-09-23 05:00:00,0.0,0.0016802452828315632,0.17299296834897016,-4610771.132095156
2025-09-23 06:00:00,0.0,0.0023773398523252217,0.17293413433647678,-4773258.10543374
2025-09-23 07:00:00,0.09907362873524402,0.002329221575677606,0.17287531939288392,-4590166.637368786
2025-09-23 08:00:00,0.19139555339909392,0.002281567599250051,0.17281652354844954,-4066552.4092394826
2025-09-23 09:00:00,0.27067418739490257,0.0017818510087728864,0.1727577468334217,-4106371.283848457
2025-09-23 10:00:00,0.33150682282999283,0.002051419235187263,0.17269898927803876,-4121888.707821759
2025-09-23 11:00:00,0.3697478161301466,0.001625648982835323,0.17264025091252896,-4024609.1331984582
2025-09-23 12:00:00,0.3827911067981879,0.0018847435891254515,0.1725815317671109,-4087602.2895821263
2025-09-23 13:00:00,0.3697478161301466,0.0015136028338799234,0.17252283187199327,-3932335.5090353764
2025-09-23 14:00:00,0.3315068228299929,0.002298503808580075,0.17246415125737483,-4305972.81473663
2025-09-23 15:00:00,0.2706741873949026,0.0014697113146349213,0.17240548995344426,-4156151.3627626617
2025-09-23 16:00:00,0.19139555339909392,0.0015116767267569506,0.17234684799038055,-3816157.8997887075
2025-09-23 17:00:00,0.09907362873524413,0.0018114678317150054,0.17228822539835265,-4485582.00122409
2025-09-23 18:00:00,4.687839036824734e-17,0.0019341675853047596,0.17222962220751944,-4208969.183454932
2025-09-23 19:00:00,0.0,0.0022410578679010213,0.17217103844803003,-4413463.715705173
2025-09-23 20:00:00,0.0,0.002054148129472706,0.17211247415002334,-4473666.443214863
2025-09-23 21:00:00,0.0,0.0020557275800218706,0.17205392934362837,-4655738.797229982
2025-09-23 22:00:00,0.0,0.0019154151241897008,0.17199540405896405,-4843193.615551662
2025-09-23 23:00:00,0.0,0.0020488421465596042,0.1719368983261394,-4908636.040357289
2025-09-24 00:00:00,0.0,0.001989315923884372,0.1718784121752531,-4541741.184378024
2025-09-24 01:00:00,0.0,0.0013712510053279455,0.17181994563639405,-4379442.200026455
2025-09-24 02:00:00,0.0,0.0020789746841079217,0.17176149873964086,-4720976.239645281
2025-09-24 03:00:00,0.0,0.0018313289809786819,0.17170307151506217,-4658377.464588607
2025-09-24 04:00:00,0.0,0.0016988560759745761,0.1716446639927164,-4542587.203112925
2025-09-24 05:00:00,0.0,0.001897734347138305,0.17158627620265193,-4423523.018283241
2025-09-24 06:00:00,0.0,0.0015202377875732096,0.1715279081749069,-4413962.995452624
2025-09-24 07:00:00,0.09729388086088522,0.0017417260967927464,0.17146955993950935,-4393986.741039351
2025-09-24 08:00:00,0.18795734452684143,0.0018240196395550097,0.17141123152647714,-3979123.107405908
2025-09-24 09:00:00,0.26581182577749163,0.0016120177786797575,0.17135292296581772,-3954031.2931385245
2025-09-24 10:00:00,0.32555167037621746,0.001448170704417826,0.17129463428752867,-3945407.2579967026
2025-09-24 11:00:00,0.3631057066383769,0.0013130425776413277,0.17123636552159713,-3573381.524201994
2025-09-24 12:00:00,0.3759146890536829,0.0017475793929744945,0.17117811669800004,-4141041.5765369553
2025-09-24 13:00:00,0.3631057066383769,0.0015570947568098114,0.17111988784670415,-4114211.61204944
2025-09-24 14:00:00,0.32555167037621746,0.0012388878073652393,0.1710616789976657,-4038511.5478785182
2025-09-24 15:00:00,0.26581182577749163,0.001307861624720831,0.1710034901808309,-4040126.4436485684
2025-09-24 16:00:00,0.18795734452684143,0.0015170800664658125,0.17094532142613564,-4154303.5925434963
2025-09-24 17:00:00,0.09729388086088532,0.0016073691030498024,0.17088717276350532,-4221406.5145342685
2025-09-24 18:00:00,4.603627207020654e-17,0.0013295287248218277,0.17082904422285508,-4381932.340020372
2025-09-24 19:00:00,0.0,0.0012404624243011358,0.17077093583408987,-4311966.964819301
2025-09-24 20:00:00,0.0,0.0016757567744793496,0.1707128476271039,-4936911.674882106
2025-09-24 21:00:00,0.0,0.001324534700585346,0.1706547796317813,-4527716.290622097
2025-09-24 22:00:00,0.0,0.0013565178626478074,0.17059673187799582,-4915042.610824008
2025-09-24 23:00:00,0.0,0.0011855840357342185,0.17053870439561059,-4503240.22743216
2025-09-25 00:00:00,0.0,0.0012927146915377677,0.17048069721447848,-4720211.708962019
2025-09-25 01:00:00,0.0,0.0015822730777764404,0.17042271036444187,-4831322.760819812
2025-09-25 02:00:00,0.0,0.0014401811949047527,0.1703647438753326,-4882623.919026441
2025-09-25 03:00:00,0.0,0.0013183369381431795,0.17030679777697214,-4768888.296934518
2025-09-25 04:00:00,0.0,0.0015014733865135,0.17024887209917156,-4901135.654517731
2025-09-25 05:00:00,0.0,0.0010535140295581083,0.17019096687173105,-5014828.728553774
2025-09-25 06:00:00,0.0,0.001388739712602687,0.17013308212444064,-4544130.583724627
2025-09-25 07:00:00,0.09551598017738794,0.0009987022786166024,0.17007521788707977,-4428500.933470298
2025-09-25 08:00:00,0.18452270415330743,0.001150241388885915,0.17001737418941715,-4296103.54113804
2025-09-25 09:00:00,0.2609545107793656,0.001287098170149217,0.16995955106121116,-4196539.760154074
2025-09-25 10:00:00,0.3196026987435292,0.0011018125554418444,0.16990174853220943,-4153236.801007953
2025-09-25 11:00:00,0.3564704909567536,0.00104252031400387,0.16984396663214898,-3938715.146275232
2025-09-25 12:00:00,0.3690454083066149,0.001283817371555131,0.1697862053907564,-4157364.385762454
2025-09-25 13:00:00,0.3564704909567536,0.000929810774555068,0.1697284648377475,-4328971.3574815225
2025-09-25 14:00:00,0.3196026987435292,0.0010413185635245088,0.1696707450028274,-4050962.014718208
2025-09-25 15:00:00,0.26095451077936566,0.0011335408964630168,0.16961304591569062,-4598558.405517817
2025-09-25 16:00:00,0.18452270415330743,0.0012699338791973735,0.16955536760602122,-4082203.9772331426
2025-09-25 17:00:00,0.09551598017738805,0.0011735310441996353,0.16949771010349216,-4261106.716262272
2025-09-25 18:00:00,4.51950278022724e-17,0.0012502143180478445,0.169440073437766,-4547298.592757165
2025-09-25 19:00:00,0.0,0.0009940993678325203,0.16938245763849447,-4631494.923046486
2025-09-25 20:00:00,0.0,0.0010672351186271551,0.1693248627353186,-4461984.532658229
2025-09-25 21:00:00,0.0,0.0009675613165439194,0.1692672887578687,-4423289.051650503
2025-09-25 22:00:00,0.0,0.0010540300882246737,0.16920973573576423,-4912089.511694826
2025-09-25 23:00:00,0.0,0.0008324405031457999,0.16915220369861386,-4630495.624408354
2025-09-26 00:00:00,0.0,0.0009965230364442296,0.1690946926760157,-4735487.631739168
2025-09-26 01:00:00,0.0,0.0007409964496437249,0.16903720269755662,-5119612.732212857
2025-09-26 02:00:00,0.0,0.0009092684195262179,0.16897973379281303,-4826554.8803583225
2025-09-26 03:00:00,0.0,0.0008222948995519074,0.16892228599135037,-4797375.011446521
2025-09-26 04:00:00,0.0,0.0010063765297690312,0.16886485932272322,-4724401.566868777
2025-09-26 05:00:00,0.0,0.0007101376654163616,0.1688074538164753,-4625789.196300293
2025-09-26 06:00:00,0.0,0.0007755937199072529,0.16875006950213942,-4566631.264646716
2025-09-26 07:00:00,0.09374045351509493,0.000705664052156817,0.16869270640923753,-4301700.82405299
2025-09-26 08:00:00,0.18109265003656014,0.0009175187472172841,0.16863536456728065,-4452473.423312261
2025-09-26 09:00:00,0.2561036817277879,0.000964235115001059,0.1685780440057689,-4279700.96851909
2025-09-26 10:00:00,0.3136616707406121,0.000983116473305413,0.16852074475419127,-4341082.488707824
2025-09-26 11:00:00,0.3498441352428829,0.0007005715922886145,0.168463466842026,-3984018.635938196
2025-09-26 12:00:00,0.36218530007312033,0.000784465656110984,0.16840621029874028,-3932382.6832377496
2025-09-26 13:00:00,0.3498441352428829,0.000821298959721174,0.16834897515379035,-3819235.24954782
2025-09-26 14:00:00,0.31366167074061213,0.0007725514551435047,0.1682917614366213,-3958302.4665129976
2025-09-26 15:00:00,0.2561036817277879,0.0008991033432916638,0.16823456917666738,-4299904.116392451
2025-09-26 16:00:00,0.18109265003656014,0.0007993825792782334,0.16817739840335164,-4348059.20948616
2025-09-26 17:00:00,0.09374045351509502,0.0007542499378438691,0.16812024914608628,-4410205.342313415
2025-09-26 18:00:00,4.4354906843277043e-17,0.0008587629278026634,0.16806312143427213,-4227702.553963445
2025-09-26 19:00:00,0.0,0.0007730694065640297,0.16800601529729928,-4652701.675335243
2025-09-26 20:00:00,0.0,0.0008378215242935023,0.16794893076454634,-4622271.357599717
2025-09-26 21:00:00,0.0,0.0006294586596872046,0.16789186786538113,-4573542.976878916
2025-09-26 22:00:00,0.0,0.0007174222702602612,0.1678348266291602,-4680554.325441843
2025-09-26 23:00:00,0.0,0.0007286048832177745,0.167777807085229,-4839164.2585720755
2025-09-27 00:00:00,0.0,0.0006357026207233,0.16772080926292174,-4422263.620412563
2025-09-27 01:00:00,0.0,0.0006694727009919855,0.1676638331915616,-4641560.437638532
2025-09-27 02:00:00,0.0,0.0005618488498245031,0.16760687890046044,-4889415.731708382
2025-09-27 03:00:00,0.0,0.00071611115336363,0.16754994641891896,-4968212.81353693
2025-09-27 04:00:00,0.0,0.0005308564008832683,0.16749303577622668,-4911878.143543202
2025-09-27 05:00:00,0.0,0.0006119766881211951,0.16743614700166173,-4919432.041799854
2025-09-27 06:00:00,0.0,0.0005266752001804414,0.16737928012449113,-4414772.835847761
2025-09-27 07:00:00,0.0919678270008753,0.0006141966918340889,0.1673224351739707,-4203941.909008122
2025-09-27 08:00:00,0.1776681985756611,0.000663433184374808,0.1672656121793448,-4515498.173267518
2025-09-27 09:00:00,0.25126077602809616,0.0005910443856059059,0.16720881116984665,-4220183.90604328
2025-09-27 10:00:00,0.3077303468222815,0.00044084277363630985,0.167152032174698,-4472615.232705785
2025-09-27 11:00:00,0.3432286030289715,0.0004931774507761448,0.16709527522310944,-4256625.14250654
2025-09-27 12:00:00,0.35533639715132226,0.0004961695787026787,0.16703854034428012,-3948085.482454224
2025-09-27 13:00:00,0.3432286030289715,0.00044437541870119947,0.1669818275673979,-3862904.943686909
2025-09-27 14:00:00,0.30773034682228156,0.00042968188668980525,0.16692513692163916,-4158407.368297507
2025-09-27 15:00:00,0.2512607760280962,0.0005372536938988906,0.16686846843616895,-4384525.056968488
2025-09-27 16:00:00,0.1776681985756611,0.00040470908747406196,0.16681182214014098,-4304677.400776234
2025-09-27 17:00:00,0.0919678270008754,0.0005733486627477963,0.16675519806269748,-4470282.504885841
2025-09-27 18:00:00,4.3516158139191945e-17,0.00041068343008168013,0.16669859623296926,-4452538.877025906
2025-09-27 19:00:00,0.0,0.0005479380571569841,0.16664201668007572,-4220599.238812909
2025-09-27 20:00:00,0.0,0.0005431071786657771,0.16658545943312478,-4543461.203016097
2025-09-27 21:00:00,0.0,0.0004693079859122026,0.16652892452121287,-4103358.39411133
2025-09-27 22:00:00,0.0,0.0004702040672268312,0.16647241197342483,-4703059.22050275
2025-09-27 23:00:00,0.0,0.00036371158215221214,0.16641592181883422,-4684534.781067257
2025-09-28 00:00:00,0.0,0.00048012824056705463,0.16635945408650296,-4652382.659254897
2025-09-28 01:00:00,0.0,0.0004721053631428092,0.1663030088054813,-5258204.126339554
2025-09-28 02:00:00,0.0,0.00046982474235418873,0.16624658600480818,-4772363.39494867
2025-09-28 03:00:00,0.0,0.00038242917677752924,0.16619018571351085,-4918348.480153438
2025-09-28 04:00:00,0.0,0.0002910947961658841,0.16613380796060498,-4899619.098257107
2025-09-28 05:00:00,0.0,0.00034648180379399853,0.1660774527750947,-4737258.380189148
2025-09-28 06:00:00,0.0,0.0004159569233809505,0.1660211201859724,-4882002.334520015
2025-09-28 07:00:00,0.09019862590222157,0.0003705847283098584,0.16596481022221907,-4172046.70431628
2025-09-28 08:00:00,0.17425036450948383,0.00027643613939710906,0.1659085229128038,-4234019.04906581
2025-09-28 09:00:00,0.24642722873776748,0.00035518466399057013,0.16585225828668435,-4466080.685653381
2025-09-28 10:00:00,0.3018104845678227,0.0002887244126811866,0.16579601637280633,-4439506.318538899
2025-09-28 11:00:00,0.3366258546399891,0.0003532577696497469,0.16573979720010415,-3924658.0791392727
2025-09-28 12:00:00,0.3485007290189677,0.00026824170508453656,0.16568360079750025,-3892371.926421962
2025-09-28 13:00:00,0.3366258546399891,0.0002523366490461038,0.1656274271939054,-4065006.3189816116
2025-09-28 14:00:00,0.3018104845678228,0.0002784808257636989,0.16557127641821873,-4173397.7549528913
2025-09-28 15:00:00,0.24642722873776754,0.00033458118524452016,0.16551514849932752,-4183628.0467377305
2025-09-28 16:00:00,0.17425036450948383,0.00021952435947748458,0.16545904346610732,-4260235.3735381765
2025-09-28 17:00:00,0.09019862590222166,0.0003177961831251817,0.16540296134742197,-3966647.7753116577
2025-09-28 18:00:00,4.267903022935979e-17,0.00026564431198185354,0.16534690217212347,-4419469.1532225
2025-09-28 19:00:00,0.0,0.00023103147413299172,0.165290865969052,-4728353.687208337
2025-09-28 20:00:00,0.0,0.0002882504994005865,0.16523485276703584,-4644657.945732709
2025-09-28 21:00:00,0.0,0.00019046805626918143,0.16517886259489162,-4455533.528178065
2025-09-28 22:00:00,0.0,0.00024170776688345544,0.1651228954814241,-4881612.05418045
2025-09-28 23:00:00,0.0,0.00018143418028332344,0.165066951455426,-4558690.914860923
2025-09-29 00:00:00,0.0,0.0002448070286357457,0.16501103054567837,-4847155.021781285
2025-09-29 01:00:00,0.0,0.00024450594378225455,0.16495513278095017,-5074775.495857694
2025-09-29 02:00:00,0.0,0.00024383869149687204,0.16489925818999865,-4507881.962335101
2025-09-29 03:00:00,0.0,0.00017430309912764885,0.164843406801569,-4646733.309477443
2025-09-29 04:00:00,0.0,0.0002092485837396668,0.16478757864439456,-4787094.796120573
2025-09-29 05:00:00,0.0,0.00016106109945993727,0.16473177374719666,-4778094.120168728
2025-09-29 06:00:00,0.0,0.0001668643771321449,0.1646759921386846,-4472920.879228169
2025-09-29 07:00:00,0.0884333744716018,0.00018094525866893594,0.16462023384755586,-4532883.62936942
2025-09-29 08:00:00,0.1708401606160251,0.00020310168411473079,0.16456449890249586,-4152321.8754590563
2025-09-29 09:00:00,0.24160447214118058,0.00016653460933672678,0.16450878733217794,-4383514.303082527
2025-09-29 10:00:00,0.295903838160183,0.00013704147586660065,0.1644530991652635,-4128395.892898372
2025-09-29 11:00:00,0.33003784661278246,0.00014998982717425997,0.1643974344304018,-4232337.059594848
2025-09-29 12:00:00,0.3416803212320503,0.00016293426785722237,0.1643417931562302,-4107195.229445833
2025-09-29 13:00:00,0.33003784661278246,0.00012608993137620518,0.1642861753713739,-4373747.243727832
2025-09-29 14:00:00,0.295903838160183,0.00014805992918943145,0.16423058110444605,-4087617.1577672
2025-09-29 15:00:00,0.24160447214118064,0.0001480560309884462,0.16417501038404753,-3837880.6514698514
2025-09-29 16:00:00,0.1708401606160251,9.66354670373095e-05,0.1641194632387673,-4381916.299714996
2025-09-29 17:00:00,0.08843337447160188,0.00013509062774571973,0.1640639396971822,-4028635.152163893
2025-09-29 18:00:00,4.184377117284698e-17,0.00010123002177015404,0.1640084397878568,-4502675.8154127505
2025-09-29 19:00:00,0.0,0.00012805810938879009,0.16395296353934366,-4601504.031796244
2025-09-29 20:00:00,0.0,0.00012127085857971081,0.16389751098018293,-4720855.58889325
2025-09-29 21:00:00,0.0,0.00011192496715024171,0.1638420821389029,-4703473.1502961125
2025-09-29 22:00:00,0.0,0.00010134667402799772,0.16378667704401936,-4711053.294694348
2025-09-29 23:00:00,0.0,9.758533380678225e-05,0.1637312957240362,-5149680.070286631
2025-09-30 00:00:00,0.0,0.00010390841871932146,0.16367593820744458,-4653177.7812003335
2025-09-30 01:00:00,0.0,9.19152885141356e-05,0.16362060452272395,-4849234.302309675
2025-09-30 02:00:00,0.0,7.558818870095771e-05,0.16356529469834122,-4735788.344685845
2025-09-30 03:00:00,0.0,8.030092467018227e-05,0.16351000876275104,-4657724.028255422
2025-09-30 04:00:00,0.0,7.574132602318618e-05,0.16345474674439578,-4741791.135148782
2025-09-30 05:00:00,0.0,6.910582836936313e-05,0.1633995086717056,-4448210.528147272
2025-09-30 06:00:00,0.0,6.94492423564542e-05,0.16334429457309826,-4350566.497629866
2025-09-30 07:00:00,0.08667259579111208,4.8153399395995576e-05,0.16328910447697917,-4481379.029362201
2025-09-30 08:00:00,0.16743859741229672,6.283898325291543e-05,0.1632339384117414,-4328849.665851421
2025-09-30 09:00:00,0.23679393532519863,5.0835183109940165e-05,0.16317879640576582,-4458967.851599889
2025-09-30 10:00:00,0.2900121578661687,5.902166831203078e-05,0.16312367848742063,-4183694.346817142
2025-09-30 11:00:00,0.32346653111631074,4.107330472500589e-05,0.16306858468506177,-4110490.5782625345
2025-09-30 12:00:00,0.33487719482459344,4.567214624526335e-05,0.16301351502703287,-4442997.483085046
2025-09-30 13:00:00,0.32346653111631074,4.3143358217827075e-05,0.16295846954166507,-4371930.1666953955
2025-09-30 14:00:00,0.2900121578661687,3.862366210518683e-05,0.16290344825727698,-4268929.144531865
2025-09-30 15:00:00,0.23679393532519866,3.4735556440420825e-05,0.16284845120217492,-3999170.9127982557
2025-09-30 16:00:00,0.16743859741229672,3.800293624368741e-05,0.16279347840465266,-4078679.032974765
2025-09-30 17:00:00,0.08667259579111217,3.360208100660574e-05,0.16273852989299145,-4330267.486297609
2025-09-30 18:00:00,4.1010628474938295e-17,2.9935418439853548e-05,0.1626836056954602,-4373848.0847135335
2025-09-30 19:00:00,0.0,3.090872312483362e-05,0.16262870584031508,-4656380.077575008
2025-09-30 20:00:00,0.0,1.9695990092225928e-05,0.16257383035579992,-4542083.234428888
2025-09-30 21:00:00,0.0,2.226643034878397e-05,0.16251897927014594,-4665930.302265512
2025-09-30 22:00:00,0.0,1.7408375219794387e-05,0.16246415261157182,-4537811.0158769125
2025-09-30 23:00:00,0.0,1.6658947060126196e-05,0.16240935040828366,-4881410.765501361
2025-10-01 00:00:00,0.0,1.7618776901864926e-05,0.16235457268847506,-4903012.793786066
2025-10-01 01:00:00,0.0,1.2580625937861369e-05,0.16229981948032693,-5048012.683369767
2025-10-01 02:00:00,0.0,1.457130729933213e-05,0.16224509081200755,-4886434.535620703
2025-10-01 03:00:00,0.0,1.2855291854485964e-05,0.16219038671167277,-4921309.80243915
2025-10-01 04:00:00,0.0,1.0445075420150035e-05,0.16213570720746545,-4892255.7183037605
2025-10-01 05:00:00,0.0,8.482205450030992e-06,0.16208105232751616,-4641096.577807645
2025-10-01 06:00:00,0.0,8.85586054366806e-06,0.16202642209994253,-4634962.4413999
2025-10-01 07:00:00,0.08491681161747613,6.428103213247914e-06,0.16197181655284967,-4651376.552034143
2025-10-01 08:00:00,0.16404668285488755,4.581175063380504e-06,0.16191723571432992,-4530464.477357979
2025-10-01 09:00:00,0.23199704375569988,4.469510122490261e-06,0.16186267961246298,-4022431.8345737434
2025-10-01 10:00:00,0.2841371895178035,3.7717956682436113e-06,0.16180814827531573,-4145441.2805472948
2025-10-01 11:00:00,0.31691385537317607,2.866840772068125e-06,0.1617536417309424,-4143314.296627177
2025-10-01 12:00:00,0.32809336570977515,1.4618655958083207e-06,0.16169916000738438,-4075063.3083479335
2025-10-01 13:00:00,0.31691385537317607,9.75203425611063e-07,0.16164470313267032,-4160556.8536991524
2025-10-01 14:00:00,0.28413718951780353,7.979295029906975e-07,0.16159027113481622,-4126071.297038739
2025-10-01 15:00:00,0.23199704375569993,3.5859270042494826e-07,0.161535864041825,-4133367.3263221537
2025-10-01 16:00:00,0.16404668285488755,1.9397057713052625e-07,0.16148148188168696,-3955756.028953507
2025-10-01 17:00:00,0.08491681161747622,4.756266582388189e-08,0.16142712468237957,-4395512.886563669
2025-10-01 18:00:00,4.017984901379581e-17,0.0,0.16137279247186742,-4380737.340538135
2025-10-01 19:00:00,0.0,4.29751082852834e-08,0.16131848527810227,-4343415.964613043
2025-10-01 20:00:00,0.0,2.1535424398946595e-07,0.16126420312902295,-4412142.4331686925
2025-10-01 21:00:00,0.0,5.510075397321204e-07,0.1612099460525555,-4587793.759163871
2025-10-01 22:00:00,0.0,7.311022765948646e-07,0.16115571407661297,-4720736.213488009
2025-10-01 23:00:00,0.0,9.996040638257173e-07,0.16110150722909564,-5015380.491589339
2025-10-02 00:00:00,0.0,1.9894021068876145e-06,0.16104732553789056,-4908990.901341053
2025-10-02 01:00:00,0.0,2.905671964054739e-06,0.16099316903087216,-4844551.6199877085
2025-10-02 02:00:00,0.0,2.825629943031459e-06,0.1609390377359018,-4751554.710015588
2025-10-02 03:00:00,0.0,4.1731226150778545e-06,0.16088493168082776,-4684247.326418615
2025-10-02 04:00:00,0.0,4.970325583726728e-06,0.16083085089348556,-4687064.78156436
2025-10-02 05:00:00,0.0,4.904476851594144e-06,0.16077679540169756,-4656927.376710306
2025-10-02 06:00:00,0.0,8.837039971217485e-06,0.16072276523327308,-4640621.819951514
2025-10-02 07:00:00,0.08316654222743763,7.017542580624277e-06,0.16066876041600853,-4465130.4689582735
2025-10-02 08:00:00,0.16066542204128476,9.874532895546183e-06,0.16061478097768728,-4558754.726550386
2025-10-02 09:00:00,0.22721521885518212,8.859176166601986e-06,0.1605608269460794,-4423247.973719028
2025-10-02 10:00:00,0.2782806739950018,1.530094077060147e-05,0.1605068983489423,-4106331.684826461
2025-10-02 11:00:00,0.3103817610826198,1.1967390945673874e-05,0.16045299521401987,-4370294.821065701
2025-10-02 12:00:00,0.3213308440825695,1.8240668542096e-05,0.16039911756904324,-4192061.711842361
2025-10-02 13:00:00,0.3103817610826198,1.8492090594365243e-05,0.16034526544173025,-4083240.8043172867
2025-10-02 14:00:00,0.2782806739950018,1.8408614720132165e-05,0.16029143885978564,-4334487.074485644
2025-10-02 15:00:00,0.22721521885518212,2.492549125320756e-05,0.1602376378509011,-4200482.748324206
2025-10-02 16:00:00,0.16066542204128476,2.416591170237039e-05,0.160183862442755,-4401723.772606024
2025-10-02 17:00:00,0.08316654222743772,2.049761669261875e-05,0.16013011266301272,-3713527.441808534
2025-10-02 18:00:00,3.93516789673036e-17,3.4460945101212066e-05,0.1600763885393263,-4280468.13579218
2025-10-02 19:00:00,0.0,3.133024327647853e-05,0.1600226900993347,-4504991.839570524
2025-10-02 20:00:00,0.0,3.623205302076228e-05,0.1599690173706636,-4543769.785475422
2025-10-02 21:00:00,0.0,3.593651959827949e-05,0.15991537038092538,-4498415.867651697
2025-10-02 22:00:00,0.0,4.1439503291526863e-05,0.15986174915771934,-4790370.411159683
2025-10-02 23:00:00,0.0,4.063564556186843e-05,0.1598081537286314,-5229029.289042629
2025-10-03 00:00:00,0.0,5.094109998333763e-05,0.15975458412123436,-5069537.684901351
2025-10-03 01:00:00,0.0,4.358276146012012e-05,0.15970104036308755,-4714509.926077293
2025-10-03 02:00:00,0.0,5.584849553879458e-05,0.15964752248173705,-4624274.5852928925
2025-10-03 03:00:00,0.0,5.884736555678654e-05,0.1595940305047158,-4715183.221285612
2025-10-03 04:00:00,0.0,4.769104639381923e-05,0.15954056445954318,-4631398.371685192
2025-10-03 05:00:00,0.0,6.297623120661694e-05,0.1594871243737253,-4598455.74242399
2025-10-03 06:00:00,0.0,5.678074979502196e-05,0.15943371027475495,-4543928.697116512
2025-10-03 07:00:00,0.08142230626359068,6.852165321947937e-05,0.15938032219011158,-4647354.344057832
2025-10-03 08:00:00,0.1572958169120408,5.938188794667208e-05,0.15932696014726125,-4484739.440772172
2025-10-03 09:00:00,0.22244987758156337,6.399118904564351e-05,0.15927362417365648,-4172533.474089378
2025-10-03 10:00:00,0.2724443467097066,7.283955914310017e-05,0.15922031429673655,-4139977.5370099237
2025-10-03 11:00:00,0.30387218384515413,8.659733388504793e-05,0.15916703054392736,-4089742.1696616774
2025-10-03 12:00:00,0.3145916338240817,0.00010087001078819392,0.15911377294264104,-4685423.663673418
2025-10-03 13:00:00,0.30387218384515413,0.00010871166361793968,0.15906054152027665,-4553845.348722597
2025-10-03 14:00:00,0.2724443467097066,0.00010355940492044004,0.15900733630421962,-4126346.3885175698
2025-10-03 15:00:00,0.22244987758156343,0.0001022844841920967,0.1589541573218418,-3923626.328511871
2025-10-03 16:00:00,0.1572958169120408,0.00012773023482016383,0.15890100460050166,-4418910.076809447
2025-10-03 17:00:00,0.08142230626359076,0.00013149553081067474,0.15884787816754423,-4315397.297298286
2025-10-03 18:00:00,3.8526363740119784e-17,0.00010774185466615436,0.15879477805030084,-4330056.602702355
2025-10-03 19:00:00,0.0,9.563886966571835e-05,0.15874170427608938,-4556419.799809553
2025-10-03 20:00:00,0.0,9.964667338087103e-05,0.15868865687221426,-4306056.965465586
2025-10-03 21:00:00,0.0,0.000128920207441313,0.15863563586596616,-4357763.060748276
2025-10-03 22:00:00,0.0,0.00013976370867802335,0.15858264128462227,-4883278.880785272
2025-10-03 23:00:00,0.0,0.00013911471952635164,0.15852967315544628,-4888110.469718852
2025-10-04 00:00:00,0.0,0.00013242635487012352,0.158476731505688,-4889116.916837024
2025-10-04 01:00:00,0.0,0.00017612261965708334,0.15842381636258382,-4597360.672225457
2025-10-04 02:00:00,0.0,0.00016785491877336432,0.15837092775335654,-4768076.355816199
2025-10-04 03:00:00,0.0,0.0001258439867956694,0.1583180657052152,-4590218.107904101
2025-10-04 04:00:00,0.0,0.00019150445676421196,0.15826523024535516,-4306450.571932705
2025-10-04 05:00:00,0.0,0.0001813612599422173,0.15821242140095818,-4855623.934039093
2025-10-04 06:00:00,0.0,0.00021853777284581345,0.1581596391991923,-4527168.682031793
2025-10-04 07:00:00,0.07968462058069509,0.00022752128253513055,0.15810688366721182,-4332369.588882431
2025-10-04 08:00:00,0.1539388659538776,0.00017657421423679763,0.15805415483215737,-4187063.411279575
2025-10-04 09:00:00,0.2177024320083076,0.00021024957050848372,0.1580014527211558,-4565771.230154928
2025-10-04 10:00:00,0.26662993709165084,0.0001902613892197266,0.15794877736132018,-3977737.8574275123
2025-10-04 11:00:00,0.2973870525890027,0.0002491096127742301,0.15789612877974996,-4198001.229317144
2025-10-04 12:00:00,0.30787773190775525,0.00018602944984207843,0.15784350700353067,-4143359.422193609
2025-10-04 13:00:00,0.2973870525890027,0.00025115034186400304,0.1577909120597342,-4350820.472355808
2025-10-04 14:00:00,0.2666299370916509,0.00023247120491767285,0.1577383439754184,-4214519.5199447805
2025-10-04 15:00:00,0.21770243200830763,0.00028278388096011583,0.15768580277762745,-4150351.85084498
2025-10-04 16:00:00,0.1539388659538776,0.00024556393320594825,0.15763328849339175,-4107868.739647557
2025-10-04 17:00:00,0.07968462058069517,0.0002794136600392,0.15758080114972778,-4266304.052992689
2025-10-04 18:00:00,3.7704147890957936e-17,0.00025654364357954586,0.15752834077363817,-4322026.691815404
2025-10-04 19:00:00,0.0,0.0003212359378610015,0.15747590739211173,-4612568.948074668
2025-10-04 20:00:00,0.0,0.00027914272000191575,0.15742350103212321,-4679088.647628446
2025-10-04 21:00:00,0.0,0.00022118177029845,0.15737112172063367,-4733839.4829373695
2025-10-04 22:00:00,0.0,0.0002875174809497603,0.15731876948459012,-4713263.213857443
2025-10-04 23:00:00,0.0,0.000345673091740424,0.15726644435092568,-5031075.257156171
2025-10-05 00:00:00,0.0,0.0002487582780569863,0.15721414634655959,-4868102.773044868
2025-10-05 01:00:00,0.0,0.0002876871920498571,0.15716187549839705,-4575296.76356892
2025-10-05 02:00:00,0.0,0.0003428030132047314,0.1571096318333293,-5048627.678493734
2025-10-05 03:00:00,0.0,0.0003776226908228856,0.15705741537823356,-4382920.748895505
2025-10-05 04:00:00,0.0,0.000352562244877471,0.15700522615997328,-4739789.081303704
2025-10-05 05:00:00,0.0,0.0003350996580662805,0.1569530642053975,-4842897.989275095
2025-10-05 06:00:00,0.0,0.0004290615787678994,0.15690092954134158,-4510423.7558616
2025-10-05 07:00:00,0.07795400009252097,0.00029346830928725945,0.15684882219462665,-4507491.905110631
2025-10-05 08:00:00,0.15059556390381285,0.00037834345544871597,0.15679674219205986,-4537105.666082639
2025-10-05 09:00:00,0.21297428890599623,0.00035369569939436117,0.1567446895604343,-4334778.451057301
2025-10-05 10:00:00,0.2608391680758895,0.00037245530272928337,0.15669266432652898,-4383820.12299194
2025-10-05 11:00:00,0.29092828899851725,0.00031396567046097307,0.15664066651710876,-4292497.856450139
2025-10-05 12:00:00,0.30119112780762575,0.0004126312332084699,0.15658869615892446,-4013172.179239139
2025-10-05 13:00:00,0.29092828899851725,0.00035210094881750383,0.15653675327871278,-4184798.866901874
2025-10-05 14:00:00,0.2608391680758896,0.0003462647742770732,0.15648483790319614,-4324480.761106894
2025-10-05 15:00:00,0.2129742889059963,0.0004756783723478461,0.15643295005908295,-4445475.744737295
2025-10-05 16:00:00,0.15059556390381285,0.00045890283857886793,0.1563810897730675,-4132114.774366576
2025-10-05 17:00:00,0.07795400009252106,0.0004785841823156814,0.1563292570718297,-4413001.019926273
2025-10-05 18:00:00,3.688527506011902e-17,0.0004555665243521778,0.1562774519820355,-4773915.760415557
2025-10-05 19:00:00,0.0,0.0005272782747514192,0.1562256745303365,-4422781.579413539
2025-10-05 20:00:00,0.0,0.0005582171350199047,0.15617392474337008,-4410424.682272235
2025-10-05 21:00:00,0.0,0.0004131867859760285,0.1561222026477595,-4686537.042634208
2025-10-05 22:00:00,0.0,0.00046349277251736705,0.15607050827011368,-4451666.202062159
2025-10-05 23:00:00,0.0,0.0005222187102919801,0.1560188416370273,-5023226.000247288
2025-10-06 00:00:00,0.0,0.0005761129253742265,0.15596720277508083,-4935581.059079614
2025-10-06 01:00:00,0.0,0.0005164813594608899,0.15591559171084027,-5043271.620176124
2025-10-06 02:00:00,0.0,0.00044867448532929876,0.1558640084708575,-5297059.620425695
2025-10-06 03:00:00,0.0,0.00044499051307535264,0.15581245308167002,-4911274.792932499
2025-10-06 04:00:00,0.0,0.0006667915713373253,0.15576092556980103,-4576125.391423262
2025-10-06 05:00:00,0.0,0.0005484024479009833,0.15570942596175935,-4553463.2726046415
2025-10-06 06:00:00,0.0,0.0004734797221804211,0.15565795428403947,-5000938.922195129
2025-10-06 07:00:00,0.07623095761926892,0.0005388999699691716,0.15560651056312153,-4823290.607264563
2025-10-06 08:00:00,0.14726690145439855,0.0005123992312785591,0.1555550948254712,-4354439.53462466
2025-10-06 09:00:00,0.20826684932547251,0.0007433872167335283,0.15550370709753988,-4285042.631920907
2025-10-06 10:00:00,0.25507375559225726,0.0006157021399184525,0.15545234740576444,-4067917.7264724537
2025-10-06 11:00:00,0.2844978069447414,0.0005876477376432326,0.1554010157765674,-4356047.615328212
2025-10-06 12:00:00,0.2945338029087971,0.0007364846746835275,0.1553497122363568,-4287776.754473144
2025-10-06 13:00:00,0.2844978069447414,0.0006732860724911976,0.15529843681152627,-4009384.8776887483
2025-10-06 14:00:00,0.2550737555922573,0.0005449010599152645,0.15524718952845495,-4307753.225456275
2025-10-06 15:00:00,0.20826684932547257,0.0005773595133138588,0.15519597041350758,-4140245.336937463
2025-10-06 16:00:00,0.14726690145439855,0.0006940352246410428,0.15514477949303423,-4443827.533358787
2025-10-06 17:00:00,0.07623095761926901,0.0005885191367965625,0.15509361679337066,-4551004.772003204
2025-10-06 18:00:00,3.606998789729558e-17,0.000797609844559208,0.15504248234083806,-4225148.509004495
2025-10-06 19:00:00,0.0,0.0007846551241479292,0.1549913761617429,-4371452.762393616
2025-10-06 20:00:00,0.0,0.0008410632124447886,0.1549402982823774,-4503588.60897194
2025-10-06 21:00:00,0.0,0.0009057785449610195,0.154889248729019,-4568796.737477597
2025-10-06 22:00:00,0.0,0.0007230130938828779,0.15483822752793064,-5025077.382274194
2025-10-06 23:00:00,0.0,0.0009107170544469375,0.15478723470536074,-4920549.053936918
2025-10-07 00:00:00,0.0,0.0006576040537512416,0.15473627028754303,-4799174.253044581
2025-10-07 01:00:00,0.0,0.0006663548170108014,0.15468533430069664,-4837612.25956778
2025-10-07 02:00:00,0.0,0.0008698012712379871,0.15463442677102612,-4979967.571728617
2025-10-07 03:00:00,0.0,0.0010016923033293879,0.15458354772472135,-4600580.667553693
2025-10-07 04:00:00,0.0,0.0008974651371040398,0.15453269718795762,-4712368.397465214
2025-10-07 05:00:00,0.0,0.0006700968863042695,0.15448187518689535,-4592431.317739311
2025-10-07 06:00:00,0.0,0.0007375070705216468,0.1544310817476805,-4290005.597913705
2025-10-07 07:00:00,0.07451600373561,0.0009456381130873397,0.15438031689644424,-4687708.913437382
2025-10-07 08:00:00,0.14395386496015677,0.0009763291289394307,0.15432958065930308,-4529635.232788853
2025-10-07 09:00:00,0.20358150818267876,0.001041654279604678,0.1542788730623587,-4600376.164870997
2025-10-07 10:00:00,0.2493354080569007,0.0008223428284090854,0.15422819413169822,-4388454.935891152
2025-10-07 11:00:00,0.27809751191828885,0.0009098508068447869,0.15417754389339391,-4299422.000375202
2025-10-07 12:00:00,0.2879077299203136,0.000795148831174268,0.15412692237350323,-4268099.366939554
2025-10-07 13:00:00,0.27809751191828885,0.00075792642920353,0.15407632959806897,-4356915.1742553525
2025-10-07 14:00:00,0.2493354080569007,0.0009214748397264811,0.154025765593119,-4284356.6149182245
2025-10-07 15:00:00,0.2035815081826788,0.0011292797963839887,0.15397523038466654,-4086847.051672514
2025-10-07 16:00:00,0.14395386496015677,0.0009274960573768263,0.15392472399870993,-4497814.81764164
2025-10-07 17:00:00,0.07451600373561008,0.001122532525850658,0.15387424646123266,-4250569.154172531
2025-10-07 18:00:00,3.525852798966927e-17,0.0009145176741949141,0.15382379779820335,-4733528.690687863
2025-10-07 19:00:00,0.0,0.0009347481288320814,0.15377337803557592,-4315582.113015356
2025-10-07 20:00:00,0.0,0.0011686198781293824,0.1537229871992892,-4537980.041218257
2025-10-07 21:00:00,0.0,0.0008800911461851936,0.15367262531526743,-4909501.830705776
2025-10-07 22:00:00,0.0,0.0011020782588712457,0.15362229240941955,-4898574.732584989
2025-10-07 23:00:00,0.0,0.0010809450245134573,0.15357198850763998,-4669226.564422015
2025-10-08 00:00:00,0.0,0.0009676114952553692,0.15352171363580802,-4928954.746723252
2025-10-08 01:00:00,0.0,0.0009935221057981761,0.15347146781978802,-5089327.286939622
2025-10-08 02:00:00,0.0,0.0011450533634959166,0.15342125108542948,-5185657.653864121
2025-10-08 03:00:00,0.0,0.0010459746479066449,0.1533710634585669,-4820798.404144255
2025-10-08 04:00:00,0.0,0.0012375752666010525,0.1533209049650198,-4903195.512908587
2025-10-08 05:00:00,0.0,0.001416796649272246,0.15327077563059266,-4557857.246082226
2025-10-08 06:00:00,0.0,0.0012133866217178594,0.15322067548107507,-4645337.351262429
2025-10-08 07:00:00,0.0728096466193917,0.0013165821112077847,0.15317060454224157,-4589964.986479926
2025-10-08 08:00:00,0.140657436145302,0.0012452663646073333,0.15312056283985157,-4363806.194586567
2025-10-08 09:00:00,0.19891965384531365,0.001215231685763059,0.15307055039964965,-4216781.053756614
2025-10-08 10:00:00,0.24362582586603812,0.0010379164633510175,0.15302056724736504,-4419701.357447996
2025-10-08 11:00:00,0.2717293004647054,0.0014696967374927255,0.15297061340871215,-4392487.530820286
2025-10-08 12:00:00,0.281314872290604,0.0014787370664676328,0.1529206889093902,-4333603.236138515
2025-10-08 13:00:00,0.2717293004647054,0.001093027886778023,0.15287079377508334,-3979710.2898136913
2025-10-08 14:00:00,0.24362582586603812,0.0013841482110489994,0.15282092803146066,-4435405.410285058
2025-10-08 15:00:00,0.1989196538453137,0.0012333749690482986,0.15277109170417605,-4371801.688980315
2025-10-08 16:00:00,0.140657436145302,0.001201886797140736,0.15272128481886832,-4357441.366537962
2025-10-08 17:00:00,0.07280964661939178,0.0010824409220057212,0.15267150740116106,-4405076.322816087
2025-10-08 18:00:00,3.445113579032347e-17,0.0016583414690724164,0.15262175947666287,-4197274.777017234
2025-10-08 19:00:00,0.0,0.001117742588400115,0.15257204107096695,-4574702.325276776
2025-10-08 20:00:00,0.0,0.0011624842080474864,0.1525223522096514,-4662882.802192354
2025-10-08 21:00:00,0.0,0.0013143068812727814,0.15247269291827925,-4599084.667875188
2025-10-08 22:00:00,0.0,0.0015758517845838988,0.15242306322239815,-4917729.734298426
2025-10-08 23:00:00,0.0,0.0018398190047766191,0.1523734631475406,-4810536.067805126
2025-10-09 00:00:00,0.0,0.0018450647105594574,0.15232389271922395,-4795931.953162325
2025-10-09 01:00:00,0.0,0.0013517046166678943,0.15227435196295,-4941558.9196258085
2025-10-09 02:00:00,0.0,0.0015918711719229534,0.15222484090420557,-4603251.743572135
2025-10-09 03:00:00,0.0,0.0016397424188575656,0.15217535956846215,-4852522.843205263
2025-10-09 04:00:00,0.0,0.001740537951922275,0.15212590798117587,-4854951.74845767
2025-10-09 05:00:00,0.0,0.0012659402881686841,0.15207648616778763,-4750410.132609567
2025-10-09 06:00:00,0.0,0.0018770602430997394,0.1520270941537229,-4670215.614877716
2025-10-09 07:00:00,0.07111239190105371,0.0013046839649623312,0.15197773196439188,-4605997.267813401
2025-10-09 08:00:00,0.1373785918128347,0.0016665702574672045,0.1519283996251895,-4706622.442387393
2025-10-09 09:00:00,0.19428266772142833,0.0019242574220718106,0.15187909716149525,-4625575.9028291255
2025-10-09 10:00:00,0.23794670089209558,0.0014826678937975455,0.15182982459867325,-4420166.266804123
2025-10-09 11:00:00,0.26539505962248205,0.001983225349456379,0.1517805819620723,-4043003.012513847
2025-10-09 12:00:00,0.2747571836256695,0.0017393272524484271,0.1517313692770257,-4100573.5076011466
2025-10-09 13:00:00,0.26539505962248205,0.0017169058728369292,0.15168218656885146,-4275667.70388281
2025-10-09 14:00:00,0.2379467008920956,0.0017947932764227523,0.1516330338628521,-4288079.853322292
2025-10-09 15:00:00,0.19428266772142835,0.0014068415216126908,0.15158391118431466,-4307817.625186456
2025-10-09 16:00:00,0.1373785918128347,0.0016439474255467012,0.15153481855851084,-4818784.646876506
2025-10-09 17:00:00,0.0711123919010538,0.0016471595609351488,0.15148575601069678,-4102438.873310453
2025-10-09 18:00:00,3.364805054699177e-17,0.001936988170507743,0.15143672356611323,-4373577.523266971
2025-10-09 19:00:00,0.0,0.001991336550916328,0.15138772124998542,-4627371.155281826
2025-10-09 20:00:00,0.0,0.002045809266454689,0.15133874908752307,-4598243.946447865
2025-10-09 21:00:00,0.0,0.0022527219727293884,0.15128980710392037,-5005000.153617199
2025-10-09 22:00:00,0.0,0.00220753832589316,0.151240895324356,-4697628.145340561
2025-10-09 23:00:00,0.0,0.002138967293948671,0.15119201377399322,-5320252.441481676
2025-10-10 00:00:00,0.0,0.002083506067095216,0.1511431624779795,-5084553.645900298
2025-10-10 01:00:00,0.0,0.0019723093485616633,0.15109434146144685,-4771149.122486135
2025-10-10 02:00:00,0.0,0.0018821256836677497,0.15104555074951181,-4824353.8925237935
2025-10-10 03:00:00,0.0,0.0023507625563604488,0.15099679036727529,-4973869.856572666
2025-10-10 04:00:00,0.0,0.0017143283192082666,0.1509480603398224,-4690182.488313824
2025-10-10 05:00:00,0.0,0.0019893089959876326,0.15089936069222284,-4533524.849195867
2025-10-10 06:00:00,0.0,0.001733975553465888,0.15085069144953067,-4418894.7794583505
2025-10-10 07:00:00,0.06942474251379892,0.0017935559036372749,0.15080205263678423,-4550733.728848647
2025-10-10 08:00:00,0.13411830355509402,0.002170349877466584,0.15075344427900622,-4579430.644686576
2025-10-10 09:00:00,0.1896719238500857,0.0024621913395216233,0.15070486640120373,-4203805.414842998
2025-10-10 10:00:00,0.23229971598236845,0.0023485505374068877,0.15065631902836815,-4517957.862114068
2025-10-10 11:00:00,0.2590966663638846,0.0025542782038865093,0.1506078021854751,-4717461.519855917
2025-10-10 12:00:00,0.2682366071101881,0.002578842230125882,0.15055931589748453,-4155399.724656028
2025-10-10 13:00:00,0.2590966663638846,0.002539476125130802,0.15051086018934073,-4416301.547225339
2025-10-10 14:00:00,0.2322997159823685,0.0021942696896349316,0.1504624350859722,-4204215.269589036
2025-10-10 15:00:00,0.1896719238500857,0.002374858334953906,0.15041404061229177,-4336389.446605474
2025-10-10 16:00:00,0.13411830355509402,0.0019462795862543573,0.15036567679319637,-4169341.330880605
2025-10-10 17:00:00,0.06942474251379897,0.0018274618087180633,0.1503173436535673,-4584242.957133574
2025-10-10 18:00:00,3.28495102311638e-17,0.002335118087452465,0.15026904121827006,-4594893.092077738
2025-10-10 19:00:00,0.0,0.0021136998824818312,0.1502207695121542,-4636429.955894874
2025-10-10 20:00:00,0.0,0.0019147031750159223,0.15017252856005364,-4707062.601933082
2025-10-10 21:00:00,0.0,0.0029286732792734326,0.1501243183867864,-4943669.939473923
2025-10-10 22:00:00,0.0,0.0018905621786812305,0.1500761390171547,-4759375.933397546
2025-10-10 23:00:00,0.0,0.0024029207400623467,0.15002799047594484,-4826673.506041386
2025-10-11 00:00:00,0.0,0.0020597812236504464,0.14997987278792738,-5183717.847798822
2025-10-11 01:00:00,0.0,0.002020333426643179,0.14993178597785695,-4901315.7209643675
2025-10-11 02:00:00,0.0,0.001967962872272418,0.1498837300704722,-5151806.803926513
2025-10-11 03:00:00,0.0,0.0024378998084826882,0.1498357050904961,-5031241.823470804
2025-10-11 04:00:00,0.0,0.003080738494747338,0.14978771106263541,-4595480.586662383
2025-10-11 05:00:00,0.0,0.0024681650221623523,0.1497397480115812,-4475258.270333266
2025-10-11 06:00:00,0.0,0.003139068955593981,0.14969181596200862,-4800816.542603772
2025-10-11 07:00:00,0.06774719854456308,0.0022072730179252646,0.14964391493857665,-4354845.614742623
2025-10-11 08:00:00,0.13087753746585332,0.002246322837432362,0.14959604496592852,-4593280.663793572
2025-10-11 09:00:00,0.18508878849420266,0.0020704903701756617,0.14954820606869138,-4507781.891640435
2025-10-11 10:00:00,0.22668654446035724,0.002402203911171866,0.1495003982714764,-4145903.769952105
2025-10-11 11:00:00,0.25283598703876575,0.0028357923412635692,0.14945262159887887,-4304075.371771792
2025-10-11 12:00:00,0.2617550749317067,0.0021707041887600053,0.1494048760754779,-4122986.0494769393
2025-10-11 13:00:00,0.25283598703876575,0.002378446647989591,0.14935716172583666,-4272483.770308091
2025-10-11 14:00:00,0.2266865444603573,0.0027969329222325362,0.1493094785745023,-4094404.6562105897
2025-10-11 15:00:00,0.18508878849420268,0.0031238384956488686,0.14926182664600582,-4399738.682207477
2025-10-11 16:00:00,0.13087753746585332,0.002435362831073645,0.14921420596486223,-4407997.454653184
2025-10-11 17:00:00,0.06774719854456317,0.003362767991700237,0.14916661655557054,-4425168.989303519
2025-10-11 18:00:00,3.205575146756901e-17,0.0028167371195833455,0.1491190584426135,-4503832.111265055
2025-10-11 19:00:00,0.0,0.0033047223738680597,0.1490715316504579,-4550788.50581043
2025-10-11 20:00:00,0.0,0.0028897852101273072,0.14902403620355434,-5040862.269359484
2025-10-11 21:00:00,0.0,0.002956817193595297,0.1489765721263374,-4899136.52006017
2025-10-11 22:00:00,0.0,0.0030467248668941314,0.14892913944322533,-5047001.871162053
2025-10-11 23:00:00,0.0,0.0031472838918963227,0.14888173817862047,-4705132.622682322
2025-10-12 00:00:00,0.0,0.003226852799091746,0.14883436835690872,-5175846.415436338
2025-10-12 01:00:00,0.0,0.003384425311603798,0.14878703000246005,-5070111.137098963
2025-10-12 02:00:00,0.0,0.003226366719330547,0.1487397231396281,-5084117.794872043
2025-10-12 03:00:00,0.0,0.0037388619400638514,0.1486924477927504,-4878738.976424134
2025-10-12 04:00:00,0.0,0.0032466789803030013,0.1486452039861482,-4598755.736587709
2025-10-12 05:00:00,0.0,0.003219535106712001,0.1485979917441265,-4813151.282690744
2025-10-12 06:00:00,0.0,0.003431618107396376,0.14855081109097412,-4878072.85708963
2025-10-12 07:00:00,0.0660802570858288,0.0032010806117432314,0.14850366205096366,-4476419.501486201
2025-10-12 08:00:00,0.1276572538540465,0.00343330541034777,0.14845654464835145,-4352750.301609734
2025-10-12 09:00:00,0.18053461973569762,0.002945879525716199,0.14840945890737736,-4663651.830074905
2025-10-12 10:00:00,0.2211088496299264,0.003604854772142588,0.14836240485226526,-4430769.777492887
2025-10-12 11:00:00,0.2466148768215265,0.003820814813524332,0.1483153825072224,-4225600.261652661
2025-10-12 12:00:00,0.25531450770809305,0.002612970770677615,0.14826839189644003,-3937070.7233748883
2025-10-12 13:00:00,0.2466148768215265,0.003402413850485077,0.1482214330440929,-4330961.820680613
2025-10-12 14:00:00,0.22110884962992647,0.0028313488505096697,0.14817450597433943,-4126189.1860138564
2025-10-12 15:00:00,0.18053461973569765,0.003383098708402463,0.14812761071132172,-4263622.3962820135
2025-10-12 16:00:00,0.1276572538540465,0.004193524623536635,0.14808074727916556,-4338282.087458622
2025-10-12 17:00:00,0.06608025708582888,0.003939218840750162,0.14803391570198024,-4435154.91173789
2025-10-12 18:00:00,3.1267009464059835e-17,0.004243519476273235,0.14798711600385872,-4212242.879051449
2025-10-12 19:00:00,0.0,0.00272577406985693,0.1479403482088777,-4598858.325085381
2025-10-12 20:00:00,0.0,0.004267207183514527,0.1478936123410971,-4791895.496606084
2025-10-12 21:00:00,0.0,0.0035413644577033565,0.14784690842456086,-4743310.9284699615
2025-10-12 22:00:00,0.0,0.0035404770561536115,0.14780023648329613,-4604700.244228525
2025-10-12 23:00:00,0.0,0.003924788877016248,0.14775359654131381,-4857956.758036616
2025-10-13 00:00:00,0.0,0.002849663350207948,0.1477069886226083,-5061684.71557841
2025-10-13 01:00:00,0.0,0.004283177918916237,0.14766041275115746,-5285878.553569255
2025-10-13 02:00:00,0.0,0.0041107045652880245,0.14761386895092277,-4679332.630414689
2025-10-13 03:00:00,0.0,0.003531568561150511,0.14756735724584905,-4682781.213031772
2025-10-13 04:00:00,0.0,0.0036864132910562424,0.14752087765986485,-4631014.997958606
2025-10-13 05:00:00,0.0,0.003062015548623745,0.1474744302168819,-4593436.102906679
2025-10-13 06:00:00,0.0,0.0035674011955528348,0.1474280149407956,-4330073.170896239
2025-10-13 07:00:00,0.06442441208832579,0.0031185779988625686,0.14738163185548478,-4393147.743492412
2025-10-13 08:00:00,0.12445840695920705,0.003591720190259379,0.14733528098481163,-4377028.047749877
2025-10-13 09:00:00,0.17601076707306063,0.003410355352128066,0.14728896235262184,-4313520.462960851
2025-10-13 10:00:00,0.21556828428243058,0.0032331614397961964,0.1472426759827445,-4370658.735911326
2025-10-13 11:00:00,0.24043517916138646,0.004180594821901282,0.1471964218989921,-4437562.212144264
2025-10-13 12:00:00,0.24891681391841414,0.003915244113508068,0.14715020012516045,-4277911.842057835
2025-10-13 13:00:00,0.24043517916138646,0.0033028816676548504,0.1471040106850288,-4399096.748628869
2025-10-13 14:00:00,0.2155682842824306,0.0033253306516863516,0.1470578536023598,-4077110.500410617
2025-10-13 15:00:00,0.17601076707306065,0.004314943874562454,0.14701172890089947,-4319324.227412308
2025-10-13 16:00:00,0.12445840695920705,0.0034543171881334777,0.146965636604377,-4445936.252740048
2025-10-13 17:00:00,0.06442441208832586,0.003463690054906344,0.1469195767365051,-4724728.874373588
2025-10-13 18:00:00,3.048351794191432e-17,0.004350443581340729,0.14687354932097973,-4556852.070408409
2025-10-13 19:00:00,0.0,0.003264587096072314,0.1468275543814801,-4786849.898073836
2025-10-13 20:00:00,0.0,0.004412041728605688,0.14678159194166876,-4628566.229087779
2025-10-13 21:00:00,0.0,0.00475321332459165,0.14673566202519162,-4880773.773639056
2025-10-13 22:00:00,0.0,0.005026341747500238,0.1466897646556777,-4929239.098940305
2025-10-13 23:00:00,0.0,0.004369503345903716,0.1466438998567394,-5014088.248752762
2025-10-14 00:00:00,0.0,0.0037583161710697368,0.14659806765197234,-5062560.706718044
2025-10-14 01:00:00,0.0,0.004748984177963363,0.14655226806495528,-5016657.567987803
2025-10-14 02:00:00,0.0,0.004381326904030652,0.1465065011192503,-4910749.421089629
2025-10-14 03:00:00,0.0,0.004630859553822929,0.14646076683840262,-4785031.729190858
2025-10-14 04:00:00,0.0,0.004688069785700406,0.14641506524594078,-4847450.907130016
2025-10-14 05:00:00,0.0,0.004942730960331074,0.1463693963653763,-4512850.82988465
2025-10-14 06:00:00,0.0,0.0038387664063085436,0.1463237602202041,-4477184.55653861
2025-10-14 07:00:00,0.0627801542146628,0.005304304957692396,0.1462781568339021,-4550776.5390418945
2025-10-14 08:00:00,0.12128194466870659,0.004937838817680299,0.14623258622993146,-4637662.643054943
2025-10-14 09:00:00,0.17151857102146817,0.005458221342222846,0.14618704843173635,-4276111.487300594
2025-10-14 10:00:00,0.21006649020695717,0.0047952657359350455,0.14614154346274413,-4773883.582210328
2025-10-14 11:00:00,0.23429872523613102,0.005483471612028479,0.14609607134636532,-4402143.327253034
2025-10-14 12:00:00,0.24256388933741324,0.0047209424012618776,0.1460506321059935,-4135753.653331573
2025-10-14 13:00:00,0.23429872523613102,0.004937215220694534,0.14600522576500535,-4223139.401478765
2025-10-14 14:00:00,0.21006649020695722,0.0045616071504124105,0.14595985234676065,-4047111.85081979
2025-10-14 15:00:00,0.1715185710214682,0.0043899099131717466,0.14591451187460205,-4394348.600560187
2025-10-14 16:00:00,0.12128194466870659,0.0043977161945115365,0.14586920437185555,-4475809.866029754
2025-10-14 17:00:00,0.06278015421466286,0.004097465180398719,0.14582392986182993,-4429413.906095228
2025-10-14 18:00:00,2.970550906657959e-17,0.005967715402835355,0.14577868836781724,-4501466.274648092
2025-10-14 19:00:00,0.0,0.003908468746464704,0.14573347991309238,-4554309.409514565
2025-10-14 20:00:00,0.0,0.004098753342066302,0.14568830452091316,-4673785.791480924
2025-10-14 21:00:00,0.0,0.004088178645704022,0.14564316221452064,-5116947.729442246
2025-10-14 22:00:00,0.0,0.004526364853364141,0.14559805301713866,-4982624.471702084
2025-10-14 23:00:00,0.0,0.004151078971556523,0.1455529769519741,-4770743.0114178425
2025-10-15 00:00:00,0.0,0.005005866095919075,0.14550793404221685,-4963770.083360344
2025-10-15 01:00:00,0.0,0.004028708656413351,0.14546292431103958,-5299827.338393745
2025-10-15 02:00:00,0.0,0.004187379467238416,0.14541794778159806,-4892570.181451156
2025-10-15 03:00:00,0.0,0.0042478139483564815,0.14537300447703086,-5040674.58659209
2025-10-15 04:00:00,0.0,0.0046686416062362525,0.14532809442045966,-4855633.750429517
2025-10-15 05:00:00,0.0,0.006237933701774337,0.14528321763498864,-4842186.604135834
2025-10-15 06:00:00,0.0,0.006083819097947519,0.14523837414370525,-4517206.124093119
2025-10-15 07:00:00,0.06114797069393392,0.005876723458731963,0.14519356396967964,-4454498.5846015485
2025-10-15 08:00:00,0.11812880823687569,0.004196643745871061,0.14514878713596482,-4419728.94374635
2025-10-15 09:00:00,0.1670593627155602,0.004859276977343187,0.14510404366559673,-4302335.93421126
2025-10-15 10:00:00,0.2046050977038296,0.005915909213960008,0.1450593335815941,-4292936.913063465
2025-10-15 11:00:00,0.22820733340949412,0.00528534955276284,0.14501465690695836,-4230318.587116556
2025-10-15 12:00:00,0.23625761647375143,0.006608466954857043,0.14497001366467396,-4507856.739889042
2025-10-15 13:00:00,0.22820733340949412,0.004658879727940361,0.14492540387770814,-4061815.7033435013
2025-10-15 14:00:00,0.20460509770382962,0.006302275807561028,0.14488082756901063,-4266251.49254364
2025-10-15 15:00:00,0.1670593627155602,0.0047100355847428214,0.1448362847615143,-4143869.7587924567
2025-10-15 16:00:00,0.11812880823687569,0.004528048096723759,0.14479177547813465,-4532127.372371761
2025-10-15 17:00:00,0.061147970693933976,0.004559067203353201,0.14474729974176984,-4591732.570290576
2025-10-15 18:00:00,2.893321337887626e-17,0.005606836551314457,0.14470285757530083,-4415723.982310523
2025-10-15 19:00:00,0.0,0.005503943244468289,0.14465844900159144,-4517082.427359228
2025-10-15 20:00:00,0.0,0.005151860733471346,0.14461407404348803,-4630173.303207358
2025-10-15 21:00:00,0.0,0.005692801072755283,0.14456973272381973,-4776346.306033915
2025-10-15 22:00:00,0.0,0.005568980316848862,0.14452542506539842,-5094111.456304534
2025-10-15 23:00:00,0.0,0.0055057776742065126,0.14448115109101858,-4955525.921636946
2025-10-16 00:00:00,0.0,0.006287494768373603,0.14443691082345744,-4635004.472672593
2025-10-16 01:00:00,0.0,0.006591115726508085,0.14439270428547474,-4934573.256784216
2025-10-16 02:00:00,0.0,0.006030657372886603,0.14434853149981303,-4886323.398013101
2025-10-16 03:00:00,0.0,0.0056661700128843,0.14430439248919744,-4898038.090235379
2025-10-16 04:00:00,0.0,0.005549426214857884,0.14426028727633572,-5011464.056405132
2025-10-16 05:00:00,0.0,0.007275520535736242,0.1442162158839182,-4728325.637188529
2025-10-16 06:00:00,0.0,0.00666200068361037,0.1441721783346179,-4833682.862216326
2025-10-16 07:00:00,0.05952834517734165,0.005148694330207618,0.14412817465109032,-4209315.631160963
2025-10-16 08:00:00,0.11499993200608921,0.006003985499926345,0.14408420485597362,-4488086.9510073485
2025-10-16 09:00:00,0.16263446351499514,0.0074080699046411985,0.1440402689718885,-4372356.810008805
2025-10-16 10:00:00,0.1991857251015128,0.0059118406235356925,0.1439963670214382,-4539767.752772801
2025-10-16 11:00:00,0.22216280869233682,0.006612458369256265,0.1439524990272085,-4207676.229789001
2025-10-16 12:00:00,0.22999986401217845,0.005544012729227983,0.14390866501176772,-4480598.834350346
2025-10-16 13:00:00,0.22216280869233682,0.005697237273576152,0.14386486499766668,-4397569.122912077
2025-10-16 14:00:00,0.19918572510151283,0.00557655623185101,0.1438210990074388,-4349574.88402326
2025-10-16 15:00:00,0.16263446351499516,0.006679098447987627,0.14377736706359986,-4245044.057889913
2025-10-16 16:00:00,0.11499993200608921,0.005285471201451493,0.14373366918864824,-4450677.241188961
2025-10-16 17:00:00,0.059528345177341714,0.005174388268544427,0.1436900054050647,-4936546.120635512
2025-10-16 18:00:00,2.8166859726684085e-17,0.007512501889338688,0.14364637573531258,-4240635.436726679
2025-10-16 19:00:00,0.0,0.005781559499233773,0.14360278020183748,-4578797.123349456
2025-10-16 20:00:00,0.0,0.00604626316477991,0.1435592188270677,-4775220.862057315
2025-10-16 21:00:00,0.0,0.005565380285582287,0.14351569163341366,-4657876.293611355
2025-10-16 22:00:00,0.0,0.005549358161427118,0.1434721986432684,-4527128.083451011
2025-10-16 23:00:00,0.0,0.006185906416053106,0.14342873987900737,-4802942.268288897
2025-10-17 00:00:00,0.0,0.005524242528514295,0.14338531536298835,-4800528.723565992
2025-10-17 01:00:00,0.0,0.006154247745722428,0.14334192511755148,-4934739.555579376
2025-10-17 02:00:00,0.0,0.007438932212668346,0.1432985691650193,-5274861.155453304
2025-10-17 03:00:00,0.0,0.006355139000781281,0.14325524752769672,-4876544.453551255
2025-10-17 04:00:00,0.0,0.005499388094792052,0.143211960227871,-4732231.698478776
2025-10-17 05:00:00,0.0,0.006182771726918332,0.14316870728781175,-4342295.609882733
2025-10-17 06:00:00,0.0,0.006780169339066255,0.14312548872977077,-4723204.604586381
2025-10-17 07:00:00,0.057921757594880975,0.005494240459219408,0.14308230457598237,-4595174.942005873
2025-10-17 08:00:00,0.11189624312990104,0.005726967420127464,0.14303915484866297,-4650497.740045288
2025-10-17 09:00:00,0.15824518461290332,0.006870113426073152,0.14299603957001147,-4452257.763303895
2025-10-17 10:00:00,0.19380997827706856,0.006240103984495234,0.1429529587622089,-4809652.91039193
2025-10-17 11:00:00,0.21616694220778432,0.005970739303300116,0.14290991244741863,-4296362.043711969
2025-10-17 12:00:00,0.2237924862598021,0.006482578358761164,0.1428669006477862,-4256092.964943376
2025-10-17 13:00:00,0.21616694220778432,0.006951997622136598,0.14282392338543956,-4214220.311893724
2025-10-17 14:00:00,0.19380997827706858,0.008079717546565692,0.14278098068248873,-4476176.109363258
2025-10-17 15:00:00,0.15824518461290335,0.00584039098617824,0.142738072561026,-4310058.509949745
2025-10-17 16:00:00,0.11189624312990104,0.0066764119389222,0.14269519904312586,-4133917.7709026565
2025-10-17 17:00:00,0.057921757594881045,0.007270251645851294,0.14265236015084506,-4473474.210407109
2025-10-17 18:00:00,2.7406675197129468e-17,0.0087125094927829,0.14260955590622246,-4583508.67221996
2025-10-17 19:00:00,0.0,0.006842681462310619,0.14256678633127912,-4511049.844768786
2025-10-17 20:00:00,0.0,0.008291393299154643,0.1425240514480183,-4539598.516888955
2025-10-17 21:00:00,0.0,0.006518290559751787,0.14248135127842537,-4867258.198604845
2025-10-17 22:00:00,0.0,0.007058033187992428,0.1424386858444679,-4893609.892489712
2025-10-17 23:00:00,0.0,0.0058696460283574154,0.14239605516809545,-4962033.857562645
2025-10-18 00:00:00,0.0,0.006084922718055432,0.14235345927123988,-5307051.640933914
2025-10-18 01:00:00,0.0,0.009122079020497047,0.142310898175815,-5166614.219666314
2025-10-18 02:00:00,0.0,0.007701876666407465,0.1422683719037168,-4975802.01359703
2025-10-18 03:00:00,0.0,0.006188030025562547,0.14222588047682333,-4697371.772897672
2025-10-18 04:00:00,0.0,0.00897151272992858,0.1421834239169948,-4678010.22301568
2025-10-18 05:00:00,0.0,0.0070110806018149905,0.1421410022460733,-4957621.0329407565
2025-10-18 06:00:00,0.0,0.007704292917884922,0.14209861548588315,-4510332.489648963
2025-10-18 07:00:00,0.05632868401312557,0.009415848382517343,0.14205626365823062,-4691366.429305357
2025-10-18 08:00:00,0.10881866129830826,0.007920286133810725,0.14201394678490403,-4639448.75664791
2025-10-18 09:00:00,0.15389282664735182,0.009228090503644737,0.14197166488767377,-4574356.197262387
2025-10-18 10:00:00,0.188479450180299,0.008581872736874724,0.14192941798829206,-4168471.361211627
2025-10-18 11:00:00,0.21022151066047737,0.009644314877597291,0.1418872061084933,-4489601.901291239
2025-10-18 12:00:00,0.21763732259661658,0.006379013909722451,0.1418450292699938,-4356065.6646247115
2025-10-18 13:00:00,0.21022151066047737,0.009315287875853687,0.14180288749449185,-4569999.0073437225
2025-10-18 14:00:00,0.18847945018029902,0.006580105238909506,0.1417607808036677,-4157361.789835765
2025-10-18 15:00:00,0.15389282664735182,0.009009891523851838,0.14171870921918353,-4257860.695131858
2025-10-18 16:00:00,0.10881866129830826,0.009366260484214458,0.14167667276268356,-4424288.497834337
2025-10-18 17:00:00,0.05632868401312562,0.009040032574833741,0.14163467145579378,-4352479.696151764
2025-10-18 18:00:00,2.665288504929464e-17,0.006638195098062514,0.14159270532012225,-4676975.58439514
2025-10-18 19:00:00,0.0,0.008724276509779937,0.14155077437725877,-4431048.336865123
2025-10-18 20:00:00,0.0,0.008425014286778712,0.14150887864877518,-4718764.1862320965
2025-10-18 21:00:00,0.0,0.008137585321716127,0.14146701815622517,-4995985.382827901
2025-10-18 22:00:00,0.0,0.009671842559718072,0.14142519292114425,-5039926.683348741
2025-10-18 23:00:00,0.0,0.0072560698681514825,0.14138340296504984,-4946122.69871965
2025-10-19 00:00:00,0.0,0.007550003351448795,0.1413416483094412,-5042995.310820423
2025-10-19 01:00:00,0.0,0.010449339502360168,0.14129992897579943,-5333342.282297649
2025-10-19 02:00:00,0.0,0.008977920875427295,0.14125824498558742,-5193910.636044066
2025-10-19 03:00:00,0.0,0.006904374836169771,0.1412165963602499,-4701029.775914754
2025-10-19 04:00:00,0.0,0.009217411337458657,0.1411749831212135,-4754835.744926433
2025-10-19 05:00:00,0.0,0.010682545299940756,0.14113340528988652,-4815220.813192248
2025-10-19 06:00:00,0.0,0.006791602034856706,0.14109186288765901,-4910698.587839268
2025-10-19 07:00:00,0.05474959649415904,0.007284142344975602,0.14105035593590295,-4471750.521129173
2025-10-19 08:00:00,0.10576809846522728,0.007011214524449178,0.14100888445597198,-4804755.093489677
2025-10-19 09:00:00,0.14957867931593738,0.008769292147905026,0.14096744846920153,-4472461.809527962
2025-10-19 10:00:00,0.1831957203617215,0.008795356444312856,0.14092604799690872,-4384818.129403688
2025-10-19 11:00:00,0.20432827581009644,0.008204367410943837,0.14088468306039248,-4492504.120770681
2025-10-19 12:00:00,0.2115361969304546,0.008343501716180158,0.14084335368093334,-4605632.607983026
2025-10-19 13:00:00,0.20432827581009644,0.010010001439977755,0.1408020598797937,-4333989.058026383
2025-10-19 14:00:00,0.1831957203617215,0.011201294247757954,0.14076080167821753,-4434645.748108668
2025-10-19 15:00:00,0.1495786793159374,0.007961167531434492,0.14071957909743044,-4174534.868606271
2025-10-19 16:00:00,0.10576809846522728,0.010540007219627475,0.14067839215863986,-4556525.854032551
2025-10-19 17:00:00,0.05474959649415909,0.009097980293029361,0.14063724088303484,-4399049.601321817
2025-10-19 18:00:00,2.590571264746854e-17,0.009078301420200156,0.14059612529178597,-4375768.157469181
2025-10-19 19:00:00,0.0,0.008677938906016503,0.1405550454060457,-4521563.754425181
2025-10-19 20:00:00,0.0,0.008743892350490648,0.14051400124694788,-4799648.425410601
2025-10-19 21:00:00,0.0,0.007570204193419292,0.14047299283560813,-5116421.95419017
2025-10-19 22:00:00,0.0,0.007946313688059784,0.14043202019312362,-4806851.246121021
2025-10-19 23:00:00,0.0,0.011270301155589512,0.14039108334057318,-4943995.749089474
2025-10-20 00:00:00,0.0,0.011199887561977892,0.14035018229901708,-4795136.1786716515
2025-10-20 01:00:00,0.0,0.008365265598358006,0.14030931708949732,-5134901.745963316
2025-10-20 02:00:00,0.0,0.010208165284758966,0.14026848773303738,-5360812.167652436
2025-10-20 03:00:00,0.0,0.009597108949953352,0.14022769425064244,-4774586.963098527
2025-10-20 04:00:00,0.0,0.008830399199532168,0.14018693666329893,-5106209.659053023
2025-10-20 05:00:00,0.0,0.011389148326036859,0.1401462149919751,-4889746.245826105
2025-10-20 06:00:00,0.0,0.008663976318007624,0.1401055292576206,-4772546.49936733
2025-10-20 07:00:00,0.05318496295569275,0.00796991757305895,0.1400648794811666,-4859456.127894497
2025-10-20 08:00:00,0.102745458578262,0.009986514285932217,0.1400242656835258,-4739191.568255451
2025-10-20 09:00:00,0.14530402099362122,0.011948850969273722,0.13998368788559234,-4947793.902409575
2025-10-20 10:00:00,0.1779603545045134,0.01061720148803843,0.13994314610824193,-4550110.931194534
2025-10-20 11:00:00,0.198488983949314,0.010732087017942878,0.1399026403723316,-4417558.170913431
2025-10-20 12:00:00,0.20549091715652407,0.011279484273871042,0.13986217069869997,-4115293.273384171
2025-10-20 13:00:00,0.198488983949314,0.010422072418242874,0.13982173710816706,-4407958.762232049
2025-10-20 14:00:00,0.17796035450451342,0.010584292431898392,0.13978133962153433,-4214917.3849361595
2025-10-20 15:00:00,0.14530402099362125,0.008365265353532297,0.13974097825958468,-4154297.480168371
2025-10-20 16:00:00,0.102745458578262,0.011311109689078126,0.13970065304308235,-4588681.861557973
2025-10-20 17:00:00,0.053184962955692805,0.010156340921426714,0.13966036399277312,-4707934.716378615
2025-10-20 18:00:00,2.516537939495911e-17,0.010669464837326682,0.13962011112938408,-4612717.075729735
2025-10-20 19:00:00,0.0,0.011176186650708774,0.1395798944736237,-4722606.768769467
2025-10-20 20:00:00,0.0,0.011644177967891167,0.13953971404618182,-4953277.321184049
2025-10-20 21:00:00,0.0,0.008496735675074904,0.13949956986772966,-4873774.4516271055
2025-10-20 22:00:00,0.0,0.009713971852543076,0.13945946195891976,-4977120.972341554
2025-10-20 23:00:00,0.0,0.009717419822172085,0.1394193903403861,-4818131.361793735
2025-10-21 00:00:00,0.0,0.01124229255872033,0.1393793550327439,-5117713.100510735
2025-10-21 01:00:00,0.0,0.01306345886613434,0.1393393560565897,-5130783.873566869
2025-10-21 02:00:00,0.0,0.012708795690124607,0.13929939343250133,-4927454.363049195
2025-10-21 03:00:00,0.0,0.012264280967727925,0.13925946718103807,-4823841.648345094
2025-10-21 04:00:00,0.0,0.01005794784591316,0.13921957732274032,-4879125.068494739
2025-10-21 05:00:00,0.0,0.009323802758193176,0.1391797238781297,-5050393.297356138
2025-10-21 06:00:00,0.0,0.010686013521358154,0.13913990686770944,-4503118.926666682
2025-10-21 07:00:00,0.05163524703241171,0.013046081905922624,0.13910012631196356,-4827097.1581166815
2025-10-21 08:00:00,0.09975163731084488,0.012540748145395951,0.13906038223135767,-4754164.788646207
2025-10-21 09:00:00,0.1410701183539189,0.009341762523607444,0.13902067464633847,-4628557.930171793
2025-10-21 10:00:00,0.17277490396056663,0.009408384244796016,0.13898100357733395,-4517482.182502635
2025-10-21 11:00:00,0.19270536538633062,0.010060144826641762,0.13894136904475327,-4367286.8564873915
2025-10-21 12:00:00,0.1995032746216898,0.013735069481107936,0.13890177106898685,-4245183.9582811
2025-10-21 13:00:00,0.19270536538633062,0.013505937360794544,0.1388622096704062,-4170917.0237698266
2025-10-21 14:00:00,0.17277490396056666,0.009814390676054191,0.13882268486936414,-4590424.471539126
2025-10-21 15:00:00,0.1410701183539189,0.009868740942243992,0.1387831966861945,-4358166.085823742
2025-10-21 16:00:00,0.09975163731084488,0.011445653622200718,0.13874374514121238,-4391152.597249439
2025-10-21 17:00:00,0.05163524703241176,0.011569393051641941,0.13870433025471407,-4349810.532905062
2025-10-21 18:00:00,2.4432104668486776e-17,0.013141452854803016,0.13866495204697696,-4857960.925113804
2025-10-21 19:00:00,0.0,0.010458548366367698,0.1386256105382595,-4658303.7497063065
2025-10-21 20:00:00,0.0,0.013740368062867627,0.13858630574880132,-4813399.864840756
2025-10-21 21:00:00,0.0,0.014097417413517143,0.1385470376988232,-4709233.640360431
2025-10-21 22:00:00,0.0,0.011395110569648632,0.13850780640852697,-5013889.297853554
2025-10-21 23:00:00,0.0,0.013334671816194835,0.13846861189809556,-4992084.753361816
2025-10-22 00:00:00,0.0,0.010253974557186426,0.13842945418769292,-5347784.570443119
2025-10-22 01:00:00,0.0,0.009241328292803512,0.13839033329746414,-5335938.738831537
2025-10-22 02:00:00,0.0,0.012486828898156124,0.13835124924753536,-5100943.581356026
2025-10-22 03:00:00,0.0,0.013219474557201521,0.13831220205801378,-5023157.957585343
2025-10-22 04:00:00,0.0,0.01153213335974415,0.13827319174898758,-4931354.171987166
2025-10-22 05:00:00,0.0,0.014304974204016645,0.13823421834052602,-4733580.1266488945
2025-10-22 06:00:00,0.0,0.013693210089426908,0.13819528185267932,-4739713.755379905
2025-10-22 07:00:00,0.05010090793858964,0.014236263546239754,0.13815638230547875,-4432609.488862355
2025-10-22 08:00:00,0.09678752179682948,0.014416352918653931,0.13811751971893665,-4563309.243497731
2025-10-22 09:00:00,0.13687822599355778,0.011248069014923303,0.13807869411304613,-4620702.81021445
2025-10-22 10:00:00,0.16764090529078882,0.01374562342521328,0.13803990550778156,-4374559.135259893
2025-10-22 11:00:00,0.18697913393214746,0.010925495417738176,0.13800115392309792,-4172524.266838148
2025-10-22 12:00:00,0.19357504359365896,0.012834779434204413,0.13796243937893146,-4193314.9811067977
2025-10-22 13:00:00,0.18697913393214746,0.010740348811940638,0.13792376189519928,-4082746.1372950342
2025-10-22 14:00:00,0.16764090529078884,0.011084519079914786,0.13788512149179935,-4288369.9922375
2025-10-22 15:00:00,0.1368782259935578,0.010355531865096109,0.13784651818861063,-4440807.985779473
2025-10-22 16:00:00,0.09678752179682948,0.0130202415687762,0.13780795200549295,-4520240.69495198
2025-10-22 17:00:00,0.05010090793858969,0.013560647537735455,0.13776942296228709,-4573342.502807095
2025-10-22 18:00:00,2.370610575317838e-17,0.012145088684527551,0.1377309310788147,-4301757.698975114
2025-10-22 19:00:00,0.0,0.012219854141212164,0.1376924763748783,-4926326.874176991
2025-10-22 20:00:00,0.0,0.014051264225352801,0.13765405887026128,-4946885.460516444
2025-10-22 21:00:00,0.0,0.013942884393139105,0.13761567858472787,-5018014.178558477
2025-10-22 22:00:00,0.0,0.014518864798477932,0.13757733553802323,-5022874.585783437
2025-10-22 23:00:00,0.0,0.009886703898962713,0.13753902974987334,-4991154.191946941
2025-10-23 00:00:00,0.0,0.015329863289884511,0.13750076123998495,-4898040.712590986
2025-10-23 01:00:00,0.0,0.012180163228284153,0.1374625300280457,-4964714.712051199
2025-10-23 02:00:00,0.0,0.015754933703950032,0.13742433613372398,-4999911.56995312
2025-10-23 03:00:00,0.0,0.014179281922825252,0.13738617957666907,-5105310.0667122435
2025-10-23 04:00:00,0.0,0.014603041964164617,0.13734806037651098,-5044010.027982117
2025-10-23 05:00:00,0.0,0.015209122850784166,0.13730997855286045,-4821272.894012123
2025-10-23 06:00:00,0.0,0.010899226458103334,0.13727193412530908,-5075471.988707279
2025-10-23 07:00:00,0.04858240033201371,0.010751897501338271,0.13723392711342922,-4878790.42040565
2025-10-23 08:00:00,0.0938539903676133,0.012481808704288513,0.13719595753677394,-4254655.099831201
2025-10-23 09:00:00,0.13272958606071256,0.010579101657140889,0.13715802541487704,-4290724.123743241
2025-10-23 10:00:00,0.16255987980978626,0.01492864565932809,0.1371201307672531,-4177105.3880278724
2025-10-23 11:00:00,0.18131198639272628,0.012967581137150056,0.13708227361339745,-4527910.301613234
2025-10-23 12:00:00,0.18770798073522663,0.011172615455452882,0.13704445397278597,-4223756.175592077
2025-10-23 13:00:00,0.18131198639272628,0.011349630934905165,0.1370066718648754,-4370671.972349658
2025-10-23 14:00:00,0.16255987980978626,0.012070147331175672,0.13696892730910312,-4561971.946537567
2025-10-23 15:00:00,0.13272958606071258,0.01654658465425911,0.13693122032488722,-4281118.804838482
2025-10-23 16:00:00,0.0938539903676133,0.016316068802117407,0.13689355093162636,-4036973.777710512
2025-10-23 17:00:00,0.04858240033201377,0.01437564681392719,0.13685591914869996,-4749110.092091645
2025-10-23 18:00:00,2.2987597778180834e-17,0.01082318252764589,0.13681832499546806,-4468676.41526857
2025-10-23 19:00:00,0.0,0.013028650003894922,0.13678076849127138,-4612227.621987001
2025-10-23 20:00:00,0.0,0.01617136501907563,0.1367432496554312,-4779986.865561182
2025-10-23 21:00:00,0.0,0.010817229205552536,0.13670576850724944,-4925484.688747746
2025-10-23 22:00:00,0.0,0.014447416765668812,0.13666832506600868,-4865306.576529448
2025-10-23 23:00:00,0.0,0.01327482233594495,0.13663091935097205,-4815625.0969859
2025-10-24 00:00:00,0.0,0.014160302053867138,0.13659355138138335,-5028356.882322488
2025-10-24 01:00:00,0.0,0.013159148142449615,0.13655622117646682,-4933458.036709346
2025-10-24 02:00:00,0.0,0.016722744875972584,0.13651892875542734,-4896007.214727956
2025-10-24 03:00:00,0.0,0.016536012100446005,0.1364816741374504,-5100227.512958054
2025-10-24 04:00:00,0.0,0.013588413510271664,0.13644445734170205,-5118599.448734765
2025-10-24 05:00:00,0.0,0.01205307836685417,0.1364072783873288,-5022986.073208842
2025-10-24 06:00:00,0.0,0.013574333137581851,0.1363701372934577,-4507294.104651246
2025-10-24 07:00:00,0.047080174179259915,0.017022122444294324,0.1363330340791964,-4759043.00503174
2025-10-24 08:00:00,0.09095191229186977,0.01536636318806102,0.13629596876363298,-4781865.265626451
2025-10-24 09:00:00,0.12862542788693046,0.013501221674366985,0.1362589413658361,-4523016.835710983
2025-10-24 10:00:00,0.15753333313506676,0.013836875501623686,0.13622195190485484,-4643310.297488678
2025-10-24 11:00:00,0.1757056020661904,0.01787206096052941,0.13618500039971876,-4254043.25633218
2025-10-24 12:00:00,0.18190382458373958,0.016855372829727603,0.13614808686943797,-4363089.165838459
2025-10-24 13:00:00,0.1757056020661904,0.011592672375062035,0.136111211333003,-4842548.076956923
2025-10-24 14:00:00,0.1575333331350668,0.013759679968675989,0.13607437380938486,-4235114.873496701
2025-10-24 15:00:00,0.1286254278869305,0.017262887647354733,0.1360375743175349,-4268079.321025673
2025-10-24 16:00:00,0.09095191229186977,0.011534279030923153,0.13600081287638505,-4344614.905813272
2025-10-24 17:00:00,0.04708017417925997,0.016579158911682004,0.13596408950484756,-4240594.389973978
2025-10-24 18:00:00,2.2276793652913828e-17,0.01771399516641495,0.13592740422181515,-4940302.094031364
2025-10-24 19:00:00,0.0,0.015387532003375965,0.13589075704616096,-4623039.81232311
2025-10-24 20:00:00,0.0,0.011849836836894244,0.13585414799673842,-4635041.950812103
2025-10-24 21:00:00,0.0,0.012750878350998134,0.13581757709238143,-5175181.923551504
2025-10-24 22:00:00,0.0,0.014088546037666894,0.13578104435190425,-4997082.377469479
2025-10-24 23:00:00,0.0,0.012956483822956657,0.13574454979410158,-4986218.246656435
2025-10-25 00:00:00,0.0,0.014470519207693265,0.1357080934377483,-5273968.851072133
2025-10-25 01:00:00,0.0,0.018149162113172055,0.13567167530159985,-5042332.989570541
2025-10-25 02:00:00,0.0,0.01213765226877645,0.13563529540439181,-5120913.143312363
2025-10-25 03:00:00,0.0,0.013318787958813357,0.1355989537648402,-5085836.925824372
2025-10-25 04:00:00,0.0,0.016244787276309475,0.13556265040164145,-5195433.915895104
2025-10-25 05:00:00,0.0,0.012405602908195588,0.135526385333472,-4814693.061508435
2025-10-25 06:00:00,0.0,0.013530850007944276,0.13549015857898886,-4938767.349142734
2025-10-25 07:00:00,0.045594674622357965,0.012810836071441008,0.13545397015682925,-4987157.759529756
2025-10-25 08:00:00,0.08808214751796466,0.016540993175026095,0.13541782008561065,-4450323.969044857
2025-10-25 09:00:00,0.12456696762285327,0.017256508504760123,0.13538170838393082,-4515477.129866857
2025-10-25 10:00:00,0.15256275474089168,0.01246026689778083,0.13534563507036776,-4304307.375576445
2025-10-25 11:00:00,0.17016164224521124,0.01727035020712673,0.1353096001634798,-4387737.753101221
2025-10-25 12:00:00,0.17616429503592934,0.013469220389808178,0.13527360368180538,-4298619.375777683
2025-10-25 13:00:00,0.17016164224521124,0.015107291644054655,0.13523764564386334,-4520241.473375978
2025-10-25 14:00:00,0.15256275474089168,0.016346497036466307,0.13520172606815253,-4391119.31884997
2025-10-25 15:00:00,0.1245669676228533,0.019151872886510077,0.1351658449731522,-4641735.547109422
2025-10-25 16:00:00,0.08808214751796466,0.014453137440803027,0.13513000237732173,-4323990.674796235
2025-10-25 17:00:00,0.045594674622358014,0.01627951413723833,0.13509419829910074,-4611839.870577026
2025-10-25 18:00:00,2.157390400398008e-17,0.016921648097131314,0.1350584327569089,-4876177.733134205
2025-10-25 19:00:00,0.0,0.018433880056400974,0.13502270576914618,-4781906.355034836
2025-10-25 20:00:00,0.0,0.0169563377451678,0.1349870173541927,-4837710.855751059
2025-10-25 21:00:00,0.0,0.019790317043813267,0.1349513675304087,-4920686.323371336
2025-10-25 22:00:00,0.0,0.01623860126724914,0.1349157563161346,-4680222.2310745735
2025-10-25 23:00:00,0.0,0.014837276085450985,0.1348801837296909,-5023405.625808561
2025-10-26 00:00:00,0.0,0.01904343108890217,0.13484464978937838,-5027283.412908619
2025-10-26 01:00:00,0.0,0.015975946833899732,0.13480915451347766,-4951315.458871857
2025-10-26 02:00:00,0.0,0.018825305895055672,0.13477369792024976,-5024937.850077755
2025-10-26 03:00:00,0.0,0.013210168335095735,0.13473828002793564,-5097435.07394574
2025-10-26 04:00:00,0.0,0.01921386958761541,0.13470290085475636,-5283933.306356224
2025-10-26 05:00:00,0.0,0.014492498893462059,0.13466756041891312,-4944327.570541976
2025-10-26 06:00:00,0.0,0.01876732926361885,0.13463225873858714,-5175325.270051687
2025-10-26 07:00:00,0.044126341846886276,0.015020200244654237,0.13459699583193974,-4692652.037655901
2025-10-26 08:00:00,0.08524554641913504,0.016255392771182906,0.1345617717171122,-4742417.786355819
2025-10-26 09:00:00,0.12055540787784601,0.0159397965068091,0.13452658641222603,-4185329.3362418422
2025-10-26 10:00:00,0.14764961751691305,0.018097721560781068,0.13449143993538257,-4550617.893899246
2025-10-26 11:00:00,0.1646817497247323,0.014030648005220369,0.13445633230466328,-4271746.144594478
2025-10-26 12:00:00,0.1704910928382701,0.02119286458753946,0.1344212635381296,-4280925.167566561
2025-10-26 13:00:00,0.1646817497247323,0.017803389187401958,0.1343862336538231,-4448922.621383015
2025-10-26 14:00:00,0.14764961751691308,0.01447285493352824,0.13435124266976517,-4155930.7533974964
2025-10-26 15:00:00,0.12055540787784602,0.02055272484524519,0.1343162906039573,-4446482.225272707
2025-10-26 16:00:00,0.08524554641913504,0.018745420358048437,0.13428137747438093,-4500595.088564585
2025-10-26 17:00:00,0.044126341846886324,0.016362912830495915,0.13424650329899743,-4710000.034796568
2025-10-26 18:00:00,2.087913711275217e-17,0.016114706189665356,0.13421166809574822,-4904687.974473891
2025-10-26 19:00:00,0.0,0.01810549944724356,0.13417687188255456,-5158103.566359529
2025-10-26 20:00:00,0.0,0.02046000783441591,0.13414211467731774,-4728949.608858354
2025-10-26 21:00:00,0.0,0.015129012609919142,0.1341073964979189,-5319020.730921322
2025-10-26 22:00:00,0.0,0.01826725073313417,0.13407271736221918,-5000947.14434738
2025-10-26 23:00:00,0.0,0.01879312897346646,0.13403807728805958,-5045159.0045959605
2025-10-27 00:00:00,0.0,0.018146971250282792,0.1340034762932611,-5128166.407700061
2025-10-27 01:00:00,0.0,0.020071497627673327,0.1339689143956245,-5107443.579999114
2025-10-27 02:00:00,0.0,0.015869192330300864,0.1339343916129305,-5085658.726810709
2025-10-27 03:00:00,0.0,0.014421818390887827,0.13389990796293968,-5082319.622469114
2025-10-27 04:00:00,0.0,0.018892558104622176,0.1338654634633925,-5302674.956882721
2025-10-27 05:00:00,0.0,0.014811556247925364,0.13383105813200935,-5007405.828601259
2025-10-27 06:00:00,0.0,0.014808985011984232,0.13379669198649027,-4714365.6048152335
2025-10-27 07:00:00,0.04267561095153546,0.019760091428857537,0.13376236504451533,-4587787.017682323
2025-10-27 08:00:00,0.08244294954150538,0.017483949353090854,0.13372807732374434,-4725980.087416193
2025-10-27 09:00:00,0.11659193736363767,0.01635069819056201,0.13369382884181696,-4423514.831475474
2025-10-27 10:00:00,0.14279537733172462,0.017518622362983818,0.13365961961635264,-4538659.06517248
2025-10-27 11:00:00,0.15926754831517315,0.018083283591882084,0.1336254496649507,-4422216.786493389
2025-10-27 12:00:00,0.1648858990830108,0.022763375479073398,0.1335913190051902,-4447121.783314259
2025-10-27 13:00:00,0.15926754831517315,0.022814590737410777,0.13355722765463,-4544232.4067976065
2025-10-27 14:00:00,0.14279537733172462,0.015711343093893104,0.1335231756308087,-4213182.321844491
2025-10-27 15:00:00,0.11659193736363767,0.016782125934090855,0.13348916295124472,-4932643.725917143
2025-10-27 16:00:00,0.08244294954150538,0.016982687636804612,0.1334551896334362,-4570995.220576681
2025-10-27 17:00:00,0.0426756109515355,0.019541137565978806,0.13342125569486105,-4337463.062545021
2025-10-27 18:00:00,2.0192698853654267e-17,0.014860785566409532,0.13338736115297692,-5189759.077147602
2025-10-27 19:00:00,0.0,0.02237456089362033,0.13335350602522122,-5011940.126220994
2025-10-27 20:00:00,0.0,0.017223267510623398,0.13331969032901106,-5423065.708703109
2025-10-27 21:00:00,0.0,0.023095530549200074,0.1332859140817432,-4465377.5217623655
2025-10-27 22:00:00,0.0,0.015782827151400836,0.13325217730079425,-5168326.948115697
2025-10-27 23:00:00,0.0,0.01521405156033809,0.13321848000352035,-5293033.566202764
2025-10-28 00:00:00,0.0,0.022446918122081137,0.13318482220725747,-5197087.8245940525
2025-10-28 01:00:00,0.0,0.016553883640446396,0.13315120392932112,-5205875.613787707
2025-10-28 02:00:00,0.0,0.023674346037563465,0.13311762518700662,-5520068.873025557
2025-10-28 03:00:00,0.0,0.022002150925960095,0.13308408599758884,-4612686.1808527345
2025-10-28 04:00:00,0.0,0.023578033032152154,0.13305058637832237,-5118377.075540822
2025-10-28 05:00:00,0.0,0.017728981179266398,0.13301712634644144,-5253685.129287674
2025-10-28 06:00:00,0.0,0.017967339156677465,0.13298370591915987,-4701482.19929468
2025-10-28 07:00:00,0.041242911819179114,0.021386548193056777,0.13295032511367114,-4804221.359280147
2025-10-28 08:00:00,0.07967518735501553,0.01969180337178126,0.1329169839471483,-4876004.604013609
2025-10-28 09:00:00,0.11267773054208029,0.024323951315981206,0.13288368243674414,-4410591.415697554
2025-10-28 10:00:00,0.13800147260145623,0.02172883530955164,0.13285042059959082,-4306677.614732819
2025-10-28 11:00:00,0.15392064236125944,0.016991870250215625,0.13281719845280027,-4449706.298288435
2025-10-28 12:00:00,0.15935037471003108,0.0171890614979158,0.13278401601346398,-4274857.740721422
2025-10-28 13:00:00,0.15392064236125944,0.024721811967880085,0.13275087329865298,-4307719.430320793
2025-10-28 14:00:00,0.13800147260145626,0.020659199400531698,0.13271777032541784,-4391065.7738668
2025-10-28 15:00:00,0.1126777305420803,0.02128494083423037,0.13268470711078872,-4562443.24941653
2025-10-28 16:00:00,0.07967518735501553,0.021967093235808872,0.13265168367177535,-4360256.223207206
2025-10-28 17:00:00,0.04124291181917916,0.024052604565399545,0.1326187000253669,-4681671.426363096
2025-10-28 18:00:00,1.951479263315709e-17,0.021417838960997845,0.13258575618853222,-4602047.225875715
2025-10-28 19:00:00,0.0,0.024378306877197196,0.1325528521782195,-4750384.514774208
2025-10-28 20:00:00,0.0,0.023141070343723844,0.1325199880113566,-4993736.987915947
2025-10-28 21:00:00,0.0,0.017218359608236217,0.13248716370485075,-4704087.954498233
2025-10-28 22:00:00,0.0,0.01869703374485141,0.13245437927558878,-4634723.9913196
2025-10-28 23:00:00,0.0,0.02290585366542636,0.13242163474043697,-5109029.6109088445
2025-10-29 00:00:00,0.0,0.01742381386560855,0.1323889301162411,-5107954.013852187
2025-10-29 01:00:00,0.0,0.0178041751984423,0.13235626541982634,-5219093.892012688
2025-10-29 02:00:00,0.0,0.025471025546853723,0.13232364066799734,-5176943.797290706
2025-10-29 03:00:00,0.0,0.023858092898475982,0.13229105587753826,-5251812.648110048
2025-10-29 04:00:00,0.0,0.021108920621126886,0.13225851106521266,-4888911.22790488
2025-10-29 05:00:00,0.0,0.01947062387226763,0.1322260062477636,-4735911.647792923
2025-10-29 06:00:00,0.0,0.01998014927230114,0.1321935414419134,-4809439.700735932
2025-10-29 07:00:00,0.039828668989490355,0.019130372861128613,0.13216111666436395,-4838700.285719818
2025-10-29 08:00:00,0.07694308000733452,0.02076036713669321,0.1321287319317965,-4476526.035919677
2025-10-29 09:00:00,0.10881394727713062,0.025927247914655418,0.13209638726087167,-4453600.4479134865
2025-10-29 10:00:00,0.13326932386354048,0.02539257400729595,0.13206408266822955,-4550176.474782385
2025-10-29 11:00:00,0.14864261626662098,0.025828470278100077,0.1320318181704895,-4641233.945342493
2025-10-29 12:00:00,0.15388616001466904,0.01724526682351163,0.13199959378425036,-4536044.291411992
2025-10-29 13:00:00,0.14864261626662098,0.022552333368217305,0.13196740952609023,-4822049.596363078
2025-10-29 14:00:00,0.13326932386354048,0.02260765478348477,0.1319352654125667,-4347234.860073934
2025-10-29 15:00:00,0.10881394727713063,0.02697174972440761,0.13190316146021655,-4180754.3705986445
2025-10-29 16:00:00,0.07694308000733452,0.0264064704388077,0.13187109768555594,-4670384.2354420815
2025-10-29 17:00:00,0.03982866898949039,0.026235356750918575,0.1318390741050805,-4382926.719226877
2025-10-29 18:00:00,1.8845619329504186e-17,0.021250994413193534,0.131807090735265,-4776792.178453345
2025-10-29 19:00:00,0.0,0.021607131157042363,0.13177514759256367,-4519576.84536514
2025-10-29 20:00:00,0.0,0.026047977761827944,0.13174324469340992,-5043349.498018925
2025-10-29 21:00:00,0.0,0.022231821008351933,0.1317113820542165,-5022887.108487432
2025-10-29 22:00:00,0.0,0.022580096740342562,0.13167955969137554,-5161164.104298842
2025-10-29 23:00:00,0.0,0.023310434903831778,0.13164777762125832,-5002275.295209791
2025-10-30 00:00:00,0.0,0.021394730487760798,0.1316160358602154,-5025498.886131024
2025-10-30 01:00:00,0.0,0.026541505519420857,0.13158433442457668,-4971687.205397928
2025-10-30 02:00:00,0.0,0.02215882929529407,0.13155267333065127,-5317164.890652352
2025-10-30 03:00:00,0.0,0.022828243848790463,0.13152105259472752,-5040357.077255241
2025-10-30 04:00:00,0.0,0.02472620622089043,0.1314894722330731,-5213317.000800494
2025-10-30 05:00:00,0.0,0.02122947697032839,0.13145793226193475,-5483723.938339772
2025-10-30 06:00:00,0.0,0.024755623160779498,0.13142643269753856,-4839412.178190968
2025-10-30 07:00:00,0.03843330153314143,0.02378207767643351,0.13139497355608976,-4877336.477696107
2025-10-30 08:00:00,0.07424743708083309,0.025821916282699715,0.13136355485377288,-5085504.723609209
2025-10-30 09:00:00,0.10500173249115721,0.01937464405713424,0.13133217660675153,-4388881.103708548
2025-10-30 10:00:00,0.12860033335577636,0.020869337381710474,0.13130083883116858,-4651681.476501142
2025-10-30 11:00:00,0.14343503402429866,0.021066476664988443,0.13126954154314605,-4575695.741703364
2025-10-30 12:00:00,0.1484948741616662,0.025382088896050523,0.13123828475878513,-4698965.529040452
2025-10-30 13:00:00,0.14343503402429866,0.018856420745782896,0.1312070684941662,-4575005.436649293
2025-10-30 14:00:00,0.1286003333557764,0.023970765892459122,0.13117589276534874,-4537345.309175783
2025-10-30 15:00:00,0.10500173249115724,0.028848833863596914,0.13114475758837146,-4712803.602898667
2025-10-30 16:00:00,0.07424743708083309,0.023435556089380017,0.13111366297925212,-4228733.853732144
2025-10-30 17:00:00,0.03843330153314147,0.022301786181632952,0.13108260895398766,-4681804.824159376
2025-10-30 18:00:00,1.8185377233187354e-17,0.024802610350065646,0.13105159552855417,-4895491.076356851
2025-10-30 19:00:00,0.0,0.02718119315676595,0.1310206227189068,-4785892.302777341
2025-10-30 20:00:00,0.0,0.028427407990501932,0.13098969054097975,-4695215.75945181
2025-10-30 21:00:00,0.0,0.0197514752618392,0.13095879901068644,-5124853.663477889
2025-10-30 22:00:00,0.0,0.027937310771239055,0.13092794814391928,-5009159.353527442
2025-10-30 23:00:00,0.0,0.0286360982515615,0.1308971379565499,-5309558.55379539
2025-10-31 00:00:00,0.0,0.024516132913984006,0.13086636846442878,-5569584.657420823
2025-10-31 01:00:00,0.0,0.024499716456055167,0.13083563968338566,-5056704.265323211
2025-10-31 02:00:00,0.0,0.02754082957355463,0.13080495162922928,-5124449.216272306
2025-10-31 03:00:00,0.0,0.020000229358977672,0.13077430431774736,-5064181.627947038
2025-10-31 04:00:00,0.0,0.02266259390736867,0.13074369776470682,-5069284.438194346
2025-10-31 05:00:00,0.0,0.02197411712422,0.13071313198585335,-4964012.576147637
2025-10-31 06:00:00,0.0,0.029407898106478186,0.13068260699691195,-5020150.993478409
2025-10-31 07:00:00,0.03705722292762423,0.02853779644431212,0.13065212281358637,-4815164.974232908
2025-10-31 08:00:00,0.07158905735268727,0.02674667487995329,0.1306216794515596,-4728652.395200996
2025-10-31 09:00:00,0.10124221582567568,0.029561807337494292,0.1305912769264935,-4309701.360063502
2025-10-31 10:00:00,0.12399588460081667,0.025521999042719044,0.1305609152540289,-4662664.531511077
2025-10-31 11:00:00,0.13829943875329995,0.019983950726148475,0.13053059444978576,-4495666.722398958
2025-10-31 12:00:00,0.14317811470537456,0.021536918480366676,0.13050031452936287,-4516751.757356195
2025-10-31 13:00:00,0.13829943875329995,0.022089494752720262,0.130470075508338,-4447208.186484551
2025-10-31 14:00:00,0.12399588460081667,0.024789733118504506,0.130439877402268,-4610987.1463169865
2025-10-31 15:00:00,0.1012422158256757,0.026647604261159172,0.13040972022668848,-4275283.653124463
2025-10-31 16:00:00,0.07158905735268727,0.029501263886459794,0.13037960399711415,-4566540.837334009
2025-10-31 17:00:00,0.03705722292762427,0.02136996071600674,0.1303495287290386,-4776778.57102969
2025-10-31 18:00:00,1.7534261988188953e-17,0.024103828568737645,0.13031949443793434,-4570027.931922036
2025-10-31 19:00:00,0.0,0.03034140912990019,0.1302895011392528,-4811821.150188455
2025-10-31 20:00:00,0.0,0.029236455132399905,0.13025954884842436,-4730644.616412331
2025-10-31 21:00:00,0.0,0.025505703417976474,0.13022963758085823,-4990815.934593949
2025-10-31 22:00:00,0.0,0.02541480166614024,0.1301997673519426,-5092813.316234248
2025-10-31 23:00:00,0.0,0.029524378350821247,0.13016993817704453,-5279787.992848287
2025-11-01 00:00:00,0.0,0.03165506292659543,0.13014015007150984,-5110703.6539236745
2025-11-01 01:00:00,0.0,0.029299648459415233,0.13011040305066335,-5008167.374236989
2025-11-01 02:00:00,0.0,0.02542099705179703,0.13008069712980874,-5234154.860337505
2025-11-01 03:00:00,0.0,0.027068944634485136,0.13005103232422846,-5186562.757960309
2025-11-01 04:00:00,0.0,0.029106338591108227,0.13002140864918393,-4751165.445964012
2025-11-01 05:00:00,0.0,0.026421118078743797,0.1299918261199153,-5230358.888080977
2025-11-01 06:00:00,0.0,0.031955200010823616,0.1299622847516416,-4843380.511863325
2025-11-01 07:00:00,0.035700840934727744,0.02774095727082621,0.1299327845595607,-4693105.256220791
2025-11-01 08:00:00,0.06896872855818298,0.030811100351596888,0.12990332555884926,-5115477.553227125
2025-11-01 09:00:00,0.09753651130661098,0.026720622969169276,0.1298739077646627,-4671346.712384033
2025-11-01 10:00:00,0.11945734199619953,0.02136071364656143,0.12984453119213538,-4514901.51171718
2025-11-01 11:00:00,0.13323735224133873,0.02818061734108284,0.1298151958563803,-4496600.8468963895
2025-11-01 12:00:00,0.13793745711636599,0.028431747374473758,0.12978590177248933,-4206945.483806391
2025-11-01 13:00:00,0.13323735224133873,0.03182493079162145,0.1297566489555331,-4170500.3502084445
2025-11-01 14:00:00,0.11945734199619956,0.021356959662234862,0.129727437420561,-4738775.260150722
2025-11-01 15:00:00,0.09753651130661099,0.022229727160568504,0.12969826718260122,-4128661.957903237
2025-11-01 16:00:00,0.06896872855818298,0.0218288943390014,0.12966913825666068,-4432221.335248605
2025-11-01 17:00:00,0.035700840934727786,0.021038095193954554,0.12964005065772505,-4651236.6762799295
2025-11-01 18:00:00,1.6892466534008293e-17,0.027917841152657132,0.12961100440075868,-4667180.3361109
2025-11-01 19:00:00,0.0,0.029452623685032743,0.12958199950070476,-4505078.017682682
2025-11-01 20:00:00,0.0,0.026034855188121295,0.12955303597248513,-4893229.932718869
2025-11-01 21:00:00,0.0,0.02219242493027194,0.12952411383100032,-5140555.04450846
2025-11-01 22:00:00,0.0,0.0236364583051976,0.12949523309112967,-4949983.853165634
2025-11-01 23:00:00,0.0,0.023610147045961278,0.12946639376773114,-5207830.780326046
2025-11-02 00:00:00,0.0,0.02610578930517368,0.12943759587564138,-5248221.847575261
2025-11-02 01:00:00,0.0,0.03346246090457485,0.1294088394296758,-4986758.998922039
2025-11-02 02:00:00,0.0,0.029915936673576768,0.1293801244446284,-5139343.374981245
2025-11-02 03:00:00,0.0,0.025032210766613373,0.1293514509352719,-5052318.971095729
2025-11-02 04:00:00,0.0,0.028982848679250196,0.1293228189163577,-5078801.909713856
2025-11-02 05:00:00,0.0,0.028644398961234763,0.12929422840261576,-4947349.083029441
2025-11-02 06:00:00,0.0,0.024098489345542224,0.1292656794087548,-5031792.334675053
2025-11-02 07:00:00,0.03436455747970956,0.02645435012174585,0.1292371719494621,-4716910.986194985
2025-11-02 08:00:00,0.06638722715729327,0.02521402794289855,0.12920870603940363,-4381442.505838146
2025-11-02 09:00:00,0.09388571701418762,0.022408976244744392,0.12918028169322396,-4690646.250902916
2025-11-02 10:00:00,0.11498605041004833,0.03440245285092158,0.12915189892554624,-4810826.400167567
2025-11-02 11:00:00,0.1282502744938972,0.03452068979519288,0.1291235577509723,-4267906.314220931
2025-11-02 12:00:00,0.13277445431458657,0.03358487712595275,0.12909525818408257,-4587767.163027644
2025-11-02 13:00:00,0.1282502744938972,0.02387544933375272,0.12906700023943596,-4254230.1673944425
2025-11-02 14:00:00,0.11498605041004835,0.026369410075601094,0.1290387839315701,-4604245.757766963
2025-11-02 15:00:00,0.09388571701418763,0.029906184582661095,0.12901060927500113,-4936139.996161502
2025-11-02 16:00:00,0.06638722715729327,0.028295468126780805,0.1289824762842238,-4627642.874346257
2025-11-02 17:00:00,0.034364557479709595,0.03208655058886769,0.12895438497371137,-4352928.264459905
2025-11-02 18:00:00,1.6260181048489493e-17,0.024380381045517464,0.1289263353579157,-5010367.654055356
2025-11-02 19:00:00,0.0,0.03499069156716165,0.12889832745126725,-4977198.494328793
2025-11-02 20:00:00,0.0,0.03468008650573024,0.1288703612681749,-4845888.122795772
2025-11-02 21:00:00,0.0,0.02816815814889863,0.1288424368230261,-5008573.936673873
2025-11-02 22:00:00,0.0,0.02467181700466283,0.12881455413018694,-5265593.894607543
2025-11-02 23:00:00,0.0,0.026348959601096275,0.12878671320400192,-4973652.581811247
2025-11-03 00:00:00,0.0,0.023436916734548233,0.12875891405879408,-5070431.486944643
2025-11-03 01:00:00,0.0,0.034147631499277,0.12873115670886495,-4954760.321619216
2025-11-03 02:00:00,0.0,0.03166728747396067,0.12870344116849455,-4906729.639811337
2025-11-03 03:00:00,0.0,0.029428539561051476,0.12867576745194148,-5099502.269753737
2025-11-03 04:00:00,0.0,0.0338915159797942,0.12864813557344268,-4944458.8980921535
2025-11-03 05:00:00,0.0,0.033088656315783394,0.1286205455472137,-4915989.9043168295
2025-11-03 06:00:00,0.0,0.036145272549907785,0.12859299738744848,-4949650.459943953
2025-11-03 07:00:00,0.033048768532196814,0.0279834498488519,0.12856549110831944,-5037103.467863312
2025-11-03 08:00:00,0.06384531810459672,0.035915873640804286,0.12853802672397746,-4706775.897305056
2025-11-03 09:00:00,0.0902909147575452,0.03416154978524002,0.1285106042485519,-4534625.79442093
2025-11-03 10:00:00,0.11058333478255862,0.030023764515343873,0.12848322369615045,-4342120.722685845
2025-11-03 11:00:00,0.12333968328974201,0.027166522939488156,0.12845588508085937,-4174079.731573184
2025-11-03 12:00:00,0.12769063620919346,0.025049074501911392,0.1284285884167432,-4709841.785903976
2025-11-03 13:00:00,0.12333968328974201,0.031634240471213534,0.1284013337178451,-4862305.204999951
2025-11-03 14:00:00,0.11058333478255865,0.031350941058543344,0.12837412099818643,-4574019.498038774
2025-11-03 15:00:00,0.09029091475754521,0.03037320382722539,0.12834695027176704,-4551502.518745571
2025-11-03 16:00:00,0.06384531810459672,0.035084512444126775,0.12831982155256522,-4640109.1573016755
2025-11-03 17:00:00,0.03304876853219684,0.02416155923931231,0.1282927348545376,-4549146.169154758
2025-11-03 18:00:00,1.563759289146779e-17,0.03386374405461857,0.12826569019161915,-5275367.203209973
2025-11-03 19:00:00,0.0,0.02841419407388248,0.12823868757772333,-5010689.067827418
2025-11-03 20:00:00,0.0,0.02909567835614992,0.1282117270267419,-4571169.287737733
2025-11-03 21:00:00,0.0,0.029565661564441507,0.12818480855254494,-5048623.107069086
2025-11-03 22:00:00,0.0,0.03144634074336117,0.12815793216898091,-5062919.734553432
2025-11-03 23:00:00,0.0,0.02654722769828167,0.12813109788987667,-5138884.967792331
2025-11-04 00:00:00,0.0,0.030416880729898725,0.1281043057290374,-5477829.031667586
2025-11-04 01:00:00,0.0,0.02423650666620548,0.12807755570024654,-5336450.369557673
2025-11-04 02:00:00,0.0,0.03804990024649307,0.12805084781726592,-4869211.102827305
2025-11-04 03:00:00,0.0,0.028180537432464056,0.12802418209383568,-5276430.5482738335
2025-11-04 04:00:00,0.0,0.024313516367183225,0.12799755854367434,-5325828.178102608
2025-11-04 05:00:00,0.0,0.02915658880396544,0.1279709771804785,-4895180.846336318
2025-11-04 06:00:00,0.0,0.0260553563616211,0.1279444380179233,-4752468.3317327155
2025-11-04 07:00:00,0.03175386398885168,0.03529480975442658,0.12791794106966206,-4983841.459665609
2025-11-04 08:00:00,0.061343754622604496,0.03655336371416753,0.12789148634932637,-4704746.053354924
2025-11-04 09:00:00,0.08675316975417453,0.03327606027882014,0.12786507387052617,-4641716.91678594
2025-11-04 10:00:00,0.10625049973338918,0.025042029491423253,0.12783870364684957,-4514770.351643403
2025-11-04 11:00:00,0.11850703374302624,0.03322529631420198,0.12781237569186304,-4569221.1054298505
2025-11-04 12:00:00,0.12268750924520902,0.03107040199522921,0.1277860900191112,-4445138.703934165
2025-11-04 13:00:00,0.11850703374302624,0.03569535172542469,0.1277598466421171,-4544440.657236771
2025-11-04 14:00:00,0.10625049973338921,0.030588212907799135,0.12773364557438172,-4381182.182398427
2025-11-04 15:00:00,0.08675316975417455,0.03335863696906625,0.12770748682938457,-4621145.944631471
2025-11-04 16:00:00,0.061343754622604496,0.03402691118667593,0.12768137042058325,-4610076.909754915
2025-11-04 17:00:00,0.031753863988851716,0.039457255084466854,0.12765529636141365,-4766464.528517494
2025-11-04 18:00:00,1.5024886549250653e-17,0.03418650093559592,0.12762926466528973,-4886503.015766403
2025-11-04 19:00:00,0.0,0.036538744186713525,0.12760327534560384,-4921094.70546574
2025-11-04 20:00:00,0.0,0.039670883922360484,0.1275773284157264,-4598892.735587073
2025-11-04 21:00:00,0.0,0.03202531430947737,0.12755142388900606,-4919962.061036028
2025-11-04 22:00:00,0.0,0.026640112866974725,0.12752556177876967,-5088883.091503556
2025-11-04 23:00:00,0.0,0.0253205605281171,0.12749974209832227,-5102138.006774719
2025-11-05 00:00:00,0.0,0.03817550423559659,0.12747396486094703,-5543052.237297751
2025-11-05 01:00:00,0.0,0.030364595193631144,0.1274482300799053,-5404716.697336133
2025-11-05 02:00:00,0.0,0.040493296029660196,0.1274225377684366,-5410393.815879685
2025-11-05 03:00:00,0.0,0.035390028538311066,0.1273968879397586,-5284520.1210743515
2025-11-05 04:00:00,0.0,0.035416619253741934,0.12737128060706707,-5029291.891835399
2025-11-05 05:00:00,0.0,0.028258272457382314,0.127345715783536,-5258053.4452491645
2025-11-05 06:00:00,0.0,0.026783337751270755,0.12732019348231743,-5077645.431944249
2025-11-05 07:00:00,0.03048022755783668,0.034694545654250425,0.1272947137165416,-4803228.813606504
2025-11-05 08:00:00,0.05888327797856444,0.036308308943318233,0.12726927649931682,-5123450.076425303
2025-11-05 09:00:00,0.08327353031427086,0.04092596189220446,0.12724388184372953,-4772827.750151787
2025-11-05 10:00:00,0.10198882917507524,0.03313802026025364,0.12721852976284417,-4773529.136080548
2025-11-05 11:00:00,0.11375375787210754,0.03491445584832086,0.12719322026970348,-4459640.029591999
2025-11-05 12:00:00,0.11776655595712891,0.037045244591108986,0.12716795337732809,-4639771.441685413
2025-11-05 13:00:00,0.11375375787210754,0.03241746511869005,0.12714272909871688,-4501461.509486094
2025-11-05 14:00:00,0.10198882917507526,0.032054405770661445,0.12711754744684667,-4632229.7544641085
2025-11-05 15:00:00,0.08327353031427087,0.03877786323804823,0.12709240843467243,-4334245.660350382
2025-11-05 16:00:00,0.05888327797856444,0.04024706607175819,0.1270673120751272,-4698035.881822538
2025-11-05 17:00:00,0.03048022755783671,0.02857340136932128,0.12704225838112201,-4637682.129516609
2025-11-05 18:00:00,1.442224357995056e-17,0.026856319878242375,0.127017247365546,-5066007.046928552
2025-11-05 19:00:00,0.0,0.03787723823797832,0.12699227904126634,-4640031.362445134
2025-11-05 20:00:00,0.0,0.027854805994021,0.12696735342112825,-5179543.980095048
2025-11-05 21:00:00,0.0,0.04194571253680113,0.12694247051795488,-4959939.561137567
2025-11-05 22:00:00,0.0,0.02763775411825533,0.12691763034454756,-5056918.110938533
2025-11-05 23:00:00,0.0,0.0368530277145223,0.1268928329136855,-5122540.527743394
2025-11-06 00:00:00,0.0,0.03682060398942916,0.12686807823812607,-5159155.235150251
2025-11-06 01:00:00,0.0,0.038349716608505884,0.12684336633060447,-5271963.368977283
2025-11-06 02:00:00,0.0,0.03116287470606214,0.12681869720383407,-5117678.9429705115
2025-11-06 03:00:00,0.0,0.03715360711289396,0.12679407087050606,-4937096.281046196
2025-11-06 04:00:00,0.0,0.033069746471266176,0.12676948734328977,-5134412.521180579
2025-11-06 05:00:00,0.0,0.033837210091039516,0.12674494663483243,-5088794.085440922
2025-11-06 06:00:00,0.0,0.03725488831991103,0.12672044875775917,-5115172.108450178
2025-11-06 07:00:00,0.029228236645113644,0.03147652929140577,0.12669599372467327,-4738239.209051316
2025-11-06 08:00:00,0.05646461726480764,0.03967546016317639,0.12667158154815578,-4752327.484885378
2025-11-06 09:00:00,0.07985302753009699,0.03089948658951571,0.12664721224076583,-4436234.665119355
2025-11-06 10:00:00,0.09779958593257765,0.02845129434736889,0.12662288581504047,-4507924.188345577
2025-11-06 11:00:00,0.10908126417521065,0.030081781934971533,0.12659860228349462,-4720483.989303791
2025-11-06 12:00:00,0.1129292345296153,0.030013944108654624,0.1265743616586212,-4089305.5728860167
2025-11-06 13:00:00,0.10908126417521065,0.03690275542533095,0.12655016395289106,-4299887.446169487
2025-11-06 14:00:00,0.09779958593257768,0.0422778744169026,0.12652600917875295,-4558608.119008405
2025-11-06 15:00:00,0.079853027530097,0.039901882129383,0.1265018973486335,-4402748.016778133
2025-11-06 16:00:00,0.05646461726480764,0.04378641640122579,0.1264778284749373,-4263554.413931088
2025-11-06 17:00:00,0.029228236645113675,0.03806894218109339,0.1264538025700468,-4666654.675617545
2025-11-06 18:00:00,1.3829842559685412e-17,0.03578659353265428,0.12642981964632236,-4688799.089470852
2025-11-06 19:00:00,0.0,0.036911703620267564,0.1264058797161023,-4986347.1316231415
2025-11-06 20:00:00,0.0,0.04124382237057742,0.12638198279170265,-4789924.776231169
2025-11-06 21:00:00,0.0,0.030068252778453385,0.1263581288854175,-5264858.686752586
2025-11-06 22:00:00,0.0,0.030412194972410527,0.1263343180095187,-4719696.179420948
2025-11-06 23:00:00,0.0,0.03408229269448065,0.126310550176256,-4985816.046812968
2025-11-07 00:00:00,0.0,0.035091030509823665,0.12628682539785693,-5279171.980062144
2025-11-07 01:00:00,0.0,0.03256645454791171,0.12626314368652708,-5055008.650624692
2025-11-07 02:00:00,0.0,0.032884672921028237,0.12623950505444959,-5424222.754872161
2025-11-07 03:00:00,0.0,0.04531030682250097,0.12621590951378567,-5116794.439373469
2025-11-07 04:00:00,0.0,0.03705727253604184,0.12619235707667426,-5265474.388966101
2025-11-07 05:00:00,0.0,0.030301831241690936,0.12616884775523213,-4872913.804243017
2025-11-07 06:00:00,0.0,0.04376001270896135,0.1261453815615539,-5132787.0908394875
2025-11-07 07:00:00,0.027998262242610178,0.029229452810817236,0.12612195850771196,-4828869.866770524
2025-11-07 08:00:00,0.054088489182702516,0.03787363485244918,0.12609857860575657,-4810177.583333677
2025-11-07 09:00:00,0.07649267497044836,0.042794942271523376,0.12607524186771574,-4688577.450161904
2025-11-07 10:00:00,0.09368401136908039,0.036976423938496365,0.1260519483055953,-4701001.686315699
2025-11-07 11:00:00,0.10449093721305854,0.03156250923701852,0.1260286979313788,-4476173.9670105865
2025-11-07 12:00:00,0.10817697836540506,0.041186666947590926,0.12600549075702766,-4534514.452663662
2025-11-07 13:00:00,0.10449093721305854,0.04140367095538231,0.12598232679448101,-4669484.093680544
2025-11-07 14:00:00,0.0936840113690804,0.04299978391697148,0.12595920605565583,-4524681.977013498
2025-11-07 15:00:00,0.07649267497044837,0.04465799564297441,0.1259361285524468,-4502314.207954581
2025-11-07 16:00:00,0.054088489182702516,0.04379417064959184,0.12591309429672634,-4808219.10617178
2025-11-07 17:00:00,0.027998262242610213,0.03364754580914728,0.12589010330034467,-4890559.642032985
2025-11-07 18:00:00,1.3247859029662577e-17,0.02941398740289928,0.12586715557512976,-4971606.203008533
2025-11-07 19:00:00,0.0,0.03272166572592516,0.12584425113288722,-4867164.948323495
2025-11-07 20:00:00,0.0,0.03345638892699905,0.12582138998540054,-5143496.479595975
2025-11-07 21:00:00,0.0,0.042253902894664463,0.12579857214443083,-4706653.288645663
2025-11-07 22:00:00,0.0,0.03270642970330146,0.12577579762171695,-5252393.108787942
2025-11-07 23:00:00,0.0,0.031072832880841245,0.1257530664289755,-4942416.240391461
2025-11-08 00:00:00,0.0,0.03961972485456412,0.12573037857790073,-5525008.902554866
2025-11-08 01:00:00,0.0,0.03884434043156768,0.1257077340801647,-5087615.966759416
2025-11-08 02:00:00,0.0,0.03375915986944745,0.125685132947417,-5366400.888215732
2025-11-08 03:00:00,0.0,0.039795444668139696,0.12566257519128507,-5166591.754200961
2025-11-08 04:00:00,0.0,0.037347754514462934,0.12564006082337395,-4929724.59009089
2025-11-08 05:00:00,0.0,0.0460378198822015,0.12561758985526641,-4928700.431667886
2025-11-08 06:00:00,0.0,0.031704773442435864,0.1255951622985228,-4828881.50266578
2025-11-08 07:00:00,0.026790668818286796,0.047211626497016726,0.12557277816468124,-4818494.333923493
2025-11-08 08:00:00,0.051755597830280886,0.046280810124357495,0.1255504374652575,-4684499.48405446
2025-11-08 09:00:00,0.07319346838031077,0.03989145045615172,0.12552814021174485,-4356923.861570472
2025-11-08 10:00:00,0.08964332501814806,0.041222509885008383,0.12550588641561447,-4172649.826709901
2025-11-08 11:00:00,0.09998413719859758,0.04612362321618223,0.12548367608831498,-4446786.459225704
2025-11-08 12:00:00,0.1035111956605618,0.04809794966531558,0.12546150924127272,-4385088.2878007535
2025-11-08 13:00:00,0.09998413719859758,0.04370990905914151,0.12543938588589162,-4407100.900899197
2025-11-08 14:00:00,0.08964332501814808,0.033007721377849845,0.12541730603355333,-4653839.601270362
2025-11-08 15:00:00,0.07319346838031078,0.03271423161668563,0.12539526969561696,-4590930.853460453
2025-11-08 16:00:00,0.051755597830280886,0.04347242655083625,0.12537327688341934,-4465128.600946896
2025-11-08 17:00:00,0.026790668818286824,0.04929176802540607,0.12535132760827492,-4721009.693123506
2025-11-08 18:00:00,1.267646544416224e-17,0.03563308675035668,0.1253294218814757,-5117371.250651518
2025-11-08 19:00:00,0.0,0.03492920288702106,0.1253075597142913,-4762450.963300448
2025-11-08 20:00:00,0.0,0.04481838882268383,0.12528574111796892,-5053434.719233282
2025-11-08 21:00:00,0.0,0.03471091114903839,0.1252639661037334,-4953674.227914865
2025-11-08 22:00:00,0.0,0.04433482667115644,0.12524223468278703,-5156531.962990242
2025-11-08 23:00:00,0.0,0.03455395848064478,0.12522054686630985,-5165837.317579966
2025-11-09 00:00:00,0.0,0.045253755254469126,0.12519890266545927,-4964378.639695761
2025-11-09 01:00:00,0.0,0.03444168929695879,0.12517730209137046,-5225201.998264626
2025-11-09 02:00:00,0.0,0.04462802258372079,0.12515574515515596,-5380723.134870786
2025-11-09 03:00:00,0.0,0.04856547821782463,0.12513423186790598,-5286338.9450738225
2025-11-09 04:00:00,0.0,0.03826525495255937,0.12511276224068832,-5088889.114811725
2025-11-09 05:00:00,0.0,0.03246229966898634,0.12509133628454813,-4872438.052283069
2025-11-09 06:00:00,0.0,0.041607879414205386,0.12506995401050824,-5226840.272455013
2025-11-09 07:00:00,0.025605814208137075,0.03979208003279542,0.125048615429569,-4911537.101097109
2025-11-09 08:00:00,0.04946663449359834,0.045103347714352295,0.1250273205527082,-4548849.981683708
2025-11-09 09:00:00,0.06995638538579953,0.04837792539375245,0.12500606939088127,-4596069.7742874725
2025-11-09 10:00:00,0.08567872422235148,0.05020005302271235,0.12498486195502105,-4610861.751793038
2025-11-09 11:00:00,0.09556219959393661,0.03571031928040973,0.1249636982560379,-4561963.308500823
2025-11-09 12:00:00,0.09893326898719668,0.0435064525954349,0.12494257830481968,-4269873.472727831
2025-11-09 13:00:00,0.09556219959393661,0.03496908531937086,0.12492150211223181,-4534069.7105283495
2025-11-09 14:00:00,0.0856787242223515,0.03813465298881082,0.1249004696891171,-4738993.741804477
2025-11-09 15:00:00,0.06995638538579954,0.03698983838740386,0.1248794810462959,-4316411.666975396
2025-11-09 16:00:00,0.04946663449359834,0.03994641269561006,0.12485853619456604,-4774712.831421713
2025-11-09 17:00:00,0.025605814208137102,0.04007107560514785,0.12483763514470278,-4675123.899080352
2025-11-09 18:00:00,1.2115831119435452e-17,0.050751474760045004,0.12481677790745889,-4913091.263138005
2025-11-09 19:00:00,0.0,0.046970832759676714,0.1247959644935646,-5055474.017080957
2025-11-09 20:00:00,0.0,0.04242996026083137,0.12477519491372753,-5395499.095822875
2025-11-09 21:00:00,0.0,0.04814880526443242,0.12475446917863281,-5026190.611386227
2025-11-09 22:00:00,0.0,0.03620327335159657,0.12473378729894302,-4946350.714249623
2025-11-09 23:00:00,0.0,0.043887720645204145,0.12471314928529814,-5155817.594259921
2025-11-10 00:00:00,0.0,0.04742803100486279,0.12469255514831559,-5137675.8505935185
2025-11-10 01:00:00,0.0,0.03991189877343327,0.12467200489859026,-5333469.53038711
2025-11-10 02:00:00,0.0,0.03751815942055293,0.12465149854669443,-5126149.639618545
2025-11-10 03:00:00,0.0,0.04840434303421522,0.12463103610317774,-4924835.295070678
2025-11-10 04:00:00,0.0,0.04974280694402075,0.12461061757856738,-4960934.876982595
2025-11-10 05:00:00,0.0,0.0519333886624107,0.12459024298336777,-5368803.493088343
2025-11-10 06:00:00,0.0,0.040170691659312814,0.12456991232806087,-5132645.933635035
2025-11-10 07:00:00,0.02444404951015329,0.040991624099217625,0.12454962562310601,-5009292.670665627
2025-11-10 08:00:00,0.04722227744189142,0.05213426645259918,0.12452938287893983,-4744407.121380015
2025-11-10 09:00:00,0.06678238520446791,0.04737274111809946,0.12450918410597644,-4868348.0011916915
2025-11-10 10:00:00,0.08179138377846962,0.0380326889889066,0.12448902931460729,-4910613.267348852
2025-11-10 11:00:00,0.09122643471462122,0.034045010415403115,0.12446891851520121,-4688803.328430009
2025-11-10 12:00:00,0.09444455488378285,0.042133781979900975,0.12444885171810442,-4369292.523817246
2025-11-10 13:00:00,0.09122643471462122,0.04906939350902643,0.12442882893364046,-4735848.793885387
2025-11-10 14:00:00,0.08179138377846963,0.03522568394400633,0.12440885017211026,-4617987.698145703
2025-11-10 15:00:00,0.06678238520446793,0.0363018611359525,0.1243889154437921,-4560351.731937781
2025-11-10 16:00:00,0.04722227744189142,0.05416186977511776,0.12436902475894157,-4663516.04246037
2025-11-10 17:00:00,0.024444049510153318,0.03643412791014954,0.12434917812779164,-4661710.795879996
2025-11-10 18:00:00,1.156612218353212e-17,0.04935712997488475,0.12432937556055262,-4717686.518924712
2025-11-10 19:00:00,0.0,0.04978283085990263,0.12430961706741211,-5173978.031911927
2025-11-10 20:00:00,0.0,0.046872035844743046,0.12428990265853511,-4790900.387378325
2025-11-10 21:00:00,0.0,0.0541214241439567,0.12427023234406384,-4989554.971714447
2025-11-10 22:00:00,0.0,0.0508775519300724,0.1242506061341179,-5085180.603109694
2025-11-10 23:00:00,0.0,0.036264473982751684,0.1242310240387942,-5443543.972696744
2025-11-11 00:00:00,0.0,0.045030432339258984,0.12421148606816695,-5378705.492742357
2025-11-11 01:00:00,0.0,0.04039779385611885,0.12419199223228763,-4964611.588488115
2025-11-11 02:00:00,0.0,0.04414370177727119,0.12417254254118505,-5474183.524857806
2025-11-11 03:00:00,0.0,0.05559508230717164,0.12415313700486529,-5363764.206881779
2025-11-11 04:00:00,0.0,0.05149745653974681,0.12413377563331171,-5063569.467616996
2025-11-11 05:00:00,0.0,0.038460273370320715,0.12411445843648497,-5283309.425755457
2025-11-11 06:00:00,0.0,0.04874297754690822,0.12409518542432299,-5148195.458514025
2025-11-11 07:00:00,0.023305718980288447,0.05023584130545979,0.12407595660674098,-5259242.678674599
2025-11-11 08:00:00,0.04502319172659188,0.03865351672516839,0.12405677199363138,-4665656.4685349865
2025-11-11 09:00:00,0.06367240836107037,0.04149996257064697,0.12403763159486389,-5100968.567704075
2025-11-11 10:00:00,0.07798245558937186,0.04769341257791788,0.12401853542028551,-4742864.217112651
2025-11-11 11:00:00,0.08697812734135882,0.044346828315885364,0.12399948347972042,-4482906.373520938
2025-11-11 12:00:00,0.09004638345318378,0.05462521223015239,0.1239804757829701,-4582908.032893605
2025-11-11 13:00:00,0.08697812734135882,0.0365480585017056,0.12396151233981323,-4284640.744013712
2025-11-11 14:00:00,0.07798245558937188,0.05102790821511241,0.12394259316000576,-4808322.119051899
2025-11-11 15:00:00,0.06367240836107037,0.051890841982593826,0.12392371825328083,-4657600.442623182
2025-11-11 16:00:00,0.04502319172659188,0.0428864904650897,0.12390488762934884,-4463195.319050736
2025-11-11 17:00:00,0.02330571898028847,0.05658299666375971,0.12388610129789737,-5072431.495165401
2025-11-11 18:00:00,1.102750152707367e-17,0.048541759999615054,0.12386735926859124,-4801389.024524587
2025-11-11 19:00:00,0.0,0.05257131000381284,0.12384866155107252,-5095445.287339113
2025-11-11 20:00:00,0.0,0.05573337622692497,0.12383000815496037,-5020171.651687067
2025-11-11 21:00:00,0.0,0.055946786351175164,0.12381139908985124,-4924986.630076577
2025-11-11 22:00:00,0.0,0.04790020271694403,0.12379283436531875,-5212470.862859115
2025-11-11 23:00:00,0.0,0.04282413127042758,0.12377431399091368,-5076255.58777295
2025-11-12 00:00:00,0.0,0.04428717411910357,0.12375583797616405,-5237253.055886838
2025-11-12 01:00:00,0.0,0.04408763121810378,0.12373740633057502,-5000377.617587967
2025-11-12 02:00:00,0.0,0.03771108704838041,0.12371901906362892,-5148872.347119918
2025-11-12 03:00:00,0.0,0.043751642473125435,0.1237006761847853,-5399379.585199738
2025-11-12 04:00:00,0.0,0.0514591509645874,0.1236823777034808,-5399443.101753898
2025-11-12 05:00:00,0.0,0.05147916898391761,0.12366412362912926,-5193562.201649897
2025-11-12 06:00:00,0.0,0.05440567475260058,0.12364591397112165,-5028653.901955093
2025-11-12 07:00:00,0.022191159930445625,0.04940759218719404,0.12362774873882613,-4821669.889996366
2025-11-12 08:00:00,0.04287002898425711,0.054787040155330216,0.123609627941588,-5185597.941231111
2025-11-12 09:00:00,0.06062737640886409,0.04077655092568714,0.12359155158872966,-4717317.695346326
2025-11-12 10:00:00,0.0742530683226837,0.05572148173870441,0.12357351968955067,-4599623.805520093
2025-11-12 11:00:00,0.08281853633930973,0.048582251274406345,0.12355553225332772,-4554423.23975557
2025-11-12 12:00:00,0.08574005796851424,0.05109837217339727,0.12353758928931463,-4710065.26007221
2025-11-12 13:00:00,0.08281853633930973,0.05499579365949082,0.12351969080674233,-4399458.718288362
2025-11-12 14:00:00,0.07425306832268372,0.04486536390178357,0.12350183681481886,-4474590.1318647675
2025-11-12 15:00:00,0.0606273764088641,0.051938234180639725,0.12348402732272942,-4352052.240196273
2025-11-12 16:00:00,0.04287002898425711,0.05619417108783672,0.12346626233963624,-4543093.186791646
2025-11-12 17:00:00,0.022191159930445653,0.03968812566214656,0.12344854187467869,-4814106.6795911295
2025-11-12 18:00:00,1.0500128754984947e-17,0.043245240074256334,0.12343086593697325,-4991526.357389562
2025-11-12 19:00:00,0.0,0.05971762984473881,0.1234132345356135,-5057435.0704618795
2025-11-12 20:00:00,0.0,0.056797580407629264,0.12339564767967005,-5300291.713404329
2025-11-12 21:00:00,0.0,0.03906184262768107,0.12337810537819066,-5005831.58299063
2025-11-12 22:00:00,0.0,0.044911053874513794,0.12336060764020014,-5124120.579880456
2025-11-12 23:00:00,0.0,0.05257738296117309,0.12334315447470034,-5492860.145991097
2025-11-13 00:00:00,0.0,0.04839147785453744,0.1233257458906703,-5367425.199628403
2025-11-13 01:00:00,0.0,0.06075682013512217,0.12330838189706593,-5282825.41710148
2025-11-13 02:00:00,0.0,0.042059550132784715,0.12329106250282036,-5332257.847528975
2025-11-13 03:00:00,0.0,0.056342368741894695,0.12327378771684373,-5281629.309313819
2025-11-13 04:00:00,0.0,0.04134755076129073,0.12325655754802321,-5084140.279071068
2025-11-13 05:00:00,0.0,0.052140175538033774,0.12323937200522303,-5202130.081417659
2025-11-13 06:00:00,0.0,0.04072631639965575,0.12322223109728447,-4971735.328208724
2025-11-13 07:00:00,0.021100702628525553,0.05836742018773965,0.12320513483302582,-4892559.743133654
2025-11-13 08:00:00,0.040763427243476924,0.043059925576615136,0.12318808322124247,-4798852.237078953
2025-11-13 09:00:00,0.05764819165653397,0.04735802922574182,0.12317107627070674,-4765033.9214282185
2025-11-13 10:00:00,0.07060432707633939,0.04943397128814655,0.12315411399016805,-4644392.709130075
2025-11-13 11:00:00,0.07874889428505955,0.04322134175840668,0.1231371963883528,-4841986.785790691
2025-11-13 12:00:00,0.08152685448695385,0.0466406553424757,0.1231203234739644,-4375685.544763437
2025-11-13 13:00:00,0.07874889428505955,0.041924002691962815,0.12310349525568333,-4361788.9472016925
2025-11-13 14:00:00,0.07060432707633939,0.04244176027680705,0.12308671174216701,-4791620.430513169
2025-11-13 15:00:00,0.05764819165653398,0.052749048813098616,0.12306997294204988,-4814697.355371734
2025-11-13 16:00:00,0.040763427243476924,0.05580447598746793,0.12305327886394339,-4587086.889828493
2025-11-13 17:00:00,0.021100702628525578,0.057944311632971,0.12303662951643597,-4660731.347553675
2025-11-13 18:00:00,9.984160139200006e-18,0.0460960196147898,0.12302002490809304,-5049182.0492083095
2025-11-13 19:00:00,0.0,0.050373294997415476,0.123003465047457,-4998273.496343868
2025-11-13 20:00:00,0.0,0.05931179142604129,0.12298694994304725,-5040429.3541906
2025-11-13 21:00:00,0.0,0.051700484113794805,0.12297047960336013,-4973058.975708126
2025-11-13 22:00:00,0.0,0.04759647076944761,0.12295405403686899,-5472734.121379818
2025-11-13 23:00:00,0.0,0.04162403202721053,0.1229376732520241,-5248483.740880882
2025-11-14 00:00:00,0.0,0.053329625312396,0.12292133725725271,-5473612.820992418
2025-11-14 01:00:00,0.0,0.04780783976197458,0.12290504606095906,-5005699.3941151295
2025-11-14 02:00:00,0.0,0.04225936883635212,0.12288879967152433,-5295432.435880455
2025-11-14 03:00:00,0.0,0.05702189739369967,0.12287259809730659,-5164501.334212275
2025-11-14 04:00:00,0.0,0.06043503142164153,0.12285644134664095,-5225800.342948843
2025-11-14 05:00:00,0.0,0.048781597480474094,0.12284032942783937,-5144301.202110695
2025-11-14 06:00:00,0.0,0.05551746141669341,0.1228242623491908,-4830580.237728827
2025-11-14 07:00:00,0.020034670200560666,0.05097945130703382,0.12280824011896113,-5191211.91217836
2025-11-14 08:00:00,0.03870401073581106,0.04931853531756916,0.1227922627453931,-4872742.08754238
2025-11-14 09:00:00,0.05473573690081788,0.05541069941994481,0.12277633023670645,-4495673.944532022
2025-11-14 10:00:00,0.06703731305111606,0.05522411400201943,0.12276044260109784,-4710858.277281208
2025-11-14 11:00:00,0.07477040710137856,0.051618687248133954,0.12274459984674083,-4437813.058247827
2025-11-14 12:00:00,0.07740802147162214,0.05359109603121548,0.12272880198178582,-4817190.988337053
2025-11-14 13:00:00,0.07477040710137856,0.05765097657601175,0.12271304901436023,-5075400.522614129
2025-11-14 14:00:00,0.06703731305111607,0.0472116837307213,0.12269734095256833,-4492650.3895420125
2025-11-14 15:00:00,0.05473573690081789,0.053434799467052325,0.12268167780449127,-4303472.109652251
2025-11-14 16:00:00,0.03870401073581106,0.0593888062575172,0.12266605957818708,-4800565.056302701
2025-11-14 17:00:00,0.020034670200560684,0.06084539003496484,0.12265048628169078,-4675776.329515594
2025-11-14 18:00:00,9.479748572355164e-18,0.05031894614371254,0.12263495792301417,-5023388.978335103
2025-11-14 19:00:00,0.0,0.0524662899576685,0.12261947451014595,-4644990.368981115
2025-11-14 20:00:00,0.0,0.04783146920304038,0.12260403605105173,-5113185.634366633
2025-11-14 21:00:00,0.0,0.04823201532577464,0.122588642553674,-4990708.906636476
2025-11-14 22:00:00,0.0,0.04772249888701295,0.12257329402593206,-5176728.644753895
2025-11-14 23:00:00,0.0,0.06253880403937974,0.12255799047572212,-5211440.787290878
2025-11-15 00:00:00,0.0,0.04392637870280242,0.12254273191091729,-5402365.79283523
2025-11-15 01:00:00,0.0,0.04515082804372675,0.12252751833936741,-5579583.609559848
2025-11-15 02:00:00,0.0,0.05990740676011552,0.12251234976889931,-5274899.222876746
2025-11-15 03:00:00,0.0,0.06410820676799824,0.1224972262073166,-4793037.625779564
2025-11-15 04:00:00,0.0,0.053827121325116946,0.12248214766239972,-5310552.84809246
2025-11-15 05:00:00,0.0,0.04612877015091612,0.122467114141906,-4973550.418368939
2025-11-15 06:00:00,0.0,0.05411765284805228,0.12245212565356958,-5079596.126608594
2025-11-15 07:00:00,0.01899337853496635,0.05540322329484459,0.12243718220510144,-4976144.5957115395
2025-11-15 08:00:00,0.03669238971081685,0.06313927188314994,0.12242228380418935,-4607477.221996476
2025-11-15 09:00:00,0.051890875164916195,0.05111179333692324,0.12240743045849801,-4954834.187613191
2025-11-15 10:00:00,0.0635530832302523,0.06062582737149382,0.12239262217566882,-4773760.176024035
2025-11-15 11:00:00,0.07088425369988255,0.057026324368164766,0.12237785896332003,-4587616.2011494525
2025-11-15 12:00:00,0.07338477942163371,0.0566522209799339,0.12236314082904677,-4734456.696628769
2025-11-15 13:00:00,0.07088425369988255,0.05116735579485532,0.1223484677804209,-4484574.13688979
2025-11-15 14:00:00,0.0635530832302523,0.06702876274004872,0.1223338398249911,-4680747.572589508
2025-11-15 15:00:00,0.05189087516491621,0.04680756016476719,0.12231925697028291,-5040001.021839902
2025-11-15 16:00:00,0.03669238971081685,0.058306512913252354,0.12230471922379857,-4731801.360500701
2025-11-15 17:00:00,0.01899337853496637,0.062463137922495617,0.12229022659301723,-4861661.590407409
2025-11-15 18:00:00,8.987043522483828e-18,0.06400184563178105,0.12227577908539473,-4889374.2564538345
2025-11-15 19:00:00,0.0,0.04812104944212374,0.12226137670836373,-5102195.592866462
2025-11-15 20:00:00,0.0,0.064181488836035,0.1222470194693337,-4980331.238877687
2025-11-15 21:00:00,0.0,0.05835123798092414,0.12223270737569082,-5255696.257658369
2025-11-15 22:00:00,0.0,0.06556731339322106,0.12221844043479813,-5355820.868576406
2025-11-15 23:00:00,0.0,0.04754321493738729,0.12220421865399536,-5201976.545921268
2025-11-16 00:00:00,0.0,0.06060665620299588,0.12219004204059906,-5205513.10778941
2025-11-16 01:00:00,0.0,0.05249085978358554,0.12217591060190255,-5397297.456745869
2025-11-16 02:00:00,0.0,0.04735951743934209,0.12216182434517589,-4989237.95482356
2025-11-16 03:00:00,0.0,0.05638236582052754,0.12214778327766586,-5190500.973286495
2025-11-16 04:00:00,0.0,0.05289913926061807,0.12213378740659604,-4798247.180031616
2025-11-16 05:00:00,0.0,0.05198469383688229,0.12211983673916678,-5084142.684161371
2025-11-16 06:00:00,0.0,0.062130697450840586,0.12210593128255508,-5271819.31410818
2025-11-16 07:00:00,0.017977136188935944,0.0587235959683044,0.12209207104391477,-4797169.893763992
2025-11-16 08:00:00,0.034729160255218126,0.05370254954911421,0.12207825603037638,-5054624.622854031
2025-11-16 09:00:00,0.04911444944275813,0.05753737363093817,0.12206448624904717,-5010437.4675984355
2025-11-16 10:00:00,0.06015267006623951,0.047568019498139345,0.12205076170701118,-4761646.175907642
2025-11-16 11:00:00,0.06709158563169408,0.06327510417964465,0.12203708241132909,-4577408.818326274
2025-11-16 12:00:00,0.06945832051043625,0.04543813153828347,0.12202344836903836,-4408228.773033222
2025-11-16 13:00:00,0.06709158563169408,0.04748869184429049,0.12200985958715319,-4921098.082919692
2025-11-16 14:00:00,0.060152670066239526,0.04482317748819273,0.12199631607266442,-4717459.392015537
2025-11-16 15:00:00,0.04911444944275814,0.04531214959301447,0.12198281783253968,-4761900.3970570825
2025-11-16 16:00:00,0.034729160255218126,0.057497235380878906,0.12196936487372324,-4253792.683254417
2025-11-16 17:00:00,0.017977136188935965,0.06525337922600723,0.12195595720313612,-4699367.3724853825
2025-11-16 18:00:00,8.506190988725672e-18,0.059965749840351495,0.12194259482767605,-5054285.478132704
2025-11-16 19:00:00,0.0,0.05445857076028292,0.12192927775421739,-4704111.449931966
2025-11-16 20:00:00,0.0,0.05831681212025455,0.12191600598961129,-5193867.953411973
2025-11-16 21:00:00,0.0,0.0585883221674528,0.12190277954068549,-5266979.491587344
2025-11-16 22:00:00,0.0,0.06261019908950313,0.12188959841424453,-5316915.186508655
2025-11-16 23:00:00,0.0,0.05049174494070019,0.12187646261706953,-5392910.288918032
2025-11-17 00:00:00,0.0,0.04537847504161117,0.12186337215591832,-5393413.898869024
2025-11-17 01:00:00,0.0,0.05380194261624514,0.12185032703752546,-5284599.083613289
2025-11-17 02:00:00,0.0,0.05997006789462246,0.12183732726860208,-5464512.272222792
2025-11-17 03:00:00,0.0,0.057185826501663664,0.1218243728558361,-5249213.318421691
2025-11-17 04:00:00,0.0,0.07009540767490278,0.121811463805892,-5223022.74836177
2025-11-17 05:00:00,0.0,0.054790686945160205,0.121798600125411,-5091003.211194451
2025-11-17 06:00:00,0.0,0.06437077833405379,0.12178578182101091,-4783894.4442605525
2025-11-17 07:00:00,0.016986244297008957,0.06788524319779364,0.12177300889928627,-5025769.182607833
2025-11-17 08:00:00,0.0328149041162727,0.056296451225653396,0.1217602813668082,-4802501.603280311
2025-11-17 09:00:00,0.046407282449205556,0.07217005162790247,0.12174759923012457,-4832852.001110415
2025-11-17 10:00:00,0.05683708117488541,0.04798403498322711,0.12173496249575978,-4496298.457149805
2025-11-17 11:00:00,0.06339352674621453,0.07032215696275815,0.12172237117021492,-4646369.7131356085
2025-11-17 12:00:00,0.06562980823254541,0.06327690793475185,0.12170982525996774,-4734419.120880405
2025-11-17 13:00:00,0.06339352674621453,0.056539844578665406,0.12169732477147258,-4710210.65315666
2025-11-17 14:00:00,0.05683708117488542,0.05376373724357283,0.12168486971116046,-4716040.08476223
2025-11-17 15:00:00,0.04640728244920556,0.05006172381481615,0.12167246008543903,-4736644.743682057
2025-11-17 16:00:00,0.0328149041162727,0.05585673707844564,0.1216600959006925,-4923272.939657879
2025-11-17 17:00:00,0.016986244297008974,0.06290870196269448,0.12164777716328178,-4862437.138053367
2025-11-17 18:00:00,8.037333458064134e-18,0.05878789763036705,0.12163550387954436,-4984188.5257845055
2025-11-17 19:00:00,0.0,0.06461856416283389,0.12162327605579434,-5018285.526518568
2025-11-17 20:00:00,0.0,0.06066993918016228,0.12161109369832246,-5094621.547629848
2025-11-17 21:00:00,0.0,0.048730095796884317,0.12159895681339604,-5290465.186585451
2025-11-17 22:00:00,0.0,0.0697270381674299,0.12158686540725903,-4997278.449131478
2025-11-17 23:00:00,0.0,0.07199430172135403,0.12157481948613197,-5414788.628314469
2025-11-18 00:00:00,0.0,0.05260104719459497,0.121562819056212,-5123504.272143761
2025-11-18 01:00:00,0.0,0.06458899989458952,0.12155086412367286,-5220313.150345511
2025-11-18 02:00:00,0.0,0.07526323218181587,0.12153895469466491,-5641760.032550085
2025-11-18 03:00:00,0.0,0.0631562174743225,0.12152709077531502,-5321496.811272183
2025-11-18 04:00:00,0.0,0.0685203330628051,0.12151527237172674,-5381913.732715916
2025-11-18 05:00:00,0.0,0.0727903167145956,0.12150349948998017,-5236302.24565442
2025-11-18 06:00:00,0.0,0.07169540069672403,0.12149177213613194,-4927176.742220775
2025-11-18 07:00:00,0.01602099648183809,0.058409656291595974,0.12148009031621534,-4814868.119157402
2025-11-18 08:00:00,0.03095018852938742,0.054163130631675056,0.1214684540362402,-4790316.423800478
2025-11-18 09:00:00,0.04377017637626389,0.059327881630773766,0.12145686330219288,-4675826.832380862
2025-11-18 10:00:00,0.053607299036734495,0.07425758343502192,0.12144531812003641,-4838012.244149567
2025-11-18 11:00:00,0.05979117285810198,0.07430682356100825,0.12143381849571028,-4510905.9459796045
2025-11-18 12:00:00,0.06190037705877485,0.06037397276342754,0.12142236443513056,-4620342.470245364
2025-11-18 13:00:00,0.05979117285810198,0.060614410552588295,0.12141095594418999,-4579056.244197123
2025-11-18 14:00:00,0.053607299036734495,0.07435555638616477,0.12139959302875772,-4600720.105741972
2025-11-18 15:00:00,0.0437701763762639,0.0609684376749302,0.1213882756946795,-4525275.495605434
2025-11-18 16:00:00,0.03095018852938742,0.05251378571138261,0.12137700394777769,-4770510.497849951
2025-11-18 17:00:00,0.016020996481838103,0.05262182960524104,0.1213657777938511,-4725786.05702372
2025-11-18 18:00:00,7.580609863104287e-18,0.07201137607957417,0.1213545972386752,-4882023.189947135
2025-11-18 19:00:00,0.0,0.06108220347922573,0.12134346228800189,-5089162.991047832
2025-11-18 20:00:00,0.0,0.07272867519631496,0.12133237294755965,-4858651.176869842
2025-11-18 21:00:00,0.0,0.05683606593742838,0.12132132922305353,-4915638.152899874
2025-11-18 22:00:00,0.0,0.07021516773436072,0.12131033112016508,-5137726.667425359
2025-11-18 23:00:00,0.0,0.058626647436449485,0.12129937864455238,-5413432.206698457
2025-11-19 00:00:00,0.0,0.0758003127646927,0.12128847180185001,-5670821.392055871
2025-11-19 01:00:00,0.0,0.05542615355398366,0.12127761059766914,-5260055.888588983
2025-11-19 02:00:00,0.0,0.0705130901748007,0.12126679503759741,-5448002.469566135
2025-11-19 03:00:00,0.0,0.0649829377978035,0.12125602512719898,-5167025.839467617
2025-11-19 04:00:00,0.0,0.0613473308771083,0.12124530087201457,-5309187.606528686
2025-11-19 05:00:00,0.0,0.053182973789435956,0.12123462227756134,-4861755.853163514
2025-11-19 06:00:00,0.0,0.07831165037200714,0.12122398934933303,-5050690.520201852
2025-11-19 07:00:00,0.015081678767182766,0.06501356584939258,0.12121340209279982,-5106740.187078566
2025-11-19 08:00:00,0.029135566050034617,0.06462585607355192,0.12120286051340846,-4989634.597416149
2025-11-19 09:00:00,0.04120391265537607,0.05779584014796596,0.12119236461658214,-5054384.329265072
2025-11-19 10:00:00,0.05046428070593883,0.07502205947452241,0.12118191440772064,-4894462.8194355825
2025-11-19 11:00:00,0.05628559142255884,0.055138268214676836,0.12117150989220009,-4689968.061411682
2025-11-19 12:00:00,0.05827113210006925,0.07468631543995274,0.12116115107537324,-4638005.423932869
2025-11-19 13:00:00,0.05628559142255884,0.07465279141659918,0.12115083796256929,-4800927.246859577
2025-11-19 14:00:00,0.050464280705938835,0.0752233899218729,0.12114057055909391,-4247292.624684464
2025-11-19 15:00:00,0.041203912655376075,0.05452442288391107,0.12113034887022928,-4854280.744317334
2025-11-19 16:00:00,0.029135566050034617,0.0695261299756258,0.12112017290123403,-4719517.950659179
2025-11-19 17:00:00,0.015081678767182784,0.06376831052020986,0.12111004265734329,-5174032.459513369
2025-11-19 18:00:00,7.136155540904239e-18,0.0663216404294367,0.12109995814376869,-4650908.92502555
2025-11-19 19:00:00,0.0,0.07656566378813366,0.12108991936569828,-5292308.9976548385
2025-11-19 20:00:00,0.0,0.06958565088671262,0.12107992632829662,-5037894.250663927
2025-11-19 21:00:00,0.0,0.05557491735033507,0.12106997903670472,-5218236.412874429
2025-11-19 22:00:00,0.0,0.07656551831667868,0.12106007749604006,-5203526.9205555115
2025-11-19 23:00:00,0.0,0.05679155094415963,0.12105022171139658,-5586201.5209896
2025-11-20 00:00:00,0.0,0.07851042353408733,0.12104041168784471,-5488586.598585784
2025-11-20 01:00:00,0.0,0.0797310151969391,0.1210306474304313,-5278524.215700687
2025-11-20 02:00:00,0.0,0.05415231975287428,0.12102092894417968,-5494173.102666551
2025-11-20 03:00:00,0.0,0.08090704367817976,0.12101125623408959,-5354402.402360511
2025-11-20 04:00:00,0.0,0.08155301028614013,0.12100162930513732,-5220450.655726766
2025-11-20 05:00:00,0.0,0.07404393319389938,0.12099204816227543,-5215610.086440703
2025-11-20 06:00:00,0.0,0.07740635477627275,0.12098251281043312,-5161415.52360458
2025-11-20 07:00:00,0.014168569493153982,0.0617224297749437,0.12097302325451595,-5270189.655286569
2025-11-20 08:00:00,0.02737157439001769,0.07019245845237451,0.12096357949940584,-5203617.925893981
2025-11-20 09:00:00,0.038709251725867096,0.057880475707558415,0.12095418154996126,-4616102.496093357
2025-11-20 10:00:00,0.047408957526661744,0.07979485773490096,0.12094482941101713,-4672750.385017505
2025-11-20 11:00:00,0.052877821219021084,0.057698755966112264,0.12093552308738469,-4305658.153960474
2025-11-20 12:00:00,0.05474314878003539,0.0662836269794186,0.12092626258385167,-4496748.1634726515
2025-11-20 13:00:00,0.052877821219021084,0.0520467540572125,0.12091704790518225,-4900079.921311219
2025-11-20 14:00:00,0.04740895752666175,0.07050043751327317,0.12090787905611701,-4654691.0385583285
2025-11-20 15:00:00,0.0387092517258671,0.05639072636644794,0.12089875604137296,-4435102.645990776
2025-11-20 16:00:00,0.02737157439001769,0.07396362664836945,0.12088967886564352,-4659146.7774368655
2025-11-20 17:00:00,0.014168569493154,0.06914101767535527,0.1208806475335985,-4966091.373406875
2025-11-20 18:00:00,6.7041021928717676e-18,0.0682700903579773,0.12087166204988423,-5229630.894133288
2025-11-20 19:00:00,0.0,0.0737788560346551,0.1208627224191233,-5127921.700018766
2025-11-20 20:00:00,0.0,0.0818281181357425,0.12085382864591485,-4999917.635789591
2025-11-20 21:00:00,0.0,0.06365619995287097,0.12084498073483432,-5172601.319308275
2025-11-20 22:00:00,0.0,0.06082247808752495,0.12083617869043367,-5326930.531346331
2025-11-20 23:00:00,0.0,0.059755449301536555,0.12082742251724113,-5306956.837507669
2025-11-21 00:00:00,0.0,0.06873353201663228,0.12081871221976148,-5589130.094369928
2025-11-21 01:00:00,0.0,0.07195588876630656,0.12081004780247574,-5567293.566877236
2025-11-21 02:00:00,0.0,0.07425587761961382,0.12080142926984143,-5216586.164382087
2025-11-21 03:00:00,0.0,0.08347720651256724,0.12079285662629244,-5489792.812299868
2025-11-21 04:00:00,0.0,0.06821456045635617,0.12078432987623908,-5110504.778892873
2025-11-21 05:00:00,0.0,0.07087325248257825,0.12077584902406799,-5367876.668883308
2025-11-21 06:00:00,0.0,0.06152514289396803,0.12076741407414222,-4838645.236003454
2025-11-21 07:00:00,0.013281939233736197,0.07652543292982891,0.12075902503080123,-5341932.784625358
2025-11-21 08:00:00,0.025658736258135657,0.0811086736618896,0.12075068189836084,-4711185.334764956
2025-11-21 09:00:00,0.03628693280960973,0.08317049660240827,0.1207423846811133,-4951347.871970715
2025-11-21 10:00:00,0.04444223485710071,0.06540543959722278,0.12073413338332711,-5037292.282354246
2025-11-21 11:00:00,0.04956887204334593,0.06413384852078152,0.12072592800924732,-4632021.791769201
2025-11-21 12:00:00,0.05131747251627133,0.06391806741719114,0.1207177685630952,-4734177.16145598
2025-11-21 13:00:00,0.04956887204334593,0.0704032871297679,0.12070965504906848,-4776148.459192758
2025-11-21 14:00:00,0.044442234857100714,0.07814006279098533,0.12070158747134124,-4567956.836620595
2025-11-21 15:00:00,0.036286932809609734,0.0799344447264125,0.12069356583406392,-4990671.538105739
2025-11-21 16:00:00,0.025658736258135657,0.0574217658662241,0.12068559014136333,-4890471.521765378
2025-11-21 17:00:00,0.01328193923373621,0.08587070274988304,0.12067766039734266,-4883994.700823944
2025-11-21 18:00:00,6.284577845738395e-18,0.06025043108025402,0.12066977660608143,-5299872.141721331
2025-11-21 19:00:00,0.0,0.06234662209553895,0.12066193877163556,-5105277.231566519
2025-11-21 20:00:00,0.0,0.06827453130569147,0.12065414689803725,-5225134.623195757
2025-11-21 21:00:00,0.0,0.06480796250569497,0.12064640098929513,-5331446.888257512
2025-11-21 22:00:00,0.0,0.07764596348502636,0.12063870104939418,-5330104.076373985
2025-11-21 23:00:00,0.0,0.08598742340335684,0.1206310470822957,-5301367.48459489
2025-11-22 00:00:00,0.0,0.07295044593449142,0.12062343909193733,-5720389.159213952
2025-11-22 01:00:00,0.0,0.06625440037241104,0.12061587708223309,-5402793.463068794
2025-11-22 02:00:00,0.0,0.07437283329363902,0.12060836105707334,-5574581.034883132
2025-11-22 03:00:00,0.0,0.059766853239909344,0.12060089102032476,-5338286.238757622
2025-11-22 04:00:00,0.0,0.059322056012023505,0.1205934669758304,-5546994.555731974
2025-11-22 05:00:00,0.0,0.07815512988142202,0.12058608892740957,-5371012.518012494
2025-11-22 06:00:00,0.0,0.08501673642191497,0.12057875687885808,-5040023.669002134
2025-11-22 07:00:00,0.012422050716610216,0.07701184762729485,0.12057147083394791,-5017716.214495647
2025-11-22 08:00:00,0.02399755920529287,0.06791406287221069,0.12056423079642743,-4984287.724997965
2025-11-22 09:00:00,0.03393767369197649,0.05690210938777884,0.1205570367700214,-4866745.6503910655
2025-11-22 10:00:00,0.04156499180120947,0.06190497933134618,0.12054988875843081,-4994306.4248292595
2025-11-22 11:00:00,0.04635972440858671,0.08113141677698235,0.12054278676533307,-4793094.707161862
2025-11-22 12:00:00,0.04799511841058575,0.05630995159014364,0.12053573079438183,-4880133.844174836
2025-11-22 13:00:00,0.04635972440858671,0.07013725650231971,0.12052872084920714,-4835827.788277766
2025-11-22 14:00:00,0.04156499180120947,0.05883224881682348,0.12052175693341528,-4393643.625807381
2025-11-22 15:00:00,0.0339376736919765,0.06536019986340287,0.12051483905058896,-4589583.267953445
2025-11-22 16:00:00,0.02399755920529287,0.07119313837352478,0.12050796720428714,-5114549.386970154
2025-11-22 17:00:00,0.01242205071661023,0.05708475247925527,0.12050114139804508,-4789505.383567037
2025-11-22 18:00:00,5.8777068136222045e-18,0.06501009390223177,0.1204943616353744,-5138385.3055546265
2025-11-22 19:00:00,0.0,0.07391664579483186,0.12048762791976303,-5198107.55943889
2025-11-22 20:00:00,0.0,0.08258538823663102,0.12048094025467518,-5469421.289439946
2025-11-22 21:00:00,0.0,0.08005092140304562,0.12047429864355141,-5068016.039033245
2025-11-22 22:00:00,0.0,0.061583525706137086,0.12046770308980856,-5318433.973484711
2025-11-22 23:00:00,0.0,0.0611180032536279,0.12046115359683972,-5234629.685749697
2025-11-23 00:00:00,0.0,0.08564491303346056,0.12045465016801442,-5412139.153668104
2025-11-23 01:00:00,0.0,0.07726454440769814,0.12044819280667836,-5579222.935627923
2025-11-23 02:00:00,0.0,0.06578435086492991,0.12044178151615362,-5617850.092506195
2025-11-23 03:00:00,0.0,0.08041566278656902,0.12043541629973853,-5088621.878180327
2025-11-23 04:00:00,0.0,0.08998701285547588,0.12042909716070777,-5198296.659802632
2025-11-23 05:00:00,0.0,0.0677741994163902,0.12042282410231223,-5108759.65952954
2025-11-23 06:00:00,0.0,0.081044894627792,0.1204165971277792,-5259122.276474981
2025-11-23 07:00:00,0.011589158745301673,0.0843059910800046,0.1204104162403122,-4970438.4020593865
2025-11-23 08:00:00,0.022388535474101398,0.059998091226280054,0.12040428144309104,-5142144.095816473
2025-11-23 09:00:00,0.03166217050914535,0.07139837853751542,0.12039819273927183,-5080554.820888284
2025-11-23 10:00:00,0.03877808094820179,0.0654781650724266,0.12039215013198692,-5180231.217113783
2025-11-23 11:00:00,0.04325132925444703,0.08405623275322188,0.12038615362434506,-4637757.01502614
2025-11-23 12:00:00,0.0447770709482028,0.08241015597587546,0.12038020321943117,-4646868.122101076
2025-11-23 13:00:00,0.04325132925444703,0.0684577046571011,0.12037429892030652,-4661163.153625338
2025-11-23 14:00:00,0.038778080948201794,0.07210436142013828,0.1203684407300086,-4662798.196602966
2025-11-23 15:00:00,0.031662170509145354,0.07290478873667802,0.12036262865155124,-4757274.843079949
2025-11-23 16:00:00,0.022388535474101398,0.08264517285000782,0.12035686268792453,-4907290.558948792
2025-11-23 17:00:00,0.011589158745301685,0.09261912843926602,0.12035114284209479,-5054107.008059111
2025-11-23 18:00:00,5.48360966119105e-18,0.08128357815220079,0.12034546911700467,-4621771.201549881
2025-11-23 19:00:00,0.0,0.07905189554801734,0.1203398415155731,-4860034.155160939
2025-11-23 20:00:00,0.0,0.09033535771774799,0.12033426004069524,-5144877.375682488
2025-11-23 21:00:00,0.0,0.08381490994856149,0.12032872469524249,-5491191.426346794
2025-11-23 22:00:00,0.0,0.0679489576897626,0.12032323548206261,-5370329.006785654
2025-11-23 23:00:00,0.0,0.07717743651787361,0.12031779240397958,-5225973.383306036
2025-11-24 00:00:00,0.0,0.06199791505669981,0.12031239546379364,-5179151.0252221115
2025-11-24 01:00:00,0.0,0.08298295008504387,0.12030704466428128,-5515211.82349819
2025-11-24 02:00:00,0.0,0.08474358473563037,0.1203017400081953,-5386844.277645354
2025-11-24 03:00:00,0.0,0.08924198308268962,0.12029648149826472,-5257640.995574106
2025-11-24 04:00:00,0.0,0.07205430645421504,0.12029126913719482,-5399130.796526478
2025-11-24 05:00:00,0.0,0.09198606470334518,0.12028610292766717,-5157814.1104597915
2025-11-24 06:00:00,0.0,0.09078820748563239,0.12028098287233957,-4982484.5145390555
2025-11-24 07:00:00,0.01078351012367687,0.08149953213538717,0.12027590897384606,-4761095.552960246
2025-11-24 08:00:00,0.020832141853018224,0.08945533708940011,0.12027088123479701,-4967245.125448703
2025-11-24 09:00:00,0.029461097541818554,0.08488395181497659,0.12026589965777895,-4734520.877876705
2025-11-24 10:00:00,0.03608232811990963,0.07464168024545631,0.1202609642453547,-4803247.844159804
2025-11-24 11:00:00,0.040244607665495424,0.06576565861691498,0.12025607500006334,-4875173.900067456
2025-11-24 12:00:00,0.041664283706036455,0.06276299620159781,0.12025123192442022,-4561165.489769124
2025-11-24 13:00:00,0.040244607665495424,0.08254962655211671,0.12024643502091685,-4477971.94554475
2025-11-24 14:00:00,0.03608232811990963,0.0682178954276205,0.12024168429202109,-4748287.541014321
2025-11-24 15:00:00,0.02946109754181856,0.060108390520832916,0.12023697974017698,-4690492.337043368
2025-11-24 16:00:00,0.020832141853018224,0.07355019232309747,0.12023232136780485,-4644595.845148111
2025-11-24 17:00:00,0.01078351012367688,0.06617952111665748,0.12022770917730119,-5074266.240251765
2025-11-24 18:00:00,5.1024031679364766e-18,0.07174053582093821,0.12022314317103884,-5107540.324597935
2025-11-24 19:00:00,0.0,0.0960452014021537,0.12021862335136681,-5035641.316538612
2025-11-24 20:00:00,0.0,0.09037328051617259,0.12021414972061037,-5231576.594899132
2025-11-24 21:00:00,0.0,0.09601094579345582,0.12020972228107099,-5237960.896138739
2025-11-24 22:00:00,0.0,0.061707755120530054,0.12020534103502645,-5542389.423784353
2025-11-24 23:00:00,0.0,0.09581340178796681,0.1202010059847307,-5625535.390392722
2025-11-25 00:00:00,0.0,0.0818176509301827,0.12019671713241399,-5502704.912864935
2025-11-25 01:00:00,0.0,0.07544448984160673,0.12019247448028272,-5431647.623935108
2025-11-25 02:00:00,0.0,0.07577994865298206,0.12018827803051957,-5452172.396851599
2025-11-25 03:00:00,0.0,0.09315679532648291,0.12018412778528346,-5417701.347530118
2025-11-25 04:00:00,0.0,0.09043684009246061,0.12018002374670951,-5505460.039281077
2025-11-25 05:00:00,0.0,0.0928264404846746,0.1201759659169091,-4954357.100325635
2025-11-25 06:00:00,0.0,0.09343503507244239,0.12017195429796981,-5010160.245986809
2025-11-25 07:00:00,0.0100053435828098,0.08027423084835464,0.12016798889195547,-4881552.2652106425
2025-11-25 08:00:00,0.019328839535063168,0.09200661854787508,0.1201640697009061,-5175413.715371481
2025-11-25 09:00:00,0.027335107015419604,0.0869577528724556,0.12016019672683798,-4888688.824405933
2025-11-25 10:00:00,0.033478532126075405,0.09207356296426926,0.12015636997174359,-4742257.942774555
2025-11-25 11:00:00,0.03734045059822941,0.08065848320098999,0.12015258943759165,-4803065.711029433
2025-11-25 12:00:00,0.03865767907012634,0.0802279082884842,0.1201488551263271,-4608857.062760401
2025-11-25 13:00:00,0.03734045059822941,0.0689264468445004,0.12014516703987109,-4938836.917168554
2025-11-25 14:00:00,0.033478532126075405,0.06740236222443018,0.12014152518012097,-4522849.578275261
2025-11-25 15:00:00,0.027335107015419604,0.08735981870034544,0.12013792954895036,-4653509.0574874785
2025-11-25 16:00:00,0.019328839535063168,0.08589394920908229,0.12013438014820906,-4661747.604154361
2025-11-25 17:00:00,0.010005343582809812,0.08075616628679123,0.12013087697972308,-4586477.080772371
2025-11-25 18:00:00,4.734200293569585e-18,0.09164282088941349,0.12012742004529468,-4876428.432129697
2025-11-25 19:00:00,0.0,0.09767996164399367,0.1201240093467023,-5159179.776209557
2025-11-25 20:00:00,0.0,0.07611293771127858,0.12012064488570061,-5471383.370530183
2025-11-25 21:00:00,0.0,0.0657140231190725,0.1201173266640205,-5088166.557696919
2025-11-25 22:00:00,0.0,0.07411467119218527,0.12011405468336905,-5000918.689361961
2025-11-25 23:00:00,0.0,0.07343883177961406,0.12011082894542957,-5581828.578228223
2025-11-26 00:00:00,0.0,0.09551792605121069,0.12010764945186156,-5444869.571341938
2025-11-26 01:00:00,0.0,0.09853548796908417,0.12010451620430075,-5653554.794682885
2025-11-26 02:00:00,0.0,0.09242855917413617,0.1201014292043591,-5495391.366949124
2025-11-26 03:00:00,0.0,0.067232546502806,0.1200983884536247,-5431970.263693669
2025-11-26 04:00:00,0.0,0.06348490917959186,0.12009539395366192,-5424495.407373512
2025-11-26 05:00:00,0.0,0.09576243934548877,0.12009244570601128,-5294064.818223317
2025-11-26 06:00:00,0.0,0.08063589450959527,0.12008954371218958,-4880852.144484688
2025-11-26 07:00:00,0.00925488971024063,0.07548472093539657,0.12008668797368975,-4971478.155691968
2025-11-26 08:00:00,0.017879073981156755,0.09442959934161589,0.12008387849198097,-4855619.140303383
2025-11-26 09:00:00,0.02528482890682381,0.08867134480102025,0.12008111526850859,-4692256.854941363
2025-11-26 10:00:00,0.03096746452764626,0.08381988833565111,0.12007839830469419,-4520881.74152647
2025-11-26 11:00:00,0.034539718617064445,0.07015925877878458,0.12007572760193552,-4904130.833554912
2025-11-26 12:00:00,0.03575814796231352,0.09973772277110006,0.12007310316160659,-4775047.333629569
2025-11-26 13:00:00,0.034539718617064445,0.09299860088655214,0.1200705249850575,-4471645.535028842
2025-11-26 14:00:00,0.030967464527646267,0.0986852178013707,0.1200679930736147,-5048814.100880643
2025-11-26 15:00:00,0.025284828906823816,0.0756060253629726,0.1200655074285807,-4752045.377995289
2025-11-26 16:00:00,0.017879073981156755,0.07707259048314656,0.12006306805123428,-4707603.89608024
2025-11-26 17:00:00,0.009254889710240641,0.09284379440082827,0.1200606749428304,-4829582.61583687
2025-11-26 18:00:00,4.37911014454847e-18,0.0916996223643172,0.12005832810460022,-4784955.695247063
2025-11-26 19:00:00,0.0,0.08716688856256512,0.12005602753775112,-5329233.672245841
2025-11-26 20:00:00,0.0,0.06671050458250262,0.12005377324346661,-5244240.449822036
2025-11-26 21:00:00,0.0,0.07303643073474654,0.12005156522290643,-5280565.884901618
2025-11-26 22:00:00,0.0,0.08654401821435947,0.12004940347720655,-5237025.671325075
2025-11-26 23:00:00,0.0,0.09367803351994351,0.12004728800747909,-5118385.775186176
2025-11-27 00:00:00,0.0,0.08730010995639677,0.12004521881481238,-5395207.2733369535
2025-11-27 01:00:00,0.0,0.09800864738626983,0.12004319590027092,-5514226.516429775
2025-11-27 02:00:00,0.0,0.08007011323478659,0.12004121926489543,-5623235.105767815
2025-11-27 03:00:00,0.0,0.06980618039788677,0.12003928890970282,-5506674.513621557
2025-11-27 04:00:00,0.0,0.08404144494529468,0.12003740483568613,-5471019.568596197
2025-11-27 05:00:00,0.0,0.07412480635798331,0.12003556704381471,-5222661.402699556
2025-11-27 06:00:00,0.0,0.06582787030629289,0.120033775535034,-5068204.512616808
2025-11-27 07:00:00,0.008532370881648035,0.07690360442810511,0.12003203031026564,-4899564.5347648915
2025-11-27 08:00:00,0.016483274788121324,0.08321516599240357,0.12003033137040751,-4553571.732560017
2025-11-27 09:00:00,0.023310870757683684,0.06980484817239352,0.12002867871633362,-4998639.434946503
2025-11-27 10:00:00,0.02854986940814526,0.08524386669846991,0.12002707234889422,-5086244.316565802
2025-11-27 11:00:00,0.03184324163933172,0.1047302270293256,0.1200255122689157,-4801406.136449941
2025-11-27 12:00:00,0.032966549576242656,0.09869605392215038,0.12002399847720067,-4822034.801292727
2025-11-27 13:00:00,0.03184324163933172,0.0664579065983216,0.12002253097452789,-4739827.670181007
2025-11-27 14:00:00,0.028549869408145263,0.07456824275999273,0.12002110976165237,-4916058.816662501
2025-11-27 15:00:00,0.02331087075768369,0.09069386139969048,0.12001973483930525,-4895051.218950341
2025-11-27 16:00:00,0.016483274788121324,0.07282893078357922,0.12001840620819387,-4788503.824769336
2025-11-27 17:00:00,0.008532370881648042,0.09075674917315323,0.12001712386900176,-4799041.547008462
2025-11-27 18:00:00,4.03723794174781e-18,0.09841871882931824,0.12001588782238864,-4690267.042667226
2025-11-27 19:00:00,0.0,0.08785093159593878,0.12001469806899039,-5068073.535782837
2025-11-27 20:00:00,0.0,0.09173218430472009,0.12001355460941909,-4903298.181407694
2025-11-27 21:00:00,0.0,0.0810025691781786,0.12001245744426303,-5068535.071930831
2025-11-27 22:00:00,0.0,0.10290091430065336,0.12001140657408663,-5508021.62211896
2025-11-27 23:00:00,0.0,0.09177347597348925,0.12001040199943053,-5389296.590170354
2025-11-28 00:00:00,0.0,0.08098133280979113,0.12000944372081154,-5530556.52620932
2025-11-28 01:00:00,0.0,0.07494002320476047,0.12000853173872265,-5556520.994908278
2025-11-28 02:00:00,0.0,0.10144709767754978,0.12000766605363308,-5578412.27942327
2025-11-28 03:00:00,0.0,0.09119935420942162,0.12000684666598813,-5502374.103638535
2025-11-28 04:00:00,0.0,0.07603985212155868,0.12000607357620938,-5340935.402134379
2025-11-28 05:00:00,0.0,0.10232587271432643,0.12000534678469454,-5238456.747296627
2025-11-28 06:00:00,0.0,0.0715776147487687,0.12000466629181752,-5304952.209765477
2025-11-28 07:00:00,0.007838001194954048,0.10230353224361799,0.12000403209792841,-5184833.782574955
2025-11-28 08:00:00,0.015141855561381388,0.09802054806397505,0.12000344420335347,-4974967.549945763
2025-11-28 09:00:00,0.021413817494400036,0.10009367899176583,0.12000290260839516,-4937928.946517131
2025-11-28 10:00:00,0.02622646315318193,0.08772768377119156,0.12000240731333207,-4778014.643634294
2025-11-28 11:00:00,0.029251818689354087,0.10477801019662278,0.12000195831841906,-4536657.12198565
2025-11-28 12:00:00,0.03028371112276278,0.08439756549272333,0.1200015556238871,-4747475.520597483
2025-11-28 13:00:00,0.029251818689354087,0.08186290605995547,0.12000119922994334,-4908449.122732384
2025-11-28 14:00:00,0.026226463153181934,0.08150533635423608,0.12000088913677118,-4903363.189890978
2025-11-28 15:00:00,0.021413817494400036,0.10912054828300115,0.12000062534453011,-4746063.728793054
2025-11-28 16:00:00,0.015141855561381388,0.10602223392999618,0.12000040785335583,-4489527.06347755
2025-11-28 17:00:00,0.007838001194954057,0.07715974940225076,0.12000023666336027,-4934576.021351844
2025-11-28 18:00:00,3.708684989279454e-18,0.0729230887567963,0.12000011177463146,-4898798.176967108
2025-11-28 19:00:00,0.0,0.09169852815163494,0.12000003318723369,-4989410.37908451
2025-11-28 20:00:00,0.0,0.08882176027998277,0.12000000090120738,-5385799.913031595
2025-11-28 21:00:00,0.0,0.09800924725067334,0.12000001491656911,-5074514.2338974485
2025-11-28 22:00:00,0.0,0.10847236910712849,0.1200000752333117,-5206545.504430372
2025-11-28 23:00:00,0.0,0.08076385659095013,0.12000018185140413,-5411502.843041792
2025-11-29 00:00:00,0.0,0.08427744000648342,0.12000033477079149,-5577440.813121388
2025-11-29 01:00:00,0.0,0.08295493550292854,0.12000053399139517,-5368945.19527103
2025-11-29 02:00:00,0.0,0.09580930656780999,0.12000077951311267,-5275719.711894568
2025-11-29 03:00:00,0.0,0.11126937756107566,0.12000107133581764,-5352826.632960051
2025-11-29 04:00:00,0.0,0.07554514433380383,0.12000140945936,-5410150.306839974
2025-11-29 05:00:00,0.0,0.08041884108472948,0.12000179388356576,-5424945.865065028
2025-11-29 06:00:00,0.0,0.09503960265496768,0.12000222460823717,-5117405.07645351
2025-11-29 07:00:00,0.007171986406882625,0.0752794296112086,0.12000270163315263,-5182005.302233118
2025-11-29 08:00:00,0.013855213792404128,0.08469944083810224,0.12000322495806673,-4763897.888899671
2025-11-29 09:00:00,0.019594231254796687,0.07653592163109924,0.12000379458271025,-4752479.880666315
2025-11-29 10:00:00,0.02399793423817302,0.09618654154787015,0.12000441050679012,-4655135.950403616
2025-11-29 11:00:00,0.02676621766167931,0.07053999830323922,0.1200050727299895,-4713819.442630647
2025-11-29 12:00:00,0.027710427584808264,0.08750798894732431,0.12000578125196769,-4932817.258570045
2025-11-29 13:00:00,0.02676621766167931,0.11012320432684294,0.12000653607236017,-4638745.313061507
2025-11-29 14:00:00,0.023997934238173025,0.09129661955951617,0.12000733719077865,-4621235.624406978
2025-11-29 15:00:00,0.019594231254796687,0.09970085785071364,0.12000818460681094,-4678847.368181123
2025-11-29 16:00:00,0.013855213792404128,0.09187300760279674,0.12000907832002113,-5186015.146427999
2025-11-29 17:00:00,0.007171986406882632,0.1114086886766814,0.1200100183299494,-4655978.37003721
2025-11-29 18:00:00,3.3935486444739964e-18,0.0950372170669432,0.12001100463611215,-4887013.329860671
2025-11-29 19:00:00,0.0,0.10413607983390014,0.120012037238002,-5044006.122311368
2025-11-29 20:00:00,0.0,0.08591693392032577,0.12001311613508768,-5449229.023635795
2025-11-29 21:00:00,0.0,0.07947463293257782,0.1200142413268142,-5132238.547592378
2025-11-29 22:00:00,0.0,0.11198788087136784,0.12001541281260261,-5779779.871973791
2025-11-29 23:00:00,0.0,0.08121413504956353,0.12001663059185029,-5587797.800049976
2025-11-30 00:00:00,0.0,0.08582985522635594,0.12001789466393072,-5552351.565586708
2025-11-30 01:00:00,0.0,0.07593903504765978,0.1200192050281936,-5869121.125491573
2025-11-30 02:00:00,0.0,0.08127937604166748,0.12002056168396477,-5182275.738691204
2025-11-30 03:00:00,0.0,0.09525139106098647,0.12002196463054632,-5521588.986562307
2025-11-30 04:00:00,0.0,0.10589123131919331,0.12002341386721645,-5433079.082922294
2025-11-30 05:00:00,0.0,0.074373590652827,0.12002490939322963,-5460929.858497081
2025-11-30 06:00:00,0.0,0.08024554588866616,0.12002645120781645,-5331783.749966196
2025-11-30 07:00:00,0.00653452387198924,0.11469340464511787,0.12002803931018372,-5061309.290073763
2025-11-30 08:00:00,0.012623730740913695,0.11142569368891357,0.12002967369951438,-5094308.933648357
2025-11-30 09:00:00,0.01785265122154631,0.10954741160321955,0.12003135437496767,-4710549.261785785
2025-11-30 10:00:00,0.02186494302433163,0.09302278085258486,0.12003308133567892,-4861228.106292269
2025-11-30 11:00:00,0.02438717509353555,0.08879347349501969,0.12003485458075965,-5150924.802720333
2025-11-30 12:00:00,0.025247461481827396,0.10463227210940272,0.12003667410929764,-4694781.25660961
2025-11-30 13:00:00,0.02438717509353555,0.09432207727191962,0.12003853992035678,-4698639.287769801
2025-11-30 14:00:00,0.02186494302433163,0.07304951897942279,0.12004045201297721,-4738164.384928581
2025-11-30 15:00:00,0.017852651221546313,0.0951321968746051,0.12004241038617523,-4749489.8443606775
2025-11-30 16:00:00,0.012623730740913695,0.11487873546257771,0.12004441503894334,-4774090.810474679
2025-11-30 17:00:00,0.006534523871989247,0.0778234781548362,0.1200464659702502,-5125090.90890717
2025-11-30 18:00:00,3.091922289031601e-18,0.09232855548680083,0.12004856317904074,-5031942.413919861
2025-11-30 19:00:00,0.0,0.1151124394900988,0.12005070666423598,-5500406.907076966
2025-11-30 20:00:00,0.0,0.09301886929945634,0.12005289642473319,-4892636.675974536
2025-11-30 21:00:00,0.0,0.09087957579689458,0.12005513245940586,-5546937.0703319805
2025-11-30 22:00:00,0.0,0.10837489899039529,0.12005741476710359,-5235071.619287403
2025-11-30 23:00:00,0.0,0.07460141439814269,0.12005974334665227,-5688009.8032858865
2025-12-01 00:00:00,0.0,0.10285304183305101,0.12006211819685392,-5451097.446087751
2025-12-01 01:00:00,0.0,0.11092339612023534,0.12006453931648675,-5626623.839273505
2025-12-01 02:00:00,0.0,0.0842996280602443,0.12006700670430526,-5687155.743753542
2025-12-01 03:00:00,0.0,0.11711173341141798,0.12006952035903999,-5053491.099015514
2025-12-01 04:00:00,0.0,0.08765053347376478,0.12007208027939784,-5312349.89428961
2025-12-01 05:00:00,0.0,0.11501015977001298,0.1200746864640618,-5423912.038112456
2025-12-01 06:00:00,0.0,0.10251863500803324,0.12007733891169109,-5180988.661966162
2025-12-01 07:00:00,0.005925802484180578,0.10035801198164744,0.12008003762092112,-5109565.711395329
2025-12-01 08:00:00,0.011447771321915878,0.11531465163659682,0.12008278259036355,-5007301.356117052
2025-12-01 09:00:00,0.016189593462399208,0.08665807459346807,0.12008557381860618,-4795571.382877306
2025-12-01 10:00:00,0.01982812156298823,0.09979896243882654,0.12008841130421305,-5057386.709050897
2025-12-01 11:00:00,0.02211539594657979,0.08479023941095085,0.12009129504572437,-4725037.150092687
2025-12-01 12:00:00,0.022895542643831757,0.11160902004724903,0.12009422504165658,-4707654.4872008385
2025-12-01 13:00:00,0.02211539594657979,0.11612433112673914,0.1200972012905023,-4770010.946322441
2025-12-01 14:00:00,0.019828121562988233,0.09313153878701373,0.12010022379073039,-5216054.930777525
2025-12-01 15:00:00,0.01618959346239921,0.07865649779117805,0.12010329254078589,-4946299.907632985
2025-12-01 16:00:00,0.011447771321915878,0.10669935006739444,0.12010640753909003,-4876078.756342496
2025-12-01 17:00:00,0.005925802484180585,0.08312632486810657,0.12010956878404032,-5074438.345741627
2025-12-01 18:00:00,2.803895301351029e-18,0.10675894397960257,0.12011277627401036,-5200418.12773581
2025-12-01 19:00:00,0.0,0.08401248272731679,0.12011603000735006,-5273741.276018444
2025-12-01 20:00:00,0.0,0.09691131486686928,0.12011932998238552,-5623472.625012352
2025-12-01 21:00:00,0.0,0.0938429603444218,0.12012267619741901,-5192867.93551995
2025-12-01 22:00:00,0.0,0.0978499833381014,0.12012606865072904,-5503869.10487167
2025-12-01 23:00:00,0.0,0.09145787453062423,0.12012950734057033,-5459261.952111664
2025-12-02 00:00:00,0.0,0.10671330716865582,0.12013299226517382,-5637621.06142174
2025-12-02 01:00:00,0.0,0.09755948109777597,0.12013652342274665,-5233097.653977641
2025-12-02 02:00:00,0.0,0.08242233100677934,0.1201401008114722,-5497267.189030181
2025-12-02 03:00:00,0.0,0.10224976069581597,0.12014372442951,-5269676.381854295
2025-12-02 04:00:00,0.0,0.09761518083320915,0.12014739427499588,-5536911.840113544
2025-12-02 05:00:00,0.0,0.07706784325597445,0.12015111034604187,-5190890.055849217
2025-12-02 06:00:00,0.0,0.1028136984821127,0.12015487264073615,-5323308.1791341705
2025-12-02 07:00:00,0.0053460026207410635,0.0848257450657183,0.12015868115714319,-5012568.493280835
2025-12-02 08:00:00,0.010327683997565673,0.08615094225556734,0.1201625358933037,-4669707.362027337
2025-12-02 09:00:00,0.014605550777260957,0.1116037078705497,0.1201664368472345,-4648595.89829863
2025-12-02 10:00:00,0.017888073408299794,0.0839530683023262,0.12017038401692877,-4797570.339142184
2025-12-02 11:00:00,0.019951553398002024,0.0786076624760291,0.12017437740035583,-4901241.2986995885
2025-12-02 12:00:00,0.020655367995131346,0.08948375273156599,0.12017841699546122,-4613585.838868791
2025-12-02 13:00:00,0.019951553398002024,0.11464421769429342,0.12018250280016676,-4494641.638484067
2025-12-02 14:00:00,0.017888073408299798,0.12144303681133371,0.12018663481237046,-4966257.745483268
2025-12-02 15:00:00,0.014605550777260959,0.10157784569400684,0.12019081302994655,-4546503.917489345
2025-12-02 16:00:00,0.010327683997565673,0.09807258112401308,0.12019503745074553,-4678503.772982253
2025-12-02 17:00:00,0.0053460026207410695,0.0792255077533892,0.12019930807259409,-5182852.232628711
2025-12-02 18:00:00,2.5295530300448286e-18,0.11041647788998595,0.12020362489329517,-5215165.827298259
2025-12-02 19:00:00,0.0,0.10472409966340308,0.12020798791062795,-4986465.896703215
2025-12-02 20:00:00,0.0,0.11855458561767912,0.1202123971223478,-5464409.97845734
2025-12-02 21:00:00,0.0,0.09253750906063724,0.12021685252618639,-5101417.619193732
2025-12-02 22:00:00,0.0,0.12375179812697279,0.12022135411985158,-5461623.725802305
2025-12-02 23:00:00,0.0,0.08018365220254584,0.12022590190102748,-5606314.082650851
2025-12-03 00:00:00,0.0,0.10327891531314044,0.12023049586737444,-5837699.090917327
2025-12-03 01:00:00,0.0,0.09711252752322769,0.12023513601652905,-5624803.141917521
2025-12-03 02:00:00,0.0,0.12036906997618067,0.12023982234610414,-5180914.036816069
2025-12-03 03:00:00,0.0,0.09665622169514859,0.12024455485368879,-5639180.90565741
2025-12-03 04:00:00,0.0,0.10477989295230421,0.1202493335368483,-5190598.946063022
2025-12-03 05:00:00,0.0,0.09614390157005483,0.12025415839312426,-5582330.198243762
2025-12-03 06:00:00,0.0,0.11014739056123686,0.12025902942003443,-4896359.422905176
2025-12-03 07:00:00,0.004795296088883417,0.09610780664737512,0.12026394661507286,-5238424.744581823
2025-12-03 08:00:00,0.009263800673910904,0.08977273836276588,0.1202689099757099,-4957808.877730237
2025-12-03 09:00:00,0.013100992552165819,0.09370339557963767,0.12027391949939206,-4913165.918051131
2025-12-03 10:00:00,0.01604537343840449,0.10245374204705271,0.12027897518354216,-5011169.257509865
2025-12-03 11:00:00,0.017896288641049238,0.10604057773812317,0.12028407702555924,-4935793.639175979
2025-12-03 12:00:00,0.01852760134782181,0.10335121331521514,0.12028922502281862,-4831992.319679352
2025-12-03 13:00:00,0.017896288641049238,0.10378886359885449,0.12029441917267186,-4734223.676868162
2025-12-03 14:00:00,0.01604537343840449,0.08511188184002233,0.12029965947244678,-4901848.180669743
2025-12-03 15:00:00,0.013100992552165819,0.09685303577045704,0.12030494591944745,-5155321.354871088
2025-12-03 16:00:00,0.009263800673910904,0.08249949343909795,0.1203102785109542,-5078319.495828602
2025-12-03 17:00:00,0.004795296088883422,0.10264567718122657,0.12031565724422363,-5074211.557443146
2025-12-03 18:00:00,2.268976768648817e-18,0.10992574810600281,0.12032108211648859,-5043268.502016788
2025-12-03 19:00:00,0.0,0.10495553780039579,0.12032655312495823,-5199441.371365921
2025-12-03 20:00:00,0.0,0.10639470690450485,0.12033207026681791,-5461014.883520078
2025-12-03 21:00:00,0.0,0.09159879955559111,0.12033763353922929,-5161162.764151015
2025-12-03 22:00:00,0.0,0.08663651575784447,0.12034324293933027,-5378801.390029559
2025-12-03 23:00:00,0.0,0.12537538318946775,0.12034889846423506,-5281987.504196821
2025-12-04 00:00:00,0.0,0.12092408912696989,0.12035460011103413,-5406499.655069302
2025-12-04 01:00:00,0.0,0.10839249570985068,0.1203603478767942,-5436612.927089168
2025-12-04 02:00:00,0.0,0.10704653450253881,0.12036614175855825,-5443470.259974641
2025-12-04 03:00:00,0.0,0.12181128344180425,0.1203719817533456,-5337886.995798792
2025-12-04 04:00:00,0.0,0.09012856481797205,0.12037786785815179,-5595107.944553683
2025-12-04 05:00:00,0.0,0.11754714294483322,0.12038380006994866,-5301718.813740252
2025-12-04 06:00:00,0.0,0.1047482912485181,0.12038977838568429,-5385255.896015195
2025-12-04 07:00:00,0.004273846074838178,0.10204030030238971,0.12039580280228314,-5113605.08735157
2025-12-04 08:00:00,0.008256436602540716,0.1032262295092,0.12040187331664583,-5120905.740817224
2025-12-04 09:00:00,0.011676364620186723,0.08741886420570887,0.12040798992564937,-4997907.226315502
2025-12-04 10:00:00,0.014300567685071887,0.1265921622170228,0.12041415262614699,-4663198.7414259175
2025-12-04 11:00:00,0.0159502106950249,0.09032803591206146,0.1204203614149682,-4737314.579324507
2025-12-04 12:00:00,0.016512873205081435,0.0949363480703791,0.12042661628891889,-4757264.7790377475
2025-12-04 13:00:00,0.0159502106950249,0.0819269182561186,0.12043291724478111,-4654073.967109726
2025-12-04 14:00:00,0.014300567685071888,0.11799136880361326,0.12043926427931333,-4560124.311618596
2025-12-04 15:00:00,0.011676364620186723,0.12856713512756915,0.12044565738925023,-5024325.318625021
2025-12-04 16:00:00,0.008256436602540716,0.09944575056615519,0.12045209657130279,-4750369.921234078
2025-12-04 17:00:00,0.004273846074838183,0.08946485935355829,0.12045858182215834,-5046847.055295888
2025-12-04 18:00:00,2.0222437315329073e-18,0.10093795695121964,0.12046511313848046,-5222161.942831969
2025-12-04 19:00:00,0.0,0.11233081813784408,0.12047169051690908,-5065105.031808586
2025-12-04 20:00:00,0.0,0.09914125966656781,0.12047831395406036,-5382410.153656843
2025-12-04 21:00:00,0.0,0.09989254816455524,0.12048498344652686,-5389637.53465868
2025-12-04 22:00:00,0.0,0.11208099910762358,0.12049169899087733,-5393986.655101748
2025-12-04 23:00:00,0.0,0.10374279058205912,0.12049846058365694,-5311843.081171081
2025-12-05 00:00:00,0.0,0.11876019808327867,0.12050526822138712,-5525990.042736648
2025-12-05 01:00:00,0.0,0.0949107102531931,0.12051212190056557,-5793851.962161926
2025-12-05 02:00:00,0.0,0.11929348731810752,0.1205190216176664,-5471587.19160039
2025-12-05 03:00:00,0.0,0.08547194645529395,0.12052596736913995,-5403568.647480248
2025-12-05 04:00:00,0.0,0.09758048040522757,0.12053295915141292,-5618488.588905975
2025-12-05 05:00:00,0.0,0.11044714447411365,0.12053999696088832,-5360607.535669476
2025-12-05 06:00:00,0.0,0.0837810552919276,0.12054708079394547,-5233998.395555838
2025-12-05 07:00:00,0.003781807095498386,0.11946914019583997,0.12055421064694004,-5086676.17490297
2025-12-05 08:00:00,0.0073058902871702795,0.08564196529568072,0.12056138651620399,-4848580.196987672
2025-12-05 09:00:00,0.010332089129326077,0.08840217337181301,0.12056860839804563,-5127994.109578416
2025-12-05 10:00:00,0.0126541731719029,0.10596761580344997,0.1205758762887496,-4938467.112444066
2025-12-05 11:00:00,0.014113896224824464,0.09451675771428934,0.12058319018457685,-4699067.452343408
2025-12-05 12:00:00,0.01461178057434056,0.10517259653191553,0.12059055008176466,-4601860.842449287
2025-12-05 13:00:00,0.014113896224824464,0.10607491683863404,0.12059795597652669,-4575180.218095555
2025-12-05 14:00:00,0.012654173171902903,0.09078078843278546,0.1206054078650529,-5181888.316883377
2025-12-05 15:00:00,0.010332089129326079,0.1271311759290818,0.12061290574350955,-4785495.918441448
2025-12-05 16:00:00,0.0073058902871702795,0.10889689578059855,0.12062044960803933,-5317897.614494897
2025-12-05 17:00:00,0.0037818070954983903,0.12642159439887582,0.12062803945476122,-5238970.638471891
2025-12-05 18:00:00,1.7894270310209642e-18,0.10299231689772567,0.12063567527977054,-5124694.707642236
2025-12-05 19:00:00,0.0,0.10731196320053099,0.12064335707913894,-5119402.073001984
2025-12-05 20:00:00,0.0,0.1295179432811005,0.12065108484891446,-5357570.475740507
2025-12-05 21:00:00,0.0,0.1181438536945622,0.12065885858512149,-5445690.79319759
2025-12-05 22:00:00,0.0,0.12133299326622018,0.12066667828376074,-5620261.997424043
2025-12-05 23:00:00,0.0,0.13545104201297664,0.1206745439408093,-5421724.011207506
2025-12-06 00:00:00,0.0,0.08899649830602349,0.12068245555222058,-5484287.467154257
2025-12-06 01:00:00,0.0,0.08638576828436363,0.1206904131139244,-5755397.795347837
2025-12-06 02:00:00,0.0,0.12319881810953871,0.1206984166218269,-5613060.288054071
2025-12-06 03:00:00,0.0,0.1358765513853428,0.1207064660718106,-5486706.085949497
2025-12-06 04:00:00,0.0,0.11596830340743183,0.12071456145973437,-5508475.281174125
2025-12-06 05:00:00,0.0,0.12930985894704305,0.12072270278143346,-5335684.776653196
2025-12-06 06:00:00,0.0,0.11812208677444838,0.12073089003271952,-5308160.728738868
2025-12-06 07:00:00,0.0033193249526326262,0.12584716688855402,0.12073912320938049,-5353236.705714641
2025-12-06 08:00:00,0.006412443395187183,0.12706679387128517,0.12074740230718077,-5328682.783758642
2025-12-06 09:00:00,0.009068564417423491,0.09722648628363693,0.12075572732186107,-5074217.005998431
2025-12-06 10:00:00,0.011106677761123675,0.12621422402286048,0.12076409824913852,-4728399.796932086
2025-12-06 11:00:00,0.012387889370056119,0.10946778743442856,0.1207725150847066,-4878936.637760552
2025-12-06 12:00:00,0.012824886790374369,0.12448987159237668,0.12078097782423519,-4862752.884218468
2025-12-06 13:00:00,0.012387889370056119,0.1301361594611932,0.12078948646337057,-4820476.610793874
2025-12-06 14:00:00,0.011106677761123677,0.11148388166921068,0.12079804099773533,-4498371.890862675
2025-12-06 15:00:00,0.009068564417423493,0.13672649101512951,0.12080664142292857,-4948980.497606166
2025-12-06 16:00:00,0.006412443395187183,0.13620130751271284,0.1208152877345257,-4709699.685873032
2025-12-06 17:00:00,0.0033193249526326297,0.1139302875880608,0.12082397992807853,-4658476.329587784
2025-12-06 18:00:00,1.5705956557259142e-18,0.10627116482543397,0.12083271799911527,-5178952.814202549
2025-12-06 19:00:00,0.0,0.10955526822598541,0.12084150194314053,-5365584.597802284
2025-12-06 20:00:00,0.0,0.11300091576490995,0.12085033175563535,-5219095.841243669
2025-12-06 21:00:00,0.0,0.12434258560138366,0.12085920743205714,-5467077.437862253
2025-12-06 22:00:00,0.0,0.09787956892018919,0.12086812896783969,-5452147.303077792
2025-12-06 23:00:00,0.0,0.11807726192098847,0.12087709635839324,-5383083.206839218
2025-12-07 00:00:00,0.0,0.13787430295365538,0.12088610959910442,-5367953.300110119
2025-12-07 01:00:00,0.0,0.10375637795108962,0.12089516868533631,-5530215.841614769
2025-12-07 02:00:00,0.0,0.10318275739365458,0.12090427361242836,-5422676.507087607
2025-12-07 03:00:00,0.0,0.12246085511541038,0.12091342437569645,-5186436.314618715
2025-12-07 04:00:00,0.0,0.1363727722616828,0.12092262097043287,-5176284.783246001
2025-12-07 05:00:00,0.0,0.09069882890948285,0.12093186339190636,-5338151.839614079
2025-12-07 06:00:00,0.0,0.1087003764342255,0.12094115163536205,-5233067.116210086
2025-12-07 07:00:00,0.0028865366896810517,0.10822830144027958,0.12095048569602151,-4930190.500742106
2025-12-07 08:00:00,0.005576360674187764,0.13698340534522455,0.12095986556908275,-4942974.328900626
2025-12-07 09:00:00,0.007886164894120312,0.11359859999033431,0.1209692912497202,-5254445.797658063
2025-12-07 10:00:00,0.009658540009022245,0.13326746688781607,0.12097876273308471,-5100633.478086139
2025-12-07 11:00:00,0.010772701583801364,0.09260456559429603,0.12098828001430359,-4687604.600637577
2025-12-07 12:00:00,0.011152721348375527,0.09951866497934068,0.12099784308848058,-4790501.86548234
2025-12-07 13:00:00,0.010772701583801364,0.1258521075794475,0.12100745195069589,-4796474.366354158
2025-12-07 14:00:00,0.009658540009022247,0.09364557893976327,0.1210171065960061,-4635168.710934941
2025-12-07 15:00:00,0.007886164894120312,0.13647237117873284,0.12102680701944434,-4818937.725067174
2025-12-07 16:00:00,0.005576360674187764,0.1030299473413803,0.12103655321602007,-4943090.778939129
2025-12-07 17:00:00,0.0028865366896810548,0.10570487020765983,0.1210463451807193,-5074962.3987056175
2025-12-07 18:00:00,1.3658144501070445e-18,0.1372383498419108,0.12105618290850444,-5262604.868481111
2025-12-07 19:00:00,0.0,0.14068332304674575,0.12106606639431437,-5223616.160945443
2025-12-07 20:00:00,0.0,0.12633794825371622,0.12107599563306445,-5378230.424045753
2025-12-07 21:00:00,0.0,0.10880970566034699,0.12108597061964649,-5479420.7934970325
2025-12-07 22:00:00,0.0,0.12684351361769883,0.12109599134892875,-5268469.019201106
2025-12-07 23:00:00,0.0,0.10881381392738813,0.12110605781575595,-5340862.813260129
2025-12-08 00:00:00,0.0,0.11741502218368023,0.12111617001494931,-5659183.301525668
2025-12-08 01:00:00,0.0,0.09226288108751719,0.12112632794130654,-5578108.887871591
2025-12-08 02:00:00,0.0,0.09125334017793928,0.12113653158960173,-5412238.843497844
2025-12-08 03:00:00,0.0,0.12413888804081248,0.12114678095458556,-5762571.561893598
2025-12-08 04:00:00,0.0,0.13056550550123866,0.12115707603098515,-5563220.430868943
2025-12-08 05:00:00,0.0,0.09096433863092361,0.12116741681350407,-5150619.951281055
2025-12-08 06:00:00,0.0,0.12193202412917033,0.12117780329682237,-5304496.457247107
2025-12-08 07:00:00,0.0024835705511462945,0.12279700165643134,0.1211882354755967,-5182412.770959351
2025-12-08 08:00:00,0.004797889873526362,0.11042168905910438,0.12119871334446007,-5222071.8504501395
2025-12-08 09:00:00,0.006785240929913514,0.1117339205102516,0.12120923689802207,-5356475.1818615245
2025-12-08 10:00:00,0.008310189030067873,0.14183349800851222,0.12121980613086872,-5011298.742292668
2025-12-08 11:00:00,0.00926881148105981,0.09762959714223195,0.1212304210375626,-4873908.6768220775
2025-12-08 12:00:00,0.009595779747052724,0.09612204455976016,0.12124108161264274,-4969141.088537528
2025-12-08 13:00:00,0.00926881148105981,0.12463792022779417,0.12125178785062474,-5021217.265830592
2025-12-08 14:00:00,0.008310189030067874,0.10912866335932313,0.12126253974600062,-4995394.055909934
2025-12-08 15:00:00,0.006785240929913516,0.1310323549618469,0.12127333729323898,-5256220.951350688
2025-12-08 16:00:00,0.004797889873526362,0.13421851225698322,0.12128418048678495,-4787107.12165965
2025-12-08 17:00:00,0.0024835705511462966,0.14612666587373593,0.1212950693210601,-4919126.743884172
2025-12-08 18:00:00,1.1751440952551118e-18,0.13596148283332843,0.1213060037904626,-5179542.935364524
2025-12-08 19:00:00,0.0,0.1401188734927883,0.12131698388936706,-4996874.106939242
2025-12-08 20:00:00,0.0,0.09964226029753367,0.12132800961212468,-5149937.34471119
2025-12-08 21:00:00,0.0,0.1076474192200876,0.12133908095306319,-5348219.145121631
2025-12-08 22:00:00,0.0,0.12318648847587693,0.12135019790648678,-5571373.955474051
2025-12-08 23:00:00,0.0,0.09986750158368929,0.12136136046667628,-5795303.541751364
2025-12-09 00:00:00,0.0,0.10579739219480781,0.12137256862788894,-5464242.83611762
2025-12-09 01:00:00,0.0,0.10277053049017233,0.12138382238435866,-5712414.030292121
2025-12-09 02:00:00,0.0,0.12097423408699644,0.12139512173029582,-5363898.33010389
2025-12-09 03:00:00,0.0,0.14432746275789354,0.12140646665988737,-5664763.381086853
2025-12-09 04:00:00,0.0,0.1091029635254233,0.12141785716729676,-5491466.021600016
2025-12-09 05:00:00,0.0,0.11271155866243422,0.12142929324666407,-5480322.852064013
2025-12-09 06:00:00,0.0,0.13542294288159196,0.12144077489210588,-5055127.6590124145
2025-12-09 07:00:00,0.0021105459445919217,0.09891051211533922,0.12145230209771535,-5270044.764301008
2025-12-09 08:00:00,0.004077261670901988,0.12710201951871758,0.1214638748575622,-4940543.8133485755
2025-12-09 09:00:00,0.005766118752333578,0.12305470516824933,0.1214754931656927,-4972870.960950492
2025-12-09 10:00:00,0.007062024369755418,0.09438114567293136,0.12148715701612968,-4780846.246399047
2025-12-09 11:00:00,0.0078766646969255,0.10111053729899623,0.12149886640287258,-5026976.85721336
2025-12-09 12:00:00,0.008154523341803976,0.09860767919870429,0.1215106213198974,-4955291.73929617
2025-12-09 13:00:00,0.0078766646969255,0.1430731174205889,0.1215224217611567,-4805660.110264347
2025-12-09 14:00:00,0.00706202436975542,0.14787628943160422,0.12153426772057961,-4741365.667126802
2025-12-09 15:00:00,0.005766118752333579,0.1426240763626328,0.12154615919207187,-4941257.219989879
2025-12-09 16:00:00,0.004077261670901988,0.1442647838918223,0.1215580961695158,-5060112.397641582
2025-12-09 17:00:00,0.002110545944591924,0.11414200437272735,0.12157007864677029,-5103018.714944707
2025-12-09 18:00:00,9.986410909112618e-19,0.10137560013840705,0.12158210661767085,-5221535.7226287555
2025-12-09 19:00:00,0.0,0.10825257047898419,0.12159418007602955,-4857008.604230544
2025-12-09 20:00:00,0.0,0.14830359197244114,0.12160629901563512,-5277903.417390561
2025-12-09 21:00:00,0.0,0.12958902728469876,0.12161846343025282,-5415303.621552964
2025-12-09 22:00:00,0.0,0.13235430570665896,0.12163067331362454,-5470001.373663291
2025-12-09 23:00:00,0.0,0.13468499623629443,0.12164292865946881,-5404465.870274795
2025-12-10 00:00:00,0.0,0.14582791582861837,0.12165522946148075,-5749463.207268395
2025-12-10 01:00:00,0.0,0.09607918000318832,0.12166757571333206,-5542455.768515845
2025-12-10 02:00:00,0.0,0.10643631396218924,0.12167996740867111,-5379783.211481922
2025-12-10 03:00:00,0.0,0.12385811878630029,0.12169240454112287,-5302877.7720170645
2025-12-10 04:00:00,0.0,0.1405184594216574,0.12170488710428892,-5449107.1308267
2025-12-10 05:00:00,0.0,0.10831441231125384,0.1217174150917475,-5537152.56526491
2025-12-10 06:00:00,0.0,0.12694176728442963,0.12172998849705347,-5019498.668922672
2025-12-10 07:00:00,0.0017675734052594078,0.14164561557664845,0.12174260731373829,-5030090.493517698
2025-12-10 08:00:00,0.0034146896040035506,0.10622904055930588,0.12175527153531007,-5285611.154976031
2025-12-10 09:00:00,0.004829100349276236,0.09924861663341554,0.12176798115525363,-4905110.027511975
2025-12-10 10:00:00,0.005914415886211401,0.148374365039944,0.12178073616703038,-4759918.805958711
2025-12-10 11:00:00,0.006596673754535644,0.10573690839303897,0.12179353656407832,-4909625.39089183
2025-12-10 12:00:00,0.006829379208007103,0.11880410012496058,0.1218063823398122,-4944440.959317215
2025-12-10 13:00:00,0.006596673754535644,0.10994898364493606,0.12181927348762339,-4955680.789386553
2025-12-10 14:00:00,0.005914415886211402,0.15066963511127568,0.1218322100008799,-4507127.078684606
2025-12-10 15:00:00,0.004829100349276236,0.11789293555438854,0.12184519187292636,-4953687.417004807
2025-12-10 16:00:00,0.0034146896040035506,0.10147636528759996,0.12185821909708422,-5140179.0851794975
2025-12-10 17:00:00,0.0017675734052594095,0.1472785634333873,0.12187129166665145,-5109802.907124453
2025-12-10 18:00:00,8.363577387249384e-19,0.10488909585365241,0.12188440957490271,-5431493.264924437
2025-12-10 19:00:00,0.0,0.14476034600383783,0.1218975728150894,-5273302.845429683
2025-12-10 20:00:00,0.0,0.10010159048082558,0.12191078138043952,-5614837.06891025
2025-12-10 21:00:00,0.0,0.12069455302123301,0.12192403526415786,-5394833.285295782
2025-12-10 22:00:00,0.0,0.11684137499133002,0.12193733445942576,-5236649.93016169
2025-12-10 23:00:00,0.0,0.11805244737770965,0.12195067895940136,-5246398.516897105
2025-12-11 00:00:00,0.0,0.143271814271944,0.12196406875721941,-5441049.897141467
2025-12-11 01:00:00,0.0,0.15425520757271413,0.12197750384599144,-5226016.282985601
2025-12-11 02:00:00,0.0,0.09985230079457767,0.12199098421880562,-5956696.605277231
2025-12-11 03:00:00,0.0,0.1262709405525158,0.12200450986872685,-5556908.212981218
2025-12-11 04:00:00,0.0,0.11546884909683325,0.12201808078879668,-5318588.744968926
2025-12-11 05:00:00,0.0,0.13617748401484603,0.12203169697203349,-5480037.479731616
2025-12-11 06:00:00,0.0,0.13720730833838482,0.12204535841143224,-5071322.0977202365
2025-12-11 07:00:00,0.0014547545633141065,0.14024944478402576,0.12205906509996468,-5001057.147135461
2025-12-11 08:00:00,0.002810370007233942,0.13477581974747102,0.12207281703057929,-4969203.608088746
2025-12-11 09:00:00,0.003974463379516814,0.11434529211574729,0.12208661419620123,-4856346.626167361
2025-12-11 10:00:00,0.004867703640596901,0.10999587227258566,0.12210045658973241,-4974542.413477579
2025-12-11 11:00:00,0.005429217942830921,0.15451952188449894,0.12211434420405148,-4880474.227491164
2025-12-11 12:00:00,0.005620740014467884,0.15087515322354264,0.12212827703201384,-5049228.2188901445
2025-12-11 13:00:00,0.005429217942830921,0.12750240087779685,0.12214225506645163,-4683657.580776487
2025-12-11 14:00:00,0.004867703640596902,0.15022672349356295,0.12215627830017364,-4846126.892661004
2025-12-11 15:00:00,0.003974463379516815,0.137278567402683,0.12217034672596552,-4884593.976222277
2025-12-11 16:00:00,0.002810370007233942,0.09892882703105522,0.12218446033658961,-5174057.736934084
2025-12-11 17:00:00,0.001454754563314108,0.1197623338166591,0.12219861912478507,-5197849.828543185
2025-12-11 18:00:00,6.883421267557543e-19,0.1251322100383599,0.12221282308326772,-5171284.048631524
2025-12-11 19:00:00,0.0,0.15006485080252124,0.12222707220473022,-5481245.077054374
2025-12-11 20:00:00,0.0,0.10223422305217865,0.12224136648184195,-5152357.596622987
2025-12-11 21:00:00,0.0,0.13138721456154287,0.1222557059072491,-5748141.16801098
2025-12-11 22:00:00,0.0,0.15500565072631978,0.12227009047357462,-5234084.790977278
2025-12-11 23:00:00,0.0,0.148961814533612,0.12228452017341818,-5778482.153301184
2025-12-12 00:00:00,0.0,0.13191548089380747,0.12229899499935633,-5486079.150863978
2025-12-12 01:00:00,0.0,0.10463245202744172,0.12231351494394233,-5693355.761051337
2025-12-12 02:00:00,0.0,0.15921894541746917,0.12232807999970624,-5231907.467714995
2025-12-12 03:00:00,0.0,0.11900449424173992,0.12234269015915493,-5275549.313129945
2025-12-12 04:00:00,0.0,0.12046316146384702,0.12235734541477207,-5252774.458319509
2025-12-12 05:00:00,0.0,0.10223807889616872,0.1223720457590181,-5444891.587876729
2025-12-12 06:00:00,0.0,0.1078037194567575,0.12238679118433031,-5354457.722246968
2025-12-12 07:00:00,0.0011721821137300483,0.12489559219574278,0.12240158168312276,-5017707.5957529675
2025-12-12 08:00:00,0.002264481953531927,0.11221729530515326,0.12241641724778633,-5011584.404066422
2025-12-12 09:00:00,0.0032024610904339717,0.13285730873279408,0.12243129787068872,-5313423.320022827
2025-12-12 10:00:00,0.003922197796340124,0.10249000157782025,0.12244622354417442,-4818097.228473915
2025-12-12 11:00:00,0.004374643204164021,0.12257694799209673,0.12246119426056482,-5056540.505087403
2025-12-12 12:00:00,0.004528963907063854,0.11204063695998426,0.12247621001215805,-4812415.494848648
2025-12-12 13:00:00,0.004374643204164021,0.1083564013938876,0.1224912707912291,-5085534.74855281
2025-12-12 14:00:00,0.003922197796340124,0.10099484904780844,0.12250637659002984,-4706431.361383464
2025-12-12 15:00:00,0.0032024610904339726,0.14706327872109665,0.1225215274007889,-5041023.425650757
2025-12-12 16:00:00,0.002264481953531927,0.1243141038104169,0.12253672321571185,-5208031.319117259
2025-12-12 17:00:00,0.0011721821137300496,0.12472184766889195,0.122551964026981,-5235439.964035617
2025-12-12 18:00:00,5.54638115223964e-19,0.14528062901819194,0.1225672498267556,-4925082.132598684
2025-12-12 19:00:00,0.0,0.12067395914686521,0.1225825806071717,-5334911.885932895
2025-12-12 20:00:00,0.0,0.1441110597514024,0.12259795636034225,-5265365.2827998325
2025-12-12 21:00:00,0.0,0.15555938684922224,0.12261337707835702,-5290811.1332902415
2025-12-12 22:00:00,0.0,0.10598199662794466,0.12262884275328267,-5329879.041846803
2025-12-12 23:00:00,0.0,0.1446331039548507,0.12264435337716273,-5621695.160479404
2025-12-13 00:00:00,0.0,0.1486130587037666,0.12265990894201761,-5234049.069344887
2025-12-13 01:00:00,0.0,0.1534022177051566,0.12267550943984463,-5861595.046531489
2025-12-13 02:00:00,0.0,0.10987770982807803,0.12269115486261792,-5392944.141082968
2025-12-13 03:00:00,0.0,0.13503240827978905,0.12270684520228853,-5553082.48101146
2025-12-13 04:00:00,0.0,0.13751874292875463,0.12272258045078445,-5452823.069377215
2025-12-13 05:00:00,0.0,0.13264544631613878,0.12273836060001049,-5482991.740462861
2025-12-13 06:00:00,0.0,0.10622919907480631,0.12275418564184842,-5180448.97738299
2025-12-13 07:00:00,0.0009199397888224763,0.1501406067667632,0.12277005556815686,-5200895.717718977
2025-12-13 08:00:00,0.0017771872013090826,0.1272245490476484,0.12278597037077141,-5078154.021009043
2025-12-13 09:00:00,0.0025133222429671886,0.10982746763298858,0.1228019300415045,-4997920.035702747
2025-12-13 10:00:00,0.00307817852722847,0.1639135239059091,0.12281793457214556,-5322574.203500778
2025-12-13 11:00:00,0.003433262031789666,0.14916317843674526,0.12283398395446088,-4998223.26887808
2025-12-13 12:00:00,0.0035543744026181657,0.1094948406087059,0.12285007818019371,-5008418.630954102
2025-12-13 13:00:00,0.003433262031789666,0.13414092345779557,0.1228662172410642,-4789067.159669992
2025-12-13 14:00:00,0.00307817852722847,0.12492166653720173,0.12288240112876947,-5286550.98597449
2025-12-13 15:00:00,0.002513322242967189,0.12856797786532995,0.12289862983498354,-4791344.635600197
2025-12-13 16:00:00,0.0017771872013090826,0.13878060209988594,0.12291490335135738,-5078179.299361423
2025-12-13 17:00:00,0.0009199397888224772,0.16309327251652814,0.12293122166951895,-5028981.355871242
2025-12-13 18:00:00,4.352853235137622e-19,0.14110639280441284,0.12294758478107312,-5083496.236500121
2025-12-13 19:00:00,0.0,0.12167569551069493,0.12296399267760173,-4861875.411654615
2025-12-13 20:00:00,0.0,0.12161083898561302,0.12298044535066355,-5460459.509502864
2025-12-13 21:00:00,0.0,0.10905254001825458,0.12299694279179438,-5130978.790439863
2025-12-13 22:00:00,0.0,0.16201808761149852,0.12301348499250693,-5436125.046010795
2025-12-13 23:00:00,0.0,0.11682246768183932,0.12303007194429089,-5244271.582112732
2025-12-14 00:00:00,0.0,0.12640415965057072,0.12304670363861296,-5382605.867263157
2025-12-14 01:00:00,0.0,0.1581240932383099,0.12306338006691679,-5452690.989835133
2025-12-14 02:00:00,0.0,0.1405089592203662,0.12308010122062303,-5261290.019607321
2025-12-14 03:00:00,0.0,0.13375256136971175,0.1230968670911293,-5545824.454858128
2025-12-14 04:00:00,0.0,0.14762075176056558,0.12311367766981024,-5338451.780296596
2025-12-14 05:00:00,0.0,0.13919927863686318,0.12313053294801748,-5401101.079293561
2025-12-14 06:00:00,0.0,0.11639051053593102,0.12314743291707969,-5539339.922497088
2025-12-14 07:00:00,0.0006981023334360766,0.13040179273774238,0.12316437756830248,-5224802.030192522
2025-12-14 08:00:00,0.0013486301465171378,0.1447836925055997,0.12318136689296852,-5150435.133951282
2025-12-14 09:00:00,0.0019072510438297508,0.16420173735488208,0.12319840088233747,-5202957.6173212165
2025-12-14 10:00:00,0.002335895934386742,0.12922642877750587,0.12321547952764604,-5066988.357311113
2025-12-14 11:00:00,0.0026053533772658274,0.1269741142920799,0.12323260282010794,-4813998.905947256
2025-12-14 12:00:00,0.002697260293034276,0.1648439666523702,0.12324977075091395,-4966064.269783732
2025-12-14 13:00:00,0.0026053533772658274,0.10714421362129663,0.12326698331123181,-4647987.270923282
2025-12-14 14:00:00,0.002335895934386742,0.13008266568265026,0.12328424049220638,-4553564.426218806
2025-12-14 15:00:00,0.001907251043829751,0.1375554272509504,0.12330154228495954,-5296644.709171025
2025-12-14 16:00:00,0.0013486301465171378,0.12383068562452447,0.12331888868059021,-4508799.080396348
2025-12-14 17:00:00,0.0006981023334360773,0.11917326855306543,0.12333627967017434,-5082512.494063103
2025-12-14 18:00:00,3.3031911843316783e-19,0.13335321869079927,0.123353715244765,-5317887.967910745
2025-12-14 19:00:00,0.0,0.14254751128334325,0.12337119539539224,-5497800.508860615
2025-12-14 20:00:00,0.0,0.11017211723496699,0.12338872011306326,-5420554.857967267
2025-12-14 21:00:00,0.0,0.12790251526906665,0.1234062893887623,-5738435.279899643
2025-12-14 22:00:00,0.0,0.1577614290663494,0.12342390321345068,-5291919.590957115
2025-12-14 23:00:00,0.0,0.16972431480572522,0.12344156157806674,-5355498.680215243
2025-12-15 00:00:00,0.0,0.16015547016566603,0.12345926447352601,-5140739.59391394
2025-12-15 01:00:00,0.0,0.14911728928548262,0.12347701189072102,-5520699.832650789
2025-12-15 02:00:00,0.0,0.13873101909629118,0.12349480382052148,-5723244.908454277
2025-12-15 03:00:00,0.0,0.11573638062473018,0.12351264025377415,-5623744.694244051
2025-12-15 04:00:00,0.0,0.11679268678645266,0.12353052118130288,-5477292.765548021
2025-12-15 05:00:00,0.0,0.1073238719786334,0.12354844659390866,-5309701.9320243485
2025-12-15 06:00:00,0.0,0.11906698932292863,0.12356641648236957,-5414445.266889432
2025-12-15 07:00:00,0.0005067354827965585,0.16173084890196665,0.12358443083744083,-5111630.878478281
2025-12-15 08:00:00,0.0009789377798605113,0.14268704360985882,0.12360248964985483,-5291341.349195545
2025-12-15 09:00:00,0.0013844270849981426,0.14347582561186373,0.12362059291032094,-5054972.817819455
2025-12-15 10:00:00,0.0016955699721670826,0.11973203844955987,0.12363874060952582,-4997981.180656924
2025-12-15 11:00:00,0.0018911625677947013,0.16739740622111143,0.1236569327381332,-4746545.235303417
2025-12-15 12:00:00,0.001957875559721023,0.14178132598546722,0.12367516928678396,-4878374.943512214
2025-12-15 13:00:00,0.0018911625677947013,0.1417978319491296,0.1236934502460961,-4416210.454227106
2025-12-15 14:00:00,0.001695569972167083,0.16295371032340492,0.12371177560666484,-5391652.13979475
2025-12-15 15:00:00,0.0013844270849981428,0.1429473386989848,0.12373014535906252,-5076643.771455967
2025-12-15 16:00:00,0.0009789377798605113,0.1476261384178648,0.12374855949383859,-5004867.142906632
2025-12-15 17:00:00,0.000506735482796559,0.14970791677818143,0.12376701800151974,-4983399.170387708
2025-12-15 18:00:00,2.3977060373411836e-19,0.12689043264779026,0.12378552087260983,-5117063.932981547
2025-12-15 19:00:00,0.0,0.12409855475494697,0.12380406809758984,-5075885.413606719
2025-12-15 20:00:00,0.0,0.11398510058246294,0.123822659666918,-5347160.861818405
2025-12-15 21:00:00,0.0,0.1297855640903802,0.12384129557102967,-5447181.0363498805
2025-12-15 22:00:00,0.0,0.10981043168388878,0.12385997580033745,-5252960.1043375
2025-12-15 23:00:00,0.0,0.11006297687605941,0.12387870034523109,-5711795.820851518
2025-12-16 00:00:00,0.0,0.12320780740056309,0.12389746919607758,-5602277.219810374
2025-12-16 01:00:00,0.0,0.1460928826026376,0.12391628234322108,-5584476.534718821
2025-12-16 02:00:00,0.0,0.1255130895114499,0.12393513977698299,-5628773.506451451
2025-12-16 03:00:00,0.0,0.15035000389648742,0.12395404148766193,-5726825.462802014
2025-12-16 04:00:00,0.0,0.11588365324459468,0.1239729874655337,-5417835.575706495
2025-12-16 05:00:00,0.0,0.1376628286316575,0.12399197770085137,-5100062.045849186
2025-12-16 06:00:00,0.0,0.1359728508375255,0.12401101218384523,-5539695.857031273
2025-12-16 07:00:00,0.00034589594303176637,0.1352481968494918,0.12403009090472279,-5222736.377631069
2025-12-16 08:00:00,0.0006682196491659908,0.16491795258607958,0.12404921385366884,-5107825.119072148
2025-12-16 09:00:00,0.0009450052904947355,0.14230832061887252,0.12406838102084536,-5177731.067332662
2025-12-16 10:00:00,0.0011573903829713464,0.16309306787412617,0.12408759239639164,-4996605.920732605
2025-12-16 11:00:00,0.0012909012335265023,0.13080426044468577,0.12410684797042416,-4795365.804779242
2025-12-16 12:00:00,0.0013364392983319818,0.11161212189854283,0.12412614773303672,-4602213.504740785
2025-12-16 13:00:00,0.0012909012335265023,0.1650167494456056,0.1241454916743004,-4817256.445084471
2025-12-16 14:00:00,0.0011573903829713466,0.12125849994493532,0.12416487978426344,-4922221.03301658
2025-12-16 15:00:00,0.0009450052904947358,0.1651412171671522,0.12418431205295151,-5053238.688837231
2025-12-16 16:00:00,0.0006682196491659908,0.16814101708810783,0.12420378847036745,-4877827.870283493
2025-12-16 17:00:00,0.00034589594303176675,0.1428991383518597,0.12422330902649145,-5097138.670594109
2025-12-16 18:00:00,1.6366661089569962e-19,0.1608774711284299,0.12424287371128094,-5182648.880445914
2025-12-16 19:00:00,0.0,0.16854394336871964,0.1242624825146707,-5228618.421789857
2025-12-16 20:00:00,0.0,0.1467023631543048,0.12428213542657275,-5326826.717301158
2025-12-16 21:00:00,0.0,0.13657191204179875,0.1243018324368765,-5494831.831077541
2025-12-16 22:00:00,0.0,0.15021818673281842,0.12432157353544862,-5006432.874333494
2025-12-16 23:00:00,0.0,0.15961451617347014,0.12434135871213303,-5482340.461455048
2025-12-17 00:00:00,0.0,0.17761457337550712,0.12436118795675118,-5438906.179571301
2025-12-17 01:00:00,0.0,0.11877760222607849,0.1243810612591016,-5599563.695635963
2025-12-17 02:00:00,0.0,0.136201500826628,0.12440097860896036,-5564610.008699075
2025-12-17 03:00:00,0.0,0.14126476931035487,0.12442093999608077,-5607236.535471784
2025-12-17 04:00:00,0.0,0.1199896631745756,0.12444094541019346,-5608602.338125293
2025-12-17 05:00:00,0.0,0.11947769788458912,0.12446099484100646,-4990598.879584252
2025-12-17 06:00:00,0.0,0.17696314867513024,0.12448108827820517,-5584368.315315307
2025-12-17 07:00:00,0.0002156313743685435,0.14146249564579108,0.12450122571145229,-5081181.346906768
2025-12-17 08:00:00,0.0004165678269215655,0.17745151158626982,0.12452140713038791,-4811925.109948135
2025-12-17 09:00:00,0.0005891158704807661,0.1619352490442849,0.12454163252462955,-5250718.718188195
2025-12-17 10:00:00,0.00072151664102671,0.16121067355585345,0.12456190188377199,-4868080.270879286
2025-12-17 11:00:00,0.0008047472448493097,0.15213973671591235,0.1245822151973875,-4924094.3331848495
2025-12-17 12:00:00,0.0008331356538431312,0.1513728741367069,0.1246025724550257,-4809356.868365604
2025-12-17 13:00:00,0.0008047472448493097,0.1533117687442154,0.12462297364621361,-4838565.669587431
2025-12-17 14:00:00,0.0007215166410267101,0.1220986852228984,0.1246434187604556,-4935682.292710055
2025-12-17 15:00:00,0.0005891158704807662,0.13565668061028602,0.12466390778723348,-5049539.389300955
2025-12-17 16:00:00,0.0004165678269215655,0.1670688646730819,0.12468444071600647,-5108893.492299752
2025-12-17 17:00:00,0.00021563137436854372,0.1370502755972674,0.12470501753621123,-5164454.600660949
2025-12-17 18:00:00,1.0202969117345278e-19,0.15001834553096188,0.1247256382372618,-4852862.780157671
2025-12-17 19:00:00,0.0,0.157777111566165,0.1247463028085496,-5435360.014902976
2025-12-17 20:00:00,0.0,0.1530167431544918,0.12476701123944363,-5080341.868664293
2025-12-17 21:00:00,0.0,0.17818886129149678,0.12478776351929018,-5458018.695970404
2025-12-17 22:00:00,0.0,0.16532220036854983,0.12480855963741305,-5685530.412634172
2025-12-17 23:00:00,0.0,0.11962186194068275,0.12482939958311345,-5558684.112315925
2025-12-18 00:00:00,0.0,0.1617183687048198,0.12485028334567012,-5410729.093911215
2025-12-18 01:00:00,0.0,0.13046028789991188,0.12487121091433913,-5362365.052244443
2025-12-18 02:00:00,0.0,0.13080596632640323,0.12489218227835414,-5717121.565167462
2025-12-18 03:00:00,0.0,0.17624470425534325,0.12491319742692616,-5472392.354042622
2025-12-18 04:00:00,0.0,0.17799934042121177,0.12493425634924384,-5194957.054258616
2025-12-18 05:00:00,0.0,0.14881757120988442,0.1249553590344731,-5378248.871768463
2025-12-18 06:00:00,0.0,0.18094342275543904,0.12497650547175752,-5321394.606306264
2025-12-18 07:00:00,0.00011598037700994388,0.1821100844330592,0.12499769565021811,-5259327.5698842965
2025-12-18 08:00:00,0.00022405688299329538,0.15277511421665638,0.12501892955895336,-5158933.573454134
2025-12-18 09:00:00,0.00031686428267216,0.12427652349932095,0.1250402071870393,-4867123.260589424
2025-12-18 10:00:00,0.00038807790512990274,0.15007860992243208,0.12506152852352936,-4905791.661468902
2025-12-18 11:00:00,0.00043284465968210396,0.13277435116698263,0.12508289355745467,-5301225.500107102
2025-12-18 12:00:00,0.0004481137659865908,0.17771134748763248,0.12510430227782374,-4948596.170585087
2025-12-18 13:00:00,0.00043284465968210396,0.14584466778063113,0.1251257546736226,-4836542.506034806
2025-12-18 14:00:00,0.0003880779051299028,0.1322048487608526,0.1251472507338149,-4918193.2247577505
2025-12-18 15:00:00,0.0003168642826721601,0.12573187882556675,0.12516879044734178,-5118473.381164715
2025-12-18 16:00:00,0.00022405688299329538,0.12930316473315376,0.1251903738031219,-5436219.77667354
2025-12-18 17:00:00,0.000115980377009944,0.1611636884564234,0.1252120007900515,-5190449.717625238
2025-12-18 18:00:00,5.487810891693445e-20,0.13789127700576095,0.12523367139700436,-5458165.264593916
2025-12-18 19:00:00,0.0,0.15323267799496326,0.12525538561283184,-5352152.646941842
2025-12-18 20:00:00,0.0,0.16568969811172587,0.1252771434263628,-5679316.928567727
2025-12-18 21:00:00,0.0,0.1336941565317484,0.1252989448264038,-5391058.089094538
2025-12-18 22:00:00,0.0,0.14502418097882327,0.1253207898017388,-5775795.345308095
2025-12-18 23:00:00,0.0,0.14535406631808181,0.12534267834112953,-5138442.371522102
2025-12-19 00:00:00,0.0,0.1279985322487313,0.12536461043331512,-5708013.3544545965
2025-12-19 01:00:00,0.0,0.14153152705933247,0.12538658606701245,-5554851.206784901
2025-12-19 02:00:00,0.0,0.14735705864680795,0.12540860523091593,-5458500.133332925
2025-12-19 03:00:00,0.0,0.12126260579135358,0.12543066791369756,-5541673.459750175
2025-12-19 04:00:00,0.0,0.17643800066686735,0.12545277410400701,-5831136.27096711
2025-12-19 05:00:00,0.0,0.14985967467380057,0.12547492379047148,-5365406.966330983
2025-12-19 06:00:00,0.0,0.15261116372894887,0.12549711696169594,-5361476.010374009
2025-12-19 07:00:00,4.697247969710316e-05,0.15353559685068302,0.12551935360626282,-5092144.7121041985
2025-12-19 08:00:00,9.074386252854171e-05,0.17752125614400513,0.12554163371273225,-4852681.038404561
2025-12-19 09:00:00,0.00012833120108998337,0.16604819937121465,0.12556395726964203,-4999519.610772997
2025-12-19 10:00:00,0.00015717298037447986,0.12780644335614166,0.1255863242655076,-4872173.054072125
2025-12-19 11:00:00,0.00017530368078708656,0.18360217720972516,0.125608734688822,-4898834.083144705
2025-12-19 12:00:00,0.00018148772505708344,0.15941040979446422,0.125631188528056,-4772892.006942955
2025-12-19 13:00:00,0.00017530368078708656,0.13500241547417005,0.12565368577165803,-4757272.457752492
2025-12-19 14:00:00,0.00015717298037447989,0.16094773671673634,0.1256762264080541,-4677820.750721311
2025-12-19 15:00:00,0.0001283312010899834,0.17527444658610544,0.12569881042564796,-4979860.2787741115
2025-12-19 16:00:00,9.074386252854171e-05,0.165858448006699,0.1257214378128211,-5159448.837202576
2025-12-19 17:00:00,4.697247969710322e-05,0.12955793735496648,0.12574410855793258,-5204914.573982076
2025-12-19 18:00:00,2.2225836157569213e-20,0.14538520002980718,0.1257668226493192,-5387911.438097492
2025-12-19 19:00:00,0.0,0.1891947129627172,0.12578958007529553,-4888452.619835105
2025-12-19 20:00:00,0.0,0.16935249666220148,0.12581238082415375,-5311312.386340682
2025-12-19 21:00:00,0.0,0.180031130525748,0.12583522488416382,-5345980.711547689
2025-12-19 22:00:00,0.0,0.1502853549088092,0.12585811224357335,-5517944.090360487
2025-12-19 23:00:00,0.0,0.1708373198917097,0.12588104289060773,-5440643.625173436
2025-12-20 00:00:00,0.0,0.17190772934603743,0.12590401681347005,-5552243.244691596
2025-12-20 01:00:00,0.0,0.14471043577406917,0.12592703400034116,-5648172.325801189
2025-12-20 02:00:00,0.0,0.14293849007373816,0.12595009443937963,-5488615.895412899
2025-12-20 03:00:00,0.0,0.13100212046418813,0.12597319811872182,-5087066.38379742
2025-12-20 04:00:00,0.0,0.12109323172892317,0.12599634502648174,-5351042.564651227
2025-12-20 05:00:00,0.0,0.16060969768725977,0.12601953515075134,-5525347.221863316
2025-12-20 06:00:00,0.0,0.12909354979606275,0.12604276847960016,-5625714.646343074
2025-12-20 07:00:00,8.628130959319648e-06,0.1868815880840443,0.1260660450010756,-5490381.686154173
2025-12-20 08:00:00,1.6668269052422245e-05,0.13518223307828156,0.12608936470320284,-4986273.646745738
2025-12-20 09:00:00,2.357249215521928e-05,0.15650693397453705,0.1261127275739848,-5438589.039493073
2025-12-20 10:00:00,2.8870288873023277e-05,0.14754209326662213,0.12613613360140224,-5003064.9413571535
2025-12-20 11:00:00,3.2200623114538933e-05,0.13877727045776114,0.12615958277341371,-4985808.649623247
2025-12-20 12:00:00,3.33365381048445e-05,0.16069782387439774,0.12618307507795554,-4900323.867658024
2025-12-20 13:00:00,3.2200623114538933e-05,0.13144873567404858,0.12620661050294185,-4967574.638696128
2025-12-20 14:00:00,2.887028887302328e-05,0.15342821056632128,0.12623018903626468,-4884095.837747451
2025-12-20 15:00:00,2.3572492155219282e-05,0.1903875202070904,0.12625381066579372,-4735696.099832134
2025-12-20 16:00:00,1.6668269052422245e-05,0.17890948811312254,0.1262774753793767,-4848404.417644762
2025-12-20 17:00:00,8.628130959319658e-06,0.1932563843509558,0.126301183164839,-5000625.948382216
2025-12-20 18:00:00,4.082548468475158e-21,0.16476312250730238,0.12632493400998393,-4826563.899583694
2025-12-20 19:00:00,0.0,0.12480663386202732,0.12634872790259266,-4660386.385793014
2025-12-20 20:00:00,0.0,0.13096494189767036,0.12637256483042417,-5065128.17908021
2025-12-20 21:00:00,0.0,0.12402477887592665,0.12639644478121528,-5474312.759562987
2025-12-20 22:00:00,0.0,0.15607972173667617,0.12642036774268078,-5131565.559446329
2025-12-20 23:00:00,0.0,0.17628367335958162,0.12644433370251323,-5828442.56208565
2025-12-21 00:00:00,0.0,0.1504465962961392,0.12646834264838308,-5534110.515091986
2025-12-21 01:00:00,0.0,0.13755099408745974,0.12649239456793873,-5535256.481312915
2025-12-21 02:00:00,0.0,0.1480400097516454,0.12651648944880645,-5642766.28802886
2025-12-21 03:00:00,0.0,0.15743589439813363,0.12654062727859036,-5629879.01954109
2025-12-21 04:00:00,0.0,0.15157996179770114,0.12656480804487252,-5604420.025707324
2025-12-21 05:00:00,0.0,0.1517220067832517,0.12658903173521288,-5677328.493766389
2025-12-21 06:00:00,0.0,0.19208768804473633,0.12661329833714935,-5362143.479432346
2025-12-21 07:00:00,9.58693054667584e-07,0.14208019967209953,0.12663760783819772,-5167281.465157348
2025-12-21 08:00:00,1.8520527619747537e-06,0.18391930900140707,0.12666196022585174,-5167808.414317478
2025-12-21 09:00:00,2.619198134215247e-06,0.18190250023426682,0.12668635548758303,-4731832.744787853
2025-12-21 10:00:00,3.2078494820385427e-06,0.17180135090306095,0.1267107936108413,-4958461.788850176
2025-12-21 11:00:00,3.5778911888828314e-06,0.16645986549197359,0.12673527458305406,-4892760.069459889
2025-12-21 12:00:00,3.7041055239495083e-06,0.15436427430221944,0.12675979839162682,-4899378.165103419
2025-12-21 13:00:00,3.5778911888828314e-06,0.1933788736351529,0.1267843650239431,-4929497.770424309
2025-12-21 14:00:00,3.2078494820385427e-06,0.14558028827497516,0.12680897446736436,-4376676.10946025
2025-12-21 15:00:00,2.619198134215247e-06,0.1489525489402209,0.12683362670923,-5304630.9891610565
2025-12-21 16:00:00,1.8520527619747537e-06,0.14228869909193573,0.12685832173685746,-5259558.829487291
2025-12-21 17:00:00,9.58693054667585e-07,0.175347508459501,0.1268830595375421,-5150933.078463641
2025-12-21 18:00:00,4.536220973608795e-22,0.184946754964582,0.12690784009855732,-5435256.784040793
2025-12-21 19:00:00,0.0,0.167836332358644,0.12693266340715456,-5342089.254212874
2025-12-21 20:00:00,0.0,0.14560954345976412,0.12695752945056313,-5409988.681878956
2025-12-21 21:00:00,0.0,0.19035654716974892,0.12698243821599056,-5306041.656731035
2025-12-21 22:00:00,0.0,0.1284953061347141,0.12700738969062222,-5707794.751972971
2025-12-21 23:00:00,0.0,0.15868763129197655,0.12703238386162163,-5921606.778693241
2025-12-22 00:00:00,0.0,0.1677328076061576,0.12705742071613024,-5594857.1298918445
2025-12-22 01:00:00,0.0,0.17970543175803927,0.1270825002412676,-5836139.238778588
2025-12-22 02:00:00,0.0,0.17309271894513423,0.12710762242413134,-5133569.407730768
2025-12-22 03:00:00,0.0,0.1507928948289559,0.12713278725179705,-5841932.752063808
2025-12-22 04:00:00,0.0,0.12781668292617798,0.1271579947113185,-5863745.034152312
2025-12-22 05:00:00,0.0,0.18090911594312664,0.1271832447897274,-5115758.499346948
2025-12-22 06:00:00,0.0,0.19332417999508295,0.12720853747403363,-5272656.686368863
2025-12-22 07:00:00,2.3966438603108003e-05,0.13392745566162395,0.1272338727512251,-5308611.701068421
2025-12-22 08:00:00,4.629960402182664e-05,0.15190332895041517,0.12725925060826787,-4815894.4238263285
2025-12-22 09:00:00,6.547752794017114e-05,0.13564745743382872,0.12728467103210603,-4972085.3083994435
2025-12-22 10:00:00,8.019326653612409e-05,0.13569597559045954,0.12731013400966176,-5139125.763879827
2025-12-22 11:00:00,8.944396654327915e-05,0.146566329263141,0.12733563952783544,-5142270.122921919
2025-12-22 12:00:00,9.25992080436533e-05,0.14780946596118993,0.12736118757350542,-4941168.578351509
2025-12-22 13:00:00,8.944396654327915e-05,0.13116640067854535,0.1273867781335283,-5049797.327297883
2025-12-22 14:00:00,8.019326653612409e-05,0.1608983357046136,0.1274124111947388,-4812635.219102683
2025-12-22 15:00:00,6.547752794017115e-05,0.19929923264275995,0.1274380867439497,-4720199.401823457
2025-12-22 16:00:00,4.629960402182664e-05,0.1424975447139041,0.12746380476795194,-5178016.356771301
2025-12-22 17:00:00,2.396643860310803e-05,0.14938678447237944,0.1274895652535147,-5500154.021016812
2025-12-22 18:00:00,1.1340132373423984e-20,0.17291363420149966,0.12751536818738518,-5289312.593755171
2025-12-22 19:00:00,0.0,0.15955654621279763,0.12754121355628883,-5512176.213744309
2025-12-22 20:00:00,0.0,0.18133665389217016,0.12756710134692922,-5743121.669307353
2025-12-22 21:00:00,0.0,0.17070202204568144,0.12759303154598817,-5101299.337494126
2025-12-22 22:00:00,0.0,0.1542801828982794,0.1276190041401256,-5452356.942194082
2025-12-22 23:00:00,0.0,0.13868117171051503,0.12764501911597967,-5440495.929571091
2025-12-23 00:00:00,0.0,0.20019241095963256,0.12767107646016668,-5584091.976459464
2025-12-23 01:00:00,0.0,0.1894818783843238,0.12769717615928117,-5638415.773791041
2025-12-23 02:00:00,0.0,0.14389335368939993,0.12772331819989596,-5870064.481435109
2025-12-23 03:00:00,0.0,0.16739768542152622,0.12774950256856196,-5597521.266640797
2025-12-23 04:00:00,0.0,0.14764915044918278,0.1277757292518084,-5724134.586892629
2025-12-23 05:00:00,0.0,0.12872975189346367,0.1278019982361427,-5690549.801316383
2025-12-23 06:00:00,0.0,0.14474350973172206,0.12782830950805046,-5653088.783395717
2025-12-23 07:00:00,7.764454991309709e-05,0.1734297379700147,0.12785466305399568,-5422957.6162565155
2025-12-23 08:00:00,0.00014999775206330223,0.15741531768099035,0.12788105886042045,-5034192.281721774
2025-12-23 09:00:00,0.00021212885529339894,0.17265054046527126,0.12790749691374517,-5085351.715269324
2025-12-23 10:00:00,0.0002598037275947589,0.17623959443430123,0.12793397720036861,-4985863.098262561
2025-12-23 11:00:00,0.000289773405206496,0.17251032531816704,0.12796049970666765,-4953798.077651385
2025-12-23 12:00:00,0.0002999955041266045,0.19953813765964,0.12798706441899757,-5256245.006233251
2025-12-23 13:00:00,0.000289773405206496,0.17132645830037893,0.12801367132369187,-4755650.249008021
2025-12-23 14:00:00,0.00025980372759475893,0.13443310178572168,0.12804032040706237,-5022511.340350061
2025-12-23 15:00:00,0.00021212885529339894,0.1900657514256569,0.1280670116553992,-4959990.50621268
2025-12-23 16:00:00,0.00014999775206330223,0.1729521163167881,0.1280937450549707,-5141611.788747772
2025-12-23 17:00:00,7.764454991309719e-05,0.15510237980373,0.12812052059202372,-5248038.324372466
2025-12-23 18:00:00,3.673885338872428e-20,0.1988333992496093,0.1281473382527833,-5057671.917544331
2025-12-23 19:00:00,0.0,0.14842624638645,0.12817419802345278,-4966479.593684791
2025-12-23 20:00:00,0.0,0.17844390904000076,0.12820109989021386,-5288298.545128799
2025-12-23 21:00:00,0.0,0.20018924918183642,0.12822804383922676,-5464595.066780429
2025-12-23 22:00:00,0.0,0.1736743624996879,0.12825502985662973,-5393632.734635995
2025-12-23 23:00:00,0.0,0.13426684252362522,0.12828205792853964,-5605922.415548327
2025-12-24 00:00:00,0.0,0.20532355454356813,0.12830912804105163,-5958537.273503391
2025-12-24 01:00:00,0.0,0.17147521977178157,0.12833624018023918,-5710834.632895234
2025-12-24 02:00:00,0.0,0.1336298273088774,0.12836339433215418,-5802743.6030713
2025-12-24 03:00:00,0.0,0.1940293828332729,0.12839059048282694,-5318494.642053833
2025-12-24 04:00:00,0.0,0.19034173323597173,0.12841782861826612,-5834805.649708648
2025-12-24 05:00:00,0.0,0.1757188096054677,0.12844510872445875,-5204028.027665625
2025-12-24 06:00:00,0.0,0.1680388987312781,0.12847243078737036,-5631685.765205183
2025-12-24 07:00:00,0.00016197712100178406,0.1584181690853766,0.12849979479294485,-5471444.101915349
2025-12-24 08:00:00,0.00031291576888714534,0.19367836479824685,0.12852720072710452,-5162847.783349939
2025-12-24 09:00:00,0.0004425297242406059,0.19225034388741638,0.12855464857575014,-5078186.866345751
2025-12-24 10:00:00,0.0005419860102020163,0.13708018432062608,0.12858213832476084,-5218247.134916781
2025-12-24 11:00:00,0.0006045068452423901,0.16419785406872311,0.12860966995999426,-5232353.130729562
2025-12-24 12:00:00,0.0006258315377742907,0.18453461265921428,0.12863724346728653,-5014176.803387297
2025-12-24 13:00:00,0.0006045068452423901,0.1791069963131996,0.12866485883245213,-4992656.05787602
2025-12-24 14:00:00,0.0005419860102020163,0.1868528076889481,0.12869251604128407,-4879881.759946102
2025-12-24 15:00:00,0.00044252972424060595,0.14691543445642508,0.12872021507955383,-4993051.794866065
2025-12-24 16:00:00,0.00031291576888714534,0.13715069095053617,0.12874795593301142,-5184301.203059455
2025-12-24 17:00:00,0.00016197712100178422,0.16931248112216127,0.12877573858738522,-4869391.984246289
2025-12-24 18:00:00,7.664225895407511e-20,0.1434540508753477,0.12880356302838222,-5068985.67589705
2025-12-24 19:00:00,0.0,0.15257882385315935,0.12883142924168775,-5297637.07154919
2025-12-24 20:00:00,0.0,0.1492392558287561,0.12885933721296594,-5289577.178574316
2025-12-24 21:00:00,0.0,0.20205400391808995,0.1288872869278591,-5544203.382852141
2025-12-24 22:00:00,0.0,0.13443053437525587,0.12891527837198832,-5406287.590173355
2025-12-24 23:00:00,0.0,0.16526069558444242,0.1289433115309531,-5736198.527231288
2025-12-25 00:00:00,0.0,0.16424825628855486,0.12897138639033146,-5739614.599649287
2025-12-25 01:00:00,0.0,0.16021465253661796,0.12899950293568002,-5699183.70447138
2025-12-25 02:00:00,0.0,0.1768823074094522,0.12902766115253403,-5617920.878237255
2025-12-25 03:00:00,0.0,0.15276953897179088,0.12905586102640715,-5251900.48127826
2025-12-25 04:00:00,0.0,0.17863134708096412,0.12908410254279168,-5523139.551401797
2025-12-25 05:00:00,0.0,0.13502287231554164,0.1291123856871585,-5490690.874459001
2025-12-25 06:00:00,0.0,0.13881710938587014,0.12914071044495706,-5474036.2007244285
2025-12-25 07:00:00,0.00027693916230829275,0.20648073336670986,0.1291690768016154,-5425264.688814673
2025-12-25 08:00:00,0.0005350053783688801,0.17056208053297425,0.12919748474254023,-5293333.44711686
2025-12-25 09:00:00,0.0007566118620318195,0.1460416262194629,0.1292259342531167,-5177792.159387059
2025-12-25 10:00:00,0.0009266564976575116,0.14524642278188274,0.12925442531870876,-4992503.842263445
2025-12-25 11:00:00,0.0010335510243401126,0.1337473771299599,0.12928295792465888,-5236945.168374198
2025-12-25 12:00:00,0.0010700107567377605,0.15017881657430768,0.12931153205628818,-4991817.861047715
2025-12-25 13:00:00,0.0010335510243401126,0.16525084339087578,0.1293401476988964,-4882485.588481788
2025-12-25 14:00:00,0.0009266564976575118,0.2133675094789772,0.12936880483776195,-4929516.6520445645
2025-12-25 15:00:00,0.0007566118620318198,0.16321970129149263,0.12939750345814188,-4674956.270406892
2025-12-25 16:00:00,0.0005350053783688801,0.1633878288313318,0.1294262435452719,-4694879.703673671
2025-12-25 17:00:00,0.000276939162308293,0.21066941911379095,0.12945502508436643,-5155405.689423383
2025-12-25 18:00:00,1.3103852482921355e-19,0.200907124022198,0.12948384806061847,-5380026.587933779
2025-12-25 19:00:00,0.0,0.14290388275169183,0.1295127124591997,-5624585.038461944
2025-12-25 20:00:00,0.0,0.13527513845778374,0.1295416182652607,-5335431.852405922
2025-12-25 21:00:00,0.0,0.21113344441407494,0.1295705654639305,-5575902.562782407
2025-12-25 22:00:00,0.0,0.20999255411084303,0.12959955404031687,-5299229.5368336
2025-12-25 23:00:00,0.0,0.20489155553936284,0.12962858397950647,-5587288.510491228
2025-12-26 00:00:00,0.0,0.16081795943011687,0.1296576552665645,-5152195.194164298
2025-12-26 01:00:00,0.0,0.1741751681267743,0.129686767886535,-5605791.718543318
2025-12-26 02:00:00,0.0,0.16854135282686972,0.12971592182444058,-5810526.720153252
2025-12-26 03:00:00,0.0,0.15465065436524184,0.12974511706528286,-5784047.698015497
2025-12-26 04:00:00,0.0,0.15275891502720668,0.12977435359404194,-5533983.751327944
2025-12-26 05:00:00,0.0,0.1704909120751919,0.12980363139567683,-5205943.738063423
2025-12-26 06:00:00,0.0,0.1872943592821955,0.12983295045512527,-5418260.931730318
2025-12-26 07:00:00,0.0004224966080987193,0.1770024932027289,0.1298623107573038,-5459581.103057362
2025-12-26 08:00:00,0.0008162007705641681,0.1875448588460741,0.12989171228710777,-5319074.52644666
2025-12-26 09:00:00,0.0011542821993512176,0.18696298219583657,0.1299211550294112,-4996109.963896273
2025-12-26 10:00:00,0.0014137012037940076,0.2149124701816804,0.129950638969067,-4976302.292611537
2025-12-26 11:00:00,0.001576778807449937,0.20243761136461247,0.1299801640909069,-4996080.81027929
2025-12-26 12:00:00,0.0016324015411283367,0.17618383005192778,0.13000973037974134,-4881966.033778973
2025-12-26 13:00:00,0.001576778807449937,0.19219037915119308,0.1300393378203597,-4981489.337143935
2025-12-26 14:00:00,0.0014137012037940078,0.18186362947150142,0.13006898639753015,-4721642.109363535
2025-12-26 15:00:00,0.0011542821993512178,0.17792726367504602,0.13009867609599962,-5108176.475242146
2025-12-26 16:00:00,0.0008162007705641681,0.15053155600151938,0.13012840690049401,-4858882.820299955
2025-12-26 17:00:00,0.00042249660809871983,0.1667656928267038,0.13015817879571803,-4939951.939102559
2025-12-26 18:00:00,1.999115322266024e-19,0.19825264830784356,0.1301879917663552,-5184349.412615277
2025-12-26 19:00:00,0.0,0.14601693804091162,0.13021784579706794,-4998678.118097089
2025-12-26 20:00:00,0.0,0.17379865904251518,0.13024774087249757,-5437491.6044240035
2025-12-26 21:00:00,0.0,0.20692410074611198,0.13027767697726425,-5900857.667132647
2025-12-26 22:00:00,0.0,0.21770929235331923,0.1303076540959671,-5265732.5262143435
2025-12-26 23:00:00,0.0,0.18395436251190034,0.13033767221318399,-5527736.904125771
2025-12-27 00:00:00,0.0,0.16792903533989875,0.13036773131347193,-5844539.189871185
2025-12-27 01:00:00,0.0,0.2039307052419221,0.13039783138136662,-5383919.075583246
2025-12-27 02:00:00,0.0,0.2014117630034638,0.13042797240138287,-5597466.724015135
2025-12-27 03:00:00,0.0,0.16918742643372645,0.13045815435801428,-5381016.611910606
2025-12-27 04:00:00,0.0,0.21578435210993843,0.13048837723573348,-5316130.578141304
2025-12-27 05:00:00,0.0,0.16361239008075606,0.13051864101899197,-5488049.099707439
2025-12-27 06:00:00,0.0,0.2108358881080454,0.13054894569222028,-5277507.892343876
2025-12-27 07:00:00,0.0005986063265604781,0.20906145596712197,0.13057929123982787,-5311748.505301815
2025-12-27 08:00:00,0.0011564186212095872,0.15595670497647224,0.13060967764620313,-5206043.659281187
2025-12-27 09:00:00,0.0016354228978953931,0.14299541543272473,0.13064010489571354,-4951883.171362049
2025-12-27 10:00:00,0.0020029758067537534,0.1735253261559814,0.1306705729727054,-4842376.003466082
2025-12-27 11:00:00,0.0022340292244558716,0.16431384857526232,0.13070108186150423,-5031379.189636758
2025-12-27 12:00:00,0.0023128372424191745,0.16322964694046593,0.13073163154641437,-4850167.241039474
2025-12-27 13:00:00,0.0022340292244558716,0.1630722837827972,0.13076222201171925,-5060656.6025796775
2025-12-27 14:00:00,0.0020029758067537534,0.17368862196759777,0.13079285324168127,-4928861.301042882
2025-12-27 15:00:00,0.0016354228978953935,0.18751867763601435,0.13082352522054191,-4800481.563720764
2025-12-27 16:00:00,0.0011564186212095872,0.1449822768344359,0.13085423793252168,-4838296.421803993
2025-12-27 17:00:00,0.0005986063265604788,0.15451855165119494,0.1308849913618201,-4935881.350936062
2025-12-27 18:00:00,2.832408725877433e-19,0.14031576019450914,0.1309157854926158,-5235173.308946839
2025-12-27 19:00:00,0.0,0.14085455365990843,0.13094662030906637,-5424256.828808895
2025-12-27 20:00:00,0.0,0.20380941516101553,0.1309774957953086,-5145511.895028832
2025-12-27 21:00:00,0.0,0.18170401375686623,0.13100841193545826,-5839745.372995595
2025-12-27 22:00:00,0.0,0.21839127666409022,0.13103936871361027,-5563543.984078064
2025-12-27 23:00:00,0.0,0.18007519220502902,0.13107036611383857,-5574760.646540039
2025-12-28 00:00:00,0.0,0.22120481233382114,0.13110140412019625,-5771829.431122967
2025-12-28 01:00:00,0.0,0.19320184760106418,0.13113248271671554,-5928039.620010237
2025-12-28 02:00:00,0.0,0.15299035124134827,0.1311636018874077,-5372415.479942902
2025-12-28 03:00:00,0.0,0.17187737230547076,0.13119476161626312,-5466682.881536315
2025-12-28 04:00:00,0.0,0.15965012327595193,0.13122596188725147,-5675590.778340344
2025-12-28 05:00:00,0.0,0.2082651408423675,0.13125720268432145,-5679992.99716303
2025-12-28 06:00:00,0.0,0.16498167715955722,0.13128848399140083,-5488745.190618706
2025-12-28 07:00:00,0.0008052161325832485,0.21806476936825175,0.13131980579239677,-5425021.393053802
2025-12-28 08:00:00,0.0015555581164135245,0.21289450458396852,0.13135116807119537,-4906879.3147998
2025-12-28 09:00:00,0.0021998913852915524,0.1564404171245038,0.13138257081166202,-5198382.671706636
2025-12-28 10:00:00,0.0026943056917543666,0.16882378986933305,0.13141401399764127,-5128194.229461374
2025-12-28 11:00:00,0.003005107517874801,0.22177122793231344,0.13144549761295687,-4764497.179915558
2025-12-28 12:00:00,0.0031111162328270494,0.1917270604030916,0.13147702164141173,-4983286.98277692
2025-12-28 13:00:00,0.003005107517874801,0.21723400716704652,0.13150858606678803,-5121577.289237275
2025-12-28 14:00:00,0.002694305691754367,0.21297869040559583,0.13154019087284713,-5090347.905943958
2025-12-28 15:00:00,0.0021998913852915524,0.17812481472789107,0.1315718360433296,-4868893.4645274645
2025-12-28 16:00:00,0.0015555581164135245,0.18805894387041253,0.13160352156195534,-5203381.885938542
2025-12-28 17:00:00,0.0008052161325832494,0.14370822273527198,0.13163524741242338,-4790906.842970013
2025-12-28 18:00:00,3.8100185363070177e-19,0.20493217598360597,0.13166701357841204,-5222086.135407903
2025-12-28 19:00:00,0.0,0.19998940287144354,0.1316988200435789,-5387151.33268982
2025-12-28 20:00:00,0.0,0.18723123444125708,0.13173066679156084,-5159654.118994419
2025-12-28 21:00:00,0.0,0.2106749119001029,0.13176255380597396,-5336154.395276593
2025-12-28 22:00:00,0.0,0.19866119402408508,0.13179448107041364,-5619053.438990736
2025-12-28 23:00:00,0.0,0.17310174168393683,0.13182644856845466,-5875034.147563853
2025-12-29 00:00:00,0.0,0.16411136486909808,0.13185845628365092,-5666666.779986216
2025-12-29 01:00:00,0.0,0.15030740900043826,0.13189050419953582,-5389648.571744008
2025-12-29 02:00:00,0.0,0.16847519686927262,0.13192259229962203,-5861541.562707267
2025-12-29 03:00:00,0.0,0.17188913294273173,0.1319547205674014,-5444728.741502468
2025-12-29 04:00:00,0.0,0.2185957599408879,0.13198688898634528,-5519255.98838426
2025-12-29 05:00:00,0.0,0.14409684330115638,0.13201909753990432,-5410692.827560362
2025-12-29 06:00:00,0.0,0.20232262110985863,0.13205134621150844,-5349634.091302802
2025-12-29 07:00:00,0.0010422648032224894,0.22093668178829926,0.1320836349845671,-5245546.13563045
2025-12-29 08:00:00,0.002013500982529392,0.18796169919013567,0.13211596384246896,-5458312.330474673
2025-12-29 09:00:00,0.002847520397344619,0.14927226629745904,0.13214833276858215,-5269003.754837321
2025-12-29 10:00:00,0.0034874860028307622,0.21297603629138115,0.13218074174625413,-5014573.181721708
2025-12-29 11:00:00,0.0038897852005671087,0.17635558938176188,0.13221319075881174,-5033949.311488983
2025-12-29 12:00:00,0.004027001965058785,0.1464397684382698,0.13224567978956137,-5110689.7549489215
2025-12-29 13:00:00,0.0038897852005671087,0.22645602238023937,0.13227820882178867,-5157161.128028999
2025-12-29 14:00:00,0.003487486002830763,0.17500863571868602,0.13231077783875872,-4936803.535226122
2025-12-29 15:00:00,0.00284752039734462,0.19247957032093213,0.1323433868237161,-4983614.389738193
2025-12-29 16:00:00,0.002013500982529392,0.2183418274955924,0.13237603575988482,-5011141.363508297
2025-12-29 17:00:00,0.0010422648032224905,0.149842441576273,0.13240872463046827,-5343258.842723558
2025-12-29 18:00:00,4.931655066669343e-19,0.1912735551997152,0.13244145341864935,-5259397.503672588
2025-12-29 19:00:00,0.0,0.2053038936733403,0.1324742221075904,-5122503.0901785875
2025-12-29 20:00:00,0.0,0.17143128251730483,0.13250703068043326,-5299719.7245145235
2025-12-29 21:00:00,0.0,0.21993119355715315,0.13253987912029924,-5188295.766291482
2025-12-29 22:00:00,0.0,0.18298774717552788,0.13257276741028917,-5608545.8851381745
2025-12-29 23:00:00,0.0,0.1865179832444455,0.13260569553348328,-5589272.394776643
2025-12-30 00:00:00,0.0,0.18534622521946026,0.1326386634729414,-5703240.174781765
2025-12-30 01:00:00,0.0,0.23049297307439923,0.13267167121170284,-5755533.212682289
2025-12-30 02:00:00,0.0,0.16335321120494628,0.13270471873278644,-5563687.652900599
2025-12-30 03:00:00,0.0,0.1955348306562663,0.1327378060191906,-5606381.804494432
2025-12-30 04:00:00,0.0,0.15215984244674977,0.13277093305389323,-5424875.880506954
2025-12-30 05:00:00,0.0,0.16732093563220704,0.13280409981985178,-5484941.029769487
2025-12-30 06:00:00,0.0,0.19351372331481678,0.1328373063000033,-5123796.831770041
2025-12-30 07:00:00,0.001309682095841152,0.14674374469658388,0.13287055247726437,-4965589.759865876
2025-12-30 08:00:00,0.0025301115212027266,0.2037079054524655,0.13290383833453115,-4829476.369236927
2025-12-30 09:00:00,0.0035781180276013187,0.18941516038317052,0.1329371638546795,-4666207.618500506
2025-12-30 10:00:00,0.0043822817035385035,0.16873670606242694,0.13297052902056467,-5210335.783267559
2025-12-30 11:00:00,0.004887800123442472,0.22542231933698748,0.13300393381502165,-4912306.3320112
2025-12-30 12:00:00,0.005060223042405454,0.21632111164193776,0.13303737822086506,-4739237.34522352
2025-12-30 13:00:00,0.004887800123442472,0.23302746791602713,0.13307086222088904,-4598642.363755868
2025-12-30 14:00:00,0.004382281703538504,0.19209340494760016,0.13310438579786743,-4821161.511270202
2025-12-30 15:00:00,0.0035781180276013196,0.14791524349479096,0.13313794893455366,-4898572.485535196
2025-12-30 16:00:00,0.0025301115212027266,0.1638150471312178,0.13317155161368094,-4922962.444286649
2025-12-30 17:00:00,0.0013096820958411533,0.14986441835609163,0.13320519381796195,-5212447.985981109
2025-12-30 18:00:00,6.196985951853521e-19,0.1969258402320271,0.1332388755300892,-5071440.6751053175
2025-12-30 19:00:00,0.0,0.17757359414611593,0.1332725967327347,-5432963.383741174
2025-12-30 20:00:00,0.0,0.2230067707776708,0.13330635740855035,-5255676.767251466
2025-12-30 21:00:00,0.0,0.2092795386506299,0.13334015754016756,-5567932.3732484905
2025-12-30 22:00:00,0.0,0.15855687946440616,0.13337399711019757,-5449757.379134025
2025-12-30 23:00:00,0.0,0.20380812887485109,0.13340787610123125,-5732795.4895500075
2025-12-31 00:00:00,0.0,0.1791888468281785,0.13344179449583918,-5734556.550730243
2025-12-31 01:00:00,0.0,0.19263482467517926,0.1334757522765718,-5561914.999122031
2025-12-31 02:00:00,0.0,0.1527050114327307,0.13350974942595914,-6091152.433362837
2025-12-31 03:00:00,0.0,0.14847494201844436,0.13354378592651103,-5475284.0943512125
2025-12-31 04:00:00,0.0,0.20125177172746175,0.13357786176071706,-5165235.91374885
2025-12-31 05:00:00,0.0,0.20720651854894115,0.13361197691104662,-5367974.985745549
2025-12-31 06:00:00,0.0,0.1565842902139413,0.13364613135994877,-5411158.063313719
2025-12-31 07:00:00,0.0016073887689240865,0.23706538407844238,0.13368032508985245,-5209343.640328533
2025-12-31 08:00:00,0.003105236649581533,0.1665256193982998,0.13371455808316637,-5219014.959258141
2025-12-31 09:00:00,0.004391467784216194,0.19280536549002036,0.13374883032227894,-5101125.736365869
2025-12-31 10:00:00,0.005378427646600169,0.19557979832081943,0.1337831417895586,-5023631.694144519
2025-12-31 11:00:00,0.005998856553140281,0.16488560065937027,0.13381749246735336,-5147130.195861423
2025-12-31 12:00:00,0.006210473299163067,0.236356816710581,0.1338518823379913,-4910067.793252955
2025-12-31 13:00:00,0.005998856553140281,0.21112465031007857,0.13388631138378013,-5049303.77586576
2025-12-31 14:00:00,0.00537842764660017,0.2069728527026289,0.1339207795870075,-5126870.923917542
2025-12-31 15:00:00,0.004391467784216194,0.22382694642419632,0.1339552869299409,-5166405.81888026
2025-12-31 16:00:00,0.003105236649581533,0.15480344165201884,0.13398983339482767,-5115388.321252128
2025-12-31 17:00:00,0.0016073887689240882,0.18760775130387858,0.1340244189638951,-5139419.240576558
2025-12-31 18:00:00,7.605636247010151e-19,0.20685439899727628,0.13405904361935025,-4976735.897232481
2025-12-31 19:00:00,0.0,0.18769388715728647,0.13409370734338014,-5079302.194084102
2025-12-31 20:00:00,0.0,0.16283803249547502,0.13412841011815163,-5497379.2608363805
2025-12-31 21:00:00,0.0,0.1607384467629794,0.1341631519258116,-5596507.366169765
2025-12-31 22:00:00,0.0,0.16880195260648972,0.1341979327484868,-5710872.518294046
2025-12-31 23:00:00,0.0,0.22005516910552517,0.1342327525682838,-5127227.466137402
