time,pv,wind,hydro,demand
2025-01-01 00:00:00,0.0,0.12561177642283333,0.1342676113672893,-1703196.8402794152
2025-01-01 01:00:00,0.0,0.13874842039071034,0.13430250912756977,-1764068.4394055316
2025-01-01 02:00:00,0.0,0.18753843753247343,0.13433744583117174,-1706482.1784783679
2025-01-01 03:00:00,0.0,0.17502887832281255,0.1343724214601217,-1685898.475136507
2025-01-01 04:00:00,0.0,0.19790753837900812,0.13440743599642604,-1601974.7608060169
2025-01-01 05:00:00,0.0,0.16913129034992974,0.13444248942207127,-1543952.772141153
2025-01-01 06:00:00,0.0,0.20000523751757326,0.13447758171902371,-1573920.7974403966
2025-01-01 07:00:00,0.001814340567711621,0.17723467376939908,0.13451271286922986,-1600756.1570657247
2025-01-01 08:00:00,0.0035050368240732493,0.17122854221785505,0.1345478828546161,-1562792.8413862663
2025-01-01 09:00:00,0.00495687061322151,0.19557055706168272,0.13458309165708893,-1490463.752872887
2025-01-01 10:00:00,0.006070901861694726,0.16511545040174583,0.13461833925853478,-1498141.258411684
2025-01-01 11:00:00,0.006771211180933132,0.19872849560581377,0.13465362564082023,-1492689.2669945168
2025-01-01 12:00:00,0.0070100736481465,0.15109255279734185,0.13468895078579182,-1492990.809882753
2025-01-01 13:00:00,0.006771211180933132,0.1847995289320954,0.13472431467527618,-1476165.732982907
2025-01-01 14:00:00,0.006070901861694726,0.19224344052869147,0.13475971729108002,-1555377.0433796025
2025-01-01 15:00:00,0.00495687061322151,0.17182728168770017,0.1347951586149901,-1564715.0636634044
2025-01-01 16:00:00,0.0035050368240732493,0.1901097111192015,0.1348306386287733,-1470387.3724626163
2025-01-01 17:00:00,0.0018143405677116232,0.16205995645126672,0.13486615731417656,-1538616.6424683398
2025-01-01 18:00:00,8.584864254989821e-19,0.18696745322906677,0.13490171465292697,-1561728.6299854608
2025-01-01 19:00:00,0.0,0.19391982166529872,0.13493731062673164,-1618531.5413713814
2025-01-01 20:00:00,0.0,0.20012267107975446,0.13497294521727796,-1651678.514527319
2025-01-01 21:00:00,0.0,0.192627949643844,0.1350086184062333,-1669373.0188316305
2025-01-01 22:00:00,0.0,0.17554713554454796,0.13504433017524525,-1628800.0350350637
2025-01-01 23:00:00,0.0,0.18801289257535297,0.13508008050594156,-1761276.5936803976
2025-01-02 00:00:00,0.0,0.1635073467793098,0.1351158693799301,-1744516.8763694789
2025-01-02 01:00:00,0.0,0.134186190765637,0.1351516967787989,-1754795.7145100674
2025-01-02 02:00:00,0.0,0.18405040272929243,0.13518756268411625,-1688001.483597289
2025-01-02 03:00:00,0.0,0.13979792965780466,0.13522346707743055,-1753959.331108378
2025-01-02 04:00:00,0.0,0.17220003933952888,0.13525940994027044,-1728715.7535638816
2025-01-02 05:00:00,0.0,0.16072833022051944,0.13529539125414478,-1665740.0603242714
2025-01-02 06:00:00,0.0,0.137738219932908,0.1353314110005426,-1714907.6304192375
2025-01-02 07:00:00,0.0021499766621036432,0.1288527076746487,0.1353674691609332,-1613221.543714937
2025-01-02 08:00:00,0.004153435967689348,0.16387312881956861,0.13540356571676612,-1442765.3038614197
2025-01-02 09:00:00,0.005873845475954497,0.1492573892610502,0.13543970064947108,-1494239.1538556255
2025-01-02 10:00:00,0.0071939621220219584,0.15317605182878466,0.13547587394045815,-1467921.9639344257
2025-01-02 11:00:00,0.008023822138058141,0.19873541635810626,0.1355120855711176,-1486580.1270025389
2025-01-02 12:00:00,0.008306871935378699,0.19233326022447522,0.13554833552282003,-1487974.7622337914
2025-01-02 13:00:00,0.008023822138058141,0.1854057509522846,0.13558462377691627,-1508026.5021056652
2025-01-02 14:00:00,0.007193962122021959,0.13807036097838668,0.13562095031473748,-1494747.3157520697
2025-01-02 15:00:00,0.005873845475954499,0.1435569332388462,0.1356573151175951,-1525610.3621357523
2025-01-02 16:00:00,0.004153435967689348,0.15931433760639896,0.13569371816678089,-1498213.233343939
2025-01-02 17:00:00,0.0021499766621036454,0.15117748320294946,0.13573015944356698,-1588856.7435860895
2025-01-02 18:00:00,1.01729841265885e-18,0.14520988362645393,0.13576663892920574,-1549486.1132388848
2025-01-02 19:00:00,0.0,0.1620959128452279,0.13580315660493,-1682814.479328461
2025-01-02 20:00:00,0.0,0.16191179352399931,0.13583971245195284,-1593371.7677073018
2025-01-02 21:00:00,0.0,0.19973664161491375,0.13587630645146775,-1660034.945433764
2025-01-02 22:00:00,0.0,0.16669223162224467,0.13591293858464862,-1688267.3962491185
2025-01-02 23:00:00,0.0,0.19600059856397764,0.13594960883264964,-1609728.5423899777
2025-01-03 00:00:00,0.0,0.18853378576151236,0.13598631717660548,-1776742.051988877
2025-01-03 01:00:00,0.0,0.12956062641725827,0.1360230635976311,-1813474.067337711
2025-01-03 02:00:00,0.0,0.14465607725133522,0.13605984807682203,-1680385.1320322577
2025-01-03 03:00:00,0.0,0.165717688969751,0.1360966705952541,-1748342.01184004
2025-01-03 04:00:00,0.0,0.15289666044506456,0.13613353113398358,-1649775.8738478255
2025-01-03 05:00:00,0.0,0.18397317320737971,0.1361704296740472,-1624954.2090953614
2025-01-03 06:00:00,0.0,0.19366508752382194,0.13620736619646218,-1625228.3496533923
2025-01-03 07:00:00,0.0025137357978240213,0.1620513394695298,0.13624434068222613,-1630941.3402344997
2025-01-03 08:00:00,0.004856164655171156,0.14810136127758033,0.13628135311231715,-1579875.1267705155
2025-01-03 09:00:00,0.006867653916459914,0.14677697511350732,0.13631840346769386,-1496288.2533070955
2025-01-03 10:00:00,0.00841112391267664,0.18699808498162104,0.13635549172929531,-1594913.6087301397
2025-01-03 11:00:00,0.009381389714283936,0.14433410604982408,0.13639261787804113,-1557570.617576771
2025-01-03 12:00:00,0.009712329310342313,0.13179013967322953,0.13642978189483135,-1503421.3253324316
2025-01-03 13:00:00,0.009381389714283936,0.1901596552125867,0.1364669837605466,-1448238.6310298382
2025-01-03 14:00:00,0.008411123912676642,0.1889782506091079,0.136504223456048,-1545409.6484837255
2025-01-03 15:00:00,0.0068676539164599145,0.14229119586868677,0.13654150096217726,-1639834.6887393454
2025-01-03 16:00:00,0.004856164655171156,0.15536171618560782,0.13657881625975654,-1511406.9739680039
2025-01-03 17:00:00,0.002513735797824024,0.14976273627014988,0.13661616932958867,-1529624.6888564269
2025-01-03 18:00:00,1.1894173002175735e-18,0.17066180401864056,0.13665356015245694,-1585626.422202653
2025-01-03 19:00:00,0.0,0.1680360898302062,0.13669098870912533,-1598801.534664458
2025-01-03 20:00:00,0.0,0.16735583150685615,0.1367284549803383,-1699921.2114288653
2025-01-03 21:00:00,0.0,0.16564346363570592,0.136765958946821,-1657803.0941511418
2025-01-03 22:00:00,0.0,0.20337993661885792,0.1368035005892791,-1753383.111498591
2025-01-03 23:00:00,0.0,0.17567039597305578,0.13684107988839897,-1731728.5029641152
2025-01-04 00:00:00,0.0,0.1801543880121192,0.13687869682484755,-1738870.1318087305
2025-01-04 01:00:00,0.0,0.18941764436877193,0.1369163513792724,-1677705.3637873733
2025-01-04 02:00:00,0.0,0.21045918293736118,0.13695404353230187,-1749978.394244393
2025-01-04 03:00:00,0.0,0.13450689890726536,0.13699177326454476,-1785357.9314884818
2025-01-04 04:00:00,0.0,0.1782266321807307,0.13702954055659067,-1612733.847743153
2025-01-04 05:00:00,0.0,0.1326845211927196,0.13706734538900983,-1727659.631392725
2025-01-04 06:00:00,0.0,0.17023228764198461,0.13710518774235317,-1619286.924749948
2025-01-04 07:00:00,0.0029055101851902703,0.181088185285775,0.13714306759715236,-1555478.4293236383
2025-01-04 08:00:00,0.0056130146528424315,0.20653800813280587,0.1371809849339197,-1564138.3069542265
2025-01-04 09:00:00,0.007938001447848677,0.15069283514823922,0.13721893973314825,-1575234.7578800155
2025-01-04 10:00:00,0.009722026562351676,0.20657274773220513,0.13725693197531177,-1517150.538803962
2025-01-04 11:00:00,0.01084351163303895,0.15061583771677056,0.1372949616408648,-1535486.1981301885
2025-01-04 12:00:00,0.011226029305684865,0.13978981269843135,0.13733302871024258,-1556421.1385786014
2025-01-04 13:00:00,0.01084351163303895,0.1794143251441917,0.13737113316386115,-1487053.243899133
2025-01-04 14:00:00,0.009722026562351677,0.13308631986132502,0.1374092749821173,-1500392.1036772006
2025-01-04 15:00:00,0.007938001447848678,0.2037876579371333,0.1374474541453886,-1532343.9011118363
2025-01-04 16:00:00,0.0056130146528424315,0.16803294555671558,0.13748567063403336,-1509286.7330637581
2025-01-04 17:00:00,0.0029055101851902737,0.13816597142486034,0.1375239244283908,-1509787.5139727835
2025-01-04 18:00:00,1.3747920856341352e-18,0.1917102403387449,0.1375622155087808,-1754294.2231110216
2025-01-04 19:00:00,0.0,0.1454061505081782,0.1376005438555042,-1544505.7671336974
2025-01-04 20:00:00,0.0,0.21170179779938839,0.13763890944884255,-1547030.7877188001
2025-01-04 21:00:00,0.0,0.18999077733992,0.13767731226905833,-1632088.8666187765
2025-01-04 22:00:00,0.0,0.1904605795933903,0.13771575229639482,-1651315.4159616195
2025-01-04 23:00:00,0.0,0.19240302894088568,0.13775422951107616,-1659263.4357568256
2025-01-05 00:00:00,0.0,0.13564222174058913,0.13779274389330737,-1640073.962991388
2025-01-05 01:00:00,0.0,0.14195686152874282,0.13783129542327438,-1657144.2749181825
2025-01-05 02:00:00,0.0,0.15824443372584093,0.13786988408114392,-1665670.1044338662
2025-01-05 03:00:00,0.0,0.18220470693214927,0.1379085098470637,-1794896.4829918535
2025-01-05 04:00:00,0.0,0.13986597785775295,0.13794717270116233,-1736345.4473099182
2025-01-05 05:00:00,0.0,0.21291763788982382,0.13798587262354928,-1598980.0308758607
2025-01-05 06:00:00,0.0,0.1894087777587951,0.13802460959431503,-1661276.145172797
2025-01-05 07:00:00,0.003325183732996232,0.1766092126971174,0.13806338359353096,-1692963.1202853865
2025-01-05 08:00:00,0.006423761689714707,0.19419425274749424,0.1381021946012494,-1567735.145503019
2025-01-05 09:00:00,0.00908457090304725,0.18207889551030257,0.13814104259750362,-1532216.9078279063
2025-01-05 10:00:00,0.011126281622300376,0.1912295233136299,0.1381799275623079,-1449758.6710637568
2025-01-05 11:00:00,0.012409754636043484,0.15192861279022163,0.1382188494756575,-1490059.5403266214
2025-01-05 12:00:00,0.012847523379429418,0.1647583851141566,0.13825780831752865,-1547339.2744121298
2025-01-05 13:00:00,0.012409754636043484,0.1776679198009682,0.13829680406787856,-1425570.4092465108
2025-01-05 14:00:00,0.011126281622300378,0.1500017809435435,0.13833583670664554,-1523482.2217547682
2025-01-05 15:00:00,0.009084570903047252,0.2148820259381808,0.13837490621374882,-1532660.7005428337
2025-01-05 16:00:00,0.006423761689714707,0.1782833689993616,0.13841401256908872,-1590775.7331096984
2025-01-05 17:00:00,0.003325183732996236,0.1471968083818779,0.13845315575254658,-1508177.8830017624
2025-01-05 18:00:00,1.5733678383589023e-18,0.18342502185133852,0.1384923357439848,-1577963.5168676078
2025-01-05 19:00:00,0.0,0.19145947463932403,0.1385315525232469,-1579444.415686774
2025-01-05 20:00:00,0.0,0.1919721863434657,0.13857080607015732,-1617102.95379396
2025-01-05 21:00:00,0.0,0.19971981231725705,0.1386100963645218,-1693559.9962499863
2025-01-05 22:00:00,0.0,0.2018634825272209,0.13864942338612693,-1698561.2360166432
2025-01-05 23:00:00,0.0,0.21371423394847378,0.13868878711474064,-1671253.695315707
2025-01-06 00:00:00,0.0,0.19511169155669142,0.13872818753011187,-1663304.8835149356
2025-01-06 01:00:00,0.0,0.16975615240630626,0.13876762461197062,-1703144.6343754947
2025-01-06 02:00:00,0.0,0.18301821694724874,0.13880709834002813,-1751594.4359754662
2025-01-06 03:00:00,0.0,0.20094970352674826,0.13884660869397675,-1694370.5702825836
2025-01-06 04:00:00,0.0,0.13612199948323678,0.13888615565349,-1697885.0768531135
2025-01-06 05:00:00,0.0,0.14255898003466558,0.13892573919822254,-1665012.190144241
2025-01-06 06:00:00,0.0,0.13692025503423702,0.13896535930781026,-1570423.8504976097
2025-01-06 07:00:00,0.0037726320829123954,0.2156843755622157,0.13900501596187012,-1583412.8764634684
2025-01-06 08:00:00,0.007288165523943608,0.18073830120334716,0.13904470914000044,-1540739.4409528624
2025-01-06 09:00:00,0.010307022528781067,0.20998935171451336,0.13908443882178068,-1595999.127224161
2025-01-06 10:00:00,0.01262347298144218,0.2051922382973149,0.13912420498677144,-1503941.3518785439
2025-01-06 11:00:00,0.014079654611693464,0.18591571300695311,0.1391640076145147,-1490569.2830473315
2025-01-06 12:00:00,0.01457633104788722,0.17637718490725884,0.13920384668453353,-1518280.6683244042
2025-01-06 13:00:00,0.014079654611693464,0.1701833243217179,0.1392437221763324,-1394097.3874245766
2025-01-06 14:00:00,0.01262347298144218,0.21679551726647722,0.13928363406939692,-1624183.698105953
2025-01-06 15:00:00,0.010307022528781068,0.1993732781885658,0.13932358234319406,-1455211.9337154354
2025-01-06 16:00:00,0.007288165523943608,0.1799300949371265,0.139363566977172,-1547100.6782792406
2025-01-06 17:00:00,0.0037726320829123998,0.15101890223942901,0.13940358795076027,-1610557.032705974
2025-01-06 18:00:00,1.785085716110727e-18,0.21669238637553206,0.1394436452433697,-1603490.3013695974
2025-01-06 19:00:00,0.0,0.178304770342379,0.13948373883439236,-1698339.0184470701
2025-01-06 20:00:00,0.0,0.2009283444090001,0.13952386870320177,-1562686.4510575987
2025-01-06 21:00:00,0.0,0.14328964042211262,0.1395640348291527,-1697213.4985941015
2025-01-06 22:00:00,0.0,0.1465155352672099,0.1396042371915813,-1719257.681072728
2025-01-06 23:00:00,0.0,0.18538229451824706,0.13964447576980507,-1633258.879670507
2025-01-07 00:00:00,0.0,0.17849249901810282,0.13968475054312285,-1670519.3500967561
2025-01-07 01:00:00,0.0,0.16577001079286663,0.1397250614908149,-1773826.1077731834
2025-01-07 02:00:00,0.0,0.14803396749733863,0.13976540859214284,-1704790.944087223
2025-01-07 03:00:00,0.0,0.13915476029429868,0.13980579182634975,-1738595.1327029434
2025-01-07 04:00:00,0.0,0.13852280259168925,0.13984621117266002,-1778359.929346322
2025-01-07 05:00:00,0.0,0.19941381064768265,0.13988666661027957,-1602107.5913837727
2025-01-07 06:00:00,0.0,0.16602383832196868,0.13992715811839565,-1611301.1083485018
2025-01-07 07:00:00,0.004247722646335958,0.17189516070801994,0.13996768567617704,-1618276.1239159547
2025-01-07 08:00:00,0.008205970014017695,0.17183952296530447,0.14000824926277394,-1570927.254793526
2025-01-07 09:00:00,0.011604994086250762,0.14118352532902698,0.140048848857318,-1538292.5492671304
2025-01-07 10:00:00,0.01421315698966534,0.15278148655101004,0.14008948443892233,-1527992.547450443
2025-01-07 11:00:00,0.015852716732586723,0.1990835474037706,0.1401301559866816,-1572591.3673212398
2025-01-07 12:00:00,0.016411940028035393,0.14071580987116442,0.14017086347967192,-1566071.577005925
2025-01-07 13:00:00,0.015852716732586723,0.18093148077034318,0.14021160689695092,-1615106.8670526945
2025-01-07 14:00:00,0.014213156989665344,0.14135711316947802,0.14025238621755773,-1582611.6891059566
2025-01-07 15:00:00,0.011604994086250764,0.1929604309826823,0.14029320142051302,-1517922.9716044688
2025-01-07 16:00:00,0.008205970014017695,0.15984324039993023,0.140334052484819,-1524854.610528053
2025-01-07 17:00:00,0.004247722646335963,0.18515001132785378,0.1403749393894595,-1612464.1298056557
2025-01-07 18:00:00,2.0098829823131863e-18,0.1679025371248065,0.1404158621133998,-1584217.7878148253
2025-01-07 19:00:00,0.0,0.15960480775293914,0.14045682063558676,-1512908.4218893533
2025-01-07 20:00:00,0.0,0.21798934697105526,0.14049781493494895,-1596541.0016235257
2025-01-07 21:00:00,0.0,0.22326931853149395,0.1405388449903964,-1696498.637692551
2025-01-07 22:00:00,0.0,0.14810142246900526,0.1405799107808208,-1601439.062835415
2025-01-07 23:00:00,0.0,0.1906897196998518,0.14062101228509546,-1663593.309489569
2025-01-08 00:00:00,0.0,0.19743003478469973,0.14066214948207528,-1721358.1681161043
2025-01-08 01:00:00,0.0,0.16999612433015784,0.14070332235059682,-1705339.465599903
2025-01-08 02:00:00,0.0,0.21230366244153864,0.14074453086947833,-1829379.0167846214
2025-01-08 03:00:00,0.0,0.1723179890852125,0.14078577501751965,-1693577.6020208502
2025-01-08 04:00:00,0.0,0.18160243877955098,0.14082705477350232,-1704611.1045260616
2025-01-08 05:00:00,0.0,0.18596037469782145,0.1408683701161896,-1595603.532410293
2025-01-08 06:00:00,0.0,0.1540163741017957,0.14090972102432636,-1651876.5012707768
2025-01-08 07:00:00,0.00475031464367968,0.18439061802583454,0.14095110747663925,-1579796.9211692149
2025-01-08 08:00:00,0.009176903194658711,0.19032697415364952,0.14099252945183655,-1570311.1667596162
2025-01-08 09:00:00,0.012978100958471333,0.18555946164447557,0.14103398692860838,-1470029.2996926564
2025-01-08 10:00:00,0.015894862589290033,0.16291246887287494,0.1410754798856265,-1445583.838426225
2025-01-08 11:00:00,0.017728415602151017,0.1853642759842922,0.14111700830154442,-1607847.094992755
2025-01-08 12:00:00,0.018353806389317426,0.15774351272607076,0.14115857215499747,-1465540.138909248
2025-01-08 13:00:00,0.017728415602151017,0.22532466910950172,0.14120017142460276,-1433328.6840232124
2025-01-08 14:00:00,0.015894862589290036,0.18412873081856987,0.14124180608895903,-1473670.285404546
2025-01-08 15:00:00,0.012978100958471336,0.15502694226838523,0.141283476126647,-1451947.4903224907
2025-01-08 16:00:00,0.009176903194658711,0.18120333855262907,0.14132518151622908,-1523578.3734802052
2025-01-08 17:00:00,0.004750314643679685,0.22412555611391127,0.1413669222362495,-1540934.2185486222
2025-01-08 18:00:00,2.2476930246847827e-18,0.22418166195997738,0.1414086982652344,-1537769.2370977132
2025-01-08 19:00:00,0.0,0.1819335592499114,0.1414505095816916,-1534542.0084977527
2025-01-08 20:00:00,0.0,0.14994172635875308,0.1414923561641109,-1565415.7719104555
2025-01-08 21:00:00,0.0,0.1470676262314621,0.14153423799096396,-1710249.6284515227
2025-01-08 22:00:00,0.0,0.17820580521158466,0.14157615504070417,-1735169.9543580038
2025-01-08 23:00:00,0.0,0.14888819185246413,0.14161810729176694,-1745935.944391562
2025-01-09 00:00:00,0.0,0.174502005679257,0.14166009472256955,-1715308.355535554
2025-01-09 01:00:00,0.0,0.18210262702236718,0.14170211731151108,-1737858.2295965967
2025-01-09 02:00:00,0.0,0.16802427645309032,0.14174417503697262,-1727757.4727495085
2025-01-09 03:00:00,0.0,0.21851850724475488,0.1417862678773172,-1657986.9751375448
2025-01-09 04:00:00,0.0,0.22167028811531772,0.14182839581088968,-1697634.9493214462
2025-01-09 05:00:00,0.0,0.20287722366227448,0.14187055881601698,-1666996.3181310154
2025-01-09 06:00:00,0.0,0.1803106723071996,0.1419127568710079,-1682655.9213837727
2025-01-09 07:00:00,0.005280259146087929,0.15467684535234635,0.14195498995415323,-1644757.2392315026
2025-01-09 08:00:00,0.010200677357410785,0.21867429739928945,0.1419972580437258,-1546980.1944958423
2025-01-09 09:00:00,0.014425936264242477,0.16400389475996166,0.14203956111798027,-1631966.7379999948
2025-01-09 10:00:00,0.017668091454652913,0.18207200663516124,0.14208189915515348,-1484035.6285325512
2025-01-09 11:00:00,0.019706195410330408,0.19765791354457254,0.14212427213346418,-1405943.475544838
2025-01-09 12:00:00,0.020401354714821573,0.161632163056973,0.1421666800311132,-1556187.3385280638
2025-01-09 13:00:00,0.019706195410330408,0.14676138448859016,0.14220912282628337,-1410777.2791702526
2025-01-09 14:00:00,0.017668091454652916,0.17997570462130716,0.14225160049713953,-1511927.699986358
2025-01-09 15:00:00,0.014425936264242479,0.1908470838625717,0.1422941130218287,-1533527.6609543764
2025-01-09 16:00:00,0.010200677357410785,0.16914340747636578,0.14233666037847983,-1536006.2269754894
2025-01-09 17:00:00,0.005280259146087934,0.17758615061203978,0.14237924254520404,-1699630.2542097715
2025-01-09 18:00:00,2.4984453749776004e-18,0.17669481648618485,0.14242185950009453,-1622065.1402186386
2025-01-09 19:00:00,0.0,0.14441597363333458,0.14246451122122653,-1611471.6713921789
2025-01-09 20:00:00,0.0,0.1824120627498007,0.14250719768665748,-1638538.9364471151
2025-01-09 21:00:00,0.0,0.19439327626844696,0.14254991887442692,-1685613.524095907
2025-01-09 22:00:00,0.0,0.147348151096846,0.1425926747625565,-1710378.3597476897
2025-01-09 23:00:00,0.0,0.22891768643184193,0.14263546532905003,-1765831.709702367
2025-01-10 00:00:00,0.0,0.17381256856131477,0.14267829055189346,-1787731.0758127803
2025-01-10 01:00:00,0.0,0.16792315848436068,0.14272115040905495,-1722617.097004523
2025-01-10 02:00:00,0.0,0.18940305766883436,0.14276404487848482,-1704360.7970480544
2025-01-10 03:00:00,0.0,0.19065192298312394,0.14280697393811562,-1655060.8073958026
2025-01-10 04:00:00,0.0,0.1471673669796626,0.14284993756586198,-1697677.0448742444
2025-01-10 05:00:00,0.0,0.21787653721542363,0.14289293573962095,-1705902.2579757804
2025-01-10 06:00:00,0.0,0.16584331289224896,0.1429359684372716,-1608105.5508899475
2025-01-10 07:00:00,0.005837399119567486,0.16586733976958584,0.14297903563667544,-1701960.9877541966
2025-01-10 08:00:00,0.011276989135894607,0.15770248152328514,0.143022137315676,-1622741.8853642608
2025-01-10 09:00:00,0.015948070978716207,0.17158183370026261,0.1430652734520993,-1572615.3520885315
2025-01-10 10:00:00,0.019532318139771715,0.22618789143658125,0.14310844402375347,-1669090.4659451107
2025-01-10 11:00:00,0.021785470098283695,0.22881015319387912,0.143151649008429,-1523305.202415588
2025-01-10 12:00:00,0.02255397827178922,0.18051564769362421,0.14319488838389866,-1531347.159999377
2025-01-10 13:00:00,0.021785470098283695,0.20580303276055775,0.1432381621279175,-1471003.667743524
2025-01-10 14:00:00,0.019532318139771715,0.2262669499936453,0.14328147021822296,-1469194.1993376352
2025-01-10 15:00:00,0.015948070978716207,0.2081680215987405,0.14332481263253474,-1439856.3032089784
2025-01-10 16:00:00,0.011276989135894607,0.14954009800637047,0.14336818934855494,-1514087.5596824745
2025-01-10 17:00:00,0.005837399119567493,0.14751610130754197,0.1434116003439679,-1552876.270098709
2025-01-10 18:00:00,2.7620657298585617e-18,0.21951736803595093,0.1434550455964405,-1560625.5368635037
2025-01-10 19:00:00,0.0,0.17955829576185853,0.14349852508362185,-1721485.2040693874
2025-01-10 20:00:00,0.0,0.18983884308678298,0.14354203878314348,-1631500.152666656
2025-01-10 21:00:00,0.0,0.1728200359926468,0.1435855866726194,-1716396.145380069
2025-01-10 22:00:00,0.0,0.2287963630555539,0.1436291687296459,-1702872.7929952985
2025-01-10 23:00:00,0.0,0.20504304274257512,0.14367278493180183,-1650038.577582666
2025-01-11 00:00:00,0.0,0.146837118588205,0.14371643525664832,-1690424.4195198463
2025-01-11 01:00:00,0.0,0.19154782531259332,0.1437601196817291,-1675775.2703931415
2025-01-11 02:00:00,0.0,0.1639009579941614,0.1438038381845703,-1725153.873826959
2025-01-11 03:00:00,0.0,0.22941854117613095,0.14384759074268041,-1770709.9913047655
2025-01-11 04:00:00,0.0,0.1985828296112103,0.1438913773335506,-1670961.3540335132
2025-01-11 05:00:00,0.0,0.21521863334429878,0.14393519793465434,-1604956.4086109141
2025-01-11 06:00:00,0.0,0.19753801207789629,0.14397905252344775,-1704762.3545561691
2025-01-11 07:00:00,0.006421569471520167,0.15818681143266783,0.14402294107736932,-1649290.7081329895
2025-01-11 08:00:00,0.012405519595701544,0.14937741161324272,0.1440668635738403,-1598672.3746655728
2025-01-11 09:00:00,0.01754405406052632,0.18518218462764413,0.1441108199902642,-1573734.2015350042
2025-01-11 10:00:00,0.021486990234046398,0.2346284735583769,0.14415481030402724,-1528895.313736128
2025-01-11 11:00:00,0.02396562353204649,0.15020395633355735,0.14419883449249818,-1493452.9666553398
2025-01-11 12:00:00,0.024811039191403095,0.17361818699128873,0.14424289253302833,-1533681.1716192155
2025-01-11 13:00:00,0.02396562353204649,0.15873662598489954,0.14428698440295162,-1451726.4214737352
2025-01-11 14:00:00,0.021486990234046398,0.22958269034647788,0.14433111007958455,-1538218.7308085647
2025-01-11 15:00:00,0.017544054060526323,0.19228480238998244,0.1443752695402262,-1494804.8127837293
2025-01-11 16:00:00,0.012405519595701544,0.21696825457956942,0.1444194627621583,-1651547.2587626213
2025-01-11 17:00:00,0.006421569471520175,0.15781371913291142,0.14446368972264523,-1583245.2333431647
2025-01-11 18:00:00,3.0384759729271336e-18,0.23292171811173915,0.144507950398934,-1593452.1536993016
2025-01-11 19:00:00,0.0,0.17422361288351446,0.14455224476825423,-1571641.3981642905
2025-01-11 20:00:00,0.0,0.16876844922651632,0.14459657280781832,-1650271.7010661538
2025-01-11 21:00:00,0.0,0.1653060198422479,0.14464093449482118,-1631469.245550947
2025-01-11 22:00:00,0.0,0.22197924296653504,0.14468532980644058,-1737171.7146817434
2025-01-11 23:00:00,0.0,0.21230205969755717,0.14472975871983687,-1707828.640143321
2025-01-12 00:00:00,0.0,0.16050973762969356,0.14477422121215316,-1711218.2142112462
2025-01-12 01:00:00,0.0,0.15372189506317746,0.1448187172605153,-1707034.9917418638
2025-01-12 02:00:00,0.0,0.16948257953513637,0.14486324684203183,-1686812.9543125192
2025-01-12 03:00:00,0.0,0.19397479906866436,0.1449078099337941,-1744906.369768876
2025-01-12 04:00:00,0.0,0.18001733051825958,0.14495240651287616,-1762125.6020528218
2025-01-12 05:00:00,0.0,0.1815494894265429,0.1449970365563349,-1658983.6543891074
2025-01-12 06:00:00,0.0,0.2108667454596735,0.1450417000412099,-1666325.8359592988
2025-01-12 07:00:00,0.007032597099663234,0.18005305250750264,0.1450863969445236,-1659442.505061884
2025-01-12 08:00:00,0.013585934328900626,0.23688042928034903,0.14513112724328125,-1465903.054344816
2025-01-12 09:00:00,0.019213412585441483,0.20003600895492882,0.14517589091447095,-1618986.6400972505
2025-01-12 10:00:00,0.02353152852595007,0.2264800818414996,0.1452206879350635,-1578598.6860871294
2025-01-12 11:00:00,0.026246009685104717,0.17621461761390136,0.1452655182820127,-1448788.3720898735
2025-01-12 12:00:00,0.02717186865780126,0.2039376460327618,0.1453103819322551,-1557668.2199682626
2025-01-12 13:00:00,0.026246009685104717,0.23320826829397429,0.14535527886271016,-1429352.6688208468
2025-01-12 14:00:00,0.02353152852595007,0.23037528599217896,0.14540020905028025,-1517105.1555231886
2025-01-12 15:00:00,0.019213412585441486,0.1945925907851975,0.14544517247185054,-1515936.6057132848
2025-01-12 16:00:00,0.013585934328900626,0.15573513427860594,0.14549016910428914,-1642442.6809943174
2025-01-12 17:00:00,0.007032597099663241,0.1578101878664393,0.14553519892444713,-1611452.544926431
2025-01-12 18:00:00,3.32759419786286e-18,0.15611316636150666,0.1455802619091585,-1595843.3569168828
2025-01-12 19:00:00,0.0,0.21387410735076187,0.14562535803524007,-1627347.9087221257
2025-01-12 20:00:00,0.0,0.23191915787694822,0.14567048727949175,-1670263.5132292428
2025-01-12 21:00:00,0.0,0.20502260002507877,0.14571564961869635,-1654752.561840442
2025-01-12 22:00:00,0.0,0.22253962221118848,0.1457608450296196,-1711287.7192577315
2025-01-12 23:00:00,0.0,0.21729373582663758,0.1458060734890104,-1662080.1019547388
2025-01-13 00:00:00,0.0,0.20274191522307713,0.14585133497360042,-1659057.1347498791
2025-01-13 01:00:00,0.0,0.18999870964197307,0.14589662946010445,-1704185.1248151213
2025-01-13 02:00:00,0.0,0.16749732052969601,0.14594195692522036,-1686476.986603282
2025-01-13 03:00:00,0.0,0.16877793011139344,0.1459873173456289,-1640342.8451738874
2025-01-13 04:00:00,0.0,0.15503723560799657,0.146032710697994,-1612732.4263566537
2025-01-13 05:00:00,0.0,0.19609221980254846,0.14607813695896263,-1657300.8120394344
2025-01-13 06:00:00,0.0,0.1633047542774436,0.14612359610516473,-1634947.4829300751
2025-01-13 07:00:00,0.007670300943323431,0.23911669668322258,0.14616908811321347,-1694296.9462648442
2025-01-13 08:00:00,0.014817883553131007,0.1523176272972681,0.14621461295970498,-1559005.3642233966
2025-01-13 09:00:00,0.0209556518865031,0.19423285815367505,0.14626017062121857,-1677037.1179047732
2025-01-13 10:00:00,0.025665327174662148,0.2103856366132149,0.14630576107431667,-1526733.391042524
2025-01-13 11:00:00,0.028625952829826537,0.16880441924142553,0.14635138429554478,-1623770.2764132204
2025-01-13 12:00:00,0.02963576710626202,0.15737598126127367,0.14639704026143163,-1518181.465769508
2025-01-13 13:00:00,0.028625952829826537,0.20167545214168472,0.14644272894848906,-1508275.526190952
2025-01-13 14:00:00,0.025665327174662154,0.2036051698829452,0.14648845033321203,-1533187.4959119405
2025-01-13 15:00:00,0.020955651886503102,0.18775646805828694,0.14653420439207873,-1455165.80974825
2025-01-13 16:00:00,0.014817883553131007,0.2341384122704736,0.14657999110155057,-1539475.8775915797
2025-01-13 17:00:00,0.007670300943323438,0.21089053262859792,0.14662581043807207,-1553568.290547527
2025-01-13 18:00:00,3.62933473269602e-18,0.1888571204582091,0.14667166237807108,-1676969.8702588994
2025-01-13 19:00:00,0.0,0.16637082656139887,0.1467175468979586,-1576265.0433655374
2025-01-13 20:00:00,0.0,0.22087288362433366,0.14676346397412884,-1642946.8699326888
2025-01-13 21:00:00,0.0,0.1911115663207753,0.14680941358295935,-1582231.7707872342
2025-01-13 22:00:00,0.0,0.1969380967236146,0.14685539570081094,-1861178.5208151771
2025-01-13 23:00:00,0.0,0.1779096192255605,0.14690141030402754,-1821075.0127170524
2025-01-14 00:00:00,0.0,0.16657642219646676,0.14694745736893658,-1789694.6340808917
2025-01-14 01:00:00,0.0,0.17914784635700515,0.14699353687184866,-1747323.3224769165
2025-01-14 02:00:00,0.0,0.23438382264464622,0.1470396487890577,-1762492.539762283
2025-01-14 03:00:00,0.0,0.1730898873893949,0.14708579309684103,-1719734.288417719
2025-01-14 04:00:00,0.0,0.2425937819464217,0.14713196977145923,-1674772.7842771295
2025-01-14 05:00:00,0.0,0.2339858939003683,0.1471781787891562,-1593269.9591219355
2025-01-14 06:00:00,0.0,0.20483730550444196,0.14722442012615936,-1707051.4988541065
2025-01-14 07:00:00,0.008334492037089117,0.19910672406354854,0.1472706937586793,-1640943.7556411875
2025-01-14 08:00:00,0.01610100221524993,0.17205251483014064,0.14731699966291012,-1590545.7562945317
2025-01-14 09:00:00,0.0227702557006057,0.24056213431250786,0.14736333781502933,-1481270.1949230274
2025-01-14 10:00:00,0.02788775388959193,0.1912293330276765,0.14740970819119775,-1608810.0340372946
2025-01-14 11:00:00,0.03110474773769482,0.19592682201655207,0.14745611076755974,-1516076.7921577892
2025-01-14 12:00:00,0.032202004430499864,0.22625293403931565,0.14750254552024303,-1514674.1180182802
2025-01-14 13:00:00,0.03110474773769482,0.23483683864629235,0.14754901242535876,-1446918.421798305
2025-01-14 14:00:00,0.02788775388959193,0.21105825114408802,0.14759551145900157,-1515298.0567586517
2025-01-14 15:00:00,0.0227702557006057,0.21588155764536834,0.14764204259724964,-1716450.5374176046
2025-01-14 16:00:00,0.01610100221524993,0.17209405221828653,0.1476886058161645,-1534713.7060406464
2025-01-14 17:00:00,0.008334492037089126,0.2385756992441773,0.14773520109179125,-1586741.2760011267
2025-01-14 18:00:00,3.943608165194054e-18,0.1954111838362068,0.14778182840015855,-1535709.215147898
2025-01-14 19:00:00,0.0,0.22764240103715935,0.14782848771727844,-1638634.8807170475
2025-01-14 20:00:00,0.0,0.19740662305508655,0.14787517901914662,-1638999.3064043
2025-01-14 21:00:00,0.0,0.18098037387979993,0.14792190228174232,-1711567.2769658435
2025-01-14 22:00:00,0.0,0.19256638488789066,0.14796865748102822,-1721447.969732437
2025-01-14 23:00:00,0.0,0.19296548599305902,0.14801544459295068,-1711540.6600992398
2025-01-15 00:00:00,0.0,0.19058074907114864,0.14806226359343963,-1761317.3467001547
2025-01-15 01:00:00,0.0,0.22557687271192095,0.14810911445840855,-1773281.1101141057
2025-01-15 02:00:00,0.0,0.18890667315253548,0.14815599716375458,-1637719.260651981
2025-01-15 03:00:00,0.0,0.21866155567775908,0.14820291168535837,-1788549.6574529558
2025-01-15 04:00:00,0.0,0.17648088403564152,0.14824985799908436,-1654655.5565317438
2025-01-15 05:00:00,0.0,0.2237895882179144,0.14829683608078054,-1676757.120460965
2025-01-15 06:00:00,0.0,0.243220527822031,0.14834384590627855,-1711982.788286158
2025-01-15 07:00:00,0.009024973566804753,0.1928324836460067,0.14839088745139375,-1557281.6501164052
2025-01-15 08:00:00,0.01743491009950576,0.22539162000487373,0.14843796069192508,-1632946.5776245482
2025-01-15 09:00:00,0.024656686321476697,0.19137543128709242,0.14848506560365538,-1579338.4881766515
2025-01-15 10:00:00,0.030198150117739728,0.21353076024303547,0.14853220216235097,-1510760.2299198152
2025-01-15 11:00:00,0.03368165988828145,0.20716031117447328,0.14857937034376198,-1508609.8123801823
2025-01-15 12:00:00,0.034869820199011525,0.20255805451176623,0.1486265701236223,-1407527.9318012642
2025-01-15 13:00:00,0.03368165988828145,0.22742793453339435,0.1486738014776495,-1620661.6959567852
2025-01-15 14:00:00,0.030198150117739735,0.19603066275290432,0.148721064381545,-1462222.4382414073
2025-01-15 15:00:00,0.0246566863214767,0.2230597883761832,0.1487683588109939,-1531751.9030432736
2025-01-15 16:00:00,0.01743491009950576,0.2160873590291168,0.14881568474166512,-1421113.4654523844
2025-01-15 17:00:00,0.009024973566804761,0.2410791555555252,0.14886304214921137,-1579060.0133049344
2025-01-15 18:00:00,4.2703213693563185e-18,0.24905103368604078,0.14891043100926915,-1665216.045527503
2025-01-15 19:00:00,0.0,0.19022030183065375,0.1489578512974588,-1502294.4785946426
2025-01-15 20:00:00,0.0,0.1961822208639905,0.14900530298938452,-1774563.033470966
2025-01-15 21:00:00,0.0,0.20024213149200126,0.14905278606063427,-1612321.3700898597
2025-01-15 22:00:00,0.0,0.22349315081416327,0.1491003004867799,-1643421.9017979943
2025-01-15 23:00:00,0.0,0.16790556504479512,0.14914784624337724,-1733466.9181153537
2025-01-16 00:00:00,0.0,0.2468620032386774,0.1491954233059658,-1751209.6301645234
2025-01-16 01:00:00,0.0,0.1624071470136504,0.14924303165006914,-1818244.451633794
2025-01-16 02:00:00,0.0,0.21266275876980245,0.14929067125119466,-1674935.3099241017
2025-01-16 03:00:00,0.0,0.22276497724219876,0.1493383420848337,-1768442.3211172265
2025-01-16 04:00:00,0.0,0.23553466807116824,0.1493860441264616,-1733576.148272031
2025-01-16 05:00:00,0.0,0.21456310734015932,0.14943377735153746,-1708956.3793917059
2025-01-16 06:00:00,0.0,0.16178657967413895,0.14948154173550451,-1595771.1267065965
2025-01-16 07:00:00,0.009741540927891314,0.23865174214137885,0.14952933725378986,-1551717.4491341037
2025-01-16 08:00:00,0.018819211940204385,0.208280933971552,0.1495771638818047,-1637426.3326059745
2025-01-16 09:00:00,0.02661438475901073,0.18573357632929519,0.14962502159494406,-1535255.6878889948
2025-01-16 10:00:00,0.03259583123884087,0.15851728883916716,0.14967291036858715,-1481144.0433993256
2025-01-16 11:00:00,0.036355925686902046,0.19684099612934225,0.14972083017809706,-1523601.6025498975
2025-01-16 12:00:00,0.03763842388040878,0.17300206656361825,0.149768780998821,-1478112.3923278472
2025-01-16 13:00:00,0.036355925686902046,0.16411352152415298,0.1498167628060902,-1457709.8614317994
2025-01-16 14:00:00,0.03259583123884087,0.16917030457474738,0.1498647755752199,-1480731.378635826
2025-01-16 15:00:00,0.026614384759010734,0.22897956001605546,0.1499128192815095,-1474857.8570477758
2025-01-16 16:00:00,0.018819211940204385,0.2491088546627031,0.14996089390024245,-1447208.3998502844
2025-01-16 17:00:00,0.009741540927891324,0.2532597728529113,0.15000899940668624,-1529267.676229465
2025-01-16 18:00:00,4.609377533009391e-18,0.24381878163676196,0.15005713577609261,-1555638.6989775633
2025-01-16 19:00:00,0.0,0.2492575732302792,0.1501053029836972,-1609775.8828545483
2025-01-16 20:00:00,0.0,0.25291438795768306,0.15015350100472,-1594332.7529760904
2025-01-16 21:00:00,0.0,0.18130064656759373,0.15020172981436505,-1720885.6077482563
2025-01-16 22:00:00,0.0,0.21398763208127347,0.15024998938782053,-1655696.3981034253
2025-01-16 23:00:00,0.0,0.18963524720028485,0.15029827970025886,-1621481.9707639555
2025-01-17 00:00:00,0.0,0.24290509953541684,0.15034660072683664,-1670680.7343730459
2025-01-17 01:00:00,0.0,0.21467608239374925,0.15039495244269455,-1825742.2247297696
2025-01-17 02:00:00,0.0,0.17116137000405512,0.15044333482295766,-1601951.39370096
2025-01-17 03:00:00,0.0,0.16530035770037055,0.15049174784273514,-1719451.628128114
2025-01-17 04:00:00,0.0,0.21295839555409063,0.15054019147712042,-1651219.5651208663
2025-01-17 05:00:00,0.0,0.17815068400606374,0.15058866570119125,-1586286.8041020534
2025-01-17 06:00:00,0.0,0.20174886673384843,0.15063717049000952,-1614071.839167465
2025-01-17 07:00:00,0.010483981785974877,0.16074332845618972,0.1506857058186215,-1569404.6796903925
2025-01-17 08:00:00,0.02025349753883465,0.18052734560969802,0.1507342716620577,-1574767.9650844238
2025-01-17 09:00:00,0.02864277090491006,0.20911719981809807,0.15078286799533294,-1616572.65667634
2025-01-17 10:00:00,0.03508008676823283,0.18557538204188082,0.15083149479344635,-1582566.7299611857
2025-01-17 11:00:00,0.03912675269088495,0.18357481077593724,0.15088015203138144,-1531387.8553947043
2025-01-17 12:00:00,0.040506995077669306,0.2437208747425624,0.15092883968410595,-1564569.548929021
2025-01-17 13:00:00,0.03912675269088495,0.23110828155929722,0.15097755772657206,-1424592.7457071494
2025-01-17 14:00:00,0.035080086768232835,0.23398974211332613,0.15102630613371634,-1503515.280796533
2025-01-17 15:00:00,0.02864277090491007,0.25511327339790973,0.15107508488045956,-1483142.9651456778
2025-01-17 16:00:00,0.02025349753883465,0.24997454822446413,0.1511238939417072,-1590476.6403578287
2025-01-17 17:00:00,0.01048398178597489,0.1653611335021596,0.1511727332923488,-1484519.201791541
2025-01-17 18:00:00,4.9606761864945306e-18,0.18227102246021937,0.15122160290725853,-1545331.2539277403
2025-01-17 19:00:00,0.0,0.24145102586465425,0.15127050276129494,-1549460.0340145226
2025-01-17 20:00:00,0.0,0.24634024332198157,0.15131943282930102,-1624791.8126622257
2025-01-17 21:00:00,0.0,0.22616944716319237,0.1513683930861042,-1667406.3071360101
2025-01-17 22:00:00,0.0,0.2556532163996078,0.1514173835065164,-1627906.2123385738
2025-01-17 23:00:00,0.0,0.20233376395262803,0.151466404065334,-1703305.591628017
2025-01-18 00:00:00,0.0,0.17150073039283656,0.1515154547373379,-1635281.263512806
2025-01-18 01:00:00,0.0,0.1958082461689618,0.1515645354972935,-1640708.344967778
2025-01-18 02:00:00,0.0,0.21582303556575674,0.15161364631995072,-1686146.1427440208
2025-01-18 03:00:00,0.0,0.18047090214762815,0.15166278718004403,-1726546.0708220166
2025-01-18 04:00:00,0.0,0.16806866949384558,0.1517119580522924,-1679754.6684293638
2025-01-18 05:00:00,0.0,0.16594988237069824,0.15176115891139938,-1622109.9549443694
2025-01-18 06:00:00,0.0,0.18762699207219316,0.15181038973205316,-1569289.9263078452
2025-01-18 07:00:00,0.011252076139806045,0.2198849651475197,0.15185965048892638,-1631784.5207885262
2025-01-18 08:00:00,0.021737341885619325,0.16659393474626558,0.15190894115667644,-1560145.161003176
2025-01-18 09:00:00,0.0307412437045836,0.22947434863097294,0.15195826170994517,-1534684.2813628619
2025-01-18 10:00:00,0.03765018056738774,0.22398531892261436,0.15200761212335923,-1426518.443153878
2025-01-18 11:00:00,0.04199331984438964,0.1627077604722088,0.15205699237152973,-1473571.9054256878
2025-01-18 12:00:00,0.043474683771238656,0.17359522371609937,0.15210640242905255,-1585441.2124448752
2025-01-18 13:00:00,0.04199331984438964,0.21124502943199544,0.15215584227050818,-1459433.1882802024
2025-01-18 14:00:00,0.03765018056738774,0.24388246097684788,0.15220531187046185,-1439366.008389793
2025-01-18 15:00:00,0.030741243704583605,0.1809617715740056,0.1522548112034634,-1512015.384614771
2025-01-18 16:00:00,0.021737341885619325,0.21844778714525023,0.15230434024404743,-1537291.3309474336
2025-01-18 17:00:00,0.011252076139806055,0.2591838362498502,0.15235389896673318,-1557871.992315149
2025-01-18 18:00:00,5.3241132324390805e-18,0.25381337716952196,0.15240348734602474,-1629573.784120955
2025-01-18 19:00:00,0.0,0.24399959291468115,0.15245310535641088,-1667166.1128786614
2025-01-18 20:00:00,0.0,0.2572507662584877,0.1525027529723651,-1623881.0388668953
2025-01-18 21:00:00,0.0,0.23608544782181548,0.15255243016834566,-1619653.0117176257
2025-01-18 22:00:00,0.0,0.1774336375924608,0.15260213691879568,-1688361.1258639926
2025-01-18 23:00:00,0.0,0.18236919909888746,0.15265187319814302,-1774561.766650214
2025-01-19 00:00:00,0.0,0.24483935896358525,0.15270163898080039,-1750465.1106882647
2025-01-19 01:00:00,0.0,0.2385409919655132,0.15275143424116522,-1806374.4753024054
2025-01-19 02:00:00,0.0,0.21982644050772362,0.1528012589536199,-1682384.4374579596
2025-01-19 03:00:00,0.0,0.2275644993542121,0.15285111309253166,-1664781.2442951642
2025-01-19 04:00:00,0.0,0.17775006138708194,0.15290099663225243,-1631022.180810354
2025-01-19 05:00:00,0.0,0.2026101445027991,0.15295090954711923,-1519711.2341423905
2025-01-19 06:00:00,0.0,0.20865866775109268,0.15300085181145384,-1607963.7100055253
2025-01-19 07:00:00,0.01204559638645093,0.16420910351794107,0.1530508233995629,-1670204.6100776459
2025-01-19 08:00:00,0.02327030528545446,0.18152247639262714,0.15310082428573812,-1526060.6049403143
2025-01-19 09:00:00,0.032909181335252016,0.25550211424329494,0.15315085444425605,-1580403.4430401379
2025-01-19 10:00:00,0.04030535106204572,0.22528527535613913,0.15320091384937815,-1461392.9218621417
2025-01-19 11:00:00,0.04495477772170295,0.19149237255269325,0.15325100247535084,-1408434.2611559306
2025-01-19 12:00:00,0.04654061057090893,0.20430985045578604,0.15330112029640558,-1516492.4885639437
2025-01-19 13:00:00,0.04495477772170295,0.2388985301018967,0.15335126728675877,-1485427.8559732267
2025-01-19 14:00:00,0.04030535106204572,0.18905622551637366,0.1534014434206117,-1547672.3142792156
2025-01-19 15:00:00,0.032909181335252016,0.25918736898371403,0.1534516486721509,-1547446.138971032
2025-01-19 16:00:00,0.02327030528545446,0.16818840655276682,0.15350188301554765,-1404274.2191961454
2025-01-19 17:00:00,0.012045596386450943,0.23169621495340062,0.1535521464249585,-1503067.3280414792
2025-01-19 18:00:00,5.699580976602709e-18,0.2032028986956743,0.1536024388745249,-1597580.9461019472
2025-01-19 19:00:00,0.0,0.1715998560649531,0.1536527603383734,-1546521.8614917167
2025-01-19 20:00:00,0.0,0.2427133761843888,0.15370311079061566,-1703632.7016230675
2025-01-19 21:00:00,0.0,0.19835593552716474,0.15375349020534831,-1626600.5749065008
2025-01-19 22:00:00,0.0,0.18749119798308989,0.15380389855665327,-1728291.9179303744
2025-01-19 23:00:00,0.0,0.2302115555720203,0.1538543358185974,-1714580.9010531497
2025-01-20 00:00:00,0.0,0.17665428384195328,0.15390480196523273,-1661116.0006124452
2025-01-20 01:00:00,0.0,0.1824134927314436,0.1539552969705965,-1649274.023375446
2025-01-20 02:00:00,0.0,0.22007848429869098,0.15400582080871109,-1732231.076442575
2025-01-20 03:00:00,0.0,0.1850835669795639,0.15405637345358392,-1584941.0479792506
2025-01-20 04:00:00,0.0,0.19497502795771154,0.15410695487920775,-1658126.083539123
2025-01-20 05:00:00,0.0,0.21258050296151335,0.15415756505956046,-1566517.7107526455
2025-01-20 06:00:00,0.0,0.1689860677286568,0.1542082039686051,-1716364.8815063452
2025-01-20 07:00:00,0.012864307388734873,0.21853154006388853,0.15425887158029006,-1640262.8307017123
2025-01-20 08:00:00,0.02485193348820059,0.25996254939878344,0.15430956786854877,-1608983.8538484438
2025-01-20 09:00:00,0.03514594139020738,0.20982088102930407,0.15436029280730015,-1479134.4650870762
2025-01-20 10:00:00,0.04304481146788587,0.1776004877884606,0.15441104637044817,-1566181.996385159
2025-01-20 11:00:00,0.04801024877894226,0.24070679919869475,0.1544618285318822,-1554816.6134069427
2025-01-20 12:00:00,0.049703866976401195,0.20071061806702595,0.15451263926547684,-1526348.9894528189
2025-01-20 13:00:00,0.04801024877894226,0.2487323148645437,0.154563478545092,-1442150.6530446338
2025-01-20 14:00:00,0.04304481146788587,0.18371204638825372,0.15461434634457294,-1483515.172566121
2025-01-20 15:00:00,0.03514594139020739,0.17402245130743216,0.15466524263775017,-1491883.9032550135
2025-01-20 16:00:00,0.02485193348820059,0.16875068096963874,0.15471616739843963,-1590327.156357338
2025-01-20 17:00:00,0.012864307388734886,0.22008439906496327,0.15476712060044254,-1566365.858255276
2025-01-20 18:00:00,6.086968159789556e-18,0.17914775302109456,0.15481810221754558,-1587531.3930561112
2025-01-20 19:00:00,0.0,0.18181524358277787,0.1548691122235207,-1622164.3771779274
2025-01-20 20:00:00,0.0,0.19081772778349626,0.15492015059212533,-1603033.6245822478
2025-01-20 21:00:00,0.0,0.23342020873796027,0.15497121729710223,-1677699.400174428
2025-01-20 22:00:00,0.0,0.19644409475617494,0.1550223123121797,-1668067.1571636854
2025-01-20 23:00:00,0.0,0.24528633682807544,0.15507343561107137,-1666279.5244512467
2025-01-21 00:00:00,0.0,0.2053548598290169,0.15512458716747632,-1708349.2963094653
2025-01-21 01:00:00,0.0,0.19948064594992848,0.1551757669550792,-1720048.2213969512
2025-01-21 02:00:00,0.0,0.22817852327348842,0.15522697494754997,-1696105.9971503806
2025-01-21 03:00:00,0.0,0.19249433552683956,0.15527821111854428,-1707554.2202763718
2025-01-21 04:00:00,0.0,0.1876004373466631,0.15532947544170309,-1673851.1805774856
2025-01-21 05:00:00,0.0,0.17503026209374,0.155380767890653,-1627075.2733734413
2025-01-21 06:00:00,0.0,0.1870077621909099,0.15543208843900605,-1658332.9343780528
2025-01-21 07:00:00,0.01370796654491868,0.22701141823082724,0.15548343706035997,-1598960.3342481554
2025-01-21 08:00:00,0.026481757823286954,0.1805330351845842,0.15553481372829794,-1458651.1584659307
2025-01-21 09:00:00,0.037450861069172225,0.22203995571361274,0.15558621841638867,-1505539.1569916129
2025-01-21 10:00:00,0.04586775002366761,0.2616530668162907,0.15563765109818653,-1477342.946937583
2025-01-21 11:00:00,0.05115882761409092,0.25239822019127417,0.15568911174723146,-1555073.703493789
2025-01-21 12:00:00,0.05296351564657392,0.18558546539042825,0.15574060033704903,-1498467.6923634221
2025-01-21 13:00:00,0.05115882761409092,0.19314311456755992,0.15579211684115046,-1520846.339059322
2025-01-21 14:00:00,0.045867750023667615,0.1918274130773483,0.15584366123303253,-1478032.1785037362
2025-01-21 15:00:00,0.03745086106917224,0.2636497904270982,0.15589523348617776,-1536761.1323050424
2025-01-21 16:00:00,0.026481757823286954,0.25057708685224606,0.15594683357405426,-1513693.6357565161
2025-01-21 17:00:00,0.013707966544918692,0.22498167147358084,0.15599846147011587,-1515093.7638446942
2025-01-21 18:00:00,6.486159990816751e-18,0.2419049327484757,0.15605011714780212,-1481989.5661098463
2025-01-21 19:00:00,0.0,0.23853658039957773,0.15610180058053819,-1577542.0539178888
2025-01-21 20:00:00,0.0,0.1713318146653932,0.15615351174173506,-1600961.0258177724
2025-01-21 21:00:00,0.0,0.21207810694746637,0.15620525060478943,-1653062.5907715047
2025-01-21 22:00:00,0.0,0.26594542595274984,0.15625701714308374,-1642712.5632250195
2025-01-21 23:00:00,0.0,0.20455245860963145,0.15630881132998614,-1616028.381978035
2025-01-22 00:00:00,0.0,0.20426514492849168,0.1563606331388506,-1749296.7054663769
2025-01-22 01:00:00,0.0,0.2704580853385283,0.1564124825430169,-1661070.5465354393
2025-01-22 02:00:00,0.0,0.18225952432303372,0.15646435951581064,-1687956.65595362
2025-01-22 03:00:00,0.0,0.17833357908570316,0.1565162640305431,-1740756.5427589158
2025-01-22 04:00:00,0.0,0.2316618335965765,0.1565681960605116,-1693483.8548894045
2025-01-22 05:00:00,0.0,0.20323539984955669,0.15662015557899908,-1662106.1236176544
2025-01-22 06:00:00,0.0,0.2234661903309932,0.15667214255927456,-1639455.6252794107
2025-01-22 07:00:00,0.014576323860586694,0.26026938090496216,0.15672415697459277,-1601994.459587783
2025-01-22 08:00:00,0.028159295338588526,0.20950880543162448,0.1567761987981944,-1585648.9676497339
2025-01-22 09:00:00,0.039823257374701375,0.19475190007642232,0.156828268003306,-1485580.3968072592
2025-01-22 10:00:00,0.04877333023177279,0.22309712963902054,0.15688036456314006,-1542932.8110813738
2025-01-22 11:00:00,0.054399581235288076,0.2116373528950433,0.15693248845089497,-1567958.8471013627
2025-01-22 12:00:00,0.056318590677177066,0.2170958957981464,0.15698463963975515,-1502699.1721737601
2025-01-22 13:00:00,0.054399581235288076,0.18371054499947034,0.15703681810289083,-1433525.6408246842
2025-01-22 14:00:00,0.04877333023177279,0.23136246095222524,0.15708902381345835,-1510512.0081943914
2025-01-22 15:00:00,0.03982325737470138,0.23692504795367184,0.1571412567445999,-1465136.0927527975
2025-01-22 16:00:00,0.028159295338588526,0.2659407536090961,0.1571935168694438,-1501147.431644028
2025-01-22 17:00:00,0.01457632386058671,0.20495731245879678,0.15724580416110423,-1573808.878157764
2025-01-22 18:00:00,6.8970381805294865e-18,0.24251646157357182,0.15729811859268156,-1524163.1965141394
2025-01-22 19:00:00,0.0,0.21746051466162206,0.1573504601372621,-1563653.8456572783
2025-01-22 20:00:00,0.0,0.2222638968035015,0.15740282876791814,-1528711.2279633402
2025-01-22 21:00:00,0.0,0.2233741788700554,0.15745522445770824,-1696931.1844481027
2025-01-22 22:00:00,0.0,0.2731186304933521,0.15750764717967683,-1689248.9116677155
2025-01-22 23:00:00,0.0,0.17587795315080618,0.15756009690685457,-1722589.6625418959
2025-01-23 00:00:00,0.0,0.20245939580937056,0.1576125736122582,-1811877.0234662695
2025-01-23 01:00:00,0.0,0.2511726826497518,0.15766507726889048,-1761516.7571702725
2025-01-23 02:00:00,0.0,0.22290536198503932,0.15771760784974045,-1689548.3842457193
2025-01-23 03:00:00,0.0,0.267651378760379,0.15777016532778323,-1731392.0104166104
2025-01-23 04:00:00,0.0,0.18080236834019936,0.15782274967598012,-1663675.7709949992
2025-01-23 05:00:00,0.0,0.2379786748180082,0.15787536086727852,-1624477.2344808253
2025-01-23 06:00:00,0.0,0.2090234802984566,0.15792799887461215,-1529618.4201626393
2025-01-23 07:00:00,0.015469122022725618,0.24423113267946178,0.15798066367090083,-1797552.7574067803
2025-01-23 08:00:00,0.02988404894353533,0.26219860084818736,0.15803335522905063,-1651706.7628806217
2025-01-23 09:00:00,0.04226242731456903,0.24652966152454933,0.1580860735219539,-1482702.7831866315
2025-01-23 10:00:00,0.05176069110607823,0.22675895544030017,0.15813881852248915,-1587419.4801287781
2025-01-23 11:00:00,0.05773154933729466,0.25252921025888403,0.15819159020352122,-1586879.2040520103
2025-01-23 12:00:00,0.05976809788707067,0.1774535448572649,0.15824438853790115,-1470906.8937342726
2025-01-23 13:00:00,0.05773154933729466,0.1854692421890558,0.1582972134984664,-1583659.1733996423
2025-01-23 14:00:00,0.05176069110607824,0.18339994606840193,0.15835006505804058,-1428256.8315790195
2025-01-23 15:00:00,0.042262427314569036,0.17274954491679315,0.1584029431894337,-1477532.2468490205
2025-01-23 16:00:00,0.02988404894353533,0.2650733658498825,0.15845584786544212,-1428887.8778120652
2025-01-23 17:00:00,0.015469122022725636,0.25608095167640976,0.15850877905884844,-1492481.291008648
2025-01-23 18:00:00,7.319480976852678e-18,0.21780401582558642,0.15856173674242177,-1557878.981393901
2025-01-23 19:00:00,0.0,0.2684920301224566,0.1586147208889174,-1674505.9434725232
2025-01-23 20:00:00,0.0,0.21655366503630175,0.15866773147107718,-1594163.8056929533
2025-01-23 21:00:00,0.0,0.2683788586133682,0.1587207684616293,-1712865.5380680147
2025-01-23 22:00:00,0.0,0.2038152551681167,0.15877383183328836,-1666476.5941866196
2025-01-23 23:00:00,0.0,0.19462108701457728,0.1588269215587553,-1717193.893192736
2025-01-24 00:00:00,0.0,0.1899497330068776,0.1588800376107177,-1718512.5736584943
2025-01-24 01:00:00,0.0,0.1827702792942316,0.1589331799618494,-1704434.960380945
2025-01-24 02:00:00,0.0,0.24920505473232799,0.15898634858481087,-1635338.8399338874
2025-01-24 03:00:00,0.0,0.22233031204043482,0.15903954345224894,-1706698.5897063825
2025-01-24 04:00:00,0.0,0.17400836818043244,0.15909276453679694,-1653225.5017517
2025-01-24 05:00:00,0.0,0.19158963538763696,0.15914601181107485,-1697654.102742452
2025-01-24 06:00:00,0.0,0.2735190682902797,0.159199285247689,-1609260.0711195432
2025-01-24 07:00:00,0.016386096475971855,0.2687419750122151,0.15925258481923243,-1583051.291810728
2025-01-24 08:00:00,0.031655507556411,0.26728142900995344,0.15930591049828458,-1639153.3749025597
2025-01-24 09:00:00,0.04476764811008044,0.21726398582016038,0.15935926225741154,-1531560.0618383782
2025-01-24 10:00:00,0.054828947427084385,0.20477173881427693,0.159412640069166,-1557113.3970394647
2025-01-24 11:00:00,0.0611537445860523,0.22675062497091147,0.15946604390608718,-1503855.7332906397
2025-01-24 12:00:00,0.06331101511282201,0.21326309429773563,0.159519473740701,-1459277.2653445343
2025-01-24 13:00:00,0.0611537445860523,0.197784926331279,0.1595729295455199,-1513651.6318161127
2025-01-24 14:00:00,0.054828947427084385,0.23525206354129913,0.15962641129304303,-1381844.1056360768
2025-01-24 15:00:00,0.04476764811008044,0.20249453918947133,0.1596799189557562,-1433967.8850222775
2025-01-24 16:00:00,0.031655507556411,0.2098994456274469,0.15973345250613183,-1530209.1855875938
2025-01-24 17:00:00,0.01638609647597187,0.18848236167861587,0.1597870119166291,-1585916.3656228469
2025-01-24 18:00:00,7.753363200868717e-18,0.23974618510272716,0.15984059715969381,-1613056.2018037986
2025-01-24 19:00:00,0.0,0.2211536766329985,0.1598942082077585,-1457853.852831145
2025-01-24 20:00:00,0.0,0.2759976813318094,0.15994784503324247,-1655768.4371182017
2025-01-24 21:00:00,0.0,0.2650769824614628,0.16000150760855167,-1535101.9627124073
2025-01-24 22:00:00,0.0,0.2760954949085533,0.16005519590607892,-1587426.1042286432
2025-01-24 23:00:00,0.0,0.21357179107269797,0.16010890989820367,-1711092.1517238037
2025-01-25 00:00:00,0.0,0.21573737396424283,0.1601626495572923,-1754117.9233448636
2025-01-25 01:00:00,0.0,0.24819382775655854,0.1602164148556979,-1728345.894757371
2025-01-25 02:00:00,0.0,0.18923359364554668,0.16027020576576037,-1669400.7687971971
2025-01-25 03:00:00,0.0,0.2723541800146011,0.1603240222598064,-1796063.8609904354
2025-01-25 04:00:00,0.0,0.23157024954037755,0.16037786431014964,-1592353.2564101168
2025-01-25 05:00:00,0.0,0.2756640756648307,0.1604317318890905,-1610831.702031195
2025-01-25 06:00:00,0.0,0.2403689428398124,0.16048562496891622,-1593890.0270899711
2025-01-25 07:00:00,0.017326975501004968,0.2628191032506999,0.160539543521901,-1595202.7894027978
2025-01-25 08:00:00,0.03347314625579733,0.25865707317563047,0.16059348752030592,-1544540.8335523012
2025-01-25 09:00:00,0.047338177410246776,0.18594888134478782,0.16064745693637897,-1459498.9883207104
2025-01-25 10:00:00,0.057977190004224924,0.23901945068062558,0.16070145174235498,-1617161.253493426
2025-01-25 11:00:00,0.06466515291125174,0.17887141576860474,0.1607554719104559,-1528596.668224045
2025-01-25 12:00:00,0.06694629251159467,0.1905988217031555,0.16080951741289043,-1496987.37977829
2025-01-25 13:00:00,0.06466515291125174,0.2744141129091424,0.16086358822185437,-1425629.9654739446
2025-01-25 14:00:00,0.057977190004224924,0.2798085817679872,0.16091768430953043,-1462984.1745321008
2025-01-25 15:00:00,0.04733817741024678,0.2119417218921188,0.1609718056480884,-1467810.7640222262
2025-01-25 16:00:00,0.03347314625579733,0.19330645894562737,0.16102595220968494,-1584381.1020234167
2025-01-25 17:00:00,0.01732697550100499,0.2019438759347404,0.16108012396646387,-1516582.8431466469
2025-01-25 18:00:00,8.198556283910684e-18,0.20414237148977116,0.16113432089055602,-1468821.8804298423
2025-01-25 19:00:00,0.0,0.19365196576228022,0.16118854295407917,-1599744.4471247054
2025-01-25 20:00:00,0.0,0.2600897088055051,0.16124279012913836,-1587360.3607176042
2025-01-25 21:00:00,0.0,0.21010641690403445,0.16129706238782546,-1678460.882977564
2025-01-25 22:00:00,0.0,0.23428613406944498,0.16135135970221967,-1584194.1084940156
2025-01-25 23:00:00,0.0,0.1922813113684013,0.16140568204438713,-1597965.6468867245
2025-01-26 00:00:00,0.0,0.18643735089372976,0.16146002938638124,-1614425.2375312713
2025-01-26 01:00:00,0.0,0.2787266946601183,0.16151440170024242,-1836890.5918290797
2025-01-26 02:00:00,0.0,0.1891082548168887,0.16156879895799833,-1734494.8306128115
2025-01-26 03:00:00,0.0,0.2191339167295196,0.16162322113166375,-1721875.2178243482
2025-01-26 04:00:00,0.0,0.22469173550918117,0.16167766819324067,-1668224.1484945756
2025-01-26 05:00:00,0.0,0.2634864137254742,0.16173214011471823,-1642448.4131044112
2025-01-26 06:00:00,0.0,0.18842031433785889,0.16178663686807285,-1715147.687999249
2025-01-26 07:00:00,0.018291480295064,0.24802492770720072,0.1618411584252681,-1679708.5984671353
2025-01-26 08:00:00,0.035336426436119804,0.25426968504527847,0.16189570475825488,-1629820.8892157916
2025-01-26 09:00:00,0.04997325351175981,0.2527427765963429,0.1619502758389712,-1500960.946299491
2025-01-26 10:00:00,0.06120448594527954,0.23734001440498165,0.16200487163934255,-1505835.1857250612
2025-01-26 11:00:00,0.06826473380682381,0.2830947396294694,0.16205949213128149,-1501837.4714488643
2025-01-26 12:00:00,0.07067285287223962,0.20427077184373618,0.16211413728668797,-1598744.2124778249
2025-01-26 13:00:00,0.06826473380682381,0.20997271245337468,0.16216880707744932,-1492964.4281673736
2025-01-26 14:00:00,0.06120448594527955,0.22749525856738262,0.16222350147544004,-1452313.2692846905
2025-01-26 15:00:00,0.04997325351175982,0.23860253323128003,0.16227822045252213,-1449508.2168688918
2025-01-26 16:00:00,0.035336426436119804,0.19598679926535156,0.16233296398054484,-1421405.5850530595
2025-01-26 17:00:00,0.01829148029506402,0.23995379785524942,0.16238773203134482,-1558972.2412203376
2025-01-26 18:00:00,8.654928305660008e-18,0.18613943916374537,0.16244252457674607,-1557611.2368062886
2025-01-26 19:00:00,0.0,0.2769938651980214,0.16249734158856013,-1634647.1824945048
2025-01-26 20:00:00,0.0,0.27577145651654594,0.16255218303858573,-1553069.144549276
2025-01-26 21:00:00,0.0,0.2741135672885132,0.16260704889860922,-1601184.2882188535
2025-01-26 22:00:00,0.0,0.2686326472107833,0.16266193914040428,-1620661.47332945
2025-01-26 23:00:00,0.0,0.2323798406790769,0.1627168537357321,-1752640.7848688418
2025-01-27 00:00:00,0.0,0.2801713511646108,0.1627717926563413,-1677443.9084920853
2025-01-27 01:00:00,0.0,0.2118800123493278,0.16282675587396803,-1748108.0814007565
2025-01-27 02:00:00,0.0,0.23695697471115634,0.16288174336033592,-1693856.8679999013
2025-01-27 03:00:00,0.0,0.23589045254187527,0.16293675508715613,-1676993.7936906936
2025-01-27 04:00:00,0.0,0.2114452037937625,0.16299179102612735,-1659387.2915188107
2025-01-27 05:00:00,0.0,0.2146225358649353,0.16304685114893572,-1621240.7938183034
2025-01-27 06:00:00,0.0,0.2369413159799149,0.16310193542725507,-1608876.511942391
2025-01-27 07:00:00,0.01927932505456276,0.21108124806982753,0.16315704383274676,-1639235.3421842607
2025-01-27 08:00:00,0.03724479596724814,0.26146936501900975,0.16321217633705967,-1587932.2613068372
2025-01-27 09:00:00,0.05267209558470108,0.1870310480289131,0.16326733291183038,-1484076.2740976568
2025-01-27 10:00:00,0.06450987893281021,0.19585871787989098,0.16332251352868304,-1501124.9473686777
2025-01-27 11:00:00,0.07195142063926385,0.24989376465612684,0.16337771815922944,-1494501.5784521587
2025-01-27 12:00:00,0.0744895919344963,0.26088757685155867,0.16343294677506906,-1462848.3839471247
2025-01-27 13:00:00,0.07195142063926385,0.20969050875555037,0.1634881993477889,-1516086.393428461
2025-01-27 14:00:00,0.06450987893281022,0.19784870454947776,0.16354347584896378,-1469700.824427213
2025-01-27 15:00:00,0.05267209558470108,0.25609457790198853,0.16359877625015617,-1440836.716683643
2025-01-27 16:00:00,0.03724479596724814,0.2771734544214534,0.16365410052291618,-1449111.7333873403
2025-01-27 17:00:00,0.01927932505456278,0.19581449738520018,0.16370944863878173,-1484662.7053708928
2025-01-27 18:00:00,9.122344033237338e-18,0.22555349709255296,0.16376482056927846,-1623446.3001395531
2025-01-27 19:00:00,0.0,0.2181394525364099,0.16382021628591967,-1592262.7222657406
2025-01-27 20:00:00,0.0,0.19876930571170007,0.16387563576020656,-1613032.8445393436
2025-01-27 21:00:00,0.0,0.2041748667734622,0.16393107896362796,-1702885.8990414273
2025-01-27 22:00:00,0.0,0.2338815762803005,0.16398654586766062,-1641957.626962272
2025-01-27 23:00:00,0.0,0.21038813927866815,0.16404203644376902,-1751318.1778270137
2025-01-28 00:00:00,0.0,0.18228813657709306,0.16409755066340553,-1623491.6659183856
2025-01-28 01:00:00,0.0,0.19595339840669504,0.16415308849801025,-1751870.1399730486
2025-01-28 02:00:00,0.0,0.19615490754828632,0.16420864991901118,-1751305.8868133898
2025-01-28 03:00:00,0.0,0.2791140495752672,0.16426423489782427,-1651244.9553672434
2025-01-28 04:00:00,0.0,0.18653127589987686,0.16431984340585323,-1645914.6095077589
2025-01-28 05:00:00,0.0,0.1858545280660102,0.1643754754144897,-1671296.4750434596
2025-01-28 06:00:00,0.0,0.23422496353153813,0.16443113089511333,-1545288.012056165
2025-01-28 07:00:00,0.020290217059779576,0.28811310490659214,0.16448680981909153,-1583624.620887101
2025-01-28 08:00:00,0.03919768935810427,0.2567750852747845,0.16454251215777974,-1610972.7299649247
2025-01-28 09:00:00,0.0554339039039186,0.2446759454244879,0.16459823788252131,-1531695.9752668603
2025-01-28 10:00:00,0.0678923895075385,0.26262657385690946,0.16465398696464767,-1505346.8959705706
2025-01-28 11:00:00,0.07572412096369818,0.22084729468749803,0.16470975937547813,-1501437.61038243
2025-01-28 12:00:00,0.07839537871620855,0.23979434299911137,0.16476555508632,-1517828.2242151918
2025-01-28 13:00:00,0.07572412096369818,0.28989851606830275,0.16482137406846864,-1474104.2819243632
2025-01-28 14:00:00,0.06789238950753851,0.21970069218630786,0.16487721629320737,-1497944.9504396261
2025-01-28 15:00:00,0.05543390390391861,0.2707134975849261,0.16493308173180768,-1489274.2225308612
2025-01-28 16:00:00,0.03919768935810427,0.28869403415713923,0.16498897035552904,-1586408.283789665
2025-01-28 17:00:00,0.020290217059779597,0.2169517137873071,0.1650448821356189,-1537753.0093827308
2025-01-28 18:00:00,9.600664961274934e-18,0.2122413461674673,0.16510081704331303,-1538336.6249599056
2025-01-28 19:00:00,0.0,0.24065067445926075,0.1651567750498351,-1628071.453697549
2025-01-28 20:00:00,0.0,0.25181469884068963,0.16521275612639696,-1727331.3667360342
2025-01-28 21:00:00,0.0,0.2022167095080397,0.16526876024419856,-1704885.4317566527
2025-01-28 22:00:00,0.0,0.25632211241145153,0.16532478737442804,-1608466.5460887235
2025-01-28 23:00:00,0.0,0.25108860002881916,0.16538083748826177,-1830359.4060669944
2025-01-29 00:00:00,0.0,0.2628375134150203,0.16543691055686413,-1770970.1891554021
2025-01-29 01:00:00,0.0,0.26616648421004363,0.16549300655138785,-1734901.1087312468
2025-01-29 02:00:00,0.0,0.20201134096768833,0.16554912544297368,-1609352.0466223487
2025-01-29 03:00:00,0.0,0.1933443284906788,0.1656052672027508,-1689396.1617536608
2025-01-29 04:00:00,0.0,0.2114209701239309,0.16566143180183648,-1616407.8632042632
2025-01-29 05:00:00,0.0,0.22903550676444012,0.16571761921133632,-1636817.2874763126
2025-01-29 06:00:00,0.0,0.2689647678317782,0.1657738294023441,-1532211.0122044338
2025-01-29 07:00:00,0.02132385676159646,0.26168796128947525,0.165830062345942,-1653657.3114398783
2025-01-29 08:00:00,0.04119452792422959,0.2766787422284832,0.1658863180132004,-1557321.657342278
2025-01-29 09:00:00,0.05825786008600267,0.28510679631349656,0.16594259637517797,-1519029.032428003
2025-01-29 10:00:00,0.07135101535858054,0.2710673243811154,0.16599889740292179,-1362350.27498744
2025-01-29 11:00:00,0.07958171684759914,0.2912440210441599,0.16605522106746728,-1525950.6717629035
2025-01-29 12:00:00,0.0823890558484592,0.22202255885938432,0.16611156733983815,-1456278.6080257376
2025-01-29 13:00:00,0.07958171684759914,0.23748229531530937,0.16616793619104644,-1438483.192885524
2025-01-29 14:00:00,0.07135101535858054,0.2517750528889965,0.1662243275920927,-1464417.5348304824
2025-01-29 15:00:00,0.058257860086002686,0.2618329637593985,0.16628074151396582,-1504596.7452863501
2025-01-29 16:00:00,0.04119452792422959,0.26319957808047795,0.1663371779276431,-1470010.4362041587
2025-01-29 17:00:00,0.021323856761596482,0.2527058570811738,0.16639363680409022,-1469262.0499801794
2025-01-29 18:00:00,1.0089749352958807e-17,0.230279274642897,0.16645011811426141,-1524940.1222018935
2025-01-29 19:00:00,0.0,0.2350571362614856,0.16650662182909928,-1561205.9006942685
2025-01-29 20:00:00,0.0,0.1877610550775766,0.16656314791953494,-1686622.3411477068
2025-01-29 21:00:00,0.0,0.21212408707728223,0.166619696356488,-1604633.4998177085
2025-01-29 22:00:00,0.0,0.20292365264810855,0.16667626711086653,-1744977.279941086
2025-01-29 23:00:00,0.0,0.2838126391258328,0.16673286015356714,-1645810.136391163
2025-01-30 00:00:00,0.0,0.2891382030147244,0.16678947545547504,-1690229.9089166275
2025-01-30 01:00:00,0.0,0.26862405045531645,0.16684611298746382,-1667970.433078639
2025-01-30 02:00:00,0.0,0.22974397150946882,0.1669027727203959,-1661061.0982097369
2025-01-30 03:00:00,0.0,0.23779002262735574,0.16695945462512193,-1671687.6407720486
2025-01-30 04:00:00,0.0,0.2238308402561687,0.1670161586724815,-1686839.6807218522
2025-01-30 05:00:00,0.0,0.25748102474669843,0.16707288483330263,-1596929.9193863878
2025-01-30 06:00:00,0.0,0.20051372883228832,0.1671296330784019,-1610939.0885195609
2025-01-30 07:00:00,0.022379937870261997,0.2941214337463933,0.16718640337858467,-1569556.4719082757
2025-01-30 08:00:00,0.043234719959261654,0.22923492841894139,0.16724319570464494,-1558823.2059184357
2025-01-30 09:00:00,0.06114312733179058,0.2037891047734923,0.1673000100273653,-1567962.7816879288
2025-01-30 10:00:00,0.07488473162045342,0.20167797648630914,0.16735684631751702,-1493798.9788409683
2025-01-30 11:00:00,0.08352306520205258,0.2251869579112531,0.16741370454586016,-1561531.4851131842
2025-01-30 12:00:00,0.08646943991852332,0.23581733392749,0.16747058468314344,-1399552.7367915318
2025-01-30 13:00:00,0.08352306520205258,0.28289971216376597,0.16752748670010426,-1389069.2511345444
2025-01-30 14:00:00,0.07488473162045342,0.27236666267110954,0.1675844105674689,-1433298.8474511723
2025-01-30 15:00:00,0.06114312733179059,0.2961387828354164,0.16764135625595225,-1583730.2501180968
2025-01-30 16:00:00,0.043234719959261654,0.29500466816112814,0.1676983237362581,-1482575.225935727
2025-01-30 17:00:00,0.022379937870262018,0.2664601104111568,0.16775531297907886,-1605540.580419483
2025-01-30 18:00:00,1.0589452282028395e-17,0.2229834428267892,0.16781232395509596,-1517858.768592326
2025-01-30 19:00:00,0.0,0.271943438843849,0.1678693566349795,-1551471.6891891076
2025-01-30 20:00:00,0.0,0.22106849100556422,0.16792641098938846,-1576472.326520085
2025-01-30 21:00:00,0.0,0.26710049916024636,0.16798348698897064,-1654014.0504003193
2025-01-30 22:00:00,0.0,0.2889074556207295,0.16804058460436275,-1652893.8781495877
2025-01-30 23:00:00,0.0,0.23006159306404578,0.16809770380619038,-1702629.3189612783
2025-01-31 00:00:00,0.0,0.25685193007658697,0.1681548445650679,-1700175.885794056
2025-01-31 01:00:00,0.0,0.20009398057300554,0.16821200685159882,-1796055.3762218994
2025-01-31 02:00:00,0.0,0.25326579266671706,0.16826919063637533,-1662595.9187123869
2025-01-31 03:00:00,0.0,0.22001111688066188,0.16832639588997872,-1876025.5981924187
2025-01-31 04:00:00,0.0,0.23074383247530006,0.16838362258297915,-1641781.0291663231
2025-01-31 05:00:00,0.0,0.29019465751832707,0.16844087068593586,-1621480.7605304467
2025-01-31 06:00:00,0.0,0.21179388792691206,0.16849814016939688,-1556607.738942729
2025-01-31 07:00:00,0.023458147446151587,0.24668609392007435,0.16855543100389941,-1557968.708063113
2025-01-31 08:00:00,0.045317660910269536,0.22486301749691964,0.16861274315996966,-1588018.1444174359
2025-01-31 09:00:00,0.06408885067432825,0.21071006709572654,0.16867007660812275,-1469008.2331229716
2025-01-31 10:00:00,0.07849249117676489,0.20152987595391583,0.16872743131886297,-1536424.5190832554
2025-01-31 11:00:00,0.08754699812047984,0.20971867350575774,0.1687848072626836,-1574870.750117429
2025-01-31 12:00:00,0.09063532182053909,0.29029449769076365,0.16884220441006706,-1456570.787594469
2025-01-31 13:00:00,0.08754699812047984,0.18863219972347736,0.1688996227314848,-1431009.7770496928
2025-01-31 14:00:00,0.0784924911767649,0.22769256275049976,0.16895706219739734,-1459041.2330457203
2025-01-31 15:00:00,0.06408885067432826,0.22964242226318574,0.1690145227782545,-1476429.3530293773
2025-01-31 16:00:00,0.045317660910269536,0.21418885535020743,0.16907200444449494,-1529758.2009629707
2025-01-31 17:00:00,0.023458147446151614,0.2165307073242998,0.16912950716654684,-1532717.715587354
2025-01-31 18:00:00,1.1099625675721344e-17,0.20209877521320305,0.16918703091482723,-1630020.0657782804
2025-01-31 19:00:00,0.0,0.3005790391944837,0.16924457565974252,-1453537.19928428
2025-01-31 20:00:00,0.0,0.29339251964702046,0.16930214137168823,-1651507.3826922984
2025-01-31 21:00:00,0.0,0.19059899504421857,0.16935972802104907,-1668468.7788807284
2025-01-31 22:00:00,0.0,0.2731914674614559,0.16941733557819907,-1610718.5425692077
2025-01-31 23:00:00,0.0,0.19971905775352905,0.1694749640135014,-1700567.1553925448
2025-02-01 00:00:00,0.0,0.2627369505524945,0.16953261329730862,-1635247.0021355175
2025-02-01 01:00:00,0.0,0.2235292881363257,0.16959028339996243,-1639440.3389554755
2025-02-01 02:00:00,0.0,0.2765237353947354,0.16964797429179387,-1689333.8030735587
2025-02-01 03:00:00,0.0,0.2890375335271584,0.16970568594312335,-1675007.9989994203
2025-02-01 04:00:00,0.0,0.2054229133726197,0.16976341832426048,-1576040.659881915
2025-02-01 05:00:00,0.0,0.2546212808581092,0.16982117140550426,-1644176.6520182095
2025-02-01 06:00:00,0.0,0.2564369748641307,0.1698789451571431,-1506215.5481416783
2025-02-01 07:00:00,0.02455816599249823,0.26188897255867777,0.1699367395494547,-1632529.2785711433
2025-02-01 08:00:00,0.04744273355689589,0.2604114789510365,0.16999455455270618,-1532295.1090843526
2025-02-01 09:00:00,0.06709415723221532,0.2155906767130778,0.170052390137154,-1546708.84595081
2025-02-01 10:00:00,0.08217322497049662,0.20926250976976157,0.17011024627304414,-1560553.8671502303
2025-02-01 11:00:00,0.09165232322471356,0.23431619805430492,0.17016812293061184,-1420545.2234650655
2025-02-01 12:00:00,0.0948854671137918,0.19091563749274645,0.17022602008008197,-1442353.8371481348
2025-02-01 13:00:00,0.09165232322471356,0.2506478670848812,0.17028393769166872,-1451986.7666427374
2025-02-01 14:00:00,0.08217322497049662,0.29797070690629557,0.17034187573557585,-1433637.0606833906
2025-02-01 15:00:00,0.06709415723221533,0.22872582456402643,0.17039983418199653,-1557325.4860757778
2025-02-01 16:00:00,0.04744273355689589,0.290624476273943,0.17045781300111343,-1497997.8331660475
2025-02-01 17:00:00,0.024558165992498254,0.21121970426236003,0.1705158121630988,-1514242.3963448522
2025-02-01 18:00:00,1.1620118358650658e-17,0.19511288589071227,0.17057383163811446,-1494464.0852886979
2025-02-01 19:00:00,0.0,0.1960246860097284,0.17063187139631167,-1635014.005900496
2025-02-01 20:00:00,0.0,0.2537379709062574,0.17068993140783126,-1719216.3796035673
2025-02-01 21:00:00,0.0,0.20646934510796158,0.1707480116428038,-1706884.007980887
2025-02-01 22:00:00,0.0,0.2805693173473903,0.1708061120713492,-1617156.682774483
2025-02-01 23:00:00,0.0,0.22476936869783692,0.1708642326635772,-1707008.192630287
2025-02-02 00:00:00,0.0,0.257580597613748,0.17092237338958705,-1668331.5827949417
2025-02-02 01:00:00,0.0,0.2635908566691566,0.17098053421946774,-1622933.8268077057
2025-02-02 02:00:00,0.0,0.23617388960264232,0.1710387151232978,-1733015.5736739533
2025-02-02 03:00:00,0.0,0.21557520701024005,0.17109691607114552,-1693375.8666005635
2025-02-02 04:00:00,0.0,0.2323023737081947,0.17115513703306887,-1646763.8881429743
2025-02-02 05:00:00,0.0,0.2439562802244418,0.17121337797911543,-1603324.1617388455
2025-02-02 06:00:00,0.0,0.24607706437906574,0.1712716388793226,-1599108.8125633996
2025-02-02 07:00:00,0.025679667550066294,0.2845586293557508,0.1713299197037175,-1653962.2607439095
2025-02-02 08:00:00,0.049609308194252716,0.28389000354743815,0.17138822042231702,-1424153.0571139776
2025-02-02 09:00:00,0.07015815646825892,0.2623727842554096,0.1714465410051277,-1496930.377205096
2025-02-02 10:00:00,0.08592584232078875,0.30020685128568575,0.17150488142214598,-1511345.8257769379
2025-02-02 11:00:00,0.09583782401832522,0.27913890795474744,0.17156324164335807,-1486964.7210348605
2025-02-02 12:00:00,0.09921861638850545,0.2801717171401437,0.17162162163873992,-1432220.4953191748
2025-02-02 13:00:00,0.09583782401832522,0.24658085780884445,0.17168002137825747,-1506754.0575516007
2025-02-02 14:00:00,0.08592584232078876,0.24999784499547623,0.17173844083186632,-1456625.9751110787
2025-02-02 15:00:00,0.07015815646825893,0.2508093388670472,0.17179687996951198,-1412909.311527895
2025-02-02 16:00:00,0.049609308194252716,0.24205087066601566,0.17185533876112993,-1621043.4733978761
2025-02-02 17:00:00,0.025679667550066322,0.30347741168714376,0.17191381717664544,-1439044.053747654
2025-02-02 18:00:00,1.2150776097601231e-17,0.19529622824938875,0.1719723151859737,-1531260.807653178
2025-02-02 19:00:00,0.0,0.19774934282603426,0.17203083275901987,-1611434.9871716567
2025-02-02 20:00:00,0.0,0.20884726354245395,0.17208936986567896,-1709362.9275155123
2025-02-02 21:00:00,0.0,0.2064212696763146,0.172147926475836,-1718651.3362959663
2025-02-02 22:00:00,0.0,0.29290149589076386,0.17220650255936595,-1712497.8945672477
2025-02-02 23:00:00,0.0,0.29092034054648314,0.17226509808613374,-1774675.3919818
2025-02-03 00:00:00,0.0,0.19374910821321947,0.1723237130259944,-1689853.0314639038
2025-02-03 01:00:00,0.0,0.21053881517683845,0.17238234734879287,-1620358.9819868302
2025-02-03 02:00:00,0.0,0.22012090458232722,0.17244100102436408,-1675504.3652776016
2025-02-03 03:00:00,0.0,0.21929887983880367,0.17249967402253316,-1658402.747337396
2025-02-03 04:00:00,0.0,0.24816191767776427,0.17255836631311514,-1598096.5043723804
2025-02-03 05:00:00,0.0,0.2859456013337998,0.1726170778659152,-1584769.8695311043
2025-02-03 06:00:00,0.0,0.2432021508512515,0.1726758086507286,-1615036.2325703904
2025-02-03 07:00:00,0.02682231979374028,0.1988009872871728,0.17273455863734077,-1644441.6811001268
2025-02-03 08:00:00,0.05181674281951641,0.22954639228683463,0.1727933277955271,-1506654.9318936286
2025-02-03 09:00:00,0.07327994045335881,0.2040964894633938,0.17285211609505333,-1433553.3388071684
2025-02-03 10:00:00,0.08974923124613224,0.26872492356397487,0.17291092350567513,-1441605.080234018
2025-02-03 11:00:00,0.10010226024709909,0.20194723487823288,0.17296974999713852,-1429971.9643790796
2025-02-03 12:00:00,0.10363348563903285,0.26020504670740313,0.17302859553917957,-1484081.0353806415
2025-02-03 13:00:00,0.10010226024709909,0.28960091221307455,0.1730874601015247,-1416365.6862887223
2025-02-03 14:00:00,0.08974923124613225,0.22611391785391904,0.17314634365389037,-1463895.054401639
2025-02-03 15:00:00,0.07327994045335882,0.26560588246178946,0.17320524616598337,-1347774.5401349505
2025-02-03 16:00:00,0.05181674281951641,0.2720745475831782,0.17326416760750077,-1513206.0910761831
2025-02-03 17:00:00,0.02682231979374031,0.23837162237819304,0.17332310794812977,-1499014.7205953011
2025-02-03 18:00:00,1.2691441647232476e-17,0.28009921636180835,0.17338206715754803,-1467852.167258641
2025-02-03 19:00:00,0.0,0.2558512544458309,0.17344104520542333,-1501056.2809054689
2025-02-03 20:00:00,0.0,0.23213834538493044,0.17350004206141387,-1563129.3754826956
2025-02-03 21:00:00,0.0,0.19948756352890304,0.17355905769516808,-1507304.301834499
2025-02-03 22:00:00,0.0,0.2923121679369773,0.17361809207632484,-1608946.5591300593
2025-02-03 23:00:00,0.0,0.26798349992118653,0.1736771451745133,-1685448.722137974
2025-02-04 00:00:00,0.0,0.2742929373075461,0.17373621695935304,-1718471.9877798518
2025-02-04 01:00:00,0.0,0.25607437970129454,0.17379530740045396,-1757615.0203208807
2025-02-04 02:00:00,0.0,0.21459235466712995,0.17385441646741645,-1623195.5466987647
2025-02-04 03:00:00,0.0,0.23122150714875322,0.1739135441298312,-1550581.1662151865
2025-02-04 04:00:00,0.0,0.30959385172999454,0.17397269035727947,-1690258.6683873713
2025-02-04 05:00:00,0.0,0.2772474297690977,0.17403185511933283,-1589688.057611904
2025-02-04 06:00:00,0.0,0.21005533502282922,0.17409103838555345,-1533382.2593747678
2025-02-04 07:00:00,0.027985784130999947,0.24744072344346885,0.17415024012549388,-1617396.7619758567
2025-02-04 08:00:00,0.05406438332216723,0.21181852552636726,0.17420946030869722,-1511547.994814434
2025-02-04 09:00:00,0.07645858413554667,0.25476370145212585,0.17426869890469698,-1491020.2727719422
2025-02-04 10:00:00,0.0936422587938731,0.2418816371530532,0.1743279558830174,-1479530.7580903587
2025-02-04 11:00:00,0.10444436826654663,0.20237932782038295,0.1743872312131731,-1379481.1585264374
2025-02-04 12:00:00,0.10812876664433448,0.1993052499491194,0.17444652486466924,-1427488.5858259557
2025-02-04 13:00:00,0.10444436826654663,0.22878044191209415,0.17450583680700169,-1324253.260481017
2025-02-04 14:00:00,0.09364225879387311,0.23704265469287525,0.17456516700965682,-1553976.9500380303
2025-02-04 15:00:00,0.07645858413554668,0.20704252287533537,0.1746245154421116,-1467522.5462628482
2025-02-04 16:00:00,0.05406438332216723,0.2875756454426204,0.17468388207383367,-1410590.8972898105
2025-02-04 17:00:00,0.027985784130999974,0.21717265716811926,0.17474326687428124,-1495877.770998085
2025-02-04 18:00:00,1.324195479667353e-17,0.24060280317187355,0.17480266981290324,-1575012.782688748
2025-02-04 19:00:00,0.0,0.2726857421040034,0.17486209085913929,-1564076.8726776429
2025-02-04 20:00:00,0.0,0.28787634166931103,0.17492152998241953,-1610133.858178981
2025-02-04 21:00:00,0.0,0.28521794098309566,0.174980987152165,-1675830.296793534
2025-02-04 22:00:00,0.0,0.20610804677330613,0.1750404623377874,-1578945.6591355612
2025-02-04 23:00:00,0.0,0.2829027572338865,0.17509995550868906,-1711535.2097967765
2025-02-05 00:00:00,0.0,0.26022929444180115,0.17515946663426316,-1539518.2003346146
2025-02-05 01:00:00,0.0,0.2377358519694055,0.1752189956838936,-1673540.4397423475
2025-02-05 02:00:00,0.0,0.25763422213095627,0.1752785426269551,-1677915.7491463025
2025-02-05 03:00:00,0.0,0.2298405248878402,0.1753381074328131,-1684361.8392769927
2025-02-05 04:00:00,0.0,0.25856219068007597,0.17539769007082395,-1631113.7107482436
2025-02-05 05:00:00,0.0,0.25195169754261426,0.1754572905103348,-1644675.406818637
2025-02-05 06:00:00,0.0,0.216471434861233,0.1755169087206835,-1642183.3462600808
2025-02-05 07:00:00,0.02916971580225254,0.2640249671139933,0.175576544671199,-1562808.6955916763
2025-02-05 08:00:00,0.05635156367781616,0.27701603399236663,0.1756361983312009,-1438867.007228422
2025-02-05 09:00:00,0.07969314561409871,0.2402178211052449,0.17569586966999984,-1510125.9468315593
2025-02-05 10:00:00,0.0976037713759305,0.25392957550307294,0.1757555586568973,-1490241.3725847495
2025-02-05 11:00:00,0.10886286141635126,0.2504525941425204,0.17581526526118565,-1447366.5785135843
2025-02-05 12:00:00,0.11270312735563233,0.30304828304612635,0.17587498945214836,-1454375.8956967862
2025-02-05 13:00:00,0.10886286141635126,0.2763650330799538,0.17593473119905956,-1426988.4546026324
2025-02-05 14:00:00,0.0976037713759305,0.24699640685376006,0.17599449047118465,-1546262.0188908873
2025-02-05 15:00:00,0.07969314561409871,0.23176035242183185,0.1760542672377798,-1453499.167707982
2025-02-05 16:00:00,0.05635156367781616,0.2603536218829036,0.17611406146809236,-1504383.504422505
2025-02-05 17:00:00,0.029169715802252572,0.2388350766858917,0.1761738731313605,-1545971.147100532
2025-02-05 18:00:00,1.3802152416997163e-17,0.2718244190800727,0.17623370219681353,-1406273.9996785247
2025-02-05 19:00:00,0.0,0.2506281774491515,0.17629354863367183,-1570996.1835477534
2025-02-05 20:00:00,0.0,0.20299263485434654,0.17635341241114685,-1666986.9737766776
2025-02-05 21:00:00,0.0,0.3064176192679431,0.17641329349844098,-1521734.8308123355
2025-02-05 22:00:00,0.0,0.20877380335993914,0.17647319186474789,-1557478.472738285
2025-02-05 23:00:00,0.0,0.19906687458829003,0.17653310747925222,-1614594.0672133875
2025-02-06 00:00:00,0.0,0.2863643228563211,0.17659304031112982,-1684981.3867945902
2025-02-06 01:00:00,0.0,0.2789968948248369,0.17665299032954765,-1688861.192259755
2025-02-06 02:00:00,0.0,0.31101376319333696,0.17671295750366378,-1596640.6055768766
2025-02-06 03:00:00,0.0,0.30921469792851414,0.17677294180262756,-1570078.1690863294
2025-02-06 04:00:00,0.0,0.261081105094409,0.1768329431955795,-1700654.0666532395
2025-02-06 05:00:00,0.0,0.2767636264788765,0.17689296165165122,-1620849.401890026
2025-02-06 06:00:00,0.0,0.21431192760430393,0.1769529971399657,-1604806.5566876668
2025-02-06 07:00:00,0.030373763982992543,0.3014486758755812,0.17701304962963704,-1605619.3665455035
2025-02-06 08:00:00,0.058677606145562416,0.22861293182898865,0.17707311908977066,-1598309.882601326
2025-02-06 09:00:00,0.08298266641864124,0.22842838192531495,0.17713320548946324,-1534490.927668698
2025-02-06 10:00:00,0.10163259511062993,0.21155959346442102,0.1771933087978027,-1446976.748217781
2025-02-06 11:00:00,0.1133564304016338,0.28572057135472406,0.17725342898386837,-1476930.998773813
2025-02-06 12:00:00,0.11735521229112486,0.22502649769659086,0.1773135660167308,-1394325.5076779763
2025-02-06 13:00:00,0.1133564304016338,0.23209208842970652,0.1773737198654519,-1386954.4106677142
2025-02-06 14:00:00,0.10163259511062993,0.24425560222720688,0.17743389049908487,-1489196.542173874
2025-02-06 15:00:00,0.08298266641864126,0.25547637105136173,0.1774940778866744,-1526394.65844161
2025-02-06 16:00:00,0.058677606145562416,0.22759391212041813,0.17755428199725645,-1554591.1019833738
2025-02-06 17:00:00,0.030373763982992574,0.23730144850837875,0.1776145027998585,-1526147.682571114
2025-02-06 18:00:00,1.437186850955842e-17,0.2100792453280651,0.17767474026349928,-1536289.9180025214
2025-02-06 19:00:00,0.0,0.20165244304907073,0.1777349943571891,-1576149.2797632383
2025-02-06 20:00:00,0.0,0.3006863893295483,0.17779526504992954,-1591767.4708762423
2025-02-06 21:00:00,0.0,0.3122053996700677,0.17785555231071384,-1645797.482643614
2025-02-06 22:00:00,0.0,0.3029803446403664,0.17791585610852662,-1708028.316254386
2025-02-06 23:00:00,0.0,0.30220331261422867,0.17797617641234398,-1690499.5520486666
2025-02-07 00:00:00,0.0,0.3098641275094465,0.17803651319113353,-1551595.2438960634
2025-02-07 01:00:00,0.0,0.2798930615154606,0.17809686641385444,-1643955.2884833952
2025-02-07 02:00:00,0.0,0.23845613570052307,0.17815723604945735,-1706357.1990986944
2025-02-07 03:00:00,0.0,0.23271519678377578,0.17821762206688457,-1694485.8979189354
2025-02-07 04:00:00,0.0,0.29915859036511305,0.1782780244350699,-1652668.5451300347
2025-02-07 05:00:00,0.0,0.29881150519221666,0.1783384431229387,-1586437.350238043
2025-02-07 06:00:00,0.0,0.27024951295319877,0.17839887809940805,-1481667.2913819943
2025-02-07 07:00:00,0.0315975718877585,0.21993039919533572,0.1784593293333865,-1582943.8983563604
2025-02-07 08:00:00,0.06104182146882271,0.24411855390126969,0.17851979679377442,-1489264.8722790447
2025-02-07 09:00:00,0.08632617179316626,0.3077299093279408,0.17858028044946364,-1405634.9766851594
2025-02-07 10:00:00,0.10572753617054963,0.24534494316893388,0.17864078026933775,-1514001.1144434714
2025-02-07 11:00:00,0.11792374368092477,0.24930584007853293,0.17870129622227204,-1454111.193500756
2025-02-07 12:00:00,0.12208364293764545,0.31283801373302295,0.17876182827713352,-1486546.115757566
2025-02-07 13:00:00,0.11792374368092477,0.2932907150277867,0.17882237640278084,-1366975.7224684916
2025-02-07 14:00:00,0.10572753617054964,0.30698917890508454,0.17888294056806442,-1398013.1744094575
2025-02-07 15:00:00,0.08632617179316626,0.26999775026931216,0.17894352074182643,-1409327.1476326864
2025-02-07 16:00:00,0.06104182146882271,0.2973202344548855,0.17900411689290074,-1548636.9565931866
2025-02-07 17:00:00,0.031597571887758524,0.2880573403806244,0.1790647289901132,-1497139.9445529766
2025-02-07 18:00:00,1.4950934255183587e-17,0.25319066319597994,0.1791253570022812,-1501634.571179256
2025-02-07 19:00:00,0.0,0.23718913929464278,0.17918600089821413,-1482491.0774256191
2025-02-07 20:00:00,0.0,0.21628058091022434,0.17924666064671307,-1474274.8175994675
2025-02-07 21:00:00,0.0,0.2768600316992114,0.17930733621657105,-1613551.5895271555
2025-02-07 22:00:00,0.0,0.3015668404257964,0.17936802757657297,-1703352.4664783585
2025-02-07 23:00:00,0.0,0.20704977887821563,0.17942873469549547,-1636915.2384694489
2025-02-08 00:00:00,0.0,0.22115614479737294,0.17948945754210727,-1651674.5944969007
2025-02-08 01:00:00,0.0,0.2211844906494661,0.1795501960851688,-1571067.5598513181
2025-02-08 02:00:00,0.0,0.30134586910411054,0.1796109502934326,-1673486.2971528822
2025-02-08 03:00:00,0.0,0.26328431399556057,0.17967172013564306,-1706378.6713175906
2025-02-08 04:00:00,0.0,0.296779456175183,0.17973250558053647,-1560687.8172892518
2025-02-08 05:00:00,0.0,0.3111800702078975,0.1797933065968412,-1547727.1711623122
2025-02-08 06:00:00,0.0,0.21574318509305881,0.17985412315327762,-1518865.0831896567
2025-02-08 07:00:00,0.03284077687585628,0.30276269261771094,0.17991495521855794,-1496650.050221123
2025-02-08 08:00:00,0.0634435090795728,0.2851364528133069,0.17997580276138658,-1548927.2788678638
2025-02-08 09:00:00,0.08972267098487247,0.25010902507274296,0.18003666575045993,-1610331.4340672882
2025-02-08 10:00:00,0.10988738113627748,0.24356064243147565,0.18009754415446635,-1528418.3702822814
2025-02-08 11:00:00,0.12256344786072876,0.21381001097591842,0.1801584379420864,-1394898.1088302035
2025-02-08 12:00:00,0.12688701815914563,0.2094061504806059,0.1802193470819927,-1477641.0614061244
2025-02-08 13:00:00,0.12256344786072876,0.21899692040690677,0.1802802715428499,-1446902.141635377
2025-02-08 14:00:00,0.1098873811362775,0.24361227548325787,0.18034121129331476,-1548545.8926218606
2025-02-08 15:00:00,0.08972267098487248,0.3009970510713204,0.18040216630203634,-1415012.732021021
2025-02-08 16:00:00,0.0634435090795728,0.31731878720753953,0.18046313653765564,-1549773.1909622776
2025-02-08 17:00:00,0.03284077687585632,0.23016903671595015,0.18052412196880593,-1487997.8097194578
2025-02-08 18:00:00,1.5539178064194976e-17,0.32085817093061414,0.18058512256411272,-1550763.4460667006
2025-02-08 19:00:00,0.0,0.2181506595604971,0.18064613829219356,-1552190.2559158502
2025-02-08 20:00:00,0.0,0.276411509829649,0.18070716912165838,-1630817.348687637
2025-02-08 21:00:00,0.0,0.28605978168003754,0.18076821502110924,-1615312.960524513
2025-02-08 22:00:00,0.0,0.2587259765154601,0.18082927595914047,-1627385.8588165038
2025-02-08 23:00:00,0.0,0.2546438674128853,0.18089035190433866,-1641425.2531932632
2025-02-09 00:00:00,0.0,0.3125043541671936,0.1809514428252827,-1692326.814189998
2025-02-09 01:00:00,0.0,0.2226017675396465,0.18101254869054376,-1675129.5292224044
2025-02-09 02:00:00,0.0,0.3051710066277502,0.18107366946868533,-1727763.8787064648
2025-02-09 03:00:00,0.0,0.24356455684816114,0.18113480512826322,-1669359.809540665
2025-02-09 04:00:00,0.0,0.24260973652442738,0.18119595563782556,-1604659.0171349
2025-02-09 05:00:00,0.0,0.260447485412535,0.18125712096591293,-1627302.2801099434
2025-02-09 06:00:00,0.0,0.2194165115899412,0.18131830108105815,-1615731.7606344214
2025-02-09 07:00:00,0.034103010558817363,0.21358455781480407,0.18137949595178654,-1470768.3589989983
2025-02-09 08:00:00,0.06588195730594096,0.2676687702422505,0.1814407055466158,-1496216.4830425608
2025-02-09 09:00:00,0.09317115753774692,0.30380023918746657,0.18150192983405605,-1382016.7015265888
2025-02-09 10:00:00,0.11411089735597335,0.3235787386898909,0.18156316878260986,-1475754.7036674274
2025-02-09 11:00:00,0.1272741680965643,0.2860687629329672,0.1816244223607722,-1496080.6124043637
2025-02-09 12:00:00,0.13176391461188194,0.21022213788316996,0.1816856905370306,-1445091.7434030715
2025-02-09 13:00:00,0.1272741680965643,0.3015965024648921,0.18174697327986508,-1484995.6456930581
2025-02-09 14:00:00,0.11411089735597338,0.3090845737691475,0.181808270557748,-1442892.6293792482
2025-02-09 15:00:00,0.09317115753774695,0.2522975917185515,0.18186958233914452,-1407465.7959753214
2025-02-09 16:00:00,0.06588195730594096,0.28770511614223543,0.1819309085925121,-1531185.8998049945
2025-02-09 17:00:00,0.034103010558817405,0.2915781763917777,0.1819922492863009,-1530224.134666227
2025-02-09 18:00:00,1.613642562725664e-17,0.2600882262042538,0.1820536043889535,-1503332.2081248148
2025-02-09 19:00:00,0.0,0.32609355078473234,0.18211497386890527,-1599841.0095920716
2025-02-09 20:00:00,0.0,0.29588911142917645,0.18217635769458404,-1612843.2212865204
2025-02-09 21:00:00,0.0,0.22810661634258445,0.1822377558344102,-1560341.2357751345
2025-02-09 22:00:00,0.0,0.31571924515875194,0.18229916825679707,-1715055.3934666691
2025-02-09 23:00:00,0.0,0.32305531404588345,0.18236059493015025,-1697806.3858283393
2025-02-10 00:00:00,0.0,0.25752677179691746,0.1824220358228682,-1693584.8639874484
2025-02-10 01:00:00,0.0,0.20976913144704817,0.18248349090334215,-1635369.0411414797
2025-02-10 02:00:00,0.0,0.23153934850959856,0.1825449601399558,-1785407.3250208239
2025-02-10 03:00:00,0.0,0.21839857389427123,0.1826064435010858,-1661463.8653736813
2025-02-10 04:00:00,0.0,0.25018425784126286,0.18266794095510133,-1696662.4163151882
2025-02-10 05:00:00,0.0,0.2741159202970121,0.18272945247036457,-1597225.3037585956
2025-02-10 06:00:00,0.0,0.28442806337052756,0.18279097801523012,-1574272.7139710106
2025-02-10 07:00:00,0.03538389890956027,0.2747687511777372,0.1828525175580457,-1549567.3618844068
2025-02-10 08:00:00,0.06835644358309172,0.32765661873809054,0.18291407106715163,-1586413.6473829448
2025-02-10 09:00:00,0.09667060959079965,0.30871524000041184,0.18297563851088108,-1512773.2680333056
2025-02-10 10:00:00,0.11839683331063043,0.2613020219848718,0.18303721985756014,-1488216.4734582903
2025-02-10 11:00:00,0.13205450850035994,0.21598655649540463,0.18309881507550763,-1383558.2367681202
2025-02-10 12:00:00,0.13671288716618346,0.28029660052351474,0.18316042413303524,-1440704.527242866
2025-02-10 13:00:00,0.13205450850035994,0.31738272889624874,0.18322204699844769,-1267587.9331688762
2025-02-10 14:00:00,0.11839683331063043,0.21395195140206955,0.18328368364004236,-1402863.4069211974
2025-02-10 15:00:00,0.09667060959079965,0.2536452263614131,0.18334533402610975,-1522573.8443234249
2025-02-10 16:00:00,0.06835644358309172,0.28692337148103664,0.18340699812493325,-1494573.431836621
2025-02-10 17:00:00,0.035383898909560306,0.2917331263454741,0.18346867590478907,-1461330.7349801161
2025-02-10 18:00:00,1.6742499967025986e-17,0.23589580472354194,0.18353036733394648,-1476597.7329513733
2025-02-10 19:00:00,0.0,0.21025530721784283,0.18359207238066777,-1563389.6056165085
2025-02-10 20:00:00,0.0,0.25134895186067935,0.1836537910132081,-1526146.8730205542
2025-02-10 21:00:00,0.0,0.22729057731329932,0.1837155231998158,-1593592.421642442
2025-02-10 22:00:00,0.0,0.22810388192930303,0.18377726890873206,-1584032.099601307
2025-02-10 23:00:00,0.0,0.26918592149201087,0.1838390281081912,-1652985.7924936658
2025-02-11 00:00:00,0.0,0.23092966267863743,0.18390080076642062,-1711897.6848977618
2025-02-11 01:00:00,0.0,0.3288043357627531,0.18396258685164074,-1632345.470933195
2025-02-11 02:00:00,0.0,0.3284955887987335,0.1840243863320651,-1578399.1995609477
2025-02-11 03:00:00,0.0,0.3287339654709505,0.18408619917590038,-1560982.4364446662
2025-02-11 04:00:00,0.0,0.2581659823564853,0.1841480253513463,-1570410.226508637
2025-02-11 05:00:00,0.0,0.32317534594561703,0.18420986482659582,-1626976.2008298133
2025-02-11 06:00:00,0.0,0.31153237541548817,0.18427171756983501,-1478760.1094043003
2025-02-11 07:00:00,0.0366830623732228,0.29339326046334363,0.1843335835492431,-1551608.949487028
2025-02-11 08:00:00,0.07086623466733734,0.3014280225418228,0.18439546273299248,-1537244.4885456036
2025-02-11 09:00:00,0.10021999018086286,0.27786824852162045,0.18445735508924885,-1439555.0941205777
2025-02-11 10:00:00,0.1227439189849272,0.2894942888039133,0.1845192605861711,-1460152.8872870104
2025-02-11 11:00:00,0.1369030525540857,0.23302556044981995,0.18458117919191128,-1498148.7855022552
2025-02-11 12:00:00,0.1417324693346747,0.24717322027118574,0.18464311087461474,-1368895.74524386
2025-02-11 13:00:00,0.1369030525540857,0.2613421258961185,0.18470505560242018,-1434155.1995926297
2025-02-11 14:00:00,0.12274391898492723,0.3081841167424913,0.1847670133434595,-1416893.4387922483
2025-02-11 15:00:00,0.10021999018086288,0.2939771698860469,0.18482898406585788,-1490676.9955330882
2025-02-11 16:00:00,0.07086623466733734,0.2926412601201375,0.18489096773773392,-1546104.5711548056
2025-02-11 17:00:00,0.036683062373222844,0.20934031724047478,0.18495296432719951,-1360602.627806305
2025-02-11 18:00:00,1.7357221490595977e-17,0.2567835293927608,0.18501497380235987,-1509676.8389816992
2025-02-11 19:00:00,0.0,0.31331870715747,0.18507699613131365,-1517759.7896880314
2025-02-11 20:00:00,0.0,0.2869145388077019,0.18513903128215278,-1550877.9903391544
2025-02-11 21:00:00,0.0,0.22881452014306064,0.18520107922296275,-1532833.9002341572
2025-02-11 22:00:00,0.0,0.23190358403475328,0.18526313992182228,-1649900.7261737073
2025-02-11 23:00:00,0.0,0.2551076257380256,0.18532521334680377,-1577464.2769805319
2025-02-12 00:00:00,0.0,0.29274943801791586,0.1853872994659728,-1640440.1994637595
2025-02-12 01:00:00,0.0,0.27696884736616134,0.18544939824738862,-1780079.1273606683
2025-02-12 02:00:00,0.0,0.2863099088602698,0.18551150965910387,-1605336.9227077193
2025-02-12 03:00:00,0.0,0.28817444983945767,0.18557363366916477,-1548368.167404602
2025-02-12 04:00:00,0.0,0.2400670437652484,0.18563577024561095,-1638226.8877835283
2025-02-12 05:00:00,0.0,0.2978830913289081,0.1856979193564757,-1564081.262709667
2025-02-12 06:00:00,0.0,0.2513118043002141,0.18576008096978572,-1512339.806175086
2025-02-12 07:00:00,0.03800011597963247,0.2292485321606229,0.18582225505356142,-1526744.5997589394
2025-02-12 08:00:00,0.07341058685341385,0.3073517398986587,0.1858844415758167,-1506694.8988145133
2025-02-12 09:00:00,0.1038182475498659,0.31554460274861496,0.18594664050455909,-1519916.2524695669
2025-02-12 10:00:00,0.12715086624356067,0.3166999427520338,0.18600885180778975,-1504894.551461155
2025-02-12 11:00:00,0.1418183635294984,0.22316884219983113,0.18607107545350343,-1390342.9645877364
2025-02-12 12:00:00,0.14682117370682773,0.29686028541335613,0.1861333114096886,-1427940.6984340549
2025-02-12 13:00:00,0.1418183635294984,0.22422655374392345,0.18619555964432732,-1387495.6727363185
2025-02-12 14:00:00,0.1271508662435607,0.29523922757220206,0.18625782012539538,-1426661.1878522325
2025-02-12 15:00:00,0.1038182475498659,0.21944902470559519,0.1863200928208623,-1408992.3682739357
2025-02-12 16:00:00,0.07341058685341385,0.21256992278125125,0.18638237769869123,-1383091.177549585
2025-02-12 17:00:00,0.038000115979632515,0.31403312255739807,0.18644467472683915,-1477933.489330453
2025-02-12 18:00:00,1.7980408042712408e-17,0.30404771606727354,0.18650698387325665,-1368980.6765803539
2025-02-12 19:00:00,0.0,0.2970711934786085,0.1865693051058883,-1516685.06900793
2025-02-12 20:00:00,0.0,0.24250932640592845,0.1866316383926722,-1567510.9522153249
2025-02-12 21:00:00,0.0,0.22282950038390412,0.18669398370154047,-1568326.0933536813
2025-02-12 22:00:00,0.0,0.2485345999769189,0.18675634100041885,-1528381.6300028122
2025-02-12 23:00:00,0.0,0.3046107689509348,0.18681871025722713,-1661190.0573700282
2025-02-13 00:00:00,0.0,0.32050625129805405,0.18688109143987877,-1589014.3153409534
2025-02-13 01:00:00,0.0,0.2626832568341342,0.18694348451628118,-1644704.9232585616
2025-02-13 02:00:00,0.0,0.27886165382400613,0.18700588945433558,-1639472.8463339445
2025-02-13 03:00:00,0.0,0.3246765034096718,0.18706830622193718,-1755345.1381915873
2025-02-13 04:00:00,0.0,0.23038732232260287,0.187130734786975,-1681379.4935343065
2025-02-13 05:00:00,0.0,0.3008104244478913,0.18719317511733208,-1472305.5349819143
2025-02-13 06:00:00,0.0,0.3134683704416061,0.18725562718088543,-1625276.6554355207
2025-02-13 07:00:00,0.03933466945738134,0.25912788650465995,0.1873180909455059,-1548016.3913154614
2025-02-13 08:00:00,0.07598874619485688,0.3185405302618326,0.1873805663790584,-1429274.6123475651
2025-02-13 09:00:00,0.10746431545649351,0.23702959320748043,0.18744305344940185,-1537452.3283843019
2025-02-13 10:00:00,0.13161636921294834,0.3195004922160029,0.18750555212438913,-1429846.3910742304
2025-02-13 11:00:00,0.14679898491387489,0.3288684633805111,0.1875680623718672,-1420030.7097507375
2025-02-13 12:00:00,0.15197749238971378,0.3260615845688537,0.18763058415967707,-1414721.8979899904
2025-02-13 13:00:00,0.14679898491387489,0.308487685653259,0.18769311745565373,-1354623.6630827691
2025-02-13 14:00:00,0.13161636921294834,0.2589442306066078,0.18775566222762632,-1457099.4744257939
2025-02-13 15:00:00,0.10746431545649354,0.31906771953139745,0.18781821844341814,-1497196.2991123996
2025-02-13 16:00:00,0.07598874619485688,0.24903410073296509,0.18788078607084643,-1459155.364890505
2025-02-13 17:00:00,0.03933466945738138,0.21780962880126772,0.18794336507772272,-1382010.942758877
2025-02-13 18:00:00,1.8611874959750422e-17,0.2984435631633517,0.1880059554318526,-1546289.5303866977
2025-02-13 19:00:00,0.0,0.22232000447722816,0.18806855710103582,-1549477.5478019428
2025-02-13 20:00:00,0.0,0.26831197606808976,0.1881311700530664,-1618885.6698722073
2025-02-13 21:00:00,0.0,0.32298334918479016,0.18819379425573243,-1596146.095660053
2025-02-13 22:00:00,0.0,0.3341364536927176,0.18825642967681624,-1635912.0587608584
2025-02-13 23:00:00,0.0,0.32321129518974023,0.18831907628409453,-1535394.050686466
2025-02-14 00:00:00,0.0,0.23604930272795388,0.18838173404533806,-1639866.2749483166
2025-02-14 01:00:00,0.0,0.3081264693641364,0.1884444029283119,-1707413.5869543562
2025-02-14 02:00:00,0.0,0.2769098286613621,0.18850708290077547,-1602381.432880366
2025-02-14 03:00:00,0.0,0.27926965039513946,0.18856977393048246,-1669658.096759675
2025-02-14 04:00:00,0.0,0.3039523699868697,0.1886324759851808,-1646830.0101250731
2025-02-14 05:00:00,0.0,0.2910973253978662,0.18869518903261281,-1641604.0549858604
2025-02-14 06:00:00,0.0,0.3101525587528805,0.18875791304051517,-1635188.6441669036
2025-02-14 07:00:00,0.040686327349471904,0.2855027223671754,0.18882064797661888,-1572673.1109174343
2025-02-14 08:00:00,0.07859994872741234,0.32534519306853255,0.18888339380864932,-1446468.5601501672
2025-02-14 09:00:00,0.11115711349213642,0.2720233291333494,0.1889461505043263,-1440840.9415685348
2025-02-14 10:00:00,0.1361391046681869,0.2828042505710749,0.18900891803136402,-1488000.42990378
2025-02-14 11:00:00,0.15184344084160836,0.31967874975122407,0.18907169635747104,-1487312.9825428154
2025-02-14 12:00:00,0.1571998974548247,0.3244863465509315,0.18913448545035055,-1411788.5129846453
2025-02-14 13:00:00,0.15184344084160836,0.24477697727586467,0.1891972852777,-1462047.2730954897
2025-02-14 14:00:00,0.13613910466818693,0.3202246535009271,0.1892600958072114,-1388052.5654793952
2025-02-14 15:00:00,0.11115711349213644,0.25697103573566493,0.18932291700657125,-1513706.6756284554
2025-02-14 16:00:00,0.07859994872741234,0.30062079815996356,0.1893857488434606,-1429969.362901795
2025-02-14 17:00:00,0.04068632734947195,0.2438612874737524,0.189448591285555,-1475846.1150731032
2025-02-14 18:00:00,1.9251435124434323e-17,0.2653352188730777,0.18951144430052444,-1486628.7451962125
2025-02-14 19:00:00,0.0,0.2520602577170922,0.18957430785603366,-1539465.719619908
2025-02-14 20:00:00,0.0,0.2757336210998124,0.18963718191974188,-1546118.1127592574
2025-02-14 21:00:00,0.0,0.2926725967152904,0.18970006645930287,-1528138.5295299958
2025-02-14 22:00:00,0.0,0.3128509729176266,0.18976296144236507,-1593841.4607629771
2025-02-14 23:00:00,0.0,0.33724682806593775,0.1898258668365716,-1500658.5849545582
2025-02-15 00:00:00,0.0,0.3173121450363333,0.18988878260956008,-1604870.0712345184
2025-02-15 01:00:00,0.0,0.28248673737211766,0.18995170872896286,-1646717.4069591546
2025-02-15 02:00:00,0.0,0.318559632818025,0.19001464516240704,-1558580.239010668
2025-02-15 03:00:00,0.0,0.21639550680597106,0.19007759187751433,-1569246.1629962078
2025-02-15 04:00:00,0.0,0.3024270869510187,0.19014054884190112,-1638936.504340949
2025-02-15 05:00:00,0.0,0.22474759216429255,0.19020351602317867,-1499131.1633376111
2025-02-15 06:00:00,0.0,0.2381293968803344,0.19026649338895282,-1594189.0659124122
2025-02-15 07:00:00,0.0420546891304996,0.22200835580060096,0.19032948090682428,-1633721.074583135
2025-02-15 08:00:00,0.08124342069541546,0.21597296573820254,0.19039247854438848,-1472354.7406125478
2025-02-15 09:00:00,0.11489554740103952,0.22381879208865724,0.19045548626923564,-1515941.6509046892
2025-02-15 10:00:00,0.14071773242515237,0.2779997583651123,0.19051850404895085,-1418802.5900780754
2025-02-15 11:00:00,0.15695023653153917,0.23612926277902654,0.190581531851114,-1432952.4259282916
2025-02-15 12:00:00,0.16248684139083092,0.2808893126420034,0.19064456964329982,-1381960.7205762647
2025-02-15 13:00:00,0.15695023653153917,0.3001207065440491,0.19070761739307782,-1410405.72231972
2025-02-15 14:00:00,0.1407177324251524,0.25364623257844987,0.19077067506801257,-1486287.1851403383
2025-02-15 15:00:00,0.11489554740103955,0.2852046042749645,0.1908337426356633,-1441319.1902988092
2025-02-15 16:00:00,0.08124342069541546,0.28638490545561673,0.19089682006358444,-1340661.9395342276
2025-02-15 17:00:00,0.042054689130499645,0.28228282505386676,0.19095990731932502,-1421563.7368139357
2025-02-15 18:00:00,1.9898899021284475e-17,0.24769208998931008,0.19102300437042932,-1398938.5036098994
2025-02-15 19:00:00,0.0,0.24004314699058718,0.1910861111844363,-1483910.0759516354
2025-02-15 20:00:00,0.0,0.3332277984801382,0.19114922772888013,-1562470.306589463
2025-02-15 21:00:00,0.0,0.27557910845504213,0.19121235397128988,-1593764.7552453526
2025-02-15 22:00:00,0.0,0.2973093109435945,0.19127548987918963,-1569987.5883132992
2025-02-15 23:00:00,0.0,0.3324800415939382,0.19133863542009844,-1599240.92018696
2025-02-16 00:00:00,0.0,0.2538123342287098,0.19140179056153048,-1623200.331581942
2025-02-16 01:00:00,0.0,0.242594098290393,0.191464955270995,-1685411.8774253377
2025-02-16 02:00:00,0.0,0.27903948066731243,0.19152812951599626,-1632667.3440160754
2025-02-16 03:00:00,0.0,0.32683200892147996,0.19159131326403364,-1489830.2654338225
2025-02-16 04:00:00,0.0,0.24735187602245137,0.19165450648260166,-1569676.5321892824
2025-02-16 05:00:00,0.0,0.24887389648448785,0.19171770913918995,-1616196.7643340658
2025-02-16 06:00:00,0.0,0.23134408140833904,0.19178092120128323,-1510246.2318727395
2025-02-16 07:00:00,0.04343934932533704,0.24587060498272525,0.19184414263636154,-1503936.566661915
2025-02-16 08:00:00,0.0839183787810713,0.2278157693623753,0.1919073734118998,-1471672.886033621
2025-02-16 09:00:00,0.1186785094045536,0.27293731762351936,0.19197061349536854,-1476084.0446487966
2025-02-16 10:00:00,0.1453508957376255,0.22518818768803675,0.1920338628542331,-1433465.0704760032
2025-02-16 11:00:00,0.16211785872989065,0.2561242317407265,0.19209712145595428,-1381712.827832387
2025-02-16 12:00:00,0.16783675756214264,0.3159413820796727,0.19216038926798812,-1483758.5895926382
2025-02-16 13:00:00,0.16211785872989065,0.23690368293344796,0.1922236662577858,-1364651.885924286
2025-02-16 14:00:00,0.14535089573762552,0.3317275217950686,0.19228695239279386,-1373285.3742002575
2025-02-16 15:00:00,0.11867850940455363,0.27946232791103315,0.19235024764045414,-1402448.8121040787
2025-02-16 16:00:00,0.0839183787810713,0.33839771516420913,0.19241355196820378,-1544229.921379175
2025-02-16 17:00:00,0.043439349325337086,0.2667811977721751,0.19247686534347522,-1465512.1356687385
2025-02-16 18:00:00,2.055407479277483e-17,0.23093196219723286,0.1925401877336963,-1556031.681254704
2025-02-16 19:00:00,0.0,0.29910542061254536,0.19260351910629014,-1538848.4115931867
2025-02-16 20:00:00,0.0,0.25015309437421585,0.19266685942867537,-1466981.525728832
2025-02-16 21:00:00,0.0,0.2294351723763502,0.19273020866826585,-1615789.6480672308
2025-02-16 22:00:00,0.0,0.3336606523520872,0.19279356679247095,-1533654.0216866827
2025-02-16 23:00:00,0.0,0.3216245310845771,0.1928569337686955,-1642900.7089325045
2025-02-17 00:00:00,0.0,0.2202109884759441,0.19292030956433975,-1713077.1350660753
2025-02-17 01:00:00,0.0,0.22352549719501758,0.19298369414679936,-1693662.1644217419
2025-02-17 02:00:00,0.0,0.2714677873937142,0.1930470874834655,-1646588.3238790692
2025-02-17 03:00:00,0.0,0.30712845900795416,0.19311048954172486,-1608469.6443166921
2025-02-17 04:00:00,0.0,0.23039121692818348,0.19317390028895956,-1637410.4025920983
2025-02-17 05:00:00,0.0,0.26148084614700495,0.19323731969254745,-1549709.497530651
2025-02-17 06:00:00,0.0,0.3178185142736473,0.1933007477198617,-1533534.436143463
2025-02-17 07:00:00,0.04483989762928506,0.23085316090252944,0.19336418433827113,-1635364.1684289735
2025-02-17 08:00:00,0.0866240303365688,0.2872219309958054,0.19342762951514014,-1520791.1247632112
2025-02-17 09:00:00,0.12250487852939404,0.23617140158965222,0.1934910832178288,-1431518.7967959994
2025-02-17 10:00:00,0.15003722169932493,0.25891939972733036,0.19355454541369266,-1441093.549784592
2025-02-17 11:00:00,0.1673447761586791,0.25380268456103783,0.19361801607008297,-1407111.463875178
2025-02-17 12:00:00,0.17324806067313764,0.26834115366256167,0.19368149515434668,-1369290.081252478
2025-02-17 13:00:00,0.1673447761586791,0.33333745316249624,0.1937449826338263,-1421302.6088887558
2025-02-17 14:00:00,0.15003722169932496,0.3052271251080589,0.19380847847586008,-1318876.5292991686
2025-02-17 15:00:00,0.12250487852939407,0.33461256357811814,0.19387198264778197,-1457382.1933185433
2025-02-17 16:00:00,0.0866240303365688,0.2328347803220113,0.19393549511692162,-1407327.7218696165
2025-02-17 17:00:00,0.04483989762928511,0.319325820598007,0.19399901585060436,-1467770.0760468685
2025-02-17 18:00:00,2.121676829618445e-17,0.3015178928571461,0.1940625448161514,-1497054.5899423838
2025-02-17 19:00:00,0.0,0.2689141321322916,0.19412608198087958,-1530604.3745987113
2025-02-17 20:00:00,0.0,0.3253138228355843,0.19418962731210163,-1522947.4744969045
2025-02-17 21:00:00,0.0,0.23720285946409614,0.19425318077712597,-1494176.964527923
2025-02-17 22:00:00,0.0,0.29642425525658217,0.19431674234325694,-1551064.8358673742
2025-02-17 23:00:00,0.0,0.2843417605411269,0.19438031197779462,-1591344.263128756
2025-02-18 00:00:00,0.0,0.33130384815859176,0.19444388964803502,-1542826.12667671
2025-02-18 01:00:00,0.0,0.3107260257461591,0.19450747532126997,-1662320.0295138222
2025-02-18 02:00:00,0.0,0.277994167410487,0.1945710689647872,-1646486.1932648881
2025-02-18 03:00:00,0.0,0.2695164330533742,0.19463467054587033,-1714990.9348391793
2025-02-18 04:00:00,0.0,0.2260718928249846,0.19469828003179887,-1612646.2525698184
2025-02-18 05:00:00,0.0,0.3169500526816996,0.19476189738984834,-1544050.2539790836
2025-02-18 06:00:00,0.0,0.2708830979475601,0.1948255225872901,-1400708.3054393018
2025-02-18 07:00:00,0.04625591902965491,0.30502965596043646,0.19488915559139158,-1601512.5053856599
2025-02-18 08:00:00,0.08935957361895931,0.3169696148086767,0.19495279636941618,-1549657.2491760177
2025-02-18 09:00:00,0.1263735209398093,0.2630136342346431,0.1950164448886232,-1481811.5280397802
2025-02-18 10:00:00,0.15477532165072905,0.2577481749501461,0.19508010111626808,-1417268.6743933365
2025-02-18 11:00:00,0.17262943996946423,0.29683855067878,0.19514376501960226,-1484978.0069246257
2025-02-18 12:00:00,0.17871914723791865,0.3229990542937078,0.19520743656587317,-1428629.955578802
2025-02-18 13:00:00,0.17262943996946423,0.2255075517043142,0.1952711157223244,-1388521.4522393146
2025-02-18 14:00:00,0.15477532165072905,0.32237144051990124,0.19533480245619556,-1393351.3751770977
2025-02-18 15:00:00,0.12637352093980933,0.2966718344548647,0.19539849673472237,-1386137.582449492
2025-02-18 16:00:00,0.08935957361895931,0.24554671239862422,0.1954621985251367,-1360673.7397232861
2025-02-18 17:00:00,0.046255919029654965,0.23788887236674447,0.19552590779466653,-1454891.7095039643
2025-02-18 18:00:00,2.188678316112616e-17,0.2263299348840118,0.19558962451053594,-1496517.299925122
2025-02-18 19:00:00,0.0,0.2572667719688626,0.1956533486399653,-1541246.2491426347
2025-02-18 20:00:00,0.0,0.3429235102346635,0.1957170801501711,-1599318.1889661325
2025-02-18 21:00:00,0.0,0.23263966679809156,0.19578081900836605,-1606245.0762353353
2025-02-18 22:00:00,0.0,0.3098875963840332,0.19584456518175902,-1651122.1278520986
2025-02-18 23:00:00,0.0,0.26743469589226976,0.1959083186375552,-1613379.0039881615
2025-02-19 00:00:00,0.0,0.2928744395910612,0.19597207934295593,-1610715.9060856155
2025-02-19 01:00:00,0.0,0.3308547661683907,0.196035847265159,-1660480.9370531952
2025-02-19 02:00:00,0.0,0.2208951578812066,0.19609962237135825,-1672633.4421929885
2025-02-19 03:00:00,0.0,0.32554242900955765,0.19616340462874401,-1657035.9698526743
2025-02-19 04:00:00,0.0,0.26580160704887734,0.19622719400450286,-1681555.9967880275
2025-02-19 05:00:00,0.0,0.24733979471992243,0.19629099046581774,-1535675.5631664835
2025-02-19 06:00:00,0.0,0.29761613709537166,0.19635479397986794,-1517934.5404896585
2025-02-19 07:00:00,0.047686993928745425,0.30120606245525694,0.19641860451382906,-1421753.5157440992
2025-02-19 08:00:00,0.0921241980277304,0.2471100884388752,0.1964824220348732,-1446966.0693551134
2025-02-19 09:00:00,0.13028329027356106,0.32523316032061467,0.19654624651016875,-1375460.302098056
2025-02-19 10:00:00,0.15956379159056563,0.33762832488879013,0.19661007790688056,-1382225.5208682332
2025-02-19 11:00:00,0.1779702842023065,0.346143346584055,0.19667391619217003,-1405062.896124618
2025-02-19 12:00:00,0.18424839605546084,0.28161880098877196,0.1967377613331949,-1487051.639645657
2025-02-19 13:00:00,0.1779702842023065,0.3111272299219668,0.19680161329710938,-1345142.7394647645
2025-02-19 14:00:00,0.15956379159056566,0.21980009525525357,0.19686547205106417,-1380849.2299448804
2025-02-19 15:00:00,0.1302832902735611,0.2609448679326635,0.19692933756220654,-1429836.375864018
2025-02-19 16:00:00,0.0921241980277304,0.33769740831660644,0.19699320979768023,-1412543.685616869
2025-02-19 17:00:00,0.04768699392874548,0.26533038422022215,0.19705708872462557,-1418722.3345895337
2025-02-19 18:00:00,2.2563920847735394e-17,0.3447489628630605,0.19712097431017936,-1522775.1940405264
2025-02-19 19:00:00,0.0,0.321224258361641,0.19718486652147513,-1410951.229843432
2025-02-19 20:00:00,0.0,0.22892829082458716,0.1972487653256428,-1462844.9808075265
2025-02-19 21:00:00,0.0,0.24165663453821634,0.197312670689809,-1517803.4634535718
2025-02-19 22:00:00,0.0,0.2618695347929166,0.19737658258109708,-1620854.8018435333
2025-02-19 23:00:00,0.0,0.23960493380961498,0.19744050096662685,-1574058.4466354968
2025-02-20 00:00:00,0.0,0.3076380088696971,0.19750442581351488,-1630636.1050498765
2025-02-20 01:00:00,0.0,0.23715580374812764,0.1975683570888744,-1697272.220626819
2025-02-20 02:00:00,0.0,0.34481942658585124,0.1976322947598154,-1525958.516087086
2025-02-20 03:00:00,0.0,0.3080896259061852,0.19769623879344442,-1639446.1920516093
2025-02-20 04:00:00,0.0,0.23156757297039357,0.19776018915686486,-1464020.011373156
2025-02-20 05:00:00,0.0,0.28900816459241563,0.19782414581717686,-1616758.0407658997
2025-02-20 06:00:00,0.0,0.29313662084976816,0.1978881087414772,-1481669.5087509712
2025-02-20 07:00:00,0.04913269826817886,0.27576965569027934,0.19795207789685962,-1510203.3516847205
2025-02-20 08:00:00,0.09491708434500426,0.2754321897886386,0.1980160532504145,-1454033.4426498725
2025-02-20 09:00:00,0.13423302798161602,0.2554674380231377,0.19808003476922906,-1444828.8582907114
2025-02-20 10:00:00,0.16440121259184787,0.2571538213594819,0.19814402242038745,-1423192.1182451446
2025-02-20 11:00:00,0.18336572624979489,0.26422419020640986,0.19820801617097053,-1418479.134189252
2025-02-20 12:00:00,0.18983416869000855,0.30905307348176625,0.19827201598805613,-1389015.6118921388
2025-02-20 13:00:00,0.18336572624979489,0.33674473416996625,0.19833602183871887,-1407085.4048763036
2025-02-20 14:00:00,0.1644012125918479,0.2238737049085777,0.19840003369003031,-1397102.8606306557
2025-02-20 15:00:00,0.13423302798161604,0.2466634111806678,0.198464051509059,-1427433.861161932
2025-02-20 16:00:00,0.09491708434500426,0.31705406525477886,0.19852807526287022,-1426795.2056476232
2025-02-20 17:00:00,0.049132698268178905,0.2570593846947338,0.1985921049185264,-1327422.0320963496
2025-02-20 18:00:00,2.3247980705501766e-17,0.2507157364390757,0.19865614044308685,-1467180.602122886
2025-02-20 19:00:00,0.0,0.23537916524336283,0.19872018180360781,-1579439.0483666367
2025-02-20 20:00:00,0.0,0.276088396933632,0.19878422896714262,-1489221.9493731693
2025-02-20 21:00:00,0.0,0.3215588387694264,0.19884828190074158,-1561064.6274605896
2025-02-20 22:00:00,0.0,0.2351280148766353,0.198912340571452,-1512976.7504178577
2025-02-20 23:00:00,0.0,0.2847017704169492,0.19897640494631824,-1558076.3476357714
2025-02-21 00:00:00,0.0,0.34606644385714974,0.1990404749923818,-1667751.472272498
2025-02-21 01:00:00,0.0,0.3392342756886559,0.19910455067668126,-1553239.1214248312
2025-02-21 02:00:00,0.0,0.24552242039927183,0.19916863196625212,-1685548.7564048523
2025-02-21 03:00:00,0.0,0.3243733962040263,0.1992327188281272,-1620255.2480686428
2025-02-21 04:00:00,0.0,0.2934079454506433,0.1992968112293364,-1681591.554930748
2025-02-21 05:00:00,0.0,0.26242726551204876,0.19936090913690674,-1570369.662800144
2025-02-21 06:00:00,0.0,0.2488112805375111,0.1994250125178624,-1583745.2419676327
2025-02-21 07:00:00,0.050592603654558574,0.342633847309911,0.19948912133922478,-1431623.0811819544
2025-02-21 08:00:00,0.09773740497828964,0.25085470041638147,0.1995532355680124,-1481079.9430793219
2025-02-21 09:00:00,0.1382215636714489,0.29190470975968835,0.19961735517124118,-1418267.1515197235
2025-02-21 10:00:00,0.169286151222333,0.3435852254882795,0.19968148011592407,-1398327.9130508995
2025-02-21 11:00:00,0.18881416732600748,0.2510072777771934,0.1997456103690714,-1402798.3574088486
2025-02-21 12:00:00,0.19547480995657934,0.3535254031472597,0.1998097458976907,-1377752.8155110616
2025-02-21 13:00:00,0.18881416732600748,0.3161531796869873,0.19987388666878683,-1320770.1007354513
2025-02-21 14:00:00,0.16928615122233304,0.22880365393797936,0.19993803264936197,-1353860.3065786245
2025-02-21 15:00:00,0.13822156367144892,0.313083750704993,0.2000021838064155,-1426138.8005092856
2025-02-21 16:00:00,0.09773740497828964,0.27039134524203096,0.20006634010694427,-1339131.8950655602
2025-02-21 17:00:00,0.05059260365455863,0.25555649928141777,0.20013050151794246,-1508436.5943456509
2025-02-21 18:00:00,2.3938760032726205e-17,0.3499068400190992,0.2001946680064016,-1474091.608478693
2025-02-21 19:00:00,0.0,0.29364777460745617,0.20025883953931053,-1432907.6252415623
2025-02-21 20:00:00,0.0,0.22233365901624047,0.20032301608365571,-1560381.2482479976
2025-02-21 21:00:00,0.0,0.33454040207084046,0.20038719760642074,-1600333.8749196283
2025-02-21 22:00:00,0.0,0.30859640475020117,0.20045138407458687,-1590689.1413029495
2025-02-21 23:00:00,0.0,0.23794242469976118,0.20051557545513274,-1681157.2519308142
2025-02-22 00:00:00,0.0,0.2573080626025816,0.20057977171503447,-1634063.3270794724
2025-02-22 01:00:00,0.0,0.23089912151406886,0.20064397282126561,-1552644.8244548852
2025-02-22 02:00:00,0.0,0.28848989802411124,0.20070817874079733,-1635072.6214372506
2025-02-22 03:00:00,0.0,0.3274818578693865,0.20077238944059822,-1637999.393785999
2025-02-22 04:00:00,0.0,0.22757596493218735,0.20083660488763444,-1573116.9363648954
2025-02-22 05:00:00,0.0,0.3198124444292435,0.20090082504886977,-1545594.142044503
2025-02-22 06:00:00,0.0,0.29114897802167006,0.20096504989126546,-1478904.9726101973
2025-02-22 07:00:00,0.052066277486411267,0.2344010261451955,0.20102927938178047,-1504942.3631215144
2025-02-22 08:00:00,0.10058432420571542,0.23315668050820057,0.20109351348737123,-1490573.045626259
2025-02-22 09:00:00,0.14224771545385517,0.346893747755994,0.20115775217499193,-1348954.5135054884
2025-02-22 10:00:00,0.17421715996927922,0.30023426887132526,0.2012219954115943,-1375168.7693635614
2025-02-22 11:00:00,0.19431399294026647,0.34652502381466443,0.20128624316412777,-1366597.5611259479
2025-02-22 12:00:00,0.2011686484114309,0.2937382079051144,0.20135049539953953,-1293117.5483385639
2025-02-22 13:00:00,0.19431399294026647,0.3490542732611346,0.20141475208477427,-1398973.157269813
2025-02-22 14:00:00,0.17421715996927922,0.26061728002192874,0.20147901318677458,-1311526.0736713116
2025-02-22 15:00:00,0.14224771545385517,0.22897788950743572,0.2015432786724807,-1364849.1934173722
2025-02-22 16:00:00,0.10058432420571542,0.2869215236041483,0.2016075485088306,-1413507.5086553136
2025-02-22 17:00:00,0.05206627748641133,0.2632459227713263,0.20167182266275996,-1357464.1881547533
2025-02-22 18:00:00,2.4636054136585813e-17,0.326041042332846,0.2017361011012024,-1443435.6605692697
2025-02-22 19:00:00,0.0,0.2726419136104766,0.20180038379108922,-1469768.0896374336
2025-02-22 20:00:00,0.0,0.2725435654951062,0.20186467069934957,-1500353.634566948
2025-02-22 21:00:00,0.0,0.3031050667080422,0.20192896179291037,-1582010.9911500236
2025-02-22 22:00:00,0.0,0.325518525257779,0.20199325703869647,-1580626.8162908864
2025-02-22 23:00:00,0.0,0.28274155393449535,0.20205755640363054,-1540120.7484525363
2025-02-23 00:00:00,0.0,0.2491507255956578,0.20212185985463313,-1535073.6690768485
2025-02-23 01:00:00,0.0,0.3534271356902535,0.20218616735862263,-1625574.2220363126
2025-02-23 02:00:00,0.0,0.32691568271659033,0.20225047888251554,-1611205.2434084492
2025-02-23 03:00:00,0.0,0.35387762460856714,0.20231479439322608,-1692664.7539697783
2025-02-23 04:00:00,0.0,0.2598107424360624,0.20237911385766655,-1657647.6833782373
2025-02-23 05:00:00,0.0,0.273200994065463,0.2024434372427471,-1563804.2808045032
2025-02-23 06:00:00,0.0,0.3063466214791283,0.20250776451537597,-1489582.4656044214
2025-02-23 07:00:00,0.05355328308237608,0.3174411757809236,0.20257209564245934,-1488683.9890842699
2025-02-23 08:00:00,0.10345699842367298,0.28021189260705964,0.20263643059090145,-1454598.119567872
2025-02-23 09:00:00,0.14631029029317028,0.2714722829659408,0.20270076932760453,-1428157.4293807829
2025-02-23 10:00:00,0.17919277766837488,0.23750080305437765,0.2027651118194689,-1414659.4552269736
2025-02-23 11:00:00,0.1998635733755464,0.27264090260372664,0.20282945803339292,-1455889.1567002619
2025-02-23 12:00:00,0.20691399684734602,0.35577932317492394,0.20289380793627304,-1294860.0689296264
2025-02-23 13:00:00,0.1998635733755464,0.3079481559406323,0.20295816149500384,-1345391.4410011244
2025-02-23 14:00:00,0.1791927776683749,0.25743971968149354,0.20302251867647794,-1402231.3833054986
2025-02-23 15:00:00,0.1463102902931703,0.3170917042705894,0.20308687944758624,-1396295.255673489
2025-02-23 16:00:00,0.10345699842367298,0.22718341004242246,0.20315124377521762,-1344499.8488460782
2025-02-23 17:00:00,0.05355328308237614,0.35034593689460036,0.20321561162625926,-1421422.6635388685
2025-02-23 18:00:00,2.5339656393788783e-17,0.35692861288625577,0.2032799829675965,-1390655.2290338427
2025-02-23 19:00:00,0.0,0.3596952178073401,0.20334435776611284,-1412555.4343604671
2025-02-23 20:00:00,0.0,0.29292913495562356,0.20340873598869003,-1532943.9294460996
2025-02-23 21:00:00,0.0,0.33415670580173135,0.20347311760220807,-1512811.7301969423
2025-02-23 22:00:00,0.0,0.30800574794495267,0.20353750257354516,-1572686.3815841086
2025-02-23 23:00:00,0.0,0.3293862481157146,0.2036018908695779,-1568113.207778513
2025-02-24 00:00:00,0.0,0.34207060333201633,0.20366628245718102,-1654731.2089514798
2025-02-24 01:00:00,0.0,0.286888839845906,0.20373067730322766,-1665514.665984881
2025-02-24 02:00:00,0.0,0.22761692623606,0.20379507537458927,-1572860.3685174645
2025-02-24 03:00:00,0.0,0.27745412018642324,0.20385947663813558,-1536053.6079582432
2025-02-24 04:00:00,0.0,0.24870438303663087,0.2039238810607348,-1556678.6318160929
2025-02-24 05:00:00,0.0,0.33333482403947706,0.20398828860925336,-1681581.1584292925
2025-02-24 06:00:00,0.0,0.32903630942191736,0.20405269925055625,-1504177.609684384
2025-02-24 07:00:00,0.055053179810602704,0.28724572464518144,0.20411711295150667,-1391983.0853602095
2025-02-24 08:00:00,0.10635457639679413,0.2445248492012445,0.2041815296789664,-1441870.038643125
2025-02-24 09:00:00,0.15040808436079173,0.23079394190128633,0.2042459493997957,-1384555.132114592
2025-02-24 10:00:00,0.18421152993671316,0.24457505627594261,0.20431037208085306,-1397826.5596387882
2025-02-24 11:00:00,0.2054612641713945,0.3310789083362458,0.20437479768899572,-1391980.3151952205
2025-02-24 12:00:00,0.21270915279358832,0.2924134823075864,0.2044392261910792,-1380150.8783079232
2025-02-24 13:00:00,0.2054612641713945,0.2781041037813236,0.20450365755395772,-1447708.1944120731
2025-02-24 14:00:00,0.1842115299367132,0.22952253123460326,0.20456809174448384,-1447528.9207335422
2025-02-24 15:00:00,0.15040808436079178,0.24375938369711683,0.20463252872950882,-1416963.1813667947
2025-02-24 16:00:00,0.10635457639679413,0.2748355807745175,0.20469696847588234,-1327722.927408168
2025-02-24 17:00:00,0.05505317981060277,0.27096200548332205,0.2047614109504528,-1459379.8706550852
2025-02-24 18:00:00,2.6049358311801317e-17,0.35010501794826177,0.20482585612006712,-1537732.2845390404
2025-02-24 19:00:00,0.0,0.31103323034334146,0.20489030395157085,-1492524.9730342962
2025-02-24 20:00:00,0.0,0.29753196505097,0.20495475441180816,-1458671.019960474
2025-02-24 21:00:00,0.0,0.34391214263474257,0.20501920746762187,-1579091.4521717771
2025-02-24 22:00:00,0.0,0.3207890207040921,0.20508366308585346,-1659642.1108831505
2025-02-24 23:00:00,0.0,0.3422520120267153,0.2051481212333431,-1520301.0818784803
2025-02-25 00:00:00,0.0,0.24926624194275734,0.2052125818769297,-1601626.5473616505
2025-02-25 01:00:00,0.0,0.34878535280165246,0.20527704498345078,-1638395.64408455
2025-02-25 02:00:00,0.0,0.23225673865236499,0.20534151051974273,-1620122.5428391984
2025-02-25 03:00:00,0.0,0.2757715876598748,0.20540597845264055,-1595904.3238562495
2025-02-25 04:00:00,0.0,0.3313110969293012,0.20547044874897816,-1614226.9762906001
2025-02-25 05:00:00,0.0,0.22780621808282223,0.2055349213755881,-1607850.7946772634
2025-02-25 06:00:00,0.0,0.35138080123074017,0.2055993962993018,-1562319.523826086
2025-02-25 07:00:00,0.05656552321932014,0.26422339496388086,0.20566387348694956,-1415662.9810025946
2025-02-25 08:00:00,0.10927619951019057,0.344725952293328,0.20572835290536037,-1442016.9021740048
2025-02-25 09:00:00,0.15453988339189967,0.34174802183477077,0.20579283452136224,-1569057.179245454
2025-02-25 10:00:00,0.18927192960968336,0.2880394671059034,0.20585731830178192,-1443483.435266932
2025-02-25 11:00:00,0.21110540661121985,0.3325361290839164,0.20592180421344508,-1367967.3631447754
2025-02-25 12:00:00,0.21855239902038118,0.3085348508711317,0.20598629222317633,-1434554.6891401163
2025-02-25 13:00:00,0.21110540661121985,0.30781541422515724,0.20605078229779916,-1352775.0387552762
2025-02-25 14:00:00,0.1892719296096834,0.2915565213956107,0.20611527440413602,-1354121.124484419
2025-02-25 15:00:00,0.1545398833918997,0.23470139637029763,0.20617976850900835,-1470002.70929895
2025-02-25 16:00:00,0.10927619951019057,0.31654436202431047,0.20624426457923647,-1477155.165722403
2025-02-25 17:00:00,0.05656552321932021,0.23374761174105452,0.20630876258163974,-1432049.7214474063
2025-02-25 18:00:00,2.6764949590628496e-17,0.24423979655608874,0.20637326248303658,-1435409.012332255
2025-02-25 19:00:00,0.0,0.2921621318481335,0.20643776425024427,-1445682.156285442
2025-02-25 20:00:00,0.0,0.2936223468882066,0.20650226785007936,-1504012.0033195664
2025-02-25 21:00:00,0.0,0.3152725067894881,0.20656677324935732,-1437796.140209817
2025-02-25 22:00:00,0.0,0.3413435903967056,0.20663128041489262,-1595140.5329505939
2025-02-25 23:00:00,0.0,0.2873057766380092,0.20669578931349897,-1537973.9607090452
2025-02-26 00:00:00,0.0,0.33268820115759584,0.20676029991198916,-1570384.3491658268
2025-02-26 01:00:00,0.0,0.3200122190888373,0.20682481217717505,-1567948.6575953471
2025-02-26 02:00:00,0.0,0.30040117368160335,0.20688932607586763,-1610200.4418994547
2025-02-26 03:00:00,0.0,0.2539329792577806,0.20695384157487712,-1599919.7357567642
2025-02-26 04:00:00,0.0,0.23051755749110373,0.2070183586410129,-1615818.061247384
2025-02-26 05:00:00,0.0,0.320993901427058,0.20708287724108349,-1568987.1846291358
2025-02-26 06:00:00,0.0,0.3295543625343703,0.20714739734189672,-1481162.725812608
2025-02-26 07:00:00,0.05808986516853737,0.3626546500283476,0.20721191891025956,-1512343.898406939
2025-02-26 08:00:00,0.11222100202388002,0.27562426812088453,0.2072764419129782,-1402198.4250276075
2025-02-26 09:00:00,0.1587044630452697,0.27154414250671316,0.20734096631685817,-1429894.6017114182
2025-02-26 10:00:00,0.19437247718165007,0.3119169507960032,0.20740549208870432,-1391967.3812863317
2025-02-26 11:00:00,0.21679432821380712,0.2285375089165204,0.20747001919532065,-1392242.1530860327
2025-02-26 12:00:00,0.2244420040477601,0.2506218163901668,0.20753454760351062,-1333428.6514592574
2025-02-26 13:00:00,0.21679432821380712,0.26356635887003094,0.20759907728007687,-1402821.6564017048
2025-02-26 14:00:00,0.19437247718165007,0.25274407190838805,0.20766360819182153,-1406319.9855461505
2025-02-26 15:00:00,0.15870446304526975,0.2801291661881673,0.207728140305546,-1399207.8018139869
2025-02-26 16:00:00,0.11222100202388002,0.33202381305700257,0.20779267358805115,-1408795.0992857392
2025-02-26 17:00:00,0.05808986516853743,0.24613147219762124,0.2078572080061372,-1562570.9435151978
2025-02-26 18:00:00,2.748621818513067e-17,0.2690738879118689,0.20792174352660367,-1487524.8532445394
2025-02-26 19:00:00,0.0,0.31018152391755893,0.20798628011624973,-1339742.3796866043
2025-02-26 20:00:00,0.0,0.24623257509502397,0.20805081774187387,-1546877.4277702358
2025-02-26 21:00:00,0.0,0.3496049971430164,0.2081153563702741,-1578388.727662891
2025-02-26 22:00:00,0.0,0.2425245284820999,0.20817989596824776,-1536017.8887643395
2025-02-26 23:00:00,0.0,0.27993675799084167,0.208244436502592,-1660600.880890318
2025-02-27 00:00:00,0.0,0.27739853176775353,0.2083089779401032,-1544200.9642943349
2025-02-27 01:00:00,0.0,0.3287292229229072,0.20837352024757733,-1612466.7907543958
2025-02-27 02:00:00,0.0,0.2636251847755487,0.20843806339181006,-1524326.5463931125
2025-02-27 03:00:00,0.0,0.3254153820796735,0.20850260733959655,-1563565.6182111185
2025-02-27 04:00:00,0.0,0.27443663982021416,0.20856715205773144,-1558182.4708869841
2025-02-27 05:00:00,0.0,0.26435168850669316,0.20863169751300906,-1526585.6517214584
2025-02-27 06:00:00,0.0,0.2617472764226288,0.20869624367222342,-1483829.5566254733
2025-02-27 07:00:00,0.059625753962836814,0.2713685100638328,0.20876079050216811,-1541574.710669665
2025-02-27 08:00:00,0.11518811132932366,0.2379058256725243,0.2088253379696364,-1384195.7855152672
2025-02-27 09:00:00,0.16290058926607148,0.3017920199744358,0.20888988604142109,-1443153.0997816122
2025-02-27 10:00:00,0.19951166125028882,0.22952467338679866,0.20895443468431493,-1354044.7739483565
2025-02-27 11:00:00,0.22252634322890832,0.290120025988492,0.20901898386511011,-1389324.4362594006
2025-02-27 12:00:00,0.23037622265864735,0.36717309442425866,0.20908353355059878,-1396671.4865967766
2025-02-27 13:00:00,0.22252634322890832,0.35449109808451645,0.20914808370757262,-1363367.6995273177
2025-02-27 14:00:00,0.19951166125028882,0.3666186985871704,0.20921263430282325,-1360306.4509110942
2025-02-27 15:00:00,0.16290058926607154,0.34572318183469203,0.2092771853031419,-1424638.2855765542
2025-02-27 16:00:00,0.11518811132932366,0.23005233555391164,0.20934173667531975,-1496592.5903661232
2025-02-27 17:00:00,0.05962575396283687,0.23070830861736866,0.2094062883861476,-1396999.9653469578
2025-02-27 18:00:00,2.8212950367857043e-17,0.2957438182986322,0.2094708404024163,-1511539.9816715275
2025-02-27 19:00:00,0.0,0.33562214013208813,0.20953539269091634,-1438750.1040208524
2025-02-27 20:00:00,0.0,0.27518794791680395,0.20959994521843825,-1564289.432281773
2025-02-27 21:00:00,0.0,0.29167553795383827,0.20966449795177225,-1571564.7711930159
2025-02-27 22:00:00,0.0,0.33615796056482594,0.20972905085770863,-1606579.2237267091
2025-02-27 23:00:00,0.0,0.26076111811768576,0.20979360390303745,-1721724.0684242884
2025-02-28 00:00:00,0.0,0.3435263228361543,0.20985815705454877,-1516382.9160855105
2025-02-28 01:00:00,0.0,0.2769396098281789,0.2099227102790326,-1601116.756859788
2025-02-28 02:00:00,0.0,0.2572336907369277,0.2099872635432789,-1605667.7158312292
2025-02-28 03:00:00,0.0,0.2502583391810599,0.21005181681407759,-1578366.5409675199
2025-02-28 04:00:00,0.0,0.24398738592969155,0.21011637005821862,-1548601.117836542
2025-02-28 05:00:00,0.0,0.24598596077410287,0.21018092324249188,-1550559.4003626197
2025-02-28 06:00:00,0.0,0.309035832599122,0.21024547633368745,-1525626.0023175448
2025-02-28 07:00:00,0.061172734485221536,0.337204571913094,0.21031002929859527,-1482680.1192147848
2025-02-28 08:00:00,0.11817664820799877,0.24779110875958538,0.21037458210400542,-1490027.7459218588
2025-02-28 09:00:00,0.16712701865154597,0.23545203038764026,0.2104391347167082,-1476407.2699070584
2025-02-28 10:00:00,0.2046879589644474,0.310156277066314,0.21050368710349368,-1374298.3642946004
2025-02-28 11:00:00,0.22829975313676756,0.32249139862533,0.21056823923115242,-1400997.4294238826
2025-02-28 12:00:00,0.23635329641599756,0.3432862750773288,0.2106327910664749,-1428889.290761086
2025-02-28 13:00:00,0.22829975313676756,0.2641044983926055,0.21069734257625172,-1405303.4893094902
2025-02-28 14:00:00,0.20468795896444741,0.3649244642085953,0.2107618937272738,-1396096.9308947995
2025-02-28 15:00:00,0.16712701865154603,0.34872417883238827,0.21082644448633206,-1365574.340205561
2025-02-28 16:00:00,0.11817664820799877,0.2633085327480443,0.2108909948202179,-1484223.4198375023
2025-02-28 17:00:00,0.06117273448522159,0.2580812523533996,0.21095554469572256,-1413292.421370625
2025-02-28 18:00:00,2.8944930792377704e-17,0.3594422052919457,0.21102009407963787,-1514971.713356179
2025-02-28 19:00:00,0.0,0.33181450335429086,0.21108464293875573,-1478161.0193505322
2025-02-28 20:00:00,0.0,0.27484858528296957,0.21114919123986828,-1463429.890222718
2025-02-28 21:00:00,0.0,0.3502025948486878,0.21121373894976808,-1556560.2931619068
2025-02-28 22:00:00,0.0,0.29249053809144954,0.21127828603524787,-1630305.1095282773
2025-02-28 23:00:00,0.0,0.3056154355231968,0.21134283246310084,-1575822.1296158382
2025-03-01 00:00:00,0.0,0.31411040056633827,0.21140737820012032,-1542032.960569102
2025-03-01 01:00:00,0.0,0.2673801074874258,0.21147192321310027,-1475884.0470297222
2025-03-01 02:00:00,0.0,0.28638357281511906,0.21153646746883473,-1533085.7780711846
2025-03-01 03:00:00,0.0,0.23257776691226678,0.21160101093411832,-1577738.957327226
2025-03-01 04:00:00,0.0,0.2624430723585764,0.21166555357574607,-1507705.4309423578
2025-03-01 05:00:00,0.0,0.2998909422490156,0.21173009536051332,-1559303.0154901575
2025-03-01 06:00:00,0.0,0.26112119005537693,0.21179463625521597,-1444205.4867409256
2025-03-01 07:00:00,0.06273034833197617,0.34261500046865334,0.2118591762266502,-1450092.0628851214
2025-03-01 08:00:00,0.12118572709193032,0.2398519225710545,0.21192371524161296,-1514542.1611397911
2025-03-01 09:00:00,0.17138249881945247,0.25618634904909937,0.21198825326690138,-1420958.4825771095
2025-03-01 10:00:00,0.2098998364753995,0.33894713606851185,0.21205279026931326,-1466146.838173025
2025-03-01 11:00:00,0.23411284715142866,0.3097596900059949,0.2121173262156469,-1279549.9959401637
2025-03-01 12:00:00,0.24237145418386066,0.2594108678382275,0.21218186107270123,-1344137.595215869
2025-03-01 13:00:00,0.23411284715142866,0.24941947853276944,0.21224639480727556,-1489631.5071125762
2025-03-01 14:00:00,0.2098998364753995,0.3409610735166018,0.21231092738616988,-1452405.045663968
2025-03-01 15:00:00,0.1713824988194525,0.25311452360093545,0.21237545877618486,-1351206.0573518123
2025-03-01 16:00:00,0.12118572709193032,0.24559560267956504,0.21243998894412155,-1309714.379414612
2025-03-01 17:00:00,0.06273034833197624,0.25246414520271787,0.21250451785678184,-1470034.11135851
2025-03-01 18:00:00,2.968194255709543e-17,0.316461428610067,0.21256904548096825,-1451242.8111604657
2025-03-01 19:00:00,0.0,0.3514662349104289,0.2126335717834838,-1419658.4989591204
2025-03-01 20:00:00,0.0,0.28669965922674484,0.21269809673113238,-1426996.1743007835
2025-03-01 21:00:00,0.0,0.2629821175124984,0.21276262029071843,-1510177.9367692638
2025-03-01 22:00:00,0.0,0.24854050044984097,0.21282714242904724,-1537098.6020984699
2025-03-01 23:00:00,0.0,0.23793838737726983,0.21289166311292468,-1591509.3527975308
2025-03-02 00:00:00,0.0,0.3651513355808681,0.21295618230915747,-1644486.4865797246
2025-03-02 01:00:00,0.0,0.2583697046488769,0.21302069998455314,-1621757.1610945677
2025-03-02 02:00:00,0.0,0.3650911304282819,0.21308521610591982,-1640190.9753838968
2025-03-02 03:00:00,0.0,0.3365691849826408,0.21314973064006665,-1535707.7817965357
2025-03-02 04:00:00,0.0,0.24206859997386715,0.21321424355380347,-1644253.8053832324
2025-03-02 05:00:00,0.0,0.32744430461255847,0.21327875481394093,-1639019.767898186
2025-03-02 06:00:00,0.0,0.25059186338053424,0.21334326438729062,-1500570.5144185114
2025-03-02 07:00:00,0.06429813394850188,0.28765276014105995,0.21340777224066493,-1482083.5078379586
2025-03-02 08:00:00,0.12421445632610373,0.2721779671785359,0.2134722783408772,-1415466.822789377
2025-03-02 09:00:00,0.17566576877917642,0.2358991366162221,0.21353678265474155,-1381709.1194598258
2025-03-02 10:00:00,0.21514574939135706,0.27361607956310097,0.21360128514907317,-1289463.6882551394
2025-03-02 11:00:00,0.2399639027276783,0.3277858421342643,0.2136657857906881,-1405775.9337875154
2025-03-02 12:00:00,0.2484289126522075,0.36490306649915083,0.21373028454640333,-1294224.9204968687
2025-03-02 13:00:00,0.2399639027276783,0.24075452625971178,0.21379478138303684,-1287783.509466305
2025-03-02 14:00:00,0.21514574939135706,0.2359832562505831,0.21385927626740764,-1406046.9587192766
2025-03-02 15:00:00,0.17566576877917645,0.32902906752589034,0.2139237691663356,-1399353.714797485
2025-03-02 16:00:00,0.12421445632610373,0.34456831612461225,0.21398826004664181,-1332482.6158471396
2025-03-02 17:00:00,0.06429813394850195,0.27118354840999837,0.21405274887514827,-1296026.653615799
2025-03-02 18:00:00,3.0423767269518333e-17,0.27707598056884325,0.21411723561867807,-1523562.6653808618
2025-03-02 19:00:00,0.0,0.2812800636061526,0.21418172024405532,-1450132.6371757432
2025-03-02 20:00:00,0.0,0.2857173258470831,0.21424620271810532,-1485508.7653638085
2025-03-02 21:00:00,0.0,0.3610075228170764,0.21431068300765443,-1591278.2244092247
2025-03-02 22:00:00,0.0,0.27474811831937074,0.2143751610795301,-1576904.8130762798
2025-03-02 23:00:00,0.0,0.3418529790564269,0.21443963690056098,-1496718.9098166449
2025-03-03 00:00:00,0.0,0.33485138827701294,0.2145041104375768,-1575626.6459997627
2025-03-03 01:00:00,0.0,0.32821502229086413,0.21456858165740858,-1544438.6126584196
2025-03-03 02:00:00,0.0,0.25981847722182466,0.21463305052688836,-1483948.9330176972
2025-03-03 03:00:00,0.0,0.24382872870201347,0.2146975170128496,-1511619.2945924432
2025-03-03 04:00:00,0.0,0.31635254278582525,0.2147619810821268,-1465260.0818556978
2025-03-03 05:00:00,0.0,0.32341829625719043,0.21482644270155585,-1541633.404966698
2025-03-03 06:00:00,0.0,0.2374357604319565,0.21489090183797377,-1530137.554722246
2025-03-03 07:00:00,0.06587562676608491,0.31093143750082436,0.21495535845821898,-1460817.173920322
2025-03-03 08:00:00,0.12726193843268163,0.37003151982641064,0.21501981252913113,-1338100.4644172494
2025-03-03 09:00:00,0.17997555930538822,0.30416435381847245,0.21508426401755112,-1328362.9537949804
2025-03-03 10:00:00,0.220424143235107,0.3162389173509452,0.2151487128903213,-1367701.0928218905
2025-03-03 11:00:00,0.24585118607147316,0.25157594443241554,0.21521315911428535,-1429949.382890656
2025-03-03 12:00:00,0.2545238768653633,0.3485994537714888,0.21527760265628818,-1405192.1034590264
2025-03-03 13:00:00,0.24585118607147316,0.31644491821428805,0.21534204348317623,-1324151.183169744
2025-03-03 14:00:00,0.220424143235107,0.315610810662915,0.21540648156179729,-1313107.6315792901
2025-03-03 15:00:00,0.17997555930538822,0.35249769856671265,0.2154709168590005,-1391101.1955930635
2025-03-03 16:00:00,0.12726193843268163,0.24933321765275124,0.21553534934163657,-1362451.9253397621
2025-03-03 17:00:00,0.06587562676608497,0.3528548726837038,0.2155997789765575,-1435293.1020306903
2025-03-03 18:00:00,3.117018511097422e-17,0.3442015093348002,0.21566420573061681,-1429153.8716729402
2025-03-03 19:00:00,0.0,0.3216533693233193,0.2157286295706696,-1457352.7993299959
2025-03-03 20:00:00,0.0,0.3239078632113635,0.2157930504635724,-1480844.3007956373
2025-03-03 21:00:00,0.0,0.2865305475813688,0.2158574683761831,-1421586.7287021657
2025-03-03 22:00:00,0.0,0.3532344404268745,0.2159218832753614,-1497524.8613116965
2025-03-03 23:00:00,0.0,0.26663156328970594,0.21598629512796844,-1515277.0752143066
2025-03-04 00:00:00,0.0,0.2584889857642336,0.21605070390086678,-1579132.927752595
2025-03-04 01:00:00,0.0,0.3186343385948434,0.2161151095609208,-1565191.140887494
2025-03-04 02:00:00,0.0,0.34639852485501715,0.21617951207499633,-1584113.6060991278
2025-03-04 03:00:00,0.0,0.2548131844508724,0.21624391140996088,-1504435.7490153052
2025-03-04 04:00:00,0.0,0.26142936974746295,0.21630830753268357,-1494921.311389152
2025-03-04 05:00:00,0.0,0.3476193671496245,0.2163727004100351,-1563909.330725045
2025-03-04 06:00:00,0.0,0.34560417286041883,0.21643709000888803,-1417050.1171312958
2025-03-04 07:00:00,0.0674623593395583,0.26109759012359274,0.21650147629611646,-1546302.6594927579
2025-03-04 08:00:00,0.1303272703769458,0.283234919220393,0.21656585923859623,-1470822.6477433972
2025-03-04 09:00:00,0.18431059331414207,0.2634324623763476,0.2166302388032049,-1549247.9144332565
2025-03-04 10:00:00,0.2257334539046364,0.23801930489795722,0.21669461495682174,-1436840.8546724617
2025-03-04 11:00:00,0.25177295265370037,0.25565676277715293,0.21675898766632784,-1419486.071017855
2025-03-04 12:00:00,0.2606545407538916,0.2905919387237008,0.216823356898606,-1417883.8485856587
2025-03-04 13:00:00,0.25177295265370037,0.2693887888808652,0.21688772262054085,-1380472.5068608522
2025-03-04 14:00:00,0.2257334539046364,0.27942357648303057,0.21695208479901876,-1368392.8066126637
2025-03-04 15:00:00,0.1843105933141421,0.27429699215800313,0.21701644340092804,-1337071.7307701875
2025-03-04 16:00:00,0.1303272703769458,0.2532834004455867,0.21708079839315875,-1479406.8410084066
2025-03-04 17:00:00,0.06746235933955838,0.28569185883590265,0.21714514974260282,-1375782.4901483196
2025-03-04 18:00:00,3.192097490174767e-17,0.28151992895591693,0.21720949741615406,-1464705.9632781532
2025-03-04 19:00:00,0.0,0.28295485634884754,0.21727384138070813,-1495310.9032868436
2025-03-04 20:00:00,0.0,0.32333832120900197,0.21733818160316276,-1482470.2474145205
2025-03-04 21:00:00,0.0,0.27396697264930026,0.2174025180504174,-1498212.411657927
2025-03-04 22:00:00,0.0,0.24887220300485222,0.21746685068937355,-1479402.4384555828
2025-03-04 23:00:00,0.0,0.2893512352569144,0.21753117948693465,-1557376.701412535
2025-03-05 00:00:00,0.0,0.3454945925591654,0.21759550441000608,-1500135.8451177927
2025-03-05 01:00:00,0.0,0.25782844197649046,0.21765982542549528,-1630467.1294838109
2025-03-05 02:00:00,0.0,0.23727035860235396,0.21772414250031172,-1564347.4144411588
2025-03-05 03:00:00,0.0,0.3309501112974008,0.21778845560136675,-1624482.8876617246
2025-03-05 04:00:00,0.0,0.3131571911797387,0.21785276469557394,-1512359.5527211884
2025-03-05 05:00:00,0.0,0.2740950787125113,0.21791706974984876,-1513562.8989042032
2025-03-05 06:00:00,0.0,0.23865012963966684,0.21798137073110893,-1406057.5429720853
2025-03-05 07:00:00,0.06905786148581605,0.3200691878822101,0.21804566760627406,-1426723.1142066694
2025-03-05 08:00:00,0.1334095438348858,0.34847618495279703,0.21810996034226612,-1319483.5652768742
2025-03-05 09:00:00,0.18866958624130342,0.34106541158326903,0.218174248906009,-1465116.931014501
2025-03-05 10:00:00,0.2310721081366095,0.23988855500888662,0.21823853326442885,-1516549.6141155453
2025-03-05 11:00:00,0.25772744772711953,0.30040184202097225,0.2183028133844539,-1418498.1835245923
2025-03-05 12:00:00,0.2668190876697716,0.24475168152387958,0.21836708923301465,-1361638.810631567
2025-03-05 13:00:00,0.25772744772711953,0.2480587867036073,0.21843136077704373,-1462037.1414135036
2025-03-05 14:00:00,0.23107210813660953,0.2980058981110794,0.21849562798347602,-1305811.0655738453
2025-03-05 15:00:00,0.18866958624130345,0.3337340539220423,0.21855989081924862,-1346214.3702499217
2025-03-05 16:00:00,0.1334095438348858,0.2877312847695729,0.21862414925130091,-1425155.6477842904
2025-03-05 17:00:00,0.06905786148581612,0.30932972466459085,0.21868840324657443,-1428099.3113125747
2025-03-05 18:00:00,3.267591416662028e-17,0.35500698938996034,0.21875265277201317,-1377357.66087485
2025-03-05 19:00:00,0.0,0.3712778107535075,0.21881689779456323,-1533273.9681306577
2025-03-05 20:00:00,0.0,0.3389796515805346,0.21888113828117323,-1466179.099561058
2025-03-05 21:00:00,0.0,0.34847451007915065,0.21894537419879392,-1540757.4732601694
2025-03-05 22:00:00,0.0,0.2906782499265172,0.21900960551437856,-1512852.8185617244
2025-03-05 23:00:00,0.0,0.364172390407648,0.21907383219488266,-1557650.599919868
2025-03-06 00:00:00,0.0,0.3638414839433276,0.21913805420726423,-1577134.3006038105
2025-03-06 01:00:00,0.0,0.3591139696784842,0.21920227151848365,-1609000.9548020125
2025-03-06 02:00:00,0.0,0.31813684533551895,0.2192664840955036,-1553871.6619506099
2025-03-06 03:00:00,0.0,0.36683100735714463,0.2193306919052893,-1585364.8864626277
2025-03-06 04:00:00,0.0,0.2738312818712001,0.21939489491480843,-1435871.7081925634
2025-03-06 05:00:00,0.0,0.24713805664086755,0.21945909309103115,-1490894.2470231769
2025-03-06 06:00:00,0.0,0.3425850628851285,0.21952328640093002,-1545601.8161868942
2025-03-06 07:00:00,0.0706616604231385,0.32024464679818704,0.2195874748114802,-1535236.3177612738
2025-03-06 08:00:00,0.1365078454623552,0.3664881248336357,0.2196516582896593,-1427027.94802815
2025-03-06 09:00:00,0.1930512464231933,0.3110517929004913,0.21971583680244755,-1395475.5332241692
2025-03-06 10:00:00,0.23643852397255985,0.3713486334647302,0.21978001031682756,-1332192.7208199655
2025-03-06 11:00:00,0.26371290684633186,0.26593081623584275,0.21984417879978477,-1397758.699088366
2025-03-06 12:00:00,0.27301569092471045,0.37142574383829774,0.21990834221830696,-1312802.5328548772
2025-03-06 13:00:00,0.26371290684633186,0.27637027333839403,0.21997250053938475,-1316451.7856004694
2025-03-06 14:00:00,0.23643852397255988,0.2980926690182672,0.2200366537300111,-1327150.0545828824
2025-03-06 15:00:00,0.19305124642319332,0.27261647937828165,0.2201008017571819,-1426413.5208399913
2025-03-06 16:00:00,0.1365078454623552,0.35842599545582493,0.2201649445878955,-1330058.405203013
2025-03-06 17:00:00,0.07066166042313857,0.3272832653762462,0.220229082189153,-1420802.5451416622
2025-03-06 18:00:00,3.343477920079497e-17,0.36142885472794,0.2202932145279582,-1539233.9333758391
2025-03-06 19:00:00,0.0,0.3071938002282551,0.22035734157131756,-1455964.380740013
2025-03-06 20:00:00,0.0,0.2802783784498882,0.22042146328624032,-1368915.0052897583
2025-03-06 21:00:00,0.0,0.27223766032043584,0.22048557963973836,-1548279.2905315794
2025-03-06 22:00:00,0.0,0.37548724774390857,0.22054969059882643,-1554567.345871593
2025-03-06 23:00:00,0.0,0.26088629455879747,0.22061379613052207,-1576908.0532025204
2025-03-07 00:00:00,0.0,0.3645130508713272,0.22067789620184544,-1489997.0451463207
2025-03-07 01:00:00,0.0,0.2871901757925153,0.22074199077981976,-1654130.980590106
2025-03-07 02:00:00,0.0,0.2776022753652315,0.22080607983147085,-1510808.5013431313
2025-03-07 03:00:00,0.0,0.3262684887713402,0.22087016332382747,-1668312.5822614206
2025-03-07 04:00:00,0.0,0.34887397037948853,0.22093424122392127,-1550288.9725031545
2025-03-07 05:00:00,0.0,0.2885435725734209,0.2209983134987867,-1508618.8909906046
2025-03-07 06:00:00,0.0,0.3788923201506614,0.22106238011546123,-1533856.2174002752
2025-03-07 07:00:00,0.07227328091128764,0.24374630558555066,0.22112644104098503,-1399636.6626744003
2025-03-07 08:00:00,0.1396212571657149,0.23993893350572165,0.22119049624240142,-1401467.2880346111
2025-03-07 09:00:00,0.19745427547933572,0.32905119086692874,0.22125454568675654,-1335259.5848027938
2025-03-07 10:00:00,0.24183111122765844,0.3474431714650714,0.22131858934109952,-1378731.7009333856
2025-03-07 11:00:00,0.2697275563906234,0.35918301288630267,0.2213826271724825,-1340851.2644826712
2025-03-07 12:00:00,0.2792425143314299,0.25706445802287725,0.2214466591479605,-1362871.7741442362
2025-03-07 13:00:00,0.2697275563906234,0.28702836836070994,0.2215106852345917,-1369659.7045131389
2025-03-07 14:00:00,0.2418311112276585,0.2660529054756398,0.22157470539943727,-1270330.5914349353
2025-03-07 15:00:00,0.19745427547933575,0.3407032986923578,0.22163871960956136,-1399128.3190106344
2025-03-07 16:00:00,0.1396212571657149,0.267530089241989,0.22170272783203124,-1380923.033588277
2025-03-07 17:00:00,0.07227328091128772,0.2867142059491199,0.22176673003391728,-1429473.106625103
2025-03-07 18:00:00,3.419734513618445e-17,0.30279799652019096,0.22183072618229288,-1535226.910222066
2025-03-07 19:00:00,0.0,0.2945784668217687,0.22189471624423454,-1459671.5475041703
2025-03-07 20:00:00,0.0,0.30580554558518486,0.22195870018682204,-1426879.0000184453
2025-03-07 21:00:00,0.0,0.29037512715447816,0.2220226779771382,-1594464.8126896159
2025-03-07 22:00:00,0.0,0.36239523528985024,0.22208664958226892,-1522983.5177625504
2025-03-07 23:00:00,0.0,0.3589674056397704,0.2221506149693035,-1551856.297414859
2025-03-08 00:00:00,0.0,0.2891354232954405,0.2222145741053342,-1582210.4181006716
2025-03-08 01:00:00,0.0,0.3239299952127046,0.22227852695745667,-1513631.6419359706
2025-03-08 02:00:00,0.0,0.3413971721033068,0.22234247349276975,-1586596.8989083793
2025-03-08 03:00:00,0.0,0.3797073258400432,0.22240641367837546,-1440134.0198923852
2025-03-08 04:00:00,0.0,0.25722873589944917,0.2224703474813792,-1490769.4084168489
2025-03-08 05:00:00,0.0,0.34075045254508973,0.22253427486888958,-1521827.6186600004
2025-03-08 06:00:00,0.0,0.2889553302770284,0.22259819580801848,-1539476.9242856388
2025-03-08 07:00:00,0.07389224539233126,0.24817790864567188,0.22266211026588115,-1453195.5461684458
2025-03-08 08:00:00,0.14274885637388435,0.28401420943075156,0.22272601820959625,-1312829.787339027
2025-03-08 09:00:00,0.20187736869719625,0.30183717560220713,0.22278991960628558,-1325495.7410249307
2025-03-08 10:00:00,0.24724827196192006,0.3684307480700528,0.22285381442307453,-1266888.9452655315
2025-03-08 11:00:00,0.2757696140895276,0.28751975236895344,0.22291770262709174,-1308705.3908761838
2025-03-08 12:00:00,0.2854977127477687,0.37510019765832486,0.22298158418546932,-1386661.7975189409
2025-03-08 13:00:00,0.2757696140895276,0.28256920527802837,0.22304545906534276,-1335245.8457276192
2025-03-08 14:00:00,0.24724827196192006,0.3005892010704408,0.22310932723385093,-1337486.2964981876
2025-03-08 15:00:00,0.2018773686971963,0.2536120576684044,0.22317318865813637,-1332688.3970604618
2025-03-08 16:00:00,0.14274885637388435,0.2832934379698432,0.2232370433053448,-1382974.365185816
2025-03-08 17:00:00,0.07389224539233133,0.30115198167002893,0.22330089114262563,-1440140.1973210396
2025-03-08 18:00:00,3.4963386008044545e-17,0.30763597588387137,0.22336473213713173,-1372300.726167815
2025-03-08 19:00:00,0.0,0.2900039059099341,0.2234285662560194,-1433913.2188297708
2025-03-08 20:00:00,0.0,0.3789656127700027,0.22349239346644859,-1463367.907576097
2025-03-08 21:00:00,0.0,0.2789014063820556,0.22355621373558276,-1581428.777415295
2025-03-08 22:00:00,0.0,0.3067497171650296,0.22362002703058892,-1604797.3232346938
2025-03-08 23:00:00,0.0,0.29264084519160727,0.22368383331863775,-1617549.5288853317
2025-03-09 00:00:00,0.0,0.3637523942739447,0.22374763256690341,-1541913.485715857
2025-03-09 01:00:00,0.0,0.3200675825314126,0.2238114247425638,-1497440.0387125753
2025-03-09 02:00:00,0.0,0.34376246218120143,0.22387520981280037,-1625808.050694941
2025-03-09 03:00:00,0.0,0.25086566420917017,0.22393898774479826,-1651124.2003451274
2025-03-09 04:00:00,0.0,0.27846903802900613,0.2240027585057463,-1520220.13980201
2025-03-09 05:00:00,0.0,0.347097684885453,0.22406652206283692,-1451488.7589109049
2025-03-09 06:00:00,0.0,0.2600858139555995,0.22413027838326646,-1528205.009430628
2025-03-09 07:00:00,0.0755180741321535,0.3170916637379271,0.2241940274342348,-1548048.7119993486
2025-03-09 08:00:00,0.14588971631171893,0.34032852212664194,0.22425776918294557,-1406418.5516067317
2025-03-09 09:00:00,0.2063192154187963,0.32270872304499354,0.22432150359660621,-1369022.057816093
2025-03-09 10:00:00,0.25268840095370726,0.28333076902485566,0.22438523064242796,-1360107.1904703723
2025-03-09 11:00:00,0.28183728955094983,0.2634490132288177,0.2244489502876258,-1348686.4142136106
2025-03-09 12:00:00,0.2917794326234379,0.35759250679336896,0.22451266249941845,-1387837.9917122324
2025-03-09 13:00:00,0.28183728955094983,0.33021030799106804,0.22457636724502866,-1299502.2817522336
2025-03-09 14:00:00,0.25268840095370726,0.36941256856256494,0.22464006449168283,-1304704.9627293122
2025-03-09 15:00:00,0.20631921541879633,0.35613833813107554,0.2247037542066113,-1301038.2527235313
2025-03-09 16:00:00,0.14588971631171893,0.2764863905989913,0.22476743635704818,-1541025.0587791097
2025-03-09 17:00:00,0.07551807413215357,0.3532145158659298,0.22483111091023172,-1447759.1768455224
2025-03-09 18:00:00,3.57326748219324e-17,0.2833591351307381,0.22489477783340378,-1338420.1186771519
2025-03-09 19:00:00,0.0,0.3490016651533844,0.22495843709381036,-1440952.288329822
2025-03-09 20:00:00,0.0,0.31067795799670767,0.22502208865870127,-1548332.8047053516
2025-03-09 21:00:00,0.0,0.2875885139083971,0.2250857324953304,-1564606.6013366496
2025-03-09 22:00:00,0.0,0.32040594141897266,0.22514936857095552,-1513003.6408148988
2025-03-09 23:00:00,0.0,0.2963612638117101,0.2252129968528384,-1571728.9342339144
2025-03-10 00:00:00,0.0,0.2879948878737507,0.22527661730824486,-1526548.2773324598
2025-03-10 01:00:00,0.0,0.2596817964015342,0.2253402299044447,-1611638.9941692066
2025-03-10 02:00:00,0.0,0.29223420441226616,0.22540383460871188,-1544294.534321538
2025-03-10 03:00:00,0.0,0.33670230502118864,0.2254674313883242,-1626394.5110263627
2025-03-10 04:00:00,0.0,0.29204861522523945,0.2255310202105638,-1468647.4711038093
2025-03-10 05:00:00,0.0,0.36044061438458264,0.22559460104271672,-1519142.6702673968
2025-03-10 06:00:00,0.0,0.2766403463387325,0.22565817385207315,-1510765.2872601692
2025-03-10 07:00:00,0.07715028536261048,0.2427867655204238,0.22572173860592742,-1559631.7702369164
2025-03-10 08:00:00,0.14904290627463387,0.31844937023072284,0.22578529527157812,-1429349.939913851
2025-03-10 09:00:00,0.21077849942908933,0.3362252565550285,0.2258488438163278,-1351571.6693805207
2025-03-10 10:00:00,0.2581498861753921,0.3751856294994945,0.2259123842074833,-1333655.6993872323
2025-03-10 11:00:00,0.2879287847916998,0.38065029090511615,0.22597591641235568,-1372631.486591084
2025-03-10 12:00:00,0.2980858125492678,0.38022447547576954,0.22603944039826013,-1337839.1848179956
2025-03-10 13:00:00,0.2879287847916998,0.32134264109770416,0.2261029561325161,-1388319.2126234386
2025-03-10 14:00:00,0.25814988617539214,0.2933310966984775,0.2261664635824473,-1355445.418337782
2025-03-10 15:00:00,0.21077849942908936,0.3297303375874498,0.22622996271538173,-1277689.328443254
2025-03-10 16:00:00,0.14904290627463387,0.2962947038767505,0.22629345349865163,-1336977.0858893723
2025-03-10 17:00:00,0.07715028536261057,0.36965891283096003,0.22635693589959346,-1388973.291118461
2025-03-10 18:00:00,3.650498362096987e-17,0.2910699775005496,0.2264204098855482,-1397154.5556801383
2025-03-10 19:00:00,0.0,0.30070612106225103,0.22648387542386092,-1374746.4408784476
2025-03-10 20:00:00,0.0,0.3831563802512582,0.22654733248188122,-1577837.4726595627
2025-03-10 21:00:00,0.0,0.25282020045581516,0.22661078102696294,-1591009.6141554674
2025-03-10 22:00:00,0.0,0.3484940676409386,0.22667422102646437,-1504752.8389007393
2025-03-10 23:00:00,0.0,0.261341011403159,0.2267376524477482,-1500352.4254012404
2025-03-11 00:00:00,0.0,0.3119969826723566,0.22680107525818144,-1501920.2919421005
2025-03-11 01:00:00,0.0,0.2971223228514588,0.2268644894251357,-1603918.1711458303
2025-03-11 02:00:00,0.0,0.33239797983527664,0.22692789491598683,-1605071.0468811358
2025-03-11 03:00:00,0.0,0.2569304914890677,0.22699129169811533,-1578326.043113978
2025-03-11 04:00:00,0.0,0.25490053992274264,0.22705467973890608,-1596616.090587886
2025-03-11 05:00:00,0.0,0.32962054825000997,0.22711805900574844,-1524867.2868936781
2025-03-11 06:00:00,0.0,0.32725692029234926,0.22718142946603637,-1310525.711741232
2025-03-11 07:00:00,0.07878839542428864,0.2974105519972269,0.22724479108716827,-1457699.4340247663
2025-03-11 08:00:00,0.1522074919043917,0.38493814733500725,0.22730814383654716,-1425714.847387411
2025-03-11 09:00:00,0.2152538993459838,0.3390740204254451,0.22737148768158055,-1498017.869057612
2025-03-11 10:00:00,0.263631109271035,0.2909405222553831,0.22743482258968062,-1327198.3152329004
2025-03-11 11:00:00,0.2940422947702725,0.37605467303981915,0.22749814852826408,-1390324.173002994
2025-03-11 12:00:00,0.3044149838087834,0.3752290185555926,0.22756146546475228,-1297420.2304778732
2025-03-11 13:00:00,0.2940422947702725,0.24179065507332703,0.22762477336657122,-1274741.5380510017
2025-03-11 14:00:00,0.26363110927103506,0.3044995123118836,0.22768807220115148,-1346813.7059055057
2025-03-11 15:00:00,0.21525389934598382,0.30188762822142884,0.22775136193592835,-1290218.9614700107
2025-03-11 16:00:00,0.1522074919043917,0.38346723342347283,0.22781464253834188,-1252117.6751142396
2025-03-11 17:00:00,0.07878839542428873,0.3591350851523324,0.2278779139758366,-1365541.5692190423
2025-03-11 18:00:00,3.7280083553391995e-17,0.246641902836953,0.22794117621586205,-1394911.3649909839
2025-03-11 19:00:00,0.0,0.37392932877582413,0.22800442922587222,-1399674.9100420387
2025-03-11 20:00:00,0.0,0.29962075440979835,0.22806767297332606,-1516971.5216031848
2025-03-11 21:00:00,0.0,0.2446255023761351,0.22813090742568717,-1432787.4629160871
2025-03-11 22:00:00,0.0,0.2929970259587629,0.22819413255042392,-1510473.3045876783
2025-03-11 23:00:00,0.0,0.36575467422604535,0.2282573483150096,-1610969.1537672281
2025-03-12 00:00:00,0.0,0.36249513671972783,0.22832055468692214,-1500127.061802548
2025-03-12 01:00:00,0.0,0.3183677433392074,0.2283837516336445,-1613060.650060606
2025-03-12 02:00:00,0.0,0.2936785229686086,0.2284469391226643,-1589695.997810393
2025-03-12 03:00:00,0.0,0.3398302087157936,0.22851011712147418,-1502694.1379482422
2025-03-12 04:00:00,0.0,0.35338507419944143,0.22857328559757156,-1501823.7708410553
2025-03-12 05:00:00,0.0,0.27000269853533265,0.2286364445184588,-1548133.0230501974
2025-03-12 06:00:00,0.0,0.3138218777930792,0.22869959385164318,-1447768.144140134
2025-03-12 07:00:00,0.08043191890982336,0.3001915451798937,0.2287627335646369,-1427456.914639957
2025-03-12 08:00:00,0.15538253546597294,0.33931913454304924,0.22882586362495705,-1348353.3031094412
2025-03-12 09:00:00,0.21974408901189738,0.3093092028090319,0.22888898400012586,-1450524.3342181474
2025-03-12 10:00:00,0.26913044603593816,0.2592555046783424,0.22895209465767033,-1417332.8632334275
2025-03-12 11:00:00,0.3001760079217208,0.32975605876037706,0.22901519556512262,-1389318.9909220703
2025-03-12 12:00:00,0.31076507093194594,0.3417088664616467,0.22907828669001978,-1269943.1814648367
2025-03-12 13:00:00,0.3001760079217208,0.3409580990602997,0.22914136799990406,-1307319.0586825886
2025-03-12 14:00:00,0.26913044603593816,0.2969992768652244,0.22920443946232258,-1403215.5660727227
2025-03-12 15:00:00,0.2197440890118974,0.28871384925089805,0.2292675010448276,-1360043.1127161745
2025-03-12 16:00:00,0.15538253546597294,0.2946507079953259,0.22933055271497654,-1344531.865897544
2025-03-12 17:00:00,0.08043191890982344,0.38314110438986343,0.22939359444033175,-1457676.344239771
2025-03-12 18:00:00,3.8057744940360774e-17,0.3078166569647821,0.22945662618846085,-1371992.1109371353
2025-03-12 19:00:00,0.0,0.26455126017321134,0.22951964792693652,-1404356.190886582
2025-03-12 20:00:00,0.0,0.31293055163162414,0.22958265962333657,-1462688.0626062348
2025-03-12 21:00:00,0.0,0.3714349917105159,0.2296456612452441,-1416855.2593872116
2025-03-12 22:00:00,0.0,0.36209592668376933,0.22970865276024724,-1570890.686938891
2025-03-12 23:00:00,0.0,0.2809099845509341,0.2297716341359394,-1524905.8566229471
2025-03-13 00:00:00,0.0,0.3130174002753072,0.22983460533991917,-1470715.578190856
2025-03-13 01:00:00,0.0,0.27962648857056804,0.22989756633979042,-1487834.4238155496
2025-03-13 02:00:00,0.0,0.29455055640316413,0.2299605171031622,-1479123.7693699538
2025-03-13 03:00:00,0.0,0.3161747386263287,0.2300234575976489,-1563543.9067900688
2025-03-13 04:00:00,0.0,0.2568076340238702,0.23008638779087018,-1518943.495388489
2025-03-13 05:00:00,0.0,0.30140411769348496,0.23014930765045094,-1491447.9685747286
2025-03-13 06:00:00,0.0,0.2826038410190503,0.23021221714402149,-1375065.6132032264
2025-03-13 07:00:00,0.08208036880773578,0.31193740800637687,0.23027511623921731,-1480129.4232484868
2025-03-13 08:00:00,0.15856709612544728,0.31657353519472814,0.2303380049036795,-1480160.5312180892
2025-03-13 09:00:00,0.2242477378867258,0.3740843038663433,0.23040088310505424,-1379706.4381616288
2025-03-13 10:00:00,0.27464626689793276,0.3858578302591434,0.23046375081099324,-1357384.9334823813
2025-03-13 11:00:00,0.3063281066944616,0.24809451235199653,0.23052660798915364,-1352477.2985940555
2025-03-13 12:00:00,0.31713419225089456,0.38302272991575564,0.23058945460719787,-1218889.8190371164
2025-03-13 13:00:00,0.3063281066944616,0.34036987732177837,0.23065229063279397,-1358467.9389970559
2025-03-13 14:00:00,0.2746462668979328,0.2887140191857684,0.23071511603361525,-1279856.9912880317
2025-03-13 15:00:00,0.22424773788672583,0.3287164734649923,0.23077793077734055,-1380227.7114624914
2025-03-13 16:00:00,0.15856709612544728,0.29930863636288085,0.23084073483165424,-1339389.6021474556
2025-03-13 17:00:00,0.08208036880773587,0.2976965307231603,0.23090352816424614,-1491429.7930731634
2025-03-13 18:00:00,3.883773734402394e-17,0.301076584824894,0.23096631074281163,-1336765.5067671153
2025-03-13 19:00:00,0.0,0.3737444920768951,0.2310290825350515,-1462346.8017199666
2025-03-13 20:00:00,0.0,0.3814934519435266,0.23109184350867235,-1435907.677751649
2025-03-13 21:00:00,0.0,0.2726632082304669,0.23115459363138602,-1590545.3219744354
2025-03-13 22:00:00,0.0,0.29554676624103204,0.23121733287091012,-1557483.1030697816
2025-03-13 23:00:00,0.0,0.32595506308302835,0.2312800611949679,-1515322.1625197285
2025-03-14 00:00:00,0.0,0.26265021962823576,0.2313427785712881,-1547317.871087111
2025-03-14 01:00:00,0.0,0.28742327514764987,0.23140548496760519,-1491878.575763216
2025-03-14 02:00:00,0.0,0.31954788255601757,0.2314681803516592,-1508003.356219096
2025-03-14 03:00:00,0.0,0.34817969005949784,0.23153086469119585,-1569380.6387334773
2025-03-14 04:00:00,0.0,0.3370600527805875,0.23159353795396662,-1533719.356771981
2025-03-14 05:00:00,0.0,0.26585656049321355,0.23165620010772858,-1528365.663346058
2025-03-14 06:00:00,0.0,0.2749363959427626,0.23171885112024462,-1417817.3714346252
2025-03-14 07:00:00,0.08373325664674462,0.38429390396823665,0.23178149095928327,-1405092.0500005255
2025-03-14 08:00:00,0.16176023022876285,0.29477044272456737,0.23184411959261886,-1383050.3762619253
2025-03-14 09:00:00,0.2287635114421107,0.2737858903840101,0.2319067369880315,-1364860.886626842
2025-03-14 10:00:00,0.28017693740025623,0.2476512257945068,0.23196934311330697,-1356762.6353602451
2025-03-14 11:00:00,0.3124967680888554,0.2603389547274389,0.23203193793623703,-1268727.991557814
2025-03-14 12:00:00,0.3235204604575257,0.2875904413483283,0.23209452142461906,-1328269.967471566
2025-03-14 13:00:00,0.3124967680888554,0.36322605748562536,0.23215709354625647,-1264512.7773405474
2025-03-14 14:00:00,0.28017693740025623,0.28705126878623716,0.23221965426895833,-1366197.3896391601
2025-03-14 15:00:00,0.22876351144211077,0.36995681514844303,0.2322822035605397,-1352534.0444651206
2025-03-14 16:00:00,0.16176023022876285,0.368005381713846,0.23234474138882144,-1386848.98853837
2025-03-14 17:00:00,0.08373325664674472,0.28350365742410644,0.2324072677216304,-1343096.5505883195
2025-03-14 18:00:00,3.961982963579867e-17,0.33643355918764867,0.23246978252679926,-1350147.3815066637
2025-03-14 19:00:00,0.0,0.38552423282573756,0.23253228577216664,-1459100.926566545
2025-03-14 20:00:00,0.0,0.3810332988224393,0.23259477742557716,-1519678.2593781343
2025-03-14 21:00:00,0.0,0.24491333985195518,0.23265725745488142,-1569963.4252141442
2025-03-14 22:00:00,0.0,0.2867227347908961,0.23271972582793585,-1510878.5498515526
2025-03-14 23:00:00,0.0,0.3891891449548251,0.23278218251260305,-1596453.9509503075
2025-03-15 00:00:00,0.0,0.37360145768130515,0.2328446274767515,-1435835.8380558898
2025-03-15 01:00:00,0.0,0.28464738323458677,0.23290706068825584,-1556241.2148441707
2025-03-15 02:00:00,0.0,0.29510624031518323,0.23296948211499666,-1629094.234914746
2025-03-15 03:00:00,0.0,0.2911989566208495,0.23303189172486063,-1599279.748058141
2025-03-15 04:00:00,0.0,0.29092906656454615,0.23309428948574057,-1429045.393395361
2025-03-15 05:00:00,0.0,0.3875876757583552,0.23315667536553522,-1521894.5059877904
2025-03-15 06:00:00,0.0,0.30993832299397256,0.23321904933214965,-1524771.976338992
2025-03-15 07:00:00,0.085390092640511,0.36756273864190264,0.2332814113534949,-1338470.9071399583
2025-03-15 08:00:00,0.16496099158137134,0.31115667327098623,0.23334376139748822,-1441542.0305423776
2025-03-15 09:00:00,0.23329007155688936,0.2571004215315856,0.23340609943205307,-1370444.7593289374
2025-03-15 10:00:00,0.285720818685877,0.2662997513713777,0.23346842542511898,-1400886.1200677492
2025-03-15 11:00:00,0.31868016419740036,0.3051062563371167,0.2335307393446217,-1361081.633573789
2025-03-15 12:00:00,0.32992198316274274,0.3803787619319137,0.2335930411585033,-1326770.1728669165
2025-03-15 13:00:00,0.31868016419740036,0.35254489028243496,0.23365533083471196,-1304299.6779400853
2025-03-15 14:00:00,0.28572081868587706,0.252061668747613,0.2337176083412021,-1319392.1936568606
2025-03-15 15:00:00,0.23329007155688938,0.3883870887313595,0.23377987364593447,-1246982.2014715832
2025-03-15 16:00:00,0.16496099158137134,0.3100847487680384,0.23384212671687613,-1417008.6766878525
2025-03-15 17:00:00,0.08539009264051109,0.34049075420569436,0.23390436752200028,-1452112.7302526538
2025-03-15 18:00:00,4.040379006485999e-17,0.3575497624340295,0.23396659602928657,-1452767.610648163
2025-03-15 19:00:00,0.0,0.3019891823739504,0.2340288122067209,-1508593.6654210829
2025-03-15 20:00:00,0.0,0.32441548829369915,0.23409101602229562,-1464514.7951100597
2025-03-15 21:00:00,0.0,0.335237011139559,0.23415320744400925,-1531849.4945074506
2025-03-15 22:00:00,0.0,0.27938368044938416,0.2342153864398669,-1487625.993509118
2025-03-15 23:00:00,0.0,0.24743515994101642,0.2342775529778799,-1434195.5015769966
2025-03-16 00:00:00,0.0,0.3495713706515396,0.2343397070260661,-1524510.8494074414
2025-03-16 01:00:00,0.0,0.33221091289626026,0.23440184855244972,-1585373.4298434204
2025-03-16 02:00:00,0.0,0.26927453563530185,0.23446397752506148,-1527602.9317716595
2025-03-16 03:00:00,0.0,0.255719567349339,0.23452609391193846,-1556079.4442084155
2025-03-16 04:00:00,0.0,0.32874472501343743,0.2345881976811243,-1531608.2764812557
2025-03-16 05:00:00,0.0,0.3300522371698143,0.23465028880066904,-1423684.4060283506
2025-03-16 06:00:00,0.0,0.31135919514717625,0.2347123672386294,-1367238.0428846
2025-03-16 07:00:00,0.0870503858327725,0.3051725493809618,0.23477443296306846,-1406072.7585248041
2025-03-16 08:00:00,0.16816843172860596,0.38230860917107046,0.23483648594205592,-1419546.5907478698
2025-03-16 09:00:00,0.23782607691360846,0.3406689072727563,0.23489852614366796,-1354944.9929092973
2025-03-16 10:00:00,0.29127626798312356,0.24671855096560685,0.2349605535359874,-1372663.1762042395
2025-03-16 11:00:00,0.324876462746381,0.3441178187099093,0.23502256808710364,-1330324.3312766494
2025-03-16 12:00:00,0.3363368634572119,0.3065545713020328,0.23508456976511272,-1334960.951821219
2025-03-16 13:00:00,0.324876462746381,0.3577770190455898,0.23514655853811728,-1338286.6916304752
2025-03-16 14:00:00,0.2912762679831236,0.3589630673393915,0.23520853437422648,-1301321.6016409015
2025-03-16 15:00:00,0.2378260769136085,0.37584137082543,0.2352704972415563,-1377558.0538411732
2025-03-16 16:00:00,0.16816843172860596,0.3040429616538795,0.23533244710822937,-1375499.174382479
2025-03-16 17:00:00,0.0870503858327726,0.3502763325857031,0.23539438394237486,-1389738.825362605
2025-03-16 18:00:00,4.1189386326813503e-17,0.32808960893701283,0.2354563077121289,-1345988.49152649
2025-03-16 19:00:00,0.0,0.3341155413986235,0.23551821838563408,-1402171.40418256
2025-03-16 20:00:00,0.0,0.24953361729168122,0.2355801159310399,-1406985.494126003
2025-03-16 21:00:00,0.0,0.3886284751745387,0.23564200031650256,-1534170.9064043101
2025-03-16 22:00:00,0.0,0.3685604037884644,0.23570387151018496,-1469452.436994093
2025-03-16 23:00:00,0.0,0.27540129599875063,0.23576572948025692,-1468052.2267787706
2025-03-17 00:00:00,0.0,0.3224040251933174,0.23582757419489495,-1514158.3901203447
2025-03-17 01:00:00,0.0,0.35995406911624556,0.2358894056222825,-1550214.7735265158
2025-03-17 02:00:00,0.0,0.28868286175570296,0.23595122373060973,-1511305.1093060616
2025-03-17 03:00:00,0.0,0.2963472312432571,0.2360130284880737,-1468938.5125236146
2025-03-17 04:00:00,0.0,0.27285283583787456,0.23607481986287832,-1577186.4266088675
2025-03-17 05:00:00,0.0,0.28578198641683594,0.23613659782323446,-1583100.8567095418
2025-03-17 06:00:00,0.0,0.35853343769100027,0.23619836233735983,-1560481.4467067916
2025-03-17 07:00:00,0.08871364424282417,0.3067587490911994,0.23626011337347902,-1380969.3337885963
2025-03-17 08:00:00,0.17138160023672877,0.3853684456105335,0.23632185089982366,-1309817.646846729
2025-03-17 09:00:00,0.24237018339598587,0.3062989633736576,0.23638357488463224,-1324680.6657459417
2025-03-17 10:00:00,0.2968416390924726,0.2838546585356753,0.23644528529615022,-1418093.0504617959
2025-03-17 11:00:00,0.33108382763881006,0.3408145478556008,0.23650698210263016,-1287973.705814486
2025-03-17 12:00:00,0.3427632004734576,0.29819636956464357,0.23656866527233142,-1314607.3339200115
2025-03-17 13:00:00,0.33108382763881006,0.3410474238504847,0.23663033477352052,-1290336.138175089
2025-03-17 14:00:00,0.29684163909247263,0.3816342953677291,0.23669199057447102,-1430251.4206040404
2025-03-17 15:00:00,0.2423701833959859,0.2589807030345921,0.23675363264346344,-1265683.6680698316
2025-03-17 16:00:00,0.17138160023672877,0.34170927880544116,0.23681526094878544,-1276979.3356891433
2025-03-17 17:00:00,0.08871364424282427,0.31369712964187424,0.23687687545873165,-1406518.7344470401
2025-03-17 18:00:00,4.197638563253224e-17,0.25252547412178067,0.23693847614160402,-1399272.3853005294
2025-03-17 19:00:00,0.0,0.2584890783215964,0.23700006296571136,-1426289.95751906
2025-03-17 20:00:00,0.0,0.3478823769061061,0.23706163589936968,-1459122.7422564107
2025-03-17 21:00:00,0.0,0.250491960786611,0.23712319491090236,-1431110.6222796931
2025-03-17 22:00:00,0.0,0.3619704320635358,0.23718473996863956,-1452148.0863226065
2025-03-17 23:00:00,0.0,0.2586759052226478,0.23724627104091894,-1597108.3527989213
2025-03-18 00:00:00,0.0,0.303374365891973,0.23730778809608516,-1511646.322094586
2025-03-18 01:00:00,0.0,0.3854956946910424,0.23736929110249028,-1452450.7051341524
2025-03-18 02:00:00,0.0,0.3204007909482299,0.23743078002849327,-1465722.521349334
2025-03-18 03:00:00,0.0,0.31638011542223526,0.23749225484246075,-1556111.8538658014
2025-03-18 04:00:00,0.0,0.3089270921637177,0.2375537155127663,-1549427.8021508239
2025-03-18 05:00:00,0.0,0.387188896980154,0.23761516200779084,-1417194.9150128467
2025-03-18 06:00:00,0.0,0.2993974760803961,0.2376765942959227,-1562545.35880816
2025-03-18 07:00:00,0.09037937501130308,0.3457555608960598,0.23773801234555736,-1525732.9447429855
2025-03-18 08:00:00,0.174599544974565,0.3778309044486014,0.23779941612509775,-1401770.5668890544
2025-03-18 09:00:00,0.24692104448720104,0.3029060553782271,0.23786080560295406,-1394395.096546319
2025-03-18 10:00:00,0.3024152828743538,0.38485464096136485,0.23792218074754384,-1374339.7821451789
2025-03-18 11:00:00,0.33730041949850414,0.2607581814388954,0.2379835415272921,-1300797.537125522
2025-03-18 12:00:00,0.34919908994913007,0.32077673804573736,0.23804488791063114,-1258448.0363981677
2025-03-18 13:00:00,0.33730041949850414,0.30649016434452375,0.23810621986600072,-1326064.1169430201
2025-03-18 14:00:00,0.3024152828743539,0.28084200693624106,0.23816753736184804,-1225971.9354405536
2025-03-18 15:00:00,0.24692104448720106,0.28421930054380345,0.23822884036662764,-1386428.6825159353
2025-03-18 16:00:00,0.174599544974565,0.2793751276353488,0.23829012884880166,-1392702.588064197
2025-03-18 17:00:00,0.09037937501130318,0.3118007056565931,0.23835140277683958,-1390449.0385119899
2025-03-18 18:00:00,4.276455477713708e-17,0.26508561693220295,0.23841266211921844,-1403542.357437602
2025-03-18 19:00:00,0.0,0.316025082754876,0.23847390684442274,-1451957.0233199964
2025-03-18 20:00:00,0.0,0.26208930324348634,0.2385351369209446,-1561876.8509207962
2025-03-18 21:00:00,0.0,0.25366025881001486,0.23859635231728357,-1391046.8826133742
2025-03-18 22:00:00,0.0,0.2799746108285749,0.23865755300194677,-1431902.1360868667
2025-03-18 23:00:00,0.0,0.32873280650233977,0.23871873894344886,-1561528.6791528878
2025-03-19 00:00:00,0.0,0.3522367857874576,0.2387799101103122,-1485142.4781242977
2025-03-19 01:00:00,0.0,0.32420856831626743,0.23884106647106665,-1551658.2495909617
2025-03-19 02:00:00,0.0,0.24674482780911827,0.23890220799424977,-1470448.773631259
2025-03-19 03:00:00,0.0,0.3144157834481842,0.23896333464840655,-1507743.4734617765
2025-03-19 04:00:00,0.0,0.29592764555333617,0.23902444640208997,-1424928.1950046604
2025-03-19 05:00:00,0.0,0.33363695465454435,0.23908554322386033,-1475487.7359426788
2025-03-19 06:00:00,0.0,0.2529674058148879,0.23914662508228587,-1517546.9318830252
2025-03-19 07:00:00,0.09204708454623312,0.2573612403147071,0.23920769194594238,-1539486.0897687052
2025-03-19 08:00:00,0.17782131239563992,0.3348269909324014,0.2392687437834134,-1410154.547590999
2025-03-19 09:00:00,0.2514773116688969,0.2918715752718,0.23932978056329027,-1261157.8337494305
2025-03-19 10:00:00,0.3079955477378257,0.26316255981150455,0.23939080225417192,-1317856.9017209003
2025-03-19 11:00:00,0.3435243962151301,0.3680322859468831,0.2394518088246652,-1323347.0329145952
2025-03-19 12:00:00,0.35564262479127984,0.26064209340017497,0.2395128002433847,-1241237.8996131285
2025-03-19 13:00:00,0.3435243962151301,0.30691315319937307,0.2395737764789527,-1425655.0013176145
2025-03-19 14:00:00,0.3079955477378258,0.29079369907758784,0.23963473749999947,-1216002.061170751
2025-03-19 15:00:00,0.251477311668897,0.3669371182164756,0.23969568327516294,-1267195.27666151
2025-03-19 16:00:00,0.17782131239563992,0.31126185552372015,0.239756613773089,-1377366.821550969
2025-03-19 17:00:00,0.09204708454623323,0.26221721180277646,0.2398175289624313,-1359185.423256898
2025-03-19 18:00:00,4.3553660209100396e-17,0.29815534412536093,0.23987842881185145,-1357145.7156886626
2025-03-19 19:00:00,0.0,0.36323880766948324,0.23993931329001897,-1399341.5384114883
2025-03-19 20:00:00,0.0,0.37306515056065653,0.24000018236561116,-1479321.0724844208
2025-03-19 21:00:00,0.0,0.3772466756145767,0.24006103600731332,-1524171.0738419318
2025-03-19 22:00:00,0.0,0.2586992115897021,0.2401218741838188,-1489576.535902532
2025-03-19 23:00:00,0.0,0.3492675454818071,0.2401826968638287,-1429832.4998453944
2025-03-20 00:00:00,0.0,0.3342145280712625,0.24024350401605218,-1463465.6946131554
2025-03-20 01:00:00,0.0,0.3187798576910757,0.24030429560920646,-1481802.5256162176
2025-03-20 02:00:00,0.0,0.33248777581191763,0.2403650716120167,-1521704.586549875
2025-03-20 03:00:00,0.0,0.25195890635726825,0.24042583199321607,-1524717.734309625
2025-03-20 04:00:00,0.0,0.29172887367570244,0.2404865767215458,-1534417.868318741
2025-03-20 05:00:00,0.0,0.30050311264929574,0.24054730576575517,-1492791.2756052641
2025-03-20 06:00:00,0.0,0.323488464432404,0.2406080190946015,-1489712.4216816826
2025-03-20 07:00:00,0.09371627866928695,0.3442308031130499,0.2406687166768502,-1411294.3050054351
2025-03-20 08:00:00,0.18104594782073516,0.367197914175188,0.24072939848127484,-1470184.0418773072
2025-03-20 09:00:00,0.25603763482077535,0.3834856960329316,0.24079006447665707,-1404952.0837662476
2025-03-20 10:00:00,0.31358078012997714,0.36388586586388055,0.24085071463178662,-1345506.1053870758
2025-03-20 11:00:00,0.34975391349006235,0.35067221224877027,0.2409113489154615,-1303519.1031805815
2025-03-20 12:00:00,0.3620918956414704,0.3128304711698259,0.24097196729648773,-1264736.3456503393
2025-03-20 13:00:00,0.34975391349006235,0.37459448597928496,0.24103256974367965,-1186050.7272660835
2025-03-20 14:00:00,0.3135807801299772,0.2970719189537083,0.24109315622585964,-1192542.4696926235
2025-03-20 15:00:00,0.2560376348207754,0.29590106076123507,0.24115372671185845,-1288890.9575530803
2025-03-20 16:00:00,0.18104594782073516,0.2671759461060529,0.24121428117051502,-1404785.180633548
2025-03-20 17:00:00,0.09371627866928704,0.3689609075100452,0.24127481957067648,-1419762.9183326554
2025-03-20 18:00:00,4.434346809945241e-17,0.27669509233659795,0.24133534188119823,-1368293.18828757
2025-03-20 19:00:00,0.0,0.3017696664508173,0.24139584807094402,-1319895.5007993511
2025-03-20 20:00:00,0.0,0.25148904935861455,0.24145633810878578,-1351761.0978575475
2025-03-20 21:00:00,0.0,0.38288792524021126,0.24151681196360386,-1476771.2165569533
2025-03-20 22:00:00,0.0,0.36808043246400357,0.24157726960428688,-1558839.0595158965
2025-03-20 23:00:00,0.0,0.3343171927287562,0.2416377109997318,-1518075.1363920474
2025-03-21 00:00:00,0.0,0.3039744373746067,0.24169813611884397,-1592647.14012867
2025-03-21 01:00:00,0.0,0.2968440873596858,0.24175854493053706,-1496611.3171413054
2025-03-21 02:00:00,0.0,0.29608896836285403,0.24181893740373317,-1400308.5737897775
2025-03-21 03:00:00,0.0,0.260662229245361,0.2418793135073628,-1550754.1690570493
2025-03-21 04:00:00,0.0,0.35221959113595436,0.24193967321036486,-1422490.7359997511
2025-03-21 05:00:00,0.0,0.3868717071613454,0.24200001648168673,-1481731.243975422
2025-03-21 06:00:00,0.0,0.33701952841510824,0.2420603432902842,-1465649.251482294
2025-03-21 07:00:00,0.09538646276222176,0.39285965690583213,0.24212065360512156,-1499954.2373421902
2025-03-21 08:00:00,0.18427249572078097,0.25190187633422395,0.24218094739517154,-1376255.1914782324
2025-03-21 09:00:00,0.2606006626206666,0.2804034734837038,0.24224122462941544,-1378124.5058188608
2025-03-21 10:00:00,0.3191693250259112,0.30098063922168916,0.242301485276843,-1373106.666489496
2025-03-21 11:00:00,0.3559871253828884,0.34921178220306937,0.24236172930645258,-1397422.0121706924
2025-03-21 12:00:00,0.368544991441562,0.37642837466975265,0.24242195668725103,-1204327.6951533328
2025-03-21 13:00:00,0.3559871253828884,0.2632463421394923,0.24248216738825376,-1303067.0738478724
2025-03-21 14:00:00,0.3191693250259112,0.32442666938242704,0.24254236137848484,-1298160.9752969418
2025-03-21 15:00:00,0.26060066262066667,0.36874058677603244,0.2426025386269768,-1347192.0963768833
2025-03-21 16:00:00,0.18427249572078097,0.33252821008810707,0.24266269910277088,-1342712.455343372
2025-03-21 17:00:00,0.09538646276222186,0.30907619927892466,0.24272284277491696,-1308542.773170531
2025-03-21 18:00:00,4.5133744411069756e-17,0.36655814970328376,0.24278296961247356,-1377178.877648087
2025-03-21 19:00:00,0.0,0.38456683537691744,0.24284307958450776,-1346173.989897301
2025-03-21 20:00:00,0.0,0.3664791619125895,0.2429031726600954,-1409907.594435742
2025-03-21 21:00:00,0.0,0.3427185698878381,0.24296324880832107,-1475455.9956254344
2025-03-21 22:00:00,0.0,0.36670357275238424,0.24302330799827793,-1390882.7857387457
2025-03-21 23:00:00,0.0,0.3181822439873415,0.243083350199068,-1564185.7549829874
2025-03-22 00:00:00,0.0,0.25034473499607274,0.2431433753798019,-1538968.4054631055
2025-03-22 01:00:00,0.0,0.3828147664882158,0.24320338350959914,-1498823.2194569404
2025-03-22 02:00:00,0.0,0.3613261940505312,0.24326337455758798,-1530679.2184961091
2025-03-22 03:00:00,0.0,0.30245490107402057,0.24332334849290532,-1462586.5685577097
2025-03-22 04:00:00,0.0,0.2592268696390174,0.2433833052846971,-1575606.945795144
2025-03-22 05:00:00,0.0,0.34412487255421453,0.24344324490211786,-1509959.766425799
2025-03-22 06:00:00,0.0,0.340568447551775,0.24350316731433114,-1313504.5555350624
2025-03-22 07:00:00,0.09705714191344528,0.32794128052027643,0.24356307249050924,-1443733.1529750966
2025-03-22 08:00:00,0.18749999999999997,0.3087615565287287,0.24362296039983328,-1428721.4218454212
2025-03-22 09:00:00,0.2651650429449553,0.32489237203193044,0.24368283101149346,-1406179.8488355726
2025-03-22 10:00:00,0.3247595264191645,0.31741009793545294,0.24374268429468868,-1230770.694535478
2025-03-22 11:00:00,0.36222218485840063,0.27510936489382826,0.24380252021862683,-1270308.5371419557
2025-03-22 12:00:00,0.375,0.37517845872976036,0.24386233875252475,-1408628.6254548186
2025-03-22 13:00:00,0.36222218485840063,0.2738510580555527,0.24392213986560818,-1312388.5779282048
2025-03-22 14:00:00,0.3247595264191645,0.31424119575471854,0.2439819235271119,-1252665.735076246
2025-03-22 15:00:00,0.26516504294495535,0.3067610724596275,0.2440416897062795,-1266635.4822781368
2025-03-22 16:00:00,0.18749999999999997,0.2709439999237376,0.24410143837236384,-1419521.6262253951
2025-03-22 17:00:00,0.09705714191344539,0.30609403821778336,0.2441611694946265,-1321045.8008712332
2025-03-22 18:00:00,4.592425496802574e-17,0.3478074091235873,0.24422088304233824,-1443542.1996875508
2025-03-22 19:00:00,0.0,0.3652234245022456,0.2442805789847789,-1481558.9833286863
2025-03-22 20:00:00,0.0,0.29146063320482246,0.2443402572912372,-1414352.041600485
2025-03-22 21:00:00,0.0,0.32951666255581463,0.24439991793101118,-1431858.0508382742
2025-03-22 22:00:00,0.0,0.31632247666381547,0.24445956087340773,-1465833.5926380907
2025-03-22 23:00:00,0.0,0.3629210346829228,0.244519186087743,-1520935.9208822923
2025-03-23 00:00:00,0.0,0.31574043776178184,0.2445787935433422,-1595215.380512382
2025-03-23 01:00:00,0.0,0.3477965827901444,0.24463838320953968,-1448951.7026859834
2025-03-23 02:00:00,0.0,0.37695315135764945,0.24469795505567893,-1540676.7477455002
2025-03-23 03:00:00,0.0,0.3227544259963487,0.24475750905111265,-1624609.2040107085
2025-03-23 04:00:00,0.0,0.3226557485970464,0.24481704516520272,-1430549.8587229997
2025-03-23 05:00:00,0.0,0.3501333124168243,0.24487656336732017,-1485603.7502908118
2025-03-23 06:00:00,0.0,0.3268920210651212,0.24493606362684525,-1394811.587032777
2025-03-23 07:00:00,0.09872782106466879,0.2736159065492696,0.2449955459131675,-1402617.264903061
2025-03-23 08:00:00,0.19072750427921897,0.26339139635329534,0.24505501019568568,-1430388.68435406
2025-03-23 09:00:00,0.26972942326924404,0.3687917859246391,0.24511445644380778,-1335246.3026610198
2025-03-23 10:00:00,0.3303497278124178,0.36708027728454873,0.24517388462695108,-1306924.3423876718
2025-03-23 11:00:00,0.3684572443339129,0.3727221069323259,0.2452332947145422,-1288008.735439452
2025-03-23 12:00:00,0.38145500855843806,0.35540190858273185,0.24529268667601697,-1244397.5412767772
2025-03-23 13:00:00,0.3684572443339129,0.3336983068522026,0.2453520604808207,-1274147.513548079
2025-03-23 14:00:00,0.33034972781241784,0.3913431871038746,0.24541141609840791,-1285951.1712813508
2025-03-23 15:00:00,0.2697294232692441,0.3329392126707156,0.24547075349824246,-1287559.1969206326
2025-03-23 16:00:00,0.19072750427921897,0.2957029003633358,0.2455300726497977,-1408595.161243374
2025-03-23 17:00:00,0.09872782106466893,0.29342842508247474,0.24558937352255633,-1304035.4921086195
2025-03-23 18:00:00,4.6714765524981735e-17,0.35363054583338854,0.24564865608601036,-1501896.1176692198
2025-03-23 19:00:00,0.0,0.2612915316652016,0.24570792030966138,-1480813.027484654
2025-03-23 20:00:00,0.0,0.3180341307321212,0.2457671661630202,-1399833.0751479422
2025-03-23 21:00:00,0.0,0.2642772751894797,0.24582639361560732,-1404802.7340586963
2025-03-23 22:00:00,0.0,0.33349748689106806,0.24588560263695253,-1399833.7640512176
2025-03-23 23:00:00,0.0,0.31961430457273926,0.24594479319659518,-1525199.0028354288
2025-03-24 00:00:00,0.0,0.2924207616187583,0.24600396526408408,-1511827.6039963623
2025-03-24 01:00:00,0.0,0.38855432321936756,0.24606311880897763,-1462574.1342489165
2025-03-24 02:00:00,0.0,0.3122230255702628,0.2461222538008437,-1541383.6325170903
2025-03-24 03:00:00,0.0,0.38425754877832335,0.24618137020925968,-1518216.2437899646
2025-03-24 04:00:00,0.0,0.3861903605407037,0.24624046800381255,-1400708.3242201065
2025-03-24 05:00:00,0.0,0.3349283399214433,0.24629954715409882,-1411736.732343342
2025-03-24 06:00:00,0.0,0.395480319782508,0.24635860762972472,-1345203.4385165113
2025-03-24 07:00:00,0.10039800515760362,0.36471208503426905,0.246417649400306,-1393114.6990018704
2025-03-24 08:00:00,0.1939540521792648,0.2743941492374348,0.246476672435468,-1449495.2994564294
2025-03-24 09:00:00,0.27429245106913525,0.3072538435581775,0.24653567670484575,-1355840.048913013
2025-03-24 10:00:00,0.3359382727083518,0.29262004229704686,0.2465946621780839,-1259854.259957947
2025-03-24 11:00:00,0.3746904562267389,0.38503860219574754,0.24665362882483685,-1202413.2378046687
2025-03-24 12:00:00,0.3879081043585297,0.2623736016192226,0.2467125766147686,-1245666.067919379
2025-03-24 13:00:00,0.3746904562267389,0.2944975069408026,0.24677150551755278,-1281421.190310078
2025-03-24 14:00:00,0.33593827270835186,0.2529976904122643,0.246830415502873,-1312398.7463764395
2025-03-24 15:00:00,0.2742924510691353,0.34499066308738374,0.24688930654042232,-1253008.245964146
2025-03-24 16:00:00,0.1939540521792648,0.29789540525302927,0.2469481785999037,-1287206.876076663
2025-03-24 17:00:00,0.10039800515760372,0.30486418123995,0.24700703165102983,-1364751.3937672349
2025-03-24 18:00:00,4.7505041836599077e-17,0.26629496124020496,0.24706586566352318,-1435537.7075878552
2025-03-24 19:00:00,0.0,0.39735736009940675,0.247124680607116,-1418047.1745220546
2025-03-24 20:00:00,0.0,0.25555617854556134,0.24718347645155037,-1398856.0573369027
2025-03-24 21:00:00,0.0,0.30698495038868123,0.24724225316657822,-1387570.220324164
2025-03-24 22:00:00,0.0,0.27976237406901217,0.24730101072196123,-1394761.4115874986
2025-03-24 23:00:00,0.0,0.33541678413131726,0.24735974908747105,-1480978.551773577
2025-03-25 00:00:00,0.0,0.3288626742641004,0.24741846823288904,-1595184.3441471434
2025-03-25 01:00:00,0.0,0.35291022420834345,0.2474771681280067,-1584379.1166280054
2025-03-25 02:00:00,0.0,0.29189228970609904,0.2475358487426252,-1438647.2655795093
2025-03-25 03:00:00,0.0,0.28582765636874086,0.24759451004655572,-1381590.536020463
2025-03-25 04:00:00,0.0,0.3636116776404051,0.24765315200961943,-1433204.3288025148
2025-03-25 05:00:00,0.0,0.3732404802837067,0.24771177460164734,-1542908.412471645
2025-03-25 06:00:00,0.0,0.2865860387725017,0.2477703777924805,-1507233.6221784344
2025-03-25 07:00:00,0.10206719928065744,0.387293873025389,0.24782896155196993,-1406043.819188291
2025-03-25 08:00:00,0.19717868760436005,0.33259362306572143,0.24788752584997661,-1408281.0778877183
2025-03-25 09:00:00,0.27885277422101373,0.3288335445063162,0.2479460706563716,-1428923.6086833691
2025-03-25 10:00:00,0.3415235051005032,0.33102247256452605,0.24800459594103585,-1204278.9823384108
2025-03-25 11:00:00,0.38091997350167117,0.36612589271508295,0.2480631016738606,-1405860.6755688624
2025-03-25 12:00:00,0.39435737520872016,0.3505957946598926,0.24812158782474686,-1431182.2935645184
2025-03-25 13:00:00,0.38091997350167117,0.32010448643188144,0.24818005436360596,-1288177.5307710317
2025-03-25 14:00:00,0.3415235051005033,0.38503551416911225,0.2482385012603591,-1312259.6593656992
2025-03-25 15:00:00,0.27885277422101373,0.36472934739201696,0.24829692848493778,-1327256.780014765
2025-03-25 16:00:00,0.19717868760436005,0.28835324551985037,0.24835533600728352,-1338340.1634643145
2025-03-25 17:00:00,0.10206719928065756,0.28034983883725717,0.248413723797348,-1391747.8156618995
2025-03-25 18:00:00,4.82948497269511e-17,0.29529642992892263,0.248472091825093,-1393058.7673056666
2025-03-25 19:00:00,0.0,0.3421031024343973,0.24853044006049058,-1465414.1911438068
2025-03-25 20:00:00,0.0,0.37982236609465103,0.24858876847352285,-1386608.1095479548
2025-03-25 21:00:00,0.0,0.30887505162259377,0.24864707703418226,-1581801.6364357884
2025-03-25 22:00:00,0.0,0.3302189588038058,0.2487053657124713,-1451707.6223830017
2025-03-25 23:00:00,0.0,0.30082673051273745,0.2487636344784028,-1472319.2756604943
2025-03-26 00:00:00,0.0,0.2959136389548134,0.24882188330199992,-1457151.2567029072
2025-03-26 01:00:00,0.0,0.3102296750348254,0.24888011215329586,-1488720.3649771567
2025-03-26 02:00:00,0.0,0.34869283378706434,0.24893832100233432,-1501808.1199458698
2025-03-26 03:00:00,0.0,0.3781705151609808,0.24899650981916907,-1527892.9553612138
2025-03-26 04:00:00,0.0,0.2732743108081539,0.24905467857386432,-1519300.6137657305
2025-03-26 05:00:00,0.0,0.31192397380622156,0.24911282723649464,-1493324.583607288
2025-03-26 06:00:00,0.0,0.266316647804615,0.24917095577714488,-1457540.52472244
2025-03-26 07:00:00,0.10373490881558747,0.29844506235457574,0.24922906416591017,-1456171.9684019408
2025-03-26 08:00:00,0.20040045502543496,0.26160593682583666,0.24928715237289611,-1360488.9095552808
2025-03-26 09:00:00,0.2834090414027096,0.3780257797156058,0.24934522036821868,-1374878.5151630233
2025-03-26 10:00:00,0.34710376996397513,0.3915396081971349,0.2494032681220042,-1285499.6102410594
2025-03-26 11:00:00,0.3871439502182972,0.341430506346081,0.24946129560438937,-1247453.6443367545
2025-03-26 12:00:00,0.40080091005087,0.341366879106841,0.24951930278552148,-1312889.8654303933
2025-03-26 13:00:00,0.3871439502182972,0.3211430397259829,0.24957728963555809,-1282609.6276790956
2025-03-26 14:00:00,0.3471037699639752,0.27167432477804737,0.24963525612466736,-1200147.6324336573
2025-03-26 15:00:00,0.28340904140270967,0.30875612347246706,0.24969320222302777,-1362106.4453924056
2025-03-26 16:00:00,0.20040045502543496,0.35126017108451774,0.24975112790082846,-1260226.7525000183
2025-03-26 17:00:00,0.10373490881558758,0.2601132080295582,0.24980903312826894,-1343109.300841082
2025-03-26 18:00:00,4.908395515891442e-17,0.2948701343962987,0.2498669178755593,-1339052.7010758226
2025-03-26 19:00:00,0.0,0.38553869453221457,0.24992478211292024,-1446083.5926013829
2025-03-26 20:00:00,0.0,0.3639105131051566,0.24998262581058278,-1458656.97671905
2025-03-26 21:00:00,0.0,0.3334961206911859,0.2500404489387888,-1477583.3748531954
2025-03-26 22:00:00,0.0,0.2569561553849034,0.2500982514677905,-1398669.2258138284
2025-03-26 23:00:00,0.0,0.37639407805542424,0.2501560333678509,-1539318.727141245
2025-03-27 00:00:00,0.0,0.3764632631105615,0.25021379460924353,-1451969.0390455057
2025-03-27 01:00:00,0.0,0.38560933997667934,0.2502715351622525,-1494696.9299512533
2025-03-27 02:00:00,0.0,0.33967877033786575,0.2503292549971726,-1491287.9222754128
2025-03-27 03:00:00,0.0,0.2935715188925976,0.25038695408430933,-1494158.8251889069
2025-03-27 04:00:00,0.0,0.2929963954424186,0.2504446323939788,-1473416.010848859
2025-03-27 05:00:00,0.0,0.2890361168486513,0.25050228989650786,-1359974.2205946716
2025-03-27 06:00:00,0.0,0.3800606529214401,0.250559926562234,-1437223.0896606138
2025-03-27 07:00:00,0.10540063958406638,0.2719430034617196,0.2506175423615055,-1326360.8490583717
2025-03-27 08:00:00,0.20361839976327117,0.34041923754298115,0.2506751372646813,-1303455.3435030337
2025-03-27 09:00:00,0.2879599024939247,0.2548277352095063,0.25073271124213126,-1315122.2137207445
2025-03-27 10:00:00,0.35267741374585637,0.35234043985076374,0.25079026426423573,-1285833.1467937874
2025-03-27 11:00:00,0.3933605420779912,0.39163968242730496,0.2508477963013861,-1314121.5903756204
2025-03-27 12:00:00,0.40723679952654246,0.35930459497478656,0.2509053073239843,-1173301.935777415
2025-03-27 13:00:00,0.3933605420779912,0.3678589900614212,0.25096279730244336,-1209552.959225634
2025-03-27 14:00:00,0.3526774137458564,0.2849080392618137,0.2510202662071869,-1421416.88707494
2025-03-27 15:00:00,0.2879599024939248,0.2973897544177294,0.2510777140086496,-1385812.7220384628
2025-03-27 16:00:00,0.20361839976327117,0.2671468018776068,0.25113514067727677,-1334328.3839082795
2025-03-27 17:00:00,0.10540063958406651,0.3198072338379992,0.25119254618352466,-1424110.8157456948
2025-03-27 18:00:00,4.9872124303519264e-17,0.3833420633882098,0.25124993049786054,-1371302.4432427266
2025-03-27 19:00:00,0.0,0.3381478538915857,0.2513072935907624,-1409043.8389775364
2025-03-27 20:00:00,0.0,0.35139825565197413,0.2513646354327193,-1384741.6667774648
2025-03-27 21:00:00,0.0,0.39748959668256145,0.2514219559942311,-1368234.9304581403
2025-03-27 22:00:00,0.0,0.26157433731540825,0.2514792552458087,-1447072.4173578394
2025-03-27 23:00:00,0.0,0.266071379522577,0.251536533157974,-1436559.798298971
2025-03-28 00:00:00,0.0,0.3751576577526334,0.2515937897012597,-1549362.483113435
2025-03-28 01:00:00,0.0,0.28112015317394484,0.2516510248462096,-1570884.9814046014
2025-03-28 02:00:00,0.0,0.25248601574643365,0.25170823856337865,-1515983.138346834
2025-03-28 03:00:00,0.0,0.3538302234507175,0.2517654308233325,-1440041.650114262
2025-03-28 04:00:00,0.0,0.3544111824436886,0.25182260159664827,-1443757.2788447794
2025-03-28 05:00:00,0.0,0.2768665402520361,0.2518797508539137,-1537885.7336207905
2025-03-28 06:00:00,0.0,0.2800171656274191,0.25193687856572783,-1394584.096749123
2025-03-28 07:00:00,0.10706389799411806,0.2738869794746626,0.2519939847027008,-1358307.0422904217
2025-03-28 08:00:00,0.20683156827139398,0.3524614255956774,0.2520510692354537,-1347809.5527335724
2025-03-28 09:00:00,0.29250400897630213,0.33736703347093866,0.2521081321346189,-1370602.7477713372
2025-03-28 10:00:00,0.3582427848552054,0.295125433995786,0.25216517337083977,-1318873.185847753
2025-03-28 11:00:00,0.3995679069704203,0.3007720071863186,0.252222192914771,-1251650.4097349409
2025-03-28 12:00:00,0.4136631365427881,0.30192613522227313,0.2522791907370782,-1263204.5476634493
2025-03-28 13:00:00,0.3995679069704203,0.3316080209725881,0.25233616680843834,-1188657.5015592165
2025-03-28 14:00:00,0.35824278485520544,0.3469271285205765,0.25239312109953954,-1339181.510999531
2025-03-28 15:00:00,0.2925040089763022,0.3720276655511189,0.252450053581081,-1220813.2748722255
2025-03-28 16:00:00,0.20683156827139398,0.31633675743029394,0.25250696422377333,-1162770.2720574012
2025-03-28 17:00:00,0.10706389799411817,0.262999830558729,0.2525638529983383,-1370403.4644598814
2025-03-28 18:00:00,5.0659123609237993e-17,0.3652237011356329,0.2526207198755088,-1264675.969440849
2025-03-28 19:00:00,0.0,0.3227183596598407,0.25267756482602927,-1520459.0241722823
2025-03-28 20:00:00,0.0,0.34222501396260324,0.25273438782065516,-1432447.190880468
2025-03-28 21:00:00,0.0,0.3475603161907448,0.25279118883015333,-1439594.7181832124
2025-03-28 22:00:00,0.0,0.3951060702485053,0.25284796782530194,-1450920.2813645853
2025-03-28 23:00:00,0.0,0.26498093670501394,0.25290472477689047,-1502796.4787597784
2025-03-29 00:00:00,0.0,0.30114197580361846,0.2529614596557198,-1518632.7227440705
2025-03-29 01:00:00,0.0,0.3957432079014701,0.2530181724326021,-1447681.2609374248
2025-03-29 02:00:00,0.0,0.3166891823817402,0.25307486307836086,-1476552.7899787494
2025-03-29 03:00:00,0.0,0.39805110942716365,0.253131531563831,-1603587.8678708826
2025-03-29 04:00:00,0.0,0.3807150887235223,0.253188177859859,-1473032.4424236729
2025-03-29 05:00:00,0.0,0.31449420869796885,0.2532448019373025,-1398523.601323374
2025-03-29 06:00:00,0.0,0.37041138068199153,0.25330140376703064,-1459407.1118843183
2025-03-29 07:00:00,0.10872419118637956,0.3073336911931494,0.2533579833199242,-1428753.3991324496
2025-03-29 08:00:00,0.2100390084186286,0.31517485758815905,0.2534145405668751,-1282164.0882636758
2025-03-29 09:00:00,0.2970400143330213,0.3408400814088073,0.2534710754787871,-1277018.2920100584
2025-03-29 10:00:00,0.36379823415245194,0.3572625395762109,0.2535275880265751,-1372654.4253308491
2025-03-29 11:00:00,0.4057642055194009,0.34746226562314647,0.25358407818116574,-1382666.2454933675
2025-03-29 12:00:00,0.4200780168372573,0.28062711717898153,0.25364054591349705,-1275618.9521654525
2025-03-29 13:00:00,0.4057642055194009,0.35838874206854565,0.2536969911945187,-1247112.789128334
2025-03-29 14:00:00,0.36379823415245194,0.32358157462371795,0.2537534139951918,-1372668.0001356867
2025-03-29 15:00:00,0.29704001433302135,0.2837559028065929,0.25380981428648913,-1315725.4226551494
2025-03-29 16:00:00,0.2100390084186286,0.2593703670533249,0.253866192039395,-1317389.2008561972
2025-03-29 17:00:00,0.10872419118637969,0.3764272309426694,0.25392254722490526,-1338729.844381815
2025-03-29 18:00:00,5.144471987119151e-17,0.3904496402244308,0.25397887981402756,-1330905.9969637666
2025-03-29 19:00:00,0.0,0.2664836528801783,0.2540351897777809,-1428328.3628024908
2025-03-29 20:00:00,0.0,0.2588708640592218,0.2540914770871961,-1455877.6229493162
2025-03-29 21:00:00,0.0,0.25063641373638257,0.25414774171331567,-1505099.4937482465
2025-03-29 22:00:00,0.0,0.3308324344400191,0.2542039836271936,-1415348.6926170688
2025-03-29 23:00:00,0.0,0.27236040734736316,0.25426020279989586,-1466184.7347216904
2025-03-30 00:00:00,0.0,0.37393677656391794,0.2543163992024997,-1444912.4209580948
2025-03-30 01:00:00,0.0,0.2806446012930466,0.25437257280609454,-1504760.7774891362
2025-03-30 02:00:00,0.0,0.36960317756652206,0.2544287235817812,-1508386.8984548135
2025-03-30 03:00:00,0.0,0.2514354662182743,0.2544848515006724,-1504654.5677251262
2025-03-30 04:00:00,0.0,0.30671295985953406,0.2545409565338926,-1476864.0818046706
2025-03-30 05:00:00,0.0,0.25260168234658786,0.25459703865257793,-1474988.0522643982
2025-03-30 06:00:00,0.0,0.30974447983430237,0.2546530978278765,-1429150.774638887
2025-03-30 07:00:00,0.11038102718014592,0.3943907229160435,0.25470913403094797,-1386954.5855295989
2025-03-30 08:00:00,0.2132397697712371,0.33856976540009226,0.2547651472329641,-1272577.817036082
2025-03-30 09:00:00,0.3015665744477999,0.25295348411889196,0.2548211374051083,-1349618.1351306967
2025-03-30 10:00:00,0.3693421154380727,0.25273237963338746,0.25487710451857587,-1286431.223538529
2025-03-30 11:00:00,0.4119476016279458,0.33273108204308227,0.25493304854457394,-1349508.1239131056
2025-03-30 12:00:00,0.42647953954247425,0.2827251138909551,0.25498896945432165,-1290106.5317955583
2025-03-30 13:00:00,0.4119476016279458,0.27388156988706996,0.2550448672190498,-1274972.7754103055
2025-03-30 14:00:00,0.36934211543807277,0.3990130094479698,0.2551007418100013,-1212574.4900802064
2025-03-30 15:00:00,0.3015665744477999,0.26820477755588046,0.2551565931984309,-1243284.2570727307
2025-03-30 16:00:00,0.2132397697712371,0.36341334736124337,0.2552124213556054,-1260312.0916431919
2025-03-30 17:00:00,0.11038102718014603,0.38625339258062547,0.2552682262528033,-1365571.0411109172
2025-03-30 18:00:00,5.2228680300252815e-17,0.3656557681295216,0.2553240078613154,-1438478.8417124855
2025-03-30 19:00:00,0.0,0.38482137261865385,0.2553797661524441,-1327888.7030554507
2025-03-30 20:00:00,0.0,0.39881464235492586,0.2554355010975041,-1511607.8143365872
2025-03-30 21:00:00,0.0,0.2832513538946501,0.25549121266782204,-1441117.3372659718
2025-03-30 22:00:00,0.0,0.3754693179758933,0.25554690083473647,-1368850.1259380765
2025-03-30 23:00:00,0.0,0.2713350174083445,0.2556025655695981,-1492028.1559170212
2025-03-31 00:00:00,0.0,0.3310384010199332,0.2556582068437697,-1461635.1150360545
2025-03-31 01:00:00,0.0,0.2571998853633267,0.255713824628626,-1458161.4475553883
2025-03-31 02:00:00,0.0,0.2838585977070224,0.255769418895554,-1575292.73272104
2025-03-31 03:00:00,0.0,0.34627476899795195,0.25582498961595246,-1419951.7754095688
2025-03-31 04:00:00,0.0,0.3831180392073914,0.2558805367612326,-1401092.3849566812
2025-03-31 05:00:00,0.0,0.3278629696533556,0.25593606030281774,-1348137.785290619
2025-03-31 06:00:00,0.0,0.25190545019403865,0.25599156021214314,-1402407.5700519308
2025-03-31 07:00:00,0.11203391501915477,0.38069303813094635,0.2560470364606563,-1365748.1394833275
2025-03-31 08:00:00,0.21643290387455266,0.331598718873039,0.25610248901981697,-1370081.5311072266
2025-03-31 09:00:00,0.3060823480031848,0.31882002852055913,0.25615791786109704,-1239017.6950491576
2025-03-31 10:00:00,0.3748727859403962,0.2539160549825987,0.25621332295598054,-1264893.1849578666
2025-03-31 11:00:00,0.4181162630223396,0.38473411090309223,0.2562687042759638,-1260977.9179315427
2025-03-31 12:00:00,0.43286580774910544,0.3225331734646985,0.25632406179255535,-1248231.6559258013
2025-03-31 13:00:00,0.4181162630223396,0.3688559159173573,0.256379395477276,-1247021.9186026552
2025-03-31 14:00:00,0.37487278594039625,0.32694077650698816,0.2564347053016588,-1274192.5228572062
2025-03-31 15:00:00,0.30608234800318485,0.38425718054163205,0.25648999123724897,-1327849.1301314041
2025-03-31 16:00:00,0.21643290387455266,0.3590032363490917,0.2565452532556042,-1264115.3164028665
2025-03-31 17:00:00,0.11203391501915491,0.35720606551169093,0.2566004913282944,-1398517.1415004176
2025-03-31 18:00:00,5.301077259202755e-17,0.31939704020732146,0.25665570542690175,-1275845.9797422586
2025-03-31 19:00:00,0.0,0.36859996721540395,0.2567108955230208,-1422936.152969531
2025-03-31 20:00:00,0.0,0.2937911233268671,0.25676606158825854,-1410331.4356699283
2025-03-31 21:00:00,0.0,0.28726517326451056,0.25682120359423416,-1318192.0922112595
2025-03-31 22:00:00,0.0,0.27883735659826436,0.2568763215125794,-1499075.5798564255
2025-03-31 23:00:00,0.0,0.35754993972426624,0.25693141531493824,-1436045.0124787285
2025-04-01 00:00:00,0.0,0.25365640313530396,0.2569864849729671,-1453491.0234323083
2025-04-01 01:00:00,0.0,0.250296980147,0.25704153045833494,-1503072.9390104422
2025-04-01 02:00:00,0.0,0.28353132431973715,0.25709655174272295,-1563591.0839547417
2025-04-01 03:00:00,0.0,0.34169784534438186,0.257151548797825,-1549811.6306407873
2025-04-01 04:00:00,0.0,0.27528994937491796,0.2572065215953473,-1460940.5925525352
2025-04-01 05:00:00,0.0,0.3704496816461092,0.25726147010700845,-1397228.8371703408
2025-04-01 06:00:00,0.0,0.28250137303209516,0.2573163943045398,-1360949.6351811164
2025-04-01 07:00:00,0.11368236491706718,0.281579641245084,0.2573712941596849,-1356087.6644456403
2025-04-01 08:00:00,0.219617464534027,0.3526585941177255,0.25742616964420006,-1306364.3159820782
2025-04-01 09:00:00,0.31058599687801325,0.35497198858982176,0.25748102072985407,-1253992.553349674
2025-04-01 10:00:00,0.38038860680239084,0.33465351670642274,0.2575358473884281,-1338032.7210913624
2025-04-01 11:00:00,0.4242683617950805,0.2830204592488957,0.2575906495917163,-1320395.0344101554
2025-04-01 12:00:00,0.43923492906805406,0.2590100753411686,0.25764542731152484,-1177563.9160961455
2025-04-01 13:00:00,0.4242683617950805,0.3577098397700315,0.25770018051967297,-1258042.1781317224
2025-04-01 14:00:00,0.38038860680239084,0.26948990285137897,0.2577549091879924,-1266534.472124541
2025-04-01 15:00:00,0.31058599687801325,0.2770116105004364,0.25780961328832724,-1308206.4742817795
2025-04-01 16:00:00,0.219617464534027,0.3758380658189314,0.25786429279253453,-1285729.779850934
2025-04-01 17:00:00,0.1136823649170673,0.25164168723891644,0.25791894767248386,-1375965.9665812454
2025-04-01 18:00:00,5.3790764995690717e-17,0.2632111739204118,0.2579735779000575,-1309399.3684590736
2025-04-01 19:00:00,0.0,0.3826826067998877,0.25802818344715034,-1319594.3287645618
2025-04-01 20:00:00,0.0,0.3581593391954243,0.25808276428567006,-1473596.0228468666
2025-04-01 21:00:00,0.0,0.3129283045566581,0.258137320387537,-1432244.7096637813
2025-04-01 22:00:00,0.0,0.30338362846022715,0.25819185172468423,-1429441.7208991025
2025-04-01 23:00:00,0.0,0.28725928156435604,0.25824635826905756,-1486351.6080877238
2025-04-02 00:00:00,0.0,0.25853048937369444,0.2583008399926156,-1413759.3611847577
2025-04-02 01:00:00,0.0,0.36599560189185504,0.2583552968673296,-1476591.8167922078
2025-04-02 02:00:00,0.0,0.34731045422690154,0.25840972886518376,-1421058.0144581909
2025-04-02 03:00:00,0.0,0.35441179151420216,0.25846413595817497,-1343793.2484872062
2025-04-02 04:00:00,0.0,0.3264360642928017,0.25851851811831306,-1452623.3355989319
2025-04-02 05:00:00,0.0,0.28834432970291674,0.2585728753176204,-1431663.033918038
2025-04-02 06:00:00,0.0,0.30140385081500093,0.25862720752813256,-1412226.828848373
2025-04-02 07:00:00,0.11532588840260191,0.32701475163051397,0.2586815147218977,-1456746.2560437692
2025-04-02 08:00:00,0.22279250809560824,0.3222983855053437,0.258735796870977,-1381218.4708442427
2025-04-02 09:00:00,0.3150761865439268,0.28984322770197524,0.2587900539474444,-1309453.3336034042
2025-04-02 10:00:00,0.38588794356729395,0.2797033906602176,0.25884428592338693,-1392033.617379512
2025-04-02 11:00:00,0.4304020749465287,0.3264592191039238,0.2588984927709044,-1349012.4875771499
2025-04-02 12:00:00,0.4455850161912166,0.33891782103478213,0.2589526744621094,-1230748.5073493568
2025-04-02 13:00:00,0.4304020749465287,0.3468393136373586,0.2590068309691278,-1228937.5202400398
2025-04-02 14:00:00,0.38588794356729406,0.2785325481225511,0.2590609622640982,-1260302.4344155325
2025-04-02 15:00:00,0.31507618654392683,0.26751365351998474,0.25911506831917214,-1219111.448617981
2025-04-02 16:00:00,0.22279250809560824,0.36921759905303353,0.25916914910651434,-1249676.952884405
2025-04-02 17:00:00,0.11532588840260205,0.26673087637515797,0.2592232045983024,-1325249.946093557
2025-04-02 18:00:00,5.456842638265949e-17,0.3570927919420225,0.25927723476672687,-1345999.1624437792
2025-04-02 19:00:00,0.0,0.29212403828448646,0.2593312395839914,-1369041.3314726222
2025-04-02 20:00:00,0.0,0.31136416771365827,0.2593852190223127,-1362146.360900071
2025-04-02 21:00:00,0.0,0.2767405242393048,0.25943917305392056,-1376276.9664985375
2025-04-02 22:00:00,0.0,0.2529257979906286,0.2594931016510577,-1481856.3169696792
2025-04-02 23:00:00,0.0,0.3009156525257033,0.25954700478598014,-1391060.6745624067
2025-04-03 00:00:00,0.0,0.25668555677740273,0.25960088243095675,-1547341.822017714
2025-04-03 01:00:00,0.0,0.2972889621964007,0.25965473455826976,-1476524.071097206
2025-04-03 02:00:00,0.0,0.29319443740795553,0.2597085611402143,-1450637.9263408396
2025-04-03 03:00:00,0.0,0.35608884946703745,0.25976236214909887,-1474206.5662399968
2025-04-03 04:00:00,0.0,0.34853665781478055,0.2598161375572449,-1294764.2354401504
2025-04-03 05:00:00,0.0,0.2587791883348144,0.25986988733698724,-1479262.2435812156
2025-04-03 06:00:00,0.0,0.29064245280600715,0.25992361146067366,-1415847.935829813
2025-04-03 07:00:00,0.11696399846428006,0.329684522851655,0.25997730990066525,-1207385.2235210312
2025-04-03 08:00:00,0.22595709372536604,0.29236590086091657,0.2600309826293364,-1293528.549381856
2025-04-03 09:00:00,0.31955158646082127,0.38194639041846074,0.26008462961907464,-1340803.0814283895
2025-04-03 10:00:00,0.3913691666629368,0.3560118091812712,0.26013825084228065,-1333842.8021831196
2025-04-03 11:00:00,0.43651558492510134,0.2512262954844854,0.26019184627136854,-1239832.6961515609
2025-04-03 12:00:00,0.4519141874507322,0.2887866260355167,0.2602454158787656,-1235082.3910472374
2025-04-03 13:00:00,0.43651558492510134,0.36106924086549225,0.2602989596369124,-1375773.7587652302
2025-04-03 14:00:00,0.39136916666293686,0.35947689387832865,0.2603524775182629,-1164796.9969801768
2025-04-03 15:00:00,0.3195515864608213,0.26376765090552495,0.26040596949528416,-1250152.7600921723
2025-04-03 16:00:00,0.22595709372536604,0.3858667401902065,0.26045943554045675,-1285747.0603767934
2025-04-03 17:00:00,0.11696399846428018,0.3598284218834206,0.2605128756262747,-1447360.8994010263
2025-04-03 18:00:00,5.534352631508161e-17,0.2542736338383665,0.260566289725245,-1338503.72295821
2025-04-03 19:00:00,0.0,0.32732486551457907,0.2606196778098883,-1478100.6954326236
2025-04-03 20:00:00,0.0,0.39878714749913174,0.2606730398527387,-1369874.8178111333
2025-04-03 21:00:00,0.0,0.3854184430249272,0.26072637582634345,-1419869.60402323
2025-04-03 22:00:00,0.0,0.356903710044338,0.2607796857032634,-1458334.3258715924
2025-04-03 23:00:00,0.0,0.3259051192317839,0.26083296945607265,-1593421.8931538002
2025-04-04 00:00:00,0.0,0.3319134335797763,0.2608862270573589,-1505499.35914556
2025-04-04 01:00:00,0.0,0.32261351862754417,0.26093945847972333,-1612807.0380762569
2025-04-04 02:00:00,0.0,0.39873184637526865,0.26099266369578045,-1439334.18730005
2025-04-04 03:00:00,0.0,0.3739829261221917,0.2610458426781582,-1522989.4218946032
2025-04-04 04:00:00,0.0,0.2707454794913829,0.2610989953994984,-1406461.506037643
2025-04-04 05:00:00,0.0,0.3995179237009462,0.2611521218324558,-1401137.9317984916
2025-04-04 06:00:00,0.0,0.3737675873972927,0.26120522194969914,-1407705.1104606888
2025-04-04 07:00:00,0.11859620969473705,0.2526329395503065,0.26125829572391057,-1341277.9932332346
2025-04-04 08:00:00,0.22911028368828096,0.3965191890234132,0.2613113431277857,-1347737.8756929291
2025-04-04 09:00:00,0.3240108704711143,0.25504423242659235,0.2613643641340338,-1344835.604653515
2025-04-04 10:00:00,0.39683065188462163,0.3065895039942382,0.26141735871537763,-1350967.942059952
2025-04-04 11:00:00,0.4426070801658514,0.25711136602847845,0.26147032684455374,-1346370.4778880437
2025-04-04 12:00:00,0.458220567376562,0.32008878339276986,0.261523268494312,-1262328.7241576181
2025-04-04 13:00:00,0.4426070801658514,0.28904446994655825,0.26157618363741614,-1284779.85454581
2025-04-04 14:00:00,0.39683065188462174,0.32955068694391415,0.26162907224664345,-1247594.6015496452
2025-04-04 15:00:00,0.3240108704711143,0.3725287454271783,0.26168193429478476,-1324938.2021909019
2025-04-04 16:00:00,0.22911028368828096,0.271173694380609,0.26173476975464477,-1339585.0368907251
2025-04-04 17:00:00,0.11859620969473716,0.3954500855893688,0.2617875785990418,-1358124.1191031348
2025-04-04 18:00:00,5.611583511411908e-17,0.29067380529912296,0.26184036080080764,-1338526.735381161
2025-04-04 19:00:00,0.0,0.37104046126209433,0.2618931163327881,-1370173.3417317546
2025-04-04 20:00:00,0.0,0.38671428711107375,0.2619458451678426,-1541429.925338682
2025-04-04 21:00:00,0.0,0.2804864268832461,0.2619985472788442,-1366079.2238855779
2025-04-04 22:00:00,0.0,0.25788740739601373,0.26205122263867975,-1439968.8684202137
2025-04-04 23:00:00,0.0,0.37452433922933626,0.26210387122025,-1490152.2137314607
2025-04-05 00:00:00,0.0,0.3239650441025395,0.26215649299646926,-1393719.3729655717
2025-04-05 01:00:00,0.0,0.295371719597626,0.2622090879402658,-1569040.6482507053
2025-04-05 02:00:00,0.0,0.250451852444004,0.2622616560245816,-1475696.5962571134
2025-04-05 03:00:00,0.0,0.31903406822709696,0.26231419722237254,-1567415.9335618524
2025-04-05 04:00:00,0.0,0.36809503099567253,0.26236671150660823,-1412542.1704315112
2025-04-05 05:00:00,0.0,0.29898893802063975,0.26241919885027215,-1427900.5094368248
2025-04-05 06:00:00,0.0,0.2780883698339701,0.2624716592263618,-1426077.5724678235
2025-04-05 07:00:00,0.12022203843455928,0.28485368048267035,0.2625240926078883,-1379007.8249846983
2025-04-05 08:00:00,0.2322511436261156,0.32980092324749577,0.26257649896787677,-1255224.8920609253
2025-04-05 09:00:00,0.3284527171927143,0.3912941512963064,0.2626288782793663,-1368804.6445644205
2025-04-05 10:00:00,0.40227078087640883,0.3371736325044028,0.26268123051540987,-1257374.3672280633
2025-04-05 11:00:00,0.44867475562727366,0.31646352030410924,0.26273355564907425,-1214539.821515148
2025-04-05 12:00:00,0.46450228725223125,0.37539395126400205,0.26278585365344037,-1315270.7011833605
2025-04-05 13:00:00,0.44867475562727366,0.25236371321171835,0.2628381245016029,-1201589.0042835285
2025-04-05 14:00:00,0.4022707808764089,0.26126312695318227,0.26289036816667066,-1218176.543332591
2025-04-05 15:00:00,0.32845271719271435,0.3837097230442484,0.26294258462176634,-1364878.3814889262
2025-04-05 16:00:00,0.2322511436261156,0.3813149599914311,0.26299477384002673,-1309970.9614086577
2025-04-05 17:00:00,0.1202220384345594,0.2814883723236021,0.2630469357946025,-1255107.040500743
2025-04-05 18:00:00,5.688512392800695e-17,0.3671558320160441,0.26309907045865844,-1344866.6118497404
2025-04-05 19:00:00,0.0,0.3288410597395659,0.26315117780537334,-1298428.9898792573
2025-04-05 20:00:00,0.0,0.25233816575132395,0.26320325780794007,-1402104.8542878076
2025-04-05 21:00:00,0.0,0.3710328398762613,0.26325531043956557,-1346078.3030884545
2025-04-05 22:00:00,0.0,0.30441473102844474,0.2633073356734709,-1362143.0077378247
2025-04-05 23:00:00,0.0,0.2674438719875501,0.26335933348289114,-1480265.159476429
2025-04-06 00:00:00,0.0,0.2887669655095567,0.2634113038410755,-1553257.973179542
2025-04-06 01:00:00,0.0,0.38447062250896225,0.2634632467212872,-1451072.2150274229
2025-04-06 02:00:00,0.0,0.39819830668744316,0.2635151620968038,-1557336.4820956287
2025-04-06 03:00:00,0.0,0.26749952452361075,0.263567049940917,-1412709.5819720142
2025-04-06 04:00:00,0.0,0.3402903998206365,0.2636189102269325,-1432833.431750628
2025-04-06 05:00:00,0.0,0.25186232027954436,0.2636707429281703,-1458659.963335766
2025-04-06 06:00:00,0.0,0.2823448445925728,0.2637225480179645,-1280336.66076753
2025-04-06 07:00:00,0.1218410029156029,0.33790361743499114,0.2637743254696635,-1338641.5751086876
2025-04-06 08:00:00,0.235378742834285,0.347951035564205,0.2638260752566299,-1376492.1072547897
2025-04-06 09:00:00,0.3328758104105749,0.3523309201238518,0.26387779735224043,-1333394.1989942526
2025-04-06 10:00:00,0.4076879416106705,0.3475156429531235,0.2639294917298863,-1323629.0818933072
2025-04-06 11:00:00,0.45471681332617786,0.2923918760694311,0.26398115836297265,-1196901.7635348937
2025-04-06 12:00:00,0.4707574856685701,0.2778826813009101,0.2640327972249192,-1341870.052143476
2025-04-06 13:00:00,0.45471681332617786,0.2693590934745928,0.26408440828915974,-1264711.6385683133
2025-04-06 14:00:00,0.40768794161067057,0.35589166772775505,0.26413599152914247,-1225225.582484732
2025-04-06 15:00:00,0.3328758104105749,0.27359991984042553,0.26418754691832996,-1248751.5492205326
2025-04-06 16:00:00,0.235378742834285,0.2883616178745189,0.26423907443019895,-1382594.3749941597
2025-04-06 17:00:00,0.12184100291560304,0.3989879069999189,0.2642905740382406,-1401496.2354734421
2025-04-06 18:00:00,5.765116479986705e-17,0.32895098164191056,0.2643420457159605,-1431011.2086504728
2025-04-06 19:00:00,0.0,0.38669308777600403,0.2643934894368784,-1331692.8041444775
2025-04-06 20:00:00,0.0,0.33052613972610895,0.2644449051745288,-1398043.1367958179
2025-04-06 21:00:00,0.0,0.325401680039074,0.2644962929024601,-1447589.0489176845
2025-04-06 22:00:00,0.0,0.31991647606176554,0.26454765259423557,-1470407.1216969935
2025-04-06 23:00:00,0.0,0.3460477050190375,0.2645989842234326,-1478199.9514464014
2025-04-07 00:00:00,0.0,0.29437149936138163,0.2646502877636432,-1418646.9707803174
2025-04-07 01:00:00,0.0,0.3532792628252805,0.26470156318847365,-1437174.3028676377
2025-04-07 02:00:00,0.0,0.3103194961700351,0.264752810471545,-1528718.0976789175
2025-04-07 03:00:00,0.0,0.3074884540655088,0.26480402958649235,-1476998.2168014299
2025-04-07 04:00:00,0.0,0.2610418916419186,0.2648552205069657,-1553539.2711541336
2025-04-07 05:00:00,0.0,0.3533150766989686,0.26490638320662924,-1384730.7908148568
2025-04-07 06:00:00,0.0,0.39430899567214117,0.2649575176591619,-1368535.0318693134
2025-04-07 07:00:00,0.12345262340375207,0.3177108274424977,0.2650086238382571,-1376674.3931253152
2025-04-07 08:00:00,0.23849215453764472,0.38998549652523934,0.2650597017176226,-1297426.6720067721
2025-04-07 09:00:00,0.33727883946671733,0.38338394075411303,0.26511075127098105,-1347960.6817829586
2025-04-07 10:00:00,0.41308052886576907,0.38333045745079625,0.26516177247206935,-1395811.9534233145
2025-04-07 11:00:00,0.4607314628704694,0.37754940088748645,0.2652127652946393,-1208507.8247617807
2025-04-07 12:00:00,0.47698430907528955,0.3793136902966341,0.265263729712457,-1133715.7150853921
2025-04-07 13:00:00,0.4607314628704694,0.26761863612891446,0.26531466569930334,-1310753.3251977358
2025-04-07 14:00:00,0.4130805288657692,0.28993091428096107,0.2653655732289738,-1328701.116818928
2025-04-07 15:00:00,0.33727883946671733,0.25235560969765297,0.2654164522752786,-1163789.0008381202
2025-04-07 16:00:00,0.23849215453764472,0.34037287513413594,0.2654673028120424,-1303391.279058499
2025-04-07 17:00:00,0.12345262340375218,0.3004116021392621,0.2655181248131046,-1381381.0255984291
2025-04-07 18:00:00,5.841373073525652e-17,0.29253085440311444,0.2655689182523195,-1330774.8214689973
2025-04-07 19:00:00,0.0,0.3318137555252841,0.2656196831035557,-1322456.8445521793
2025-04-07 20:00:00,0.0,0.3576954702989884,0.2656704193406969,-1337574.3290289745
2025-04-07 21:00:00,0.0,0.2522296076949487,0.2657211269376412,-1433262.5364386754
2025-04-07 22:00:00,0.0,0.2507209514055482,0.2657718058683017,-1443209.8950004517
2025-04-07 23:00:00,0.0,0.2513650115721766,0.26582245610660604,-1490095.8928879823
2025-04-08 00:00:00,0.0,0.3197117326707058,0.26587307762649676,-1399798.5506319476
2025-04-08 01:00:00,0.0,0.2648042584211748,0.26592367040193104,-1490352.6293270676
2025-04-08 02:00:00,0.0,0.29319383944698174,0.26597423440688095,-1490936.4469945221
2025-04-08 03:00:00,0.0,0.29029870170953337,0.2660247696153334,-1452941.9265209145
2025-04-08 04:00:00,0.0,0.3658343246199167,0.26607527600129,-1432514.3302939252
2025-04-08 05:00:00,0.0,0.28148654971336934,0.26612575353876733,-1370084.5725939223
2025-04-08 06:00:00,0.0,0.39557034058811497,0.26617620220179655,-1380968.50582865
2025-04-08 07:00:00,0.1250564223410745,0.30649372270967645,0.26622662196442404,-1383022.238005714
2025-04-08 08:00:00,0.24159045616511415,0.32037700514788026,0.2662770128007107,-1264578.9874715651
2025-04-08 09:00:00,0.3416604996486072,0.2675581634514078,0.26632737468473255,-1301709.7283701624
2025-04-08 10:00:00,0.4184469447017195,0.2819579899161127,0.2663777075905804,-1238230.858524833
2025-04-08 11:00:00,0.46671692198968173,0.35415069688749945,0.26642801149236,-1253681.079501699
2025-04-08 12:00:00,0.4831809123302284,0.28029703503895004,0.266478286364192,-1258441.2258867384
2025-04-08 13:00:00,0.46671692198968173,0.380970790962646,0.266528532180212,-1232488.9746381196
2025-04-08 14:00:00,0.4184469447017195,0.35199907926691165,0.2665787489145705,-1266327.7701714628
2025-04-08 15:00:00,0.34166049964860723,0.3328160260913048,0.2666289365414331,-1254436.261877385
2025-04-08 16:00:00,0.24159045616511415,0.31002733327071874,0.26667909503498016,-1238946.5717092622
2025-04-08 17:00:00,0.1250564223410746,0.3347572246916958,0.2667292243694073,-1350291.5450944486
2025-04-08 18:00:00,5.917259576943121e-17,0.3865980102755459,0.26677932451892483,-1330348.05689235
2025-04-08 19:00:00,0.0,0.3257642665590348,0.26682939545775836,-1299798.3372246397
2025-04-08 20:00:00,0.0,0.2967626338576414,0.26687943716014834,-1418835.8762986234
2025-04-08 21:00:00,0.0,0.3285536279356376,0.26692944960035037,-1399230.7560804999
2025-04-08 22:00:00,0.0,0.37009977780181663,0.26697943275263497,-1405301.8890722208
2025-04-08 23:00:00,0.0,0.3935360383392841,0.26702938659128783,-1350770.0251624295
2025-04-09 00:00:00,0.0,0.29761981501045986,0.26707931109060973,-1494617.8440840056
2025-04-09 01:00:00,0.0,0.32685138045890333,0.2671292062249166,-1445381.9422610435
2025-04-09 02:00:00,0.0,0.2706868302880631,0.2671790719685393,-1528464.3439954382
2025-04-09 03:00:00,0.0,0.37444637514997847,0.2672289082958239,-1456515.261256124
2025-04-09 04:00:00,0.0,0.3655778205815801,0.2672787151811316,-1462826.289648349
2025-04-09 05:00:00,0.0,0.30349899280579345,0.26732849259883884,-1412655.433318744
2025-04-09 06:00:00,0.0,0.31166993962858075,0.2673782405233371,-1432861.7153695903
2025-04-09 07:00:00,0.12665192448733226,0.2862434270037319,0.26742795892903304,-1393087.7729559075
2025-04-09 08:00:00,0.24467272962305414,0.30995321005159043,0.2674776477903485,-1342907.2567718022
2025-04-09 09:00:00,0.34601949257576853,0.36652489835315877,0.2675273070817207,-1298414.1751954625
2025-04-09 10:00:00,0.4237855989336925,0.25629585067996935,0.26757693677760175,-1396990.462337968
2025-04-09 11:00:00,0.4726714170631008,0.3563402146888786,0.2676265368524593,-1309644.7797704164
2025-04-09 12:00:00,0.48934545924610834,0.31001104746151137,0.26767610728077607,-1257676.397844737
2025-04-09 13:00:00,0.4726714170631008,0.3381499129872267,0.26772564803705,-1262971.1578907243
2025-04-09 14:00:00,0.4237855989336926,0.3174398597570406,0.2677751590957944,-1270828.2222981702
2025-04-09 15:00:00,0.3460194925757686,0.3808461969268623,0.2678246404315378,-1242788.3084513186
2025-04-09 16:00:00,0.24467272962305414,0.3786557277575352,0.2678740920188241,-1222949.6771299278
2025-04-09 17:00:00,0.12665192448733237,0.26534094260385527,0.2679235138322124,-1297143.7170523407
2025-04-09 18:00:00,5.992753503430382e-17,0.3359579505476016,0.26797290584627714,-1416044.338578692
2025-04-09 19:00:00,0.0,0.2504826950897554,0.2680222680356081,-1372822.001308533
2025-04-09 20:00:00,0.0,0.2691806928501446,0.2680716003748104,-1338693.1026895535
2025-04-09 21:00:00,0.0,0.2624917382484177,0.2681209028385047,-1280170.3514164507
2025-04-09 22:00:00,0.0,0.2886183266199456,0.2681701754013267,-1361674.1411600905
2025-04-09 23:00:00,0.0,0.3441527274361649,0.26821941803792765,-1473266.6985055476
2025-04-10 00:00:00,0.0,0.38616735275105646,0.26826863072297424,-1441530.058015264
2025-04-10 01:00:00,0.0,0.35152531587531016,0.2683178134311485,-1479550.5175459015
2025-04-10 02:00:00,0.0,0.25108119900183223,0.2683669661371479,-1476513.4888225272
2025-04-10 03:00:00,0.0,0.2793036940518164,0.2684160888156853,-1389216.8557906589
2025-04-10 04:00:00,0.0,0.3223237809921657,0.2684651814414891,-1394400.1639803192
2025-04-10 05:00:00,0.0,0.36269071072171494,0.2685142439893032,-1411692.4369203313
2025-04-10 06:00:00,0.0,0.3231220583081737,0.2685632764338867,-1402320.8619305205
2025-04-10 07:00:00,0.12823865706080567,0.26049164387298734,0.26861227875001453,-1305351.9989055707
2025-04-10 08:00:00,0.2477380615673183,0.31861086897547125,0.26866125091247683,-1334534.188525426
2025-04-10 09:00:00,0.3503545265845224,0.3650078949653671,0.26871019289607956,-1402718.9457775895
2025-04-10 10:00:00,0.42909490960322194,0.36199401346111426,0.2687591046756439,-1314466.8175479937
2025-04-10 11:00:00,0.4785931836453281,0.2818742360923054,0.2688079862260067,-1281482.56266322
2025-04-10 12:00:00,0.4954761231346367,0.2795389957952375,0.2688568375220205,-1330294.445343316
2025-04-10 13:00:00,0.4785931836453281,0.3855061607263153,0.2689056585385531,-1182395.0688181862
2025-04-10 14:00:00,0.42909490960322205,0.3486592459988129,0.2689544492504881,-1316186.1470091834
2025-04-10 15:00:00,0.35035452658452243,0.3172548761865654,0.2690032096327247,-1355216.731588772
2025-04-10 16:00:00,0.2477380615673183,0.2949090602135202,0.2690519396601776,-1247790.2440505882
2025-04-10 17:00:00,0.12823865706080578,0.31471637542160336,0.26910063930777717,-1307923.9758350174
2025-04-10 18:00:00,6.067832482507726e-17,0.37184215520938235,0.2691493085504693,-1257654.1878394994
2025-04-10 19:00:00,0.0,0.29695665920805897,0.26919794736321573,-1340659.5945774124
2025-04-10 20:00:00,0.0,0.28416633131514013,0.26924655572099376,-1365073.8294865147
2025-04-10 21:00:00,0.0,0.28961677550447945,0.26929513359879625,-1323342.2342010261
2025-04-10 22:00:00,0.0,0.29630190340267687,0.26934368097163186,-1437687.240347434
2025-04-10 23:00:00,0.0,0.32978848423785756,0.2693921978145249,-1502163.5015888088
2025-04-11 00:00:00,0.0,0.3006926467443548,0.2694406841025155,-1493160.4125379587
2025-04-11 01:00:00,0.0,0.29827764236375,0.26948913981065925,-1435133.6633113767
2025-04-11 02:00:00,0.0,0.28832781853083894,0.26953756491402775,-1459996.301991029
2025-04-11 03:00:00,0.0,0.2727768180473022,0.2695859593877082,-1410397.2082250689
2025-04-11 04:00:00,0.0,0.3317220589049193,0.2696343232068036,-1468594.2521706517
2025-04-11 05:00:00,0.0,0.26435058490081664,0.2696826563464326,-1375170.4872139168
2025-04-11 06:00:00,0.0,0.33363384533123275,0.2697309587817299,-1433621.4416143608
2025-04-11 07:00:00,0.1298161498783887,0.3613800267545571,0.2697792304878458,-1364395.7831935321
2025-04-11 08:00:00,0.2507855436738962,0.39000988372757356,0.2698274714399464,-1377086.979453233
2025-04-11 09:00:00,0.3546643171107342,0.3681179402797776,0.26987568161321357,-1402576.4624110737
2025-04-11 10:00:00,0.4343733034469719,0.3478343958499558,0.26992386098284527,-1356628.7923239097
2025-04-11 11:00:00,0.48448046698912295,0.34379301135701884,0.2699720095240551,-1213657.6085479674
2025-04-11 12:00:00,0.5015710873477925,0.3772464822493141,0.2700201272120725,-1295645.8318191024
2025-04-11 13:00:00,0.48448046698912295,0.373998382825684,0.270068214022143,-1215046.663715536
2025-04-11 14:00:00,0.434373303446972,0.3828156606405784,0.2701162699295277,-1175006.840134342
2025-04-11 15:00:00,0.35466431711073426,0.37729756343963183,0.2701642949095039,-1221183.9175684107
2025-04-11 16:00:00,0.2507855436738962,0.31827585910742884,0.2702122889373646,-1348934.3029607378
2025-04-11 17:00:00,0.12981614987838883,0.35228392120897484,0.27026025198841874,-1306924.3718670383
2025-04-11 18:00:00,6.142474266653316e-17,0.37373703841519473,0.2703081840379914,-1360909.316971102
2025-04-11 19:00:00,0.0,0.34623843727924564,0.2703560850614234,-1386080.7003333531
2025-04-11 20:00:00,0.0,0.340384171053551,0.2704039550340715,-1419202.0696075463
2025-04-11 21:00:00,0.0,0.35559509712240983,0.27045179393130864,-1347729.5735646337
2025-04-11 22:00:00,0.0,0.34136641606793794,0.27049960172852355,-1397383.6961404395
2025-04-11 23:00:00,0.0,0.2483351048575574,0.27054737840112114,-1407012.4023725071
2025-04-12 00:00:00,0.0,0.3373155740128687,0.27059512392452206,-1471875.9076367598
2025-04-12 01:00:00,0.0,0.33641399306705083,0.2706428382741633,-1403976.0083997324
2025-04-12 02:00:00,0.0,0.27558159817945477,0.2706905214254977,-1410290.1411702165
2025-04-12 03:00:00,0.0,0.3800702690959419,0.27073817335399414,-1463132.09626874
2025-04-12 04:00:00,0.0,0.36019734289992383,0.2707857940351377,-1400890.6082194888
2025-04-12 05:00:00,0.0,0.3745942008195104,0.2708333834444294,-1449281.270244655
2025-04-12 06:00:00,0.0,0.3823581364910772,0.27088094155738646,-1371448.2515338247
2025-04-12 07:00:00,0.1313839354949144,0.28728946795895693,0.27092846834954204,-1366213.9541726015
2025-04-12 08:00:00,0.2538142729080696,0.3393361530629624,0.27097596379644556,-1361974.8434950951
2025-04-12 09:00:00,0.35894758707045815,0.3467400970162028,0.27102342787366257,-1261462.0005351605
2025-04-12 10:00:00,0.43961921636292944,0.3264790153623322,0.2710708605567746,-1269937.4887401552
2025-04-12 11:00:00,0.4903315225653726,0.37658379958461385,0.27111826182137955,-1308428.1005077588
2025-04-12 12:00:00,0.5076285458161394,0.32553701600984797,0.2711656316430912,-1217336.527587549
2025-04-12 13:00:00,0.4903315225653726,0.3532671892597999,0.2712129699975399,-1196364.1365270468
2025-04-12 14:00:00,0.43961921636292955,0.25452356621397004,0.27126027686037185,-1237870.817846405
2025-04-12 15:00:00,0.35894758707045815,0.2734057430976146,0.2713075522072495,-1285103.2617820154
2025-04-12 16:00:00,0.2538142729080696,0.39661883486103094,0.27135479601385176,-1260974.7603819864
2025-04-12 17:00:00,0.13138393549491453,0.2700908360940411,0.27140200825587346,-1253001.2453867043
2025-04-12 18:00:00,6.216656737895606e-17,0.30245900908198114,0.2714491889090258,-1220378.1467256623
2025-04-12 19:00:00,0.0,0.3268933383592148,0.27149633794903627,-1425749.4142002724
2025-04-12 20:00:00,0.0,0.37679660586462016,0.27154345535164853,-1366169.5297525036
2025-04-12 21:00:00,0.0,0.36566728632234446,0.2715905410926226,-1461561.7579222377
2025-04-12 22:00:00,0.0,0.35139725911675207,0.2716375951477348,-1462598.1395328932
2025-04-12 23:00:00,0.0,0.3230338934275897,0.27168461749277756,-1489647.2656576033
2025-04-13 00:00:00,0.0,0.38754151987418095,0.27173160810355995,-1505473.519818183
2025-04-13 01:00:00,0.0,0.2775189977356183,0.27177856695590713,-1493017.2646503646
2025-04-13 02:00:00,0.0,0.34423618405799444,0.2718254940256606,-1595241.0556436954
2025-04-13 03:00:00,0.0,0.36541864750716524,0.27187238928867824,-1476005.560009297
2025-04-13 04:00:00,0.0,0.35002128428142276,0.2719192527208344,-1433688.6575701975
2025-04-13 05:00:00,0.0,0.3040277669607221,0.2719660842980197,-1465443.1063144952
2025-04-13 06:00:00,0.0,0.2520735736086428,0.2720128839961412,-1239510.9262915154
2025-04-13 07:00:00,0.13294154934166902,0.3138762730488165,0.2720596517911223,-1325024.1902364478
2025-04-13 08:00:00,0.25682335179200116,0.2632607265591579,0.2721063876589028,-1348161.3745957867
2025-04-13 09:00:00,0.3632030672383646,0.3623432170285077,0.27215309157543915,-1343599.9387759
2025-04-13 10:00:00,0.4448310938738815,0.313234919989091,0.27219976351670383,-1235731.0616564164
2025-04-13 11:00:00,0.49614461658003367,0.29644107758351973,0.27224640345868617,-1245292.0424858984
2025-04-13 12:00:00,0.5136467035840024,0.35867566520397964,0.27229301137739165,-1225460.7974737615
2025-04-13 13:00:00,0.49614461658003367,0.279212578967232,0.27233958724884244,-1161631.7034821648
2025-04-13 14:00:00,0.44483109387388153,0.3348437594663966,0.2723861310490772,-1210663.7962368396
2025-04-13 15:00:00,0.36320306723836465,0.27300196770952,0.27243264275415086,-1210642.9408054634
2025-04-13 16:00:00,0.25682335179200116,0.3456687579979786,0.2724791223401351,-1326794.9322577599
2025-04-13 17:00:00,0.13294154934166916,0.39557435071234925,0.2725255697831181,-1322699.824992361
2025-04-13 18:00:00,6.290357914367378e-17,0.38587111194818074,0.2725719850592043,-1298984.9708965824
2025-04-13 19:00:00,0.0,0.344917680843196,0.2726183681445152,-1386644.1881954512
2025-04-13 20:00:00,0.0,0.36495383426149264,0.2726647190151883,-1369005.146979225
2025-04-13 21:00:00,0.0,0.3889500857998793,0.2727110376473781,-1427449.0734939275
2025-04-13 22:00:00,0.0,0.36444772207164094,0.27275732401725544,-1376913.0860899058
2025-04-13 23:00:00,0.0,0.29542552816428574,0.27280357810100786,-1555360.5696790377
2025-04-14 00:00:00,0.0,0.3715340761717707,0.27284979987483954,-1471994.7966720934
2025-04-14 01:00:00,0.0,0.2584366179793529,0.27289598931497117,-1463530.7355950612
2025-04-14 02:00:00,0.0,0.30573208991135914,0.27294214639764014,-1438202.4291852983
2025-04-14 03:00:00,0.0,0.3355624656431733,0.2729882710991005,-1508577.262457617
2025-04-14 04:00:00,0.0,0.32396101038080793,0.273034363395623,-1504411.8670030711
2025-04-14 05:00:00,0.0,0.34908051785089844,0.27308042326349485,-1384229.3990416354
2025-04-14 06:00:00,0.0,0.35375715307537425,0.27312645067902025,-1285465.0959735261
2025-04-14 07:00:00,0.13448852986405374,0.37222083370846965,0.2731724456185199,-1301127.652944168
2025-04-14 08:00:00,0.2598118886706763,0.3292920910221369,0.27321840805833114,-1276539.926419373
2025-04-14 09:00:00,0.3674294966238391,0.37332066770327954,0.2732643379748083,-1259624.8116186806
2025-04-14 10:00:00,0.45000739158804015,0.32081634947058707,0.27331023534432225,-1221856.4838406194
2025-04-14 11:00:00,0.5019180264878929,0.3555466166843552,0.27335610014326056,-1287596.0122556207
2025-04-14 12:00:00,0.5196237773413527,0.2979119216137634,0.2734019323480276,-1335854.3462881083
2025-04-14 13:00:00,0.5019180264878929,0.3479378383839657,0.2734477319350447,-1276263.9686199266
2025-04-14 14:00:00,0.4500073915880402,0.2570481429403808,0.2734934988807497,-1139507.0367591674
2025-04-14 15:00:00,0.36742949662383917,0.35025825046028486,0.27353923316159734,-1211318.2143871512
2025-04-14 16:00:00,0.2598118886706763,0.25670404972945743,0.2735849347540592,-1318873.0671882767
2025-04-14 17:00:00,0.13448852986405388,0.25677749844049386,0.2736306036346236,-1274138.4843769094
2025-04-14 18:00:00,6.363555956819445e-17,0.2516363320615339,0.2736762397797958,-1382044.5732755635
2025-04-14 19:00:00,0.0,0.2832629858642549,0.2737218431660978,-1256242.5687728825
2025-04-14 20:00:00,0.0,0.2541908707170401,0.2737674137700685,-1341016.8517802348
2025-04-14 21:00:00,0.0,0.30869100259864835,0.27381295156826363,-1413928.2270645404
2025-04-14 22:00:00,0.0,0.39120722526993046,0.2738584565372559,-1376285.4091611581
2025-04-14 23:00:00,0.0,0.25840003411491647,0.27390392865363467,-1435339.4754709175
2025-04-15 00:00:00,0.0,0.39056566663573816,0.2739493678940064,-1401802.2603513151
2025-04-15 01:00:00,0.0,0.37106063552134183,0.2739947742349946,-1288087.9783619172
2025-04-15 02:00:00,0.0,0.26992653069558337,0.27404014765323936,-1516467.0247419719
2025-04-15 03:00:00,0.0,0.33169454615388844,0.2740854881253979,-1466905.3277877378
2025-04-15 04:00:00,0.0,0.3706539860083403,0.27413079562814446,-1368308.8833829078
2025-04-15 05:00:00,0.0,0.36474418736143094,0.27417607013817,-1326963.098462168
2025-04-15 06:00:00,0.0,0.3620368098412912,0.2742213116321827,-1387682.2206680656
2025-04-15 07:00:00,0.13602441865835319,0.3314913926701173,0.27426652008690766,-1414219.520722971
2025-04-15 08:00:00,0.2627789979761199,0.31518431988270096,0.2743116954790868,-1398222.100483248
2025-04-15 09:00:00,0.3716256228446409,0.3661411327240396,0.27435683778547937,-1343655.1439815226
2025-04-15 10:00:00,0.45514657565667893,0.3656138325322061,0.2744019469828613,-1225739.8067060094
2025-04-15 11:00:00,0.5076500415029942,0.3083821451677163,0.2744470230480259,-1318704.8885750915
2025-04-15 12:00:00,0.5255579959522398,0.25175425542778884,0.27449206595778314,-1216385.3758051966
2025-04-15 13:00:00,0.5076500415029942,0.284368520112107,0.27453707568896035,-1290778.53344881
2025-04-15 14:00:00,0.45514657565667893,0.2683646445399108,0.27458205221840193,-1366029.9204065816
2025-04-15 15:00:00,0.37162562284464096,0.2962938872748823,0.27462699552296904,-1174188.8691580787
2025-04-15 16:00:00,0.2627789979761199,0.2596919729011973,0.27467190557954035,-1314661.7431559584
2025-04-15 17:00:00,0.13602441865835332,0.29039768984615105,0.27471678236501135,-1320909.436226971
2025-04-15 18:00:00,6.436229175092081e-17,0.3543144984826135,0.2747616258562947,-1273729.1358445636
2025-04-15 19:00:00,0.0,0.2694017634530124,0.27480643603032034,-1296772.577473676
2025-04-15 20:00:00,0.0,0.3211755596437371,0.27485121286403513,-1398052.875219786
2025-04-15 21:00:00,0.0,0.37540150822008167,0.2748959563344032,-1369709.6080197773
2025-04-15 22:00:00,0.0,0.3654140655221171,0.27494066641840587,-1371645.9816822258
2025-04-15 23:00:00,0.0,0.26132912959525983,0.27498534309304157,-1439783.0545918015
2025-04-16 00:00:00,0.0,0.3782504847937343,0.27502998633532594,-1530576.1871451454
2025-04-16 01:00:00,0.0,0.2810949434045561,0.27507459612229185,-1511234.311279111
2025-04-16 02:00:00,0.0,0.2988841371649931,0.2751191724309893,-1425943.685407946
2025-04-16 03:00:00,0.0,0.3135856345766157,0.27516371523848565,-1465723.2437765945
2025-04-16 04:00:00,0.0,0.37282669502892307,0.27520822452186533,-1436146.094260233
2025-04-16 05:00:00,0.0,0.27842721937260656,0.2752527002582302,-1368455.8428429184
2025-04-16 06:00:00,0.0,0.2503793139386625,0.2752971424246991,-1317891.7477483903
2025-04-16 07:00:00,0.1375487606075704,0.24692588453732014,0.27534155099840857,-1218917.531319415
2025-04-16 08:00:00,0.26572380048980937,0.34468439263902234,0.27538592595651196,-1312844.9929283226
2025-04-16 09:00:00,0.3757902024980109,0.3667811057311318,0.27543026727618025,-1451055.4453858563
2025-04-16 10:00:00,0.4602471232286456,0.262132840681697,0.27547457493460153,-1243664.685021831
2025-04-16 11:00:00,0.5133389631055814,0.36736998942060123,0.2755188489089814,-1242297.9189698684
2025-04-16 12:00:00,0.5314476009796189,0.32995051016898735,0.27556308917654254,-1139229.4161977058
2025-04-16 13:00:00,0.5133389631055814,0.36013786859963054,0.27560729571452525,-1245587.238122148
2025-04-16 14:00:00,0.46024712322864564,0.36711522761360066,0.27565146850018696,-1198654.1798723505
2025-04-16 15:00:00,0.375790202498011,0.3418453529156442,0.2756956075108025,-1297873.4867385242
2025-04-16 16:00:00,0.26572380048980937,0.2974611563387343,0.27573971272366427,-1119569.319125405
2025-04-16 17:00:00,0.13754876060757054,0.3116572928017434,0.27578378411608173,-1262151.679409873
2025-04-16 18:00:00,6.5083560345423e-17,0.3098490330180442,0.27582782166538206,-1361236.1967454965
2025-04-16 19:00:00,0.0,0.2562120070579428,0.27587182534890964,-1252321.4879878103
2025-04-16 20:00:00,0.0,0.28202057920365126,0.2759157951440263,-1420476.8157311261
2025-04-16 21:00:00,0.0,0.3844308048715388,0.2759597310281115,-1364570.515947403
2025-04-16 22:00:00,0.0,0.37240444775219095,0.2760036329785618,-1443678.8547180675
2025-04-16 23:00:00,0.0,0.25650893095911154,0.2760475009727915,-1437321.6226140705
2025-04-17 00:00:00,0.0,0.2713353664893689,0.27609133498823224,-1481314.3102441833
2025-04-17 01:00:00,0.0,0.3690322366701675,0.2761351350023333,-1435597.5689954015
2025-04-17 02:00:00,0.0,0.29471039738147664,0.27617890099256115,-1505204.9905520722
2025-04-17 03:00:00,0.0,0.26817330098052117,0.27622263293640004,-1574977.3596770768
2025-04-17 04:00:00,0.0,0.32910526580764043,0.2762663308113517,-1405317.4827467888
2025-04-17 05:00:00,0.0,0.33532198142275976,0.2763099945949352,-1447365.3825800568
2025-04-17 06:00:00,0.0,0.371567038904379,0.27635362426468735,-1367848.9038686615
2025-04-17 07:00:00,0.13906110401628785,0.37260707862087344,0.27639721979816245,-1352035.1888570627
2025-04-17 08:00:00,0.2686454236032058,0.26790647622007496,0.2764407811729323,-1411172.7146860932
2025-04-17 09:00:00,0.37992200152911887,0.3705585202700139,0.27648430836658633,-1292455.7927220832
2025-04-17 10:00:00,0.46530752290161587,0.38918022888587533,0.2765278013567316,-1236975.404603539
2025-04-17 11:00:00,0.5189831055454068,0.3921759175610666,0.27657126012099265,-1240733.7404073179
2025-04-17 12:00:00,0.5372908472064117,0.3869898041285022,0.27661468463701167,-1188891.4255731553
2025-04-17 13:00:00,0.5189831055454068,0.282761395632885,0.27665807488244853,-1196104.4395190866
2025-04-17 14:00:00,0.46530752290161587,0.339362848048624,0.27670143083498067,-1283105.0286895128
2025-04-17 15:00:00,0.3799220015291189,0.3648823628110164,0.27674475247230323,-1242688.3843160674
2025-04-17 16:00:00,0.2686454236032058,0.3154451449840958,0.27678803977212896,-1258249.300170239
2025-04-17 17:00:00,0.13906110401628802,0.29642056859295207,0.27683129271218826,-1224757.183507734
2025-04-17 18:00:00,6.579915162425018e-17,0.37806966240613954,0.27687451127022916,-1394456.5668894746
2025-04-17 19:00:00,0.0,0.27180897987601615,0.2769176954240176,-1289843.7825533166
2025-04-17 20:00:00,0.0,0.3838144334267204,0.27696084515133695,-1458973.8998724893
2025-04-17 21:00:00,0.0,0.2977312808617777,0.2770039604299885,-1395885.6574761323
2025-04-17 22:00:00,0.0,0.3871592926692571,0.27704704123779106,-1453930.8376615914
2025-04-17 23:00:00,0.0,0.3228564828443079,0.27709008755258135,-1543828.356623403
2025-04-18 00:00:00,0.0,0.35052218223002424,0.2771330993522137,-1512274.0456253565
2025-04-18 01:00:00,0.0,0.30635973095940106,0.2771760766145604,-1403338.939600365
2025-04-18 02:00:00,0.0,0.3861280461665598,0.27721901931751125,-1435808.930256922
2025-04-18 03:00:00,0.0,0.37619317242996647,0.27726192743897393,-1468746.9522057222
2025-04-18 04:00:00,0.0,0.28734201022823863,0.2773048009568741,-1480610.9566039562
2025-04-18 05:00:00,0.0,0.3877034141459684,0.2773476398491549,-1361373.4346894778
2025-04-18 06:00:00,0.0,0.3472705303318816,0.2773904440937775,-1422338.9600803775
2025-04-18 07:00:00,0.14056100074451447,0.2839783063753607,0.2774332136687208,-1419057.2649276163
2025-04-18 08:00:00,0.27154300157632694,0.3780991340226366,0.27747594855198165,-1297906.309566029
2025-04-18 09:00:00,0.3840197955967403,0.3788524258121466,0.27751864872157456,-1439718.2647852504
2025-04-18 10:00:00,0.47032627516995407,0.2786917057187965,0.27756131415553204,-1265314.2610031646
2025-04-18 11:00:00,0.5245807963412548,0.3218821463058461,0.27760394483190454,-1282106.2294689268
2025-04-18 12:00:00,0.543086003152654,0.3115590218232922,0.2776465407287601,-1215913.170034791
2025-04-18 13:00:00,0.5245807963412548,0.3396048387047367,0.27768910182418505,-1151378.1679380091
2025-04-18 14:00:00,0.4703262751699541,0.36958052427567495,0.2777316280962832,-1298927.8831172588
2025-04-18 15:00:00,0.3840197955967404,0.31537242262570864,0.27777411952317665,-1188213.379445616
2025-04-18 16:00:00,0.27154300157632694,0.34606501039805837,0.2778165760830052,-1275721.6818314556
2025-04-18 17:00:00,0.1405610007445146,0.35542147152168846,0.27785899775392664,-1327311.7290094576
2025-04-18 18:00:00,6.65088535422627e-17,0.36092631721700574,0.2779013845141168,-1294489.7990111571
2025-04-18 19:00:00,0.0,0.3909229846099896,0.27794373634176933,-1292119.2643820283
2025-04-18 20:00:00,0.0,0.2568602958300391,0.2779860532150959,-1307755.5526349752
2025-04-18 21:00:00,0.0,0.2853037216541971,0.2780283351123262,-1427370.0759233285
2025-04-18 22:00:00,0.0,0.34842111347145843,0.2780705820117079,-1445008.7462466473
2025-04-18 23:00:00,0.0,0.3901930858586864,0.27811279389150667,-1454067.1203579654
2025-04-19 00:00:00,0.0,0.3244641841016132,0.2781549707300062,-1453629.139820168
2025-04-19 01:00:00,0.0,0.33087908980748015,0.27819711250550816,-1442196.6215060723
2025-04-19 02:00:00,0.0,0.3797110213608691,0.27823921919633227,-1472797.7660031908
2025-04-19 03:00:00,0.0,0.3332759325736679,0.2782812907808164,-1398703.6759403583
2025-04-19 04:00:00,0.0,0.33273441165144924,0.2783233272373164,-1477989.2667496393
2025-04-19 05:00:00,0.0,0.28473479523542766,0.2783653285442062,-1434542.6925439553
2025-04-19 06:00:00,0.0,0.2743216719927059,0.27840729467987774,-1366093.3930038433
2025-04-19 07:00:00,0.1420480063404793,0.2811796787738745,0.27844922562274116,-1358037.5364819823
2025-04-19 08:00:00,0.2744156757942845,0.3877836352571534,0.2784911213512248,-1363621.4714090389
2025-04-19 09:00:00,0.3880823704360554,0.3745598663445899,0.2785329818437748,-1252344.6989900852
2025-04-19 10:00:00,0.4753018928690498,0.3860698370475522,0.2785748070788557,-1277901.983858252
2025-04-19 11:00:00,0.5301303767765347,0.2973968154315306,0.2786165970349501,-1245170.575055778
2025-04-19 12:00:00,0.5488313515885691,0.3747970110460738,0.27865835169055875,-1304369.2135479283
2025-04-19 13:00:00,0.5301303767765347,0.24783062791936894,0.2787000710242006,-1326122.0724879075
2025-04-19 14:00:00,0.4753018928690498,0.37224364760640627,0.27874175501441256,-1253196.4386794341
2025-04-19 15:00:00,0.3880823704360554,0.3137742238083035,0.27878340363975,-1161386.7488470254
2025-04-19 16:00:00,0.2744156757942845,0.30358904035603607,0.27882501687878647,-1153943.8124208206
2025-04-19 17:00:00,0.14204800634047943,0.28462355571568115,0.2788665947101135,-1285257.4764966979
2025-04-19 18:00:00,6.721245579946567e-17,0.35481606790426934,0.27890813711234097,-1343743.1677921729
2025-04-19 19:00:00,0.0,0.33377672433105404,0.278949644064097,-1323141.3922184624
2025-04-19 20:00:00,0.0,0.37172355670480983,0.278991115544028,-1420498.6293641534
2025-04-19 21:00:00,0.0,0.3042425863314678,0.2790325515307984,-1410007.8507405135
2025-04-19 22:00:00,0.0,0.3186129779030959,0.27907395200309126,-1409525.1193987392
2025-04-19 23:00:00,0.0,0.2564606927153565,0.2791153169396075,-1500849.7071741798
2025-04-20 00:00:00,0.0,0.3754597102870353,0.2791566463190666,-1482549.1603278061
2025-04-20 01:00:00,0.0,0.33649872096488265,0.27919794012020627,-1455259.2913127057
2025-04-20 02:00:00,0.0,0.3701868077219818,0.27923919832178246,-1566885.031889663
2025-04-20 03:00:00,0.0,0.34811674122913194,0.27928042090256955,-1376445.263322514
2025-04-20 04:00:00,0.0,0.3180563000218255,0.2793216078413601,-1451474.514194365
2025-04-20 05:00:00,0.0,0.2479268293462249,0.2793627591169652,-1403262.044161808
2025-04-20 06:00:00,0.0,0.3061973000004777,0.279403874708214,-1276917.646977256
2025-04-20 07:00:00,0.143521680172332,0.3036304855736935,0.27944495459395424,-1279204.2677083227
2025-04-20 08:00:00,0.2772625950217103,0.32186266613637954,0.279485998753052,-1302940.0037521813
2025-04-20 09:00:00,0.3921085222184617,0.2769421005050157,0.2795270071643918,-1271519.9117888687
2025-04-20 10:00:00,0.48023290161599597,0.38641517376510714,0.2795679798068763,-1240378.6171222809
2025-04-20 11:00:00,0.5356302023907937,0.2946093715315519,0.2796089166594268,-1206795.785553371
2025-04-20 12:00:00,0.5545251900434207,0.3760266905114297,0.2796498177009829,-1303654.7725097893
2025-04-20 13:00:00,0.5356302023907937,0.24620037743537443,0.27969068291050264,-1345990.8656725727
2025-04-20 14:00:00,0.48023290161599597,0.37577450898628223,0.2797315122669626,-1267451.4174880416
2025-04-20 15:00:00,0.3921085222184618,0.360853071336936,0.2797723057493576,-1304709.5260022026
2025-04-20 16:00:00,0.2772625950217103,0.33828489307696785,0.27981306333670103,-1247976.3579967653
2025-04-20 17:00:00,0.14352168017233213,0.2503572371686827,0.2798537850080249,-1349544.636805628
2025-04-20 18:00:00,6.790974990332529e-17,0.3823662252989712,0.2798944707423794,-1316809.7763987025
2025-04-20 19:00:00,0.0,0.37114374266303213,0.2799351205188334,-1256099.48076022
2025-04-20 20:00:00,0.0,0.27420881675144304,0.27997573431647416,-1330753.4504336547
2025-04-20 21:00:00,0.0,0.24935475329897827,0.28001631211440764,-1273704.237884999
2025-04-20 22:00:00,0.0,0.2618583676563754,0.28005685389175805,-1377076.740188426
2025-04-20 23:00:00,0.0,0.33991307678353133,0.28009735962766835,-1432349.3513816409
2025-04-21 00:00:00,0.0,0.2899414341213909,0.2801378293013,-1407828.1203663156
2025-04-21 01:00:00,0.0,0.3461778283618061,0.2801782628918329,-1398066.8409638435
2025-04-21 02:00:00,0.0,0.2895008179650334,0.28021866037846566,-1549162.2526626575
2025-04-21 03:00:00,0.0,0.3647765943809531,0.2802590217404153,-1487744.257095864
2025-04-21 04:00:00,0.0,0.30290513582858103,0.2802993469569176,-1418500.4500207296
2025-04-21 05:00:00,0.0,0.2516914940114714,0.28033963600722683,-1461743.5451795396
2025-04-21 06:00:00,0.0,0.31497458975116865,0.2803798888706159,-1397116.739884765
2025-04-21 07:00:00,0.1449815855587117,0.33695277845962823,0.2804201055263763,-1346052.6755186939
2025-04-21 08:00:00,0.28008291565499566,0.26794396031303663,0.28046028595381817,-1294375.7504384897
2025-04-21 09:00:00,0.3960970579082946,0.3766674721691378,0.28050043013227033,-1280146.0651897872
2025-04-21 10:00:00,0.4851178402464811,0.3132887712305818,0.2805405380410802,-1301012.657066015
2025-04-21 11:00:00,0.5410786434670064,0.333413632189081,0.28058060965961384,-1293345.608550963
2025-04-21 12:00:00,0.5601658313099914,0.24958110437816763,0.2806206449672561,-1324718.662661422
2025-04-21 13:00:00,0.5410786434670064,0.36134312931282736,0.2806606439434102,-1203760.240621405
2025-04-21 14:00:00,0.48511784024648114,0.2819684180813738,0.28070060656749857,-1214822.5549426985
2025-04-21 15:00:00,0.39609705790829464,0.33061081578961704,0.2807405328189619,-1209314.7488770501
2025-04-21 16:00:00,0.28008291565499566,0.33775320456643854,0.28078042267725967,-1294874.91470358
2025-04-21 17:00:00,0.14498158555871185,0.29195518393590497,0.2808202761218702,-1321962.6938191492
2025-04-21 18:00:00,6.860052923054973e-17,0.33321358192489625,0.2808600931322906,-1434165.356956945
2025-04-21 19:00:00,0.0,0.281033851737795,0.2808998736880364,-1398571.1152561812
2025-04-21 20:00:00,0.0,0.28205818959820006,0.28093961776864235,-1318180.2715153464
2025-04-21 21:00:00,0.0,0.29232747376141394,0.28097932535366155,-1443425.7639208497
2025-04-21 22:00:00,0.0,0.2988059926547513,0.28101899642266603,-1391164.3811590704
2025-04-21 23:00:00,0.0,0.3021250625207254,0.2810586309552467,-1381967.3878314786
2025-04-22 00:00:00,0.0,0.2882209325214258,0.28109822893101316,-1497435.0516917238
2025-04-22 01:00:00,0.0,0.3427064024248809,0.28113779032959374,-1494798.9487975957
2025-04-22 02:00:00,0.0,0.25244702624718357,0.2811773151306359,-1435408.0539092992
2025-04-22 03:00:00,0.0,0.34897390757686425,0.2812168033138055,-1484973.492358471
2025-04-22 04:00:00,0.0,0.3275926447064893,0.2812562548587876,-1407273.534829879
2025-04-22 05:00:00,0.0,0.3866977256866714,0.2812956697452859,-1420286.010635132
2025-04-22 06:00:00,0.0,0.3196655560459808,0.28133504795302305,-1419161.9209490411
2025-04-22 07:00:00,0.14642728989814513,0.25192708001807285,0.2813743894617405,-1296196.7447455195
2025-04-22 08:00:00,0.2828758019722695,0.25273628336074844,0.2814136942511986,-1389354.5399361248
2025-04-22 09:00:00,0.4000467956163495,0.25703523609350415,0.2814529623011768,-1310049.4634065863
2025-04-22 10:00:00,0.4899552612477633,0.2506354637549944,0.281492193591473,-1332885.5900116623
2025-04-22 11:00:00,0.5464740855144947,0.35996076691233014,0.2815313881019044,-1215050.0643299217
2025-04-22 12:00:00,0.5657516039445392,0.27421903673191983,0.28157054581230706,-1226100.3074368914
2025-04-22 13:00:00,0.5464740855144947,0.35714288020330176,0.28160966670253584,-1276233.97443607
2025-04-22 14:00:00,0.48995526124776334,0.265035829052219,0.2816487507524646,-1351091.0498354346
2025-04-22 15:00:00,0.4000467956163496,0.24452036524342166,0.2816877979419862,-1341449.6244961065
2025-04-22 16:00:00,0.2828758019722695,0.38013947477567894,0.2817268082510124,-1240723.766763626
2025-04-22 17:00:00,0.1464272898981453,0.2950775379891604,0.2817657816594739,-1274906.232631489
2025-04-22 18:00:00,6.928458908831609e-17,0.3158621265922587,0.2818047181473206,-1385157.6456309997
2025-04-22 19:00:00,0.0,0.24698161792416023,0.28184361769452115,-1283690.3505791447
2025-04-22 20:00:00,0.0,0.3462640280125255,0.28188248028106333,-1381257.8339064936
2025-04-22 21:00:00,0.0,0.3501183844285698,0.2819213058869538,-1416131.5606109027
2025-04-22 22:00:00,0.0,0.36853687534635576,0.2819600944922185,-1381910.8731615567
2025-04-22 23:00:00,0.0,0.27418818009966406,0.2819988460769021,-1487437.2206923398
2025-04-23 00:00:00,0.0,0.29785016080202853,0.2820375606210685,-1395764.800380522
2025-04-23 01:00:00,0.0,0.36525766602284854,0.2820762381048007,-1467418.8435568823
2025-04-23 02:00:00,0.0,0.36526874701413103,0.28211487850820066,-1538146.4969167006
2025-04-23 03:00:00,0.0,0.2517414039727959,0.28215348181138933,-1372698.0064865677
2025-04-23 04:00:00,0.0,0.3603364393846433,0.282192047994507,-1500503.5941165518
2025-04-23 05:00:00,0.0,0.27765205665925335,0.28223057703771287,-1437670.119935428
2025-04-23 06:00:00,0.0,0.3304415948698113,0.28226906892118525,-1408615.3520653371
2025-04-23 07:00:00,0.14785836479723563,0.27338899845617093,0.2823075236251217,-1296283.8230282902
2025-04-23 08:00:00,0.28564042638104065,0.3599504402249705,0.2823459411297387,-1360385.5683788962
2025-04-23 09:00:00,0.40395656495010124,0.3259848855057349,0.2823843214152721,-1244048.4746284902
2025-04-23 10:00:00,0.49474373118759984,0.2735716855706734,0.2824226644619767,-1249773.4601005975
2025-04-23 11:00:00,0.551814929747337,0.2864849278462872,0.2824609702501266,-1136135.0761907003
2025-04-23 12:00:00,0.5712808527620814,0.35526337838759264,0.282499238760015,-1174771.3280946908
2025-04-23 13:00:00,0.551814929747337,0.34559180864575173,0.2825374699719542,-1218999.2018094326
2025-04-23 14:00:00,0.49474373118759996,0.3430218672663963,0.282575663866276,-1301676.0778356928
2025-04-23 15:00:00,0.40395656495010135,0.2691108673292117,0.2826138204233309,-1306801.7162439178
2025-04-23 16:00:00,0.28564042638104065,0.3376397440717411,0.282651939623489,-1151525.8470375699
2025-04-23 17:00:00,0.1478583647972358,0.3470480692099676,0.2826900214471395,-1410062.395086246
2025-04-23 18:00:00,6.996172677492532e-17,0.37776770591503184,0.2827280658746909,-1340917.8682579077
2025-04-23 19:00:00,0.0,0.3754286532524754,0.28276607288657074,-1334253.6186744557
2025-04-23 20:00:00,0.0,0.342621732352236,0.282804042463226,-1467252.467135169
2025-04-23 21:00:00,0.0,0.3617922958964693,0.2828419745851229,-1349382.2003992868
2025-04-23 22:00:00,0.0,0.28765379531304225,0.28287986923274683,-1570456.7175317733
2025-04-23 23:00:00,0.0,0.2940128856564513,0.2829177263866025,-1438124.8956936463
2025-04-24 00:00:00,0.0,0.3667200409206087,0.282955546027214,-1331018.8009501111
2025-04-24 01:00:00,0.0,0.37186493892904404,0.28299332813512457,-1412914.4748582689
2025-04-24 02:00:00,0.0,0.25253388651904385,0.28303107269089683,-1438939.1074421164
2025-04-24 03:00:00,0.0,0.28074700427943006,0.2830687796751128,-1432053.7057047142
2025-04-24 04:00:00,0.0,0.35508300455255215,0.2831064490683736,-1358867.8316085704
2025-04-24 05:00:00,0.0,0.3678943819148247,0.28314408085130005,-1342537.9322970535
2025-04-24 06:00:00,0.0,0.364989734770161,0.2831816750045319,-1405052.4160779414
2025-04-24 07:00:00,0.1492743861976055,0.2780174934690208,0.2832192315087286,-1367319.1592211493
2025-04-24 08:00:00,0.28837596966343115,0.37528189521658656,0.28325675034456876,-1359014.4196765616
2025-04-24 09:00:00,0.40782520736051653,0.35075531977412483,0.2832942314927505,-1224595.3367333256
2025-04-24 10:00:00,0.499481831139004,0.33098617709345607,0.28333167493399125,-1224232.5220990656
2025-04-24 11:00:00,0.5570995935581221,0.3124645323508165,0.2833690806490279,-1197946.1142479067
2025-04-24 12:00:00,0.5767519393268623,0.3066170748957748,0.28340644861861664,-1284386.5218944608
2025-04-24 13:00:00,0.5570995935581221,0.37228244912589076,0.28344377882353317,-1252859.6284237227
2025-04-24 14:00:00,0.4994818311390041,0.2594124932327815,0.28348107124457267,-1220044.2938188675
2025-04-24 15:00:00,0.40782520736051664,0.2432760542408286,0.28351832586254955,-1146895.1394688843
2025-04-24 16:00:00,0.28837596966343115,0.31465314749934536,0.2835555426582979,-1286621.9822686953
2025-04-24 17:00:00,0.14927438619760566,0.26941089462043705,0.2835927216126712,-1304682.8612106119
2025-04-24 18:00:00,7.063174163986705e-17,0.318110861859728,0.2836298627065423,-1278989.6135075018
2025-04-24 19:00:00,0.0,0.3423320370732279,0.2836669659208036,-1403181.6936820613
2025-04-24 20:00:00,0.0,0.2575561795887756,0.28370403123636695,-1304424.7392123046
2025-04-24 21:00:00,0.0,0.29943613918945017,0.2837410586341638,-1369745.9048092002
2025-04-24 22:00:00,0.0,0.28352988528756345,0.2837780480951451,-1362418.9277132757
2025-04-24 23:00:00,0.0,0.2580696984988223,0.2838149996002812,-1478202.494020863
2025-04-25 00:00:00,0.0,0.368806034679795,0.28385191313056196,-1452230.1239455726
2025-04-25 01:00:00,0.0,0.2676291414256114,0.2838887886669969,-1468429.0919229614
2025-04-25 02:00:00,0.0,0.2842045247259411,0.28392562619061507,-1379340.5442785702
2025-04-25 03:00:00,0.0,0.3835286079812829,0.28396242568246505,-1603351.6854927118
2025-04-25 04:00:00,0.0,0.33585825041306194,0.28399918712361494,-1423649.8972137806
2025-04-25 05:00:00,0.0,0.31992167065950755,0.28403591049515237,-1365633.143516411
2025-04-25 06:00:00,0.0,0.26883985069145216,0.28407259577818483,-1429132.3970175036
2025-04-25 07:00:00,0.1506749345015535,0.2760254350389456,0.28410924295383905,-1316495.7527055559
2025-04-25 08:00:00,0.29108162121892867,0.2534076052237162,0.2841458520032616,-1349462.9616120844
2025-04-25 09:00:00,0.411651576485357,0.2516116662838716,0.2841824229076185,-1263469.7205476312
2025-04-25 10:00:00,0.5041681571007035,0.3052311529466444,0.2842189556480957,-1320694.945254001
2025-04-25 11:00:00,0.5623265109869107,0.3835640600577965,0.2842554502058984,-1211140.5284199005
2025-04-25 12:00:00,0.5821632424378573,0.35457528162597884,0.2842919065622517,-1254198.8692773792
2025-04-25 13:00:00,0.5623265109869107,0.3494285638496252,0.28432832469840014,-1165957.0869441433
2025-04-25 14:00:00,0.5041681571007035,0.3245042886093065,0.28436470459560814,-1158743.7672793982
2025-04-25 15:00:00,0.41165157648535705,0.2509918178843256,0.2844010462351597,-1299487.266499735
2025-04-25 16:00:00,0.29108162121892867,0.36864602852718104,0.28443734959835854,-1278980.787198134
2025-04-25 17:00:00,0.15067493450155367,0.28386807804348196,0.284473614666528,-1253454.3056058658
2025-04-25 18:00:00,7.129443514327666e-17,0.26528327784837535,0.2845098414210111,-1362235.5425152434
2025-04-25 19:00:00,0.0,0.25839936133568653,0.28454602984317073,-1377352.7628693671
2025-04-25 20:00:00,0.0,0.24830366323354855,0.28458217991438933,-1409583.746111032
2025-04-25 21:00:00,0.0,0.26156843368091537,0.28461829161606916,-1406205.5340347448
2025-04-25 22:00:00,0.0,0.3040346005965718,0.28465436492963214,-1443075.5969019919
2025-04-25 23:00:00,0.0,0.36488567114711534,0.2846903998365201,-1368354.9775611977
2025-04-26 00:00:00,0.0,0.3609700514891445,0.2847263963181945,-1455266.1755450265
2025-04-26 01:00:00,0.0,0.2763788072137906,0.28476235435613667,-1444495.981937501
2025-04-26 02:00:00,0.0,0.36627278517996675,0.2847982739318474,-1402118.878494342
2025-04-26 03:00:00,0.0,0.3729270770031493,0.2848341550268477,-1512496.7971987368
2025-04-26 04:00:00,0.0,0.30810581594528347,0.2848699976226782,-1409728.6297788566
2025-04-26 05:00:00,0.0,0.28782620925991814,0.28490580170089924,-1450995.3802392164
2025-04-26 06:00:00,0.0,0.27300706420838544,0.2849415672430911,-1531927.595435193
2025-04-26 07:00:00,0.15205959469639094,0.34482535395830943,0.28497729423085383,-1369697.4376147003
2025-04-26 08:00:00,0.2937565793045845,0.2796072043594448,0.28501298264580727,-1291557.6436466405
2025-04-26 09:00:00,0.415434538488871,0.263723685581155,0.2850486324695913,-1241455.534185718
2025-04-26 10:00:00,0.5088013204131765,0.2836920059217199,0.28508424368386537,-1329439.3439158918
2025-04-26 11:00:00,0.567494133185262,0.2974754866242182,0.285119816270309,-1322282.505751541
2025-04-26 12:00:00,0.5875131586091691,0.24197029934845746,0.2851553502106216,-1241881.5513179735
2025-04-26 13:00:00,0.567494133185262,0.37616589762887825,0.2851908454865223,-1192994.0551894559
2025-04-26 14:00:00,0.5088013204131765,0.2986011100817483,0.2852263020797502,-1324236.2024505385
2025-04-26 15:00:00,0.41543453848887113,0.30524587460661956,0.28526171997206434,-1302156.3450298132
2025-04-26 16:00:00,0.2937565793045845,0.3526358944595927,0.2852970991452436,-1311871.9696609243
2025-04-26 17:00:00,0.1520595946963911,0.3246599039144834,0.28533243958108684,-1227560.1813897071
2025-04-26 18:00:00,7.194961091476701e-17,0.3409328793759291,0.28536774126141284,-1326199.8058589892
2025-04-26 19:00:00,0.0,0.3047390628868941,0.28540300416806025,-1382268.2680623762
2025-04-26 20:00:00,0.0,0.27944719578448923,0.28543822828288773,-1370064.046109305
2025-04-26 21:00:00,0.0,0.3275676574274944,0.28547341358777395,-1482925.8276527855
2025-04-26 22:00:00,0.0,0.35523421669603533,0.2855085600646174,-1344877.754994084
2025-04-26 23:00:00,0.0,0.2749854335796407,0.2855436676953367,-1396671.16925607
2025-04-27 00:00:00,0.0,0.2701589921789583,0.2855787364618703,-1590516.6465524773
2025-04-27 01:00:00,0.0,0.3630815792437868,0.28561376634617686,-1449007.563217663
2025-04-27 02:00:00,0.0,0.24843129220228388,0.28564875733023476,-1447614.7286927279
2025-04-27 03:00:00,0.0,0.28150864802561915,0.28568370939604265,-1431521.34488723
2025-04-27 04:00:00,0.0,0.334145865610121,0.285718622525619,-1429692.2281239792
2025-04-27 05:00:00,0.0,0.25602905690155475,0.28575349670100253,-1419133.4352656284
2025-04-27 06:00:00,0.0,0.27549392909891846,0.28578833190425174,-1364341.7597309072
2025-04-27 07:00:00,0.15342795647741866,0.3059019495153863,0.2858231281174454,-1242580.2628786822
2025-04-27 08:00:00,0.2964000512725876,0.3043776371219967,0.2858578853226823,-1297171.6242983348
2025-04-27 09:00:00,0.4191729723977742,0.26955629427609223,0.2858926035020811,-1372425.9221562513
2025-04-27 10:00:00,0.5133799481701421,0.2815175577828524,0.28592728263778083,-1203156.5994829815
2025-04-27 11:00:00,0.5726009288751929,0.3357945786998899,0.2859619227119404,-1272439.0755660469
2025-04-27 12:00:00,0.5928001025451753,0.2413641992825596,0.2859965237067389,-1200792.8653116636
2025-04-27 13:00:00,0.5726009288751929,0.3101924842663847,0.2860310856043755,-1289387.393331461
2025-04-27 14:00:00,0.5133799481701421,0.2808895332707295,0.28606560838706946,-1272341.8004374513
2025-04-27 15:00:00,0.4191729723977743,0.3255357735525214,0.28610009203706027,-1166962.4657654557
2025-04-27 16:00:00,0.2964000512725876,0.27598723520330226,0.2861345365366074,-1234612.5736978983
2025-04-27 17:00:00,0.15342795647741883,0.3621156143581019,0.28616894186799063,-1352487.9404046503
2025-04-27 18:00:00,7.259707481161718e-17,0.3228052490642035,0.2862033080135097,-1350295.7122120052
2025-04-27 19:00:00,0.0,0.34143955881791666,0.28623763495548465,-1390602.3290493565
2025-04-27 20:00:00,0.0,0.3579309889241911,0.2862719226762556,-1335537.6364528295
2025-04-27 21:00:00,0.0,0.2773647052351543,0.286306171158183,-1397290.4288098034
2025-04-27 22:00:00,0.0,0.2959166691974921,0.2863403803836473,-1438293.6581310397
2025-04-27 23:00:00,0.0,0.32455085157676566,0.28637455033504927,-1401961.3904175553
2025-04-28 00:00:00,0.0,0.3568125126687318,0.28640868099480976,-1414949.2087071778
2025-04-28 01:00:00,0.0,0.31235016208021155,0.28644277234536997,-1463716.0594247102
2025-04-28 02:00:00,0.0,0.36776498326204693,0.2864768243691913,-1428966.6610278888
2025-04-28 03:00:00,0.0,0.2651515822617186,0.28651083704875524,-1436184.7278472534
2025-04-28 04:00:00,0.0,0.34841566922624345,0.28654481036656376,-1356501.3161297264
2025-04-28 05:00:00,0.0,0.26232842627787556,0.2865787443051389,-1358125.3464927666
2025-04-28 06:00:00,0.0,0.30287559162250016,0.28661263884702304,-1355393.8519058893
2025-04-28 07:00:00,0.1547796143695092,0.2522869917154595,0.2866464939747787,-1284538.1933358924
2025-04-28 08:00:00,0.29901125380514304,0.3590446433521434,0.2866803096709889,-1254003.2216380064
2025-04-28 09:00:00,0.42286577043341705,0.31561434700643254,0.2867140859182567,-1310601.2676319054
2025-04-28 10:00:00,0.5179026836253806,0.36160992082980525,0.28674782269920573,-1318530.905475718
2025-04-28 11:00:00,0.5776453848029264,0.36523095579544085,0.2867815199964796,-1286567.369258876
2025-04-28 12:00:00,0.5980225076102862,0.3006350651427813,0.2868151777927425,-1281596.7654255996
2025-04-28 13:00:00,0.5776453848029264,0.24276607711770992,0.28684879607067887,-1288907.6144039596
2025-04-28 14:00:00,0.5179026836253806,0.2711051679758053,0.28688237481299333,-1217234.6581041152
2025-04-28 15:00:00,0.4228657704334171,0.24311047502785654,0.2869159140024112,-1209587.614353543
2025-04-28 16:00:00,0.29901125380514304,0.3106439128510078,0.2869494136216776,-1320027.0261683299
2025-04-28 17:00:00,0.15477961436950938,0.2889181096919303,0.2869828736535585,-1237860.1466184594
2025-04-28 18:00:00,7.323663497630108e-17,0.2638203908768254,0.28701629408084006,-1299902.7837513157
2025-04-28 19:00:00,0.0,0.2711489139364323,0.2870496748863288,-1280286.2093878363
2025-04-28 20:00:00,0.0,0.26113031374856766,0.28708301605285164,-1332073.913932291
2025-04-28 21:00:00,0.0,0.3184078480505386,0.2871163175632559,-1377415.4345600107
2025-04-28 22:00:00,0.0,0.319234348517027,0.2871495794004092,-1444207.0740795063
2025-04-28 23:00:00,0.0,0.3076320341209155,0.2871828015471997,-1394078.1144274971
2025-04-29 00:00:00,0.0,0.32668616230681674,0.28721598398653597,-1360794.1285385962
2025-04-29 01:00:00,0.0,0.3104802331864978,0.287249126701347,-1406036.481485239
2025-04-29 02:00:00,0.0,0.34851137150572087,0.2872822296745821,-1465975.7630181678
2025-04-29 03:00:00,0.0,0.3495082485441986,0.28731529288921126,-1476236.4868257847
2025-04-29 04:00:00,0.0,0.33691240376632137,0.2873483163282246,-1365987.1590512283
2025-04-29 05:00:00,0.0,0.2445763702879342,0.2873812999746331,-1286772.0743873212
2025-04-29 06:00:00,0.0,0.3136165988413339,0.28741424381146774,-1350566.3756716752
2025-04-29 07:00:00,0.1561141678472581,0.368436512398558,0.28744714782178044,-1386981.1288596187
2025-04-29 08:00:00,0.3015894131465861,0.3278165660861756,0.28748001198864337,-1311058.0189987086
2025-04-29 09:00:00,0.42651183834004475,0.31941024913066013,0.28751283629514923,-1276491.8741594178
2025-04-29 10:00:00,0.5223681865947684,0.26711776322971664,0.28754562072441114,-1265253.339683967
2025-04-29 11:00:00,0.5826260061873029,0.3472344422258716,0.28757836525956293,-1113623.7021968833
2025-04-29 12:00:00,0.6031788262931723,0.31684460327770453,0.2876110698837589,-1225613.3531858998
2025-04-29 13:00:00,0.5826260061873029,0.34087288816022837,0.28764373458017367,-1304822.5943390378
2025-04-29 14:00:00,0.5223681865947685,0.30562213221267925,0.2876763593320026,-1221868.2799534872
2025-04-29 15:00:00,0.42651183834004475,0.3314109385956008,0.28770894412246173,-1315809.768995205
2025-04-29 16:00:00,0.3015894131465861,0.24318057756268874,0.2877414889347873,-1216221.1134214452
2025-04-29 17:00:00,0.15611416784725826,0.37649864252187415,0.2877739937522364,-1202590.7114130885
2025-04-29 18:00:00,7.386810189333908e-17,0.3762682366637121,0.2878064585580866,-1334853.080854693
2025-04-29 19:00:00,0.0,0.31725437341592655,0.287838883335636,-1291016.8508605375
2025-04-29 20:00:00,0.0,0.2661609801042516,0.28787126806820346,-1422663.8378158489
2025-04-29 21:00:00,0.0,0.31869845875993447,0.2879036127391283,-1382246.3207467045
2025-04-29 22:00:00,0.0,0.36581761490987785,0.28793591733177043,-1346713.021766153
2025-04-29 23:00:00,0.0,0.2802336377423752,0.28796818182951045,-1437748.1992526394
2025-04-30 00:00:00,0.0,0.34925054122805876,0.28800040621574957,-1478055.0478693363
2025-04-30 01:00:00,0.0,0.3228098623049877,0.28803259047390967,-1400017.235297273
2025-04-30 02:00:00,0.0,0.26860994639507024,0.28806473458743326,-1393078.1831121503
2025-04-30 03:00:00,0.0,0.3565060273216098,0.28809683853978346,-1423954.3875022088
2025-04-30 04:00:00,0.0,0.37708514309887214,0.288128902314444,-1401058.1732627489
2025-04-30 05:00:00,0.0,0.28055422233464244,0.2881609258949195,-1296542.9324264084
2025-04-30 06:00:00,0.0,0.31743838343259223,0.28819290926473495,-1301039.0973021546
2025-04-30 07:00:00,0.15743122145366778,0.2984351490774791,0.2882248524074363,-1434161.263954165
2025-04-30 08:00:00,0.3041337653326626,0.2754397465670014,0.28825675530659006,-1322779.7363541105
2025-04-30 09:00:00,0.4301100957090478,0.23665024963395653,0.2882886179457834,-1368306.8129319958
2025-04-30 10:00:00,0.5267751338534018,0.26184690087295276,0.28832044030862436,-1148454.1948057762
2025-04-30 11:00:00,0.5875413171627155,0.3421507751114636,0.28835222237874164,-1261945.1307320378
2025-04-30 12:00:00,0.6082675306653254,0.280117756526385,0.28838396413978457,-1225602.1795133087
2025-04-30 13:00:00,0.5875413171627155,0.3383003684214152,0.28841566557542325,-1272749.5320374744
2025-04-30 14:00:00,0.5267751338534018,0.23975248545222347,0.2884473266693487,-1206824.5488431568
2025-04-30 15:00:00,0.43011009570904785,0.2703046843282878,0.2884789474052724,-1219916.477795139
2025-04-30 16:00:00,0.3041337653326626,0.26301924002241245,0.28851052776692687,-1262561.9988561384
2025-04-30 17:00:00,0.15743122145366795,0.3002092075452865,0.28854206773806523,-1279825.1375376475
2025-04-30 18:00:00,7.449128844545552e-17,0.3206974110722358,0.2885735673024614,-1410709.5050294576
2025-04-30 19:00:00,0.0,0.3241850195637553,0.28860502644391023,-1315538.5500405936
2025-04-30 20:00:00,0.0,0.33031755145668384,0.2886364451462271,-1404789.2900712786
2025-04-30 21:00:00,0.0,0.3434205981097398,0.2886678233932484,-1390256.0833369044
2025-04-30 22:00:00,0.0,0.3483763267182738,0.2886991611688314,-1304496.6194473642
2025-04-30 23:00:00,0.0,0.32694963050778003,0.2887304584568539,-1440702.7828440827
2025-05-01 00:00:00,0.0,0.26073943782411757,0.2887617152412148,-1388991.7857804927
2025-05-01 01:00:00,0.0,0.3571215293294373,0.2887929315058338,-1429633.378558409
2025-05-01 02:00:00,0.0,0.2725512723394403,0.2888241072346512,-1463804.115218164
2025-05-01 03:00:00,0.0,0.32974963221280845,0.28885524241162847,-1453272.0325440802
2025-05-01 04:00:00,0.0,0.30834913518959106,0.28888633702074784,-1389028.2114505402
2025-05-01 05:00:00,0.0,0.26712261748196964,0.2889173910460123,-1416159.5099098196
2025-05-01 06:00:00,0.0,0.27443688178031195,0.2889484044714458,-1392879.9965342176
2025-05-01 07:00:00,0.1587303849173303,0.26093580156947954,0.2889793772810932,-1335413.4129161946
2025-05-01 08:00:00,0.3066435564169082,0.2641856809798322,0.28901030945902023,-1317381.7445519452
2025-05-01 09:00:00,0.43365947629911095,0.3721882531932958,0.2890412009893135,-1198171.0967607645
2025-05-01 10:00:00,0.5311222195276986,0.2666949138878318,0.28907205185608065,-1127678.5660578315
2025-05-01 11:00:00,0.5923898612164413,0.3730182114528932,0.2891028620434501,-1286608.390032635
2025-05-01 12:00:00,0.6132871128338165,0.31464872657094634,0.2891336315355712,-1229862.0646331215
2025-05-01 13:00:00,0.5923898612164413,0.2704034967384117,0.2891643603166143,-1242606.152066762
2025-05-01 14:00:00,0.5311222195276986,0.30399766975675885,0.28919504837077065,-1071254.2448224742
2025-05-01 15:00:00,0.43365947629911106,0.3275326138270105,0.28922569568225254,-1343509.767099778
2025-05-01 16:00:00,0.3066435564169082,0.3685364038262395,0.28925630223529314,-1270188.7433965732
2025-05-01 17:00:00,0.15873038491733046,0.2917517267666264,0.2892868680141466,-1327630.16124474
2025-05-01 18:00:00,7.51060099690255e-17,0.31948049297060377,0.28931739300308806,-1273271.9288128666
2025-05-01 19:00:00,0.0,0.25807885014836435,0.2893478771864136,-1342352.9165342324
2025-05-01 20:00:00,0.0,0.36447026048958714,0.2893783205484404,-1363447.5740174458
2025-05-01 21:00:00,0.0,0.32069527700262984,0.28940872307350646,-1372745.329825436
2025-05-01 22:00:00,0.0,0.26568923101007,0.2894390847459711,-1408751.5559202419
2025-05-01 23:00:00,0.0,0.31101715300236266,0.2894694055502142,-1420158.3919052794
2025-05-02 00:00:00,0.0,0.35394489258825335,0.28949968547063715,-1455044.7764802724
2025-05-02 01:00:00,0.0,0.33291640993083516,0.2895299244916619,-1405238.2895220043
2025-05-02 02:00:00,0.0,0.35118605204848113,0.28956012259773195,-1465016.4896577892
2025-05-02 03:00:00,0.0,0.30811011516411674,0.28959027977331153,-1433691.6498723766
2025-05-02 04:00:00,0.0,0.28006857441069377,0.2896203960028858,-1438323.8020333364
2025-05-02 05:00:00,0.0,0.3194336990736804,0.28965047127096133,-1415951.3621074096
2025-05-02 06:00:00,0.0,0.33938526130141256,0.2896805055620656,-1392847.2511448502
2025-05-02 07:00:00,0.16001127326807318,0.29278908668608733,0.2897104988607472,-1371031.621599546
2025-05-02 08:00:00,0.30911804269405896,0.24083001981404858,0.2897404511515756,-1279023.0473844104
2025-05-02 09:00:00,0.43715892835216363,0.25323086009731,0.28977036241914167,-1232527.474181788
2025-05-02 10:00:00,0.5354081554823555,0.2380200550055254,0.2898002326480573,-1264932.313395359
2025-05-02 11:00:00,0.5971702016202369,0.25319910745553614,0.28983006182295545,-1269139.351635528
2025-05-02 12:00:00,0.618236085388118,0.26924590852104624,0.2898598499284902,-1260195.8816046286
2025-05-02 13:00:00,0.5971702016202369,0.27768167323247805,0.28988959694933664,-1173672.9825531307
2025-05-02 14:00:00,0.5354081554823557,0.3624212893403858,0.28991930287019124,-1190853.7973556628
2025-05-02 15:00:00,0.43715892835216374,0.3016954001462397,0.28994896767577144,-1219345.111857671
2025-05-02 16:00:00,0.30911804269405896,0.3356977814234819,0.289978591350816,-1212466.261172873
2025-05-02 17:00:00,0.16001127326807335,0.2912745842849419,0.29000817388008465,-1317211.081669147
2025-05-02 18:00:00,7.571208430879486e-17,0.3104267032491917,0.29003771524835836,-1310683.9039227394
2025-05-02 19:00:00,0.0,0.26342657926529384,0.29006721544043923,-1292130.8628991558
2025-05-02 20:00:00,0.0,0.3461651980580462,0.2900966744411507,-1357818.1388134076
2025-05-02 21:00:00,0.0,0.3291125196144297,0.2901260922353373,-1428557.7053679442
2025-05-02 22:00:00,0.0,0.24013505222202053,0.29015546880786464,-1295975.4028829904
2025-05-02 23:00:00,0.0,0.2916968454609235,0.29018480414361975,-1396735.4364526356
2025-05-03 00:00:00,0.0,0.25793356986624316,0.2902140982275107,-1465877.1495765531
2025-05-03 01:00:00,0.0,0.3304020366908534,0.2902433510444669,-1463823.374657477
2025-05-03 02:00:00,0.0,0.3391022915077618,0.29027256257943895,-1501051.2081692698
2025-05-03 03:00:00,0.0,0.24931665874940312,0.29030173281739874,-1416166.1054994077
2025-05-03 04:00:00,0.0,0.2676050870381375,0.2903308617433393,-1447589.4135633924
2025-05-03 05:00:00,0.0,0.318504088856368,0.2903599493422749,-1345928.2889204302
2025-05-03 06:00:00,0.0,0.2528448691089871,0.2903889955992413,-1398075.4942834545
2025-05-03 07:00:00,0.1612735069510343,0.25544128838768715,0.2904180004992952,-1381058.2913683453
2025-05-03 08:00:00,0.31155649092042714,0.3270212920858543,0.29044696402751485,-1246374.625742042
2025-05-03 09:00:00,0.4406074149050382,0.3625594250488313,0.29047588616899966,-1237643.7171721854
2025-05-03 10:00:00,0.5396316717020514,0.24077192867219765,0.2905047669088703,-1198182.258208919
2025-05-03 11:00:00,0.6018809218560726,0.2525270664171198,0.2905336062322688,-1226917.9829940498
2025-05-03 12:00:00,0.6231129818408544,0.29741404992187015,0.2905624041243586,-1243287.05640329
2025-05-03 13:00:00,0.6018809218560726,0.28621010597907864,0.2905911605703242,-1326036.7664617628
2025-05-03 14:00:00,0.5396316717020515,0.3693040807812971,0.29061987555537155,-1294176.3075984356
2025-05-03 15:00:00,0.44060741490503824,0.23826336248924423,0.29064854906472803,-1209668.3835194346
2025-05-03 16:00:00,0.31155649092042714,0.24751022757998367,0.29067718108364227,-1183480.2815993677
2025-05-03 17:00:00,0.16127350695103446,0.363131944479428,0.2907057715973842,-1304994.7788263168
2025-05-03 18:00:00,7.630933187185651e-17,0.2969449531868559,0.2907343205912452,-1263993.724547362
2025-05-03 19:00:00,0.0,0.33181374013334447,0.2907628280505378,-1391461.1098554065
2025-05-03 20:00:00,0.0,0.34412218667305194,0.29079129396059633,-1434716.0438450421
2025-05-03 21:00:00,0.0,0.29403207116433483,0.290819718306776,-1412093.6850717391
2025-05-03 22:00:00,0.0,0.35006643418354844,0.29084810107445375,-1420414.4213953898
2025-05-03 23:00:00,0.0,0.24465312309529327,0.29087644224902764,-1435856.1011123068
2025-05-04 00:00:00,0.0,0.24217523120892356,0.29090474181591736,-1498225.3046039508
2025-05-04 01:00:00,0.0,0.3644063207169564,0.290932999760564,-1462132.272315825
2025-05-04 02:00:00,0.0,0.2890492045930672,0.2909612160684299,-1484309.2310402547
2025-05-04 03:00:00,0.0,0.2795144769803262,0.29098939072499885,-1409006.6440437937
2025-05-04 04:00:00,0.0,0.34054183782916475,0.29101752371577616,-1377389.500460399
2025-05-04 05:00:00,0.0,0.33530855500135087,0.2910456150262886,-1374277.2943105153
2025-05-04 06:00:00,0.0,0.2839961088142556,0.29107366464208423,-1374626.7230287965
2025-05-04 07:00:00,0.16251671193913206,0.25182410684027823,0.2911016725487327,-1314860.58516437
2025-05-04 08:00:00,0.31395817853117725,0.2714881471180055,0.29112963873182507,-1317905.4919444944
2025-05-04 09:00:00,0.44400391409674433,0.2452034319726657,0.2911575631769739,-1238780.7551570772
2025-05-04 10:00:00,0.5437915166677793,0.36478685055823334,0.291185445869813,-1278160.2756962667
2025-05-04 11:00:00,0.6065206260358765,0.2377814815628873,0.291213286795998,-1278769.1308445153
2025-05-04 12:00:00,0.6279163570623545,0.355396045686316,0.2912410859412059,-1232211.8239855808
2025-05-04 13:00:00,0.6065206260358765,0.26023254994492034,0.291268843291135,-1266844.6996905636
2025-05-04 14:00:00,0.5437915166677794,0.25633833203686923,0.2912965588315054,-1166839.583295375
2025-05-04 15:00:00,0.44400391409674445,0.3314693379832001,0.2913242325480585,-1162641.8270216791
2025-05-04 16:00:00,0.31395817853117725,0.2566125293448104,0.2913518644265573,-1302986.8819013964
2025-05-04 17:00:00,0.16251671193913222,0.2543278176144604,0.2913794544527863,-1312944.6146844628
2025-05-04 18:00:00,7.68975756808679e-17,0.31670886838140894,0.2914070026125515,-1287120.2265791253
2025-05-04 19:00:00,0.0,0.2978823221633907,0.2914345088916805,-1269048.2790416016
2025-05-04 20:00:00,0.0,0.24861519551292727,0.29146197327602247,-1367193.211707882
2025-05-04 21:00:00,0.0,0.2839617391700447,0.29148939575144805,-1411002.589373383
2025-05-04 22:00:00,0.0,0.3373951050349011,0.2915167763038495,-1377788.2252872293
2025-05-04 23:00:00,0.0,0.36076735903726515,0.2915441149191406,-1506770.5256379303
2025-05-05 00:00:00,0.0,0.30036473703856953,0.2915714115832567,-1412030.9413028534
2025-05-05 01:00:00,0.0,0.343098627091245,0.29159866628215486,-1352961.2096563147
2025-05-05 02:00:00,0.0,0.24043053363513592,0.2916258790018135,-1441370.1588504885
2025-05-05 03:00:00,0.0,0.25244925908398,0.2916530497282329,-1549636.1426573521
2025-05-05 04:00:00,0.0,0.32996011434655953,0.2916801784474347,-1460337.7315776374
2025-05-05 05:00:00,0.0,0.32051302144936455,0.29170726514546236,-1302873.2382388108
2025-05-05 06:00:00,0.0,0.26286939986064173,0.29173430980838083,-1404252.8009128687
2025-05-05 07:00:00,0.16374051984389804,0.2551983307397419,0.2917613124222766,-1324871.9876446903
2025-05-05 08:00:00,0.3163223938544375,0.2717004048443958,0.2917882729732581,-1307166.9223300489
2025-05-05 09:00:00,0.4473474194712693,0.2792763489363933,0.29181519144745505,-1251341.2720900062
2025-05-05 10:00:00,0.5478864577276991,0.2576803704544017,0.291842067831019,-1311170.3873610527
2025-05-05 11:00:00,0.6110879393151674,0.30535114699464483,0.2918689021101233,-1269387.6493651858
2025-05-05 12:00:00,0.6326447877088751,0.35707758139798956,0.29189569427096257,-1228281.302181143
2025-05-05 13:00:00,0.6110879393151674,0.25569937451222946,0.2919224442997534,-1261120.7538116318
2025-05-05 14:00:00,0.5478864577276991,0.3589628313103459,0.29194915218273404,-1183168.0432988852
2025-05-05 15:00:00,0.44734741947126944,0.3060257174347826,0.2919758179061642,-1309458.7979662435
2025-05-05 16:00:00,0.3163223938544375,0.34771837250647936,0.29200244145632565,-1274344.0236890186
2025-05-05 17:00:00,0.1637405198438982,0.23478640456087,0.2920290228195215,-1288977.7425616367
2025-05-05 18:00:00,7.747664142649308e-17,0.3332236933294784,0.29205556198207666,-1320300.7982877155
2025-05-05 19:00:00,0.0,0.25085616260723365,0.2920820589303379,-1454709.7193392087
2025-05-05 20:00:00,0.0,0.25420141583721334,0.2921085136506736,-1454829.0077264742
2025-05-05 21:00:00,0.0,0.3437026180273999,0.2921349261294738,-1386932.9721642986
2025-05-05 22:00:00,0.0,0.34916209153976485,0.29216129635315036,-1453312.6239768313
2025-05-05 23:00:00,0.0,0.26246369247445583,0.2921876243081369,-1353362.2164521355
2025-05-06 00:00:00,0.0,0.3554544835072941,0.2922139099808887,-1479219.480615531
2025-05-06 01:00:00,0.0,0.24734615388398828,0.2922401533578829,-1349008.4325447998
2025-05-06 02:00:00,0.0,0.23810966940636685,0.2922663544256182,-1384465.7029183519
2025-05-06 03:00:00,0.0,0.2394411447393154,0.2922925131706154,-1372075.7467045826
2025-05-06 04:00:00,0.0,0.25291673730221764,0.2923186295794167,-1403717.2006263274
2025-05-06 05:00:00,0.0,0.24461450958488648,0.29234470363858633,-1374019.5966627635
2025-05-06 06:00:00,0.0,0.33257669261976336,0.2923707353347102,-1354136.6012345075
2025-05-06 07:00:00,0.164944568024638,0.25180908740175295,0.29239672465439615,-1280206.6989952333
2025-05-06 08:00:00,0.31864843632218376,0.3112119888131927,0.2924226715842736,-1442095.5235933152
2025-05-06 09:00:00,0.4506369402758118,0.33905398488293653,0.2924485761109939,-1335248.883681464
2025-05-06 10:00:00,0.5519152814623984,0.354186270049973,0.29247443822123026,-1163106.0273023094
2025-05-06 11:00:00,0.61558150830045,0.29641159289971647,0.2925002579016777,-1220840.0636495263
2025-05-06 12:00:00,0.6372968726443676,0.29609150217403546,0.2925260351390529,-1174689.2468529434
2025-05-06 13:00:00,0.61558150830045,0.2754287571406974,0.2925517699200947,-1182262.0722262613
2025-05-06 14:00:00,0.5519152814623984,0.2323288378116241,0.29257746223156333,-1218493.7321707967
2025-05-06 15:00:00,0.4506369402758119,0.3332078659105994,0.29260311206024137,-1202223.1163609212
2025-05-06 16:00:00,0.31864843632218376,0.29583691201504403,0.2926287193929329,-1166965.742181485
2025-05-06 17:00:00,0.1649445680246382,0.3412426405122305,0.29265428421646394,-1268830.9420606554
2025-05-06 18:00:00,7.804635751905432e-17,0.26385956259182436,0.2926798065176825,-1328625.55051268
2025-05-06 19:00:00,0.0,0.35239747796052173,0.2927052862834583,-1440928.1764373044
2025-05-06 20:00:00,0.0,0.3628738699485842,0.29273072350068313,-1335806.208389645
2025-05-06 21:00:00,0.0,0.35001977245337784,0.29275611815627045,-1350637.5093456756
2025-05-06 22:00:00,0.0,0.35954367162775175,0.2927814702371558,-1403522.3356151602
2025-05-06 23:00:00,0.0,0.30899408461122707,0.2928067797302965,-1413629.5804726067
2025-05-07 00:00:00,0.0,0.2936073795119594,0.29283204662267187,-1473709.7907985274
2025-05-07 01:00:00,0.0,0.27754723441187895,0.2928572709012831,-1453141.28407508
2025-05-07 02:00:00,0.0,0.31604005930681434,0.29288245255315326,-1405626.33257027
2025-05-07 03:00:00,0.0,0.28605931788880745,0.29290759156532753,-1404149.2843638211
2025-05-07 04:00:00,0.0,0.3234570239775111,0.29293268792487276,-1381605.9569814533
2025-05-07 05:00:00,0.0,0.32047983692515725,0.29295774161887794,-1420538.4211045285
2025-05-07 06:00:00,0.0,0.32144393614159295,0.29298275263445395,-1382994.155000476
2025-05-07 07:00:00,0.1661284996958906,0.27119809290854435,0.2930077209587336,-1329562.071944397
2025-05-07 08:00:00,0.3209356166778327,0.36311447042909634,0.29303264657887174,-1263532.8069207591
2025-05-07 09:00:00,0.45387150175436386,0.23678516976627506,0.29305752948204505,-1265259.7790219022
2025-05-07 10:00:00,0.5558767940444558,0.2526550650439381,0.2930823696554524,-1223307.7257625733
2025-05-07 11:00:00,0.6200000014502546,0.3438956331073756,0.29310716708631446,-1113151.0654401889
2025-05-07 12:00:00,0.6418712333556655,0.3159724053327687,0.2931319217618739,-1192149.1382504497
2025-05-07 13:00:00,0.6200000014502546,0.34443277392123633,0.2931566336693955,-1227989.7116022047
2025-05-07 14:00:00,0.5558767940444559,0.27278691393222204,0.2931813027961659,-1181226.7519948517
2025-05-07 15:00:00,0.45387150175436397,0.28096761357337463,0.2932059291294939,-1293332.5136199326
2025-05-07 16:00:00,0.3209356166778327,0.24071199408215616,0.2932305126567102,-1245346.4165071284
2025-05-07 17:00:00,0.16612849969589077,0.2916357310371242,0.29325505336516755,-1289558.665081634
2025-05-07 18:00:00,7.860655513937795e-17,0.31571753288088406,0.29327955124224075,-1318081.9825348961
2025-05-07 19:00:00,0.0,0.34738093995205177,0.29330400627532666,-1321438.3415771003
2025-05-07 20:00:00,0.0,0.2557957566725857,0.29332841845184415,-1382734.5971712258
2025-05-07 21:00:00,0.0,0.31213962624850783,0.2933527877592341,-1270933.4281530979
2025-05-07 22:00:00,0.0,0.32373585520479226,0.2933771141849595,-1415198.6327396154
2025-05-07 23:00:00,0.0,0.34937206392675485,0.2934013977165053,-1470908.9079516912
2025-05-08 00:00:00,0.0,0.24994809332439488,0.29342563834137875,-1318947.829363243
2025-05-08 01:00:00,0.0,0.2375995944910889,0.2934498360471089,-1488316.627425527
2025-05-08 02:00:00,0.0,0.33645613277558717,0.29347399082124703,-1399441.362058152
2025-05-08 03:00:00,0.0,0.22824592214473274,0.29349810265136644,-1559897.3600542925
2025-05-08 04:00:00,0.0,0.3172567143958962,0.29352217152506266,-1497584.1756915124
2025-05-08 05:00:00,0.0,0.22697440026344087,0.29354619742995314,-1391128.5127376143
2025-05-08 06:00:00,0.0,0.28498787194639913,0.29357018035367755,-1390917.7741253856
2025-05-08 07:00:00,0.16729196403315028,0.3587641945275292,0.2935941202838977,-1369675.4496948004
2025-05-08 08:00:00,0.3231832571804835,0.3199253100333178,0.2936180172082973,-1300896.414175542
2025-05-08 09:00:00,0.45705014543655176,0.30613355376771406,0.29364187111458245,-1293663.5966681836
2025-05-08 10:00:00,0.5597698215921967,0.31197639688881185,0.29366568199048126,-1332962.1717802992
2025-05-08 11:00:00,0.6243421094697021,0.2708427015659624,0.293689449823744,-1126314.055313734
2025-05-08 12:00:00,0.6463665143609671,0.3209689787471359,0.293713174602143,-1296382.9439089666
2025-05-08 13:00:00,0.6243421094697021,0.25027624636924495,0.2937368563134729,-1235113.835578239
2025-05-08 14:00:00,0.5597698215921967,0.35527219520090103,0.29376049494555034,-1115160.850800103
2025-05-08 15:00:00,0.45705014543655187,0.22908227000473255,0.2937840904862143,-1262804.7852530007
2025-05-08 16:00:00,0.3231832571804835,0.23218342428773917,0.29380764292332573,-1275092.3416725788
2025-05-08 17:00:00,0.16729196403315047,0.299033382862813,0.29383115224476786,-1274940.6142843345
2025-05-08 18:00:00,7.915706828881901e-17,0.2729372363963273,0.29385461843844607,-1247248.7259247028
2025-05-08 19:00:00,0.0,0.24533215714920464,0.29387804149228797,-1445323.3617189343
2025-05-08 20:00:00,0.0,0.2724505793645074,0.29390142139424336,-1351827.676199547
2025-05-08 21:00:00,0.0,0.2779445822751643,0.29392475813228425,-1380280.118869253
2025-05-08 22:00:00,0.0,0.3107757231291917,0.2939480516944047,-1404125.8039992442
2025-05-08 23:00:00,0.0,0.35446177803698986,0.29397130206862115,-1465382.488599596
2025-05-09 00:00:00,0.0,0.26928372614798857,0.2939945092429723,-1532085.9838358012
2025-05-09 01:00:00,0.0,0.2976145835889549,0.29401767320551897,-1470945.5388316384
2025-05-09 02:00:00,0.0,0.3514104948292271,0.2940407939443441,-1567497.7536366517
2025-05-09 03:00:00,0.0,0.22575468145675454,0.2940638714475532,-1358325.6750322815
2025-05-09 04:00:00,0.0,0.3532445501699466,0.2940869057032736,-1372167.8724246891
2025-05-09 05:00:00,0.0,0.2522440654554192,0.2941098966996553,-1400460.6459890797
2025-05-09 06:00:00,0.0,0.2691955908499276,0.2941328444248702,-1441733.0777281262
2025-05-09 07:00:00,0.16843461627682424,0.26916676004603035,0.2941557488671127,-1338323.2387397268
2025-05-09 08:00:00,0.3253906918057472,0.2883490654437101,0.29417861001459944,-1288066.6620441424
2025-05-09 09:00:00,0.4601719294216517,0.3113927676627251,0.29420142785556913,-1317910.8235985448
2025-05-09 10:00:00,0.5635932105175401,0.2843275887166273,0.294224202378283,-1227642.7814199075
2025-05-09 11:00:00,0.628606545698476,0.3587963901787806,0.2942469335710245,-1191667.9840551922
2025-05-09 12:00:00,0.6507813836114945,0.28785054566534646,0.29426962142209917,-1289403.2554791213
2025-05-09 13:00:00,0.628606545698476,0.2613478950737153,0.29429226591983526,-1251435.040685211
2025-05-09 14:00:00,0.5635932105175402,0.3511023917637075,0.294314867052583,-1273364.2345039437
2025-05-09 15:00:00,0.4601719294216517,0.2967786469265149,0.2943374248087149,-1206821.2859680285
2025-05-09 16:00:00,0.3253906918057472,0.2548049364522892,0.294359939176626,-1234646.8684308908
2025-05-09 17:00:00,0.16843461627682443,0.26827654342040835,0.2943824101447336,-1319347.9073668534
2025-05-09 18:00:00,7.969773383845025e-17,0.29543642397947306,0.2944048377014772,-1283707.8497736878
2025-05-09 19:00:00,0.0,0.2912457235208688,0.2944272218353187,-1196288.3257001156
2025-05-09 20:00:00,0.0,0.23781314187578048,0.2944495625347425,-1438056.441015041
2025-05-09 21:00:00,0.0,0.23731505810842787,0.2944718597882551,-1458578.3872809005
2025-05-09 22:00:00,0.0,0.3263648135232767,0.2944941135843855,-1343007.6321722842
2025-05-09 23:00:00,0.0,0.25125869204114276,0.294516323911685,-1480686.995871617
2025-05-10 00:00:00,0.0,0.2446577512183966,0.29453849075872723,-1475720.4752304761
2025-05-10 01:00:00,0.0,0.3408412193316012,0.2945606141141083,-1542674.5129172595
2025-05-10 02:00:00,0.0,0.2905659996148451,0.29458269396644665,-1506370.739379205
2025-05-10 03:00:00,0.0,0.26537097635658974,0.29460473030438306,-1492506.87945438
2025-05-10 04:00:00,0.0,0.238951141758451,0.2946267231165806,-1356502.0957588495
2025-05-10 05:00:00,0.0,0.3322840163722924,0.29464867239172504,-1366272.1548915512
2025-05-10 06:00:00,0.0,0.2510211731208562,0.29467057811852426,-1360559.454381128
2025-05-10 07:00:00,0.16955611783439234,0.31525843537269893,0.2946924402857087,-1337038.0498572555
2025-05-10 08:00:00,0.32755726644310407,0.33949006727252373,0.29471425888203107,-1303475.2863483708
2025-05-10 09:00:00,0.46323592865769536,0.31266067952164905,0.29473603389626657,-1273736.3146683318
2025-05-10 10:00:00,0.5673458278678324,0.27922440700820705,0.29475776531721287,-1188456.3438141788
2025-05-10 11:00:00,0.6327920464920878,0.226373372744137,0.29477945313369014,-1270213.8563274147
2025-05-10 12:00:00,0.6551145328862082,0.27669896623266793,0.2948010973345407,-1278201.1916122914
2025-05-10 13:00:00,0.6327920464920878,0.23364541001192954,0.2948226979086295,-1227790.505011362
2025-05-10 14:00:00,0.5673458278678325,0.2578917445156761,0.294844254844844,-1190933.9532263263
2025-05-10 15:00:00,0.4632359286576954,0.3391428826217573,0.294865768132094,-1254530.9844454783
2025-05-10 16:00:00,0.32755726644310407,0.2757749288898597,0.29488723775931164,-1229164.7210768922
2025-05-10 17:00:00,0.1695561178343925,0.3474805547691614,0.2949086637154519,-1336309.9678876319
2025-05-10 18:00:00,8.022839157740084e-17,0.3091054007766627,0.29493004598949174,-1295806.8621128895
2025-05-10 19:00:00,0.0,0.289191019615082,0.29495138457043096,-1363086.4281396533
2025-05-10 20:00:00,0.0,0.28352871380208206,0.2949726794472918,-1298341.6620507352
2025-05-10 21:00:00,0.0,0.34784025233355137,0.2949939306091187,-1357799.4615174746
2025-05-10 22:00:00,0.0,0.2906565501159812,0.2950151380449789,-1375277.6611743178
2025-05-10 23:00:00,0.0,0.3285460608723617,0.29503630174396206,-1480695.1311268432
2025-05-11 00:00:00,0.0,0.32539363426629414,0.2950574216951803,-1468157.8360546073
2025-05-11 01:00:00,0.0,0.24289931680422228,0.29507849788776813,-1359987.5724173929
2025-05-11 02:00:00,0.0,0.3127360756255868,0.2950995303108829,-1468603.531330152
2025-05-11 03:00:00,0.0,0.30423385926954427,0.29512051895370406,-1460479.8796733338
2025-05-11 04:00:00,0.0,0.2621796426295473,0.29514146380543393,-1376041.5744592464
2025-05-11 05:00:00,0.0,0.26495910086660507,0.2951623648552972,-1420804.209642275
2025-05-11 06:00:00,0.0,0.30910065657810454,0.29518322209254105,-1303159.8259329528
2025-05-11 07:00:00,0.17065613638073895,0.26539525977410106,0.2952040355064354,-1369813.7041543692
2025-05-11 08:00:00,0.3296823390897304,0.30392074152239357,0.29522480508627247,-1382002.8631438396
2025-05-11 09:00:00,0.46624123521558236,0.3003161891639055,0.2952455308213671,-1339053.6143956624
2025-05-11 10:00:00,0.5710265616615641,0.32377975633893624,0.2952662127010569,-1225222.7984483908
2025-05-11 11:00:00,0.6368973715963213,0.3147738932267552,0.29528685071470184,-1308316.6338513216
2025-05-11 12:00:00,0.6593646781794609,0.3335406860978649,0.29530744485168436,-1296504.8366775278
2025-05-11 13:00:00,0.6368973715963213,0.22538304889464192,0.29532799510140967,-1262692.347050998
2025-05-11 14:00:00,0.5710265616615642,0.27708311170367017,0.29534850145330555,-1217433.1114356131
2025-05-11 15:00:00,0.46624123521558236,0.25025136718395163,0.29536896389682216,-1208917.2615464127
2025-05-11 16:00:00,0.3296823390897304,0.2968882692637489,0.2953893824214326,-1293575.3614607938
2025-05-11 17:00:00,0.17065613638073915,0.3549914930419721,0.2954097570166322,-1243110.256705059
2025-05-11 18:00:00,8.074888426033014e-17,0.31850880917652064,0.29543008767193907,-1191518.1088816253
2025-05-11 19:00:00,0.0,0.34504537315572437,0.295450374376894,-1321776.4310620364
2025-05-11 20:00:00,0.0,0.2437506645755219,0.29547061712106015,-1393956.4496221072
2025-05-11 21:00:00,0.0,0.2559908353090234,0.29549081589402354,-1221122.2763042778
2025-05-11 22:00:00,0.0,0.26478108461698285,0.29551097068539267,-1390034.999894994
2025-05-11 23:00:00,0.0,0.31575923773419334,0.29553108148479873,-1441262.1804107954
2025-05-12 00:00:00,0.0,0.30916354361302256,0.2955511482818955,-1455550.2297146716
2025-05-12 01:00:00,0.0,0.33728008328819814,0.2955711710663595,-1440838.715402669
2025-05-12 02:00:00,0.0,0.2395242290760135,0.2955911498278897,-1493655.7636978286
2025-05-12 03:00:00,0.0,0.26447588253117504,0.2956110845562078,-1435973.0990241102
2025-05-12 04:00:00,0.0,0.2434669112720881,0.29563097524105836,-1507084.300458801
2025-05-12 05:00:00,0.0,0.3013074243229649,0.2956508218722083,-1381280.0585126176
2025-05-12 06:00:00,0.0,0.23443791840274308,0.29567062443944736,-1358281.663660766
2025-05-12 07:00:00,0.17173434595662856,0.3076488669945024,0.2956903829325878,-1372743.2203226185
2025-05-12 08:00:00,0.3317652800407383,0.3290971058765333,0.29571009734146486,-1382406.3887186102
2025-05-12 09:00:00,0.46918695855812004,0.29595826096371136,0.2957297676559361,-1226114.584373131
2025-05-12 10:00:00,0.5746343212178755,0.3034643790610696,0.295749393865882,-1266738.765277239
2025-05-12 11:00:00,0.6409213045147486,0.35371647755278807,0.29576897596120577,-1153268.6681867987
2025-05-12 12:00:00,0.6635305600814767,0.2934704387177055,0.295788513931833,-1214970.779626588
2025-05-12 13:00:00,0.6409213045147486,0.2829808626776518,0.2958080077677123,-1236642.8083095378
2025-05-12 14:00:00,0.5746343212178756,0.33615544990034263,0.29582745745881495,-1300562.146612036
2025-05-12 15:00:00,0.4691869585581201,0.35042034414880757,0.2958468629951347,-1235289.1864076443
2025-05-12 16:00:00,0.3317652800407383,0.27313758554460427,0.29586622436668825,-1313615.904885081
2025-05-12 17:00:00,0.17173434595662873,0.30306262060225875,0.295885541563515,-1188886.3545892043
2025-05-12 18:00:00,8.125905765402309e-17,0.24157809645852804,0.29590481457567697,-1260491.5528502811
2025-05-12 19:00:00,0.0,0.2692122853258886,0.295924043393259,-1323736.2772759832
2025-05-12 20:00:00,0.0,0.3104854966930839,0.2959432280063686,-1304126.9873765116
2025-05-12 21:00:00,0.0,0.3366799923422568,0.29596236840513607,-1383185.5773606638
2025-05-12 22:00:00,0.0,0.33254137716609766,0.29598146457971447,-1343579.1791629698
2025-05-12 23:00:00,0.0,0.3338561135444839,0.2960005165202796,-1423081.7357943794
2025-05-13 00:00:00,0.0,0.3372334641436048,0.2960195242170299,-1481373.5721619052
2025-05-13 01:00:00,0.0,0.33559621516777344,0.29603848766018676,-1490802.527937691
2025-05-13 02:00:00,0.0,0.275311931377663,0.2960574068399942,-1418021.9556580144
2025-05-13 03:00:00,0.0,0.25243600598259647,0.2960762817467191,-1406015.1507153779
2025-05-13 04:00:00,0.0,0.23049761564968935,0.2960951123706511,-1429425.974557712
2025-05-13 05:00:00,0.0,0.23438710288111286,0.2961138987021026,-1419595.581011154
2025-05-13 06:00:00,0.0,0.30417822363158153,0.2961326407314087,-1384292.0813872493
2025-05-13 07:00:00,0.17279042706529407,0.24614678815871974,0.29615133844892744,-1334042.8181753405
2025-05-13 08:00:00,0.3338054720757703,0.22330134870218363,0.29616999184503956,-1354182.1240973403
2025-05-13 09:00:00,0.47207222580390784,0.22758736083083947,0.29618860091014876,-1273283.3310416455
2025-05-13 10:00:00,0.5781680374797483,0.3336650646212783,0.29620716563468125,-1154806.6119330882
2025-05-13 11:00:00,0.6448626528692021,0.3176055090102766,0.2962256860090863,-1358484.0623866299
2025-05-13 12:00:00,0.6676109441515408,0.3294306345458742,0.2962441620238359,-1306529.456190961
2025-05-13 13:00:00,0.6448626528692021,0.3508744539506339,0.2962625936694249,-1237948.9908094502
2025-05-13 14:00:00,0.5781680374797484,0.2875665644097973,0.296280980936371,-1194233.2828244232
2025-05-13 15:00:00,0.47207222580390795,0.34500958866409875,0.2962993238152146,-1187243.188144098
2025-05-13 16:00:00,0.3338054720757703,0.26931202918301905,0.29631762229651915,-1232858.3336396497
2025-05-13 17:00:00,0.17279042706529427,0.22379855857796294,0.2963358763708707,-1231792.635397136
2025-05-13 18:00:00,8.175876058309267e-17,0.30161214218727167,0.2963540860288783,-1388935.5104680941
2025-05-13 19:00:00,0.0,0.3394090635579233,0.2963722512611738,-1356248.3044811802
2025-05-13 20:00:00,0.0,0.26435529576780986,0.29639037205841195,-1279561.9250990064
2025-05-13 21:00:00,0.0,0.2197515799490646,0.2964084484112703,-1392711.6262412816
2025-05-13 22:00:00,0.0,0.32582105237973036,0.2964264803104493,-1360091.3227060887
2025-05-13 23:00:00,0.0,0.2958293543024886,0.2964444677466722,-1500733.6634866567
2025-05-14 00:00:00,0.0,0.23078966339805582,0.2964624107106853,-1416888.9352738084
2025-05-14 01:00:00,0.0,0.33104843383107524,0.29648030919325763,-1361594.7564613011
2025-05-14 02:00:00,0.0,0.29439007868864053,0.2964981631851811,-1455512.4102418409
2025-05-14 03:00:00,0.0,0.3101305824086251,0.2965159726772706,-1419031.0887731127
2025-05-14 04:00:00,0.0,0.30560807737856344,0.2965337376603637,-1403873.5162620079
2025-05-14 05:00:00,0.0,0.24118408102091599,0.2965514581253213,-1404090.898618287
2025-05-14 06:00:00,0.0,0.2327776234144082,0.2965691340630267,-1372507.5683184378
2025-05-14 07:00:00,0.17382406676711099,0.22628020313968833,0.2965867654643865,-1291768.1755824808
2025-05-14 08:00:00,0.3358023106418957,0.33826859588290353,0.2966043523203299,-1283623.0955936895
2025-05-14 09:00:00,0.4748961819859919,0.2839485722942918,0.2966218946218093,-1140187.6472342827
2025-05-14 10:00:00,0.5816266633307904,0.2903531398291001,0.2966393923597998,-1400356.8105526543
2025-05-14 11:00:00,0.6487202487531031,0.27177531492341905,0.2966568455252996,-1240132.5953544173
2025-05-14 12:00:00,0.6716046212837914,0.3056426737605581,0.2966742541093297,-1238834.9836955285
2025-05-14 13:00:00,0.6487202487531031,0.3429228939981622,0.29669161810293404,-1181657.1950532738
2025-05-14 14:00:00,0.5816266633307905,0.34768189751825385,0.2967089374971796,-1100652.1046689216
2025-05-14 15:00:00,0.47489618198599204,0.32575787670254674,0.29672621228315627,-1229290.7323912985
2025-05-14 16:00:00,0.3358023106418957,0.2633208757513907,0.29674344245197676,-1234603.1305319115
2025-05-14 17:00:00,0.17382406676711115,0.3460198235797205,0.2967606279947769,-1272613.4607322505
2025-05-14 18:00:00,8.224784497477655e-17,0.23836272859938623,0.2967777689027155,-1374323.5010242134
2025-05-14 19:00:00,0.0,0.2983066133788296,0.2967948651669741,-1338771.323485015
2025-05-14 20:00:00,0.0,0.29808936142773856,0.2968119167787575,-1347963.2638948965
2025-05-14 21:00:00,0.0,0.3219785366114598,0.2968289237292932,-1377412.7616111927
2025-05-14 22:00:00,0.0,0.3054552510166663,0.2968458860098319,-1422844.654654048
2025-05-14 23:00:00,0.0,0.3279311441229843,0.2968628036116472,-1390695.5219063954
2025-05-15 00:00:00,0.0,0.2814612622197008,0.29687967652603553,-1520337.9769026577
2025-05-15 01:00:00,0.0,0.3057912831466731,0.29689650474431667,-1469356.0645748125
2025-05-15 02:00:00,0.0,0.30534476435411845,0.296913288257833,-1450500.7172471988
2025-05-15 03:00:00,0.0,0.24931714837169536,0.2969300270579501,-1398211.12034453
2025-05-15 04:00:00,0.0,0.2471414949273034,0.2969467211360566,-1356788.5261550264
2025-05-15 05:00:00,0.0,0.24265172198098886,0.296963370483564,-1422583.2244236027
2025-05-15 06:00:00,0.0,0.3311084499262603,0.29697997509190693,-1369363.7184790922
2025-05-15 07:00:00,0.1748349587723278,0.2761822475053318,0.29699653495254297,-1307530.562171545
2025-05-15 08:00:00,0.3377552040327518,0.3149305824397004,0.2970130500569527,-1249941.7500981835
2025-05-15 09:00:00,0.4776579903052095,0.3007196051296829,0.2970295203966398,-1229684.2269534417
2025-05-15 10:00:00,0.5850091739055187,0.29729483740921914,0.297045945963131,-1240612.2014270297
2025-05-15 11:00:00,0.6524929490775373,0.31652624148178915,0.2970623267479759,-1282995.9987495604
2025-05-15 12:00:00,0.6755104080655037,0.30013186711278833,0.29707866274274725,-1260152.8647901078
2025-05-15 13:00:00,0.6524929490775373,0.26877336536006385,0.2970949539390409,-1249966.7957092053
2025-05-15 14:00:00,0.5850091739055188,0.31076916504976165,0.2971112003284756,-1130772.6733163071
2025-05-15 15:00:00,0.4776579903052096,0.2985866534532323,0.2971274019026933,-1328442.0974740873
2025-05-15 16:00:00,0.3377552040327518,0.2815517620157112,0.297143558653359,-1224397.8431067555
2025-05-15 17:00:00,0.17483495877232796,0.21729731005634856,0.2971596705721606,-1342734.6992937755
2025-05-15 18:00:00,8.272616590281415e-17,0.3236032793799209,0.2971757376508092,-1263545.8077656957
2025-05-15 19:00:00,0.0,0.2180616195192025,0.29719175988103885,-1345213.187553711
2025-05-15 20:00:00,0.0,0.31977029368928517,0.29720773725460686,-1407444.2656693098
2025-05-15 21:00:00,0.0,0.31275076476045643,0.2972236697632935,-1404098.9468196423
2025-05-15 22:00:00,0.0,0.22878515282928186,0.2972395573989021,-1414335.6754286475
2025-05-15 23:00:00,0.0,0.21824881244360622,0.29725540015325913,-1447200.7392255256
2025-05-16 00:00:00,0.0,0.2742966630350746,0.2972711980182141,-1402118.6353022414
2025-05-16 01:00:00,0.0,0.2983075284975278,0.2972869509856397,-1323881.2997480351
2025-05-16 02:00:00,0.0,0.28784151069887154,0.29730265904743164,-1439763.8338624036
2025-05-16 03:00:00,0.0,0.27178605695908636,0.2973183221955087,-1436466.9831408376
2025-05-16 04:00:00,0.0,0.33817508881845665,0.2973339404218129,-1370883.2719047647
2025-05-16 05:00:00,0.0,0.23812723911266656,0.29734951371830914,-1330753.6709890398
2025-05-16 06:00:00,0.0,0.3267706056062981,0.29736504207698583,-1351355.7140766075
2025-05-16 07:00:00,0.17582280353182655,0.32303294639543356,0.297380525489854,-1324274.6243546514
2025-05-16 08:00:00,0.33966357356388016,0.26389534256628416,0.29739596394894824,-1328928.5067261124
2025-05-16 09:00:00,0.4803568323781508,0.34030707234759217,0.29741135744632596,-1270543.0551715847
2025-05-16 10:00:00,0.5883145668930494,0.22038329383923766,0.2974267059740679,-1306573.8582517789
2025-05-16 11:00:00,0.6561796359099774,0.25379941503482634,0.29744200952427785,-1292877.2918227343
2025-05-16 12:00:00,0.6793271471277604,0.2987466822172138,0.2974572680890827,-1287779.1062597022
2025-05-16 13:00:00,0.6561796359099774,0.3188332710119922,0.2974724816606325,-1178145.9329435506
2025-05-16 14:00:00,0.5883145668930494,0.3283045901945282,0.2974876502311007,-1253795.4541557995
2025-05-16 15:00:00,0.48035683237815086,0.24707487780320958,0.29750277379268336,-1193949.7909765244
2025-05-16 16:00:00,0.33966357356388016,0.33465532734624576,0.29751785233760025,-1272889.3986426468
2025-05-16 17:00:00,0.17582280353182672,0.3209891639108509,0.29753288585809395,-1250048.86759043
2025-05-16 18:00:00,8.319358163039149e-17,0.27291006893785974,0.2975478743464304,-1299546.6526980093
2025-05-16 19:00:00,0.0,0.32587102502038745,0.2975628177948985,-1325872.278296727
2025-05-16 20:00:00,0.0,0.3275932069838091,0.2975777161958106,-1396330.1831871993
2025-05-16 21:00:00,0.0,0.21605513769457674,0.297592569541502,-1478634.0201309703
2025-05-16 22:00:00,0.0,0.33252195501374454,0.29760737782433117,-1461115.1707457618
2025-05-16 23:00:00,0.0,0.30606123693476645,0.29762214103667994,-1419527.570313182
2025-05-17 00:00:00,0.0,0.26986959768000296,0.2976368591709532,-1514263.1799420433
2025-05-17 01:00:00,0.0,0.2203888743160896,0.2976515322195791,-1459605.430818321
2025-05-17 02:00:00,0.0,0.3064925169231308,0.29766616017500885,-1378816.8964083556
2025-05-17 03:00:00,0.0,0.2571776490459223,0.2976807430297171,-1510559.82038732
2025-05-17 04:00:00,0.0,0.33935177633953534,0.2976952807762014,-1448338.0314612964
2025-05-17 05:00:00,0.0,0.30204886384117496,0.29770977340698274,-1335771.5191785486
2025-05-17 06:00:00,0.0,0.29724604318899406,0.2977242209146052,-1363812.025129324
2025-05-17 07:00:00,0.17678730832588557,0.2281108696804038,0.29773862329163625,-1408438.7824854404
2025-05-17 08:00:00,0.3415268537442026,0.2305049811930772,0.2977529805306663,-1251630.671819907
2025-05-17 09:00:00,0.48299190847966383,0.27781792145513234,0.2977672926243091,-1324584.5314949015
2025-05-17 10:00:00,0.591541862834104,0.2540314184780408,0.29778155956520186,-1314074.9515543797
2025-05-17 11:00:00,0.6597792168055495,0.2465269533323721,0.29779578134600465,-1287727.0759088984
2025-05-17 12:00:00,0.6830537074884053,0.2763108570522929,0.2978099579594009,-1236456.948585298
2025-05-17 13:00:00,0.6597792168055495,0.2805130247109488,0.2978240893980974,-1217042.412807351
2025-05-17 14:00:00,0.5915418628341041,0.2783774298611134,0.29783817565482407,-1083050.3111329481
2025-05-17 15:00:00,0.4829919084796639,0.24242668221725794,0.2978522167223341,-1301897.4541256926
2025-05-17 16:00:00,0.3415268537442026,0.266010910589258,0.2978662125934039,-1241736.6792073683
2025-05-17 17:00:00,0.17678730832588577,0.26324437134754297,0.2978801632608332,-1292391.5656731997
2025-05-17 18:00:00,8.364995365214082e-17,0.30316405424783976,0.2978940687174449,-1279716.6807779965
2025-05-17 19:00:00,0.0,0.2460636317511425,0.2979079289560852,-1261523.6379599294
2025-05-17 20:00:00,0.0,0.2766026798422943,0.2979217439696236,-1460380.9666599897
2025-05-17 21:00:00,0.0,0.2298736459637905,0.2979355137509528,-1439997.9644380978
2025-05-17 22:00:00,0.0,0.252403292876688,0.2979492382929888,-1478323.5550379192
2025-05-17 23:00:00,0.0,0.32130876399625063,0.2979629175886709,-1341720.5351803438
2025-05-18 00:00:00,0.0,0.2684036944328257,0.29797655163096154,-1500771.2344725023
2025-05-18 01:00:00,0.0,0.3257941237992596,0.29799014041284677,-1433601.032008229
2025-05-18 02:00:00,0.0,0.23442485951173908,0.2980036839273355,-1454394.245833956
2025-05-18 03:00:00,0.0,0.31372056643733454,0.2980171821674603,-1381583.8580644776
2025-05-18 04:00:00,0.0,0.33900519886504593,0.2980306351262767,-1460441.857478445
2025-05-18 05:00:00,0.0,0.2648819364372571,0.2980440427968638,-1526464.3168780669
2025-05-18 06:00:00,0.0,0.3131431707249241,0.29805740517232393,-1361510.2389583325
2025-05-18 07:00:00,0.1777281873509187,0.28614421644580473,0.29807072224578257,-1320567.6617588613
2025-05-18 08:00:00,0.34334449244358894,0.32432056496134043,0.2980839940103887,-1251574.1632336974
2025-05-18 09:00:00,0.4855624377798301,0.31382799895430646,0.29809722045931447,-1359162.732249032
2025-05-18 10:00:00,0.5946901054112446,0.2645949834281183,0.2981104015857554,-1238097.5471419303
2025-05-18 11:00:00,0.6632906251307489,0.29311202341623227,0.29812353738293046,-1231261.2803196553
2025-05-18 12:00:00,0.686688984887178,0.2648324055901249,0.2981366278440816,-1260538.4384256091
2025-05-18 13:00:00,0.6632906251307489,0.23196786970386346,0.2981496729624745,-1187940.1284184798
2025-05-18 14:00:00,0.5946901054112446,0.3180385016271526,0.29816267273139785,-1275501.7619430285
2025-05-18 15:00:00,0.4855624377798302,0.3314034568269357,0.2981756271441639,-1315713.0520568467
2025-05-18 16:00:00,0.34334449244358894,0.24081719529452647,0.29818853619410796,-1313243.2167052014
2025-05-18 17:00:00,0.1777281873509189,0.24350663367533829,0.298201399874589,-1200037.4443061042
2025-05-18 18:00:00,8.409514673518276e-17,0.27133304189217256,0.2982142181789891,-1337887.321929981
2025-05-18 19:00:00,0.0,0.24226074502462247,0.29822699110071366,-1323893.0046243516
2025-05-18 20:00:00,0.0,0.29983230498837155,0.2982397186331917,-1437116.3190229037
2025-05-18 21:00:00,0.0,0.3193527973293153,0.29825240076987536,-1414045.599797828
2025-05-18 22:00:00,0.0,0.23282144245618844,0.2982650375042402,-1464257.9884164846
2025-05-18 23:00:00,0.0,0.2192325307962346,0.2982776288297851,-1522110.543243369
2025-05-19 00:00:00,0.0,0.24047137431651874,0.2982901747400322,-1415085.67449538
2025-05-19 01:00:00,0.0,0.25451691016977507,0.2983026752285274,-1466271.8067926618
2025-05-19 02:00:00,0.0,0.24607179110964686,0.2983151302888395,-1431422.5064863623
2025-05-19 03:00:00,0.0,0.3258591466076978,0.29832753991456096,-1475566.782367049
2025-05-19 04:00:00,0.0,0.21186792884997213,0.29833990409930744,-1421246.8588597027
2025-05-19 05:00:00,0.0,0.3142057510383617,0.2983522228367182,-1292778.6894062194
2025-05-19 06:00:00,0.0,0.2638791790933012,0.29836449612045557,-1355263.1625923496
2025-05-19 07:00:00,0.17864516180416493,0.2594165979123519,0.2983767239442056,-1317681.5587824841
2025-05-19 08:00:00,0.3451159510564646,0.30257943662177395,0.29838890630167747,-1318215.574899327
2025-05-19 09:00:00,0.4880676585753415,0.30923749919009624,0.29840104318660393,-1376837.6751005345
2025-05-19 10:00:00,0.5977583617322507,0.21124340835131042,0.29841313459274094,-1343411.4898921535
2025-05-19 11:00:00,0.6667128203795065,0.2164420119329264,0.29842518051386796,-1212421.9691042306
2025-05-19 12:00:00,0.6902319021129293,0.2580338909654905,0.29843718094378796,-1155526.7312828528
2025-05-19 13:00:00,0.6667128203795065,0.33113359176649637,0.2984491358763271,-1265015.916792485
2025-05-19 14:00:00,0.5977583617322507,0.33617860473880834,0.29846104530533507,-1230505.1602500833
2025-05-19 15:00:00,0.4880676585753416,0.3221985453466847,0.2984729092246849,-1261677.3354296046
2025-05-19 16:00:00,0.3451159510564646,0.3059640672493513,0.2984847276282732,-1299344.0528092969
2025-05-19 17:00:00,0.17864516180416512,0.2669318501051598,0.2984965005100198,-1258517.401203744
2025-05-19 18:00:00,8.45290289591988e-17,0.3223876252998217,0.29850822786386805,-1261319.5603288417
2025-05-19 19:00:00,0.0,0.33656880788401017,0.29851990968378467,-1328792.883124077
2025-05-19 20:00:00,0.0,0.242831827891194,0.29853154596375975,-1445531.248234153
2025-05-19 21:00:00,0.0,0.22585997709359787,0.2985431366978071,-1471357.833871383
2025-05-19 22:00:00,0.0,0.29781497557587516,0.29855468187996353,-1364312.3869656625
2025-05-19 23:00:00,0.0,0.22122600889584776,0.2985661815042897,-1560996.8937192517
2025-05-20 00:00:00,0.0,0.3119348283001061,0.2985776355648694,-1418718.6858020816
2025-05-20 01:00:00,0.0,0.22902583185311545,0.29858904405581,-1392392.824920288
2025-05-20 02:00:00,0.0,0.24552691078046915,0.29860040697124224,-1422744.2522716192
2025-05-20 03:00:00,0.0,0.255601419326298,0.29861172430532046,-1448463.0251485268
2025-05-20 04:00:00,0.0,0.3022807505368539,0.29862299605222226,-1502565.59781491
2025-05-20 05:00:00,0.0,0.28897124246144745,0.2986342222061488,-1330504.6124525531
2025-05-20 06:00:00,0.0,0.3107017549763185,0.2986454027613248,-1357784.5574560189
2025-05-20 07:00:00,0.17953795996630387,0.22376710520738954,0.29865653771199807,-1429584.573318578
2025-05-20 08:00:00,0.3468407046614114,0.24991378147970525,0.29866762705244027,-1386185.0311857595
2025-05-20 09:00:00,0.4905068285152092,0.2424216606456009,0.29867867077694643,-1173442.7305193276
2025-05-20 10:00:00,0.6007457226065562,0.2818793488893566,0.29868966887983484,-1349270.1775037337
2025-05-20 11:00:00,0.6700447884815132,0.3208939964888974,0.29870062135544756,-1249813.7274219024
2025-05-20 12:00:00,0.693681409322823,0.24429820842713265,0.29871152819814994,-1205124.5983082142
2025-05-20 13:00:00,0.6700447884815132,0.305866247172536,0.2987223894023308,-1203614.7925138155
2025-05-20 14:00:00,0.6007457226065562,0.23326483053875421,0.2987332049624025,-1390626.6218251816
2025-05-20 15:00:00,0.4905068285152093,0.2504234380004084,0.29874397487280097,-1172078.2444261948
2025-05-20 16:00:00,0.3468407046614114,0.33365984854917036,0.2987546991279854,-1302666.7294496747
2025-05-20 17:00:00,0.17953795996630406,0.2346591851981748,0.2987653777224386,-1236643.881016956
2025-05-20 18:00:00,8.495147175552201e-17,0.254654796353233,0.29877601065066695,-1351459.5582101175
2025-05-20 19:00:00,0.0,0.21985528645199168,0.29878659790720014,-1368082.3483512606
2025-05-20 20:00:00,0.0,0.26300333550569516,0.29879713948659153,-1339478.1765255602
2025-05-20 21:00:00,0.0,0.26380710596898277,0.2988076353834178,-1324207.7323172488
2025-05-20 22:00:00,0.0,0.2977484280985724,0.29881808559227935,-1431041.0474132001
2025-05-20 23:00:00,0.0,0.2672712224161908,0.2988284901077998,-1407599.6873117036
2025-05-21 00:00:00,0.0,0.21941144390302167,0.2988388489246267,-1432156.6652491773
2025-05-21 01:00:00,0.0,0.32068353726758214,0.29884916203743067,-1341769.4029833216
2025-05-21 02:00:00,0.0,0.2508028878304984,0.29885942944090604,-1447312.7061048434
2025-05-21 03:00:00,0.0,0.23691920061128952,0.29886965112977065,-1500695.9643065643
2025-05-21 04:00:00,0.0,0.25282194566937227,0.2988798270987659,-1420143.557972923
2025-05-21 05:00:00,0.0,0.2096477236357544,0.29888995734265666,-1259718.490607754
2025-05-21 06:00:00,0.0,0.26124219537193694,0.29890004185623126,-1415474.1437658905
2025-05-21 07:00:00,0.18040631728197187,0.3181316194347898,0.2989100806343017,-1399879.0513953927
2025-05-21 08:00:00,0.348518242176713,0.23285941294829968,0.29892007367170337,-1397676.6976786987
2025-05-21 09:00:00,0.4928792248207383,0.31683586904915273,0.29893002096329524,-1176644.0844788032
2025-05-21 10:00:00,0.6036513028146614,0.2850538486414066,0.2989399225039599,-1222549.0293852075
2025-05-21 11:00:00,0.6732855421027103,0.30256799876387963,0.2989497782886034,-1356169.362979777
2025-05-21 12:00:00,0.697036484353426,0.2157892272349874,0.29895958831215524,-1227496.468840407
2025-05-21 13:00:00,0.6732855421027103,0.25222698988582753,0.29896935256956864,-1290607.3486078517
2025-05-21 14:00:00,0.6036513028146615,0.2858064437521164,0.2989790710558203,-1191200.1606779632
2025-05-21 15:00:00,0.4928792248207384,0.22937296731745066,0.29898874376591034,-1165508.9879722146
2025-05-21 16:00:00,0.348518242176713,0.20880931677407688,0.2989983706948627,-1245386.7779712216
2025-05-21 17:00:00,0.18040631728197207,0.22892983809395648,0.2990079518377245,-1228871.777107777
2025-05-21 18:00:00,8.536234994523473e-17,0.21283591237840088,0.29901748718956683,-1274792.3954980902
2025-05-21 19:00:00,0.0,0.2937417096378419,0.299026976745484,-1336739.4404746292
2025-05-21 20:00:00,0.0,0.22482213741880336,0.29903642050059415,-1420902.7578152313
2025-05-21 21:00:00,0.0,0.21675658989245505,0.2990458184500387,-1362827.58290035
2025-05-21 22:00:00,0.0,0.23488286921069537,0.29905517058898284,-1486597.654635842
2025-05-21 23:00:00,0.0,0.262200224728587,0.2990644769126153,-1486653.2254300436
2025-05-22 00:00:00,0.0,0.30931353841830267,0.2990737374161483,-1495063.3966933093
2025-05-22 01:00:00,0.0,0.32886091493773173,0.29908295209481767,-1475197.992289294
2025-05-22 02:00:00,0.0,0.25322819188782386,0.29909212094388293,-1509311.9633980282
2025-05-22 03:00:00,0.0,0.24957722385969755,0.29910124395862697,-1395170.2884571084
2025-05-22 04:00:00,0.0,0.22701026584448455,0.2991103211343565,-1517114.5705510196
2025-05-22 05:00:00,0.0,0.23817687244891234,0.2991193524664014,-1426578.6331351094
2025-05-22 06:00:00,0.0,0.21855021223332116,0.29912833795011573,-1396083.9412570882
2025-05-22 07:00:00,0.18124997643815569,0.2578379724349505,0.29913727758087666,-1313724.7685894605
2025-05-22 08:00:00,0.35014806651179936,0.3073293081001333,0.2991461713540851,-1267827.5974686043
2025-05-22 09:00:00,0.4951841444997032,0.2916533955604231,0.29915501926516563,-1270383.5003297224
2025-05-22 10:00:00,0.606474241370443,0.22288882615364758,0.29916382130956626,-1214335.6779646166
2025-05-22 11:00:00,0.676434120937859,0.298104619414361,0.29917257748275883,-1246554.6775329788
2025-05-22 12:00:00,0.7002961330235988,0.30873193141285704,0.2991812877802385,-1248411.6384355554
2025-05-22 13:00:00,0.676434120937859,0.2910331735825513,0.29918995219752426,-1278304.7662089625
2025-05-22 14:00:00,0.6064742413704431,0.25028841971907534,0.29919857073015854,-1302235.2950919045
2025-05-22 15:00:00,0.49518414449970327,0.2550902488848753,0.2992071433737075,-1269906.9645626077
2025-05-22 16:00:00,0.35014806651179936,0.2697311498393522,0.2992156701237609,-1231549.762799779
2025-05-22 17:00:00,0.18124997643815588,0.27775622936187655,0.29922415097593197,-1325709.135947926
2025-05-22 18:00:00,8.576154177626193e-17,0.263703476370416,0.2992325859258577,-1335066.6273155191
2025-05-22 19:00:00,0.0,0.30325123352585265,0.2992409749691987,-1289291.6139693272
2025-05-22 20:00:00,0.0,0.2781895419398913,0.2992493181016391,-1374434.9199783274
2025-05-22 21:00:00,0.0,0.31733576249327894,0.29925761531888667,-1418973.4495906255
2025-05-22 22:00:00,0.0,0.247536991205172,0.29926586661667287,-1459869.966855673
2025-05-22 23:00:00,0.0,0.27401243121824975,0.2992740719907527,-1395074.9309745089
2025-05-23 00:00:00,0.0,0.23376328334676325,0.2992822314369048,-1449308.407307388
2025-05-23 01:00:00,0.0,0.23267283721912282,0.2992903449509315,-1482688.4020206628
2025-05-23 02:00:00,0.0,0.32341427385636606,0.29929841252865874,-1486263.7180042458
2025-05-23 03:00:00,0.0,0.2919184635570196,0.29930643416593605,-1377168.765582877
2025-05-23 04:00:00,0.0,0.2788895280300778,0.2993144098586366,-1383258.628232121
2025-05-23 05:00:00,0.0,0.2967904162464327,0.29932233960265725,-1335483.5119895393
2025-05-23 06:00:00,0.0,0.25349176667001266,0.2993302233939185,-1433854.9422543554
2025-05-23 07:00:00,0.1820686874404396,0.23886480938094776,0.2993380612283644,-1308934.5343433474
2025-05-23 08:00:00,0.35172969471454546,0.21686288973487342,0.2993458531019627,-1275022.0490020353
2025-05-23 09:00:00,0.4974209045546586,0.23263501525460212,0.2993535990107048,-1318092.8688152693
2025-05-23 10:00:00,0.6092137017762832,0.21649839973569046,0.29936129895060576,-1293675.5501210315
2025-05-23 11:00:00,0.6794895919950983,0.29808216456186093,0.29936895291770427,-1264181.4299639198
2025-05-23 12:00:00,0.703459389429091,0.24541710231738426,0.29937656090806264,-1247182.8152446002
2025-05-23 13:00:00,0.6794895919950983,0.25097564196827893,0.29938412291776684,-1278866.3153847815
2025-05-23 14:00:00,0.6092137017762833,0.23186785720260472,0.29939163894292664,-1265642.9267427365
2025-05-23 15:00:00,0.49742090455465865,0.2721585185519634,0.2993991089796752,-1286317.98445358
2025-05-23 16:00:00,0.35172969471454546,0.2810451856912084,0.2994065330241696,-1222730.9368036764
2025-05-23 17:00:00,0.1820686874404398,0.26160315644193327,0.29941391107259036,-1385252.2988153456
2025-05-23 18:00:00,8.614892895944878e-17,0.227197867099018,0.2994212431211419,-1317009.4915547487
2025-05-23 19:00:00,0.0,0.2472715368922836,0.29942852916605206,-1349586.409378282
2025-05-23 20:00:00,0.0,0.2044686879061932,0.2994357692035725,-1257725.6841853734
2025-05-23 21:00:00,0.0,0.283020551538517,0.29944296322997854,-1335525.809694262
2025-05-23 22:00:00,0.0,0.2062494170377513,0.2994501112415691,-1517449.3405077695
2025-05-23 23:00:00,0.0,0.26783944144815275,0.2994572132346669,-1431719.680845104
2025-05-24 00:00:00,0.0,0.2827504527552858,0.29946426920561814,-1459590.705996383
2025-05-24 01:00:00,0.0,0.23441311224939848,0.29947127915079286,-1366123.2724277864
2025-05-24 02:00:00,0.0,0.3005422816445714,0.2994782430665847,-1477527.613221004
2025-05-24 03:00:00,0.0,0.27156892477696404,0.299485160949411,-1504730.9128426497
2025-05-24 04:00:00,0.0,0.23528971336991905,0.29949203279571285,-1493006.1445460012
2025-05-24 05:00:00,0.0,0.31510268866813107,0.2994988586019549,-1461580.776520126
2025-05-24 06:00:00,0.0,0.258930053722847,0.29950563836462557,-1383780.087113485
2025-05-24 07:00:00,0.1828622076870845,0.2672923206597514,0.29951237208023695,-1322204.6017885325
2025-05-24 08:00:00,0.3532626581143806,0.2661004520787461,0.2995190597453248,-1161552.850650075
2025-05-24 09:00:00,0.49958884218532695,0.32057741803327694,0.2995257013564485,-1266437.7667410504
2025-05-24 10:00:00,0.6118688722709411,0.25885095562268534,0.2995322969101914,-1260721.7223650946
2025-05-24 11:00:00,0.6824510498724116,0.24069236712405617,0.29953884640316025,-1271981.8648957885
2025-05-24 12:00:00,0.7065253162287612,0.31225356738287374,0.2995453498319855,-1280274.5713266528
2025-05-24 13:00:00,0.6824510498724116,0.2459295289442683,0.2995518071933216,-1253599.8283304994
2025-05-24 14:00:00,0.6118688722709412,0.22089893959246942,0.29955821848384634,-1249433.1566776289
2025-05-24 15:00:00,0.49958884218532706,0.24355345846203966,0.2995645837002614,-1229533.712958746
2025-05-24 16:00:00,0.3532626581143806,0.21086075181507377,0.2995709028392922,-1132929.0663665882
2025-05-24 17:00:00,0.1828622076870847,0.2274619636707494,0.29957717589768773,-1258551.1133572278
2025-05-24 18:00:00,8.652439670361241e-17,0.23826010280810206,0.2995834028722208,-1320516.1182518636
2025-05-24 19:00:00,0.0,0.29226332377571085,0.29958958375968775,-1363631.4201753242
2025-05-24 20:00:00,0.0,0.21338285618792088,0.2995957185569089,-1383456.1306045786
2025-05-24 21:00:00,0.0,0.32007607433765684,0.29960180726072816,-1424916.2403293971
2025-05-24 22:00:00,0.0,0.2505534870156663,0.29960784986801303,-1481958.2107056833
2025-05-24 23:00:00,0.0,0.25944034144439065,0.29961384637565486,-1461704.8796124363
2025-05-25 00:00:00,0.0,0.31460913334967777,0.29961979678056877,-1446888.8262800311
2025-05-25 01:00:00,0.0,0.2986022339649203,0.29962570107969344,-1463564.4973488732
2025-05-25 02:00:00,0.0,0.2035969788268498,0.29963155926999135,-1375019.764181943
2025-05-25 03:00:00,0.0,0.3187309161843038,0.29963737134844876,-1445819.4654911878
2025-05-25 04:00:00,0.0,0.31917921254827086,0.2996431373120754,-1420711.0155361781
2025-05-25 05:00:00,0.0,0.2017492063539599,0.2996488571579052,-1265719.4975102472
2025-05-25 06:00:00,0.0,0.3102863009864764,0.29965453088299526,-1356246.1168093549
2025-05-25 07:00:00,0.18363030204091568,0.3105798590068349,0.2996601584844269,-1309048.5213107287
2025-05-25 08:00:00,0.3547465024611653,0.2018658992826878,0.29966573995930473,-1247519.1822902926
2025-05-25 09:00:00,0.5016873149850005,0.3028624957890991,0.2996712753047575,-1403600.4833744352
2025-05-25 10:00:00,0.6144389660700961,0.24468226430625686,0.29967676451793734,-1263217.59131341
2025-05-25 11:00:00,0.6853176170259163,0.2398039328989962,0.2996822075960204,-1279823.9133355196
2025-05-25 12:00:00,0.7094930049223307,0.21716404419330576,0.2996876045362063,-1205356.2547650519
2025-05-25 13:00:00,0.6853176170259163,0.3146088380573802,0.29969295533571866,-1130076.4087910252
2025-05-25 14:00:00,0.6144389660700962,0.2539005602006201,0.29969825999180466,-1226885.924472359
2025-05-25 15:00:00,0.5016873149850006,0.2464462584117269,0.29970351850173527,-1245191.868741986
2025-05-25 16:00:00,0.3547465024611653,0.2428905239726601,0.29970873086280514,-1303312.439798541
2025-05-25 17:00:00,0.18363030204091588,0.25626269238977445,0.2997138970723328,-1319849.4668738288
2025-05-25 18:00:00,8.688783374955697e-17,0.24208324718895918,0.2997190171276604,-1346092.3322613887
2025-05-25 19:00:00,0.0,0.2710577364228302,0.2997240910261539,-1406985.6583463277
2025-05-25 20:00:00,0.0,0.22866411702394399,0.299729118765203,-1280966.5912654814
2025-05-25 21:00:00,0.0,0.26954050893493264,0.29973410034222103,-1491525.687892803
2025-05-25 22:00:00,0.0,0.309767280418556,0.2997390357546453,-1354435.5287741432
2025-05-25 23:00:00,0.0,0.31567045212667183,0.29974392499993663,-1447609.9871380539
2025-05-26 00:00:00,0.0,0.22244400434920422,0.29974876807557976,-1389357.1966028423
2025-05-26 01:00:00,0.0,0.2839009956026157,0.29975356497908306,-1379452.9288857614
2025-05-26 02:00:00,0.0,0.23064910835911892,0.29975831570797884,-1489253.187679317
2025-05-26 03:00:00,0.0,0.21554416070692048,0.299763020259823,-1470423.4307639126
2025-05-26 04:00:00,0.0,0.2783501658717375,0.2997676786321951,-1382132.7925166127
2025-05-26 05:00:00,0.0,0.24243015985282138,0.29977229082269874,-1439340.680839853
2025-05-26 06:00:00,0.0,0.21254512285245003,0.2997768568289611,-1322197.9969004737
2025-05-26 07:00:00,0.18437274289899924,0.2786822093084876,0.2997813766486332,-1350840.1772683219
2025-05-26 08:00:00,0.3561807880597956,0.28209482303050826,0.2997858502793896,-1268470.6726679807
2025-05-26 09:00:00,0.5037157011308998,0.23569790010515604,0.29979027771892897,-1258147.4020578724
2025-05-26 10:00:00,0.6169232215994881,0.30154499024134057,0.2997946589649735,-1305872.0183017657
2025-05-26 11:00:00,0.6880884440298991,0.29526672822755357,0.29979899401526927,-1203260.0347142643
2025-05-26 12:00:00,0.7123615761195912,0.30860724801774375,0.299803282867586,-1120858.7861132831
2025-05-26 13:00:00,0.6880884440298991,0.21382385684925873,0.2998075255197173,-1266683.2498606616
2025-05-26 14:00:00,0.6169232215994882,0.2875333585336291,0.2998117219694804,-1180000.2628231626
2025-05-26 15:00:00,0.5037157011308999,0.3125704088310624,0.2998158722147165,-1263471.8209630104
2025-05-26 16:00:00,0.3561807880597956,0.27746035894655735,0.29981997625329043,-1210126.5971713122
2025-05-26 17:00:00,0.18437274289899944,0.24610886066387333,0.29982403408309083,-1306354.2024203292
2025-05-26 18:00:00,8.72391324030421e-17,0.2326780289100165,0.29982804570203014,-1365509.5462501768
2025-05-26 19:00:00,0.0,0.2839527104141415,0.2998320111080445,-1313150.2424665338
2025-05-26 20:00:00,0.0,0.2191842152910949,0.2998359302990939,-1332621.3067480405
2025-05-26 21:00:00,0.0,0.2557342435691801,0.299839803273162,-1307316.4270318842
2025-05-26 22:00:00,0.0,0.3057285937098197,0.29984363002825637,-1380615.1375152695
2025-05-26 23:00:00,0.0,0.21730193667292405,0.2998474105624083,-1394817.761154638
2025-05-27 00:00:00,0.0,0.293712258330847,0.29985114487367287,-1548647.7369061164
2025-05-27 01:00:00,0.0,0.2002837735041061,0.2998548329601289,-1508291.797350568
2025-05-27 02:00:00,0.0,0.2883863224343561,0.299858474819879,-1550772.3882884765
2025-05-27 03:00:00,0.0,0.2561108123490172,0.2998620704510496,-1398520.1788224282
2025-05-27 04:00:00,0.0,0.19991060775050698,0.2998656198517909,-1480635.560334779
2025-05-27 05:00:00,0.0,0.2118103472083493,0.2998691230202769,-1483100.2090307164
2025-05-27 06:00:00,0.0,0.2659171666129825,0.2998725799547053,-1338738.073104389
2025-05-27 07:00:00,0.1850893102600858,0.2272074098175171,0.2998759906532977,-1356154.9328931756
2025-05-27 08:00:00,0.3575650899004942,0.19934574449168194,0.29987935511429936,-1254005.076730427
2025-05-27 09:00:00,0.5056733995684339,0.31447448976191095,0.29988267333597945,-1248703.1434396703
2025-05-27 10:00:00,0.6193209027205893,0.28130934936173246,0.29988594531663093,-1347962.2557941095
2025-05-27 11:00:00,0.6907627098285197,0.21319607675669766,0.29988917105457036,-1232580.8489639605
2025-05-27 12:00:00,0.7151301798009885,0.2507631584324234,0.2998923505481384,-1196607.4596627075
2025-05-27 13:00:00,0.6907627098285197,0.23568128684866485,0.2998954837956992,-1215637.7895739845
2025-05-27 14:00:00,0.6193209027205893,0.23188498793512982,0.29989857079564086,-1152645.115435302
2025-05-27 15:00:00,0.5056733995684339,0.27300265166727233,0.2999016115463753,-1273112.2160319027
2025-05-27 16:00:00,0.3575650899004942,0.19983528951143595,0.29990460604633806,-1371859.5981196032
2025-05-27 17:00:00,0.185089310260086,0.2847885306240813,0.2999075542939887,-1210069.6474789463
2025-05-27 18:00:00,8.757818856669517e-17,0.2929505049898864,0.2999104562878104,-1285854.725470987
2025-05-27 19:00:00,0.0,0.2696287120052066,0.2999133120263102,-1252847.997019344
2025-05-27 20:00:00,0.0,0.22056602964387184,0.299916121508019,-1432924.5285649034
2025-05-27 21:00:00,0.0,0.20678927036637607,0.29991888473149136,-1472562.603700971
2025-05-27 22:00:00,0.0,0.25129504543449727,0.2999216016953058,-1419941.3531896935
2025-05-27 23:00:00,0.0,0.22585163914721365,0.2999242723980644,-1357590.241549709
2025-05-28 00:00:00,0.0,0.2597353199185472,0.2999268968383934,-1428586.1595172265
2025-05-28 01:00:00,0.0,0.3048003371365499,0.29992947501494244,-1496398.613866127
2025-05-28 02:00:00,0.0,0.2329378981934843,0.2999320069263853,-1439930.531330219
2025-05-28 03:00:00,0.0,0.2087367749776154,0.2999344925714193,-1378309.783830406
2025-05-28 04:00:00,0.0,0.2772245016083569,0.29993693194876564,-1482721.2559704497
2025-05-28 05:00:00,0.0,0.26094952052537845,0.2999393250571696,-1438413.8361509508
2025-05-28 06:00:00,0.0,0.23604855629669005,0.2999416718953997,-1368487.2333303776
2025-05-28 07:00:00,0.18577979178980142,0.29087864035794536,0.29994397246224885,-1287823.6388929195
2025-05-28 08:00:00,0.35889899778475004,0.31266807114382733,0.2999462267565334,-1318433.802013424
2025-05-28 09:00:00,0.5075598301893048,0.2506999918376714,0.2999484347770935,-1233528.6412332528
2025-05-28 10:00:00,0.621631298948737,0.22716958307792548,0.29995059652279343,-1264514.4952804437
2025-05-28 11:00:00,0.6933396219791064,0.20248706648110376,0.2999527119925209,-1295755.5185519457
2025-05-28 12:00:00,0.7177979955695002,0.2702642181452507,0.29995478118518754,-1209674.9844908249
2025-05-28 13:00:00,0.6933396219791064,0.3131707436618397,0.299956804099729,-1157973.8071987105
2025-05-28 14:00:00,0.6216312989487371,0.24251577013458622,0.29995878073510457,-1198385.8743351807
2025-05-28 15:00:00,0.507559830189305,0.26972891032326146,0.29996071109029715,-1252615.6871127351
2025-05-28 16:00:00,0.35889899778475004,0.2812232261547437,0.29996259516431384,-1199144.217533958
2025-05-28 17:00:00,0.18577979178980164,0.20742690722179266,0.29996443295618525,-1301612.5960789712
2025-05-28 18:00:00,8.790490177085743e-17,0.2670202341943272,0.29996622446496596,-1393030.232262341
2025-05-28 19:00:00,0.0,0.2462115777809633,0.2999679696897343,-1341082.9236659622
2025-05-28 20:00:00,0.0,0.2636383351559204,0.29996966862959246,-1395398.6232596233
2025-05-28 21:00:00,0.0,0.22711852757185147,0.2999713212836663,-1480830.5379032178
2025-05-28 22:00:00,0.0,0.24098979937188017,0.2999729276511057,-1476633.9307855216
2025-05-28 23:00:00,0.0,0.28286821858191674,0.29997448773108426,-1391336.6505337688
2025-05-29 00:00:00,0.0,0.2328693520827468,0.2999760015227993,-1473073.209402473
2025-05-29 01:00:00,0.0,0.2202755557744755,0.29997746902547207,-1506110.684974158
2025-05-29 02:00:00,0.0,0.19576433528354228,0.29997889023834756,-1395465.339178716
2025-05-29 03:00:00,0.0,0.26054793512655067,0.2999802651606947,-1516115.2942951112
2025-05-29 04:00:00,0.0,0.2628968653690633,0.2999815937918061,-1372110.1597547184
2025-05-29 05:00:00,0.0,0.30931351331990325,0.29998287613099817,-1347429.2958189012
2025-05-29 06:00:00,0.0,0.24186402250261335,0.29998411217761134,-1398402.6381409364
2025-05-29 07:00:00,0.18644398288356712,0.2900090479000824,0.29998530193100953,-1469965.634861929
2025-05-29 08:00:00,0.360182116446869,0.27140183541214846,0.29998644539058084,-1259049.1307560222
2025-05-29 09:00:00,0.5093744340034075,0.219292335963368,0.2999875425557369,-1307919.8879645104
2025-05-29 10:00:00,0.6238537256636668,0.2334896500320021,0.29998859342591333,-1239445.3537251202
2025-05-29 11:00:00,0.6958184168869748,0.23639303497668637,0.29998959800056946,-1241810.6143209478
2025-05-29 12:00:00,0.7203642328937381,0.20162353110827197,0.2999905562791884,-1103232.0663240815
2025-05-29 13:00:00,0.6958184168869748,0.2850126406847423,0.29999146826127726,-1290852.4208799542
2025-05-29 14:00:00,0.6238537256636669,0.30483675727429904,0.2999923339463669,-1176264.5173399176
2025-05-29 15:00:00,0.5093744340034077,0.29736736465336444,0.29999315333401183,-1287765.1504258113
2025-05-29 16:00:00,0.360182116446869,0.23062117947623698,0.2999939264237906,-1278809.6808852465
2025-05-29 17:00:00,0.18644398288356734,0.2295538161962931,0.2999946532153054,-1250033.2028031647
2025-05-29 18:00:00,8.821917520335547e-17,0.2828938561485321,0.29999533370818243,-1382276.6112364384
2025-05-29 19:00:00,0.0,0.3061057772415341,0.29999596790207156,-1250054.9966599534
2025-05-29 20:00:00,0.0,0.3041831613928738,0.29999655579664647,-1381135.134660674
2025-05-29 21:00:00,0.0,0.3053081272116727,0.2999970973916048,-1445808.593578956
2025-05-29 22:00:00,0.0,0.24138093141593658,0.29999759268666787,-1433091.1348065673
2025-05-29 23:00:00,0.0,0.21035953162102905,0.2999980416815809,-1434949.5897604036
2025-05-30 00:00:00,0.0,0.27401161469939156,0.29999844437611284,-1485343.0905151
2025-05-30 01:00:00,0.0,0.23596042206641482,0.2999988007700566,-1462530.962391285
2025-05-30 02:00:00,0.0,0.30185926259405205,0.2999991108632288,-1388136.0499378513
2025-05-30 03:00:00,0.0,0.23787837515061713,0.29999937465546983,-1435244.9023985758
2025-05-30 04:00:00,0.0,0.249462040791741,0.2999995921466441,-1440351.194822857
2025-05-30 05:00:00,0.0,0.28140131777713046,0.2999997633366397,-1297611.7585496847
2025-05-30 06:00:00,0.0,0.21325500027723734,0.2999998882253685,-1405933.363750243
2025-05-30 07:00:00,0.1870816867272273,0.28851605841023886,0.29999996681276625,-1368910.5330240184
2025-05-30 08:00:00,0.3614140656710993,0.25420180901163225,0.2999999990987926,-1344169.7139495974
2025-05-30 09:00:00,0.5111166733044691,0.25009823460200187,0.29999998508343084,-1220978.1971039108
2025-05-30 10:00:00,0.6259875243123789,0.21928040732825113,0.2999999247666883,-1215811.3661556554
2025-05-30 11:00:00,0.6981983600316964,0.25090142170827406,0.29999981814859583,-1224301.313026776
2025-05-30 12:00:00,0.7228281313421987,0.21458862688667127,0.29999966522920846,-1272173.3908494965
2025-05-30 13:00:00,0.6981983600316964,0.2222155427773329,0.2999994660086048,-1244298.3203029134
2025-05-30 14:00:00,0.6259875243123789,0.2479327229052628,0.2999992204868873,-1257722.44616356
2025-05-30 15:00:00,0.5111166733044692,0.29938987431064484,0.2999989286641823,-1270821.3495633795
2025-05-30 16:00:00,0.3614140656710993,0.24646308345452697,0.29999859054064,-1225009.887277952
2025-05-30 17:00:00,0.18708168672722753,0.192957738644012,0.2999982061164342,-1365154.9587171846
2025-05-30 18:00:00,8.852091573818862e-17,0.20695910363486533,0.29999777539176276,-1343668.774141163
2025-05-30 19:00:00,0.0,0.2345316892936807,0.29999729836684735,-1369555.704199874
2025-05-30 20:00:00,0.0,0.25463844359233584,0.29999677504193323,-1410693.7623594713
2025-05-30 21:00:00,0.0,0.26914381972035867,0.2999962054172897,-1360118.606311693
2025-05-30 22:00:00,0.0,0.1975016896723668,0.2999955894932098,-1459738.108028612
2025-05-30 23:00:00,0.0,0.2566791316388599,0.2999949272700105,-1448752.384803651
2025-05-31 00:00:00,0.0,0.2449815629038006,0.2999942187480323,-1410185.6443678986
2025-05-31 01:00:00,0.0,0.265656999138799,0.29999346392763976,-1505470.5068216815
2025-05-31 02:00:00,0.0,0.26239122185393804,0.2999926628092213,-1558848.30950029
2025-05-31 03:00:00,0.0,0.2099632214971207,0.29999181539318903,-1425724.0068895034
2025-05-31 04:00:00,0.0,0.21736124890896225,0.2999909216799788,-1417084.474076144
2025-05-31 05:00:00,0.0,0.26296366390093207,0.2999899816700506,-1417428.501045393
2025-05-31 06:00:00,0.0,0.30270849811269657,0.29998899536388784,-1295713.3349001447
2025-05-31 07:00:00,0.18769271435537038,0.2556999519749161,0.29998796276199796,-1386388.3650054666
2025-05-31 08:00:00,0.3625944804042984,0.2545445067643955,0.2999868838649123,-1362554.6295100634
2025-05-31 09:00:00,0.5127860318293843,0.28335983162059786,0.2999857586731858,-1320306.1461849997
2025-05-31 10:00:00,0.6280320626042826,0.27759057540029436,0.29998458718739734,-1228826.6811735064
2025-05-31 11:00:00,0.7004787461847548,0.2740451066455161,0.2999833694081497,-1314313.3189077375
2025-05-31 12:00:00,0.7251889608085968,0.27568997949119284,0.2999821053360692,-1235596.5000967262
2025-05-31 13:00:00,0.7004787461847548,0.19353325540362465,0.29998079497180635,-1186021.087470055
2025-05-31 14:00:00,0.6280320626042826,0.21159624089652931,0.2999794383160352,-1331522.6257708678
2025-05-31 15:00:00,0.5127860318293843,0.2072706734393385,0.29997803536945367,-1225595.3987313313
2025-05-31 16:00:00,0.3625944804042984,0.20154518999404986,0.2999765861327835,-1310027.5510853361
2025-05-31 17:00:00,0.1876927143553706,0.286881345029542,0.2999750906067703,-1314717.534921158
2025-05-31 18:00:00,8.881003396312436e-17,0.2955851765270872,0.2999735487921835,-1358555.7539506936
2025-05-31 19:00:00,0.0,0.25131834108523565,0.29997196068981624,-1372065.4523807561
2025-05-31 20:00:00,0.0,0.26293541527895126,0.29997032630048553,-1356004.9031787827
2025-05-31 21:00:00,0.0,0.26540648950758616,0.2999686456250323,-1432622.6201202883
2025-05-31 22:00:00,0.0,0.23841815533806918,0.29996691866432107,-1444157.2938276303
2025-05-31 23:00:00,0.0,0.23191956227779664,0.2999651454192403,-1476139.5090775979
2025-06-01 00:00:00,0.0,0.22011723480441525,0.2999633258907023,-1516216.9766031266
2025-06-01 01:00:00,0.0,0.2441558485720348,0.2999614600796432,-1463648.5020129355
2025-06-01 02:00:00,0.0,0.25144681494027177,0.29995954798702273,-1450197.8745845282
2025-06-01 03:00:00,0.0,0.25418924965377865,0.29995758961382474,-1422775.9718454133
2025-06-01 04:00:00,0.0,0.19777742924379138,0.2999555849610566,-1419725.4117871344
2025-06-01 05:00:00,0.0,0.20577409063279836,0.2999535340297498,-1501335.3940556822
2025-06-01 06:00:00,0.0,0.2756946233584963,0.2999514368209592,-1379472.7846154212
2025-06-01 07:00:00,0.18827688470732307,0.25241716909853523,0.299949293335764,-1327339.5649870723
2025-06-01 08:00:00,0.36372301086410536,0.26277770856618365,0.29994710357526677,-1398601.4279840672
2025-06-01 09:00:00,0.5143820149111944,0.283295744235042,0.29994486754059413,-1338758.8322816812
2025-06-01 10:00:00,0.6299867346985573,0.18921406976024846,0.29994258523289635,-1210627.571360407
2025-06-01 11:00:00,0.7026588996185176,0.2890904746467614,0.2999402566533477,-1235669.9926306722
2025-06-01 12:00:00,0.7274460217282108,0.2048596613871535,0.29993788180314607,-1274716.4081029561
2025-06-01 13:00:00,0.7026588996185176,0.29306286577363627,0.2999354606835132,-1244965.7540137009
2025-06-01 14:00:00,0.6299867346985574,0.2269098525201382,0.2999329932956947,-1136916.2439057475
2025-06-01 15:00:00,0.5143820149111945,0.2600792409166737,0.2999304796409599,-1178861.9021257022
2025-06-01 16:00:00,0.36372301086410536,0.20355332387243277,0.2999279197206021,-1322424.814983275
2025-06-01 17:00:00,0.1882768847073233,0.28678320467545826,0.29992531353593815,-1213786.2752599698
2025-06-01 18:00:00,8.908644420619293e-17,0.21419902767692353,0.2999226610883089,-1325306.1780826524
2025-06-01 19:00:00,0.0,0.2822980219910121,0.2999199623790788,-1357175.6061631616
2025-06-01 20:00:00,0.0,0.19699668105983867,0.2999172174096364,-1296229.8965569488
2025-06-01 21:00:00,0.0,0.290264974348569,0.29991442618139375,-1340376.222011029
2025-06-01 22:00:00,0.0,0.26449530102248053,0.29991158869578693,-1332390.2560832954
2025-06-01 23:00:00,0.0,0.2330471552077494,0.29990870495427563,-1467358.543641536
2025-06-02 00:00:00,0.0,0.22795620689476273,0.2999057749583434,-1454972.535873173
2025-06-02 01:00:00,0.0,0.19650971410037885,0.29990279870949765,-1433170.4646919717
2025-06-02 02:00:00,0.0,0.27769264950980815,0.29989977620926955,-1469301.1328718646
2025-06-02 03:00:00,0.0,0.28018047988052347,0.29989670745921404,-1400977.4078559892
2025-06-02 04:00:00,0.0,0.19685765069563987,0.2998935924609099,-1429513.1829342286
2025-06-02 05:00:00,0.0,0.27155966759893924,0.29989043121595965,-1333040.183026712
2025-06-02 06:00:00,0.0,0.19334622288915881,0.2998872237259896,-1316607.7589983577
2025-06-02 07:00:00,0.18883402468080263,0.21081676664529458,0.2998839699926499,-1286739.4172890305
2025-06-02 08:00:00,0.3647993226425892,0.214159502141856,0.2998806700176145,-1384968.5951537322
2025-06-02 09:00:00,0.5159041496256681,0.23512488076780164,0.2998773238025809,-1221403.2413574983
2025-06-02 10:00:00,0.631850961383676,0.2826916410310307,0.29987393134927093,-1235833.4631149261
2025-06-02 11:00:00,0.7047381743064708,0.26536546651383947,0.2998704926594296,-1253966.151621006
2025-06-02 12:00:00,0.7295986452851784,0.2365100883553018,0.2998670077348261,-1124697.6480943721
2025-06-02 13:00:00,0.7047381743064708,0.2599233693671389,0.29986347657725326,-1225349.6815766774
2025-06-02 14:00:00,0.6318509613836761,0.20421860423299176,0.2998598991885278,-1307255.4482269627
2025-06-02 15:00:00,0.5159041496256682,0.19147656397861854,0.29985627557048994,-1229620.8087257221
2025-06-02 16:00:00,0.3647993226425892,0.2569639993358777,0.29985260572500405,-1307204.9877496134
2025-06-02 17:00:00,0.18883402468080285,0.24763549217838837,0.2998488896539581,-1253633.7215464418
2025-06-02 18:00:00,8.93500645610739e-17,0.23718761347024325,0.29984512735926383,-1290320.9709932723
2025-06-02 19:00:00,0.0,0.2733328407150909,0.29984131884285675,-1337767.446901223
2025-06-02 20:00:00,0.0,0.26992614164596324,0.29983746410669626,-1382988.3281594592
2025-06-02 21:00:00,0.0,0.2336587669868131,0.29983356315276544,-1305275.6187499291
2025-06-02 22:00:00,0.0,0.223065257666406,0.2998296159830712,-1350151.9831523416
2025-06-02 23:00:00,0.0,0.2072580618935825,0.2998256225996441,-1453647.2623458446
2025-06-03 00:00:00,0.0,0.2716460859651972,0.2998215830045387,-1407481.784830111
2025-06-03 01:00:00,0.0,0.21974464038919886,0.2998174971998332,-1446082.4236333105
2025-06-03 02:00:00,0.0,0.2382589049086636,0.2998133651876295,-1430747.0127693051
2025-06-03 03:00:00,0.0,0.20490326553160546,0.2998091869700534,-1390761.403122387
2025-06-03 04:00:00,0.0,0.2012048335758482,0.29980496254925443,-1431630.017255431
2025-06-03 05:00:00,0.0,0.2078847114821804,0.2998006919274058,-1403101.5987470546
2025-06-03 06:00:00,0.0,0.19802284784091412,0.29979637510670476,-1376216.7999083821
2025-06-03 07:00:00,0.18936396918321088,0.22500868964954965,0.299792012089372,-1402222.1712296272
2025-06-03 08:00:00,0.36582309680534125,0.2328109428451495,0.29978760287765216,-1335450.4798771595
2025-06-03 09:00:00,0.5173519849314393,0.25833606076237275,0.29978314747381357,-1250592.9328462847
2025-06-03 10:00:00,0.6336241902490389,0.2563754719836929,0.29977864588014835,-1339771.1112449267
2025-06-03 11:00:00,0.7067159541146503,0.2215519689689913,0.29977409809897243,-1311019.6204812955
2025-06-03 12:00:00,0.7316461936106826,0.27921301451769764,0.29976950413262554,-1316520.734780205
2025-06-03 13:00:00,0.7067159541146503,0.29555801248266705,0.29976486398347085,-1111049.0298894558
2025-06-03 14:00:00,0.633624190249039,0.2191126632198425,0.2997601776538958,-1183643.3035123476
2025-06-03 15:00:00,0.5173519849314394,0.217188756451537,0.29975544514631114,-1206617.7523341635
2025-06-03 16:00:00,0.36582309680534125,0.2793803961838323,0.2997506664631516,-1261582.2448557222
2025-06-03 17:00:00,0.18936396918321108,0.26162596329045285,0.29974584160687573,-1158231.2717265794
2025-06-03 18:00:00,8.96008169113667e-17,0.2514497061594135,0.29974097057996557,-1423264.0501305803
2025-06-03 19:00:00,0.0,0.2927233587906273,0.2997360533849271,-1304770.0412108542
2025-06-03 20:00:00,0.0,0.19520030299791596,0.29973109002429005,-1229740.5483348616
2025-06-03 21:00:00,0.0,0.2625564155386463,0.2997260805006079,-1334304.2928747754
2025-06-03 22:00:00,0.0,0.20137373485571833,0.2997210248164578,-1430381.61038167
2025-06-03 23:00:00,0.0,0.27261929214914193,0.2997159229744407,-1482763.7271978895
2025-06-04 00:00:00,0.0,0.27917115789714314,0.2997107749771813,-1406022.9557422576
2025-06-04 01:00:00,0.0,0.20903611101739206,0.29970558082732807,-1419572.3562027074
2025-06-04 02:00:00,0.0,0.19748442271580674,0.2997003405275532,-1401468.1778493107
2025-06-04 03:00:00,0.0,0.28474355496595166,0.29969505408055247,-1413109.1084695118
2025-06-04 04:00:00,0.0,0.19181636023261128,0.29968972148904577,-1385837.192867328
2025-06-04 05:00:00,0.0,0.2419869211483711,0.2996843427557763,-1373365.2062621026
2025-06-04 06:00:00,0.0,0.237440860396777,0.29967891788351136,-1414724.3270159827
2025-06-04 07:00:00,0.1898665611805546,0.2598029917318694,0.29967344687504177,-1409580.964643298
2025-06-04 08:00:00,0.36679402998598226,0.27734846714197525,0.29966792973318207,-1328668.1922683679
2025-06-04 09:00:00,0.5187250918036599,0.2897926363202502,0.29966236646077066,-1272342.5199671143
2025-06-04 10:00:00,0.6353058958486636,0.2702536243147853,0.2996567570606697,-1365086.4465071845
2025-06-04 11:00:00,0.7085916529842144,0.20103772635166622,0.2996511015357649,-1368961.1575003776
2025-06-04 12:00:00,0.7335880599719646,0.2563347813563433,0.2996453998889658,-1174043.2629201598
2025-06-04 13:00:00,0.7085916529842144,0.22729378357402905,0.29963965212320576,-1296702.790086486
2025-06-04 14:00:00,0.6353058958486637,0.22762492146207453,0.2996338582414417,-1225097.8750711912
2025-06-04 15:00:00,0.5187250918036599,0.2289181249826281,0.29962801824665436,-1281568.654560809
2025-06-04 16:00:00,0.36679402998598226,0.23846449452711085,0.2996221321418482,-1253428.5005692327
2025-06-04 17:00:00,0.18986656118055478,0.2843438536432021,0.29961619993005134,-1269125.1747775779
2025-06-04 18:00:00,8.98386269537383e-17,0.23287565794675316,0.29961022161431566,-1344640.1988218883
2025-06-04 19:00:00,0.0,0.19815039550585284,0.2996041971977168,-1367537.4078521675
2025-06-04 20:00:00,0.0,0.2545418228028188,0.2995981266833541,-1402208.3491488136
2025-06-04 21:00:00,0.0,0.2349206342903844,0.2995920100743506,-1264670.274107441
2025-06-04 22:00:00,0.0,0.19724931733031828,0.29958584737385296,-1343823.026736599
2025-06-04 23:00:00,0.0,0.22101928721292705,0.2995796385850317,-1389429.335571898
2025-06-05 00:00:00,0.0,0.22495541174872666,0.2995733837110811,-1457138.148117097
2025-06-05 01:00:00,0.0,0.1870897859843032,0.2995670827552188,-1475374.6027343946
2025-06-05 02:00:00,0.0,0.29068351793608077,0.2995607357206866,-1425608.4988786222
2025-06-05 03:00:00,0.0,0.2053004163940005,0.29955434261074976,-1467438.9400309639
2025-06-05 04:00:00,0.0,0.26921905104395777,0.2995479034286972,-1429122.4535106388
2025-06-05 05:00:00,0.0,0.1862718881222443,0.2995414181778416,-1361096.3166760306
2025-06-05 06:00:00,0.0,0.25651513862415426,0.29953488686151947,-1279805.398829141
2025-06-05 07:00:00,0.19034165174397816,0.19824738224474334,0.29952830948309084,-1369283.0133053616
2025-06-05 08:00:00,0.3677118344760564,0.26062802323547485,0.2995216860459396,-1250240.3693841184
2025-06-05 09:00:00,0.5200230633611295,0.28578383033604826,0.2995150165534731,-1306657.6494854342
2025-06-05 10:00:00,0.6368955798568867,0.23232612025367902,0.2995083010091226,-1288883.041220808
2025-06-05 11:00:00,0.7103647151051078,0.22074621388809013,0.299501539416343,-1296172.9011334819
2025-06-05 12:00:00,0.7354236689521128,0.23278245443871046,0.29949473177861285,-1201745.5158752722
2025-06-05 13:00:00,0.7103647151051078,0.26630770096141887,0.2994878780994344,-1225309.666577848
2025-06-05 14:00:00,0.6368955798568868,0.2755099709699894,0.29948097838233356,-1224247.4362271756
2025-06-05 15:00:00,0.5200230633611296,0.2459635140726375,0.29947403263086003,-1239897.9626791466
2025-06-05 16:00:00,0.3677118344760564,0.21271756798607871,0.29946704084858705,-1182430.5133966396
2025-06-05 17:00:00,0.19034165174397838,0.18687115271191002,0.29946000303911163,-1251597.9016571057
2025-06-05 18:00:00,9.006342421994076e-17,0.23070799879355808,0.2994529192060545,-1264505.147468183
2025-06-05 19:00:00,0.0,0.27305120633254204,0.29944578935305993,-1376413.0774296026
2025-06-05 20:00:00,0.0,0.19542460256937624,0.29943861348379597,-1421881.5896497977
2025-06-05 21:00:00,0.0,0.2590004278199356,0.2994313916019543,-1414160.5266042985
2025-06-05 22:00:00,0.0,0.2587864963216373,0.2994241237112504,-1547273.9129167467
2025-06-05 23:00:00,0.0,0.19291444928026658,0.2994168098154231,-1414373.1810864892
2025-06-06 00:00:00,0.0,0.19326759403475322,0.2994094499182353,-1431017.7476428247
2025-06-06 01:00:00,0.0,0.23493407193986326,0.29940204402347326,-1469977.0514978191
2025-06-06 02:00:00,0.0,0.22451081689114286,0.29939459213494707,-1453797.0085171892
2025-06-06 03:00:00,0.0,0.26368553975208375,0.2993870942564904,-1427219.0080013722
2025-06-06 04:00:00,0.0,0.2433915975287173,0.2993795503919606,-1405752.3358652012
2025-06-06 05:00:00,0.0,0.18374615584017565,0.29937196054523874,-1420929.3628473138
2025-06-06 06:00:00,0.0,0.2467371336624964,0.29936432472022945,-1348411.097405454
2025-06-06 07:00:00,0.19078910009389433,0.1821509745237439,0.299356642920861,-1307007.9088289416
2025-06-06 08:00:00,0.36857623831028524,0.2170286979126332,0.29934891515108547,-1249595.714433684
2025-06-06 09:00:00,0.5212455149868633,0.21154851999934643,0.2993411414148785,-1294654.4847295526
2025-06-06 10:00:00,0.6383927712160286,0.26523016871660804,0.2993333217162392,-1264148.923701014
2025-06-06 11:00:00,0.7120346150807577,0.27539483559434913,0.29932545605919064,-1304446.6572472116
2025-06-06 12:00:00,0.7371524766205706,0.2703045819650891,0.29931754444777936,-1203946.608823637
2025-06-06 13:00:00,0.7120346150807577,0.25778021818110447,0.2993095868860755,-1313722.6887504554
2025-06-06 14:00:00,0.6383927712160287,0.18459960794126137,0.29930158337817303,-1255205.5709696119
2025-06-06 15:00:00,0.5212455149868634,0.19250857594307713,0.29929353392818936,-1241096.9065065845
2025-06-06 16:00:00,0.36857623831028524,0.18671530295737207,0.2992854385402656,-1219065.7536439744
2025-06-06 17:00:00,0.19078910009389452,0.21943845097459244,0.2992772972185665,-1458491.1610315305
2025-06-06 18:00:00,9.027514209769258e-17,0.21174273850624994,0.2992691099672804,-1294126.2482382443
2025-06-06 19:00:00,0.0,0.1959248774921055,0.29926087679061947,-1425030.4192186792
2025-06-06 20:00:00,0.0,0.22993482863973944,0.2992525976928192,-1319165.8157966414
2025-06-06 21:00:00,0.0,0.23408574208712848,0.2992442726781389,-1364969.37473015
2025-06-06 22:00:00,0.0,0.19226920453360605,0.2992359017508614,-1538063.4552137041
2025-06-06 23:00:00,0.0,0.24628157128822672,0.2992274849152934,-1448146.3747531543
2025-06-07 00:00:00,0.0,0.2430484705286458,0.29921902217576474,-1452600.9167375597
2025-06-07 01:00:00,0.0,0.25704376811581414,0.2992105135366294,-1510506.5373284305
2025-06-07 02:00:00,0.0,0.242031798497371,0.2992019590022646,-1512665.025420196
2025-06-07 03:00:00,0.0,0.21919787681390135,0.29919335857707136,-1459837.7230299662
2025-06-07 04:00:00,0.0,0.2585122592423018,0.2991847122654742,-1352151.1351905752
2025-06-07 05:00:00,0.0,0.1873827008972153,0.29917602007192146,-1482463.8315175695
2025-06-07 06:00:00,0.0,0.19919937663575651,0.2991672820008847,-1383466.4450812237
2025-06-07 07:00:00,0.1912087736417003,0.2181193897268639,0.2991584980568594,-1232254.3638058044
2025-06-07 08:00:00,0.3693869853471575,0.25830750620951526,0.29914966824436456,-1225695.37649093
2025-06-07 09:00:00,0.5223920844420619,0.1972595562923084,0.29914079256794285,-1336126.0536944983
2025-06-07 10:00:00,0.6397970262759773,0.20760094191861805,0.29913187103216027,-1214839.1907319243
2025-06-07 11:00:00,0.7136008580837623,0.2368550522087197,0.2991229036416067,-1205629.4652430138
2025-06-07 12:00:00,0.7387739706943152,0.23644825152451307,0.29911389040089553,-1295470.0964289187
2025-06-07 13:00:00,0.7136008580837623,0.27465167902371707,0.29910483131466364,-1189528.9377128356
2025-06-07 14:00:00,0.6397970262759773,0.19267036899252551,0.2990957263875716,-1134564.7269929477
2025-06-07 15:00:00,0.522392084442062,0.22333463725257588,0.29908657562430346,-1266155.633073481
2025-06-07 16:00:00,0.3693869853471575,0.23848787785553796,0.29907737902956705,-1271216.044869772
2025-06-07 17:00:00,0.1912087736417005,0.275614339661111,0.29906813660809356,-1340943.5870834407
2025-06-07 18:00:00,9.047371785041735e-17,0.25690478904103997,0.29905884836463786,-1330905.0120518028
2025-06-07 19:00:00,0.0,0.2557602464261167,0.2990495143039784,-1266459.2393546188
2025-06-07 20:00:00,0.0,0.24582770173791285,0.2990401344309172,-1417277.786352516
2025-06-07 21:00:00,0.0,0.18188198508579587,0.29903070875027976,-1319662.0928349006
2025-06-07 22:00:00,0.0,0.22827199960237188,0.29902123726691526,-1345754.708840806
2025-06-07 23:00:00,0.0,0.2142261018618269,0.29901171998569637,-1441553.8852651014
2025-06-08 00:00:00,0.0,0.2193649232251052,0.2990021569115194,-1440266.3986703467
2025-06-08 01:00:00,0.0,0.20937437171617604,0.29899254804930403,-1384449.1491923681
2025-06-08 02:00:00,0.0,0.2149484820934099,0.2989828934039938,-1500405.359518931
2025-06-08 03:00:00,0.0,0.24069713513047095,0.2989731929805556,-1490107.7996117324
2025-06-08 04:00:00,0.0,0.19082546772357767,0.29896344678397985,-1439894.6951288818
2025-06-08 05:00:00,0.0,0.18714358193591663,0.29895365481928066,-1386455.204401042
2025-06-08 06:00:00,0.0,0.23219151405468139,0.29894381709149553,-1388520.5852053184
2025-06-08 07:00:00,0.19160054802906656,0.2003414409343783,0.29893393360568554,-1388172.513170105
2025-06-08 08:00:00,0.3701438353448288,0.2669543594461558,0.2989240043669355,-1255691.385365383
2025-06-08 09:00:00,0.5234624319734508,0.2092013280250941,0.2989140293803535,-1307756.474317999
2025-06-08 10:00:00,0.6411079289256524,0.25404732884024495,0.2989040086510712,-1320912.6800882665
2025-06-08 11:00:00,0.7150629800025173,0.21535511847786176,0.29889394218424403,-1175770.784551722
2025-06-08 12:00:00,0.7402876706896577,0.23668172325689968,0.29888382998505064,-1140613.8723028537
2025-06-08 13:00:00,0.7150629800025173,0.2677697809639449,0.2988736720586934,-1251706.7383688455
2025-06-08 14:00:00,0.6411079289256525,0.1905392633551443,0.2988634684103982,-1167610.0743493615
2025-06-08 15:00:00,0.5234624319734509,0.17621709177721986,0.2988532190454144,-1277917.0974829989
2025-06-08 16:00:00,0.3701438353448288,0.22260724734293252,0.29884292396901485,-1333448.1304925485
2025-06-08 17:00:00,0.19160054802906676,0.18716739770580246,0.2988325831864959,-1301054.6468431742
2025-06-08 18:00:00,9.065909263583392e-17,0.27716791802483903,0.29882219670317756,-1260672.185419188
2025-06-08 19:00:00,0.0,0.2682891519093437,0.2988117645244032,-1327423.618892527
2025-06-08 20:00:00,0.0,0.2452256176145118,0.29880128665553984,-1399535.2995285057
2025-06-08 21:00:00,0.0,0.18542061504195784,0.2987907631019779,-1463020.0114648552
2025-06-08 22:00:00,0.0,0.26222233204382506,0.29878019386913124,-1422574.8535795463
2025-06-08 23:00:00,0.0,0.17523226211446252,0.2987695789624374,-1387253.7708713748
2025-06-09 00:00:00,0.0,0.1954769396727442,0.2987589183873572,-1464073.0355818854
2025-06-09 01:00:00,0.0,0.2680188248302755,0.29874821214937525,-1525652.5856729914
2025-06-09 02:00:00,0.0,0.24013539651333643,0.29873746025399933,-1508662.5224063525
2025-06-09 03:00:00,0.0,0.23193172166950243,0.29872666270676096,-1423791.3760571447
2025-06-09 04:00:00,0.0,0.2346644728318582,0.29871581951321496,-1407848.2179705894
2025-06-09 05:00:00,0.0,0.18925791851452645,0.2987049306789399,-1409435.309911383
2025-06-09 06:00:00,0.0,0.2646536794099322,0.29869399620953735,-1400486.7679406877
2025-06-09 07:00:00,0.1919643071647869,0.22967527566564147,0.2986830161106329,-1410205.2392390876
2025-06-09 08:00:00,0.37084656403231064,0.2298534584455628,0.29867199038787523,-1231158.349979098
2025-06-09 09:00:00,0.5244562404139561,0.24142599592808675,0.29866091904693676,-1429503.800109608
2025-06-09 10:00:00,0.642325090716307,0.24755269206831862,0.2986498020935132,-1323291.3002775211
2025-06-09 11:00:00,0.7164205475787431,0.2580803149384514,0.2986386395333237,-1218846.522749648
2025-06-09 12:00:00,0.7416931280646213,0.22293156128686364,0.298627431372111,-1171370.2711346096
2025-06-09 13:00:00,0.7164205475787431,0.27164384054031665,0.2986161776156413,-1244241.8058078003
2025-06-09 14:00:00,0.6423250907163071,0.274582522173706,0.2986048782697041,-1259031.5514924754
2025-06-09 15:00:00,0.5244562404139562,0.18773856095373945,0.2985935333401126,-1217413.862813408
2025-06-09 16:00:00,0.37084656403231064,0.27418517825155697,0.29858214283270323,-1289842.2345449338
2025-06-09 17:00:00,0.19196430716478713,0.19613963858035258,0.29857070675333586,-1314410.1102117563
2025-06-09 18:00:00,9.083121152339264e-17,0.219599993018829,0.29855922510789407,-1249151.7352403945
2025-06-09 19:00:00,0.0,0.21189576615998892,0.2985476979022846,-1342375.0801114195
2025-06-09 20:00:00,0.0,0.23724242541793134,0.2985361251424377,-1356872.362577314
2025-06-09 21:00:00,0.0,0.18216868330064453,0.29852450683430726,-1514517.6243363423
2025-06-09 22:00:00,0.0,0.22200902799062877,0.29851284298387026,-1373204.735056152
2025-06-09 23:00:00,0.0,0.18863276525707182,0.2985011335971273,-1477563.7321260842
2025-06-10 00:00:00,0.0,0.22477793157572187,0.29848937868010256,-1374446.4980988011
2025-06-10 01:00:00,0.0,0.2410120371292176,0.2984775782388433,-1431370.9402176414
2025-06-10 02:00:00,0.0,0.21434022175290443,0.29846573227942036,-1484555.4766453083
2025-06-10 03:00:00,0.0,0.27265528189091326,0.2984538408079281,-1482193.4794453932
2025-06-10 04:00:00,0.0,0.2327672412228006,0.29844190383048413,-1419926.8354955786
2025-06-10 05:00:00,0.0,0.18863922589584828,0.29842992135322965,-1410129.762163776
2025-06-10 06:00:00,0.0,0.23702306754538682,0.2984178933823291,-1419810.6509639416
2025-06-10 07:00:00,0.19229994325917893,0.23375006372094076,0.29840581992397036,-1273990.3331783267
2025-06-10 08:00:00,0.3714949631759267,0.1821909184229401,0.2983937009843648,-1321561.6276685542
2025-06-10 09:00:00,0.525373215276689,0.2517783770299243,0.29838153656974714,-1274557.3870227826
2025-06-10 10:00:00,0.6434481509766341,0.17536469207029795,0.2983693266863754,-1255907.1103018385
2025-06-10 11:00:00,0.717673158535868,0.24719177411931811,0.29835707134053113,-1276723.6907842925
2025-06-10 12:00:00,0.7429899263518535,0.26172322760040184,0.2983447705385192,-1237836.0454179905
2025-06-10 13:00:00,0.717673158535868,0.2389665211321924,0.2983324242866679,-1199536.9977244835
2025-06-10 14:00:00,0.6434481509766342,0.20016345708892563,0.29832003259132883,-1298057.9578602775
2025-06-10 15:00:00,0.5253732152766891,0.24440535817794617,0.2983075954588771,-1106239.5137662208
2025-06-10 16:00:00,0.3714949631759267,0.198114062280773,0.29829511289571103,-1243876.1895200263
2025-06-10 17:00:00,0.19229994325917915,0.19580237827930028,0.29828258490825243,-1199374.8874639708
2025-06-10 18:00:00,9.09900235105525e-17,0.22446166376016102,0.2982700115029465,-1396300.9784603873
2025-06-10 19:00:00,0.0,0.21019395642336633,0.29825739268626167,-1361949.922588765
2025-06-10 20:00:00,0.0,0.2258021965923106,0.29824472846468986,-1393148.9679158437
2025-06-10 21:00:00,0.0,0.18155342934987043,0.2982320188447463,-1387096.6782088599
2025-06-10 22:00:00,0.0,0.2649138617680872,0.2982192638329696,-1339692.0955013537
2025-06-10 23:00:00,0.0,0.23908782567522308,0.2982064634359216,-1425320.9877160203
2025-06-11 00:00:00,0.0,0.2129993776020284,0.29819361766018776,-1477957.305006872
2025-06-11 01:00:00,0.0,0.1878204011387302,0.2981807265123766,-1378622.4065185688
2025-06-11 02:00:00,0.0,0.2327544559515851,0.2981677899991201,-1474384.8312572169
2025-06-11 03:00:00,0.0,0.19745132680674765,0.29815480812707357,-1443762.7061535178
2025-06-11 04:00:00,0.0,0.1988428941139796,0.2981417809029157,-1486504.3490212527
2025-06-11 05:00:00,0.0,0.2230621435842887,0.2981287083333485,-1411883.053200845
2025-06-11 06:00:00,0.0,0.2519091386068686,0.2981155904250972,-1372103.4395995524
2025-06-11 07:00:00,0.1926073568560242,0.24039616757974164,0.29810242718491053,-1284337.5525952075
2025-06-11 08:00:00,0.3720888406410172,0.20434049918455272,0.2980892186195604,-1292143.2163851503
2025-06-11 09:00:00,0.5262130848422079,0.2048084155624913,0.29807596473584214,-1269335.5460739941
2025-06-11 10:00:00,0.6444767769196412,0.2679381949067941,0.2980626655405742,-1337011.1044472314
2025-06-11 11:00:00,0.7188204416982321,0.21428156613505567,0.2980493210405986,-1150061.6403291866
2025-06-11 12:00:00,0.7441776812820345,0.17908628328237405,0.29803593124278055,-1127777.1888174983
2025-06-11 13:00:00,0.7188204416982321,0.18550335322268832,0.2980224961540085,-1224722.1739504533
2025-06-11 14:00:00,0.6444767769196413,0.19842946495926583,0.2980090157811944,-1215716.1495076048
2025-06-11 15:00:00,0.526213084842208,0.23466908646542473,0.29799549013127313,-1297628.2450847735
2025-06-11 16:00:00,0.3720888406410172,0.2374240817296165,0.29798191921120326,-1239824.5893789153
2025-06-11 17:00:00,0.1926073568560244,0.21983000990619614,0.2979683030279665,-1279052.1619165742
2025-06-11 18:00:00,9.113548153789427e-17,0.20821427379344715,0.2979546415885677,-1337555.1153040503
2025-06-11 19:00:00,0.0,0.1979179320714982,0.29794093490003526,-1382440.2224642516
2025-06-11 20:00:00,0.0,0.21489635827721393,0.29792718296942067,-1379685.9048912309
2025-06-11 21:00:00,0.0,0.19232008681641222,0.2979133858037987,-1483220.7895372724
2025-06-11 22:00:00,0.0,0.21318079491943215,0.29789954341026753,-1349402.8915130557
2025-06-11 23:00:00,0.0,0.24581764257415686,0.29788565579594845,-1462263.6143398474
2025-06-12 00:00:00,0.0,0.2105696013389622,0.2978717229679861,-1462719.1589238604
2025-06-12 01:00:00,0.0,0.19949659543494552,0.29785774493354833,-1490215.9901599276
2025-06-12 02:00:00,0.0,0.22809260599382625,0.2978437216998263,-1453225.0347966624
2025-06-12 03:00:00,0.0,0.1864825308532737,0.29782965327403443,-1484600.2271172728
2025-06-12 04:00:00,0.0,0.1934150017006909,0.29781553966341034,-1501105.4611224388
2025-06-12 05:00:00,0.0,0.26278281563771677,0.29780138087521485,-1514519.9260413453
2025-06-12 06:00:00,0.0,0.17707828991095945,0.29778717691673223,-1475804.8616734631
2025-06-12 07:00:00,0.19288645686203948,0.1914666956088237,0.2977729277952697,-1419236.478766123
2025-06-12 08:00:00,0.3726280204488724,0.20165534975374869,0.297758633518158,-1317782.1250248244
2025-06-12 09:00:00,0.5269756002390344,0.24106028433064633,0.2977442940927508,-1406865.6613987929
2025-06-12 10:00:00,0.6454106637412617,0.2468617820594118,0.29772990952642536,-1269080.7302396714
2025-06-12 11:00:00,0.719862057101074,0.17804549374965062,0.29771547982658175,-1180776.3808680857
2025-06-12 12:00:00,0.7452560408977449,0.23783026828189932,0.2977010050006436,-1263372.7655309618
2025-06-12 13:00:00,0.719862057101074,0.22926310374539782,0.29768648505605766,-1225567.0684295984
2025-06-12 14:00:00,0.6454106637412618,0.2521442373441298,0.29767192000029374,-1305127.9030541577
2025-06-12 15:00:00,0.5269756002390344,0.25305161765421147,0.297657309840845,-1254027.0940389396
2025-06-12 16:00:00,0.3726280204488724,0.22477574705016742,0.2976426545852279,-1242754.0164706677
2025-06-12 17:00:00,0.1928864568620397,0.20246225528629516,0.2976279542409818,-1199828.2895699954
2025-06-12 18:00:00,9.126754250306522e-17,0.18804169224680437,0.2976132088156696,-1260954.8302641693
2025-06-12 19:00:00,0.0,0.19312939594039785,0.29759841831687717,-1295815.2556325842
2025-06-12 20:00:00,0.0,0.23997124883064486,0.29758358275221364,-1394110.672719908
2025-06-12 21:00:00,0.0,0.25947950265356307,0.29756870212931125,-1384274.2065194612
2025-06-12 22:00:00,0.0,0.2393294345813657,0.29755377645582554,-1433678.9622394731
2025-06-12 23:00:00,0.0,0.21148889309257243,0.29753880573943514,-1380158.668816047
2025-06-13 00:00:00,0.0,0.24656026144625218,0.2975237899878419,-1420892.4607453088
2025-06-13 01:00:00,0.0,0.22483241485550065,0.29750872920877086,-1384689.891045998
2025-06-13 02:00:00,0.0,0.23487004274627304,0.29749362340997015,-1533395.1194962591
2025-06-13 03:00:00,0.0,0.2169397063532011,0.297478472599211,-1387610.9852595301
2025-06-13 04:00:00,0.0,0.2567521864223984,0.29746327678428813,-1452447.7691766617
2025-06-13 05:00:00,0.0,0.220625469983518,0.29744803597301894,-1477238.7302549921
2025-06-13 06:00:00,0.0,0.23843766626342217,0.29743275017324433,-1399841.784901512
2025-06-13 07:00:00,0.19313716057386948,0.23823774038548567,0.29741741939282823,-1275153.664747033
2025-06-13 08:00:00,0.3731123428288786,0.21507116669446255,0.2974020436396577,-1323315.9420695852
2025-06-13 09:00:00,0.5276605355174,0.1888559109538185,0.2973866229216429,-1290412.2969420438
2025-06-13 10:00:00,0.646249534710675,0.2598547180911681,0.2973711572467173,-1296893.7800816405
2025-06-13 11:00:00,0.7207976960912695,0.24346263976348007,0.2973556466228372,-1252164.887154532
2025-06-13 12:00:00,0.7462246856577573,0.1710878411758699,0.2973400910579823,-1231245.974149029
2025-06-13 13:00:00,0.7207976960912695,0.19742294279430705,0.2973244905601553,-1158461.011728502
2025-06-13 14:00:00,0.6462495347106751,0.18147516693241852,0.29730884513738204,-1229212.012560249
2025-06-13 15:00:00,0.5276605355174001,0.22851228957841774,0.2972931547977114,-1235230.1132014028
2025-06-13 16:00:00,0.3731123428288786,0.17169520516629072,0.2972774195492155,-1191637.8024219198
2025-06-13 17:00:00,0.19313716057386968,0.21890882276828094,0.29726163939998945,-1347306.5979016188
2025-06-13 18:00:00,9.138616727355123e-17,0.17358994302500333,0.29724581435815156,-1380855.5835806455
2025-06-13 19:00:00,0.0,0.2207324458433639,0.2972299444318431,-1290436.262106754
2025-06-13 20:00:00,0.0,0.16760181617000686,0.29721402962922855,-1373987.749423611
2025-06-13 21:00:00,0.0,0.22951901440124367,0.29719806995849546,-1389490.213974678
2025-06-13 22:00:00,0.0,0.1775651058944934,0.29718206542785436,-1391309.0538365233
2025-06-13 23:00:00,0.0,0.2484645029641061,0.29716601604553905,-1444373.4448788965
2025-06-14 00:00:00,0.0,0.19622002664727847,0.29714992181980626,-1472837.7966177585
2025-06-14 01:00:00,0.0,0.20411013154774366,0.29713378275893576,-1370994.8460520315
2025-06-14 02:00:00,0.0,0.1837815997755723,0.2971175988712305,-1439423.6587480695
2025-06-14 03:00:00,0.0,0.20570469535900926,0.2971013701650164,-1441637.1285202908
2025-06-14 04:00:00,0.0,0.22403982500626946,0.2970850966486426,-1455220.5631541735
2025-06-14 05:00:00,0.0,0.21713244794579437,0.297068778330481,-1461105.0582959964
2025-06-14 06:00:00,0.0,0.2113808356753749,0.29705241521892684,-1445016.822251114
2025-06-14 07:00:00,0.19335939370259375,0.23394653807518087,0.29703600732239827,-1426999.13397552
2025-06-14 08:00:00,0.37354166426586227,0.23425822055693243,0.2970195546493364,-1345246.0612085308
2025-06-14 09:00:00,0.5282676877161997,0.18620402603192887,0.2970030572082056,-1330775.6056092356
2025-06-14 10:00:00,0.6469931412523092,0.18470133617156917,0.296986515007493,-1416437.0723778713
2025-06-14 11:00:00,0.7216270814187935,0.18655555817613503,0.29696992805570904,-1269097.7954771067
2025-06-14 12:00:00,0.7470833285317247,0.2193169539009028,0.29695329636138695,-1282814.442680126
2025-06-14 13:00:00,0.7216270814187935,0.16640283772113712,0.2969366199330832,-1194201.2603397612
2025-06-14 14:00:00,0.6469931412523093,0.25658758021643335,0.2969198987793769,-1327648.3740244121
2025-06-14 15:00:00,0.5282676877161998,0.23720744369983376,0.29690313290887066,-1359435.327748369
2025-06-14 16:00:00,0.37354166426586227,0.17657732279352226,0.2968863223301897,-1323620.6623232116
2025-06-14 17:00:00,0.19335939370259397,0.23219048429832628,0.29686946705198247,-1243537.6362005263
2025-06-14 18:00:00,9.149132069827271e-17,0.25576854544496963,0.29685256708292024,-1366513.683238274
2025-06-14 19:00:00,0.0,0.18263563507805985,0.2968356224316975,-1362435.9332932099
2025-06-14 20:00:00,0.0,0.19010844439054037,0.29681863310703144,-1425092.6499793539
2025-06-14 21:00:00,0.0,0.18138545768506784,0.2968015991176625,-1450743.345737886
2025-06-14 22:00:00,0.0,0.23320802749346664,0.29678452047235393,-1495655.9446741503
2025-06-14 23:00:00,0.0,0.25291654750897735,0.29676739717989203,-1411264.5150677066
2025-06-15 00:00:00,0.0,0.18913018489845293,0.296750229249086,-1428905.9994120423
2025-06-15 01:00:00,0.0,0.22335627847331516,0.2967330166887681,-1363631.6669610266
2025-06-15 02:00:00,0.0,0.24003532585278847,0.29671575950779355,-1537980.968644033
2025-06-15 03:00:00,0.0,0.16281919230890907,0.2966984577150404,-1444749.1091435223
2025-06-15 04:00:00,0.0,0.2455386615468285,0.2966811113194098,-1357801.1567296982
2025-06-15 05:00:00,0.0,0.2199504728905767,0.29666372032982563,-1351514.0725920722
2025-06-15 06:00:00,0.0,0.19322421556197386,0.29664628475523497,-1353174.3665613262
2025-06-15 07:00:00,0.1935530903957401,0.17978978196229908,0.29662880460460767,-1297476.5929423245
2025-06-15 08:00:00,0.3739158575426159,0.21388831548354725,0.29661127988693664,-1436272.2892545362
2025-06-15 09:00:00,0.5287968769231336,0.21625754752882978,0.2965937106112376,-1234712.1404775537
2025-06-15 10:00:00,0.6476412630194972,0.24035022725012378,0.2965760967865493,-1261685.2421801386
2025-06-15 11:00:00,0.7223499673188738,0.22793072370660816,0.2965584384219332,-1305397.3766585803
2025-06-15 12:00:00,0.7478317150852319,0.20148991713458544,0.296540735526474,-1178321.1366329812
2025-06-15 13:00:00,0.7223499673188738,0.2500938015036015,0.2965229881092789,-1161787.4977835102
2025-06-15 14:00:00,0.6476412630194973,0.20845436017234387,0.29650519617947846,-1212011.1346403318
2025-06-15 15:00:00,0.5287968769231337,0.23248529595062536,0.2964873597462258,-1295560.842046567
2025-06-15 16:00:00,0.3739158575426159,0.2056132716377817,0.29646947881869706,-1267916.694910319
2025-06-15 17:00:00,0.1935530903957403,0.20448769254537527,0.29645155340609125,-1342071.0949978558
2025-06-15 18:00:00,9.158297161800048e-17,0.2307102763097684,0.2964335835176304,-1255471.2851738376
2025-06-15 19:00:00,0.0,0.25237630258954924,0.2964155691625591,-1298536.1927999565
2025-06-15 20:00:00,0.0,0.17802617237800422,0.29639751035014517,-1393256.0230711403
2025-06-15 21:00:00,0.0,0.2266050124817841,0.296379407089679,-1450535.7008633597
2025-06-15 22:00:00,0.0,0.1809179531311638,0.29636125939047414,-1409128.3465277539
2025-06-15 23:00:00,0.0,0.2324253327556132,0.29634306726186677,-1448990.256835087
2025-06-16 00:00:00,0.0,0.24547504184620983,0.296324830713216,-1438881.9751313005
2025-06-16 01:00:00,0.0,0.184297964446018,0.29630654975390386,-1560011.2157051447
2025-06-16 02:00:00,0.0,0.22651974225919633,0.2962882243933351,-1405885.7376513826
2025-06-16 03:00:00,0.0,0.22512347001573188,0.29626985464093747,-1492640.917825518
2025-06-16 04:00:00,0.0,0.1752084257617711,0.29625144050616137,-1401881.8631340454
2025-06-16 05:00:00,0.0,0.1956997476105565,0.2962329819984802,-1467586.5683149267
2025-06-16 06:00:00,0.0,0.19438636245161886,0.29621447912739013,-1343435.7126258174
2025-06-16 07:00:00,0.19371819325679798,0.16683444608327186,0.2961959319024101,-1334648.2375412744
2025-06-16 08:00:00,0.37423481177759604,0.20813131351024725,0.29617734033308196,-1411679.4412066862
2025-06-16 09:00:00,0.5292479463280187,0.18447878644850424,0.2961587044289703,-1219119.574631286
2025-06-16 10:00:00,0.648193707959772,0.21718826671804173,0.2961400241996625,-1190698.5121114573
2025-06-16 11:00:00,0.7229661395848168,0.24968168878268227,0.29612129965476885,-1315814.6662392167
2025-06-16 12:00:00,0.7484696235551922,0.16083409219564326,0.2961025308039224,-1239457.4990679696
2025-06-16 13:00:00,0.7229661395848168,0.19310013238579588,0.2960837176567788,-1173019.2425452948
2025-06-16 14:00:00,0.6481937079597722,0.19989730980332204,0.2960648602230169,-1245168.6227904754
2025-06-16 15:00:00,0.5292479463280189,0.18187554085721824,0.296045958512338,-1267553.8097149862
2025-06-16 16:00:00,0.37423481177759604,0.21995775753568378,0.2960270125344663,-1302888.9102050592
2025-06-16 17:00:00,0.19371819325679818,0.21727615859229615,0.29600802229914863,-1293191.5507662785
2025-06-16 18:00:00,9.166109287458904e-17,0.20340813062960805,0.29598898781615474,-1357873.454850619
2025-06-16 19:00:00,0.0,0.24138326512173677,0.29596990909527715,-1270028.974052247
2025-06-16 20:00:00,0.0,0.25017050189418155,0.29595078614633114,-1348910.1421498936
2025-06-16 21:00:00,0.0,0.15962371263213443,0.2959316189791546,-1410414.752973641
2025-06-16 22:00:00,0.0,0.23279767956213787,0.2959124076036083,-1447463.411989706
2025-06-16 23:00:00,0.0,0.22505450495455068,0.2958931520295758,-1521654.0903756667
2025-06-17 00:00:00,0.0,0.2366954055376884,0.2958738522669632,-1445843.1278585738
2025-06-17 01:00:00,0.0,0.24260545724899377,0.2958545083256996,-1453986.4908502144
2025-06-17 02:00:00,0.0,0.17322165913663537,0.2958351202157365,-1429273.0754797468
2025-06-17 03:00:00,0.0,0.24205503489439437,0.29581568794704843,-1417514.9054256303
2025-06-17 04:00:00,0.0,0.1811789923793973,0.2957962115296325,-1461455.9783748712
2025-06-17 05:00:00,0.0,0.24963553394026394,0.2957766909735085,-1488270.6092856398
2025-06-17 06:00:00,0.0,0.19784572545704354,0.29575712628871903,-1386777.8031125288
2025-06-17 07:00:00,0.19385465336222651,0.24235166932346772,0.2957375174853293,-1376615.0638555486
2025-06-17 08:00:00,0.37449843245777914,0.18886319675414476,0.29571786457342725,-1307325.434266485
2025-06-17 09:00:00,0.5296207622692557,0.20901725932467505,0.29569816756312345,-1289629.4310243917
2025-06-17 10:00:00,0.6486503123717751,0.2131876303581711,0.2956784264645514,-1310434.2344860302
2025-06-17 11:00:00,0.7234754156314823,0.19354483528696012,0.29565864128786695,-1246831.1365689314
2025-06-17 12:00:00,0.7489968649155583,0.24456035132756035,0.29563881204324877,-1220119.392353655
2025-06-17 13:00:00,0.7234754156314823,0.23080938814280508,0.29561893874089834,-1308702.2918966094
2025-06-17 14:00:00,0.6486503123717751,0.16030431742319115,0.29559902139103955,-1243324.596305279
2025-06-17 15:00:00,0.5296207622692558,0.20156234049425195,0.29557906000391915,-1251637.185824391
2025-06-17 16:00:00,0.37449843245777914,0.23955177221826032,0.29555905458980647,-1260030.0067181
2025-06-17 17:00:00,0.19385465336222674,0.22967404618089415,0.29553900515899345,-1365617.86036429
2025-06-17 18:00:00,9.17256613190241e-17,0.2046922081176642,0.2955189117217948,-1259105.474897553
2025-06-17 19:00:00,0.0,0.18076394190094833,0.2954987742885477,-1296090.6748158995
2025-06-17 20:00:00,0.0,0.2126345193738039,0.29547859286961203,-1323886.628174409
2025-06-17 21:00:00,0.0,0.1726001464995509,0.2954583674753704,-1239420.5337851676
2025-06-17 22:00:00,0.0,0.19661558399922285,0.29543809811622795,-1448686.0846940293
2025-06-17 23:00:00,0.0,0.17949064673895787,0.29541778480261244,-1430747.6901218963
2025-06-18 00:00:00,0.0,0.1572451074645462,0.2953974275449742,-1427527.6083051395
2025-06-18 01:00:00,0.0,0.2332961125656818,0.2953770263537864,-1528155.270732207
2025-06-18 02:00:00,0.0,0.23883560554544045,0.2953565812395444,-1503128.1821438845
2025-06-18 03:00:00,0.0,0.23113922079333288,0.2953360922127665,-1445427.3242420773
2025-06-18 04:00:00,0.0,0.18992466787291218,0.2953155592839935,-1340756.9012207058
2025-06-18 05:00:00,0.0,0.2321359079995746,0.2952949824637887,-1365693.15948487
2025-06-18 06:00:00,0.0,0.24696077875795472,0.2952743617627382,-1297444.0263649668
2025-06-18 07:00:00,0.1939624302759514,0.23577665252117216,0.29525369719145034,-1285430.5463306564
2025-06-18 08:00:00,0.37470664146666827,0.21937221959027278,0.2952329887605563,-1355069.8644406032
2025-06-18 09:00:00,0.529915214273435,0.1987296123027044,0.29521223648070977,-1218173.1258625046
2025-06-18 10:00:00,0.6490109409537645,0.20877223822505261,0.29519144036258693,-1306206.1096472784
2025-06-18 11:00:00,0.7238776445493865,0.16010431718582527,0.2951706004168865,-1284393.0244683626
2025-06-18 12:00:00,0.7494132829333366,0.20759087613624924,0.2951497166543299,-1411298.4259181954
2025-06-18 13:00:00,0.7238776445493865,0.18987918721139513,0.2951287890856608,-1251261.74099214
2025-06-18 14:00:00,0.6490109409537647,0.21924955743363653,0.29510781772164585,-1315863.1027787055
2025-06-18 15:00:00,0.5299152142734351,0.19104910007154136,0.2950868025730738,-1234696.8697627184
2025-06-18 16:00:00,0.37470664146666827,0.20708228670734577,0.29506574365075616,-1306209.673755973
2025-06-18 17:00:00,0.1939624302759516,0.1906316960637472,0.2950446409655268,-1329758.9409419638
2025-06-18 18:00:00,9.177665781828205e-17,0.20491147376876767,0.2950234945282424,-1265426.595104344
2025-06-18 19:00:00,0.0,0.21190119927440437,0.2950023043497818,-1319733.5659452884
2025-06-18 20:00:00,0.0,0.2079795772463797,0.2949810704410466,-1316439.6061663844
2025-06-18 21:00:00,0.0,0.20227139760874419,0.2949597928129607,-1483608.1741910588
2025-06-18 22:00:00,0.0,0.22940242590913387,0.2949384714764706,-1389211.955274361
2025-06-18 23:00:00,0.0,0.22133510285069993,0.29491710644254526,-1491596.1493240248
2025-06-19 00:00:00,0.0,0.15769102159915474,0.2948956977221762,-1517859.5639770487
2025-06-19 01:00:00,0.0,0.15756150079418568,0.29487424532637735,-1557711.499346081
2025-06-19 02:00:00,0.0,0.16147432578656515,0.29485274926618504,-1449629.6123299373
2025-06-19 03:00:00,0.0,0.20241324585669124,0.2948312095526582,-1507734.5667190931
2025-06-19 04:00:00,0.0,0.1929413397606491,0.29480962619687806,-1451745.817446125
2025-06-19 05:00:00,0.0,0.16857779038774187,0.29478799920994847,-1449398.7172045817
2025-06-19 06:00:00,0.0,0.17629944404516493,0.29476632860299556,-1391136.054305894
2025-06-19 07:00:00,0.19404149206134702,0.19682084536028638,0.29474461438716815,-1374564.8145807383
2025-06-19 08:00:00,0.3748593771074406,0.16325118369297437,0.2947228565736371,-1369174.4562921296
2025-06-19 09:00:00,0.530131215088073,0.1951698764762851,0.2947010551735961,-1298912.849181157
2025-06-19 10:00:00,0.6492754868437088,0.15819311075048345,0.29467921019826115,-1262561.0005007049
2025-06-19 11:00:00,0.7241727071494202,0.2304451424634481,0.2946573216588705,-1262777.2442142856
2025-06-19 12:00:00,0.7497187542148813,0.20623553616850124,0.29463538956668484,-1303483.7436995357
2025-06-19 13:00:00,0.7241727071494202,0.19717879982347894,0.2946134139329875,-1200975.557780765
2025-06-19 14:00:00,0.649275486843709,0.1748655248485171,0.294591394769084,-1157944.6918659774
2025-06-19 15:00:00,0.530131215088073,0.19686013111102593,0.2945693320863024,-1215762.5922627654
2025-06-19 16:00:00,0.3748593771074406,0.19313310274858525,0.29454722589599297,-1270384.1169715913
2025-06-19 17:00:00,0.19404149206134724,0.16990119827673117,0.29452507620952845,-1235908.2956450281
2025-06-19 18:00:00,9.181406726099955e-17,0.21936278069948184,0.294502883038304,-1341544.051731104
2025-06-19 19:00:00,0.0,0.18385507614911373,0.2944806463937371,-1355941.3009023864
2025-06-19 20:00:00,0.0,0.2206090050840896,0.2944583662872677,-1323101.1762777495
2025-06-19 21:00:00,0.0,0.2386853946607801,0.29443604273035795,-1568108.2349423973
2025-06-19 22:00:00,0.0,0.24092056140306709,0.29441367573449234,-1387514.414125591
2025-06-19 23:00:00,0.0,0.1760487047891161,0.29439126531117793,-1481051.8679602095
2025-06-20 00:00:00,0.0,0.23016272415114988,0.2943688114719439,-1486319.2762233345
2025-06-20 01:00:00,0.0,0.24028858746016432,0.29434631422834195,-1402593.4557733175
2025-06-20 02:00:00,0.0,0.19856704860957572,0.2943237735919459,-1366320.7085670845
2025-06-20 03:00:00,0.0,0.2252559835058552,0.294301189574352,-1499980.438819842
2025-06-20 04:00:00,0.0,0.22025109752422692,0.29427856218717885,-1406718.5032281
2025-06-20 05:00:00,0.0,0.15716334573030852,0.2942558914420674,-1412860.4950626865
2025-06-20 06:00:00,0.0,0.17831987996634224,0.2942331773506807,-1347604.624190267
2025-06-20 07:00:00,0.19409181529070013,0.2399496425708154,0.2942104199247044,-1427195.0985362115
2025-06-20 08:00:00,0.3749565941212295,0.23777552943543878,0.2941876191758462,-1368123.5813652894
2025-06-20 09:00:00,0.5302687007074667,0.15627904763833214,0.2941647751158361,-1393856.6233917447
2025-06-20 10:00:00,0.6494438716509514,0.2011167888580189,0.29414188775642663,-1265844.30617672
2025-06-20 11:00:00,0.724360515998167,0.16816336653087277,0.29411895710939223,-1230208.2793673638
2025-06-20 12:00:00,0.7499131882424591,0.18868084407393748,0.2940959831865299,-1266911.2334937728
2025-06-20 13:00:00,0.724360515998167,0.16666918296315575,0.2940729659996588,-1210248.0071082807
2025-06-20 14:00:00,0.6494438716509514,0.19401638149394748,0.29404990556062033,-1216817.083860512
2025-06-20 15:00:00,0.5302687007074668,0.18571085543491397,0.29402680188127817,-1265759.1120891853
2025-06-20 16:00:00,0.3749565941212295,0.1798393626110991,0.2940036549735182,-1283819.3712167956
2025-06-20 17:00:00,0.19409181529070035,0.2039914154612762,0.2939804648492486,-1275060.067643647
2025-06-20 18:00:00,9.183787856195142e-17,0.19971176201382265,0.29395723152039976,-1321938.86388978
2025-06-20 19:00:00,0.0,0.17869540350303292,0.29393395499892433,-1373804.9282402273
2025-06-20 20:00:00,0.0,0.16949212442830922,0.2939106352967971,-1345040.4076038916
2025-06-20 21:00:00,0.0,0.21861348654310195,0.29388727242601514,-1370697.4695479758
2025-06-20 22:00:00,0.0,0.18780682698117176,0.2938638663985977,-1479034.5944029351
2025-06-20 23:00:00,0.0,0.16045325800714963,0.2938404172265862,-1447613.8163812128
2025-06-21 00:00:00,0.0,0.1702252900739826,0.2938169249220444,-1428216.1045446452
2025-06-21 01:00:00,0.0,0.2065884424039512,0.2937933894970581,-1509667.289720653
2025-06-21 02:00:00,0.0,0.23069054788586707,0.2937698109637353,-1567392.291072437
2025-06-21 03:00:00,0.0,0.2369928226739019,0.2937461893342062,-1415852.4070479297
2025-06-21 04:00:00,0.0,0.1614363125422776,0.29372252462062326,-1409186.8496405408
2025-06-21 05:00:00,0.0,0.2211376639119527,0.29369881683516097,-1438302.2625042014
2025-06-21 06:00:00,0.0,0.21031739128830443,0.293675065990016,-1409210.4224011423
2025-06-21 07:00:00,0.1941133850521518,0.15513808996932096,0.2936512720974073,-1360478.2386257062
2025-06-21 08:00:00,0.3749982637005356,0.18283128365406867,0.2936274351695758,-1363895.6588873137
2025-06-21 09:00:00,0.5303276303916598,0.1738216191145096,0.2936035552187847,-1300946.871953504
2025-06-21 10:00:00,0.6495160454794395,0.19850829257664582,0.2935796322573192,-1384198.174314548
2025-06-21 11:00:00,0.7244410154438117,0.22929400481933193,0.2935556662974867,-1295948.682939753
2025-06-21 12:00:00,0.7499965274010713,0.21808682845527477,0.29353165735161685,-1241191.400945796
2025-06-21 13:00:00,0.7244410154438117,0.223284284509136,0.2935076054320612,-1178588.4259509807
2025-06-21 14:00:00,0.6495160454794396,0.23448707739678012,0.29348351055119354,-1282776.620962605
2025-06-21 15:00:00,0.5303276303916598,0.217635648224771,0.2934593727214096,-1260817.461137651
2025-06-21 16:00:00,0.3749982637005356,0.17461310532016827,0.29343519195512746,-1411531.8139518518
2025-06-21 17:00:00,0.194113385052152,0.1585207330058016,0.2934109682647871,-1242957.250846075
2025-06-21 18:00:00,9.18480846653352e-17,0.17949267505945038,0.29338670166285064,-1348189.364508488
2025-06-21 19:00:00,0.0,0.22341563527139555,0.2933623921618022,-1347388.9889029323
2025-06-21 20:00:00,0.0,0.22148078959920686,0.29333803977414824,-1350355.6928481718
2025-06-21 21:00:00,0.0,0.15812108802306804,0.2933136445124169,-1361114.1876887903
2025-06-21 22:00:00,0.0,0.1690752746796171,0.2932892063891587,-1396679.5432052538
2025-06-21 23:00:00,0.0,0.16945571299255843,0.29326472541694587,-1499694.4940212932
2025-06-22 00:00:00,0.0,0.16310898644276672,0.2932402016083731,-1503583.146842126
2025-06-22 01:00:00,0.0,0.21180451709222772,0.2932156349760568,-1454068.9669268937
2025-06-22 02:00:00,0.0,0.20007676027174845,0.29319102553263554,-1426675.6573403864
2025-06-22 03:00:00,0.0,0.17690248306612233,0.29316637329076994,-1382819.8746438783
2025-06-22 04:00:00,0.0,0.17908196561883094,0.29314167826314247,-1402043.046613025
2025-06-22 05:00:00,0.0,0.19135640281334035,0.29311694046245784,-1421493.0283263824
2025-06-22 06:00:00,0.0,0.15640258204065535,0.29309215990144266,-1443588.0347104485
2025-06-22 07:00:00,0.1941061949541162,0.2056109627609907,0.29306733659284545,-1344124.2546674933
2025-06-22 08:00:00,0.3749843734977633,0.14889193561597805,0.2930424705494368,-1329972.3254568207
2025-06-22 09:00:00,0.5303079866785151,0.22942347423212311,0.2930175617840094,-1262276.0960877836
2025-06-22 10:00:00,0.6494919869425104,0.20525106676902774,0.29299261030937773,-1208355.8995556852
2025-06-22 11:00:00,0.7244141816326314,0.1526829385557369,0.29296761613837835,-1281749.8623879382
2025-06-22 12:00:00,0.7499687469955267,0.2328294698678442,0.29294257928386974,-1189916.3322227157
2025-06-22 13:00:00,0.7244141816326314,0.20519663965887497,0.2929174997587323,-1354012.4875326287
2025-06-22 14:00:00,0.6494919869425105,0.14986733626755366,0.2928923775758686,-1269164.0031626187
2025-06-22 15:00:00,0.5303079866785152,0.20132645129511423,0.2928672127482029,-1376660.274272744
2025-06-22 16:00:00,0.3749843734977633,0.2068915542134269,0.2928420052886815,-1234135.043361439
2025-06-22 17:00:00,0.1941061949541164,0.22831864130029145,0.29281675521027256,-1191405.1142854148
2025-06-22 18:00:00,9.18446825468623e-17,0.21401290930578779,0.29279146252596633,-1327134.2498545954
2025-06-22 19:00:00,0.0,0.22120426538315688,0.2927661272487748,-1433986.990109268
2025-06-22 20:00:00,0.0,0.2269293804953918,0.2927407493917321,-1361382.9952202851
2025-06-22 21:00:00,0.0,0.1999892266283658,0.29271532896789393,-1490104.5680341679
2025-06-22 22:00:00,0.0,0.22443434842005214,0.2926898659903382,-1493235.6190878581
2025-06-22 23:00:00,0.0,0.17222770742771942,0.29266436047216454,-1462535.0797064884
2025-06-23 00:00:00,0.0,0.19294042614050494,0.29263881242649453,-1440631.078092277
2025-06-23 01:00:00,0.0,0.2118050882871787,0.29261322186647165,-1507557.9099019668
2025-06-23 02:00:00,0.0,0.2025572272601275,0.29258758880526115,-1304298.3104586662
2025-06-23 03:00:00,0.0,0.18035270907923334,0.29256191325605024,-1578487.1061290186
2025-06-23 04:00:00,0.0,0.19063756203934457,0.292536195232048,-1453060.3262551257
2025-06-23 05:00:00,0.0,0.21966569422380497,0.29251043474648525,-1369592.089310499
2025-06-23 06:00:00,0.0,0.22396949784763573,0.29248463181261475,-1339776.2243492375
2025-06-23 07:00:00,0.19407024712717455,0.17822780718637848,0.2924587864437111,-1374406.9356900598
2025-06-23 08:00:00,0.37491492762887946,0.22412621870363142,0.2924328986530707,-1266460.2630838654
2025-06-23 09:00:00,0.5302097753888888,0.19026920671319822,0.29240696845401176,-1286429.0247164208
2025-06-23 10:00:00,0.6493717031692279,0.19408969128913273,0.29238099585987437,-1154527.3057724542
2025-06-23 11:00:00,0.7242800225160634,0.1891630059000579,0.29235498088402034,-1307816.1987341975
2025-06-23 12:00:00,0.749829855257759,0.21209178889527094,0.2923289235398333,-1244043.3048946455
2025-06-23 13:00:00,0.7242800225160634,0.18654437338527632,0.29230282384071876,-1268363.8764858458
2025-06-23 14:00:00,0.649371703169228,0.17337566791409315,0.29227668180010397,-1040357.5555517377
2025-06-23 15:00:00,0.5302097753888888,0.16225152105992854,0.292250497431438,-1267321.536284805
2025-06-23 16:00:00,0.37491492762887946,0.15562695447003302,0.2922242707481915,-1315660.4966170047
2025-06-23 17:00:00,0.19407024712717474,0.22204938344407596,0.29219800176385724,-1296530.673956928
2025-06-23 18:00:00,9.182767321465378e-17,0.21760280205680668,0.29217169049194947,-1319579.115970471
2025-06-23 19:00:00,0.0,0.16761623543693274,0.2921453369460043,-1332478.1628983007
2025-06-23 20:00:00,0.0,0.21661144546513034,0.29211894113957954,-1412665.808751222
2025-06-23 21:00:00,0.0,0.18340526830232012,0.2920925030862548,-1415133.5800039268
2025-06-23 22:00:00,0.0,0.1561739657451678,0.29206602279963134,-1476198.6875982538
2025-06-23 23:00:00,0.0,0.1470064250223691,0.2920395002933323,-1443721.1127150878
2025-06-24 00:00:00,0.0,0.1975909612019266,0.2920129355810024,-1433000.7980109553
2025-06-24 01:00:00,0.0,0.21255255294734343,0.2919863286763081,-1499562.1643828677
2025-06-24 02:00:00,0.0,0.16743785230438785,0.2919596795929376,-1478081.5435693138
2025-06-24 03:00:00,0.0,0.21855766040875402,0.2919329883446008,-1352052.4908663423
2025-06-24 04:00:00,0.0,0.2079382018195687,0.2919062549450292,-1398217.7676793174
2025-06-24 05:00:00,0.0,0.1706512445887749,0.2918794794079762,-1356280.6867588444
2025-06-24 06:00:00,0.0,0.14384561871525772,0.29185266174721664,-1325096.7023048054
2025-06-24 07:00:00,0.19400555222344373,0.1511039808268547,0.2918258019765472,-1398890.9673945024
2025-06-24 08:00:00,0.37478994667219373,0.1466531223633509,0.29179890010978604,-1342352.9048362207
2025-06-24 09:00:00,0.5300330256249055,0.19338120052657243,0.29177195616077317,-1242903.3252435427
2025-06-24 10:00:00,0.6491552298022697,0.15469767771052328,0.2917449701433702,-1231723.209506178
2025-06-24 11:00:00,0.7240385778483492,0.213638501313092,0.2917179420714603,-1220104.0196684368
2025-06-24 12:00:00,0.7495798933443876,0.22684966620675376,0.29169087195894833,-1121109.7521704824
2025-06-24 13:00:00,0.7240385778483492,0.22507533264049992,0.2916637598197608,-1242883.9226336041
2025-06-24 14:00:00,0.6491552298022698,0.17861656315496274,0.29163660566784577,-1211759.3168749427
2025-06-24 15:00:00,0.5300330256249055,0.17406620901441647,0.291609409517173,-1213605.5654091025
2025-06-24 16:00:00,0.37478994667219373,0.15370233031794,0.29158217138173387,-1282565.4330257613
2025-06-24 17:00:00,0.19400555222344396,0.19668375790444922,0.2915548912755412,-1355752.1661542244
2025-06-24 18:00:00,9.179706170894186e-17,0.2188008933449187,0.29152756921262957,-1284653.4800701218
2025-06-24 19:00:00,0.0,0.1793860305362942,0.29150020520705505,-1318617.9174292346
2025-06-24 20:00:00,0.0,0.18942426686675576,0.29147279927289543,-1258202.4825347061
2025-06-24 21:00:00,0.0,0.2088938835672616,0.2914453514242498,-1495909.2864379282
2025-06-24 22:00:00,0.0,0.2239113398822992,0.29141786167523914,-1429808.494409497
2025-06-24 23:00:00,0.0,0.20840218097751378,0.29139033004000564,-1391802.9094933607
2025-06-25 00:00:00,0.0,0.1873746067098952,0.29136275653271343,-1470099.0105145422
2025-06-25 01:00:00,0.0,0.21902613557251627,0.2913351411675479,-1353588.9267153114
2025-06-25 02:00:00,0.0,0.21149721557020287,0.2913074839587159,-1445211.19142706
2025-06-25 03:00:00,0.0,0.157954945147988,0.2912797849204461,-1493525.5985591328
2025-06-25 04:00:00,0.0,0.18015143381310353,0.2912520440669885,-1507723.718731573
2025-06-25 05:00:00,0.0,0.21417064202360495,0.29122426141261476,-1403724.5248573425
2025-06-25 06:00:00,0.0,0.18198623155174062,0.29119643697161773,-1378087.4319643981
2025-06-25 07:00:00,0.19391212941342004,0.21769688632690576,0.29116857075831215,-1240522.132940057
2025-06-25 08:00:00,0.374609467662261,0.16372671589491966,0.29114066278703404,-1365468.4923168705
2025-06-25 09:00:00,0.5297777897613349,0.18046050138637282,0.2911127130721408,-1242649.705018241
2025-06-25 10:00:00,0.6488426309873665,0.15570370976439704,0.29108472162801163,-1282241.789202304
2025-06-25 11:00:00,0.7236899191747551,0.1877508720677095,0.29105668846904686,-1373224.838226738
2025-06-25 12:00:00,0.7492189353245221,0.207763199508546,0.29102861360966853,-1217589.814504748
2025-06-25 13:00:00,0.7236899191747551,0.15885236247122636,0.2910004970643199,-1207690.75439452
2025-06-25 14:00:00,0.6488426309873665,0.17560581224347893,0.2909723388474659,-1260050.7664531837
2025-06-25 15:00:00,0.5297777897613349,0.21450667108968366,0.29094413897359284,-1183831.402497806
2025-06-25 16:00:00,0.374609467662261,0.21780524457072273,0.29091589745720825,-1332900.8066933237
2025-06-25 17:00:00,0.19391212941342023,0.18791729032876284,0.29088761431284144,-1287201.4540890132
2025-06-25 18:00:00,9.175285710057638e-17,0.20352454367228667,0.2908592895550429,-1312157.6436986206
2025-06-25 19:00:00,0.0,0.20366014287553863,0.29083092319838455,-1368961.2597570983
2025-06-25 20:00:00,0.0,0.18502530900513614,0.29080251525745976,-1300659.1969153178
2025-06-25 21:00:00,0.0,0.1669870185877211,0.29077406574688325,-1397597.0041180078
2025-06-25 22:00:00,0.0,0.18410112307137994,0.2907455746812912,-1420037.1203362665
2025-06-25 23:00:00,0.0,0.18968697390393238,0.29071704207534105,-1406038.0493804272
2025-06-26 00:00:00,0.0,0.14374632083347683,0.2906884679437118,-1507135.013177463
2025-06-26 01:00:00,0.0,0.15661785238755685,0.2906598523011036,-1469971.2367132665
2025-06-26 02:00:00,0.0,0.1479433600120865,0.290631195162238,-1455081.3426921153
2025-06-26 03:00:00,0.0,0.2077128822229126,0.29060249654185805,-1366941.7557483332
2025-06-26 04:00:00,0.0,0.1726855323660811,0.29057375645472805,-1494836.5238503797
2025-06-26 05:00:00,0.0,0.15943577789835664,0.2905449749156335,-1347777.4808236046
2025-06-26 06:00:00,0.0,0.1914271889902292,0.2905161519393816,-1498658.4824861458
2025-06-26 07:00:00,0.19379000638029828,0.14624928876381652,0.2904872875408003,-1375852.4207600562
2025-06-26 08:00:00,0.37437354407890683,0.2167832177170127,0.29045838173473926,-1309266.564906575
2025-06-26 09:00:00,0.5294441434300718,0.18713536083090423,0.29042943453606945,-1319561.503279079
2025-06-26 10:00:00,0.6484339993542934,0.2109467889486124,0.29040044595968306,-1366650.0616850932
2025-06-26 11:00:00,0.7232341498103702,0.16545155742281165,0.29037141602049343,-1306004.6890727188
2025-06-26 12:00:00,0.7487470881578138,0.18364871465175112,0.2903423447334354,-1247267.2031382457
2025-06-26 13:00:00,0.7232341498103702,0.21939109293778683,0.29031323211346494,-1231262.4482922538
2025-06-26 14:00:00,0.6484339993542934,0.13833138228422656,0.2902840781755594,-1291770.1221249008
2025-06-26 15:00:00,0.5294441434300718,0.1413834252776132,0.2902548829347171,-1235533.6016297303
2025-06-26 16:00:00,0.37437354407890683,0.15810215046980397,0.29022564640595805,-1372799.3330667256
2025-06-26 17:00:00,0.19379000638029847,0.1910780525739063,0.29019636860432313,-1217893.9578238442
2025-06-26 18:00:00,9.169507248833678e-17,0.16483610102237561,0.29016704954487466,-1326718.962292423
2025-06-26 19:00:00,0.0,0.14549878719464615,0.2901376892426961,-1282248.5367003288
2025-06-26 20:00:00,0.0,0.19419323160230967,0.29010828771289215,-1430578.8503801257
2025-06-26 21:00:00,0.0,0.14605589200870187,0.2900788449705888,-1433908.7122953476
2025-06-26 22:00:00,0.0,0.20773738096051386,0.290049361030933,-1468117.6585066714
2025-06-26 23:00:00,0.0,0.21881361530130702,0.2900198359090931,-1478145.8477630555
2025-06-27 00:00:00,0.0,0.21454973327814594,0.2899902696202586,-1457745.4963189303
2025-06-27 01:00:00,0.0,0.16698210017958437,0.2899606621796403,-1463235.3455035456
2025-06-27 02:00:00,0.0,0.14795893515508624,0.2899310136024698,-1524610.613377783
2025-06-27 03:00:00,0.0,0.15858591862424176,0.2899013239040003,-1544868.7491049103
2025-06-27 04:00:00,0.0,0.20151251142233126,0.28987159309950594,-1380216.6153943443
2025-06-27 05:00:00,0.0,0.20720807072584713,0.2898418212042819,-1425663.3856216639
2025-06-27 06:00:00,0.0,0.21211395992577547,0.2898120082336448,-1386596.2556816242
2025-06-27 07:00:00,0.19363921931176878,0.20984830591724526,0.289782154202932,-1470165.9893332836
2025-06-27 08:00:00,0.3740822458313807,0.2018473264259396,0.2897522591275024,-1409766.2765067543
2025-06-27 09:00:00,0.5290321854977249,0.1997230110086566,0.2897223230227357,-1348173.5165025014
2025-06-27 10:00:00,0.6479294559894224,0.18726615187552617,0.28969234590403287,-1274969.4164335986
2025-06-27 11:00:00,0.7226714048094938,0.1524793393377461,0.28966232778681594,-1326389.4558022006
2025-06-27 12:00:00,0.7481644916627616,0.19132078151370155,0.289632268686528,-1326016.5237889257
2025-06-27 13:00:00,0.7226714048094938,0.15909951886767945,0.28960216861863325,-1331460.3511165043
2025-06-27 14:00:00,0.6479294559894224,0.18970952817570333,0.28957202759861705,-1201356.7339966982
2025-06-27 15:00:00,0.5290321854977249,0.1802184365123519,0.28954184564198565,-1230296.4229343615
2025-06-27 16:00:00,0.3740822458313807,0.20191878038201616,0.28951162276426645,-1241381.6914012018
2025-06-27 17:00:00,0.19363921931176897,0.163076375532372,0.28948135898100796,-1318943.3401802452
2025-06-27 18:00:00,9.162372499505077e-17,0.2029216691664007,0.2894510543077796,-1336175.3481713147
2025-06-27 19:00:00,0.0,0.14152097278559925,0.2894207087601721,-1370119.4816534838
2025-06-27 20:00:00,0.0,0.14879481672663292,0.2893903223537968,-1415930.1473009808
2025-06-27 21:00:00,0.0,0.13721130836599818,0.28935989510428645,-1394122.2425231072
2025-06-27 22:00:00,0.0,0.17630540709822348,0.28932942702729453,-1340055.8393792
2025-06-27 23:00:00,0.0,0.16878532105750216,0.28929891813849573,-1396252.0381747175
2025-06-28 00:00:00,0.0,0.1971963908095601,0.28926836845358556,-1504527.095400846
2025-06-28 01:00:00,0.0,0.18322943134087305,0.2892377779882807,-1376681.8613432802
2025-06-28 02:00:00,0.0,0.1830758255774416,0.2892071467583187,-1445495.678391366
2025-06-28 03:00:00,0.0,0.14673875630081884,0.289176474779458,-1362118.181484758
2025-06-28 04:00:00,0.0,0.2107400623945904,0.2891457620674783,-1350378.90405183
2025-06-28 05:00:00,0.0,0.20423207774287763,0.28911500863817985,-1431696.0053862622
2025-06-28 06:00:00,0.0,0.16606811933518015,0.2890842145073842,-1432150.6805948222
2025-06-28 07:00:00,0.19345981288929423,0.16128915631696258,0.2890533796909336,-1361477.9459453644
2025-06-28 08:00:00,0.3737356592376401,0.17044875723578418,0.28902250420469133,-1341770.0048160274
2025-06-28 09:00:00,0.5285420380363202,0.2030790351350194,0.28899158806454167,-1315484.0714401803
2025-06-28 10:00:00,0.6473291503998414,0.20099861873907152,0.2889606312863897,-1314600.2036312893
2025-06-28 11:00:00,0.7220018509256145,0.20865913751523732,0.2889296338861614,-1245594.6926392962
2025-06-28 12:00:00,0.7474713184752804,0.20190522654013776,0.2888985958798037,-1195024.3508910914
2025-06-28 13:00:00,0.7220018509256145,0.1362699039154427,0.2888675172832844,-1327889.3255459252
2025-06-28 14:00:00,0.6473291503998415,0.18663555445869537,0.28883639811259226,-1226295.7240161642
2025-06-28 15:00:00,0.5285420380363203,0.16685510962569106,0.28880523838373684,-1294554.2917672356
2025-06-28 16:00:00,0.3737356592376401,0.17380860996554004,0.2887740381127485,-1315894.273452012
2025-06-28 17:00:00,0.19345981288929442,0.13455213853624237,0.28874279731567853,-1322083.2443149276
2025-06-28 18:00:00,9.153883576252039e-17,0.16449028379403666,0.28871151600859907,-1310135.7829994971
2025-06-28 19:00:00,0.0,0.14541314626655627,0.28868019420760316,-1272443.9073671948
2025-06-28 20:00:00,0.0,0.20221108287182452,0.28864883192880453,-1372511.1382785991
2025-06-28 21:00:00,0.0,0.1937348678396176,0.2886174291883379,-1481414.9001864097
2025-06-28 22:00:00,0.0,0.17716182082183615,0.2885859860023587,-1466665.3556651834
2025-06-28 23:00:00,0.0,0.19706230227957028,0.2885545023870431,-1443617.5552696642
2025-06-29 00:00:00,0.0,0.15945049594570168,0.2885229783585882,-1479342.735126134
2025-06-29 01:00:00,0.0,0.19938953384711813,0.2884914139332119,-1500373.3735912354
2025-06-29 02:00:00,0.0,0.13708188231621285,0.28845980912715286,-1373136.0784827955
2025-06-29 03:00:00,0.0,0.19685531664010972,0.2884281639566703,-1430308.9568967537
2025-06-29 04:00:00,0.0,0.19191220981227453,0.2883964784380446,-1431412.6496711788
2025-06-29 05:00:00,0.0,0.16342268252630338,0.28836475258757654,-1470440.506882574
2025-06-29 06:00:00,0.0,0.17009947987829294,0.2883329864215879,-1388201.7868285794
2025-06-29 07:00:00,0.19325184027486947,0.1762296233097897,0.28830117995642107,-1356380.9724712707
2025-06-29 08:00:00,0.3733338869987727,0.1449879652559373,0.2882693332084391,-1279611.5894058573
2025-06-29 09:00:00,0.5279738462871288,0.14340311182369217,0.28823744619402597,-1298430.8744852676
2025-06-29 10:00:00,0.6466332604690522,0.145171754111108,0.28820551892958635,-1236898.524629244
2025-06-29 11:00:00,0.7212256865619984,0.1889140435745134,0.2881735514315453,-1242699.310233987
2025-06-29 12:00:00,0.7466677739975455,0.157098223081489,0.28814154371634904,-1365605.6634143658
2025-06-29 13:00:00,0.7212256865619984,0.182507068610322,0.28810949580046413,-1236812.5519638767
2025-06-29 14:00:00,0.6466332604690523,0.15597507500903995,0.28807740770037793,-1271658.9734993204
2025-06-29 15:00:00,0.5279738462871288,0.207882382756682,0.2880452794325986,-1241553.1948615792
2025-06-29 16:00:00,0.3733338869987727,0.16447531122304118,0.2880131110136547,-1243398.7199471197
2025-06-29 17:00:00,0.1932518402748697,0.17708466714673574,0.28798090246009567,-1300350.2484756503
2025-06-29 18:00:00,9.144042994525735e-17,0.1581214911725017,0.2879486537884915,-1326738.2847476427
2025-06-29 19:00:00,0.0,0.202861022448168,0.28791636501543283,-1355128.6178409117
2025-06-29 20:00:00,0.0,0.20434378521793262,0.287884036157531,-1363977.7200533391
2025-06-29 21:00:00,0.0,0.14861365410444452,0.2878516672314178,-1453096.9852045635
2025-06-29 22:00:00,0.0,0.1665109856088668,0.2878192582537458,-1418360.7101171713
2025-06-29 23:00:00,0.0,0.18669195947158462,0.28778680924118816,-1428097.9218106004
2025-06-30 00:00:00,0.0,0.16114073057121056,0.28775432021043856,-1423529.856861873
2025-06-30 01:00:00,0.0,0.1588844542545063,0.2877217911782113,-1478782.0402403956
2025-06-30 02:00:00,0.0,0.1526394792983107,0.28768922216124126,-1489810.0987915227
2025-06-30 03:00:00,0.0,0.13727922344011878,0.2876566131762839,-1475407.344823797
2025-06-30 04:00:00,0.0,0.15867776925434948,0.2876239642401151,-1457592.9384176848
2025-06-30 05:00:00,0.0,0.18791483952695448,0.2875912753695317,-1364615.0878667103
2025-06-30 06:00:00,0.0,0.18790653738187615,0.2875585465813506,-1452133.0066079784
2025-06-30 07:00:00,0.19301536309526862,0.140220222081744,0.2875257778924096,-1296718.5061244147
2025-06-30 08:00:00,0.37287704816856376,0.1420568849956687,0.28749296931956664,-1340586.8309621003
2025-06-30 09:00:00,0.5273277786176288,0.15961876361743108,0.2874601208797007,-1334713.739804561
2025-06-30 10:00:00,0.6458419924042601,0.20479843174794793,0.28742723258971076,-1097906.484473517
2025-06-30 11:00:00,0.7203431417128975,0.182784720887094,0.28739430446651665,-1333696.4153976103
2025-06-30 12:00:00,0.7457540963371276,0.15758403467432064,0.28736133652705853,-1138126.0990883592
2025-06-30 13:00:00,0.7203431417128975,0.1574972687470731,0.2873283287882971,-1195441.2794260608
2025-06-30 14:00:00,0.6458419924042602,0.16675463222816153,0.2872952812672135,-1262782.602163361
2025-06-30 15:00:00,0.5273277786176289,0.18336853189751287,0.2872621939808094,-1291226.4426066324
2025-06-30 16:00:00,0.37287704816856376,0.20366400694747797,0.2872290669461067,-1145101.139007711
2025-06-30 17:00:00,0.19301536309526884,0.1999869639947888,0.2871959001801482,-1324182.940639247
2025-06-30 18:00:00,9.132853670302903e-17,0.177268652332712,0.28716269369999664,-1336710.5295989597
2025-06-30 19:00:00,0.0,0.1577981031963618,0.28712944752273556,-1382272.1229331384
2025-06-30 20:00:00,0.0,0.18616356004202006,0.28709616166546875,-1288980.3038404821
2025-06-30 21:00:00,0.0,0.1679602137637027,0.28706283614532047,-1435996.3600423045
2025-06-30 22:00:00,0.0,0.14443033423663057,0.28702947097943526,-1445372.3263246608
2025-06-30 23:00:00,0.0,0.19272503332598606,0.28699606618497825,-1353220.422976123
2025-07-01 00:00:00,0.0,0.196764566800302,0.2869626217791349,-1483696.627700128
2025-07-01 01:00:00,0.0,0.16373185443676838,0.2869291377791109,-1428037.4569598662
2025-07-01 02:00:00,0.0,0.14818577372608355,0.2868956142021325,-1458223.7274775847
2025-07-01 03:00:00,0.0,0.15485650598679035,0.28686205106544627,-1377790.0563610743
2025-07-01 04:00:00,0.0,0.1283382168440303,0.286828448386319,-1465987.4099655007
2025-07-01 05:00:00,0.0,0.15476914680231066,0.28679480618203795,-1387519.526858877
2025-07-01 06:00:00,0.0,0.16384585535347146,0.28676112446991076,-1310505.6849215194
2025-07-01 07:00:00,0.19275045142378355,0.1754448408963655,0.2867274032672652,-1301831.1494173112
2025-07-01 08:00:00,0.3723652781182181,0.15527488655289404,0.2866936425914496,-1308168.8725113147
2025-07-01 09:00:00,0.5266040264716136,0.16755779998222461,0.2866598424598324,-1317753.9575728667
2025-07-01 10:00:00,0.6449555806752694,0.1987271437934396,0.2866260028898024,-1275879.0033604938
2025-07-01 11:00:00,0.7193544778953973,0.15062300958626265,0.2865921238987687,-1321042.6238367793
2025-07-01 12:00:00,0.7447305562364364,0.19780228132244967,0.2865582055041607,-1257725.2731263821
2025-07-01 13:00:00,0.7193544778953973,0.19720932435499094,0.28652424772342816,-1284992.3206543606
2025-07-01 14:00:00,0.6449555806752694,0.17040578097184586,0.2864902505740408,-1225486.3899752945
2025-07-01 15:00:00,0.5266040264716136,0.1842102147389628,0.2864562140734889,-1195508.0430918804
2025-07-01 16:00:00,0.3723652781182181,0.1361081633779741,0.2864221382392829,-1196477.6841596705
2025-07-01 17:00:00,0.19275045142378378,0.17850333128877016,0.28638802308895334,-1254895.8855623018
2025-07-01 18:00:00,9.120318919221797e-17,0.1893887900185361,0.2863538686400512,-1464601.5629331258
2025-07-01 19:00:00,0.0,0.15800175397349178,0.28631967491014754,-1335656.8729266848
2025-07-01 20:00:00,0.0,0.18848121167072188,0.28628544191683364,-1401750.3923453318
2025-07-01 21:00:00,0.0,0.15480397970294127,0.286251169677721,-1492010.111129371
2025-07-01 22:00:00,0.0,0.18072147165355915,0.28621685821044135,-1441538.4570696938
2025-07-01 23:00:00,0.0,0.1400866760319482,0.28618250753264657,-1433633.978517403
2025-07-02 00:00:00,0.0,0.12754675902588258,0.28614811766200865,-1474309.7607126676
2025-07-02 01:00:00,0.0,0.18235425524712248,0.2861136886162198,-1472459.7473887694
2025-07-02 02:00:00,0.0,0.1864246345087105,0.28607922041299244,-1441857.0646473672
2025-07-02 03:00:00,0.0,0.1443525972235106,0.286044713070059,-1405820.9371414692
2025-07-02 04:00:00,0.0,0.136836747928501,0.28601016660517226,-1416376.0757361073
2025-07-02 05:00:00,0.0,0.19324195229997893,0.2859755810361049,-1443284.0572744603
2025-07-02 06:00:00,0.0,0.18132448071508475,0.28594095638064976,-1294548.8312719194
2025-07-02 07:00:00,0.19245718375945983,0.18582303415763476,0.2859062926566199,-1328038.431297322
2025-07-02 08:00:00,0.3717987284962466,0.199611662628218,0.2858715898818483,-1322519.9560567797
2025-07-02 09:00:00,0.5258028043124641,0.18403177374712004,0.28583684807418835,-1218164.5696501958
2025-07-02 10:00:00,0.6439742879450057,0.185852264847525,0.2858020672515132,-1181297.3320872206
2025-07-02 11:00:00,0.718259988071924,0.1313282612649931,0.2857672474317161,-1331290.212226218
2025-07-02 12:00:00,0.7435974569924932,0.14489170962985606,0.28573238863271067,-1318360.5716974654
2025-07-02 13:00:00,0.718259988071924,0.19713476472675137,0.2856974908724302,-1229346.589469205
2025-07-02 14:00:00,0.6439742879450058,0.13083230301374316,0.2856625541688282,-1238194.1405588184
2025-07-02 15:00:00,0.5258028043124642,0.13617684117187667,0.2856275785398783,-1142088.9678243764
2025-07-02 16:00:00,0.3717987284962466,0.13613933251422322,0.2855925640035739,-1192737.6760191156
2025-07-02 17:00:00,0.19245718375946003,0.16567054032694048,0.2855575105779287,-1354038.5192109975
2025-07-02 18:00:00,9.106442455599685e-17,0.13534273908288316,0.28552241828097624,-1317495.3155973682
2025-07-02 19:00:00,0.0,0.1706488457742284,0.28548728713077015,-1396187.3515576718
2025-07-02 20:00:00,0.0,0.19825802410559418,0.2854521171453839,-1384806.315126313
2025-07-02 21:00:00,0.0,0.18170693578299751,0.285416908342911,-1372393.943338037
2025-07-02 22:00:00,0.0,0.18394491144846556,0.28538166074146515,-1401325.5061685808
2025-07-02 23:00:00,0.0,0.12972180997883767,0.2853463743591797,-1395414.5962993023
2025-07-03 00:00:00,0.0,0.18561544702159902,0.28531104921420813,-1457801.9039422763
2025-07-03 01:00:00,0.0,0.16816501639540501,0.28527568532472375,-1399512.8083840176
2025-07-03 02:00:00,0.0,0.14795123457217693,0.28524028270891993,-1507506.7886341258
2025-07-03 03:00:00,0.0,0.19110468164834418,0.28520484138500984,-1468717.0259852954
2025-07-03 04:00:00,0.0,0.1397674792249659,0.28516936137122667,-1490069.844164955
2025-07-03 05:00:00,0.0,0.1757540243124182,0.2851338426858234,-1466422.3566548696
2025-07-03 06:00:00,0.0,0.14190477430460918,0.28509828534707304,-1397555.4926671258
2025-07-03 07:00:00,0.19213564700383565,0.15652048313426206,0.28506268937326834,-1406073.5330322795
2025-07-03 08:00:00,0.37117756718352934,0.1281440537995079,0.285027054782722,-1321278.3284983966
2025-07-03 09:00:00,0.5249243495595979,0.1805648363938327,0.2849913815937667,-1293215.4860330045
2025-07-03 10:00:00,0.6428984049916833,0.18118800250041003,0.28495566982475473,-1237087.2881513503
2025-07-03 11:00:00,0.7170599965634336,0.14247977725589342,0.2849199194940584,-1193965.5513496904
2025-07-03 12:00:00,0.7423551343670588,0.12876455294185332,0.2848841306200699,-1213721.2114056076
2025-07-03 13:00:00,0.7170599965634336,0.16935233204045294,0.2848483032212011,-1191497.4157104227
2025-07-03 14:00:00,0.6428984049916833,0.1402553170683957,0.28481243731588374,-1237598.4368776032
2025-07-03 15:00:00,0.5249243495595979,0.16299552571700957,0.28477653292256944,-1132822.842139649
2025-07-03 16:00:00,0.37117756718352934,0.13325261129131086,0.2847405900597295,-1254697.2010190194
2025-07-03 17:00:00,0.19213564700383584,0.1439309105725433,0.2847046087458552,-1382023.1334090421
2025-07-03 18:00:00,9.091228391332219e-17,0.14983914196251075,0.28466858899945735,-1366793.4877593257
2025-07-03 19:00:00,0.0,0.16260064813451663,0.28463253083906676,-1360821.1382667099
2025-07-03 20:00:00,0.0,0.16803556756741717,0.28459643428323383,-1308830.1206033565
2025-07-03 21:00:00,0.0,0.19104635046756574,0.28456029935052884,-1426183.2190010478
2025-07-03 22:00:00,0.0,0.1541889302508248,0.2845241260595418,-1399288.8796022814
2025-07-03 23:00:00,0.0,0.14979485903877335,0.2844879144288823,-1519495.1619702515
2025-07-04 00:00:00,0.0,0.1781663351768295,0.2844516644771799,-1320211.1435691488
2025-07-04 01:00:00,0.0,0.12182670399360361,0.2844153762230837,-1573747.0379625896
2025-07-04 02:00:00,0.0,0.13513417805518718,0.28437904968526245,-1463375.4658882322
2025-07-04 03:00:00,0.0,0.13307683107886317,0.28434268488240483,-1521226.9369480181
2025-07-04 04:00:00,0.0,0.17844865224921666,0.2843062818332191,-1393084.1578343965
2025-07-04 05:00:00,0.0,0.157534304260939,0.284269840556433,-1332014.317985105
2025-07-04 06:00:00,0.0,0.1523797059862726,0.2842333610707942,-1384740.7342536037
2025-07-04 07:00:00,0.1917859364351909,0.16294285467475528,0.28419684339507,-1320548.8022444763
2025-07-04 08:00:00,0.370501978243569,0.14033052142221714,0.2841602875480471,-1348447.1092584482
2025-07-04 09:00:00,0.5239689225181167,0.1369514348375039,0.2841236935485322,-1228653.0093852745
2025-07-04 10:00:00,0.6417282506226403,0.16990827703285163,0.28408706141535134,-1259342.164349039
2025-07-04 11:00:00,0.7157548589533076,0.1702455163478656,0.2840503911673503,-1303372.2435754994
2025-07-04 12:00:00,0.741003956487138,0.1734703288266352,0.2840136828233945,-1256232.9174511957
2025-07-04 13:00:00,0.7157548589533076,0.15169610626947205,0.2839769364023688,-1291426.6916099642
2025-07-04 14:00:00,0.6417282506226404,0.12753911544223756,0.28394015192317795,-1238859.467933982
2025-07-04 15:00:00,0.5239689225181168,0.12464670007713255,0.2839033294047459,-1294294.5801877258
2025-07-04 16:00:00,0.370501978243569,0.18075777697944473,0.2838664688660164,-1305964.657800526
2025-07-04 17:00:00,0.1917859364351911,0.19159102268011083,0.28382957032595274,-1308645.845752644
2025-07-04 18:00:00,9.074681234674982e-17,0.1717994715814782,0.28379263380353775,-1297821.7394917908
2025-07-04 19:00:00,0.0,0.15021227077741403,0.28375565931777386,-1412921.2457274415
2025-07-04 20:00:00,0.0,0.14202007125558205,0.28371864688768283,-1395699.2342063366
2025-07-04 21:00:00,0.0,0.17174027153042368,0.2836815965323061,-1446907.8087489968
2025-07-04 22:00:00,0.0,0.1501241402479071,0.2836445082707046,-1400122.6239844763
2025-07-04 23:00:00,0.0,0.1513266665656281,0.2836073821219588,-1472401.6761736507
2025-07-05 00:00:00,0.0,0.14297329441524978,0.2835702181051686,-1481565.5242454985
2025-07-05 01:00:00,0.0,0.1277772868650044,0.2835330162394533,-1548835.100012723
2025-07-05 02:00:00,0.0,0.1476465037445479,0.28349577654395197,-1497715.989221972
2025-07-05 03:00:00,0.0,0.12062877743275184,0.2834584990378227,-1515821.2744836286
2025-07-05 04:00:00,0.0,0.1821496974225412,0.2834211837402434,-1413346.077120642
2025-07-05 05:00:00,0.0,0.12330365590305382,0.2833838306704113,-1426572.9174820087
2025-07-05 06:00:00,0.0,0.12114537286499204,0.283346439847543,-1374097.9266565416
2025-07-05 07:00:00,0.19140815568031458,0.16803527100564902,0.28330901129087466,-1355466.004901124
2025-07-05 08:00:00,0.3697721618679489,0.1426435220036118,0.2832715450196617,-1307907.9612908615
2025-07-05 09:00:00,0.5229368063016728,0.15772089699077757,0.283234041053179,-1331125.1845069812
2025-07-05 10:00:00,0.6404641715798706,0.13914513546255552,0.28319649941072084,-1223607.1201699656
2025-07-05 11:00:00,0.7143449619819875,0.1422568822870897,0.283158920111601,-1274640.4608557126
2025-07-05 12:00:00,0.739544323735898,0.1351858493836341,0.28312130317515244,-1212843.1140638357
2025-07-05 13:00:00,0.7143449619819875,0.13561960768632614,0.28308364862072755,-1052597.2951568055
2025-07-05 14:00:00,0.6404641715798707,0.1889308855313865,0.2830459564676981,-1197902.5946372482
2025-07-05 15:00:00,0.5229368063016729,0.13269716596966222,0.2830082267354552,-1211789.0871532422
2025-07-05 16:00:00,0.3697721618679489,0.13191616765264372,0.2829704594434093,-1191550.768609414
2025-07-05 17:00:00,0.19140815568031477,0.13439798697980207,0.28293265461099015,-1143629.375511328
2025-07-05 18:00:00,9.056805888907614e-17,0.16122074245192375,0.2828948122576468,-1363554.3012514962
2025-07-05 19:00:00,0.0,0.14327009403119018,0.2828569324028476,-1362789.9657158474
2025-07-05 20:00:00,0.0,0.17059904720083632,0.28281901506608026,-1303240.923789523
2025-07-05 21:00:00,0.0,0.14670729597166088,0.28278106026685174,-1432483.0533714993
2025-07-05 22:00:00,0.0,0.11817431702898352,0.2827430680246882,-1494230.0197646564
2025-07-05 23:00:00,0.0,0.11811930862681201,0.2827050383591352,-1429969.467131366
2025-07-06 00:00:00,0.0,0.15765015930200482,0.2826669712897574,-1431496.5483310623
2025-07-06 01:00:00,0.0,0.158914945134492,0.2826288668361388,-1555818.63713646
2025-07-06 02:00:00,0.0,0.15656609277144645,0.2825907250178826,-1401903.7337314351
2025-07-06 03:00:00,0.0,0.1764030772848586,0.28255254585461137,-1509048.0351366757
2025-07-06 04:00:00,0.0,0.12116632495834094,0.2825143293659666,-1411911.4703222718
2025-07-06 05:00:00,0.0,0.12921947736172723,0.2824760755716092,-1478506.375207956
2025-07-06 06:00:00,0.0,0.18623667965800575,0.28243778449121915,-1330973.917743335
2025-07-06 07:00:00,0.19100241668379747,0.17435120787968109,0.28239945614449574,-1318069.2578163391
2025-07-06 08:00:00,0.368988334317012,0.1733114023076213,0.2823610905511574,-1278229.6139552072
2025-07-06 09:00:00,0.521828306748576,0.18403984825276795,0.2823226877309416,-1280110.8755310206
2025-07-06 10:00:00,0.6391065424372756,0.1717999218974346,0.28228424770360516,-1252842.0365125642
2025-07-06 11:00:00,0.7128307234323737,0.15620119202237598,0.28224577048892385,-1256415.8124097611
2025-07-06 12:00:00,0.7379766686340241,0.13385971655781573,0.28220725610669256,-1181997.0839918412
2025-07-06 13:00:00,0.7128307234323737,0.1593184208828657,0.2821687045767256,-1272832.6070117655
2025-07-06 14:00:00,0.6391065424372757,0.17775550628817474,0.28213011591885606,-1348628.47297996
2025-07-06 15:00:00,0.5218283067485762,0.15318640750905088,0.2820914901529362,-1159487.1551026544
2025-07-06 16:00:00,0.368988334317012,0.12080835891301005,0.2820528272988376,-1337995.7948413244
2025-07-06 17:00:00,0.1910024166837977,0.17235152499488535,0.2820141273764507,-1277552.0206832627
2025-07-06 18:00:00,9.037607650880844e-17,0.13964532542596977,0.2819753904056849,-1400620.6685702133
2025-07-06 19:00:00,0.0,0.1606301768832029,0.281936616406469,-1280254.287953417
2025-07-06 20:00:00,0.0,0.17161677103784967,0.2818978053987506,-1392754.1692416896
2025-07-06 21:00:00,0.0,0.1561945651646914,0.28185895740249634,-1406805.9308118986
2025-07-06 22:00:00,0.0,0.1360873877058895,0.2818200724376921,-1510115.3892182931
2025-07-06 23:00:00,0.0,0.13254367392147504,0.28178115052434244,-1481910.051154335
2025-07-07 00:00:00,0.0,0.12599139423432193,0.28174219168247133,-1471312.7336687539
2025-07-07 01:00:00,0.0,0.1280465703957908,0.2817031959321214,-1422977.0189251718
2025-07-07 02:00:00,0.0,0.13631401749775288,0.2816641632933544,-1431427.747989694
2025-07-07 03:00:00,0.0,0.11539606465689838,0.28162509378625117,-1399256.082443782
2025-07-07 04:00:00,0.0,0.1266708430496662,0.28158598743091123,-1494283.1649258146
2025-07-07 05:00:00,0.0,0.17301345414590716,0.28154684424745335,-1353535.232613374
2025-07-07 06:00:00,0.0,0.1632962630722716,0.28150766425601514,-1435571.0602219573
2025-07-07 07:00:00,0.19056883967486082,0.17207669575289283,0.2814684474767531,-1371233.1718830322
2025-07-07 08:00:00,0.36815072785577785,0.11762020852368739,0.2814291939298426,-1399259.212075656
2025-07-07 09:00:00,0.5206437523311676,0.1477398782483165,0.2813899036354782,-1356716.1592808631
2025-07-07 10:00:00,0.6376557654896701,0.13644572200171004,0.281350576613873,-1235467.7243225572
2025-07-07 11:00:00,0.7112125920060284,0.14023753551708298,0.2813112128852593,-1203991.464679601
2025-07-07 12:00:00,0.7363014557115558,0.16423349569049805,0.2812718124698881,-1233930.5338203372
2025-07-07 13:00:00,0.7112125920060284,0.1726536738493321,0.28123237538802937,-1322618.6774117665
2025-07-07 14:00:00,0.6376557654896702,0.11729017691519103,0.28119290165997185,-1221440.925947639
2025-07-07 15:00:00,0.5206437523311676,0.16266156773789853,0.2811533913060232,-1185132.9492194713
2025-07-07 16:00:00,0.36815072785577785,0.12061298609674961,0.28111384434651,-1137865.9029943321
2025-07-07 17:00:00,0.19056883967486105,0.17644311597731316,0.2810742608017774,-1277795.6697151111
2025-07-07 18:00:00,9.017092209446935e-17,0.16555454350360604,0.28103464069218975,-1367221.9700497636
2025-07-07 19:00:00,0.0,0.17395793891528247,0.28099498403812984,-1342477.0931509035
2025-07-07 20:00:00,0.0,0.12807085180042063,0.28095529085999954,-1377344.6254020578
2025-07-07 21:00:00,0.0,0.13105393267875812,0.2809155611782193,-1457339.4035173315
2025-07-07 22:00:00,0.0,0.14948170320239518,0.2808757950132285,-1409649.1892727371
2025-07-07 23:00:00,0.0,0.15184702639713168,0.28083599238548523,-1478287.940731548
2025-07-08 00:00:00,0.0,0.17264726692100288,0.2807961533154664,-1476943.8120036048
2025-07-08 01:00:00,0.0,0.1808908712693056,0.2807562778236676,-1458799.4207534965
2025-07-08 02:00:00,0.0,0.17149060466741045,0.28071636593060306,-1503937.420715818
2025-07-08 03:00:00,0.0,0.11395027026099579,0.2806764176568059,-1340553.059627563
2025-07-08 04:00:00,0.0,0.17498955332511734,0.280636433022828,-1442770.336051223
2025-07-08 05:00:00,0.0,0.143025577136042,0.2805964120492397,-1479370.2454868902
2025-07-08 06:00:00,0.0,0.1265033583909587,0.28055635475663027,-1373123.9045378913
2025-07-08 07:00:00,0.19010755313172978,0.11565704769803228,0.28051626116560757,-1284921.488551901
2025-07-08 08:00:00,0.36725959068511804,0.12287394694344181,0.28047613129679816,-1307166.018116384
2025-07-08 09:00:00,0.5193834940584856,0.1707028795071362,0.28043596517084723,-1420028.8033164465
2025-07-08 10:00:00,0.6361122706335741,0.15884752662184967,0.28039576280841866,-1270439.2063070044
2025-07-08 11:00:00,0.7094910471902154,0.14523933410704842,0.2803555242301949,-1312528.6901588107
2025-07-08 12:00:00,0.7345191813702362,0.13183072000077328,0.28031524945687714,-1261829.6677980176
2025-07-08 13:00:00,0.7094910471902154,0.16367641224568988,0.28027493850918506,-1248190.3329269018
2025-07-08 14:00:00,0.6361122706335742,0.1211602723301689,0.2802345914078571,-1264311.072824154
2025-07-08 15:00:00,0.5193834940584856,0.11850855953032229,0.28019420817365026,-1242019.8138151206
2025-07-08 16:00:00,0.36725959068511804,0.13611479857588765,0.28015378882734,-1379372.9096344647
2025-07-08 17:00:00,0.19010755313173,0.16782975148552168,0.28011333338972044,-1247508.1061278048
2025-07-08 18:00:00,8.995265643773941e-17,0.11851435267524775,0.2800728418816043,-1241334.2177752636
2025-07-08 19:00:00,0.0,0.12419926877580455,0.2800323143238229,-1355512.1830331115
2025-07-08 20:00:00,0.0,0.11650462439134515,0.27999175073722604,-1405178.6137453576
2025-07-08 21:00:00,0.0,0.12314428313905,0.279951151142682,-1485124.2669787682
2025-07-08 22:00:00,0.0,0.11908970191860889,0.27991051556107766,-1484856.05573863
2025-07-08 23:00:00,0.0,0.17109790027732222,0.2798698440133184,-1520401.5358479791
2025-07-09 00:00:00,0.0,0.15429861736793218,0.27982913652032804,-1520558.0711312229
2025-07-09 01:00:00,0.0,0.15795419669237992,0.27978839310304904,-1557028.6282910567
2025-07-09 02:00:00,0.0,0.14623444112433784,0.2797476137824423,-1354839.3360778315
2025-07-09 03:00:00,0.0,0.13683790454243147,0.27970679857948694,-1485524.148375169
2025-07-09 04:00:00,0.0,0.11423382385593375,0.2796659475151809,-1396261.27278559
2025-07-09 05:00:00,0.0,0.1551014676837141,0.27962506061054043,-1381391.8205236408
2025-07-09 06:00:00,0.0,0.12017206511306076,0.2795841378866002,-1473765.4837113617
2025-07-09 07:00:00,0.18961869374356233,0.13887131409603481,0.2795431793644132,-1378500.0656922003
2025-07-09 08:00:00,0.3663151868682085,0.15627017846364713,0.27950218506505103,-1257897.8916577576
2025-07-09 09:00:00,0.5180479053722551,0.1660821816716428,0.27946115500960356,-1290386.4882730306
2025-07-09 10:00:00,0.6344765152398247,0.11433924816960288,0.27942008921917916,-1414614.5376482385
2025-07-09 11:00:00,0.7076665991158176,0.124459929432954,0.2793789877149045,-1311729.9052068384
2025-07-09 12:00:00,0.732630373736417,0.13264070334500372,0.27933785051792465,-1302725.8326325088
2025-07-09 13:00:00,0.7076665991158176,0.1306299561919975,0.2792966776494031,-1208731.1095652487
2025-07-09 14:00:00,0.6344765152398248,0.14155703507766995,0.2792554691305216,-1306745.3842034014
2025-07-09 15:00:00,0.5180479053722552,0.15616948333632147,0.2792142249824803,-1243494.03459045
2025-07-09 16:00:00,0.3663151868682085,0.16213598090914066,0.2791729452264976,-1330715.337007802
2025-07-09 17:00:00,0.18961869374356255,0.12814492357457735,0.27913162988381035,-1268261.4602442712
2025-07-09 18:00:00,8.972134421544323e-17,0.11988938741512845,0.2790902789756736,-1438259.9172406825
2025-07-09 19:00:00,0.0,0.17310488578740493,0.27904889252336074,-1284446.0363591593
2025-07-09 20:00:00,0.0,0.11594035335441487,0.27900747054816344,-1403551.7644986087
2025-07-09 21:00:00,0.0,0.15297914394958342,0.2789660130713916,-1436073.4367562605
2025-07-09 22:00:00,0.0,0.1583727044487163,0.2789245201143735,-1525877.2300422322
2025-07-09 23:00:00,0.0,0.1328152519812576,0.27888299169845554,-1587451.82086803
2025-07-10 00:00:00,0.0,0.1448634170523122,0.2788414278450025,-1531403.0568785558
2025-07-10 01:00:00,0.0,0.1302090925328714,0.27879982857539726,-1519511.666203738
2025-07-10 02:00:00,0.0,0.13050770331917402,0.27875819391104095,-1400429.8415607638
2025-07-10 03:00:00,0.0,0.11243726466761748,0.278716523873353,-1380085.5921156048
2025-07-10 04:00:00,0.0,0.12170211768904977,0.2786748184837709,-1412557.0396687114
2025-07-10 05:00:00,0.0,0.1318724200277311,0.27863307776375046,-1353269.792061719
2025-07-10 06:00:00,0.0,0.13378045205997688,0.2785913017347656,-1337747.4641951262
2025-07-10 07:00:00,0.1891024063699458,0.16350502875949618,0.2785494904183084,-1314373.3650612005
2025-07-10 08:00:00,0.3653177962522821,0.12681497750159434,0.27850764383588905,-1353525.1992057702
2025-07-10 09:00:00,0.5166373820362284,0.1316041843278491,0.278465762009036,-1296384.9466520813
2025-07-10 10:00:00,0.6327489840180478,0.164489388464012,0.2784238449592958,-1258691.9355194718
2025-07-10 11:00:00,0.7057397884061744,0.13611988193423855,0.278381892708233,-1417694.4608787491
2025-07-10 12:00:00,0.7306355925045643,0.13027146294975311,0.2783399052774304,-1230132.4119227699
2025-07-10 13:00:00,0.7057397884061744,0.11108680175713026,0.2782978826884889,-1287801.7862023138
2025-07-10 14:00:00,0.6327489840180479,0.13140752304782888,0.27825582496302737,-1230203.6042700189
2025-07-10 15:00:00,0.5166373820362286,0.12851142415635924,0.27821373212268274,-1334259.6264646612
2025-07-10 16:00:00,0.3653177962522821,0.12520171206830918,0.27817160418911024,-1331234.8823793072
2025-07-10 17:00:00,0.18910240636994602,0.15744844686619147,0.2781294411839829,-1272821.9018217374
2025-07-10 18:00:00,8.947705397038446e-17,0.17095027900439194,0.278087243128992,-1279612.85839365
2025-07-10 19:00:00,0.0,0.13000460454133958,0.27804501004584675,-1325262.7607588437
2025-07-10 20:00:00,0.0,0.1677929609919881,0.27800274195627417,-1367050.241928977
2025-07-10 21:00:00,0.0,0.16768600984436197,0.27796043888201977,-1404637.9163512657
2025-07-10 22:00:00,0.0,0.11074259027233545,0.2779181008448465,-1467106.9473928926
2025-07-10 23:00:00,0.0,0.1258020500258672,0.27787572786653575,-1405951.449308419
2025-07-11 00:00:00,0.0,0.13925301184864514,0.27783331996888677,-1568980.5203210015
2025-07-11 01:00:00,0.0,0.1371072632322372,0.27779087717371664,-1441515.2353919493
2025-07-11 02:00:00,0.0,0.12312757496976046,0.2777483995028604,-1402365.8262728779
2025-07-11 03:00:00,0.0,0.16265880768327934,0.2777058869781713,-1403179.8062552682
2025-07-11 04:00:00,0.0,0.12813743483253692,0.2776633396215201,-1435306.677856818
2025-07-11 05:00:00,0.0,0.14221762614561037,0.2776207574547959,-1428877.3113850504
2025-07-11 06:00:00,0.0,0.1206464301120885,0.2775781404999055,-1461547.8974055846
2025-07-11 07:00:00,0.18855884399797126,0.15618604066723668,0.27753548877877343,-1300960.1952368224
2025-07-11 08:00:00,0.3642677143857039,0.1283476416675835,0.27749280231334245,-1264322.858470846
2025-07-11 09:00:00,0.5151523420189114,0.11032993014583874,0.277450081125573,-1307452.3492871267
2025-07-11 10:00:00,0.6309301888730275,0.14454800998554757,0.2774073252374435,-1333926.4385210406
2025-07-11 11:00:00,0.7037111860168828,0.15711836360559683,0.27736453467094996,-1266687.4112759738
2025-07-11 12:00:00,0.7285354287714079,0.10999109779086891,0.27732170944810647,-1270873.2396568905
2025-07-11 13:00:00,0.7037111860168828,0.13582312834814825,0.277278849590945,-1282529.6135580663
2025-07-11 14:00:00,0.6309301888730277,0.11394505247397452,0.27723595512151517,-1189364.2437365802
2025-07-11 15:00:00,0.5151523420189115,0.1464495885795255,0.2771930260618844,-1266993.9775608324
2025-07-11 16:00:00,0.3642677143857039,0.1489000861096476,0.277150062434138,-1306169.5160187145
2025-07-11 17:00:00,0.18855884399797146,0.16240798305747892,0.27710706426037895,-1333410.4194298512
2025-07-11 18:00:00,8.921985809103491e-17,0.11649625842395295,0.2770640315627283,-1311782.1179756052
2025-07-11 19:00:00,0.0,0.12428537048228099,0.2770209643633245,-1312485.5550630384
2025-07-11 20:00:00,0.0,0.12996360990468048,0.27697786268432395,-1406209.1261728667
2025-07-11 21:00:00,0.0,0.16364584456024914,0.27693472654790063,-1319549.8200548862
2025-07-11 22:00:00,0.0,0.1427495173129039,0.27689155597624643,-1476760.3094916518
2025-07-11 23:00:00,0.0,0.15361511928444174,0.27684835099157096,-1486806.1660337686
2025-07-12 00:00:00,0.0,0.12777918163850238,0.27680511161610133,-1426538.3725180794
2025-07-12 01:00:00,0.0,0.1291836287932903,0.2767618378720825,-1519320.0657186063
2025-07-12 02:00:00,0.0,0.157164877054522,0.276718529781777,-1487858.4185145723
2025-07-12 03:00:00,0.0,0.12208635228820447,0.2766751873674652,-1379073.1050997626
2025-07-12 04:00:00,0.0,0.151205277567179,0.27663181065144504,-1461327.228974111
2025-07-12 05:00:00,0.0,0.13949909180251072,0.27658839965603205,-1433624.4104807614
2025-07-12 06:00:00,0.0,0.14160772661607465,0.2765449544035595,-1323970.790735848
2025-07-12 07:00:00,0.18798816769690063,0.14983745764803338,0.27650147491637816,-1294729.9689663446
2025-07-12 08:00:00,0.3631652524303934,0.1528616118717532,0.27645796121685645,-1257231.0244246041
2025-07-12 09:00:00,0.513593225369711,0.1504505586050923,0.2764144133273806,-1231896.580104971
2025-07-12 10:00:00,0.629020668753018,0.12333844704607444,0.27637083127035406,-1313909.254237119
2025-07-12 11:00:00,0.7015813930666117,0.13533692491114943,0.2763272150681982,-1197635.490972727
2025-07-12 12:00:00,0.7263305048607869,0.1449998961697124,0.27628356474335164,-1281528.8881486189
2025-07-12 13:00:00,0.7015813930666117,0.1617933581707479,0.27623988031827085,-1291052.1610641486
2025-07-12 14:00:00,0.6290206687530181,0.14138480676528317,0.27619616181542966,-1256562.3969333165
2025-07-12 15:00:00,0.5135932253697111,0.12090071394370544,0.27615240925731954,-1354824.0924791824
2025-07-12 16:00:00,0.3631652524303934,0.14701361237383992,0.27610862266644937,-1342938.036485309
2025-07-12 17:00:00,0.18798816769690085,0.13682329348498487,0.2760648020653456,-1374665.3264516375
2025-07-12 18:00:00,8.894983279008437e-17,0.15864343069018844,0.2760209474765522,-1367645.1951087434
2025-07-12 19:00:00,0.0,0.1189071854665665,0.27597705892263064,-1324563.379073251
2025-07-12 20:00:00,0.0,0.12228808140785792,0.2759331364261597,-1271906.0395000253
2025-07-12 21:00:00,0.0,0.15839335851412384,0.2758891800097358,-1372055.8878110286
2025-07-12 22:00:00,0.0,0.16386890800156972,0.2758451896959727,-1455655.7772453146
2025-07-12 23:00:00,0.0,0.15534044953465695,0.2758011655075018,-1678610.0258622845
2025-07-13 00:00:00,0.0,0.1293690390894966,0.2757571074669716,-1431735.2603615287
2025-07-13 01:00:00,0.0,0.13326817893543338,0.27571301559704836,-1611547.1066794381
2025-07-13 02:00:00,0.0,0.14016302661261645,0.27566888992041544,-1452659.9697605679
2025-07-13 03:00:00,0.0,0.1098970337013609,0.2756247304597738,-1423162.8446185023
2025-07-13 04:00:00,0.0,0.10814868069334499,0.2755805372378417,-1441450.5592225108
2025-07-13 05:00:00,0.0,0.11169824046994156,0.27553631027735476,-1385371.0459139924
2025-07-13 06:00:00,0.0,0.10512005710316845,0.275492049601066,-1430545.1566925126
2025-07-13 07:00:00,0.1873905465704381,0.10629501193147232,0.27544775523174575,-1215749.44773427
2025-07-13 08:00:00,0.36201073706962106,0.13806612402827864,0.2754034271921817,-1195774.150693712
2025-07-13 09:00:00,0.5119604940885387,0.12050814824426428,0.2753590655051788,-1349560.6092151739
2025-07-13 10:00:00,0.6270209894900418,0.14810034044500323,0.2753146701935594,-1131656.835712394
2025-07-13 11:00:00,0.6993510406589769,0.14739484028868824,0.2752702412801631,-1264172.2889133724
2025-07-13 12:00:00,0.7240214741392422,0.13659299518432966,0.2752257787878468,-1221220.0977460453
2025-07-13 13:00:00,0.6993510406589769,0.16193092223962266,0.27518128273948467,-1298696.6045174429
2025-07-13 14:00:00,0.6270209894900418,0.11897071650777724,0.27513675315796815,-1148864.1653750383
2025-07-13 15:00:00,0.5119604940885388,0.1321737198361037,0.2750921900662059,-1208239.1465903576
2025-07-13 16:00:00,0.36201073706962106,0.10517867174688489,0.2750475934871238,-1350678.6209062694
2025-07-13 17:00:00,0.1873905465704383,0.14072875154472653,0.2750029634436651,-1292470.3486570902
2025-07-13 18:00:00,8.866705808185713e-17,0.1428051267837303,0.27495829995879006,-1369694.4540725567
2025-07-13 19:00:00,0.0,0.1078141128845378,0.27491360305547635,-1436484.600724051
2025-07-13 20:00:00,0.0,0.11290590546554825,0.27486887275671873,-1349003.7116930564
2025-07-13 21:00:00,0.0,0.1271848483184984,0.274824109085529,-1363994.8102858665
2025-07-13 22:00:00,0.0,0.10573200390129894,0.27477931206493644,-1407755.0748152386
2025-07-13 23:00:00,0.0,0.12316257940299578,0.27473448171798726,-1417619.385577918
2025-07-14 00:00:00,0.0,0.13477925013284595,0.27468961806774483,-1456734.2677435328
2025-07-14 01:00:00,0.0,0.10677371597224103,0.27464472113728977,-1470197.934664716
2025-07-14 02:00:00,0.0,0.13996845696224522,0.2745997909497197,-1442094.5396833373
2025-07-14 03:00:00,0.0,0.15497521527163208,0.2745548275281494,-1516068.8061105758
2025-07-14 04:00:00,0.0,0.12377190245362749,0.27450983089571085,-1369003.6316498483
2025-07-14 05:00:00,0.0,0.15227406309737482,0.2744648010755529,-1376155.2407042936
2025-07-14 06:00:00,0.0,0.12931484457469553,0.2744197380908415,-1430511.7180777937
2025-07-14 07:00:00,0.18676615770662117,0.14798265513103026,0.2743746419647599,-1369810.8812508427
2025-07-14 08:00:00,0.360804510411205,0.14832833002128973,0.27432951272050826,-1266051.476325864
2025-07-14 09:00:00,0.5102546319889107,0.10144243826721218,0.2742843503813036,-1225816.0353762666
2025-07-14 10:00:00,0.624931743632221,0.13971761712119232,0.27423915497038037,-1189219.2569332323
2025-07-14 11:00:00,0.6970207896955319,0.10304814419312769,0.27419392651098956,-1204330.821754834
2025-07-14 12:00:00,0.72160902082241,0.11130762713313595,0.27414866502639956,-1136827.7788717258
2025-07-14 13:00:00,0.6970207896955319,0.14922228570308188,0.2741033705398955,-1211946.9619080948
2025-07-14 14:00:00,0.624931743632221,0.11671901306915443,0.2740580430747796,-1267524.4237268688
2025-07-14 15:00:00,0.5102546319889107,0.14888679849640457,0.2740126826543711,-1228025.2521086866
2025-07-14 16:00:00,0.360804510411205,0.11275338819204804,0.273967289302006,-1286598.1682898873
2025-07-14 17:00:00,0.18676615770662136,0.11107150280002896,0.27392186304103733,-1318511.1990139205
2025-07-14 18:00:00,8.837161775860201e-17,0.14141314152636938,0.2738764038948352,-1408534.4348442073
2025-07-14 19:00:00,0.0,0.11687403834140353,0.2738309118867865,-1337642.2114958044
2025-07-14 20:00:00,0.0,0.12124535891581589,0.273785387040295,-1367730.9698303465
2025-07-14 21:00:00,0.0,0.11751475678653335,0.2737398293787814,-1378543.7594039282
2025-07-14 22:00:00,0.0,0.10836959588564138,0.2736942389256833,-1573407.5139363997
2025-07-14 23:00:00,0.0,0.1557987548681107,0.27364861570445514,-1441563.4241126892
2025-07-15 00:00:00,0.0,0.10317974859571956,0.27360295973856835,-1486580.5452088353
2025-07-15 01:00:00,0.0,0.13595295518563394,0.2735572710515109,-1472049.0004653092
2025-07-15 02:00:00,0.0,0.13876439951793093,0.2735115496667879,-1442948.5399767621
2025-07-15 03:00:00,0.0,0.12310696948907084,0.27346579560792117,-1398139.4837212784
2025-07-15 04:00:00,0.0,0.14507806237969836,0.27342000889844936,-1372223.293728341
2025-07-15 05:00:00,0.0,0.11304376865308824,0.2733741895619279,-1477656.0614900629
2025-07-15 06:00:00,0.0,0.10941076079337296,0.2733283376219289,-1246739.394750638
2025-07-15 07:00:00,0.18611518612534556,0.12199668156698329,0.27328245310204136,-1452644.6671331197
2025-07-15 08:00:00,0.3595469298861363,0.14145972664993647,0.2732365360258711,-1348550.5532528276
2025-07-15 09:00:00,0.5084761445545822,0.10260807754973252,0.2731905864170406,-1296821.9097707963
2025-07-15 10:00:00,0.6227535502681929,0.14542564253201207,0.2731446042991891,-1270327.5027397447
2025-07-15 11:00:00,0.6945913306799278,0.09781318111678781,0.27309858969597245,-1202883.0361311154
2025-07-15 12:00:00,0.7190938597722727,0.13625473043592753,0.27305254263106343,-1297190.141452305
2025-07-15 13:00:00,0.6945913306799278,0.10570155889235563,0.27300646312815136,-1304634.6288685023
2025-07-15 14:00:00,0.6227535502681929,0.13095061638709551,0.27296035121094225,-1334874.6356513305
2025-07-15 15:00:00,0.5084761445545823,0.1309132545391114,0.27291420690315893,-1260481.0604082972
2025-07-15 16:00:00,0.3595469298861363,0.12420863349814935,0.2728680302285408,-1317698.0940127075
2025-07-15 17:00:00,0.18611518612534578,0.1440795016953086,0.27282182121084375,-1215782.8510706108
2025-07-15 18:00:00,8.806359936566293e-17,0.10520502526407868,0.27277557987384066,-1289761.655199229
2025-07-15 19:00:00,0.0,0.13898318338108506,0.27272930624132063,-1332979.1875965858
2025-07-15 20:00:00,0.0,0.11065077196567806,0.27268300033708986,-1401637.2452809813
2025-07-15 21:00:00,0.0,0.11061299387293962,0.2726366621849706,-1475082.1381405247
2025-07-15 22:00:00,0.0,0.1524020871903372,0.2725902918088022,-1389069.129490689
2025-07-15 23:00:00,0.0,0.12385091783963206,0.27254388923244016,-1415286.9153568216
2025-07-16 00:00:00,0.0,0.1279113538420277,0.272497454479757,-1449938.0884502188
2025-07-16 01:00:00,0.0,0.11896625787358776,0.2724509875746412,-1544149.1198746157
2025-07-16 02:00:00,0.0,0.14547863240788236,0.27240448854099836,-1325430.469639507
2025-07-16 03:00:00,0.0,0.14340107458995616,0.2723579574027503,-1453712.2751123281
2025-07-16 04:00:00,0.0,0.13524793067084914,0.27231139418383543,-1450602.5934296278
2025-07-16 05:00:00,0.0,0.1064124071207877,0.2722647989082087,-1404786.627393974
2025-07-16 06:00:00,0.0,0.10634285484266179,0.2722181715998414,-1313751.6919282537
2025-07-16 07:00:00,0.18543782472353998,0.1422714881348854,0.2721715122827215,-1263093.1028113107
2025-07-16 08:00:00,0.3582383681426655,0.14582382904467917,0.2721248209808533,-1199566.0547749817
2025-07-16 09:00:00,0.5066255587897632,0.10364492184458966,0.27207809771825764,-1341218.9364180216
2025-07-16 10:00:00,0.6204870548436606,0.14417158066117,0.27203134251897176,-1301733.395191428
2025-07-16 11:00:00,0.6920633835133033,0.1226439486622152,0.2719845554070493,-1240781.035268766
2025-07-16 12:00:00,0.7164767362853312,0.14512492225739204,0.2719377364065604,-1248982.4138743812
2025-07-16 13:00:00,0.6920633835133033,0.10889017242336585,0.2718908855415914,-1307375.2790656004
2025-07-16 14:00:00,0.6204870548436607,0.14304202778694275,0.27184400283624544,-1263525.4562490417
2025-07-16 15:00:00,0.5066255587897633,0.10718499421007797,0.2717970883146416,-1257849.7917440825
2025-07-16 16:00:00,0.3582383681426655,0.11763228992737187,0.27175014200091563,-1295754.1250514686
2025-07-16 17:00:00,0.18543782472354017,0.12431629675528337,0.27170316391921945,-1233860.7751280477
2025-07-16 18:00:00,8.774309417553729e-17,0.1280862171013061,0.2716561540937214,-1298183.6185631547
2025-07-16 19:00:00,0.0,0.09725616502692774,0.2716091125486062,-1455440.3023682414
2025-07-16 20:00:00,0.0,0.1282689330584443,0.2715620393080749,-1279716.3531786872
2025-07-16 21:00:00,0.0,0.12520551398898952,0.2715149343963446,-1406887.9883113357
2025-07-16 22:00:00,0.0,0.09983192836274558,0.271467797837649,-1409656.9757530608
2025-07-16 23:00:00,0.0,0.12439772448747995,0.271420629656238,-1507869.8929344427
2025-07-17 00:00:00,0.0,0.14399224960249016,0.27137342987637764,-1431290.1425181113
2025-07-17 01:00:00,0.0,0.13456369769297172,0.27132619852235046,-1474937.2467494737
2025-07-17 02:00:00,0.0,0.12227647663441803,0.271278935618455,-1546184.122614732
2025-07-17 03:00:00,0.0,0.10489684598019909,0.27123164118900606,-1447246.809224077
2025-07-17 04:00:00,0.0,0.10562082764209971,0.2711843152583348,-1440982.9832631424
2025-07-17 05:00:00,0.0,0.1253671399447192,0.2711369578507886,-1341071.7521117413
2025-07-17 06:00:00,0.0,0.14130294733362875,0.2710895689907308,-1299279.8431392568
2025-07-17 07:00:00,0.1847342742180064,0.14858155265914377,0.2710421487025411,-1318824.5859545402
2025-07-17 08:00:00,0.35687921293587826,0.14288704488858406,0.27099469701061546,-1306894.7364037277
2025-07-17 09:00:00,0.5047034230629548,0.11782539556517968,0.27094721393936566,-1295500.4329535493
2025-07-17 10:00:00,0.6181329289701334,0.11713256591641708,0.27089969951322,-1340962.689150811
2025-07-17 11:00:00,0.6894376972809613,0.12606858662870657,0.2708521537566227,-1356168.6004202818
2025-07-17 12:00:00,0.7137584258717566,0.10821513703197172,0.2708045766940342,-1240229.9553150302
2025-07-17 13:00:00,0.6894376972809613,0.11529872355878522,0.27075696834993085,-1233125.1455870254
2025-07-17 14:00:00,0.6181329289701334,0.11295475384525652,0.2707093287488053,-1329066.1835375067
2025-07-17 15:00:00,0.5047034230629549,0.10926579513596361,0.2706616579151662,-1278323.401231034
2025-07-17 16:00:00,0.35687921293587826,0.09819296440016863,0.2706139558735384,-1310730.861676943
2025-07-17 17:00:00,0.1847342742180066,0.12155408388612723,0.27056622264846253,-1354383.665816103
2025-07-17 18:00:00,8.741019716083002e-17,0.10701505604963277,0.2705184582644955,-1289817.0832687984
2025-07-17 19:00:00,0.0,0.14109600993843677,0.27047066274621007,-1373064.764604321
2025-07-17 20:00:00,0.0,0.10248719761409185,0.2704228361181953,-1394870.834134011
2025-07-17 21:00:00,0.0,0.1462070053755032,0.2703749784050559,-1374637.9467025758
2025-07-17 22:00:00,0.0,0.0979288421266661,0.27032708963141283,-1405264.0689452928
2025-07-17 23:00:00,0.0,0.11492602609044918,0.2702791698219029,-1566671.022366039
2025-07-18 00:00:00,0.0,0.13726411702327893,0.27023121900117897,-1483778.5529462048
2025-07-18 01:00:00,0.0,0.11858966010654926,0.2701832371939098,-1502432.9116197599
2025-07-18 02:00:00,0.0,0.14404349098155425,0.27013522442478005,-1450970.0071116926
2025-07-18 03:00:00,0.0,0.13071830302711193,0.2700871807184904,-1416236.886070276
2025-07-18 04:00:00,0.0,0.14648338803675298,0.2700391060997575,-1354435.2145731433
2025-07-18 05:00:00,0.0,0.1144560126240615,0.2699910005933137,-1421763.708794288
2025-07-18 06:00:00,0.0,0.13701343434700616,0.2699428642239074,-1318526.2383726512
2025-07-18 07:00:00,0.1840047430859435,0.11470667029061798,0.26989469701630275,-1257226.765640329
2025-07-18 08:00:00,0.3554698670127954,0.12634945272680145,0.26984649899527996,-1212191.9707563776
2025-07-18 09:00:00,0.5027103069444557,0.12931498084555157,0.2697982701856349,-1320814.6367231177
2025-07-18 10:00:00,0.6156918702259138,0.1286860264417577,0.2697500106121794,-1224584.4718744848
2025-07-18 11:00:00,0.6867150500303993,0.12479318901641559,0.26970172029974104,-1195932.023851013
2025-07-18 12:00:00,0.710939734025591,0.11390458872677194,0.26965339927316334,-1219909.4045620367
2025-07-18 13:00:00,0.6867150500303993,0.10835148020477241,0.26960504755730536,-1334511.2142199932
2025-07-18 14:00:00,0.6156918702259138,0.1236243632342126,0.2695566651770423,-1238813.541005245
2025-07-18 15:00:00,0.5027103069444558,0.1087733953929079,0.2695082521572648,-1278386.6984662795
2025-07-18 16:00:00,0.3554698670127954,0.11150641372104739,0.26945980852287954,-1273051.2682442954
2025-07-18 17:00:00,0.1840047430859437,0.11638371768086195,0.26941133429880876,-1465477.4240172256
2025-07-18 18:00:00,8.706500696611106e-17,0.12501572356441357,0.26936282950999046,-1339969.1370134645
2025-07-18 19:00:00,0.0,0.09850104532998341,0.2693142941813785,-1342314.5402980137
2025-07-18 20:00:00,0.0,0.11881615897994734,0.26926572833794227,-1384943.0326584172
2025-07-18 21:00:00,0.0,0.09435399198837048,0.269217132004667,-1549328.7577969767
2025-07-18 22:00:00,0.0,0.11064222113805344,0.2691685052065536,-1319120.129822899
2025-07-18 23:00:00,0.0,0.09015010539601953,0.26911984796861854,-1458121.2914230856
2025-07-19 00:00:00,0.0,0.1330288032137529,0.269071160315894,-1413457.6700011618
2025-07-19 01:00:00,0.0,0.10493193279129373,0.2690224422734279,-1427853.5069479404
2025-07-19 02:00:00,0.0,0.10908286952407921,0.26897369386628367,-1430367.3199743181
2025-07-19 03:00:00,0.0,0.09109314937952687,0.26892491511954036,-1434425.0244124068
2025-07-19 04:00:00,0.0,0.11848495865890767,0.26887610605829276,-1387877.9210334544
2025-07-19 05:00:00,0.0,0.11153192799144589,0.2688272667076512,-1400574.385025331
2025-07-19 06:00:00,0.0,0.10759303628636098,0.26877839709274143,-1313040.1275846804
2025-07-19 07:00:00,0.18324944750317027,0.12569444070822577,0.268729497238705,-1371514.195011855
2025-07-19 08:00:00,0.35401074799302995,0.1396654290081536,0.26868056717069894,-1278837.081849958
2025-07-19 09:00:00,0.5006468010375869,0.1371015121370309,0.26863160691389576,-1312957.020504448
2025-07-19 10:00:00,0.6131646019493899,0.13305479709878873,0.2685826164934836,-1243581.6494807869
2025-07-19 11:00:00,0.6838962485407571,0.1323109243944631,0.26853359593466597,-1263642.213428065
2025-07-19 12:00:00,0.70802149598606,0.09975457072586792,0.268484545262662,-1152400.678020812
2025-07-19 13:00:00,0.6838962485407571,0.11455012779570573,0.26843546450270644,-1228664.0167182428
2025-07-19 14:00:00,0.6131646019493899,0.11691735206938747,0.2683863536800492,-1247252.6289562306
2025-07-19 15:00:00,0.500646801037587,0.14175836358339552,0.26833721281995593,-1258461.7404494935
2025-07-19 16:00:00,0.35401074799302995,0.13064755708506667,0.26828804194770756,-1284724.4916266475
2025-07-19 17:00:00,0.18324944750317046,0.09880618870968234,0.2682388410886005,-1365032.7706247035
2025-07-19 18:00:00,8.670762587868489e-17,0.12991907981827316,0.26818961026794685,-1295669.4140126253
2025-07-19 19:00:00,0.0,0.09773769570716176,0.2681403495110736,-1417051.7690505106
2025-07-19 20:00:00,0.0,0.09579347220727151,0.26809105884332357,-1318183.1624328888
2025-07-19 21:00:00,0.0,0.14077705843432115,0.2680417382900548,-1370814.1348306697
2025-07-19 22:00:00,0.0,0.12406843881929407,0.26799238787664076,-1486045.5701812422
2025-07-19 23:00:00,0.0,0.13189474871910714,0.2679430076284703,-1368352.9118082004
2025-07-20 00:00:00,0.0,0.13699335684120517,0.2678935975709474,-1567213.10144398
2025-07-20 01:00:00,0.0,0.1388990430355207,0.26784415772949177,-1403002.616709815
2025-07-20 02:00:00,0.0,0.08780950051108634,0.2677946881295381,-1436861.8457251033
2025-07-20 03:00:00,0.0,0.09005192645741121,0.2677451887965366,-1516311.7566541547
2025-07-20 04:00:00,0.0,0.09172285137971663,0.26769565975595255,-1431621.5462732648
2025-07-20 05:00:00,0.0,0.13719241453863015,0.26764610103326675,-1454021.810748566
2025-07-20 06:00:00,0.0,0.12657439512975252,0.2675965126539752,-1365796.913978906
2025-07-20 07:00:00,0.18246861128006847,0.11533393931614326,0.2675468946435891,-1347670.9188875614
2025-07-20 08:00:00,0.3525022882450379,0.09697467506708068,0.2674972470276349,-1364752.538900935
2025-07-20 09:00:00,0.4985135168036826,0.09536265985494746,0.2674475698316543,-1285939.788972725
2025-07-20 10:00:00,0.610551873024695,0.1276874797036527,0.2673978630812043,-1233652.8871690594
2025-07-20 11:00:00,0.6809821280837511,0.132481191366992,0.26734812680185693,-1165371.4973621257
2025-07-20 12:00:00,0.7050045764900759,0.08944572686212625,0.26729836101919957,-1260792.8727096065
2025-07-20 13:00:00,0.6809821280837511,0.1235887488694649,0.2672485657588347,-1144150.9759507226
2025-07-20 14:00:00,0.6105518730246952,0.1294433506351375,0.26719874104638003,-1199450.0519463322
2025-07-20 15:00:00,0.4985135168036827,0.1345332566655625,0.2671488869074683,-1299988.4476787357
2025-07-20 16:00:00,0.3525022882450379,0.08727656663310696,0.2670990033677475,-1290848.7058167504
2025-07-20 17:00:00,0.1824686112800687,0.13686521561096093,0.2670490904528807,-1267505.5442654798
2025-07-20 18:00:00,8.633815979828067e-17,0.13317575514672883,0.26699914818854614,-1431950.321137828
2025-07-20 19:00:00,0.0,0.10755255968710727,0.26694917660043704,-1321422.240700676
2025-07-20 20:00:00,0.0,0.0865576756197869,0.2668991757142618,-1354168.809866404
2025-07-20 21:00:00,0.0,0.12985392522081832,0.26684914555574396,-1396331.5667549549
2025-07-20 22:00:00,0.0,0.10795955108376805,0.26679908615062187,-1369485.0214198565
2025-07-20 23:00:00,0.0,0.1042658201730256,0.26674899752464915,-1472840.473049537
2025-07-21 00:00:00,0.0,0.13320859452704756,0.2666988797035944,-1440862.517522409
2025-07-21 01:00:00,0.0,0.1310623063273812,0.26664873271324124,-1388403.2424979957
2025-07-21 02:00:00,0.0,0.09999012282569326,0.2665985565793883,-1425139.1099763832
2025-07-21 03:00:00,0.0,0.09191907662474683,0.2665483513278491,-1450180.0352132237
2025-07-21 04:00:00,0.0,0.10958532546003893,0.2664981169844523,-1463468.3594470369
2025-07-21 05:00:00,0.0,0.12151686525782132,0.26644785357504147,-1482320.8911038623
2025-07-21 06:00:00,0.0,0.09879018549171384,0.2663975611254751,-1435685.8336334887
2025-07-21 07:00:00,0.1816624657952629,0.09214243157736134,0.26634723966162654,-1326837.083611172
2025-07-21 08:00:00,0.3509449347579978,0.11541596769087624,0.2662968892093843,-1290155.2597788945
2025-07-21 09:00:00,0.4963110863809015,0.08907280283405113,0.26624650979465164,-1252783.7051109462
2025-07-21 10:00:00,0.6078544576597971,0.12066897582860873,0.2661961014433467,-1315612.307896391
2025-07-21 11:00:00,0.6779735521761645,0.13339260267481962,0.2661456641814026,-1195179.7994576474
2025-07-21 12:00:00,0.7018898695159957,0.10400884481868723,0.2660951980347672,-1126255.6393975164
2025-07-21 13:00:00,0.6779735521761645,0.10921265624515762,0.2660447030294034,-1283099.5288882956
2025-07-21 14:00:00,0.6078544576597972,0.12668720630546074,0.26599417919128887,-1213893.6397304079
2025-07-21 15:00:00,0.4963110863809016,0.13522935478843068,0.26594362654641607,-1350052.9158922948
2025-07-21 16:00:00,0.3509449347579978,0.11235184994220537,0.2658930451207922,-1346151.7647374382
2025-07-21 17:00:00,0.18166246579526307,0.10365546643249175,0.2658424349404395,-1267106.1185693317
2025-07-21 18:00:00,8.595671820567175e-17,0.09551317956027591,0.26579179603139486,-1300557.0251221494
2025-07-21 19:00:00,0.0,0.08853854448298394,0.2657411284197099,-1269983.6789466136
2025-07-21 20:00:00,0.0,0.12544472101232584,0.2656904321314512,-1368330.8702796986
2025-07-21 21:00:00,0.0,0.12624215280957485,0.2656397071926998,-1376813.4828505516
2025-07-21 22:00:00,0.0,0.11647815677987935,0.26558895362955176,-1482123.0083670376
2025-07-21 23:00:00,0.0,0.1000163253134889,0.26553817146811776,-1452037.24078385
2025-07-22 00:00:00,0.0,0.11437889756191803,0.26548736073452317,-1481245.8595360743
2025-07-22 01:00:00,0.0,0.12032480905028092,0.265436521454908,-1540604.9642827513
2025-07-22 02:00:00,0.0,0.10309555979352283,0.26538565365542705,-1560947.5268102342
2025-07-22 03:00:00,0.0,0.09365040882434403,0.2653347573622498,-1403626.221064934
2025-07-22 04:00:00,0.0,0.09555259667521888,0.26528383260156035,-1398646.397247806
2025-07-22 05:00:00,0.0,0.12381099048558446,0.2652328793995574,-1527527.6220006826
2025-07-22 06:00:00,0.0,0.10519089271629255,0.26518189778245443,-1350257.9335227655
2025-07-22 07:00:00,0.18083124992705868,0.09749069578181314,0.26513088777647925,-1287767.296928718
2025-07-22 08:00:00,0.34933914900935836,0.11475163967450716,0.26507984940787466,-1268378.3305073502
2025-07-22 09:00:00,0.4940401623969102,0.09393611010814877,0.2650287827028977,-1389626.252245179
2025-07-22 10:00:00,0.6050731551570836,0.0969129619843663,0.26497768768782026,-1267729.976122128
2025-07-22 11:00:00,0.674871412323969,0.11632902885962272,0.26492656438892864,-1317420.1748255068
2025-07-22 12:00:00,0.6986782980187167,0.09482240757664402,0.26487541283252364,-1299355.1927954115
2025-07-22 13:00:00,0.674871412323969,0.10132847874811188,0.2648242330449208,-1184715.538004408
2025-07-22 14:00:00,0.6050731551570836,0.11266250994237556,0.26477302505245,-1373469.373571589
2025-07-22 15:00:00,0.49404016239691023,0.12032961607360677,0.2647217888814557,-1270744.763393524
2025-07-22 16:00:00,0.34933914900935836,0.12611482431257678,0.26467052455829687,-1227310.0726235562
2025-07-22 17:00:00,0.18083124992705887,0.1109085085708331,0.26461923210934696,-1392692.328803998
2025-07-22 18:00:00,8.556341413023419e-17,0.11486722535923904,0.26456791156099385,-1283780.992410034
2025-07-22 19:00:00,0.0,0.08605674754234487,0.26451656293964,-1341831.5594124643
2025-07-22 20:00:00,0.0,0.11358986995626257,0.264465186271702,-1409900.3155611595
2025-07-22 21:00:00,0.0,0.08487224561605858,0.2644137815836113,-1404034.1175984454
2025-07-22 22:00:00,0.0,0.09301474883005093,0.2643623489018134,-1362545.4198685193
2025-07-22 23:00:00,0.0,0.10742714626298829,0.26431088825276844,-1391548.9529817863
2025-07-23 00:00:00,0.0,0.09899125266607978,0.2642593996629509,-1407346.054562084
2025-07-23 01:00:00,0.0,0.0972687037056912,0.2642078831588495,-1431834.5218709123
2025-07-23 02:00:00,0.0,0.10499036110154174,0.26415633876696737,-1477068.6209183955
2025-07-23 03:00:00,0.0,0.12305943401981323,0.2641047665138222,-1508279.1304463132
2025-07-23 04:00:00,0.0,0.1298288474185257,0.26405316642594573,-1451621.8360362484
2025-07-23 05:00:00,0.0,0.10158922586852906,0.2640015385298841,-1407425.9377936132
2025-07-23 06:00:00,0.0,0.12598169465773756,0.2639498828521979,-1339636.1520673041
2025-07-23 07:00:00,0.1799752099826567,0.10935753659889583,0.2638981994194618,-1337344.8199363546
2025-07-23 08:00:00,0.3476854068280925,0.11150677593064678,0.2638464882582649,-1367927.99296784
2025-07-23 09:00:00,0.4917014177754956,0.09721101763169851,0.2637947493952105,-1312675.7514496634
2025-07-23 10:00:00,0.6022087896765113,0.11468991277531584,0.2637429828569162,-1334882.84401577
2025-07-23 11:00:00,0.6716766277581523,0.09540058010399746,0.2636911886700139,-1227490.8484246165
2025-07-23 12:00:00,0.6953708136561851,0.10237175300166233,0.26363936686114936,-1203092.5731305154
2025-07-23 13:00:00,0.6716766277581523,0.111748702984022,0.26358751745698306,-1232493.0090797949
2025-07-23 14:00:00,0.6022087896765114,0.09201667828515474,0.2635356404841893,-1254131.9256736622
2025-07-23 15:00:00,0.49170141777549564,0.10806840914747923,0.2634837359694569,-1165640.8047871718
2025-07-23 16:00:00,0.3476854068280925,0.12240762380038832,0.2634318039394884,-1232118.0851054203
2025-07-23 17:00:00,0.1799752099826569,0.0871843027120765,0.2633798444210009,-1192684.487477792
2025-07-23 18:00:00,8.515836411645376e-17,0.0810487317632322,0.2633278574407254,-1145706.5709582176
2025-07-23 19:00:00,0.0,0.08940733109958438,0.2632758430254072,-1405326.6546656054
2025-07-23 20:00:00,0.0,0.10384291038783093,0.26322380120180555,-1432408.974304402
2025-07-23 21:00:00,0.0,0.12243942296035332,0.26317173199669397,-1440310.8628643327
2025-07-23 22:00:00,0.0,0.08722667816860415,0.2631196354368599,-1398073.6965360527
2025-07-23 23:00:00,0.0,0.11482766059723315,0.26306751154910496,-1423955.6452521516
2025-07-24 00:00:00,0.0,0.09589147954929068,0.2630153603602448,-1452625.6820474062
2025-07-24 01:00:00,0.0,0.11381178874040623,0.26296318189710916,-1462555.186602468
2025-07-24 02:00:00,0.0,0.10150361304637902,0.26291097618654163,-1503845.0534992628
2025-07-24 03:00:00,0.0,0.1230706690014673,0.26285874325540004,-1414616.8962175301
2025-07-24 04:00:00,0.0,0.09474863140584612,0.26280648313055616,-1480003.3762463443
2025-07-24 05:00:00,0.0,0.09570436850658327,0.26275419583889575,-1484364.3035872008
2025-07-24 06:00:00,0.0,0.09711496095682944,0.2627018814073184,-1348268.4545268202
2025-07-24 07:00:00,0.17909459962516738,0.09735940195255723,0.2626495398627379,-1353227.7755161792
2025-07-24 08:00:00,0.3459841982536993,0.08705579592986609,0.2625971712320818,-1295092.1469407554
2025-07-24 09:00:00,0.4892955455371633,0.10934460466161905,0.2625447755422918,-1319540.9049956512
2025-07-24 10:00:00,0.5992622099913905,0.09293398990859354,0.2624923528203232,-1335906.4741670436
2025-07-24 11:00:00,0.6683901451623308,0.11361052503422485,0.2624399030931454,-1262131.6762006003
2025-07-24 12:00:00,0.6919683965073987,0.09825518346140175,0.2623874263877418,-1300040.9469724013
2025-07-24 13:00:00,0.6683901451623308,0.1205156127725525,0.2623349227311095,-1164766.037757939
2025-07-24 14:00:00,0.5992622099913906,0.08585042979296803,0.2622823921502595,-1316185.2714839673
2025-07-24 15:00:00,0.48929554553716337,0.09217110727550165,0.2622298346722168,-1257583.413090523
2025-07-24 16:00:00,0.3459841982536993,0.101063876806916,0.26217725032401984,-1292176.3747113731
2025-07-24 17:00:00,0.17909459962516758,0.1076858648007019,0.26212463913272144,-1358830.8057149486
2025-07-24 18:00:00,8.474168818939125e-17,0.12186259141554825,0.2620720011253878,-1377711.6438659881
2025-07-24 19:00:00,0.0,0.11021529656983572,0.26201933632909913,-1271636.404916781
2025-07-24 20:00:00,0.0,0.12063156879598674,0.26196664477094933,-1404740.0538631964
2025-07-24 21:00:00,0.0,0.11155647813423242,0.26191392647804607,-1432083.2230515992
2025-07-24 22:00:00,0.0,0.0883201180228938,0.2618611814775108,-1393416.1719323453
2025-07-24 23:00:00,0.0,0.09293199541609266,0.26180840979647874,-1382553.9381794033
2025-07-25 00:00:00,0.0,0.11245725117748562,0.2617556114620988,-1517791.9246436302
2025-07-25 01:00:00,0.0,0.10244330676276665,0.26170278650153356,-1425515.0947700907
2025-07-25 02:00:00,0.0,0.0926177829285362,0.2616499349419594,-1446916.6159615982
2025-07-25 03:00:00,0.0,0.09662195444179593,0.2615970568105662,-1493657.2082255266
2025-07-25 04:00:00,0.0,0.07821285893637611,0.2615441521345578,-1415556.7487971638
2025-07-25 05:00:00,0.0,0.09187684043946802,0.26149122094115146,-1359980.7947505394
2025-07-25 06:00:00,0.0,0.11766659187174258,0.2614382632575782,-1400666.4445351996
2025-07-25 07:00:00,0.17818967979844474,0.10422010533138543,0.2613852791110825,-1415246.5116618392
2025-07-25 08:00:00,0.34423602739099446,0.10002328721877718,0.2613322685289228,-1400886.3709426408
2025-07-25 09:00:00,0.4868232585937806,0.09105305164685502,0.2612792315383707,-1270270.3183526436
2025-07-25 10:00:00,0.5962342892368742,0.07810131934733217,0.2612261681667116,-1306379.938653985
2025-07-25 11:00:00,0.6650129383922254,0.08861415717765164,0.2611730784412447,-1328577.985254611
2025-07-25 12:00:00,0.6884720547819889,0.10813382808944556,0.26111996238928226,-1168533.678675141
2025-07-25 13:00:00,0.6650129383922254,0.12262936876906941,0.2610668200381505,-1191905.394246675
2025-07-25 14:00:00,0.5962342892368743,0.10664077575317607,0.2610136514151891,-1312650.4736791183
2025-07-25 15:00:00,0.4868232585937807,0.07666434203108231,0.260960456547751,-1212302.4069998253
2025-07-25 16:00:00,0.34423602739099446,0.11803776227426921,0.26090723546320305,-1276256.3166946894
2025-07-25 17:00:00,0.1781896797984449,0.12158354332856124,0.26085398818892513,-1320930.3628663763
2025-07-25 18:00:00,8.43135098191164e-17,0.11656519453352751,0.2608007147523109,-1341509.357508271
2025-07-25 19:00:00,0.0,0.08898887137111662,0.26074741518076755,-1308679.0310387742
2025-07-25 20:00:00,0.0,0.12134025196890255,0.2606940895017154,-1359686.8124411816
2025-07-25 21:00:00,0.0,0.08779616971510355,0.2606407377425884,-1375276.3826104708
2025-07-25 22:00:00,0.0,0.11071866186679898,0.260587359930834,-1337960.8740096213
2025-07-25 23:00:00,0.0,0.11089827880202378,0.2605339560939128,-1454719.3357102233
2025-07-26 00:00:00,0.0,0.09784398422500115,0.26048052625929896,-1404698.0063035605
2025-07-26 01:00:00,0.0,0.10046054789241972,0.2604270704544801,-1500450.4195290096
2025-07-26 02:00:00,0.0,0.10764689370847257,0.2603735887069569,-1479724.34055211
2025-07-26 03:00:00,0.0,0.0978580412283752,0.26032008104424376,-1396158.7654597287
2025-07-26 04:00:00,0.0,0.12040733897840492,0.2602665474938681,-1440322.2736929369
2025-07-26 05:00:00,0.0,0.0873746012053262,0.26021298808337084,-1430853.5225927266
2025-07-26 06:00:00,0.0,0.09776134935917828,0.26015940284030614,-1395230.644482274
2025-07-26 07:00:00,0.17726071864976312,0.12032694147716855,0.2601057917922414,-1366527.3585270385
2025-07-26 08:00:00,0.342441412260733,0.11911557066076402,0.2600521549667575,-1387724.6748708698
2025-07-26 09:00:00,0.48428528953732486,0.08368746816574675,0.2599984923914483,-1250042.3209138154
2025-07-26 10:00:00,0.5931259246512295,0.09391645063501096,0.25994480409392107,-1279692.9148147814
2025-07-26 11:00:00,0.6615460081870881,0.08213959639004426,0.2598910901017963,-1206278.1532402644
2025-07-26 12:00:00,0.6848828245214661,0.08265904153915961,0.25983735044270767,-1190919.8180331916
2025-07-26 13:00:00,0.6615460081870881,0.11713415012169671,0.2597835851443021,-1186479.5177029676
2025-07-26 14:00:00,0.5931259246512295,0.11544420170068183,0.2597297942342396,-1202903.5934849784
2025-07-26 15:00:00,0.48428528953732497,0.08989386437645527,0.2596759777401935,-1320308.9789224057
2025-07-26 16:00:00,0.342441412260733,0.09813843551910702,0.2596221356898503,-1261521.9291067144
2025-07-26 17:00:00,0.1772607186497633,0.0903839097669797,0.2595682681109095,-1337349.0113737155
2025-07-26 18:00:00,8.387395588412118e-17,0.11703913200228461,0.25951437503108377,-1322045.8719318528
2025-07-26 19:00:00,0.0,0.11389515973962175,0.25946045647809896,-1326101.3829217951
2025-07-26 20:00:00,0.0,0.09321605480097438,0.2594065124796941,-1383154.5540141019
2025-07-26 21:00:00,0.0,0.08527828737914937,0.25935254306362104,-1394174.0951775266
2025-07-26 22:00:00,0.0,0.09824762342548184,0.259298548257645,-1477138.4627541697
2025-07-26 23:00:00,0.0,0.10957378719772423,0.25924452808954407,-1460720.558028669
2025-07-27 00:00:00,0.0,0.11594725633285433,0.2591904825871095,-1371508.7635472724
2025-07-27 01:00:00,0.0,0.09067536859890436,0.2591364117781456,-1627783.0885756467
2025-07-27 02:00:00,0.0,0.07828021173512337,0.2590823156904695,-1340936.6285904425
2025-07-27 03:00:00,0.0,0.09403142471644786,0.25902819435191154,-1418242.077446835
2025-07-27 04:00:00,0.0,0.08377586067867185,0.25897404779031497,-1415853.5892063894
2025-07-27 05:00:00,0.0,0.09953016990981448,0.2589198760335361,-1426608.795437614
2025-07-27 06:00:00,0.0,0.0734602791689553,0.2588656791094439,-1326020.3304236957
2025-07-27 07:00:00,0.17630799145035964,0.09742899027696572,0.25881145704592073,-1336625.5274471757
2025-07-27 08:00:00,0.3406008846461092,0.08132485069078034,0.2587572098708616,-1362702.2322542234
2025-07-27 09:00:00,0.4816823904228017,0.10966516470874797,0.25870293761217444,-1388493.9014200098
2025-07-27 10:00:00,0.5899380373099675,0.08399153242361582,0.2586486402977803,-1250931.0631114778
2025-07-27 11:00:00,0.6579903818731614,0.08274614123916431,0.25859431795561283,-1224792.4727484419
2025-07-27 12:00:00,0.6812017692922185,0.10479049999806585,0.2585399706136187,-1264319.6132972967
2025-07-27 13:00:00,0.6579903818731614,0.10809802009836282,0.2584855982997576,-1101959.3949518874
2025-07-27 14:00:00,0.5899380373099676,0.11584776830719196,0.2584312010420017,-1260860.7039508012
2025-07-27 15:00:00,0.4816823904228018,0.10582973895956639,0.25837677886833627,-1145069.0713041355
2025-07-27 16:00:00,0.3406008846461092,0.08223263714834875,0.25832233180675934,-1310134.9295290783
2025-07-27 17:00:00,0.1763079914503598,0.10403090414628323,0.2582678598852817,-1184364.9602785278
2025-07-27 18:00:00,8.342315663372292e-17,0.11308118253537744,0.25821336313192716,-1314398.5798075222
2025-07-27 19:00:00,0.0,0.1145934573046659,0.25815884157473185,-1249139.1162524717
2025-07-27 20:00:00,0.0,0.0747473673017271,0.2581042952417451,-1524644.9225870701
2025-07-27 21:00:00,0.0,0.11306918981102645,0.2580497241610287,-1438365.5535944146
2025-07-27 22:00:00,0.0,0.10272315025081888,0.2579951283606574,-1417002.561326138
2025-07-27 23:00:00,0.0,0.0746569764602556,0.2579405078687185,-1461300.025691663
2025-07-28 00:00:00,0.0,0.11216399394577063,0.257885862713312,-1347819.3926196333
2025-07-28 01:00:00,0.0,0.0963726937001384,0.2578311929225507,-1407166.2235092383
2025-07-28 02:00:00,0.0,0.09235158079482267,0.2577764985245599,-1438245.3316060314
2025-07-28 03:00:00,0.0,0.09085802868244158,0.2577217795474778,-1497031.9464115398
2025-07-28 04:00:00,0.0,0.08153033089779359,0.2576670360194551,-1411497.7134427377
2025-07-28 05:00:00,0.0,0.07202486989719797,0.25761226796865516,-1310011.4612195028
2025-07-28 06:00:00,0.0,0.08598516354810663,0.25755747542325386,-1365118.7856880287
2025-07-28 07:00:00,0.17533178051386494,0.08517833626145319,0.2575026584114399,-1340656.2015906794
2025-07-28 08:00:00,0.33871498993517707,0.11287613227253958,0.2574478169614142,-1311940.297662444
2025-07-28 09:00:00,0.47901533254539386,0.08412587519085235,0.2573929511013907,-1232137.1323274793
2025-07-28 10:00:00,0.5866715718529076,0.08784075651306225,0.25733806085959565,-1213803.5546908155
2025-07-28 11:00:00,0.6543471130592589,0.0928019961912206,0.25728314626426785,-1333536.75598963
2025-07-28 12:00:00,0.6774299798703542,0.07100123208083252,0.25722820734365864,-1105371.9526146392
2025-07-28 13:00:00,0.6543471130592589,0.09068437381997566,0.2571732441260319,-1251620.723944269
2025-07-28 14:00:00,0.5866715718529077,0.09931541561627485,0.257118256639664,-1350347.7390316515
2025-07-28 15:00:00,0.47901533254539397,0.10009979657868649,0.25706324491284377,-1242008.7821596488
2025-07-28 16:00:00,0.33871498993517707,0.09592003365024797,0.25700820897387266,-1354353.679739565
2025-07-28 17:00:00,0.1753317805138651,0.10096861038334118,0.25695314885106424,-1255913.16711913
2025-07-28 18:00:00,8.296124564946852e-17,0.0992069040053284,0.2568980645727449,-1372091.9156883198
2025-07-28 19:00:00,0.0,0.08679779364326488,0.2568429561672532,-1361349.8425261364
2025-07-28 20:00:00,0.0,0.10300738056149604,0.25678782366294034,-1415688.7517896127
2025-07-28 21:00:00,0.0,0.0881396716451929,0.2567326670881696,-1401415.4517065831
2025-07-28 22:00:00,0.0,0.10791281998065935,0.25667748647131694,-1445069.3074386893
2025-07-28 23:00:00,0.0,0.10011486070381642,0.2566222818407705,-1513199.2392049977
2025-07-29 00:00:00,0.0,0.0784303718914997,0.2565670532249309,-1443103.0927298788
2025-07-29 01:00:00,0.0,0.08214423477357774,0.2565118006522111,-1433487.367688059
2025-07-29 02:00:00,0.0,0.08318207055798513,0.2564565241510362,-1494955.1536999724
2025-07-29 03:00:00,0.0,0.07416307720364064,0.2564012237498438,-1432527.7903055684
2025-07-29 04:00:00,0.0,0.09523857380299228,0.2563458994770838,-1390643.9244627638
2025-07-29 05:00:00,0.0,0.08346748994606797,0.2562905513612182,-1304844.2253972853
2025-07-29 06:00:00,0.0,0.08508186964288154,0.25623517943072155,-1326245.7076832312
2025-07-29 07:00:00,0.1743323751126479,0.10873777228503585,0.2561797837140803,-1347325.318130443
2025-07-29 08:00:00,0.33678428695924045,0.0750637029624488,0.2561243642397934,-1344020.1549655292
2025-07-29 09:00:00,0.4762849062119101,0.07230385153532526,0.25606892103637197,-1336343.2830944892
2025-07-29 10:00:00,0.5833274962042609,0.08904434317993339,0.25601345413233934,-1126650.4638374264
2025-07-29 11:00:00,0.6506172813245581,0.08686839370644585,0.2559579635562309,-1201473.826835603
2025-07-29 12:00:00,0.6735685739184809,0.075660081575382,0.25590244933659445,-1297108.252351037
2025-07-29 13:00:00,0.6506172813245581,0.08883018724131665,0.25584691150198974,-1184345.3375269035
2025-07-29 14:00:00,0.5833274962042609,0.10080210183711137,0.25579135008098874,-1195572.1707369483
2025-07-29 15:00:00,0.4762849062119102,0.1059899502054365,0.2557357651021757,-1304007.558181345
2025-07-29 16:00:00,0.33678428695924045,0.08889429731129264,0.2556801565941467,-1261140.978125884
2025-07-29 17:00:00,0.1743323751126481,0.09454899311293814,0.2556245245855102,-1367129.18327307
2025-07-29 18:00:00,8.24883598055515e-17,0.07100131260525895,0.2555688691048866,-1315024.2757196038
2025-07-29 19:00:00,0.0,0.08802417296734438,0.25551319018090846,-1268502.3114659088
2025-07-29 20:00:00,0.0,0.09348590111903168,0.2554574878422202,-1379114.771923985
2025-07-29 21:00:00,0.0,0.10251628703565376,0.25540176211747867,-1299394.4983004096
2025-07-29 22:00:00,0.0,0.10238690321104672,0.25534601303535226,-1325467.64362816
2025-07-29 23:00:00,0.0,0.07486608294578431,0.2552902406245219,-1469448.3415040534
2025-07-30 00:00:00,0.0,0.08896839670827422,0.25523444491367997,-1425076.6263035014
2025-07-30 01:00:00,0.0,0.09793511040932565,0.2551786259315314,-1510079.2369581945
2025-07-30 02:00:00,0.0,0.08449359229193165,0.2551227837067926,-1427734.0147880276
2025-07-30 03:00:00,0.0,0.08575889442143175,0.2550669182681923,-1439006.7724281524
2025-07-30 04:00:00,0.0,0.10672679736763468,0.2550110296444709,-1437114.0945589552
2025-07-30 05:00:00,0.0,0.0827399150673863,0.254955117864381,-1406430.9215252856
2025-07-30 06:00:00,0.0,0.08518520541127633,0.25489918295668695,-1385476.5312386558
2025-07-30 07:00:00,0.1733100713920978,0.09756779095346192,0.25484322495016487,-1395103.6564731158
2025-07-30 08:00:00,0.33480934782725896,0.0881170712832042,0.254787243873603,-1296242.377220275
2025-07-30 09:00:00,0.4734919205066006,0.10558126060753371,0.2547312397558014,-1322756.5268612488
2025-07-30 10:00:00,0.5799068012858131,0.09606305135721707,0.2546752126255719,-1287801.4105283783
2025-07-30 11:00:00,0.6468019918986985,0.0756579820494121,0.25461916251173816,-1202431.1599751166
2025-07-30 12:00:00,0.669618695654518,0.10251448134488216,0.2545630894431358,-1387903.02459105
2025-07-30 13:00:00,0.6468019918986985,0.08376130609032384,0.2545069934486121,-1280382.6699986528
2025-07-30 14:00:00,0.5799068012858131,0.0676629801822192,0.25445087455702625,-1199759.9844686452
2025-07-30 15:00:00,0.47349192050660066,0.08632190190198942,0.25439473279724917,-1218674.8488908545
2025-07-30 16:00:00,0.33480934782725896,0.09272076962869394,0.2543385681981635,-1212316.3023630101
2025-07-30 17:00:00,0.17331007139209798,0.08522297683799002,0.25428238078866366,-1381813.217244275
2025-07-30 18:00:00,8.200463922825312e-17,0.07089616682071143,0.25422617059765584,-1354032.2340070624
2025-07-30 19:00:00,0.0,0.06907188451805521,0.254169937654058,-1327357.6313292985
2025-07-30 20:00:00,0.0,0.08646882954763024,0.25411368198679957,-1374614.0581354368
2025-07-30 21:00:00,0.0,0.09384983531245866,0.254057403624822,-1349837.4359610486
2025-07-30 22:00:00,0.0,0.06894526148306021,0.2540011025970782,-1393350.3921163206
2025-07-30 23:00:00,0.0,0.06644574634099897,0.2539447789325327,-1411015.3774966996
2025-07-31 00:00:00,0.0,0.08568475420609972,0.25388843266016187,-1442452.0337492654
2025-07-31 01:00:00,0.0,0.09575896779499128,0.25383206380895357,-1484009.966141696
2025-07-31 02:00:00,0.0,0.09063258522201612,0.25377567240790727,-1363987.115658281
2025-07-31 03:00:00,0.0,0.10190110328184483,0.25371925848603416,-1431470.7252530032
2025-07-31 04:00:00,0.0,0.09796890361439463,0.2536628220723569,-1371672.5170305972
2025-07-31 05:00:00,0.0,0.0848219426218526,0.25360636319590973,-1456081.9306683193
2025-07-31 06:00:00,0.0,0.102346996454992,0.25354988188573857,-1480559.8647308182
2025-07-31 07:00:00,0.17226517228287014,0.083460662752028,0.2534933781709007,-1321027.5254498394
2025-07-31 08:00:00,0.33279075775632005,0.06770397321073106,0.253436852080465,-1234616.455786532
2025-07-31 09:00:00,0.47063720305140716,0.09061404014811757,0.25338030364351194,-1261976.3330968737
2025-07-31 10:00:00,0.5764105007232929,0.0849080673177198,0.25332373288913346,-1280827.1677003102
2025-07-31 11:00:00,0.6429023753342773,0.06995011935947838,0.25326713984643284,-1239881.2755470593
2025-07-31 12:00:00,0.6655815155126402,0.09365549885473623,0.253210524544525,-1290294.6849527003
2025-07-31 13:00:00,0.6429023753342773,0.0972008891693771,0.2531538870125361,-1224483.1088975624
2025-07-31 14:00:00,0.5764105007232929,0.08354557243404352,0.2530972272796041,-1154479.6153504997
2025-07-31 15:00:00,0.4706372030514072,0.06731563907568947,0.253040545374878,-1278415.4318698547
2025-07-31 16:00:00,0.33279075775632005,0.06942350187607461,0.25298384132751844,-1256366.7424084698
2025-07-31 17:00:00,0.1722651722828703,0.10049285920755029,0.25292711516669736,-1285389.6358279786
2025-07-31 18:00:00,8.151022725441993e-17,0.10332471307838458,0.25287036692159803,-1385083.1471573126
2025-07-31 19:00:00,0.0,0.06488428908293332,0.2528135966214153,-1320599.359658137
2025-07-31 20:00:00,0.0,0.09177494089016736,0.252756804295355,-1335986.8657613834
2025-07-31 21:00:00,0.0,0.06867147200905696,0.25269998997263465,-1317166.12074446
2025-07-31 22:00:00,0.0,0.09994090901049715,0.2526431536824829,-1344737.6928623596
2025-07-31 23:00:00,0.0,0.07937439022035188,0.2525862954541398,-1371769.6046780404
2025-08-01 00:00:00,0.0,0.08431625278999516,0.2525294153168566,-1510790.514885312
2025-08-01 01:00:00,0.0,0.07572235203092417,0.2524725132998957,-1456294.5191913962
2025-08-01 02:00:00,0.0,0.09635641571784541,0.2524155894325311,-1425872.516967051
2025-08-01 03:00:00,0.0,0.0801914956709617,0.2523586437440477,-1347225.3685652935
2025-08-01 04:00:00,0.0,0.0653982535951833,0.2523016762637419,-1390264.1531740834
2025-08-01 05:00:00,0.0,0.07416978326546218,0.2522446870209211,-1413371.209210911
2025-08-01 06:00:00,0.0,0.09446545699240104,0.25218767604490405,-1294206.3474951098
2025-08-01 07:00:00,0.17119798741112185,0.10132245844077002,0.2521306433650205,-1343316.6861936958
2025-08-01 08:00:00,0.33072911489822676,0.09269375151342428,0.2520735890106115,-1344340.8994362277
2025-08-01 09:00:00,0.4677215997607219,0.08182427419301183,0.2520165130110293,-1309175.4398091182
2025-08-01 10:00:00,0.5728396305460137,0.07389319391477875,0.2519594153956372,-1245841.4747685536
2025-08-01 11:00:00,0.6389195871718438,0.06512101034277745,0.2519022961938096,-1221886.4503807845
2025-08-01 12:00:00,0.6614582297964535,0.09004288463507026,0.2518451554349321,-1282145.8878661399
2025-08-01 13:00:00,0.6389195871718438,0.07816067886085108,0.2517879931484011,-1231235.4738621386
2025-08-01 14:00:00,0.5728396305460137,0.06726301018642433,0.25173080936362463,-1204033.779927427
2025-08-01 15:00:00,0.467721599760722,0.09491255982711436,0.25167360411002127,-1264002.1768893609
2025-08-01 16:00:00,0.33072911489822676,0.09636362152648108,0.2516163774170208,-1293059.0541402667
2025-08-01 17:00:00,0.17119798741112202,0.07665940473607143,0.2515591293140641,-1174694.6786748557
2025-08-01 18:00:00,8.100527038899013e-17,0.07782213589217038,0.2515018598306031,-1288666.8991666988
2025-08-01 19:00:00,0.0,0.07480426690702359,0.2514445689961005,-1382341.1383479857
2025-08-01 20:00:00,0.0,0.06604863597485235,0.2513872568400303,-1333861.7429256085
2025-08-01 21:00:00,0.0,0.08661423533048726,0.2513299233918772,-1394176.9259300497
2025-08-01 22:00:00,0.0,0.06445572415024721,0.251272568681137,-1460224.993677927
2025-08-01 23:00:00,0.0,0.07512310697747353,0.2512151927373163,-1475265.415253534
2025-08-02 00:00:00,0.0,0.0651071212245536,0.2511577955899329,-1386233.2436819794
2025-08-02 01:00:00,0.0,0.06706075357671648,0.2511003772685152,-1457181.2739245933
2025-08-02 02:00:00,0.0,0.068441422341619,0.2510429378026026,-1487880.7401266648
2025-08-02 03:00:00,0.0,0.06472359744517957,0.2509854772217455,-1413840.6710393233
2025-08-02 04:00:00,0.0,0.06348051050622307,0.250927995555505,-1393201.4360114476
2025-08-02 05:00:00,0.0,0.07676832799463729,0.25087049283345314,-1460116.5794259869
2025-08-02 06:00:00,0.0,0.08759643971392445,0.25081296908517275,-1432221.122184135
2025-08-02 07:00:00,0.17010883300676205,0.07404413873602106,0.25075542434025744,-1347092.1989206034
2025-08-02 08:00:00,0.32862503016225153,0.07425382947022402,0.2506978586283118,-1245471.7492365753
2025-08-02 09:00:00,0.46474597459072353,0.09572945819933243,0.25064027197895095,-1257527.195679002
2025-08-02 10:00:00,0.5691952488798744,0.07501302565043663,0.2505826644218009,-1284794.1002578465
2025-08-02 11:00:00,0.6348548075974856,0.07974490093357837,0.2505250359864986,-1260965.6102863818
2025-08-02 12:00:00,0.6572500603245031,0.0648306749955729,0.25046738670269136,-1264077.5755213804
2025-08-02 13:00:00,0.6348548075974856,0.0878558444776617,0.2504097166000376,-1285153.9277712102
2025-08-02 14:00:00,0.5691952488798745,0.08128595790977111,0.2503520257082061,-1254815.9915403365
2025-08-02 15:00:00,0.46474597459072364,0.08692563619164678,0.25029431405687663,-1195533.7024986846
2025-08-02 16:00:00,0.32862503016225153,0.06326562898179353,0.2502365816757395,-1244683.3918695757
2025-08-02 17:00:00,0.17010883300676222,0.06984217619229158,0.2501788285944957,-1191249.3016019627
2025-08-02 18:00:00,8.048991826158076e-17,0.09154616004751408,0.2501210548428568,-1363527.229372957
2025-08-02 19:00:00,0.0,0.06405370878892051,0.2500632604505452,-1435956.191603004
2025-08-02 20:00:00,0.0,0.0879419554369564,0.2500054454472938,-1401073.9454241109
2025-08-02 21:00:00,0.0,0.0712116915808553,0.24994760986284595,-1348776.7794617636
2025-08-02 22:00:00,0.0,0.09126230346894044,0.24988975372695582,-1551611.7452505736
2025-08-02 23:00:00,0.0,0.06613494357997196,0.24983187706938811,-1323171.1752346982
2025-08-03 00:00:00,0.0,0.08919872828469087,0.24977397991991798,-1445611.8485111236
2025-08-03 01:00:00,0.0,0.07673934922146985,0.24971606230833124,-1474527.0185784644
2025-08-03 02:00:00,0.0,0.08221992209885863,0.2496581242644241,-1394198.3200992914
2025-08-03 03:00:00,0.0,0.08084541596760145,0.24960016581800343,-1423204.597859087
2025-08-03 04:00:00,0.0,0.07106464082065989,0.2495421869988865,-1491840.0784259227
2025-08-03 05:00:00,0.0,0.07702555444382901,0.24948418783690113,-1475788.2797788694
2025-08-03 06:00:00,0.0,0.0836622981965201,0.2494261683618855,-1327599.4651697178
2025-08-03 07:00:00,0.1689980318097467,0.06589518188908461,0.24936812860368832,-1321270.415746136
2025-08-03 08:00:00,0.3264791270341117,0.08461543325020092,0.24931006859216873,-1272722.5087798063
2025-08-03 09:00:00,0.4617112092833694,0.08013661755685843,0.2492519883571962,-1243885.547023357
2025-08-03 10:00:00,0.5654784356338153,0.0822763328777878,0.24919388792865077,-1171534.6793382952
2025-08-03 11:00:00,0.6307092410931161,0.07051939231074288,0.24913576733642284,-1268019.938309907
2025-08-03 12:00:00,0.6529582540682235,0.09123139870190125,0.24907762661041294,-1180840.5813419488
2025-08-03 13:00:00,0.6307092410931161,0.08929931567968641,0.24901946578053225,-1236228.50807011
2025-08-03 14:00:00,0.5654784356338154,0.07277803865446211,0.24896128487670216,-1266546.8826686433
2025-08-03 15:00:00,0.46171120928336945,0.06741083887586705,0.24890308392885444,-1240506.788154678
2025-08-03 16:00:00,0.3264791270341117,0.06046466224298634,0.24884486296693115,-1341079.893368258
2025-08-03 17:00:00,0.1689980318097469,0.06096569500468016,0.24878662202088458,-1290532.652192421
2025-08-03 18:00:00,7.996432358214941e-17,0.07237210230334096,0.24872836112067737,-1346757.1942649868
2025-08-03 19:00:00,0.0,0.07106333067577822,0.24867008029628243,-1378164.110982127
2025-08-03 20:00:00,0.0,0.07406673313861926,0.24861177957768296,-1273418.3623292088
2025-08-03 21:00:00,0.0,0.07403587541867226,0.2485534589948723,-1444328.1598161426
2025-08-03 22:00:00,0.0,0.07086591284117333,0.24849511857785397,-1362223.0464116978
2025-08-03 23:00:00,0.0,0.05909629772991386,0.2484367583566419,-1403802.4905508372
2025-08-04 00:00:00,0.0,0.06816937114447337,0.24837837836125998,-1561578.8494907375
2025-08-04 01:00:00,0.0,0.07431601711068005,0.2483199786217425,-1476537.4678711952
2025-08-04 02:00:00,0.0,0.09216482983436874,0.24826155916813364,-1563015.769855667
2025-08-04 03:00:00,0.0,0.06525858356847734,0.24820312003048794,-1394332.5122565303
2025-08-04 04:00:00,0.0,0.08299791329899715,0.24814466123887,-1452058.158650665
2025-08-04 05:00:00,0.0,0.06520003868074574,0.2480861828233545,-1439531.908089518
2025-08-04 06:00:00,0.0,0.0807621643034163,0.2480276848140262,-1464030.370382374
2025-08-04 07:00:00,0.16786591297444356,0.08381575986412132,0.24796916724098006,-1263574.6780247355
2025-08-04 08:00:00,0.3242920413912164,0.06332977202892844,0.24791063013432105,-1339968.03460299
2025-08-04 09:00:00,0.45861820310511536,0.08417857048393813,0.247852073524164,-1273860.9168855264
2025-08-04 10:00:00,0.5616902921798161,0.06467648413525867,0.24779349744063406,-1359244.0291304893
2025-08-04 11:00:00,0.626484116079559,0.0592922581673169,0.24773490191386624,-1238295.4487939368
2025-08-04 12:00:00,0.648584082782433,0.08367052298100659,0.2476762869740056,-1360148.6876110267
2025-08-04 13:00:00,0.626484116079559,0.07552259156025036,0.2476176526512071,-1291451.8041259323
2025-08-04 14:00:00,0.5616902921798163,0.0758383519202297,0.24755899897563588,-1130077.4616993535
2025-08-04 15:00:00,0.4586182031051155,0.0674202936427132,0.2475003259774668,-1250946.4127082594
2025-08-04 16:00:00,0.3242920413912164,0.09083760363987607,0.24744163368688485,-1247546.8277444043
2025-08-04 17:00:00,0.16786591297444373,0.09176417248609273,0.2473829221340848,-1304008.0239416831
2025-08-04 18:00:00,7.942864209574284e-17,0.05922995885842759,0.24732419134927136,-1325330.669116158
2025-08-04 19:00:00,0.0,0.07741992832475798,0.24726544136265918,-1399444.3122565062
2025-08-04 20:00:00,0.0,0.06847493001507297,0.24720667220447287,-1388005.94438466
2025-08-04 21:00:00,0.0,0.08646775788964448,0.24714788390494663,-1380265.3862425834
2025-08-04 22:00:00,0.0,0.08674100126744479,0.24708907649432482,-1431083.8051112948
2025-08-04 23:00:00,0.0,0.08702132358699563,0.24703025000286144,-1454590.46406286
2025-08-05 00:00:00,0.0,0.05887710376217946,0.24697140446082033,-1449235.6771683544
2025-08-05 01:00:00,0.0,0.08056919462961662,0.24691253989847528,-1420744.599818972
2025-08-05 02:00:00,0.0,0.06804754951108069,0.2468536563461096,-1453812.4289374026
2025-08-05 03:00:00,0.0,0.07883096711763833,0.24679475383401656,-1394738.8601763095
2025-08-05 04:00:00,0.0,0.06611058023471043,0.2467358323924992,-1392360.4515260917
2025-08-05 05:00:00,0.0,0.07234257816138692,0.24667689205187018,-1389914.0191760426
2025-08-05 06:00:00,0.0,0.08125296941643094,0.24661793284245193,-1365868.8737710244
2025-08-05 07:00:00,0.16671281197209653,0.058092011561870195,0.24655895479457662,-1373544.9828770526
2025-08-05 08:00:00,0.32206442131424284,0.06634309258278348,0.2464999579385861,-1316251.994288819
2025-08-05 09:00:00,0.45546787258044474,0.07849923207976121,0.24644094230483185,-1258613.485863376
2025-08-05 10:00:00,0.5578319410265374,0.07461929344790083,0.24638190792367512,-1324102.7186626894
2025-08-05 11:00:00,0.6221806845525414,0.08513288721021207,0.2463228548254867,-1252674.5939414776
2025-08-05 12:00:00,0.6441288426284857,0.08847228121457786,0.24626378304064694,-1248375.0364121406
2025-08-05 13:00:00,0.6221806845525414,0.07973988205249265,0.24620469259954603,-1202654.7738238943
2025-08-05 14:00:00,0.5578319410265375,0.06631058307642289,0.24614558353258353,-1189252.68532478
2025-08-05 15:00:00,0.45546787258044485,0.06506753346694283,0.24608645587016875,-1215247.4489949895
2025-08-05 16:00:00,0.32206442131424284,0.08371824440884035,0.24602730964272052,-1238905.6615984668
2025-08-05 17:00:00,0.16671281197209672,0.06418869173250716,0.24596814488066712,-1276285.3530232715
2025-08-05 18:00:00,7.888303253634643e-17,0.06973129754268008,0.2459089616144465,-1218359.880524799
2025-08-05 19:00:00,0.0,0.08190042830785137,0.2458497598745061,-1332642.5527494403
2025-08-05 20:00:00,0.0,0.07125276633964449,0.24579053969130282,-1354733.0695586905
2025-08-05 21:00:00,0.0,0.08060442343333958,0.245731301095303,-1387733.6754812773
2025-08-05 22:00:00,0.0,0.06129786007886415,0.24567204411698257,-1466879.9742866862
2025-08-05 23:00:00,0.0,0.07261315633689619,0.24561276878682686,-1423244.233863527
2025-08-06 00:00:00,0.0,0.0747053660323834,0.24555347513533068,-1491568.8231688791
2025-08-06 01:00:00,0.0,0.07466815418195451,0.24549416319299827,-1462651.8222055733
2025-08-06 02:00:00,0.0,0.05866125756621721,0.24543483299034313,-1492891.1157986177
2025-08-06 03:00:00,0.0,0.05738723629892964,0.24537548455788835,-1354028.6566181837
2025-08-06 04:00:00,0.0,0.08425015955927313,0.24531611792616628,-1427723.4354934676
2025-08-06 05:00:00,0.0,0.06622283049653123,0.24525673312571872,-1421954.730193646
2025-08-06 06:00:00,0.0,0.08128724963882626,0.24519733018709672,-1443022.598633206
2025-08-06 07:00:00,0.1655390704914187,0.062174076579578325,0.24513790914086067,-1346068.7688418664
2025-08-06 08:00:00,0.3197969268950958,0.07091307074208045,0.24507847001758037,-1392392.0191213677
2025-08-06 09:00:00,0.45226115122028177,0.059901946054208496,0.2450190128478349,-1243199.3972752793
2025-08-06 10:00:00,0.553904525486696,0.058530808293403486,0.24495953766221257,-1270368.6820735864
2025-08-06 11:00:00,0.6178002217117005,0.07033569139396041,0.2449000444913109,-1281908.069309987
2025-08-06 12:00:00,0.6395938537901917,0.06548766162074794,0.24484053336573677,-1194425.8561204798
2025-08-06 13:00:00,0.6178002217117005,0.05769787203985601,0.24478100431610633,-1267825.3062782797
2025-08-06 14:00:00,0.5539045254866961,0.0710988973143139,0.2447214573730449,-1230103.6730062123
2025-08-06 15:00:00,0.4522611512202818,0.05584920623560525,0.24466189256718684,-1304485.5871389399
2025-08-06 16:00:00,0.3197969268950958,0.06618433141239613,0.24460230992917603,-1244636.5255701223
2025-08-06 17:00:00,0.16553907049141886,0.0705172689513054,0.2445427094896652,-1376359.4011162634
2025-08-06 18:00:00,7.832765657984785e-17,0.05851250584655863,0.24448309127931647,-1289283.9662253216
2025-08-06 19:00:00,0.0,0.0783987473930093,0.244423455328801,-1288861.1008720486
2025-08-06 20:00:00,0.0,0.05607739892754689,0.24436380166879906,-1267697.4592829682
2025-08-06 21:00:00,0.0,0.0735023750584845,0.24430413033000015,-1404857.431402686
2025-08-06 22:00:00,0.0,0.07176044079465997,0.2442444413431027,-1402968.109822339
2025-08-06 23:00:00,0.0,0.05831666027202562,0.2441847347388143,-1433576.110239716
2025-08-07 00:00:00,0.0,0.06431801776706131,0.2441250105478516,-1350678.0435538017
2025-08-07 01:00:00,0.0,0.05353855163907637,0.24406526880094043,-1466387.7960331596
2025-08-07 02:00:00,0.0,0.08427545437653816,0.24400550952881533,-1401334.7720821926
2025-08-07 03:00:00,0.0,0.05638324082647555,0.24394573276222015,-1447500.4131308591
2025-08-07 04:00:00,0.0,0.07451796129412205,0.2438859385319076,-1387993.8284747393
2025-08-07 05:00:00,0.0,0.06172730850661428,0.24382612686863944,-1365650.2841057333
2025-08-07 06:00:00,0.0,0.05778151686845415,0.24376629780318643,-1367560.7174110482
2025-08-07 07:00:00,0.16434503633734213,0.05524147817949099,0.24370645136632813,-1398596.1986034054
2025-08-07 08:00:00,0.3174902300413083,0.06374844271612962,0.2436465875888531,-1331540.11147671
2025-08-07 09:00:00,0.448998989245372,0.07096408658896214,0.24358670650155895,-1281905.9042530076
2025-08-07 10:00:00,0.5499092093382767,0.059871689146432136,0.24352680813525207,-1274354.4624530438
2025-08-07 11:00:00,0.6133440255827143,0.06864940159649918,0.24346689252074774,-1109093.2784465908
2025-08-07 12:00:00,0.6349804600826167,0.06656751870853168,0.24340695968887013,-1233658.9551338337
2025-08-07 13:00:00,0.6133440255827143,0.06699594953486916,0.2433470096704523,-1160734.4673136764
2025-08-07 14:00:00,0.5499092093382767,0.06295591744726241,0.24328704249633618,-1341006.0361616588
2025-08-07 15:00:00,0.44899898924537207,0.05362929274049044,0.2432270581973724,-1173901.8193540652
2025-08-07 16:00:00,0.3174902300413083,0.07903440259712984,0.2431670568044205,-1271557.5268456896
2025-08-07 17:00:00,0.1643450363373423,0.0610636952704135,0.24310703834834876,-1114327.9897049505
2025-08-07 18:00:00,7.776267879612901e-17,0.05788104719929105,0.24304700286003428,-1396188.2063861964
2025-08-07 19:00:00,0.0,0.08101468424627462,0.24298695037036294,-1236482.3646760853
2025-08-07 20:00:00,0.0,0.06578140004871062,0.24292688091022932,-1387784.709504124
2025-08-07 21:00:00,0.0,0.06183149479882446,0.24286679451053675,-1398846.8218592182
2025-08-07 22:00:00,0.0,0.07716662406651283,0.24280669120219728,-1366945.0843491186
2025-08-07 23:00:00,0.0,0.06709976986700562,0.2427465710161316,-1437559.5164033845
2025-08-08 00:00:00,0.0,0.06630047805643778,0.24268643398326917,-1473442.2351787097
2025-08-08 01:00:00,0.0,0.06584393896338629,0.24262628013454812,-1547154.9822434569
2025-08-08 02:00:00,0.0,0.06711439874689394,0.24256610950091512,-1519478.495067804
2025-08-08 03:00:00,0.0,0.052251329303926806,0.24250592211332558,-1361378.284586639
2025-08-08 04:00:00,0.0,0.06518098509097474,0.2424457180027435,-1423494.3884930941
2025-08-08 05:00:00,0.0,0.07181096606247342,0.24238549720014146,-1432162.0298478925
2025-08-08 06:00:00,0.0,0.062268020679283505,0.24232525973650068,-1313760.3367155958
2025-08-08 07:00:00,0.16313106332795607,0.07171778321713133,0.2422650056428109,-1399717.107250281
2025-08-08 08:00:00,0.3151450142769406,0.059243736164171897,0.24220473495007042,-1406973.6397671339
2025-08-08 09:00:00,0.445682353304712,0.06065514182466344,0.2421444476892861,-1297670.6024187172
2025-08-08 10:00:00,0.5458471764796803,0.07042521720390377,0.24208414389147334,-1144577.3913839702
2025-08-08 11:00:00,0.6088134166326682,0.05470764552109908,0.24202382358765598,-1175364.3887541818
2025-08-08 12:00:00,0.6302900285538813,0.05582925149850791,0.24196348680886642,-1195482.0873253662
2025-08-08 13:00:00,0.6088134166326682,0.06323151463734236,0.2419031335861455,-1183884.9878252998
2025-08-08 14:00:00,0.5458471764796804,0.0746584876506538,0.24184276395054258,-1169555.8296671093
2025-08-08 15:00:00,0.44568235330471206,0.06721071017726542,0.24178237793311538,-1240910.984974752
2025-08-08 16:00:00,0.3151450142769406,0.06636518108584497,0.24172197556493005,-1278994.9295840422
2025-08-08 17:00:00,0.16313106332795624,0.06095284447052986,0.24166155687706123,-1360918.8209680298
2025-08-08 18:00:00,7.718826660030045e-17,0.06381246947916405,0.24160112190059188,-1282060.8304035328
2025-08-08 19:00:00,0.0,0.06427089241090926,0.24154067066661347,-1389658.036407622
2025-08-08 20:00:00,0.0,0.06501475083083892,0.2414802032062256,-1335824.990582714
2025-08-08 21:00:00,0.0,0.05705044755752521,0.2414197195505364,-1339357.8986761665
2025-08-08 22:00:00,0.0,0.0726721657752744,0.24135921973066224,-1393419.0246401303
2025-08-08 23:00:00,0.0,0.06780130315919213,0.24129870377772794,-1402444.2605658711
2025-08-09 00:00:00,0.0,0.052159111061930205,0.24123817172286643,-1375361.0234860848
2025-08-09 01:00:00,0.0,0.049792472033784715,0.24117762359721912,-1412574.2342610313
2025-08-09 02:00:00,0.0,0.05851153879432116,0.2411170594319356,-1376442.901733923
2025-08-09 03:00:00,0.0,0.06256202447557081,0.24105647925817358,-1470815.3229375149
2025-08-09 04:00:00,0.0,0.05545187696597074,0.2409958831070992,-1428159.193487413
2025-08-09 05:00:00,0.0,0.07862267976335359,0.24093527100988676,-1383291.9233590588
2025-08-09 06:00:00,0.0,0.061604126022155405,0.2408746429977188,-1354354.2482909025
2025-08-09 07:00:00,0.16189751118966286,0.07526947061050514,0.24081399910178586,-1300600.9082438655
2025-08-09 08:00:00,0.3127619745400375,0.07610682601843122,0.2407533393532869,-1329320.7272608809
2025-08-09 09:00:00,0.4423122261891098,0.06498737168912665,0.2406926637834289,-1292619.0977668874
2025-08-09 10:00:00,0.5417196305789087,0.06399918976186872,0.24063197242342702,-1261663.5353545148
2025-08-09 11:00:00,0.6042097373787727,0.06184009087971371,0.24057126530450448,-1268347.723961451
2025-08-09 12:00:00,0.6255239490800751,0.07647307518786632,0.24051054245789272,-1282234.9690055146
2025-08-09 13:00:00,0.6042097373787727,0.05700286388475821,0.24044980391483115,-1347298.297711905
2025-08-09 14:00:00,0.5417196305789087,0.064090119527333,0.24038904970656735,-1217204.625252438
2025-08-09 15:00:00,0.4423122261891098,0.07116888669059412,0.2403282798643569,-1249818.839550629
2025-08-09 16:00:00,0.3127619745400375,0.06658951307868106,0.2402674944194635,-1303966.3787276484
2025-08-09 17:00:00,0.16189751118966303,0.06327080836525927,0.24020669340315876,-1301894.9193829023
2025-08-09 18:00:00,7.66045902030926e-17,0.05931429036559046,0.2401458768467223,-1253447.9208908437
2025-08-09 19:00:00,0.0,0.07160412485136472,0.24008504478144202,-1237949.0214139582
2025-08-09 20:00:00,0.0,0.05065721487480397,0.24002419723861337,-1365297.2318093197
2025-08-09 21:00:00,0.0,0.05815053946118234,0.23996333424954003,-1408778.0258895447
2025-08-09 22:00:00,0.0,0.07311830765356493,0.23990245584553366,-1483982.2222127563
2025-08-09 23:00:00,0.0,0.057969978394086824,0.23984156205791357,-1394744.1737592444
2025-08-10 00:00:00,0.0,0.06010233725072152,0.2397806529180073,-1526372.6511036875
2025-08-10 01:00:00,0.0,0.0612515131396776,0.2397197284571501,-1410059.3944930206
2025-08-10 02:00:00,0.0,0.0749997598940151,0.23965878870668522,-1543412.1322849328
2025-08-10 03:00:00,0.0,0.05454635514213014,0.23959783369796367,-1368539.4187029384
2025-08-10 04:00:00,0.0,0.058778305629340034,0.23953686346234435,-1457461.0979568046
2025-08-10 05:00:00,0.0,0.07621349954817289,0.23947587803119405,-1377507.3689914767
2025-08-10 06:00:00,0.0,0.05887059134461848,0.23941487743588727,-1441990.9567963153
2025-08-10 07:00:00,0.16064474545058333,0.07104809467069091,0.2393538617078064,-1307653.3134668567
2025-08-10 08:00:00,0.31034181697670343,0.06522991829100278,0.23929283087834158,-1269463.5935519321
2025-08-10 09:00:00,0.43888960653996284,0.07243052567060769,0.23923178497889072,-1236773.8683566882
2025-08-10 10:00:00,0.5375277947168919,0.06266023163168524,0.23917072404085948,-1310966.6096717117
2025-08-10 11:00:00,0.5995343519905463,0.06002049047964239,0.23910964809566132,-1270769.7225796073
2025-08-10 12:00:00,0.620683633953407,0.06625316719293015,0.23904855717471726,-1170291.93899473
2025-08-10 13:00:00,0.5995343519905463,0.06825566372639734,0.2389874513094562,-1152686.5418790823
2025-08-10 14:00:00,0.5375277947168919,0.057049888190799064,0.23892633053131462,-1292087.8420323876
2025-08-10 15:00:00,0.4388896065399629,0.07280410913718871,0.23886519487173677,-1239555.7203253189
2025-08-10 16:00:00,0.31034181697670343,0.04777702765014855,0.2388040443621744,-1248486.4732328446
2025-08-10 17:00:00,0.1606447454505835,0.06627523635794762,0.23874287903408703,-1218769.1955864208
2025-08-10 18:00:00,7.601182256041873e-17,0.0515604152720682,0.2386816989189418,-1207322.337399387
2025-08-10 19:00:00,0.0,0.057556315857223615,0.2386205040482134,-1265353.561248239
2025-08-10 20:00:00,0.0,0.0485639433142417,0.23855929445338417,-1330604.8118278373
2025-08-10 21:00:00,0.0,0.04836781687124707,0.23849807016594388,-1426368.1410550359
2025-08-10 22:00:00,0.0,0.05300513014363174,0.2384368312173901,-1401304.6516183915
2025-08-10 23:00:00,0.0,0.04914775532813344,0.23837557763922773,-1412724.3544168605
2025-08-11 00:00:00,0.0,0.05895497527332312,0.23831430946296933,-1461539.6025595448
2025-08-11 01:00:00,0.0,0.05598267043110978,0.23825302672013493,-1572921.7655990024
2025-08-11 02:00:00,0.0,0.06501046158764803,0.23819172944225198,-1373532.8227538716
2025-08-11 03:00:00,0.0,0.06894191752972141,0.23813041766085546,-1407125.6446561452
2025-08-11 04:00:00,0.0,0.06346900576922188,0.2380690914074879,-1371007.0856405585
2025-08-11 05:00:00,0.0,0.07290317904326216,0.23800775071369912,-1332889.9529574367
2025-08-11 06:00:00,0.0,0.059885724663850406,0.2379463956110465,-1325239.442985342
2025-08-11 07:00:00,0.15937313733224284,0.059515160827093724,0.23788502613109472,-1374458.720646966
2025-08-11 08:00:00,0.3078852587318557,0.05588405583411717,0.23782364230541594,-1238467.761509723
2025-08-11 09:00:00,0.4354155085533397,0.04981989774493002,0.23776224416558975,-1316345.819191541
2025-08-11 10:00:00,0.5332729110250634,0.0700921012664769,0.2377008317432029,-1290007.880758352
2025-08-11 11:00:00,0.5947886458855827,0.06743173236382727,0.23763940506984976,-1237564.914289178
2025-08-11 12:00:00,0.6157705174637114,0.06078543572894959,0.23757796417713178,-1226551.3377812789
2025-08-11 13:00:00,0.5947886458855827,0.06720591442353638,0.23751650909665784,-1195020.2408207373
2025-08-11 14:00:00,0.5332729110250635,0.04692130553079658,0.23745503986004415,-1191736.469874952
2025-08-11 15:00:00,0.4354155085533397,0.06929813532541115,0.2373935564989142,-1220705.1196162307
2025-08-11 16:00:00,0.3078852587318557,0.045542150602292504,0.23733205904489862,-1309145.4820117857
2025-08-11 17:00:00,0.159373137332243,0.07184921424042591,0.2372705475296354,-1287151.345690739
2025-08-11 18:00:00,7.541013932212436e-17,0.06599598534248191,0.2372090219847698,-1280437.486435814
2025-08-11 19:00:00,0.0,0.06629102105136954,0.23714748244195422,-1325135.433056155
2025-08-11 20:00:00,0.0,0.057441446654358894,0.23708592893284833,-1401179.8860784154
2025-08-11 21:00:00,0.0,0.060017701714193496,0.23702436148911887,-1406252.0795704836
2025-08-11 22:00:00,0.0,0.0625204874966427,0.2369627801424398,-1475222.9778982073
2025-08-11 23:00:00,0.0,0.05564915180985578,0.23690118492449233,-1392282.920536316
2025-08-12 00:00:00,0.0,0.04562392586947492,0.23683957586696472,-1433314.5461377017
2025-08-12 01:00:00,0.0,0.04664396580835548,0.23677795300155227,-1585005.3589456542
2025-08-12 02:00:00,0.0,0.047563894369054595,0.23671631635995757,-1555295.7621650537
2025-08-12 03:00:00,0.0,0.04750020444053176,0.23665466597389023,-1465927.7710595394
2025-08-12 04:00:00,0.0,0.047964960894125656,0.23659300187506677,-1396738.722894075
2025-08-12 05:00:00,0.0,0.055607587032485854,0.23653132409521094,-1359563.1237635487
2025-08-12 06:00:00,0.0,0.04449504505194133,0.23646963266605348,-1362517.822603388
2025-08-12 07:00:00,0.1580830636395705,0.057655884890663096,0.23640792761933221,-1344418.168269114
2025-08-12 08:00:00,0.305393027736719,0.0614525620102828,0.23634620898679184,-1269564.0802739635
2025-08-12 09:00:00,0.43189096167945085,0.05311917433174982,0.23628447680018416,-1309627.910901265
2025-08-12 10:00:00,0.5289562403172887,0.045782483005051604,0.23622273109126793,-1258608.2443675408
2025-08-12 11:00:00,0.5899740253190213,0.04425247717547198,0.2361609718918088,-1233733.2584650568
2025-08-12 12:00:00,0.6107860554734381,0.058605264090095296,0.23609919923357936,-1151742.0930539996
2025-08-12 13:00:00,0.5899740253190213,0.053705398378305014,0.23603741314835924,-1305135.4777555743
2025-08-12 14:00:00,0.5289562403172887,0.06253621798980567,0.23597561366793485,-1201759.479037454
2025-08-12 15:00:00,0.4318909616794509,0.045801417824040236,0.23591380082409957,-1292198.3092084208
2025-08-12 16:00:00,0.305393027736719,0.05009086394484217,0.23585197464865365,-1257350.2431641351
2025-08-12 17:00:00,0.15808306363957067,0.047846791625324826,0.23579013517340414,-1297099.926974691
2025-08-12 18:00:00,7.479971877993836e-17,0.06009944756922346,0.23572828243016494,-1280144.6392197805
2025-08-12 19:00:00,0.0,0.06326046900015785,0.23566641645075687,-1308783.614553549
2025-08-12 20:00:00,0.0,0.05546516171466797,0.2356045372670075,-1375834.6048836093
2025-08-12 21:00:00,0.0,0.05194842882190138,0.2355426449107511,-1433727.7871242957
2025-08-12 22:00:00,0.0,0.04616286704340355,0.23548073941382885,-1435262.767531501
2025-08-12 23:00:00,0.0,0.04762953305841875,0.23541882080808868,-1460660.3662668224
2025-08-13 00:00:00,0.0,0.05734541328388759,0.23535688912538524,-1455241.7279438267
2025-08-13 01:00:00,0.0,0.04805654465189044,0.23529494439757978,-1409474.9989959649
2025-08-13 02:00:00,0.0,0.04399137968240026,0.23523298665654047,-1423193.9189006365
2025-08-13 03:00:00,0.0,0.05455013237130059,0.23517101593414205,-1410795.0343292253
2025-08-13 04:00:00,0.0,0.06037850045475577,0.23510903226226598,-1400981.8138593773
2025-08-13 05:00:00,0.0,0.05085828478718935,0.23504703567280044,-1447531.3609694766
2025-08-13 06:00:00,0.0,0.050048253422364575,0.2349850261976401,-1450526.5063688941
2025-08-13 07:00:00,0.15677490664924337,0.05229206718209136,0.2349230038686864,-1363807.9668283202
2025-08-13 08:00:00,0.3028658624931239,0.0639016750780921,0.2348609687178472,-1379015.3656987678
2025-08-13 09:00:00,0.4283170103176008,0.046446250392720656,0.23479892077703723,-1344603.294528529
2025-08-13 10:00:00,0.5245790617162599,0.043383231033200555,0.23473686007817768,-1219881.973195307
2025-08-13 11:00:00,0.5850919169668443,0.057905603894443956,0.23467478665319627,-1208227.174609395
2025-08-13 12:00:00,0.6057317249862479,0.05024509976262334,0.2346127005340272,-1202877.4853828978
2025-08-13 13:00:00,0.5850919169668443,0.06467003672433859,0.2345506017526114,-1321916.8417447873
2025-08-13 14:00:00,0.5245790617162599,0.06318377940965729,0.23448849034089608,-1151704.3654028254
2025-08-13 15:00:00,0.42831701031760083,0.05626801386172446,0.2344263663308352,-1274525.572920646
2025-08-13 16:00:00,0.3028658624931239,0.06443288552542437,0.23436422975438903,-1270683.7834452374
2025-08-13 17:00:00,0.15677490664924354,0.04528336452714835,0.23430208064352426,-1227992.4242654066
2025-08-13 18:00:00,7.418074181464134e-17,0.0637631300076029,0.23423991903021424,-1306029.9868864275
2025-08-13 19:00:00,0.0,0.04315688214527498,0.23417774494643853,-1347685.7657785492
2025-08-13 20:00:00,0.0,0.04480797693973137,0.23411555842418327,-1394792.089893312
2025-08-13 21:00:00,0.0,0.05836635726155991,0.2340533594954409,-1342583.634351655
2025-08-13 22:00:00,0.0,0.06506693450165765,0.23399114819221023,-1499887.300450605
2025-08-13 23:00:00,0.0,0.05941425490064862,0.23392892454649653,-1471917.2203834679
2025-08-14 00:00:00,0.0,0.04830312630048526,0.23386668859031134,-1478714.6214483415
2025-08-14 01:00:00,0.0,0.05181836361686422,0.23380444035567263,-1515138.5311707715
2025-08-14 02:00:00,0.0,0.05216849092944453,0.23374217987460458,-1444429.7397586678
2025-08-14 03:00:00,0.0,0.05136926947271097,0.23367990717913764,-1521643.7483649717
2025-08-14 04:00:00,0.0,0.04806745303312342,0.2336176223013087,-1429318.7141822178
2025-08-14 05:00:00,0.0,0.053887213302622,0.2335553252731608,-1387316.4577292537
2025-08-14 06:00:00,0.0,0.06567318432599017,0.23349301612674328,-1278386.9476773064
2025-08-14 07:00:00,0.15544905399641018,0.05916258038216333,0.23343069489411167,-1190423.6663124186
2025-08-14 08:00:00,0.300304511854673,0.051954890961406874,0.23336836160732774,-1264852.7898987266
2025-08-14 09:00:00,0.4246947135067105,0.055268827230517334,0.23330601629845957,-1274290.9234173854
2025-08-14 10:00:00,0.5201426722744639,0.04206675474848012,0.2332436589995811,-1235195.2962780339
2025-08-14 11:00:00,0.5801437675031207,0.0413991629222739,0.23318128974277286,-1141010.83510277
2025-08-14 12:00:00,0.600609023709346,0.051267917512605114,0.2331189085601212,-1210939.3242201214
2025-08-14 13:00:00,0.5801437675031207,0.05740997268238608,0.2330565154837188,-1305354.823174616
2025-08-14 14:00:00,0.5201426722744639,0.06328787724215888,0.23299411054566443,-1299114.0391041576
2025-08-14 15:00:00,0.4246947135067105,0.0422377236479284,0.23293169377806283,-1227516.8148264089
2025-08-14 16:00:00,0.300304511854673,0.05589874611266988,0.23286926521302498,-1254533.57905969
2025-08-14 17:00:00,0.15544905399641035,0.0452887069182901,0.23280682488266788,-1314736.7790058907
2025-08-14 18:00:00,7.355339184246674e-17,0.04225953766259468,0.23274437281911453,-1352693.2984339735
2025-08-14 19:00:00,0.0,0.054566972636356445,0.23268190905449407,-1446214.7617164084
2025-08-14 20:00:00,0.0,0.04556779389791236,0.2326194336209416,-1298606.8583820383
2025-08-14 21:00:00,0.0,0.055200673668312515,0.23255694655059814,-1365139.2956708472
2025-08-14 22:00:00,0.0,0.054926351839721735,0.23249444787561085,-1509235.4247620073
2025-08-14 23:00:00,0.0,0.046033620246438985,0.23243193762813275,-1392293.0716189167
2025-08-15 00:00:00,0.0,0.042359386937591455,0.2323694158403229,-1447127.160937125
2025-08-15 01:00:00,0.0,0.04745999214887614,0.23230688254434625,-1462339.0867162351
2025-08-15 02:00:00,0.0,0.060130941070218186,0.23224433777237363,-1386855.4363727455
2025-08-15 03:00:00,0.0,0.04218437248613947,0.2321817815565818,-1462461.442336444
2025-08-15 04:00:00,0.0,0.056640123696662985,0.2321192139291535,-1358993.6421214603
2025-08-15 05:00:00,0.0,0.058642722706181885,0.23205663492227724,-1416725.2135828994
2025-08-15 06:00:00,0.0,0.04600756042033604,0.23199404456814735,-1398637.1071749306
2025-08-15 07:00:00,0.1541058985598261,0.046136727521398184,0.2319314428989641,-1327696.537697826
2025-08-15 08:00:00,0.2977097348048387,0.05589804226339277,0.23186882994693353,-1343401.7550135516
2025-08-15 09:00:00,0.42102514461150037,0.0594989001056679,0.2318062057442675,-1325990.6145275068
2025-08-15 10:00:00,0.5156483865898371,0.05639828106202698,0.23174357032318368,-1170532.417650828
2025-08-15 11:00:00,0.5751310431713266,0.04184188601685009,0.23168092371590546,-1285871.0463235478
2025-08-15 12:00:00,0.5954194696096775,0.05655454736165392,0.23161826595466198,-1138426.755799002
2025-08-15 13:00:00,0.5751310431713266,0.04413834388743964,0.2315555970716881,-1200296.073134449
2025-08-15 14:00:00,0.5156483865898372,0.06013946530093592,0.2314929170992245,-1249467.8950657009
2025-08-15 15:00:00,0.4210251446115004,0.04289648566206446,0.23143022606951752,-1332002.9613443378
2025-08-15 16:00:00,0.2977097348048387,0.04067962170058504,0.2313675240148192,-1183854.8614601954
2025-08-15 17:00:00,0.15410589855982626,0.06145351745338242,0.23130481096738717,-1332312.7433138478
2025-08-15 18:00:00,7.291785476075063e-17,0.03912984492868738,0.23124208695948478,-1194644.3736384006
2025-08-15 19:00:00,0.0,0.059146608085976174,0.23117935202338108,-1288753.5745768812
2025-08-15 20:00:00,0.0,0.04823594980668249,0.23111660619135063,-1449806.5380813275
2025-08-15 21:00:00,0.0,0.04423918008320054,0.23105384949567367,-1386647.0899248866
2025-08-15 22:00:00,0.0,0.04467905816301541,0.23099108196863594,-1418450.1756646915
2025-08-15 23:00:00,0.0,0.045530772536993835,0.23092830364252892,-1310354.9145176222
2025-08-16 00:00:00,0.0,0.060762080660262445,0.2308655145496494,-1333403.849661224
2025-08-16 01:00:00,0.0,0.04395243566485543,0.23080271472229996,-1594949.7678707605
2025-08-16 02:00:00,0.0,0.056546412345013106,0.2307399041927886,-1486683.900862542
2025-08-16 03:00:00,0.0,0.03912233471872706,0.2306770829934287,-1393799.9091735464
2025-08-16 04:00:00,0.0,0.0420024911876371,0.23061425115653936,-1408582.0130582661
2025-08-16 05:00:00,0.0,0.04804850649419619,0.23055140871444496,-1356145.8060954579
2025-08-16 06:00:00,0.0,0.04002224048179908,0.23048855569947554,-1310157.55102394
2025-08-16 07:00:00,0.15274583834543468,0.05833311818492719,0.2304256921439663,-1325020.4998394104
2025-08-16 08:00:00,0.2950823002320609,0.05449484716472839,0.23036281808025807,-1241884.5654615771
2025-08-16 09:00:00,0.41730939100443,0.044278670678405595,0.23029993354069705,-1199350.6008835782
2025-08-16 10:00:00,0.511097536416223,0.0572955404835746,0.2302370385576349,-1296781.0213355867
2025-08-16 11:00:00,0.5700552293498647,0.038010243195076496,0.23017413316342836,-1318712.545961384
2025-08-16 12:00:00,0.5901646004641219,0.04306389286989915,0.23011121739043988,-1230768.2240747784
2025-08-16 13:00:00,0.5700552293498647,0.04263149411886257,0.23004829127103707,-1223938.8895424989
2025-08-16 14:00:00,0.511097536416223,0.05183803886020981,0.22998535483759294,-1227231.0732223738
2025-08-16 15:00:00,0.4173093910044301,0.054908525207165534,0.22992240812248566,-1262448.1925277272
2025-08-16 16:00:00,0.2950823002320609,0.05066795370889836,0.2298594511580989,-1347585.5090183069
2025-08-16 17:00:00,0.15274583834543484,0.048476745336220275,0.22979648397682131,-1261522.6709137743
2025-08-16 18:00:00,7.227431889284633e-17,0.04446431897239539,0.22973350661104716,-1310293.3339734534
2025-08-16 19:00:00,0.0,0.056515471243185185,0.2296705190931757,-1382486.4032379873
2025-08-16 20:00:00,0.0,0.05647483289258268,0.22960752145561153,-1371012.9126214865
2025-08-16 21:00:00,0.0,0.04780986811946191,0.22954451373076437,-1431760.5869645253
2025-08-16 22:00:00,0.0,0.04059299488884255,0.22948149595104914,-1386328.0689870443
2025-08-16 23:00:00,0.0,0.054133432964279866,0.22941846814888597,-1386718.0609532457
2025-08-17 00:00:00,0.0,0.044442219217437524,0.22935543035670014,-1414096.2545217064
2025-08-17 01:00:00,0.0,0.03840513307172939,0.22929238260692217,-1509950.1732664797
2025-08-17 02:00:00,0.0,0.05666225901322641,0.22922932493198744,-1488337.4704601136
2025-08-17 03:00:00,0.0,0.04963205334727184,0.22916625736433666,-1473444.324190357
2025-08-17 04:00:00,0.0,0.05172993859666212,0.22910317993641552,-1396566.9932467812
2025-08-17 05:00:00,0.0,0.04635089283015899,0.2290400926806749,-1368544.9715338354
2025-08-17 06:00:00,0.0,0.04646432766520403,0.2289769956295707,-1377165.4196059427
2025-08-17 07:00:00,0.15136927636843,0.047365558312930024,0.22891388881556365,-1302787.497336439
2025-08-17 08:00:00,0.29242298670190814,0.038901796666467925,0.22885077227111983,-1277500.435816275
2025-08-17 09:00:00,0.41354855374348576,0.0543227348385482,0.22878764602871005,-1255006.0428249445
2025-08-17 10:00:00,0.5064914702687431,0.04570321501311927,0.22872451012081035,-1235011.2565891226
2025-08-17 11:00:00,0.5649178301119158,0.05615203478198281,0.22866136457990152,-1334354.424791543
2025-08-17 12:00:00,0.5848459734038164,0.0468046323597046,0.22859820943846948,-1292391.0163638254
2025-08-17 13:00:00,0.5649178301119158,0.05007684249159674,0.22853504472900493,-1225012.2304006824
2025-08-17 14:00:00,0.5064914702687432,0.05694628218149441,0.22847187048400366,-1278608.5681150018
2025-08-17 15:00:00,0.41354855374348576,0.04252084882559931,0.2284086867359663,-1236540.9712603518
2025-08-17 16:00:00,0.29242298670190814,0.054892916420419664,0.22834549351739827,-1140379.9674507303
2025-08-17 17:00:00,0.15136927636843017,0.051380762206936596,0.22828229086081003,-1302324.7305805287
2025-08-17 18:00:00,7.162297493232018e-17,0.037753886569741546,0.22821907879871675,-1420845.7994059524
2025-08-17 19:00:00,0.0,0.051906725038195434,0.22815585736363847,-1347665.7877946864
2025-08-17 20:00:00,0.0,0.04311869740679163,0.22809262658810014,-1321426.0525879406
2025-08-17 21:00:00,0.0,0.0482343695234509,0.22802938650463148,-1499949.7441569008
2025-08-17 22:00:00,0.0,0.05150605479590929,0.22796613714576688,-1473389.8442772203
2025-08-17 23:00:00,0.0,0.054762573426024745,0.22790287854404567,-1474458.09301516
2025-08-18 00:00:00,0.0,0.04508731579680093,0.22783961073201184,-1517328.3001184936
2025-08-18 01:00:00,0.0,0.04928339463834338,0.22777633374221418,-1389932.6311968786
2025-08-18 02:00:00,0.0,0.05520673567363624,0.22771304760720612,-1472522.7451081022
2025-08-18 03:00:00,0.0,0.04855916107974793,0.22764975235954582,-1492546.6650234736
2025-08-18 04:00:00,0.0,0.055943062727441276,0.22758644803179617,-1416868.7338471205
2025-08-18 05:00:00,0.0,0.04588939357330082,0.22752313465652474,-1541642.5402232
2025-08-18 06:00:00,0.0,0.035307811461834725,0.22745981226630368,-1381976.0368381802
2025-08-18 07:00:00,0.1499766205338344,0.04385787243417794,0.2273964808937098,-1471079.1061655586
2025-08-18 08:00:00,0.2897325822263721,0.03801327097252852,0.22733314057132464,-1298049.5759701137
2025-08-18 09:00:00,0.40974374724591334,0.04653704022201724,0.2272697913317341,-1320302.9476896331
2025-08-18 10:00:00,0.5018315530242039,0.03774534698776182,0.227206433207529,-1267367.1874617857
2025-08-18 11:00:00,0.5597203677797479,0.049371529575685226,0.22714306623130445,-1237870.7982326557
2025-08-18 12:00:00,0.5794651644527442,0.04820704695401346,0.2270796904356602,-1254743.9772988274
2025-08-18 13:00:00,0.5597203677797479,0.03847014197797317,0.22701630585320057,-1192882.4997982993
2025-08-18 14:00:00,0.501831553024204,0.03826054198434133,0.22695291251653443,-1284708.137155402
2025-08-18 15:00:00,0.40974374724591345,0.053395054154030216,0.22688951045827513,-1284802.9411371876
2025-08-18 16:00:00,0.2897325822263721,0.05222563702307713,0.22682609971104034,-1326844.4093494012
2025-08-18 17:00:00,0.14997662053383456,0.03951692426307561,0.22676268030745247,-1262076.0009880576
2025-08-18 18:00:00,7.096401588644479e-17,0.045308474741563916,0.22669925228013824,-1324072.3033664145
2025-08-18 19:00:00,0.0,0.038289315370703764,0.22663581566172883,-1302498.057044455
2025-08-18 20:00:00,0.0,0.05413793214958948,0.22657237048485981,-1386157.4773955112
2025-08-18 21:00:00,0.0,0.04671590179707405,0.22650891678217122,-1421099.457639316
2025-08-18 22:00:00,0.0,0.038477211454066886,0.22644545458630735,-1326938.793198798
2025-08-18 23:00:00,0.0,0.049197227260227294,0.22638198392991699,-1465913.5225303676
2025-08-19 00:00:00,0.0,0.036794527288602975,0.22631850484565327,-1444939.6917528796
2025-08-19 01:00:00,0.0,0.04404764008569562,0.22625501736617365,-1446614.4246528724
2025-08-19 02:00:00,0.0,0.03902034055607111,0.2261915215241399,-1407687.4181475549
2025-08-19 03:00:00,0.0,0.04565057298458443,0.22612801735221802,-1377472.5985550534
2025-08-19 04:00:00,0.0,0.038007104597891916,0.2260645048830784,-1422995.848158501
2025-08-19 05:00:00,0.0,0.046140106928964815,0.2260009841493956,-1381885.3707322998
2025-08-19 06:00:00,0.0,0.05029466853826645,0.22593745518384858,-1343688.7652042883
2025-08-19 07:00:00,0.14856828351562773,0.04512649124356174,0.2258739180191204,-1328703.855606088
2025-08-19 08:00:00,0.28701188403036254,0.045111899787635926,0.22581037268789833,-1265513.9997303477
2025-08-19 09:00:00,0.40589609895799267,0.04319775863302273,0.22574681922287398,-1198162.3446696808
2025-08-19 10:00:00,0.4971191655166544,0.04406818294581454,0.22568325765674302,-1286928.778374448
2025-08-19 11:00:00,0.5544643824736204,0.04669800594534387,0.22561968802220536,-1295043.0701504499
2025-08-19 12:00:00,0.5740237680607252,0.03892209330629736,0.22555611035196493,-1344643.1340895433
2025-08-19 13:00:00,0.5544643824736204,0.04545155071700245,0.22549252467873,-1317826.1373951698
2025-08-19 14:00:00,0.49711916551665447,0.03916608961034725,0.22542893103521272,-1145267.9755891513
2025-08-19 15:00:00,0.40589609895799267,0.037776410936384924,0.22536532945412965,-1186367.7830570298
2025-08-19 16:00:00,0.28701188403036254,0.04205158424871583,0.2253017199682011,-1165626.2994555284
2025-08-19 17:00:00,0.1485682835156279,0.042953715827070665,0.22523810261015162,-1333769.050876307
2025-08-19 18:00:00,7.029763701900697e-17,0.042146290497594836,0.22517447741270982,-1274799.166948607
2025-08-19 19:00:00,0.0,0.037014616589021804,0.22511084440860835,-1310176.8301337664
2025-08-19 20:00:00,0.0,0.04090688713787293,0.22504720363058378,-1257516.2334834996
2025-08-19 21:00:00,0.0,0.04906860288519466,0.22498355511137674,-1308521.0631944283
2025-08-19 22:00:00,0.0,0.05032243744928084,0.2249198988837319,-1520752.2185410687
2025-08-19 23:00:00,0.0,0.041152656750225725,0.22485623498039772,-1413698.4797041907
2025-08-20 00:00:00,0.0,0.04681971946434358,0.2247925634341268,-1493293.075441993
2025-08-20 01:00:00,0.0,0.041411220193362894,0.22472888427767557,-1453638.862082669
2025-08-20 02:00:00,0.0,0.03332971478282592,0.22466519754380446,-1533627.657258311
2025-08-20 03:00:00,0.0,0.050256316542142535,0.22460150326527764,-1436121.6286742678
2025-08-20 04:00:00,0.0,0.033190101594561566,0.2245378014748633,-1383501.514853487
2025-08-20 05:00:00,0.0,0.0489650047113494,0.2244740922053335,-1378752.5654870719
2025-08-20 06:00:00,0.0,0.04736547536104742,0.22441037548946405,-1287105.489494618
2025-08-20 07:00:00,0.1471446826344628,0.03862860417195237,0.22434665136003468,-1308287.4776219379
2025-08-20 08:00:00,0.2842616983154724,0.04664841754766768,0.22428291984982887,-1251372.1444450612
2025-08-20 09:00:00,0.40200674902095024,0.05071128760848758,0.22421918099163393,-1280620.8314181156
2025-08-20 10:00:00,0.4923557041282145,0.044362619407204706,0.22415543481824093,-1297318.0534440738
2025-08-20 11:00:00,0.5491514316554131,0.049638607423244906,0.2240916813624448,-1248825.1910443795
2025-08-20 12:00:00,0.5685233966309449,0.03571160376544356,0.22402792065704402,-1212850.2824548802
2025-08-20 13:00:00,0.5491514316554131,0.034175142489880204,0.22396415273484097,-1281038.5068962602
2025-08-20 14:00:00,0.4923557041282146,0.047245596821472995,0.2239003776286417,-1221500.9585378915
2025-08-20 15:00:00,0.4020067490209503,0.04572734702841209,0.22383659537125597,-1221133.714649188
2025-08-20 16:00:00,0.2842616983154724,0.04226668943248028,0.2237728059954971,-1239656.4817670214
2025-08-20 17:00:00,0.14714468263446295,0.04008032856217673,0.2237090095341822,-1241279.454353506
2025-08-20 18:00:00,6.962403579244677e-17,0.04101116384758263,0.223645206020132,-1305163.0937768251
2025-08-20 19:00:00,0.0,0.044329505045721654,0.22358139548617087,-1338824.3858875753
2025-08-20 20:00:00,0.0,0.047931491568307255,0.2235175779651268,-1315710.0612835914
2025-08-20 21:00:00,0.0,0.04802957325901355,0.2234537534898312,-1439382.7695826483
2025-08-20 22:00:00,0.0,0.03236614869904129,0.22338992209311936,-1370785.4891089832
2025-08-20 23:00:00,0.0,0.03265408644476162,0.2233260838078299,-1455454.1924889814
2025-08-21 00:00:00,0.0,0.036532701323027966,0.22326223866680506,-1360039.5411290564
2025-08-21 01:00:00,0.0,0.0457675970597861,0.22319838670289063,-1391480.997113443
2025-08-21 02:00:00,0.0,0.0450010974173666,0.22313452794893587,-1363248.667735587
2025-08-21 03:00:00,0.0,0.036404304983915024,0.2230706624377935,-1454042.758772089
2025-08-21 04:00:00,0.0,0.039174892229815156,0.22300679020231975,-1451138.4093902656
2025-08-21 05:00:00,0.0,0.03546252716161804,0.22294291127537444,-1372614.5418985172
2025-08-21 06:00:00,0.0,0.03288620981523733,0.2228790256898206,-1319994.169286204
2025-08-21 07:00:00,0.14570623973400462,0.04221443809636599,0.2228151334785249,-1275483.5479734584
2025-08-21 08:00:00,0.2814828400210829,0.046247777477981956,0.2227512346743572,-1248193.216474872
2025-08-21 09:00:00,0.39807684993311176,0.04061334299501338,0.222687329310191,-1328520.1211723352
2025-08-21 10:00:00,0.48754258037529785,0.0337350940858632,0.22262341741890296,-1333963.5012960166
2025-08-21 11:00:00,0.5437830896671164,0.03985190301956914,0.22255949903337316,-1237674.3940861279
2025-08-21 12:00:00,0.562965680042166,0.04648549617551932,0.22249557418648513,-1206498.870349987
2025-08-21 13:00:00,0.5437830896671164,0.03732778642223031,0.22243164291112555,-1240834.0165875242
2025-08-21 14:00:00,0.48754258037529785,0.046780773761264535,0.2223677052401846,-1265118.1800300092
2025-08-21 15:00:00,0.3980768499331118,0.03775381359773057,0.22230376120655554,-1335147.1485311768
2025-08-21 16:00:00,0.2814828400210829,0.03999593579159393,0.22223981084313507,-1260981.8677772593
2025-08-21 17:00:00,0.14570623973400476,0.040344937362148704,0.22217585418282307,-1304952.6213028606
2025-08-21 18:00:00,6.894341180934516e-17,0.03265714466437893,0.22211189125852276,-1231866.7782671778
2025-08-21 19:00:00,0.0,0.04149796652126632,0.22204792210314037,-1324085.9341494993
2025-08-21 20:00:00,0.0,0.047393803270917724,0.22198394674958552,-1455998.1354104516
2025-08-21 21:00:00,0.0,0.04248052701494999,0.2219199652307709,-1419881.1828388004
2025-08-21 22:00:00,0.0,0.03810045979740982,0.2218559775796125,-1378436.368297717
2025-08-21 23:00:00,0.0,0.03069333977793505,0.2217919838290294,-1409730.4715557327
2025-08-22 00:00:00,0.0,0.044527619431091965,0.2217279840119438,-1462805.6869433078
2025-08-22 01:00:00,0.0,0.04112685181258616,0.22166397816128106,-1481340.822024063
2025-08-22 02:00:00,0.0,0.040094117086012404,0.22159996630996956,-1400595.629077361
2025-08-22 03:00:00,0.0,0.03559313373227301,0.22153594849094096,-1421085.9279811191
2025-08-22 04:00:00,0.0,0.04565248421452796,0.22147192473712973,-1371615.1321882221
2025-08-22 05:00:00,0.0,0.040365401901855016,0.2214078950814736,-1343740.822211111
2025-08-22 06:00:00,0.0,0.033100119568727195,0.22134385955691316,-1398195.049633852
2025-08-22 07:00:00,0.14425338105592864,0.042317821625048664,0.22127981819639217,-1440018.0902115793
2025-08-22 08:00:00,0.2786761325828794,0.04350207051387318,0.22121577103285736,-1274645.4732971648
2025-08-22 09:00:00,0.3941075662083908,0.043608131079841704,0.2211517180992584,-1296950.148522637
2025-08-22 10:00:00,0.4826812204903478,0.042124404487579266,0.22108765942854797,-1234112.921005135
2025-08-22 11:00:00,0.5383609472643196,0.043893033705890136,0.22102359505368172,-1242094.6857894969
2025-08-22 12:00:00,0.5573522651657589,0.04180541764503263,0.22095952500761812,-1202336.8068808254
2025-08-22 13:00:00,0.5383609472643196,0.04534380847180839,0.22089544932331875,-1244796.1221073002
2025-08-22 14:00:00,0.4826812204903479,0.03966535036887363,0.22083136803374787,-1195629.4416399582
2025-08-22 15:00:00,0.3941075662083909,0.030856457521354918,0.2207672811718728,-1135523.2884727716
2025-08-22 16:00:00,0.2786761325828794,0.042811980298852526,0.22070318877066356,-1225634.0996989224
2025-08-22 17:00:00,0.14425338105592878,0.03278096143275471,0.22063909086309322,-1294926.1434852646
2025-08-22 18:00:00,6.825596675327734e-17,0.04024289136041369,0.22057498748213758,-1274022.7497355165
2025-08-22 19:00:00,0.0,0.028423510716049403,0.2205108786607752,-1337907.924902424
2025-08-22 20:00:00,0.0,0.03273559171734658,0.22044676443198752,-1302837.9358647638
2025-08-22 21:00:00,0.0,0.04446390004714256,0.22038264482875874,-1467598.7362679879
2025-08-22 22:00:00,0.0,0.03920951838696343,0.22031851988407591,-1426710.2540429141
2025-08-22 23:00:00,0.0,0.036272680134411775,0.22025438963092855,-1423010.4389432296
2025-08-23 00:00:00,0.0,0.03175465588265516,0.22019025410230925,-1379562.6694758234
2025-08-23 01:00:00,0.0,0.04174714286750549,0.22012611333121312,-1387063.5056068995
2025-08-23 02:00:00,0.0,0.04245867677750522,0.22006196735063802,-1468452.2833973367
2025-08-23 03:00:00,0.0,0.041698223281215134,0.21999781619358444,-1473145.4547059892
2025-08-23 04:00:00,0.0,0.037394909369876016,0.21993365989305563,-1484727.8812739141
2025-08-23 05:00:00,0.0,0.03680570920879141,0.21986949848205745,-1561698.2408773617
2025-08-23 06:00:00,0.0,0.04255274351299594,0.21980533199359842,-1339171.985362546
2025-08-23 07:00:00,0.14278653711361652,0.03131560852035205,0.21974116046068942,-1366569.0249030371
2025-08-23 08:00:00,0.2758424076888495,0.03372597502460862,0.2196769839163443,-1310776.144581196
2025-08-23 09:00:00,0.3901000740312195,0.04348666473122245,0.2196128023935793,-1296304.143086245
2025-08-23 10:00:00,0.47777306499921535,0.043373607365632054,0.21954861592541317,-1306397.5282908804
2025-08-23 11:00:00,0.532886611144836,0.04045829429429255,0.21948442454486725,-1285345.5590790454
2025-08-23 12:00:00,0.5516848153776991,0.03485846464190483,0.21942022828496555,-1295054.952882241
2025-08-23 13:00:00,0.532886611144836,0.02787411229450099,0.21935602717873434,-1266007.0096276747
2025-08-23 14:00:00,0.47777306499921535,0.039272847603791475,0.21929182125920263,-1255476.498211262
2025-08-23 15:00:00,0.3901000740312196,0.04106636974213488,0.21922761055940174,-1153880.4344618584
2025-08-23 16:00:00,0.2758424076888495,0.04004669232250456,0.21916339511236552,-1181973.7644098955
2025-08-23 17:00:00,0.14278653711361666,0.03931425855935095,0.21909917495113018,-1166702.341027909
2025-08-23 18:00:00,6.756190432904976e-17,0.03556753701402574,0.21903495010873453,-1317617.6355067682
2025-08-23 19:00:00,0.0,0.028462327789019387,0.21897072061821957,-1304071.5804026036
2025-08-23 20:00:00,0.0,0.04235737230555715,0.21890648651262876,-1431568.3867350246
2025-08-23 21:00:00,0.0,0.04183636400317919,0.21884224782500808,-1385210.4862002793
2025-08-23 22:00:00,0.0,0.03181571814566337,0.21877800458840566,-1343520.9709371256
2025-08-23 23:00:00,0.0,0.029816972086935695,0.21871375683587216,-1377771.0159278135
2025-08-24 00:00:00,0.0,0.035018301473120295,0.21864950460046043,-1477476.2934533113
2025-08-24 01:00:00,0.0,0.04199778294302071,0.21858524791522566,-1443128.5227628166
2025-08-24 02:00:00,0.0,0.04107916449859476,0.21852098681322535,-1534713.666116865
2025-08-24 03:00:00,0.0,0.03431263849219596,0.2184567213275193,-1411377.0219957698
2025-08-24 04:00:00,0.0,0.030416009242553204,0.21839245149116943,-1507760.9900206667
2025-08-24 05:00:00,0.0,0.04105442719952944,0.21832817733724,-1400348.091344149
2025-08-24 06:00:00,0.0,0.034941301046930266,0.21826389889879755,-1275022.44749703
2025-08-24 07:00:00,0.14130614256458535,0.03298891987823306,0.2181996162089107,-1327250.509360866
2025-08-24 08:00:00,0.272982505032836,0.037548452515645606,0.21813532930065035,-1354641.8143571916
2025-08-24 09:00:00,0.38605556090801835,0.03256506234447959,0.21807103820708962,-1305398.6800074067
2025-08-24 10:00:00,0.4728195682942987,0.038995074962582414,0.2180067429613035,-1234586.4870084792
2025-08-24 11:00:00,0.5273617034726037,0.028125100167871935,0.21794244359636947,-1282761.2703771996
2025-08-24 12:00:00,0.5459650100656721,0.02969312604018554,0.21787814014536686,-1161236.0513397094
2025-08-24 13:00:00,0.5273617034726037,0.031921982566542245,0.2178138326413773,-1278881.4071969641
2025-08-24 14:00:00,0.4728195682942987,0.026805683372171166,0.21774952111748444,-1311102.7787307398
2025-08-24 15:00:00,0.3860555609080184,0.02633537744244787,0.2176852056067739,-1221336.0074247268
2025-08-24 16:00:00,0.272982505032836,0.04081458373745425,0.21762088614233346,-1245998.0199487216
2025-08-24 17:00:00,0.1413061425645855,0.027951891548769564,0.21755656275725288,-1226399.787388781
2025-08-24 18:00:00,6.686143020233777e-17,0.03954113631210788,0.21749223548462404,-1314158.9455225759
2025-08-24 19:00:00,0.0,0.03799490873494334,0.21742790435754064,-1325794.5300415084
2025-08-24 20:00:00,0.0,0.038792909775552074,0.21736356940909854,-1389959.7715881446
2025-08-24 21:00:00,0.0,0.03378951992837869,0.21729923067239543,-1410300.8597834825
2025-08-24 22:00:00,0.0,0.03856225003726056,0.21723488818053102,-1513394.9410529933
2025-08-24 23:00:00,0.0,0.03357080088714067,0.2171705419666071,-1462076.7637482728
2025-08-25 00:00:00,0.0,0.03246806183564594,0.21710619206372697,-1385794.4450651144
2025-08-25 01:00:00,0.0,0.03252872198304301,0.21704183850499614,-1544218.6386160727
2025-08-25 02:00:00,0.0,0.03784971442542344,0.21697748132352204,-1455759.974055483
2025-08-25 03:00:00,0.0,0.032397955168461154,0.2169131205524137,-1407104.2389835615
2025-08-25 04:00:00,0.0,0.026305733034115864,0.21684875622478234,-1401291.7622769722
2025-08-25 05:00:00,0.0,0.02698102948739372,0.21678438837374067,-1316957.7376949384
2025-08-25 06:00:00,0.0,0.026892023784296438,0.21672001703240343,-1389213.0587003983
2025-08-25 07:00:00,0.13981263608168967,0.029783283828917657,0.21665564223388709,-1352272.1065191017
2025-08-25 08:00:00,0.27009727206571776,0.02697013637811372,0.21659126401130993,-1251708.0534661221
2025-08-25 09:00:00,0.3819752253153138,0.03892227655463485,0.21652688239779191,-1274952.561348252
2025-08-25 10:00:00,0.46782219820357723,0.032538445405604965,0.21646249742645476,-1247167.6479434888
2025-08-25 11:00:00,0.5217878613970035,0.03956488686599437,0.21639810913042207,-1221525.0416990137
2025-08-25 12:00:00,0.5401945441314356,0.025736448361697993,0.216333717542819,-1217557.1027254395
2025-08-25 13:00:00,0.5217878613970035,0.032276294851677344,0.21626932269677235,-1178714.103495216
2025-08-25 14:00:00,0.4678221982035773,0.03195090332985008,0.21620492462541072,-1183627.5155361241
2025-08-25 15:00:00,0.3819752253153139,0.02714062869581636,0.21614052336186437,-1281203.4714317515
2025-08-25 16:00:00,0.27009727206571776,0.032290470631799545,0.21607611893926515,-1311634.4099986125
2025-08-25 17:00:00,0.1398126360816898,0.02494543175890387,0.21601171139074657,-1365008.350506609
2025-08-25 18:00:00,6.615475193874262e-17,0.036292128412089314,0.2159473007494437,-1356198.148972703
2025-08-25 19:00:00,0.0,0.03115301871843207,0.21588288704849337,-1393856.107928511
2025-08-25 20:00:00,0.0,0.03784649948766305,0.21581847032103357,-1320183.8423314784
2025-08-25 21:00:00,0.0,0.027586177757687572,0.21575405060020433,-1399139.848311246
2025-08-25 22:00:00,0.0,0.033820724773090186,0.21568962791914692,-1429404.616047793
2025-08-25 23:00:00,0.0,0.03618958585716104,0.21562520231100427,-1445857.6564894642
2025-08-26 00:00:00,0.0,0.02881892014504728,0.21556077380892075,-1479343.3989845922
2025-08-26 01:00:00,0.0,0.03699838471282619,0.21549634244604224,-1452761.2175649682
2025-08-26 02:00:00,0.0,0.028687383240655187,0.21543190825551609,-1452155.6340360015
2025-08-26 03:00:00,0.0,0.026264716060407277,0.2153674712704912,-1432546.5476883426
2025-08-26 04:00:00,0.0,0.03429939875591572,0.21530303152411764,-1415713.6105227561
2025-08-26 05:00:00,0.0,0.030407415990197296,0.21523858904954715,-1481459.26790068
2025-08-26 06:00:00,0.0,0.03668055403102949,0.21517414387993283,-1386399.002397339
2025-08-26 07:00:00,0.13830646022313278,0.036681909125465165,0.2151096960484291,-1315357.5537012254
2025-08-26 08:00:00,0.26718756374429137,0.03552284348398015,0.2150452455881918,-1182428.1465674432
2025-08-26 09:00:00,0.37786027634460273,0.03295987440935804,0.2149807925323781,-1285679.1431774613
2025-08-26 10:00:00,0.4627824355556608,0.03536899539430262,0.2149163369141465,-1311759.2588275257
2025-08-26 11:00:00,0.5161667365677356,0.025286705393156503,0.21485187876665682,-1239370.9660054601
2025-08-26 12:00:00,0.5343751274885828,0.025906932701658822,0.2147874181230703,-1200965.687025216
2025-08-26 13:00:00,0.5161667365677356,0.027452872276814005,0.21472295501654917,-1200798.5524491384
2025-08-26 14:00:00,0.46278243555566084,0.03470814444561996,0.21465848948025726,-1267235.8612219812
2025-08-26 15:00:00,0.3778602763446028,0.035725467468116376,0.21459402154735946,-1260200.491167986
2025-08-26 16:00:00,0.26718756374429137,0.025886834294194614,0.21452955125102188,-1243245.6008639585
2025-08-26 17:00:00,0.13830646022313292,0.033392363480625034,0.21446507862441191,-1241677.3174227246
2025-08-26 18:00:00,6.544207894228517e-17,0.03316743444244765,0.2144006037006982,-1263427.8113162525
2025-08-26 19:00:00,0.0,0.02444482714968969,0.21433612651305045,-1408704.8795016787
2025-08-26 20:00:00,0.0,0.03624644843037406,0.21427164709463958,-1270192.5084929448
2025-08-26 21:00:00,0.0,0.036710740935825194,0.21420716547863772,-1465544.8136811783
2025-08-26 22:00:00,0.0,0.03353108484525046,0.21414268169821804,-1331796.3411673428
2025-08-26 23:00:00,0.0,0.03197178793051726,0.21407819578655496,-1423567.3765973311
2025-08-27 00:00:00,0.0,0.03526410184180708,0.2140137077768237,-1425473.544496398
2025-08-27 01:00:00,0.0,0.024610293152811394,0.21394921770220085,-1480384.4420837548
2025-08-27 02:00:00,0.0,0.03500739413305228,0.21388472559586394,-1395460.1088148775
2025-08-27 03:00:00,0.0,0.02957329107245352,0.21382023149099164,-1496183.8936811902
2025-08-27 04:00:00,0.0,0.023319066293982487,0.21375573542076348,-1383272.0463227313
2025-08-27 05:00:00,0.0,0.03091584072164578,0.2136912374183602,-1294994.4071246928
2025-08-27 06:00:00,0.0,0.02800401697451283,0.2136267375169634,-1399777.048002104
2025-08-27 07:00:00,0.13678806130132753,0.03138111851284354,0.2135622357497556,-1303934.2297427037
2025-08-27 08:00:00,0.26425424227792904,0.030818508096931433,0.2134977321499206,-1251449.700527622
2025-08-27 09:00:00,0.37371193334407293,0.033345342892168034,0.2134332267506427,-1303675.1609775696
2025-08-27 10:00:00,0.4577017737409888,0.02528630978379713,0.21336871958510736,-1372782.9302781764
2025-08-27 11:00:00,0.5104999946454005,0.030437484577722308,0.213304210686501,-1258838.8818565863
2025-08-27 12:00:00,0.5285084845558581,0.031015250003336346,0.21323970008801077,-1291644.0900600103
2025-08-27 13:00:00,0.5104999946454005,0.032986895623322916,0.21317518782282494,-1277271.8907216412
2025-08-27 14:00:00,0.4577017737409888,0.025891122632984757,0.2131106739241323,-1280105.8124096526
2025-08-27 15:00:00,0.37371193334407304,0.03100454064939669,0.2130461584251228,-1267492.2072871577
2025-08-27 16:00:00,0.26425424227792904,0.02745482102696548,0.212981641358987,-1322172.607439072
2025-08-27 17:00:00,0.13678806130132767,0.02561932890410246,0.21291712275891647,-1167406.675237687
2025-08-27 18:00:00,6.4723622393355e-17,0.02989272596842122,0.21285260265810324,-1381967.8765357505
2025-08-27 19:00:00,0.0,0.030242961388266622,0.2127880810897405,-1367423.8960983197
2025-08-27 20:00:00,0.0,0.03132371250099531,0.21272355808702184,-1255273.295369857
2025-08-27 21:00:00,0.0,0.032902477296746994,0.21265903368314182,-1422651.034844875
2025-08-27 22:00:00,0.0,0.030894150920865185,0.21259450791129567,-1424835.627913303
2025-08-27 23:00:00,0.0,0.03295264145795486,0.21252998080467933,-1422712.0832527678
2025-08-28 00:00:00,0.0,0.028814872820544207,0.21246545239648937,-1348714.232621042
2025-08-28 01:00:00,0.0,0.0313690698379924,0.2124009227199231,-1499764.9003521109
2025-08-28 02:00:00,0.0,0.02894453771163611,0.21233639180817843,-1468502.4648236167
2025-08-28 03:00:00,0.0,0.032988085394032765,0.21227185969445392,-1360013.0589729638
2025-08-28 04:00:00,0.0,0.026297954532135643,0.21220732641194887,-1387529.346242742
2025-08-28 05:00:00,0.0,0.03397808478040436,0.21214279199386282,-1435551.055808677
2025-08-28 06:00:00,0.0,0.027188803890411905,0.21207825647339631,-1405988.1941714268
2025-08-28 07:00:00,0.1352578892506442,0.03185399380436228,0.21201371988375023,-1387371.0008502011
2025-08-28 08:00:00,0.26129817687308754,0.031680758266038986,0.2119491822581261,-1219655.7154224955
2025-08-28 09:00:00,0.36953142555728424,0.0276422831107773,0.2118846436297259,-1298164.8401866064
2025-08-28 10:00:00,0.45258171826930665,0.026171447786697867,0.21182010403175217,-1124329.7396477328
2025-08-28 11:00:00,0.5047893148079285,0.022476429860712754,0.21175556349740796,-1237082.9798862399
2025-08-28 12:00:00,0.5225963537461752,0.031121161492702755,0.21169102205989673,-1221952.0371952371
2025-08-28 13:00:00,0.5047893148079285,0.028136053925594273,0.21162647975242266,-1148768.4027962436
2025-08-28 14:00:00,0.4525817182693067,0.023572480644742887,0.2115619366081899,-1202287.135543386
2025-08-28 15:00:00,0.3695314255572843,0.025880951414917086,0.21149739266040346,-1244091.7986823902
2025-08-28 16:00:00,0.26129817687308754,0.023278915690352793,0.21143284794226855,-1239288.8106414035
2025-08-28 17:00:00,0.13525788925064433,0.021478391698410648,0.21136830248699087,-1248281.859918796
2025-08-28 18:00:00,6.399959518613314e-17,0.03304694072315805,0.2113037563277765,-1330833.103647395
2025-08-28 19:00:00,0.0,0.028829257226383454,0.2112392094978318,-1428898.3713311248
2025-08-28 20:00:00,0.0,0.024120377343482373,0.2111746620303636,-1263767.8246468233
2025-08-28 21:00:00,0.0,0.023690888574288263,0.21111011395857887,-1360373.1309389384
2025-08-28 22:00:00,0.0,0.02932018399783962,0.21104556531568505,-1294950.9233392344
2025-08-28 23:00:00,0.0,0.02213068405895198,0.21098101613488984,-1443993.3369540435
2025-08-29 00:00:00,0.0,0.026442315210550762,0.21091646644940126,-1441361.8662442013
2025-08-29 01:00:00,0.0,0.028078912030931866,0.2108519162924274,-1481297.9902437748
2025-08-29 02:00:00,0.0,0.029707526909500275,0.21078736569717674,-1473049.73239329
2025-08-29 03:00:00,0.0,0.02713421177785225,0.21072281469685808,-1351287.982566787
2025-08-29 04:00:00,0.0,0.02750872304691266,0.21065826332468027,-1362974.1656070973
2025-08-29 05:00:00,0.0,0.021930867388259223,0.21059371161385235,-1342412.6907164748
2025-08-29 06:00:00,0.0,0.029293901654385314,0.21052915959758367,-1382891.1775022596
2025-08-29 07:00:00,0.13371639749408512,0.03201645717447085,0.2104646073090836,-1333125.9653388858
2025-08-29 08:00:00,0.25832024347574334,0.024173443519395783,0.21040005478156168,-1345992.6671233939
2025-08-29 09:00:00,0.3653199917589163,0.026763698869562303,0.21033550204822773,-1292232.4359216287
2025-08-29 10:00:00,0.44742378632355034,0.025948589097406025,0.21027094914229139,-1263224.9242155408
2025-08-29 11:00:00,0.4990363892530014,0.02091418866935096,0.21020639609696254,-1307365.34970486
2025-08-29 12:00:00,0.5166404869514868,0.02446373901180135,0.2101418429454512,-1230280.060670991
2025-08-29 13:00:00,0.4990363892530014,0.02004347782260548,0.21007728972096737,-1248422.984081696
2025-08-29 14:00:00,0.44742378632355034,0.02950023382435049,0.21001273645672106,-1335023.53396317
2025-08-29 15:00:00,0.36531999175891633,0.0300469819198988,0.20994818318592234,-1249762.0703031975
2025-08-29 16:00:00,0.25832024347574334,0.021775015112040802,0.2098836299417813,-1259408.637657978
2025-08-29 17:00:00,0.13371639749408526,0.025867063539096437,0.2098190767575081,-1180477.622236168
2025-08-29 18:00:00,6.327021186550681e-17,0.02641216374165157,0.20975452366631256,-1283085.4942444733
2025-08-29 19:00:00,0.0,0.020938757866817613,0.20968997070140474,-1320737.8252090951
2025-08-29 20:00:00,0.0,0.020196365700439887,0.20962541789599454,-1491536.3478221146
2025-08-29 21:00:00,0.0,0.030244278372065305,0.2095608652832918,-1335967.5849534958
2025-08-29 22:00:00,0.0,0.024108728040290784,0.20949631289650625,-1454755.8036402513
2025-08-29 23:00:00,0.0,0.0267987497708472,0.20943176076884756,-1472050.1601083498
2025-08-30 00:00:00,0.0,0.029389780489144278,0.20936720893352512,-1362008.0859438453
2025-08-30 01:00:00,0.0,0.02830904947038219,0.2093026574237483,-1386677.3370162763
2025-08-30 02:00:00,0.0,0.01950817235419911,0.2092381062727262,-1414321.2842026048
2025-08-30 03:00:00,0.0,0.021747153948808915,0.20917355551366787,-1541844.4816904955
2025-08-30 04:00:00,0.0,0.030453830859639593,0.20910900517978215,-1431446.5932693696
2025-08-30 05:00:00,0.0,0.02073207339496088,0.20904445530427743,-1416865.9146701412
2025-08-30 06:00:00,0.0,0.026286740342311685,0.2089799059203621,-1391797.9294235164
2025-08-30 07:00:00,0.13216404280892607,0.0198147471880877,0.20891535706124428,-1343862.3631121241
2025-08-30 08:00:00,0.2553213245118314,0.027665716630060153,0.20885080876013168,-1270347.984920802
2025-08-30 09:00:00,0.36107887988769416,0.027697555508099925,0.20878626105023187,-1298451.3288104776
2025-08-30 10:00:00,0.442229506310273,0.029165382194932254,0.2087217139647521,-1357543.9252147025
2025-08-30 11:00:00,0.4932429226966203,0.021274378983458735,0.20865716753689914,-1275331.3312137178
2025-08-30 12:00:00,0.5106426490236629,0.026203974258551553,0.2085926217998796,-1317984.6793172997
2025-08-30 13:00:00,0.4932429226966203,0.02824768133214698,0.20852807678689977,-1232691.621287038
2025-08-30 14:00:00,0.44222950631027313,0.019625215914403516,0.20846353253116526,-1212546.7909167944
2025-08-30 15:00:00,0.3610788798876942,0.02791330782841981,0.20839898906588164,-1328584.4214153034
2025-08-30 16:00:00,0.2553213245118314,0.02280078534359858,0.2083344464242539,-1256351.433052323
2025-08-30 17:00:00,0.1321640428089262,0.01871750426415255,0.2082699046394866,-1340566.8435290442
2025-08-30 18:00:00,6.253568856349541e-17,0.024890518366252647,0.20820536374478402,-1249901.3997294824
2025-08-30 19:00:00,0.0,0.02765693898819582,0.20814082377334972,-1420445.9019708983
2025-08-30 20:00:00,0.0,0.02007850242654169,0.20807628475838696,-1313185.0581826395
2025-08-30 21:00:00,0.0,0.019820186383029813,0.20801174673309855,-1445883.8152796077
2025-08-30 22:00:00,0.0,0.020137090271530857,0.20794720973068673,-1365713.474163192
2025-08-30 23:00:00,0.0,0.02721333305272745,0.20788267378435304,-1447679.959260764
2025-08-31 00:00:00,0.0,0.024110771153429928,0.20781813892729875,-1440905.839291038
2025-08-31 01:00:00,0.0,0.02501457895657077,0.20775360519272448,-1504079.6773013494
2025-08-31 02:00:00,0.0,0.023036782092473257,0.2076890726138301,-1341994.0842914428
2025-08-31 03:00:00,0.0,0.024813376166925433,0.20762454122381516,-1444983.7874185229
2025-08-31 04:00:00,0.0,0.02635443568608962,0.20756001105587843,-1345651.0694827018
2025-08-31 05:00:00,0.0,0.021945870634252067,0.2074954821432181,-1498346.843708839
2025-08-31 06:00:00,0.0,0.020631910619862276,0.2074309545190317,-1461211.940924694
2025-08-31 07:00:00,0.1306012851913627,0.01894921552477152,0.20736642821651616,-1310749.0294912902
2025-08-31 08:00:00,0.25230230862576253,0.021917338859593013,0.20730190326886755,-1296255.5691088354
2025-08-31 09:00:00,0.3568093466765957,0.021963227943693986,0.20723737970928158,-1249433.0166911092
2025-08-31 10:00:00,0.4370004174067441,0.019517800640136213,0.2071728575709528,-1334014.5576254188
2025-08-31 11:00:00,0.4874106318679584,0.024305855431263727,0.20710833688707533,-1316331.8596847686
2025-08-31 12:00:00,0.5046046172515251,0.02767906856110874,0.20704381769084249,-1186967.746638749
2025-08-31 13:00:00,0.4874106318679584,0.021861851560667472,0.20697930001544687,-1242631.8460554879
2025-08-31 14:00:00,0.43700041740674417,0.023643903615663407,0.20691478389408013,-1302895.4669313044
2025-08-31 15:00:00,0.35680934667659575,0.023830215925750495,0.20685026935993328,-1260473.8197307412
2025-08-31 16:00:00,0.25230230862576253,0.020541337623871083,0.20678575644619648,-1305131.6801423037
2025-08-31 17:00:00,0.13060128519136283,0.01749802177449168,0.206721245186059,-1249264.3172728254
2025-08-31 18:00:00,6.179624293520554e-17,0.02126714794936583,0.20665673561270936,-1242848.3660269703
2025-08-31 19:00:00,0.0,0.020965168780134116,0.20659222775933506,-1294071.2058865963
2025-08-31 20:00:00,0.0,0.022557109515417693,0.2065277216591228,-1408554.0113450608
2025-08-31 21:00:00,0.0,0.020090311622197814,0.2064632173452584,-1404812.3834456452
2025-08-31 22:00:00,0.0,0.024791368637500834,0.20639871485092678,-1416772.636224189
2025-08-31 23:00:00,0.0,0.021572479521842006,0.20633421420931183,-1392961.0219996097
2025-09-01 00:00:00,0.0,0.02158654156436749,0.20626971545359662,-1403602.4617447392
2025-09-01 01:00:00,0.0,0.01967015230345029,0.20620521861696306,-1396497.9306450174
2025-09-01 02:00:00,0.0,0.023485570039198257,0.2061407237325923,-1514865.9441534434
2025-09-01 03:00:00,0.0,0.026505667552549402,0.20607623083366436,-1379381.150612965
2025-09-01 04:00:00,0.0,0.021789716772245483,0.20601173995335814,-1416864.3523938726
2025-09-01 05:00:00,0.0,0.018029047280542627,0.20594725112485177,-1462205.6763761553
2025-09-01 06:00:00,0.0,0.019180369676384642,0.20588276438132194,-1341760.7699189114
2025-09-01 07:00:00,0.12902858772020415,0.024385846837350324,0.20581827975594466,-1354522.0497699142
2025-09-01 08:00:00,0.2492640904170994,0.02190495161147624,0.20575379728189466,-1270007.730412916
2025-09-01 09:00:00,0.35251265728045544,0.018344855293595082,0.20568931699234555,-1353836.5671835542
2025-09-01 10:00:00,0.43173806910485873,0.0241821120114055,0.20562483892046984,-1167476.837339332
2025-09-01 11:00:00,0.48154124500065965,0.02340893814825449,0.20556036309943898,-1259126.19834412
2025-09-01 12:00:00,0.4985281808341989,0.01764439612025849,0.20549588956242318,-1289953.3140108876
2025-09-01 13:00:00,0.48154124500065965,0.02303254318540399,0.2054314183425914,-1253583.6653209378
2025-09-01 14:00:00,0.4317380691048588,0.017587468688698406,0.20536694947311165,-1276720.374265038
2025-09-01 15:00:00,0.3525126572804555,0.025515717194097638,0.20530248298715043,-1280300.648939001
2025-09-01 16:00:00,0.2492640904170994,0.019942403143894765,0.2052380189178732,-1184330.0586875072
2025-09-01 17:00:00,0.12902858772020429,0.02182148255153883,0.20517355729844414,-1199281.061987265
2025-09-01 18:00:00,6.105209409433546e-17,0.016527174098927334,0.2051090981620262,-1320107.053024031
2025-09-01 19:00:00,0.0,0.02179475510908001,0.20504464154178095,-1238386.0490312553
2025-09-01 20:00:00,0.0,0.019605073597995744,0.20498018747086882,-1401757.057172215
2025-09-01 21:00:00,0.0,0.018405157830863255,0.2049157359824488,-1332682.2831253032
2025-09-01 22:00:00,0.0,0.017394607873521126,0.2048512871096786,-1479091.3426052018
2025-09-01 23:00:00,0.0,0.018531290474204095,0.20478684088571467,-1451734.7818537655
2025-09-02 00:00:00,0.0,0.01658409916267655,0.2047223973437118,-1401145.8636744192
2025-09-02 01:00:00,0.0,0.021831797445937957,0.20465795651682372,-1533433.0124903559
2025-09-02 02:00:00,0.0,0.022211647896160924,0.20459351843820267,-1439263.1607459337
2025-09-02 03:00:00,0.0,0.019087119833836028,0.20452908314099943,-1390352.5207297527
2025-09-02 04:00:00,0.0,0.02452897295346359,0.20446465065836336,-1327268.2718386007
2025-09-02 05:00:00,0.0,0.020007537833474965,0.20440022102344244,-1470733.241834709
2025-09-02 06:00:00,0.0,0.017331490867770596,0.20433579426938306,-1464369.4289835615
2025-09-02 07:00:00,0.1274464164196527,0.023423998256382816,0.20427137042933036,-1395524.0422172674
2025-09-02 08:00:00,0.24620757017546743,0.02074247821300627,0.20420694953642762,-1239104.2357198524
2025-09-02 09:00:00,0.3481900849010716,0.021561975370625132,0.2041425316238169,-1283334.25232039
2025-09-02 10:00:00,0.42644402075198945,0.022702455879984096,0.2040781167246386,-1129357.4253795755
2025-09-02 11:00:00,0.4756365013207244,0.02057347454462575,0.2040137048720316,-1174057.781035401
2025-09-02 12:00:00,0.4924151403509349,0.02188830723076184,0.20394929609913323,-1232630.32847935
2025-09-02 13:00:00,0.4756365013207244,0.017328085006713418,0.20388489043907917,-1209651.0220059988
2025-09-02 14:00:00,0.4264440207519895,0.020297999412519408,0.20382048792500365,-1236597.1412187382
2025-09-02 15:00:00,0.3481900849010717,0.024089273890821505,0.2037560885900391,-1272256.2605730165
2025-09-02 16:00:00,0.24620757017546743,0.023109299631748823,0.20369169246731644,-1245302.452795526
2025-09-02 17:00:00,0.12744641641965285,0.020403162837811906,0.20362729958996484,-1236470.6296165115
2025-09-02 18:00:00,6.030346254824671e-17,0.016185762109314352,0.20356290999111196,-1400319.4690169513
2025-09-02 19:00:00,0.0,0.016661075072541488,0.20349852370388355,-1311916.1327689628
2025-09-02 20:00:00,0.0,0.0228497094178119,0.20343414076140376,-1374721.561010801
2025-09-02 21:00:00,0.0,0.01701036445400081,0.20336976119679506,-1362613.462862456
2025-09-02 22:00:00,0.0,0.02337321372018479,0.20330538504317822,-1357557.8098370805
2025-09-02 23:00:00,0.0,0.023289167621443424,0.20324101233367212,-1411379.3277608012
2025-09-03 00:00:00,0.0,0.019413625520538488,0.20317664310139394,-1373874.7082416483
2025-09-03 01:00:00,0.0,0.01923194441887422,0.20311227737945908,-1435221.4620135764
2025-09-03 02:00:00,0.0,0.018470289037326417,0.20304791520098117,-1446943.4565357314
2025-09-03 03:00:00,0.0,0.015309331413406006,0.20298355659907194,-1423730.6297745078
2025-09-03 04:00:00,0.0,0.022881175191892165,0.20291920160684124,-1476961.1054337532
2025-09-03 05:00:00,0.0,0.018175154699563843,0.20285485025739716,-1341605.0223261833
2025-09-03 06:00:00,0.0,0.018801373860159332,0.20279050258384593,-1403646.7630792793
2025-09-03 07:00:00,0.12585524012121085,0.017659240646004336,0.2027261586192918,-1302329.6254233362
2025-09-03 08:00:00,0.24313365361377937,0.016171611123985952,0.20266181839683717,-1277613.7080621335
2025-09-03 09:00:00,0.3438429104099291,0.022531737893948488,0.20259748194958263,-1307433.6119289557
2025-09-03 10:00:00,0.4211198410889183,0.0206493961706495,0.20253314931062646,-1196029.581599968
2025-09-03 11:00:00,0.46969815053114,0.022778459173303525,0.20246882051306536,-1136244.743477602
2025-09-03 12:00:00,0.48626730722755884,0.023035523856448678,0.20240449558999388,-1295680.7219932186
2025-09-03 13:00:00,0.46969815053114,0.02097817703883732,0.20234017457450468,-1250101.6048403364
2025-09-03 14:00:00,0.4211198410889183,0.02178603382803376,0.20227585749968832,-1220719.2102832275
2025-09-03 15:00:00,0.34384291040992915,0.015528085975409842,0.20221154439863329,-1200728.4454109306
2025-09-03 16:00:00,0.24313365361377937,0.01763437657432895,0.2021472353044261,-1213361.0891140176
2025-09-03 17:00:00,0.125855240121211,0.017539245750559037,0.20208293025015125,-1190347.8984526233
2025-09-03 18:00:00,5.955057013262326e-17,0.014963501718466464,0.20201862926889108,-1337976.939208538
2025-09-03 19:00:00,0.0,0.014819118780525308,0.2019543323937259,-1380335.29859019
2025-09-03 20:00:00,0.0,0.021113488011948442,0.20189003965773383,-1390798.2580614416
2025-09-03 21:00:00,0.0,0.022007624281907598,0.20182575109399095,-1348016.1148922613
2025-09-03 22:00:00,0.0,0.01834044981468019,0.20176146673557108,-1392974.0824164364
2025-09-03 23:00:00,0.0,0.019143860671427267,0.2016971866155461,-1407197.0190974015
2025-09-04 00:00:00,0.0,0.016220628708416906,0.20163291076698533,-1401926.338781396
2025-09-04 01:00:00,0.0,0.01991207664406037,0.20156863922295626,-1435756.827331219
2025-09-04 02:00:00,0.0,0.019424665579583045,0.20150437201652394,-1382273.9186411388
2025-09-04 03:00:00,0.0,0.019031576199048914,0.20144010918075134,-1423566.1073838999
2025-09-04 04:00:00,0.0,0.01472570421599137,0.20137585074869904,-1405507.3711790363
2025-09-04 05:00:00,0.0,0.018522046483013033,0.2013115967534255,-1455719.3743692485
2025-09-04 06:00:00,0.0,0.018896712081684537,0.20124734722798676,-1314510.7927006928
2025-09-04 07:00:00,0.1242555303247562,0.01868502147886518,0.2011831022054367,-1347570.3508515232
2025-09-04 08:00:00,0.240043251599853,0.020316891107944143,0.20111886171882679,-1363315.729043764
2025-09-04 09:00:00,0.3394724219686493,0.017365993399655215,0.20105462580120606,-1215694.8846834674
2025-09-04 10:00:00,0.41576710778498466,0.019797568470924662,0.20099039448562142,-1255311.3592210733
2025-09-04 11:00:00,0.4637279522934056,0.016088196824966376,0.20092616780511727,-1175611.9022281996
2025-09-04 12:00:00,0.48008650319970614,0.015772202784247586,0.20086194579273575,-1270982.5265731323
2025-09-04 13:00:00,0.4637279522934056,0.014348294106285787,0.2007977284815164,-1277172.1440154344
2025-09-04 14:00:00,0.4157671077849847,0.02075321029952586,0.20073351590449642,-1268808.6838779803
2025-09-04 15:00:00,0.33947242196864935,0.02090817063019199,0.20066930809471067,-1348931.3567297321
2025-09-04 16:00:00,0.240043251599853,0.0170484598959322,0.20060510508519153,-1236144.3714378315
2025-09-04 17:00:00,0.12425553032475634,0.015794253662681945,0.2005409069089688,-1340955.7936253697
2025-09-04 18:00:00,5.879363994573656e-17,0.01743398023431148,0.2004767135990699,-1326981.3367455816
2025-09-04 19:00:00,0.0,0.019213563933057565,0.20041252518851982,-1268933.9590984157
2025-09-04 20:00:00,0.0,0.013934109118685123,0.2003483417103407,-1317078.8351151568
2025-09-04 21:00:00,0.0,0.018329097180806025,0.2002841631975525,-1459009.1480687635
2025-09-04 22:00:00,0.0,0.01648193478140871,0.2002199896831724,-1419770.232842561
2025-09-04 23:00:00,0.0,0.014875480733914159,0.20015582120021522,-1410053.9251446072
2025-09-05 00:00:00,0.0,0.019783736981221236,0.200091657781693,-1477238.0125266712
2025-09-05 01:00:00,0.0,0.013168371227583122,0.20002749946061524,-1394757.666533265
2025-09-05 02:00:00,0.0,0.015843516689285523,0.19996334626998882,-1436131.006869231
2025-09-05 03:00:00,0.0,0.014477045499403214,0.19989919824281802,-1494059.3326772554
2025-09-05 04:00:00,0.0,0.015207232802352933,0.1998350554121045,-1358566.0663638578
2025-09-05 05:00:00,0.0,0.01701171370395798,0.19977091781084697,-1303350.9428155944
2025-09-05 06:00:00,0.0,0.017100140817301906,0.19970678547204176,-1348187.118299882
2025-09-05 07:00:00,0.12264776105882598,0.01991056352584231,0.19964265842868242,-1304489.5607619488
2025-09-05 08:00:00,0.23693727988650137,0.012963931992349348,0.19957853671375966,-1339344.8630861077
2025-09-05 09:00:00,0.3350799146472802,0.017039074923384658,0.1995144203602616,-1271322.316870457
2025-09-05 10:00:00,0.41038740697058784,0.019544409145250907,0.1994503094011735,-1237614.5337686841
2025-09-05 11:00:00,0.45772767570610623,0.014582385889987219,0.19938620386947786,-1258347.2860119978
2025-09-05 12:00:00,0.47387455977300286,0.0173799450098544,0.19932210379815443,-1161062.5876970796
2025-09-05 13:00:00,0.45772767570610623,0.016737628996142603,0.1992580092201802,-1238819.9644349795
2025-09-05 14:00:00,0.41038740697058795,0.01587688004681202,0.19919392016852913,-1182628.5398956642
2025-09-05 15:00:00,0.33507991464728026,0.017549853098332232,0.19912983667617254,-1219203.9909928027
2025-09-05 16:00:00,0.23693727988650137,0.016258355856106767,0.19906575877607877,-1220283.303968018
2025-09-05 17:00:00,0.1226477610588261,0.016668496239668092,0.19900168650121328,-1202132.6313064697
2025-09-05 18:00:00,5.80328962823369e-17,0.01641458250507801,0.19893761988453879,-1156242.4357477208
2025-09-05 19:00:00,0.0,0.014213073176940177,0.19887355895901493,-1295995.9241695874
2025-09-05 20:00:00,0.0,0.01767293207794186,0.19880950375759854,-1411858.4277438198
2025-09-05 21:00:00,0.0,0.013733760193579065,0.19874545431324342,-1454262.212296324
2025-09-05 22:00:00,0.0,0.01738269172683677,0.19868141065890046,-1428932.5987958135
2025-09-05 23:00:00,0.0,0.019214833465172977,0.19861737282751757,-1471510.4242901388
2025-09-06 00:00:00,0.0,0.01615694973390306,0.19855334085203952,-1445979.1785503412
2025-09-06 01:00:00,0.0,0.013648816410665844,0.1984893147654083,-1395380.7969886763
2025-09-06 02:00:00,0.0,0.016814475579119213,0.19842529460056274,-1513917.0684578223
2025-09-06 03:00:00,0.0,0.018370797606360633,0.1983612803904386,-1528157.7422003585
2025-09-06 04:00:00,0.0,0.016424525239218155,0.19829727216796872,-1419267.6949716734
2025-09-06 05:00:00,0.0,0.018691527589551307,0.19823326996608268,-1366316.3953033767
2025-09-06 06:00:00,0.0,0.013853052049770801,0.19816927381770708,-1489885.1689182722
2025-09-06 07:00:00,0.12103240874015216,0.015016563872872235,0.1981052837557654,-1353698.2079281195
2025-09-06 08:00:00,0.23381665884017544,0.011823830430669294,0.19804129981317792,-1260887.1755893251
2025-09-06 09:00:00,0.3306666900405391,0.018530471313219433,0.1979773220228618,-1269982.4800693009
2025-09-06 10:00:00,0.40498233276718254,0.014281534793798003,0.19791335041773103,-1306826.7336681029
2025-09-06 11:00:00,0.45169909878069137,0.013297431737628521,0.19784938503069646,-1261867.82636068
2025-09-06 12:00:00,0.46763331768035094,0.012908707125737794,0.19778542589466577,-1318021.3894122718
2025-09-06 13:00:00,0.45169909878069137,0.011901765659304656,0.19772147304254326,-1244318.7393287679
2025-09-06 14:00:00,0.40498233276718265,0.016085424930408515,0.19765752650723017,-1244317.9104398335
2025-09-06 15:00:00,0.3306666900405392,0.013519384836376208,0.19759358632162446,-1364353.4465694122
2025-09-06 16:00:00,0.23381665884017544,0.015755610698992697,0.19752965251862067,-1226639.2570065425
2025-09-06 17:00:00,0.12103240874015228,0.01522205882351716,0.1974657251311104,-1279394.1906323952
2025-09-06 18:00:00,5.726856456718991e-17,0.012303233744557038,0.19740180419198147,-1368918.4955984678
2025-09-06 19:00:00,0.0,0.016655637101366062,0.19733788973411887,-1371620.0757325625
2025-09-06 20:00:00,0.0,0.01263381207505918,0.19727398179040379,-1511929.3613637409
2025-09-06 21:00:00,0.0,0.01721827183707812,0.19721008039371443,-1339199.4229257628
2025-09-06 22:00:00,0.0,0.016309591014290255,0.19714618557692545,-1470835.24428788
2025-09-06 23:00:00,0.0,0.017178243890066617,0.19708229737290825,-1420506.8782996996
2025-09-07 00:00:00,0.0,0.016118543456362204,0.19701841581453067,-1396933.7275571304
2025-09-07 01:00:00,0.0,0.01773169850130434,0.19695454093465722,-1418801.8899731115
2025-09-07 02:00:00,0.0,0.017676927254969645,0.196890672766149,-1448463.6773995573
2025-09-07 03:00:00,0.0,0.017342234408150713,0.19682681134186356,-1511631.5481018708
2025-09-07 04:00:00,0.0,0.013745402565159905,0.1967629566946552,-1443075.332246048
2025-09-07 05:00:00,0.0,0.014552065893127193,0.19669910885737435,-1443514.482353892
2025-09-07 06:00:00,0.0,0.016019452652492622,0.19663526786286828,-1375867.9216678762
2025-09-07 07:00:00,0.11940995203248894,0.016893641836616787,0.1965714337439806,-1363057.0575503071
2025-09-07 08:00:00,0.23068231316823978,0.010910593298431926,0.1965076065335514,-1351903.4002692634
2025-09-07 09:00:00,0.3262340558821223,0.013048165895417718,0.1964437862644172,-1315620.4862636318
2025-09-07 10:00:00,0.39955348681490643,0.013943651823503156,0.196379972969411,-1206628.2293113233
2025-09-07 11:00:00,0.44564400791461134,0.01542836939549284,0.19631616668136218,-1215656.2146565688
2025-09-07 12:00:00,0.4613646263364796,0.014493682011974448,0.1962523674330965,-1080588.2458774229
2025-09-07 13:00:00,0.44564400791461134,0.015245639341494185,0.19618857525743622,-1171998.2944432236
2025-09-07 14:00:00,0.39955348681490643,0.014590802123915225,0.1961247901871996,-1265822.3389249989
2025-09-07 15:00:00,0.3262340558821224,0.011950499811021687,0.1960610122552017,-1200781.840817837
2025-09-07 16:00:00,0.23068231316823978,0.013486821414450343,0.1959972414942537,-1312852.0898048265
2025-09-07 17:00:00,0.11940995203248907,0.012078336483487002,0.195933477937163,-1272924.43457484
2025-09-07 18:00:00,5.650087128827844e-17,0.0124206655340342,0.19586972161673347,-1297269.4540832746
2025-09-07 19:00:00,0.0,0.01587692306428723,0.19580597256576512,-1429992.464726059
2025-09-07 20:00:00,0.0,0.01670175658608816,0.19574223081705444,-1343079.184730799
2025-09-07 21:00:00,0.0,0.01200460778075341,0.19567849640339377,-1397762.0429818386
2025-09-07 22:00:00,0.0,0.011248367695249657,0.19561476935757202,-1403637.5998818495
2025-09-07 23:00:00,0.0,0.01646081368611365,0.1955510497123742,-1459215.8418008646
2025-09-08 00:00:00,0.0,0.014740338417100447,0.1954873375005816,-1441619.8714506403
2025-09-08 01:00:00,0.0,0.011083418230252388,0.19542363275497135,-1375678.135215213
2025-09-08 02:00:00,0.0,0.015728681989589186,0.1953599355083172,-1452064.3964803908
2025-09-08 03:00:00,0.0,0.012983191751865086,0.19529624579338872,-1416890.018217997
2025-09-08 04:00:00,0.0,0.010701342529361162,0.19523256364295177,-1311608.584104594
2025-09-08 05:00:00,0.0,0.012605503903198954,0.1951688890897683,-1321755.5555526984
2025-09-08 06:00:00,0.0,0.012776148052773629,0.19510522216659618,-1379748.384659245
2025-09-08 07:00:00,0.1177808717047743,0.0156635690397131,0.1950415629061896,-1364045.8164185488
2025-09-08 08:00:00,0.22753517164496173,0.010488529180095213,0.19497791134129863,-1363350.8250847196
2025-09-08 09:00:00,0.321783325657195,0.013741559801850201,0.19491426750466959,-1347732.021075433
2025-09-08 10:00:00,0.39410247779797913,0.010046245413142517,0.19485063142904446,-1201566.0935607748
2025-09-08 11:00:00,0.4395641973619694,0.015016178746188744,0.19478700314716157,-1189079.3535008999
2025-09-08 12:00:00,0.4550703432899236,0.011909267650849284,0.1947233826917551,-1178400.6875796416
2025-09-08 13:00:00,0.4395641973619694,0.01550814594911667,0.1946597700955552,-1074869.8472847256
2025-09-08 14:00:00,0.3941024777979792,0.014390342597275892,0.19459616539128807,-1282621.001156295
2025-09-08 15:00:00,0.3217833256571951,0.011622288507243624,0.1945325686116757,-1232054.794683139
2025-09-08 16:00:00,0.22753517164496173,0.012841074520020559,0.19446897978943614,-1164471.418508339
2025-09-08 17:00:00,0.11778087170477444,0.011899024046899052,0.1944053989572832,-1252116.1195658818
2025-09-08 18:00:00,5.573004392968921e-17,0.011902185148648301,0.19434182614792686,-1400812.069907707
2025-09-08 19:00:00,0.0,0.010148799108239228,0.19427826139407253,-1373686.6112574402
2025-09-08 20:00:00,0.0,0.013386694405521005,0.19421470472842184,-1274173.309759587
2025-09-08 21:00:00,0.0,0.009738610766412786,0.19415115618367212,-1486428.0869275068
2025-09-08 22:00:00,0.0,0.014974447918988627,0.19408761579251663,-1386440.7557039564
2025-09-08 23:00:00,0.0,0.013695404820549133,0.19402408358764434,-1385116.1994396136
2025-09-09 00:00:00,0.0,0.012363064577338762,0.19396055960173986,-1404422.283844819
2025-09-09 01:00:00,0.0,0.013971802279368775,0.19389704386748388,-1474374.4057382494
2025-09-09 02:00:00,0.0,0.0148903949602661,0.19383353641755266,-1473205.9425971035
2025-09-09 03:00:00,0.0,0.013416467243213409,0.19377003728461822,-1407850.2864204543
2025-09-09 04:00:00,0.0,0.011856071961640721,0.1937065465013484,-1434342.230196752
2025-09-09 05:00:00,0.0,0.013374845228926607,0.19364306410040652,-1403644.3145265032
2025-09-09 06:00:00,0.0,0.009449747989988867,0.19357959011445183,-1322105.26938213
2025-09-09 07:00:00,0.11614565048866782,0.012577655550161859,0.19351612457613906,-1370561.0178868342
2025-09-09 08:00:00,0.22437616683629558,0.013370260133200446,0.19345266751811876,-1272116.4616294815
2025-09-09 09:00:00,0.3173158182131775,0.013894154549443294,0.19338921897303704,-1237665.7434977675
2025-09-09 10:00:00,0.3886309209680149,0.011737051605102463,0.1933257789735356,-1256200.5696141568
2025-09-09 11:00:00,0.4334614687018453,0.011322252742991297,0.19326234755225175,-1211372.6842289055
2025-09-09 12:00:00,0.4487523336725912,0.01429125471194695,0.19319892474181846,-1246688.4131767605
2025-09-09 13:00:00,0.4334614687018453,0.010257333502532372,0.19313551057486433,-1322950.3035109288
2025-09-09 14:00:00,0.388630920968015,0.011693936808393873,0.19307210508401315,-1174529.8926013273
2025-09-09 15:00:00,0.31731581821317756,0.012942585010017523,0.19300870830188466,-1239096.0437380613
2025-09-09 16:00:00,0.22437616683629558,0.012966812930378751,0.1929453202610939,-1240041.5631574956
2025-09-09 17:00:00,0.11614565048866796,0.013933133292622895,0.19288194099425152,-1255526.95155225
2025-09-09 18:00:00,5.4956310904204383e-17,0.008869109024936624,0.1928185705339636,-1368613.582594811
2025-09-09 19:00:00,0.0,0.013869469171506209,0.19275520891283168,-1360197.3190162044
2025-09-09 20:00:00,0.0,0.012216567298076585,0.19269185616345277,-1380158.6563805067
2025-09-09 21:00:00,0.0,0.01296257985962128,0.19262851231841938,-1462544.811859018
2025-09-09 22:00:00,0.0,0.010062456227101833,0.19256517741031937,-1406125.5131537109
2025-09-09 23:00:00,0.0,0.013898877212921492,0.19250185147173587,-1414678.124575865
2025-09-10 00:00:00,0.0,0.010924456192605896,0.19243853453524767,-1466056.176979689
2025-09-10 01:00:00,0.0,0.009529135177083571,0.19237522663342874,-1396295.734151645
2025-09-10 02:00:00,0.0,0.010639840587236972,0.19231192779884856,-1539970.9879835863
2025-09-10 03:00:00,0.0,0.013165870113047132,0.19224863806407164,-1505339.776085563
2025-09-10 04:00:00,0.0,0.011460425124126516,0.19218535746165813,-1432237.5698280537
2025-09-10 05:00:00,0.0,0.01047675104712081,0.19212208602416336,-1413181.1940062542
2025-09-10 06:00:00,0.0,0.011934857467041081,0.1920588237841379,-1417980.8467224895
2025-09-10 07:00:00,0.1145047729355067,0.011762249229146019,0.19199557077412774,-1429789.846281254
2025-09-10 08:00:00,0.2212062348235429,0.013355155576153969,0.1919323270266739,-1305879.0666448434
2025-09-10 09:00:00,0.31283285736894206,0.010056476524649414,0.19186909257431287,-1351297.238753248
2025-09-10 10:00:00,0.3831404376653882,0.011403596115461335,0.1918058674495761,-1216773.0941783544
2025-09-10 11:00:00,0.4273376303044488,0.011703259267001106,0.1917426516849904,-1272191.684493725
2025-09-10 12:00:00,0.4424124696470859,0.009816025613959422,0.19167944531307785,-1308586.0618791445
2025-09-10 13:00:00,0.4273376303044488,0.011407458114484747,0.19161624836635546,-1201082.4570226464
2025-09-10 14:00:00,0.3831404376653883,0.011024271007134724,0.19155306087733565,-1379848.5732838404
2025-09-10 15:00:00,0.31283285736894206,0.008746082087034517,0.19148988287852578,-1276221.9710369012
2025-09-10 16:00:00,0.2212062348235429,0.008293173576410991,0.19142671440242834,-1293314.0230836743
2025-09-10 17:00:00,0.11450477293550683,0.012321387557788907,0.19136355548154113,-1213934.9374387828
2025-09-10 18:00:00,5.417990148561793e-17,0.012148521525953726,0.19130040614835683,-1357474.4344844776
2025-09-10 19:00:00,0.0,0.010702817332960676,0.1912372664353631,-1296006.94540935
2025-09-10 20:00:00,0.0,0.010131164715278316,0.1911741363750429,-1389628.3870645447
2025-09-10 21:00:00,0.0,0.009063591125596524,0.19111101599987412,-1320552.3357949432
2025-09-10 22:00:00,0.0,0.008503600706787236,0.19104790534232963,-1435310.3773565025
2025-09-10 23:00:00,0.0,0.00929741479290914,0.19098480443487734,-1515921.2826647977
2025-09-11 00:00:00,0.0,0.011891114995926868,0.19092171330998015,-1504498.3756347487
2025-09-11 01:00:00,0.0,0.012053399504068578,0.19085863200009587,-1400287.5230723782
2025-09-11 02:00:00,0.0,0.01097586846582992,0.19079556053767735,-1454853.7537004005
2025-09-11 03:00:00,0.0,0.011879867173833011,0.19073249895517236,-1497428.712593246
2025-09-11 04:00:00,0.0,0.010138040795948768,0.19066944728502347,-1494643.4026823593
2025-09-11 05:00:00,0.0,0.008396373444685698,0.19060640555966826,-1378172.8705215692
2025-09-11 06:00:00,0.0,0.009340812537483818,0.19054337381153916,-1418111.3474193336
2025-09-11 07:00:00,0.11285872527272306,0.012068243219031622,0.1904803520730635,-1330244.136608807
2025-09-11 08:00:00,0.2180263149259719,0.009588867180588958,0.1904173403766634,-1299112.4979788016
2025-09-11 09:00:00,0.30833577152253705,0.010826969252796708,0.19035433875475588,-1354054.6469838456
2025-09-11 10:00:00,0.37763265483879604,0.0121134063328042,0.19029134723975272,-1263596.3212663692
2025-09-11 11:00:00,0.42119449679526016,0.0084149388701,0.19022836586406056,-1264186.6950545216
2025-09-11 12:00:00,0.43605262985194393,0.009861681425078626,0.19016539466008078,-1357624.1929634714
2025-09-11 13:00:00,0.42119449679526016,0.007622621059345303,0.19010243366020954,-1284568.641089223
2025-09-11 14:00:00,0.37763265483879616,0.010305612337415075,0.19003948289683778,-1321480.399371725
2025-09-11 15:00:00,0.3083357715225371,0.00850415997854816,0.1899765424023511,-1306195.5594626043
2025-09-11 16:00:00,0.2180263149259719,0.010822718636671076,0.1899136122091298,-1192094.0592238996
2025-09-11 17:00:00,0.11285872527272317,0.009023361783888184,0.18985069234954902,-1259740.4414908118
2025-09-11 18:00:00,5.340104574079687e-17,0.011447832398692072,0.1897877828559785,-1372517.4715798048
2025-09-11 19:00:00,0.0,0.010714212589881705,0.1897248837607826,-1325667.2447102484
2025-09-11 20:00:00,0.0,0.011277816549958063,0.18966199509632045,-1335933.0722624324
2025-09-11 21:00:00,0.0,0.0072598053430846105,0.18959911689494569,-1367873.6125648103
2025-09-11 22:00:00,0.0,0.011468677670472561,0.18953624918900666,-1458144.9280882755
2025-09-11 23:00:00,0.0,0.008349550613730078,0.18947339201084634,-1401562.852993508
2025-09-12 00:00:00,0.0,0.01044729723451536,0.18941054539280208,-1390126.7156571315
2025-09-12 01:00:00,0.0,0.011046942198137318,0.189347709367206,-1415707.244931102
2025-09-12 02:00:00,0.0,0.007939247964243931,0.1892848839663847,-1364671.606403831
2025-09-12 03:00:00,0.0,0.010983298628059837,0.18922206922265938,-1452427.5977209616
2025-09-12 04:00:00,0.0,0.009790557572897906,0.1891592651683457,-1407244.4987001675
2025-09-12 05:00:00,0.0,0.010294032786853518,0.1890964718357538,-1407820.1943492873
2025-09-12 06:00:00,0.0,0.008941711911277999,0.1890336892571883,-1401195.6622938288
2025-09-12 07:00:00,0.11120799525976391,0.009744522562874256,0.18897091746494846,-1373663.0248812141
2025-09-12 08:00:00,0.21483734942247645,0.007295440568820806,0.1889081564913276,-1269380.1825420386
2025-09-12 09:00:00,0.3038258932575538,0.00804600172427037,0.18884540636861405,-1286957.2419119973
2025-09-12 10:00:00,0.37210920456315744,0.006902125361112153,0.18878266712908987,-1374038.503719316
2025-09-12 11:00:00,0.41503388851731776,0.0071256132721374205,0.1887199388050321,-1232398.2084108938
2025-09-12 12:00:00,0.429674698844953,0.010110568742190072,0.18865722142871189,-1262429.3376708177
2025-09-12 13:00:00,0.41503388851731776,0.007413056552303012,0.1885945150323948,-1231139.9341731027
2025-09-12 14:00:00,0.37210920456315755,0.00836615744310883,0.1885318196483408,-1186543.7969207973
2025-09-12 15:00:00,0.3038258932575539,0.009895238046877735,0.1884691353088041,-1285175.885650851
2025-09-12 16:00:00,0.21483734942247645,0.008641463725539674,0.18840646204603337,-1235236.6125023304
2025-09-12 17:00:00,0.11120799525976402,0.00808565247717624,0.18834379989227135,-1383359.5806357486
2025-09-12 18:00:00,5.261997446150746e-17,0.008154204710907293,0.18828114887975542,-1360884.009895335
2025-09-12 19:00:00,0.0,0.007416599758068279,0.1882185090407167,-1368122.4500236018
2025-09-12 20:00:00,0.0,0.007053883036010721,0.18815588040738113,-1278039.69426838
2025-09-12 21:00:00,0.0,0.006936865760175414,0.1880932630119685,-1375078.4671585402
2025-09-12 22:00:00,0.0,0.0069263611038753534,0.188030656886693,-1461760.57788409
2025-09-12 23:00:00,0.0,0.006572758374874458,0.18796806206376293,-1428236.326670103
2025-09-13 00:00:00,0.0,0.006604422971853898,0.18790547857538087,-1461080.9711937618
2025-09-13 01:00:00,0.0,0.007210878951859586,0.18784290645374346,-1350998.7025803495
2025-09-13 02:00:00,0.0,0.00651817265724122,0.1877803457310416,-1456060.676213123
2025-09-13 03:00:00,0.0,0.009892519208201866,0.1877177964394603,-1399610.6198735966
2025-09-13 04:00:00,0.0,0.006508614464177402,0.18765525861117854,-1407935.6919519445
2025-09-13 05:00:00,0.0,0.008402640015553775,0.18759273227836956,-1388900.4680325373
2025-09-13 06:00:00,0.0,0.007575107101355254,0.1875302174732007,-1405775.8561356931
2025-09-13 07:00:00,0.10955307204355785,0.007395103972542232,0.1874677142278333,-1343069.2339906387
2025-09-13 08:00:00,0.2116402832723589,0.009229479922520514,0.18740522257442277,-1309111.8217333362
2025-09-13 09:00:00,0.2993045589482537,0.008367950300484739,0.1873427425451185,-1202632.6883944147
2025-09-13 10:00:00,0.3665717235559952,0.0069348560048573754,0.18728027417206414,-1245750.299395487
2025-09-13 11:00:00,0.40885763099181155,0.008085819975492542,0.18721781748739694,-1230350.9502142863
2025-09-13 12:00:00,0.42328056654471785,0.00750815065915206,0.18715537252324846,-1220163.3296970811
2025-09-13 13:00:00,0.40885763099181155,0.006321265830671112,0.18709293931174412,-1134310.1491458598
2025-09-13 14:00:00,0.3665717235559952,0.00865458756581147,0.18703051788500336,-1368106.9088427348
2025-09-13 15:00:00,0.2993045589482537,0.006622153952810473,0.18696810827513935,-1193839.829180389
2025-09-13 16:00:00,0.2116402832723589,0.0077852129496898195,0.18690571051425944,-1340304.8418485487
2025-09-13 17:00:00,0.10955307204355799,0.008486397749576999,0.18684332463446476,-1379209.6074131853
2025-09-13 18:00:00,5.1836919096026695e-17,0.006782786970596332,0.18678095066785036,-1306275.0361222718
2025-09-13 19:00:00,0.0,0.009477781823979936,0.18671858864650506,-1303485.8850155023
2025-09-13 20:00:00,0.0,0.00862929171673197,0.1866562386025117,-1419623.0202130093
2025-09-13 21:00:00,0.0,0.009148639147618038,0.18659390056794686,-1498260.6304177854
2025-09-13 22:00:00,0.0,0.008457316884410307,0.18653157457488098,-1473197.4136108726
2025-09-13 23:00:00,0.0,0.0077026923365536674,0.18646926065537828,-1461662.379939294
2025-09-14 00:00:00,0.0,0.007917940650124048,0.1864069588414967,-1470355.0264485166
2025-09-14 01:00:00,0.0,0.007906572123192786,0.18634466916528802,-1448607.5102534043
2025-09-14 02:00:00,0.0,0.008266623835940743,0.18628239165879787,-1526803.9614068295
2025-09-14 03:00:00,0.0,0.007831253831102088,0.18622012635406548,-1351964.2365430382
2025-09-14 04:00:00,0.0,0.007129790207394328,0.18615787328312383,-1433397.3156993606
2025-09-14 05:00:00,0.0,0.005824393829352228,0.18609563247799965,-1520038.2129990046
2025-09-14 06:00:00,0.0,0.008090763410563572,0.18603340397071336,-1261111.8065627425
2025-09-14 07:00:00,0.10789444601356998,0.007539275839442767,0.185971187793279,-1261382.6081862524
2025-09-14 08:00:00,0.2084360638353177,0.00885886937128224,0.18590898397770436,-1390897.8792957603
2025-09-14 09:00:00,0.29477310836357057,0.006535338003993423,0.1858467925559907,-1368560.4147595637
2025-09-14 10:00:00,0.3610218526924402,0.006049485263152611,0.18578461356013307,-1240803.897664532
2025-09-14 11:00:00,0.40266755437714064,0.0055868560629149825,0.18572244702212007,-1274401.4084708274
2025-09-14 12:00:00,0.41687212767063553,0.008578299627916727,0.18566029297393385,-1319317.1738103633
2025-09-14 13:00:00,0.40266755437714064,0.008302479715167052,0.18559815144755026,-1268440.6244637212
2025-09-14 14:00:00,0.36102185269244025,0.00642197234843897,0.18553602247493853,-1297701.7664903873
2025-09-14 15:00:00,0.2947731083635706,0.006105247760605772,0.18547390608806152,-1210494.9435254731
2025-09-14 16:00:00,0.2084360638353177,0.0068150875810477195,0.1854118023188757,-1203168.9881748927
2025-09-14 17:00:00,0.10789444601357012,0.007799496952798028,0.18534971119933089,-1243211.0428524585
2025-09-14 18:00:00,5.1052111680559056e-17,0.006389521540460862,0.18528763276137053,-1284445.0199614011
2025-09-14 19:00:00,0.0,0.008347310071019944,0.18522556703693155,-1339025.6831699274
2025-09-14 20:00:00,0.0,0.006060581758883077,0.1851635140579441,-1282902.735296686
2025-09-14 21:00:00,0.0,0.006363304681087571,0.18510147385633205,-1470593.089346773
2025-09-14 22:00:00,0.0,0.006160902447335674,0.18503944646401257,-1429517.228449013
2025-09-14 23:00:00,0.0,0.005389261702633578,0.1849774319128963,-1553468.5464616786
2025-09-15 00:00:00,0.0,0.00822097791683455,0.18491543023488724,-1459239.9615825566
2025-09-15 01:00:00,0.0,0.006955348490425778,0.18485344146188268,-1469151.6018438765
2025-09-15 02:00:00,0.0,0.005258422942235149,0.18479146562577348,-1555779.4906554662
2025-09-15 03:00:00,0.0,0.006636874081059184,0.18472950275844363,-1516989.7219536742
2025-09-15 04:00:00,0.0,0.007635231929325616,0.18466755289177064,-1497627.6105515463
2025-09-15 05:00:00,0.0,0.0070336231170183665,0.1846056160576251,-1485799.4593218795
2025-09-15 06:00:00,0.0,0.005597456012030206,0.18454369228787107,-1387673.788762671
2025-09-15 07:00:00,0.10623260865648909,0.007211567859333012,0.18448178161436588,-1351328.6051665866
2025-09-15 08:00:00,0.2052256405907249,0.005091134925193391,0.18441988406896004,-1362374.5075413075
2025-09-15 09:00:00,0.2902328842701095,0.005756624258150371,0.1843579996834974,-1355975.55355886
2025-09-15 10:00:00,0.35546123651900524,0.007375374288652903,0.18429612848981497,-1215621.471603975
2025-09-15 11:00:00,0.3964654929265987,0.007143875064722922,0.18423427051974298,-1211445.4256766597
2025-09-15 12:00:00,0.41045128118144986,0.00648249549843342,0.18417242580510496,-1226575.397997572
2025-09-15 13:00:00,0.3964654929265987,0.0051242320719791165,0.18411059437771748,-1242846.1414720097
2025-09-15 14:00:00,0.3554612365190053,0.00672809361777967,0.18404877626939026,-1262494.6818946851
2025-09-15 15:00:00,0.29023288427010957,0.006159718752718824,0.18398697151192636,-1250802.153959465
2025-09-15 16:00:00,0.2052256405907249,0.00612438423825163,0.1839251801371217,-1207201.5419585293
2025-09-15 17:00:00,0.1062326086564892,0.006843040834586565,0.18386340217676553,-1339086.5180896723
2025-09-15 18:00:00,5.026578477047929e-17,0.007133225667538952,0.18380163766264015,-1298483.7244026896
2025-09-15 19:00:00,0.0,0.004817638552285363,0.18373988662652094,-1337455.6162519078
2025-09-15 20:00:00,0.0,0.004810010330003897,0.1836781491001763,-1473483.2009557418
2025-09-15 21:00:00,0.0,0.004910974580149276,0.18361642511536774,-1465855.26097946
2025-09-15 22:00:00,0.0,0.00698514906564223,0.18355471470384968,-1484240.8494256127
2025-09-15 23:00:00,0.0,0.005670968500991892,0.18349301789736988,-1397668.2494847355
2025-09-16 00:00:00,0.0,0.005243715027116915,0.1834313347276686,-1451200.6980463841
2025-09-16 01:00:00,0.0,0.00723000361179638,0.1833696652264795,-1430207.3255097128
2025-09-16 02:00:00,0.0,0.005912648839128156,0.18330800942552897,-1429481.086265746
2025-09-16 03:00:00,0.0,0.005505817054103065,0.18324636735653652,-1363518.3859618823
2025-09-16 04:00:00,0.0,0.006686251840686864,0.18318473905121452,-1359229.6031444753
2025-09-16 05:00:00,0.0,0.0069622746146798834,0.18312312454126825,-1397214.6424660685
2025-09-16 06:00:00,0.0,0.006415024776450779,0.18306152385839594,-1410529.4261901965
2025-09-16 07:00:00,0.10456805241058939,0.005040960051317739,0.18299993703428857,-1303079.967146343
2025-09-16 08:00:00,0.2020099648562743,0.006748116072850613,0.18293836410063027,-1287116.7232602937
2025-09-16 09:00:00,0.28568523203425544,0.005560995285533866,0.18287680508909762,-1273362.9002300273
2025-09-16 10:00:00,0.34989152276627045,0.004701822958839273,0.1828152600313604,-1335047.09383213
2025-09-16 11:00:00,0.39025328444484486,0.005955114731546525,0.18275372895908104,-1285769.2787721253
2025-09-16 12:00:00,0.40401992971254863,0.006473310898590182,0.18269221190391474,-1172027.1328982634
2025-09-16 13:00:00,0.39025328444484486,0.006340768934872056,0.18263070889750968,-1131649.4288531337
2025-09-16 14:00:00,0.3498915227662705,0.006296744844524828,0.18256921997150663,-1201108.8017924596
2025-09-16 15:00:00,0.28568523203425544,0.006180637543342894,0.18250774515753918,-1267236.3422152328
2025-09-16 16:00:00,0.2020099648562743,0.006414867395774206,0.18244628448723363,-1250549.781921119
2025-09-16 17:00:00,0.1045680524105895,0.006004213560149814,0.18238483799220911,-1256245.260087541
2025-09-16 18:00:00,4.947817137142113e-17,0.005201592766229455,0.18232340570407726,-1367287.9311974747
2025-09-16 19:00:00,0.0,0.006031785191485643,0.18226198765444268,-1379254.868072733
2025-09-16 20:00:00,0.0,0.006543498469798104,0.18220058387490226,-1416009.1179906111
2025-09-16 21:00:00,0.0,0.005050715053564688,0.18213919439704598,-1427205.2257956937
2025-09-16 22:00:00,0.0,0.004059870933133752,0.18207781925245614,-1499821.1711803772
2025-09-16 23:00:00,0.0,0.005822791152578366,0.1820164584727079,-1320090.3826129718
2025-09-17 00:00:00,0.0,0.0041916455679563355,0.18195511208936882,-1380441.4911071952
2025-09-17 01:00:00,0.0,0.004682691249342501,0.18189378013399923,-1492155.421634397
2025-09-17 02:00:00,0.0,0.004105748446149059,0.18183246263815192,-1501683.82333649
2025-09-17 03:00:00,0.0,0.0045236594492212125,0.1817711596333723,-1528288.4007334358
2025-09-17 04:00:00,0.0,0.004718475406411376,0.18170987115119838,-1304767.2237849666
2025-09-17 05:00:00,0.0,0.005269663733115756,0.18164859722316043,-1327747.2678572333
2025-09-17 06:00:00,0.0,0.004049569439245614,0.18158733788078155,-1361815.964590979
2025-09-17 07:00:00,0.10290127051981071,0.0059067325903539615,0.18152609315557722,-1361475.5501528275
2025-09-17 08:00:00,0.19878998950608617,0.006042518742225241,0.18146486307905535,-1284203.6391853958
2025-09-17 09:00:00,0.2811314992235123,0.00465549890596782,0.18140364768271638,-1385781.6129394951
2025-09-17 10:00:00,0.34431436186062525,0.005600082531390986,0.1813424469980532,-1330467.967723714
2025-09-17 11:00:00,0.38403276974332307,0.004045303783124079,0.18128126105655107,-1311559.8409475884
2025-09-17 12:00:00,0.3975799790121724,0.004409247494668075,0.1812200898896877,-1303666.2683175332
2025-09-17 13:00:00,0.38403276974332307,0.004342227896125286,0.18115893352893334,-1210524.5110517375
2025-09-17 14:00:00,0.34431436186062525,0.004050139063230253,0.18109779200575024,-1136251.057876753
2025-09-17 15:00:00,0.2811314992235124,0.003738075237422568,0.1810366653515934,-1280622.5400928955
2025-09-17 16:00:00,0.19878998950608617,0.0039813323700194116,0.18097555359790998,-1231457.379269917
2025-09-17 17:00:00,0.10290127051981081,0.005390577491877654,0.1809144567761396,-1318240.85621351
2025-09-17 18:00:00,4.8689504870232885e-17,0.005076401421520868,0.18085337491771405,-1382205.073619921
2025-09-17 19:00:00,0.0,0.004243957932511435,0.18079230805405755,-1336791.276222362
2025-09-17 20:00:00,0.0,0.005226672432957951,0.1807312562165865,-1303317.9214767707
2025-09-17 21:00:00,0.0,0.004581444228730713,0.18067021943670972,-1387074.7572531048
2025-09-17 22:00:00,0.0,0.003884323393767435,0.18060919774582804,-1375271.0663581246
2025-09-17 23:00:00,0.0,0.004618163023862312,0.18054819117533474,-1423996.0266469978
2025-09-18 00:00:00,0.0,0.00485550471864014,0.18048719975661534,-1434648.0168768049
2025-09-18 01:00:00,0.0,0.003562389176787028,0.18042622352104729,-1425080.3921715356
2025-09-18 02:00:00,0.0,0.004964431630266428,0.18036526250000054,-1502140.655536472
2025-09-18 03:00:00,0.0,0.0054744378705613725,0.18030431672483704,-1421849.7151826373
2025-09-18 04:00:00,0.0,0.0038841756153792165,0.180243386226911,-1485100.7666555739
2025-09-18 05:00:00,0.0,0.0037820726473343116,0.18018247103756865,-1366293.7088295342
2025-09-18 06:00:00,0.0,0.003905973102766869,0.1801215711881485,-1528660.1562459539
2025-09-18 07:00:00,0.1012327568875993,0.0052798977610592655,0.180060686709981,-1418767.568785387
2025-09-18 08:00:00,0.19556666868834946,0.0042481497682851956,0.17999981763438877,-1230803.0243449612
2025-09-18 09:00:00,0.27657303520718957,0.005272493339038976,0.17993896399268666,-1338432.8101536934
2025-09-18 10:00:00,0.33873140643521077,0.00460768174398157,0.1798781258161812,-1272573.9003517425
2025-09-18 11:00:00,0.37780579209478893,0.00495160876710292,0.17981730313617128,-1294453.1420099165
2025-09-18 12:00:00,0.391133337376699,0.004363874481481496,0.17975649598394777,-1251825.849165774
2025-09-18 13:00:00,0.37780579209478893,0.004623146028365926,0.1796957043907935,-1199723.2400632992
2025-09-18 14:00:00,0.3387314064352109,0.004928059820811136,0.1796349283879832,-1249880.5548922187
2025-09-18 15:00:00,0.2765730352071896,0.0033989062146454955,0.17957416800678386,-1300932.750704665
2025-09-18 16:00:00,0.19556666868834946,0.0033812303657400774,0.17951342327845413,-1326415.5081513573
2025-09-18 17:00:00,0.10123275688759945,0.0046533074197809225,0.17945269423424476,-1244389.5115638517
2025-09-18 18:00:00,4.790001896581963e-17,0.003314316172865362,0.1793919809053985,-1321320.201308738
2025-09-18 19:00:00,0.0,0.004663523278869773,0.17933128332314976,-1324366.383866793
2025-09-18 20:00:00,0.0,0.00390246389712766,0.17927060151872512,-1512087.4864838708
2025-09-18 21:00:00,0.0,0.003922859102929726,0.17920993552334288,-1442360.8318328809
2025-09-18 22:00:00,0.0,0.0045399014299925804,0.1791492853682133,-1524728.7788057993
2025-09-18 23:00:00,0.0,0.0033650907270569336,0.1790886510845385,-1505803.202388408
2025-09-19 00:00:00,0.0,0.0034321146191070534,0.17902803270351225,-1479306.4182978729
2025-09-19 01:00:00,0.0,0.00415328823673375,0.17896743025632036,-1400547.6337100153
2025-09-19 02:00:00,0.0,0.004016129266456066,0.17890684377414035,-1441434.0388075649
2025-09-19 03:00:00,0.0,0.0038612742989774787,0.17884627328814148,-1381992.8228530681
2025-09-19 04:00:00,0.0,0.004327484377428549,0.17878571882948494,-1461093.8614430593
2025-09-19 05:00:00,0.0,0.003845862262031073,0.17872518042932353,-1329388.8582887512
2025-09-19 06:00:00,0.0,0.0031922393316535704,0.17866465811880175,-1415808.5881819285
2025-09-19 07:00:00,0.09956300593055394,0.0033892136320208552,0.17860415192905596,-1239473.415372522
2025-09-19 08:00:00,0.1923409575425874,0.0033883860497702957,0.1785436618912142,-1299183.0853717506
2025-09-19 09:00:00,0.27201119075655483,0.004398878346140181,0.1784831880363961,-1271361.3935231848
2025-09-19 10:00:00,0.33314431084020973,0.0036497968083748613,0.17842273039571308,-1299023.5791197221
2025-09-19 11:00:00,0.3715741966871088,0.0034531906986704623,0.17836228900026813,-1294879.3352395785
2025-09-19 12:00:00,0.3846819150851749,0.003685827869452616,0.178301863881156,-1211314.6841835098
2025-09-19 13:00:00,0.3715741966871088,0.0035237544513266467,0.17824145506946296,-1304536.0776837682
2025-09-19 14:00:00,0.3331443108402098,0.0033922779475461843,0.17818106259626684,-1208219.3938964666
2025-09-19 15:00:00,0.2720111907565549,0.00316486296315407,0.1781206864926372,-1240221.4113113012
2025-09-19 16:00:00,0.1923409575425874,0.003367648540482917,0.1780603267896351,-1212382.7995417577
2025-09-19 17:00:00,0.09956300593055403,0.00424557017699711,0.17799998351831323,-1296769.1542769477
2025-09-19 18:00:00,4.7109947599893345e-17,0.004154525784510793,0.17793965670971576,-1347144.6968272228
2025-09-19 19:00:00,0.0,0.0038358659637543545,0.1778793463948784,-1373514.1193770233
2025-09-19 20:00:00,0.0,0.0037531758137841716,0.17781905260482841,-1499740.9976057129
2025-09-19 21:00:00,0.0,0.0030452335417973653,0.1777587753705845,-1285654.7645128588
2025-09-19 22:00:00,0.0,0.003681419332178121,0.17769851472315698,-1396343.7211586663
2025-09-19 23:00:00,0.0,0.0031466214532662176,0.17763827069354737,-1390586.6995309796
2025-09-20 00:00:00,0.0,0.0028624578079281767,0.17757804331274893,-1464128.6183715272
2025-09-20 01:00:00,0.0,0.002717547189601645,0.17751783261174617,-1526334.3149733061
2025-09-20 02:00:00,0.0,0.0025424697560248745,0.17745763862151517,-1386224.621483387
2025-09-20 03:00:00,0.0,0.003215773843258762,0.1773974613730232,-1559699.2296376596
2025-09-20 04:00:00,0.0,0.003139692321804551,0.1773373008972291,-1407512.7228839123
2025-09-20 05:00:00,0.0,0.0027241292072172694,0.177277157225083,-1344636.9194910363
2025-09-20 06:00:00,0.0,0.002876390747731464,0.17721703038752643,-1368177.6372179105
2025-09-20 07:00:00,0.09789251243191929,0.002570641367064971,0.1771569204154922,-1296918.828215746
2025-09-20 08:00:00,0.18911381191662907,0.003609609218200004,0.17709682733990453,-1349322.550825967
2025-09-20 09:00:00,0.2674473176445715,0.0036692317586440883,0.17703675119167894,-1220680.1408774615
2025-09-20 10:00:00,0.3275547306526262,0.0026942028142766254,0.17697669200172209,-1339968.856404622
2025-09-20 11:00:00,0.36533983007649085,0.002379340603913167,0.176916649800932,-1226596.6494690464
2025-09-20 12:00:00,0.37822762383325825,0.003016239290701597,0.17685662462019808,-1235813.0526695438
2025-09-20 13:00:00,0.36533983007649085,0.002653639117002468,0.17679661649040082,-1265975.6455846007
2025-09-20 14:00:00,0.32755473065262625,0.003630604174956639,0.176736625442412,-1152406.8022066308
2025-09-20 15:00:00,0.2674473176445715,0.002659792787069437,0.17667665150709463,-1320117.264997122
2025-09-20 16:00:00,0.18911381191662907,0.0032640236564012905,0.17661669471530286,-1183402.0046510652
2025-09-20 17:00:00,0.0978925124319194,0.0032324858837784053,0.17655675509788207,-1313340.045941221
2025-09-20 18:00:00,4.631952488765088e-17,0.0023317163048487757,0.17649683268566888,-1289909.4268040434
2025-09-20 19:00:00,0.0,0.002378517727880539,0.17643692750949078,-1392553.9658799884
2025-09-20 20:00:00,0.0,0.0031336800620862682,0.17637703960016668,-1317143.173826149
2025-09-20 21:00:00,0.0,0.0026716678193438076,0.1763171689885065,-1473474.0738295582
2025-09-20 22:00:00,0.0,0.0024619306456168987,0.17625731570531128,-1484341.5731418296
2025-09-20 23:00:00,0.0,0.002830006599831878,0.17619747978137312,-1432008.6925904376
2025-09-21 00:00:00,0.0,0.003364974009446781,0.17613766124747518,-1448761.9476417478
2025-09-21 01:00:00,0.0,0.0031088975303292443,0.17607786013439172,-1507246.8751577998
2025-09-21 02:00:00,0.0,0.0027094403201256205,0.17601807647288803,-1482386.332127235
2025-09-21 03:00:00,0.0,0.003191688719885562,0.17595831029372044,-1465619.227915019
2025-09-21 04:00:00,0.0,0.002582190842431356,0.17589856162763612,-1497293.041600393
2025-09-21 05:00:00,0.0,0.002846767415667549,0.17583883050537355,-1453966.4563329583
2025-09-21 06:00:00,0.0,0.0031475570127939274,0.17577911695766177,-1296673.9475040124
2025-09-21 07:00:00,0.09622177139497126,0.0023791198584466036,0.17571942101522112,-1469733.5710035646
2025-09-21 08:00:00,0.18588618808337087,0.002994772158266632,0.17565974270876278,-1284169.668776102
2025-09-21 09:00:00,0.26288276824533907,0.002185553594404358,0.1756000820689888,-1315408.0164049373
2025-09-21 10:00:00,0.3219643221857028,0.00300789902801567,0.17554043912659223,-1229956.8413596607
2025-09-21 11:00:00,0.3591045396403104,0.0028908384741570254,0.17548081391225698,-1240189.9243899642
2025-09-21 12:00:00,0.3717723761667418,0.0025820403403012154,0.17542120645665776,-1243857.539188672
2025-09-21 13:00:00,0.3591045396403104,0.0024631503599097902,0.17536161679046028,-1283104.9030291254
2025-09-21 14:00:00,0.3219643221857028,0.002306830342906482,0.17530204494432108,-1220368.036852394
2025-09-21 15:00:00,0.2628827682453391,0.002611565376026184,0.17524249094888733,-1328901.4929890847
2025-09-21 16:00:00,0.18588618808337087,0.0025319753686901996,0.17518295483479726,-1208319.5078271623
2025-09-21 17:00:00,0.09622177139497136,0.002332028531990254,0.17512343663267982,-1246552.1125254675
2025-09-21 18:00:00,4.5528985048400605e-17,0.002081253055793232,0.1750639363731547,-1272987.7087499197
2025-09-21 19:00:00,0.0,0.002751017421321349,0.17500445408683243,-1363699.0892815043
2025-09-21 20:00:00,0.0,0.0018169068284686043,0.17494498980431425,-1437483.2136089113
2025-09-21 21:00:00,0.0,0.002586800570234476,0.17488554355619215,-1524680.4494941994
2025-09-21 22:00:00,0.0,0.002125310842717436,0.17482611537304885,-1436249.8067313654
2025-09-21 23:00:00,0.0,0.002214589498578151,0.17476670528545782,-1452879.1799103685
2025-09-22 00:00:00,0.0,0.002440540421348785,0.17470731332398298,-1385765.1151002694
2025-09-22 01:00:00,0.0,0.002287388648050623,0.17464793951917926,-1481502.6358300515
2025-09-22 02:00:00,0.0,0.001946002767620663,0.17458858390159207,-1527824.4705192694
2025-09-22 03:00:00,0.0,0.002136695380796876,0.1745292465017575,-1401955.3529481757
2025-09-22 04:00:00,0.0,0.002566580708090633,0.17446992735020223,-1404666.6348202259
2025-09-22 05:00:00,0.0,0.002541487289322774,0.1744106264774436,-1402811.4526542607
2025-09-22 06:00:00,0.0,0.002052375643097603,0.17435134391398954,-1343216.096727891
2025-09-22 07:00:00,0.09455127789633663,0.0018380370298496588,0.17429207969033864,-1275401.6665113957
2025-09-22 08:00:00,0.18265904245741257,0.002159144172671838,0.17423283383697977,-1339281.575616422
2025-09-22 09:00:00,0.2583188951333559,0.0025729421633517674,0.17417360638439264,-1370363.4765038744
2025-09-22 10:00:00,0.3163747419981193,0.0023457954591493296,0.17411439736304749,-1220483.495421266
2025-09-22 11:00:00,0.35287017302969254,0.002066075122778351,0.17405520680340483,-1276459.26974127
2025-09-22 12:00:00,0.3653180849148252,0.002320160171550344,0.1739960347359159,-1283866.9153440166
2025-09-22 13:00:00,0.35287017302969254,0.0019870118396535926,0.17393688119102235,-1196253.6858821413
2025-09-22 14:00:00,0.3163747419981193,0.0018357512470306265,0.17387774619915627,-1290995.5799375998
2025-09-22 15:00:00,0.25831889513335593,0.0016535258378432534,0.1738186297907403,-1235855.882948902
2025-09-22 16:00:00,0.18265904245741257,0.0017415446865826603,0.17375953199618743,-1240489.0083360146
2025-09-22 17:00:00,0.09455127789633674,0.0023176167429425245,0.17370045284590113,-1185832.3021280903
2025-09-22 18:00:00,4.4738562336158164e-17,0.002247063514683867,0.1736413923702752,-1314602.633081181
2025-09-22 19:00:00,0.0,0.0022819893659418505,0.17358235059969399,-1301604.8960515484
2025-09-22 20:00:00,0.0,0.00206381311686681,0.17352332756453198,-1406218.2750839037
2025-09-22 21:00:00,0.0,0.0019522121836679281,0.1734643232951542,-1414949.2931002993
2025-09-22 22:00:00,0.0,0.0015568305250606527,0.17340533782191606,-1521001.3384136665
2025-09-22 23:00:00,0.0,0.002041044379683715,0.17334637117516313,-1450324.8615484396
2025-09-23 00:00:00,0.0,0.0019044379167445944,0.17328742338523137,-1413882.6609907672
2025-09-23 01:00:00,0.0,0.0021788872313588635,0.17322849448244715,-1437584.7112998795
2025-09-23 02:00:00,0.0,0.001999846691418001,0.17316958449712694,-1392818.2589757475
2025-09-23 03:00:00,0.0,0.0020883232121679317,0.17311069345957766,-1416961.8647632254
2025-09-23 04:00:00,0.0,0.0015180110029325282,0.17305182140009626,-1441121.1848112233
2025-09-23 05:00:00,0.0,0.0015314151743977987,0.17299296834897016,-1437811.4874747533
2025-09-23 06:00:00,0.0,0.0014661608004474332,0.17293413433647678,-1413294.5510559399
2025-09-23 07:00:00,0.09288152693929126,0.0020835226025723162,0.17287531939288392,-1333497.743194338
2025-09-23 08:00:00,0.17943333131165054,0.0018337867879528568,0.17281652354844954,-1354952.1974260265
2025-09-23 09:00:00,0.25375705068272114,0.001307073564154897,0.1727577468334217,-1313913.9009530284
2025-09-23 10:00:00,0.31078764640311823,0.0016660904642375525,0.17269898927803876,-1300142.356547739
2025-09-23 11:00:00,0.34663857762201244,0.0018713638452607366,0.17264025091252896,-1212739.701544557
2025-09-23 12:00:00,0.35886666262330114,0.0016411643224722209,0.1725815317671109,-1212071.2694696842
2025-09-23 13:00:00,0.34663857762201244,0.0016738245532591904,0.17252283187199327,-1356818.3583272405
2025-09-23 14:00:00,0.3107876464031183,0.0017503998781283712,0.17246415125737483,-1255189.7871829881
2025-09-23 15:00:00,0.2537570506827212,0.0019092071859181836,0.17240548995344426,-1240357.6768636096
2025-09-23 16:00:00,0.17943333131165054,0.0014742364062327218,0.17234684799038055,-1267166.3573156684
2025-09-23 17:00:00,0.09288152693929136,0.0013609465451259182,0.17228822539835265,-1205998.4132736793
2025-09-23 18:00:00,4.394849097023188e-17,0.0012493217274270952,0.17222962220751944,-1367931.987731156
2025-09-23 19:00:00,0.0,0.0017797239381181686,0.17217103844803003,-1355810.1889714794
2025-09-23 20:00:00,0.0,0.0012702459368596722,0.17211247415002334,-1402182.0931033853
2025-09-23 21:00:00,0.0,0.0015710468806632058,0.17205392934362837,-1410472.6252232261
2025-09-23 22:00:00,0.0,0.0012773723028307996,0.17199540405896405,-1413262.5602110508
2025-09-23 23:00:00,0.0,0.0013239220478668428,0.1719368983261394,-1430083.179747474
2025-09-24 00:00:00,0.0,0.0014364173463455125,0.1718784121752531,-1473275.017818165
2025-09-24 01:00:00,0.0,0.0015569139677557454,0.17181994563639405,-1411922.6644063678
2025-09-24 02:00:00,0.0,0.001429331532997809,0.17176149873964086,-1427961.1957654727
2025-09-24 03:00:00,0.0,0.0015720233148005477,0.17170307151506217,-1441325.7689943423
2025-09-24 04:00:00,0.0,0.0013344881679520717,0.1716446639927164,-1483478.837137408
2025-09-24 05:00:00,0.0,0.0014106915922625978,0.17158627620265193,-1369482.448025139
2025-09-24 06:00:00,0.0,0.0012184213108490478,0.1715279081749069,-1430932.4483033842
2025-09-24 07:00:00,0.0912130133070799,0.0011267037753364437,0.17146955993950935,-1361602.6160803258
2025-09-24 08:00:00,0.17621001049391383,0.0013578661863835608,0.17141123152647714,-1366098.4440326903
2025-09-24 09:00:00,0.24919858666639838,0.0015462130629033664,0.17135292296581772,-1285233.276164471
2025-09-24 10:00:00,0.30520469097770386,0.001445350011038138,0.17129463428752867,-1269579.499854602
2025-09-24 11:00:00,0.3404115999734783,0.0014190898666078878,0.17123636552159713,-1316347.787653028
2025-09-24 12:00:00,0.3524200209878277,0.0011461795514650806,0.17117811669800004,-1332359.5351581317
2025-09-24 13:00:00,0.3404115999734783,0.0011749536809645053,0.17111988784670415,-1246710.943213398
2025-09-24 14:00:00,0.30520469097770386,0.0009633302395700415,0.1710616789976657,-1326096.630540856
2025-09-24 15:00:00,0.24919858666639838,0.001099116781798506,0.1710034901808309,-1319677.1074454242
2025-09-24 16:00:00,0.17621001049391383,0.0012001282910670873,0.17094532142613564,-1199236.9170281675
2025-09-24 17:00:00,0.09121301330707998,0.0009315628313754925,0.17088717276350532,-1315786.9167694964
2025-09-24 18:00:00,4.3159005065818624e-17,0.0011787806490616596,0.17082904422285508,-1407438.7322571387
2025-09-24 19:00:00,0.0,0.0012046659129184806,0.17077093583408987,-1376506.770311983
2025-09-24 20:00:00,0.0,0.0010734169368404978,0.1707128476271039,-1401061.820348804
2025-09-24 21:00:00,0.0,0.0011183056026863732,0.1706547796317813,-1362794.50163989
2025-09-24 22:00:00,0.0,0.0009696435217232496,0.17059673187799582,-1417209.5881873986
2025-09-24 23:00:00,0.0,0.001063989759040909,0.17053870439561059,-1462129.3716591897
2025-09-25 00:00:00,0.0,0.0012553135069663037,0.17048069721447848,-1387866.5007217187
2025-09-25 01:00:00,0.0,0.0012007597465771007,0.17042271036444187,-1422885.3704172394
2025-09-25 02:00:00,0.0,0.0008542518946225962,0.1703647438753326,-1530063.3284269671
2025-09-25 03:00:00,0.0,0.0008666954032033488,0.17030679777697214,-1439895.9632391823
2025-09-25 04:00:00,0.0,0.0010922348941401901,0.17024887209917156,-1459048.2587376472
2025-09-25 05:00:00,0.0,0.0010748138122033232,0.17019096687173105,-1439336.232244309
2025-09-25 06:00:00,0.0,0.001249342375458271,0.17013308212444064,-1465786.0588947635
2025-09-25 07:00:00,0.08954623141630119,0.0010492897602768926,0.17007521788707977,-1474220.541346973
2025-09-25 08:00:00,0.1729900351437257,0.0009140918348061984,0.17001737418941715,-1262169.4282882495
2025-09-25 09:00:00,0.24464485385565526,0.0010771765989556654,0.16995955106121116,-1336552.4041569284
2025-09-25 10:00:00,0.29962753007205856,0.0011548095002476145,0.16990174853220943,-1286309.914003264
2025-09-25 11:00:00,0.3341910852719565,0.0009335183688273799,0.16984396663214898,-1261688.1092081282
2025-09-25 12:00:00,0.3459800702874515,0.0010423934178299178,0.1697862053907564,-1135992.520144972
2025-09-25 13:00:00,0.3341910852719565,0.00107436767239697,0.1697284648377475,-1240480.6608682275
2025-09-25 14:00:00,0.2996275300720586,0.000803937482281941,0.1696707450028274,-1212495.3278685103
2025-09-25 15:00:00,0.2446448538556553,0.0008194101736788879,0.16961304591569062,-1319827.8215929482
2025-09-25 16:00:00,0.1729900351437257,0.0009859196302623625,0.16955536760602122,-1220614.8832947211
2025-09-25 17:00:00,0.0895462314163013,0.0009261269335782542,0.16949771010349216,-1299129.5659264126
2025-09-25 18:00:00,4.2370338564630376e-17,0.0009749518435787587,0.169440073437766,-1280684.9534736632
2025-09-25 19:00:00,0.0,0.0006634297910398934,0.16938245763849447,-1463167.4835975901
2025-09-25 20:00:00,0.0,0.0006541421939579422,0.1693248627353186,-1370817.3371654276
2025-09-25 21:00:00,0.0,0.0009748301531506845,0.1692672887578687,-1481025.7258393788
2025-09-25 22:00:00,0.0,0.0008711711095527136,0.16920973573576423,-1255724.5625648224
2025-09-25 23:00:00,0.0,0.0008463146753864244,0.16915220369861386,-1474181.233321003
2025-09-26 00:00:00,0.0,0.0008983889245192491,0.1690946926760157,-1435534.9215092808
2025-09-26 01:00:00,0.0,0.0009310087811928986,0.16903720269755662,-1473533.033488509
2025-09-26 02:00:00,0.0,0.000845293411320214,0.16897973379281303,-1472328.8036738278
2025-09-26 03:00:00,0.0,0.0008932205094338378,0.16892228599135037,-1557840.0319092267
2025-09-26 04:00:00,0.0,0.0006595438152237253,0.16886485932272322,-1491965.1968856994
2025-09-26 05:00:00,0.0,0.0006002633467981562,0.1688074538164753,-1455871.161074348
2025-09-26 06:00:00,0.0,0.0006527264148441322,0.16875006950213942,-1425929.0969539226
2025-09-26 07:00:00,0.08788167517040149,0.0007735920780385788,0.16869270640923753,-1351701.3828014005
2025-09-26 08:00:00,0.1697743594092751,0.0007304055446404738,0.16863536456728065,-1341690.025958581
2025-09-26 09:00:00,0.24009720161980114,0.000747969108359381,0.1685780440057689,-1258403.9881234549
2025-09-26 10:00:00,0.2940578163193238,0.0005888277325542791,0.16852074475419127,-1380472.3919029885
2025-09-26 11:00:00,0.32797887679020266,0.0005263205764874487,0.168463466842026,-1162856.6334789703
2025-09-26 12:00:00,0.33954871881855025,0.0008100416453870495,0.16840621029874028,-1305981.2622533776
2025-09-26 13:00:00,0.32797887679020266,0.0007971611103245739,0.16834897515379035,-1253991.4508412455
2025-09-26 14:00:00,0.2940578163193238,0.0005991807014693512,0.1682917614366213,-1304101.004166431
2025-09-26 15:00:00,0.2400972016198012,0.0006205127151484766,0.16823456917666738,-1308640.6555704041
2025-09-26 16:00:00,0.1697743594092751,0.0007569970256874105,0.16817739840335164,-1338997.3036067083
2025-09-26 17:00:00,0.08788167517040159,0.0005257223115225253,0.16812024914608628,-1298254.5071048485
2025-09-26 18:00:00,4.158272516557222e-17,0.0006348588110942005,0.16806312143427213,-1330289.2042382304
2025-09-26 19:00:00,0.0,0.000701072743803732,0.16800601529729928,-1368010.9900430744
2025-09-26 20:00:00,0.0,0.0006598189143590577,0.16794893076454634,-1439804.86542954
2025-09-26 21:00:00,0.0,0.0005675022656421076,0.16789186786538113,-1433810.3060107403
2025-09-26 22:00:00,0.0,0.000575555325125144,0.1678348266291602,-1429579.0147079178
2025-09-26 23:00:00,0.0,0.0004693742976979669,0.167777807085229,-1439111.6052437574
2025-09-27 00:00:00,0.0,0.0004739341829607753,0.16772080926292174,-1423289.5171876282
2025-09-27 01:00:00,0.0,0.0005908563439235466,0.1676638331915616,-1409498.980462639
2025-09-27 02:00:00,0.0,0.0004729782198263039,0.16760687890046044,-1450373.5706267937
2025-09-27 03:00:00,0.0,0.0006220061186615397,0.16754994641891896,-1545379.7468378472
2025-09-27 04:00:00,0.0,0.0005366961636546408,0.16749303577622668,-1377032.4877173963
2025-09-27 05:00:00,0.0,0.0005546961288417347,0.16743614700166173,-1470308.1855764382
2025-09-27 06:00:00,0.0,0.00047232587459029054,0.16737928012449113,-1305120.8561432597
2025-09-27 07:00:00,0.08621983781332059,0.00039108493706255617,0.1673224351739707,-1356937.7237255245
2025-09-27 08:00:00,0.1665639361646823,0.0003809803534798884,0.1672656121793448,-1221461.9250921272
2025-09-27 09:00:00,0.23555697752634014,0.00039573891211446753,0.16720881116984665,-1287913.359626616
2025-09-27 10:00:00,0.28849720014588887,0.0005214199554255703,0.167152032174698,-1331738.620118288
2025-09-27 11:00:00,0.32177681533966074,0.0004935668705905475,0.16709527522310944,-1287243.819978917
2025-09-27 12:00:00,0.3331278723293646,0.0003957359863571003,0.16703854034428012,-1238955.4748868754
2025-09-27 13:00:00,0.32177681533966074,0.0003758815783051851,0.1669818275673979,-1370705.6524171869
2025-09-27 14:00:00,0.2884972001458889,0.0004956546640159395,0.16692513692163916,-1255915.3294533882
2025-09-27 15:00:00,0.23555697752634017,0.00040943780158636913,0.16686846843616895,-1354098.274053961
2025-09-27 16:00:00,0.1665639361646823,0.0003866766115524889,0.16681182214014098,-1262107.2739510108
2025-09-27 17:00:00,0.08621983781332068,0.000335276039288396,0.16675519806269748,-1261193.919095294
2025-09-27 18:00:00,4.0796398255492446e-17,0.00030253237159360874,0.16669859623296926,-1400216.1667293168
2025-09-27 19:00:00,0.0,0.0003897383537836244,0.16664201668007572,-1393042.1593740887
2025-09-27 20:00:00,0.0,0.0003512882970188785,0.16658545943312478,-1381819.8382506482
2025-09-27 21:00:00,0.0,0.0003273935607545579,0.16652892452121287,-1327392.3444039219
2025-09-27 22:00:00,0.0,0.00028395822820017827,0.16647241197342483,-1455135.1764793235
2025-09-27 23:00:00,0.0,0.00032635169191040067,0.16641592181883422,-1488876.950790343
2025-09-28 00:00:00,0.0,0.0003273225648660412,0.16635945408650296,-1516176.659008579
2025-09-28 01:00:00,0.0,0.0003255144668828642,0.1663030088054813,-1373197.9977809987
2025-09-28 02:00:00,0.0,0.0003024262527450347,0.16624658600480818,-1486475.103311121
2025-09-28 03:00:00,0.0,0.00033616263549212007,0.16619018571351085,-1439538.4426414599
2025-09-28 04:00:00,0.0,0.00033910064586187657,0.16613380796060498,-1341037.6551357114
2025-09-28 05:00:00,0.0,0.00031077243446361473,0.1660774527750947,-1365559.4940698626
2025-09-28 06:00:00,0.0,0.00022809788345819313,0.1660211201859724,-1377032.532039966
2025-09-28 07:00:00,0.08456121178333272,0.00029047558714398984,0.16596481022221907,-1415024.9642172395
2025-09-28 08:00:00,0.1633597167276411,0.00021717975572868307,0.1659085229128038,-1369799.178709533
2025-09-28 09:00:00,0.231025526941657,0.00033106392262771087,0.16585225828668435,-1334714.8937447325
2025-09-28 10:00:00,0.2829473292823338,0.0002441640097680661,0.16579601637280633,-1319124.4915451098
2025-09-28 11:00:00,0.31558673872498977,0.0002771471359000336,0.16573979720010415,-1312845.2106246087
2025-09-28 12:00:00,0.3267194334552822,0.00019644395662602522,0.16568360079750025,-1234533.7342066267
2025-09-28 13:00:00,0.31558673872498977,0.00021368042994336856,0.1656274271939054,-1266383.733011799
2025-09-28 14:00:00,0.28294732928233385,0.0002174716390929769,0.16557127641821873,-1322242.504160057
2025-09-28 15:00:00,0.23102552694165707,0.0002509585087286651,0.16551514849932752,-1262418.4820063855
2025-09-28 16:00:00,0.1633597167276411,0.00018789637512985454,0.16545904346610732,-1312778.3453638696
2025-09-28 17:00:00,0.08456121178333281,0.00023556044740836963,0.16540296134742197,-1395947.999742914
2025-09-28 18:00:00,4.00115908400248e-17,0.0002398519114355298,0.16534690217212347,-1338800.7979864208
2025-09-28 19:00:00,0.0,0.00024024773483447752,0.165290865969052,-1385133.9907709209
2025-09-28 20:00:00,0.0,0.00017484144782612218,0.16523485276703584,-1314075.1216649832
2025-09-28 21:00:00,0.0,0.0001726393432657731,0.16517886259489162,-1338871.117521048
2025-09-28 22:00:00,0.0,0.00023216916308984413,0.1651228954814241,-1364356.577229538
2025-09-28 23:00:00,0.0,0.00017826965706123699,0.165066951455426,-1472319.268153796
2025-09-29 00:00:00,0.0,0.00017208586184739113,0.16501103054567837,-1457665.8483596963
2025-09-29 01:00:00,0.0,0.00015359218851745789,0.16495513278095017,-1491439.6252163025
2025-09-29 02:00:00,0.0,0.00020505981141102453,0.16489925818999865,-1384742.8427577
2025-09-29 03:00:00,0.0,0.00013713622370465506,0.164843406801569,-1494904.8028897983
2025-09-29 04:00:00,0.0,0.00018416099317131377,0.16478757864439456,-1441187.5352556193
2025-09-29 05:00:00,0.0,0.00015630047415409127,0.16473177374719666,-1306456.1309480108
2025-09-29 06:00:00,0.0,0.00014914312435375176,0.1646759921386846,-1380044.5559473028
2025-09-29 07:00:00,0.08290628856712667,0.00014956466060023232,0.16462023384755586,-1436719.3461289932
2025-09-29 08:00:00,0.16016265057752352,0.0001455967856442541,0.16456449890249586,-1301925.3747011318
2025-09-29 09:00:00,0.22650419263235677,0.00015281336831631418,0.16450878733217794,-1261086.5115758597
2025-09-29 10:00:00,0.27740984827517157,0.00014922526658965599,0.1644530991652635,-1215661.1904979583
2025-09-29 11:00:00,0.3094104811994835,0.00015313080422474883,0.1643974344304018,-1251194.2291077184
2025-09-29 12:00:00,0.3203253011550471,0.00011899542555291659,0.1643417931562302,-1258904.4615917515
2025-09-29 13:00:00,0.3094104811994835,0.0001296880043842414,0.1642861753713739,-1260846.6553309152
2025-09-29 14:00:00,0.27740984827517157,0.00011701216834345468,0.16423058110444605,-1225588.564068467
2025-09-29 15:00:00,0.22650419263235683,0.00011811171977232405,0.16417501038404753,-1286233.1251599481
2025-09-29 16:00:00,0.16016265057752352,0.00010944051323632073,0.1641194632387673,-1306191.8142855389
2025-09-29 17:00:00,0.08290628856712676,9.846579988071555e-05,0.1640639396971822,-1237736.0542022511
2025-09-29 18:00:00,3.922853547454404e-17,9.702437486201091e-05,0.1640084397878568,-1346115.6970128922
2025-09-29 19:00:00,0.0,8.606154816770546e-05,0.16395296353934366,-1411215.2836878821
2025-09-29 20:00:00,0.0,7.271276306932503e-05,0.16389751098018293,-1324733.5954696413
2025-09-29 21:00:00,0.0,0.00010246187305354703,0.1638420821389029,-1377052.9337009438
2025-09-29 22:00:00,0.0,9.134544612310955e-05,0.16378667704401936,-1520768.7081484469
2025-09-29 23:00:00,0.0,8.418653040703825e-05,0.1637312957240362,-1511997.5013151267
2025-09-30 00:00:00,0.0,5.696348423165075e-05,0.16367593820744458,-1448302.0131240422
2025-09-30 01:00:00,0.0,7.406830777647002e-05,0.16362060452272395,-1472933.1727436357
2025-09-30 02:00:00,0.0,6.403494161418944e-05,0.16356529469834122,-1566099.25370665
2025-09-30 03:00:00,0.0,5.0813141752035514e-05,0.16351000876275104,-1476061.3390014507
2025-09-30 04:00:00,0.0,5.894150501818691e-05,0.16345474674439578,-1425638.23088327
2025-09-30 05:00:00,0.0,4.7806451078284475e-05,0.1633995086717056,-1417482.434641839
2025-09-30 06:00:00,0.0,5.31236787561087e-05,0.16334429457309826,-1420027.0251593466
2025-09-30 07:00:00,0.08125555855416756,3.986413167934759e-05,0.16328910447697917,-1309256.4588591764
2025-09-30 08:00:00,0.15697368507402815,4.485375239328376e-05,0.1632339384117414,-1380392.5477291588
2025-09-30 09:00:00,0.2219943143673737,5.412522480588337e-05,0.16317879640576582,-1252870.4885228805
2025-09-30 10:00:00,0.2718863979995331,4.887315252444176e-05,0.16312367848742063,-1343694.9268233909
2025-09-30 11:00:00,0.3032498729215413,4.088110755770248e-05,0.16306858468506177,-1260665.6386435619
2025-09-30 12:00:00,0.31394737014805635,4.421255934569884e-05,0.16301351502703287,-1304326.4079580735
2025-09-30 13:00:00,0.3032498729215413,4.030813593092941e-05,0.16295846954166507,-1213347.7125874562
2025-09-30 14:00:00,0.2718863979995332,3.0245030798463785e-05,0.16290344825727698,-1231607.489517882
2025-09-30 15:00:00,0.22199431436737374,3.323908110992438e-05,0.16284845120217492,-1218857.9167618153
2025-09-30 16:00:00,0.15697368507402815,2.424316989121802e-05,0.16279347840465266,-1264424.2664969605
2025-09-30 17:00:00,0.08125555855416765,2.3603649518259714e-05,0.16273852989299145,-1289313.6799698716
2025-09-30 18:00:00,3.844746419525465e-17,1.97308658962036e-05,0.1626836056954602,-1404648.1770594597
2025-09-30 19:00:00,0.0,2.4498877572081008e-05,0.16262870584031508,-1479536.9755403623
2025-09-30 20:00:00,0.0,2.3287872097432636e-05,0.16257383035579992,-1375451.2315915204
2025-09-30 21:00:00,0.0,2.1847561638859602e-05,0.16251897927014594,-1364000.0461511533
2025-09-30 22:00:00,0.0,1.3945315466989023e-05,0.16246415261157182,-1462505.0507053444
2025-09-30 23:00:00,0.0,1.3169944748573637e-05,0.16240935040828366,-1496381.398466985
2025-10-01 00:00:00,0.0,1.1881152466349621e-05,0.16235457268847506,-1530084.4571891609
2025-10-01 01:00:00,0.0,1.4157280207804278e-05,0.16229981948032693,-1425279.8953456834
2025-10-01 02:00:00,0.0,1.1634402845444197e-05,0.16224509081200755,-1466780.0027929067
2025-10-01 03:00:00,0.0,1.1343630528489842e-05,0.16219038671167277,-1370062.6432637037
2025-10-01 04:00:00,0.0,9.975812818113555e-06,0.16213570720746545,-1478603.500452634
2025-10-01 05:00:00,0.0,7.557030427081041e-06,0.16208105232751616,-1439483.7330137477
2025-10-01 06:00:00,0.0,5.924410719343291e-06,0.16202642209994253,-1416163.8352911458
2025-10-01 07:00:00,0.07960951089138388,4.613218206478643e-06,0.16197181655284967,-1309312.6832887596
2025-10-01 08:00:00,0.15379376517645707,4.107409742758364e-06,0.16191723571432992,-1386100.9513893086
2025-10-01 09:00:00,0.21749722852096864,3.4760339182741454e-06,0.16186267961246298,-1347589.8201726372
2025-10-01 10:00:00,0.26637861517294076,2.4522482342098743e-06,0.16180814827531573,-1261309.9955309231
2025-10-01 11:00:00,0.29710673941235255,1.8972417114159722e-06,0.1617536417309424,-1285289.197054256
2025-10-01 12:00:00,0.3075875303529142,1.5545139568623794e-06,0.16169916000738438,-1296495.2420746493
2025-10-01 13:00:00,0.29710673941235255,8.296379576747782e-07,0.16164470313267032,-1296640.7040697183
2025-10-01 14:00:00,0.2663786151729408,7.925484535847854e-07,0.16159027113481622,-1284865.513329414
2025-10-01 15:00:00,0.21749722852096867,2.9595817865938695e-07,0.161535864041825,-1321947.8556699743
2025-10-01 16:00:00,0.15379376517645707,1.7895573317132752e-07,0.16148148188168696,-1427570.9539821183
2025-10-01 17:00:00,0.07960951089138396,5.066561793940704e-08,0.16142712468237957,-1409995.548452728
2025-10-01 18:00:00,3.766860845043357e-17,0.0,0.16137279247186742,-1408750.7186278522
2025-10-01 19:00:00,0.0,4.761628589352543e-08,0.16131848527810227,-1390547.7007918141
2025-10-01 20:00:00,0.0,1.449288135161344e-07,0.16126420312902295,-1442308.9772662856
2025-10-01 21:00:00,0.0,4.323765482197556e-07,0.1612099460525555,-1476989.2515010983
2025-10-01 22:00:00,0.0,7.715157924243735e-07,0.16115571407661297,-1432741.9717494796
2025-10-01 23:00:00,0.0,1.209060565648798e-06,0.16110150722909564,-1370256.887613144
2025-10-02 00:00:00,0.0,1.813058533632094e-06,0.16104732553789056,-1435338.4755499056
2025-10-02 01:00:00,0.0,1.6946978519950915e-06,0.16099316903087216,-1558587.3378316704
2025-10-02 02:00:00,0.0,2.9202074416410923e-06,0.1609390377359018,-1440118.2432034991
2025-10-02 03:00:00,0.0,3.5289811985464834e-06,0.16088493168082776,-1457153.9262167485
2025-10-02 04:00:00,0.0,3.5956862166359084e-06,0.16083085089348556,-1427315.286333776
2025-10-02 05:00:00,0.0,5.886628907970194e-06,0.16077679540169756,-1372353.9787086102
2025-10-02 06:00:00,0.0,7.1911164764218255e-06,0.16072276523327308,-1469684.2553858387
2025-10-02 07:00:00,0.07796863333822276,8.157453581958834e-06,0.16066876041600853,-1282209.612827122
2025-10-02 08:00:00,0.15062383316370442,8.705573827094015e-06,0.16061478097768728,-1236333.955247965
2025-10-02 09:00:00,0.2130142676767332,7.874353880985258e-06,0.1605608269460794,-1239540.837834291
2025-10-02 10:00:00,0.2608881318703141,8.661538678984705e-06,0.1605068983489423,-1237421.373225411
2025-10-02 11:00:00,0.290982901014956,1.2626875112148176e-05,0.16045299521401987,-1255513.7636149805
2025-10-02 12:00:00,0.3012476663274089,1.1540163145619213e-05,0.16039911756904324,-1264823.0328059078
2025-10-02 13:00:00,0.290982901014956,1.3986223132408608e-05,0.16034526544173025,-1330584.645030907
2025-10-02 14:00:00,0.2608881318703141,1.4121975383186036e-05,0.16029143885978564,-1258683.5498665853
2025-10-02 15:00:00,0.2130142676767332,1.930673496091208e-05,0.1602376378509011,-1333929.1791676017
2025-10-02 16:00:00,0.15062383316370442,2.1064507623707663e-05,0.160183862442755,-1209671.7680327797
2025-10-02 17:00:00,0.07796863333822285,1.7285013084440654e-05,0.16013011266301272,-1321432.6026333312
2025-10-02 18:00:00,3.689219903184712e-17,2.8254214964368616e-05,0.1600763885393263,-1378549.452433059
2025-10-02 19:00:00,0.0,2.7784338249235045e-05,0.1600226900993347,-1361886.381217056
2025-10-02 20:00:00,0.0,3.0169552559535042e-05,0.1599690173706636,-1325620.1985027604
2025-10-02 21:00:00,0.0,2.671020143614959e-05,0.15991537038092538,-1478725.4425359007
2025-10-02 22:00:00,0.0,3.627958607926712e-05,0.15986174915771934,-1368496.5080035205
2025-10-02 23:00:00,0.0,3.9179862767783356e-05,0.1598081537286314,-1411440.176564619
2025-10-03 00:00:00,0.0,4.142257603610053e-05,0.15975458412123436,-1455485.649602885
2025-10-03 01:00:00,0.0,4.583971972835694e-05,0.15970104036308755,-1497168.8583919057
2025-10-03 02:00:00,0.0,3.887664109773462e-05,0.15964752248173705,-1346751.2007699127
2025-10-03 03:00:00,0.0,4.207854168360015e-05,0.1595940305047158,-1476875.7928295466
2025-10-03 04:00:00,0.0,4.917188379987802e-05,0.15954056445954318,-1471954.6254056874
2025-10-03 05:00:00,0.0,5.0256299958876674e-05,0.1594871243737253,-1410297.7108078427
2025-10-03 06:00:00,0.0,4.2314404078890176e-05,0.15943371027475495,-1411642.0115743116
2025-10-03 07:00:00,0.07633341212211625,4.421078625654583e-05,0.15938032219011158,-1428659.0464809928
2025-10-03 08:00:00,0.14746482835503824,4.882336069464936e-05,0.15932696014726125,-1312454.9053505883
2025-10-03 09:00:00,0.20854676023271565,6.886075694602398e-05,0.15927362417365648,-1315513.9381988738
2025-10-03 10:00:00,0.25541657504034987,5.61113668962059e-05,0.15922031429673655,-1297638.569564099
2025-10-03 11:00:00,0.284880172354832,7.808043021752324e-05,0.15916703054392736,-1275456.9491757648
2025-10-03 12:00:00,0.29492965671007654,8.980753832416312e-05,0.15911377294264104,-1225458.80105339
2025-10-03 13:00:00,0.284880172354832,7.511956903999976e-05,0.15906054152027665,-1234685.15926967
2025-10-03 14:00:00,0.2554165750403499,7.155854940027325e-05,0.15900733630421962,-1250503.938405041
2025-10-03 15:00:00,0.20854676023271568,0.00010319986594150229,0.1589541573218418,-1260755.1688928008
2025-10-03 16:00:00,0.14746482835503824,0.0001018085876869098,0.15890100460050166,-1303199.8048592953
2025-10-03 17:00:00,0.07633341212211633,9.3529823686088e-05,0.15884787816754423,-1365374.4285815947
2025-10-03 18:00:00,3.6118466006362295e-17,0.00011498057655224713,0.15879477805030084,-1370547.612610136
2025-10-03 19:00:00,0.0,8.328219818968144e-05,0.15874170427608938,-1323501.2127274529
2025-10-03 20:00:00,0.0,0.00011496210076590768,0.15868865687221426,-1504336.037044929
2025-10-03 21:00:00,0.0,9.058447457436109e-05,0.15863563586596616,-1522070.0310352996
2025-10-03 22:00:00,0.0,0.00011919933738070555,0.15858264128462227,-1416539.056100673
2025-10-03 23:00:00,0.0,0.00011479582915924581,0.15852967315544628,-1548457.1255905963
2025-10-04 00:00:00,0.0,0.00011513326311894041,0.158476731505688,-1540589.0140143926
2025-10-04 01:00:00,0.0,0.0001346916345851928,0.15842381636258382,-1433419.709611941
2025-10-04 02:00:00,0.0,0.00013519357281446823,0.15837092775335654,-1603887.3274555488
2025-10-04 03:00:00,0.0,0.0001516050927882928,0.1583180657052152,-1463036.6147492693
2025-10-04 04:00:00,0.0,0.00013035618350456485,0.15826523024535516,-1415965.6660775929
2025-10-04 05:00:00,0.0,0.00012836766173846196,0.15821242140095818,-1522126.1500599503
2025-10-04 06:00:00,0.0,0.00017342713290810133,0.1581596391991923,-1409908.7127017027
2025-10-04 07:00:00,0.07470433179440164,0.0001676639594377834,0.15810688366721182,-1463549.1748007894
2025-10-04 08:00:00,0.14431768683176022,0.00018026485132609167,0.15805415483215737,-1362275.8107794719
2025-10-04 09:00:00,0.20409603000778836,0.00014118920364778693,0.1580014527211558,-1429380.1368795673
2025-10-04 10:00:00,0.24996556602342263,0.00019914456693124831,0.15794877736132018,-1222671.313505207
2025-10-04 11:00:00,0.27880036180219003,0.0001517903653430393,0.15789612877974996,-1352404.023167906
2025-10-04 12:00:00,0.2886353736635205,0.00014271432393308067,0.15784350700353067,-1185831.4567828001
2025-10-04 13:00:00,0.27880036180219003,0.00019871257116585268,0.1577909120597342,-1219249.8044337386
2025-10-04 14:00:00,0.24996556602342268,0.00020813731484472004,0.1577383439754184,-1364116.3877215497
2025-10-04 15:00:00,0.20409603000778842,0.00020735074222471244,0.15768580277762745,-1233013.3855886327
2025-10-04 16:00:00,0.14431768683176022,0.00020543325813489406,0.15763328849339175,-1338644.939362456
2025-10-04 17:00:00,0.07470433179440172,0.00018335741871963556,0.15758080114972778,-1390777.8624494046
2025-10-04 18:00:00,3.5347638647773066e-17,0.0002648257848702947,0.15752834077363817,-1338557.9344805141
2025-10-04 19:00:00,0.0,0.00017144666061210355,0.15747590739211173,-1497230.8814980492
2025-10-04 20:00:00,0.0,0.00022198569840045954,0.15742350103212321,-1418427.4175466045
2025-10-04 21:00:00,0.0,0.00023247552406023607,0.15737112172063367,-1480558.351725657
2025-10-04 22:00:00,0.0,0.0002924865200610052,0.15731876948459012,-1388156.8152878406
2025-10-04 23:00:00,0.0,0.00023791383107302788,0.15726644435092568,-1456735.2926147121
2025-10-05 00:00:00,0.0,0.0002349445441672966,0.15721414634655959,-1561424.0302666193
2025-10-05 01:00:00,0.0,0.00023784279685511205,0.15716187549839705,-1469010.7195595144
2025-10-05 02:00:00,0.0,0.0002270726844649499,0.1571096318333293,-1462676.641713433
2025-10-05 03:00:00,0.0,0.000323434242238259,0.15705741537823356,-1491134.62420621
2025-10-05 04:00:00,0.0,0.00023217601424701685,0.15700522615997328,-1379796.091972682
2025-10-05 05:00:00,0.0,0.0002712955699463151,0.1569530642053975,-1435626.219306942
2025-10-05 06:00:00,0.0,0.00026500645642979097,0.15690092954134158,-1435474.8696129334
2025-10-05 07:00:00,0.07308187508673841,0.0003650039756985319,0.15684882219462665,-1439905.0701608763
2025-10-05 08:00:00,0.14118334115982453,0.0003752447775246938,0.15679674219205986,-1372053.6603666232
2025-10-05 09:00:00,0.19966339584937148,0.00026847241635171646,0.1567446895604343,-1278626.675688654
2025-10-05 10:00:00,0.2445367200711464,0.00030481929319669095,0.15669266432652898,-1348057.7337348366
2025-10-05 11:00:00,0.2727452709361099,0.00038903915716032115,0.15664066651710876,-1355353.461104659
2025-10-05 12:00:00,0.2823666823196491,0.00035925936288888974,0.15658869615892446,-1331311.8036575099
2025-10-05 13:00:00,0.2727452709361099,0.0002878818563914456,0.15653675327871278,-1248982.22153928
2025-10-05 14:00:00,0.24453672007114646,0.00031117824315895,0.15648483790319614,-1355641.0773441915
2025-10-05 15:00:00,0.1996633958493715,0.0003619149361938033,0.15643295005908295,-1319628.25475906
2025-10-05 16:00:00,0.14118334115982453,0.00040326845283707906,0.1563810897730675,-1290919.1791732009
2025-10-05 17:00:00,0.07308187508673848,0.000386344819493919,0.1563292570718297,-1316128.4060810618
2025-10-05 18:00:00,3.457994536886158e-17,0.0003735399369292135,0.1562774519820355,-1368271.455565192
2025-10-05 19:00:00,0.0,0.0004511291824103124,0.1562256745303365,-1421397.2063276928
2025-10-05 20:00:00,0.0,0.0003220162595960618,0.15617392474337008,-1446598.01729023
2025-10-05 21:00:00,0.0,0.00036691878108609726,0.1561222026477595,-1502229.1166147774
2025-10-05 22:00:00,0.0,0.0004318309236521727,0.15607050827011368,-1421147.4795349184
2025-10-05 23:00:00,0.0,0.00040669590560347334,0.1560188416370273,-1430458.2772325694
2025-10-06 00:00:00,0.0,0.0003969332455910259,0.15596720277508083,-1473063.0368499828
2025-10-06 01:00:00,0.0,0.000474245139637615,0.15591559171084027,-1510160.5325924763
2025-10-06 02:00:00,0.0,0.0004720977546468904,0.1558640084708575,-1415693.8480970045
2025-10-06 03:00:00,0.0,0.0005177751842927302,0.15581245308167002,-1536804.330198076
2025-10-06 04:00:00,0.0,0.0005477795095073717,0.15576092556980103,-1568291.720244746
2025-10-06 05:00:00,0.0,0.0005230369941670855,0.15570942596175935,-1504749.3059935065
2025-10-06 06:00:00,0.0,0.0005695928529687807,0.15565795428403947,-1538686.1816552542
2025-10-06 07:00:00,0.0714665227680646,0.000502667481931465,0.15560651056312153,-1419646.8720588856
2025-10-06 08:00:00,0.13806272011349863,0.0005651719965997713,0.1555550948254712,-1388998.655375726
2025-10-06 09:00:00,0.19525017124263047,0.00048093314064159154,0.15550370709753988,-1345817.0332751058
2025-10-06 10:00:00,0.2391316458677412,0.0005604810868197402,0.15545234740576444,-1292516.0910394662
2025-10-06 11:00:00,0.2667166940106951,0.0005006605296127853,0.1554010157765674,-1309737.1255779702
2025-10-06 12:00:00,0.2761254402269973,0.00047637470958832674,0.1553497122363568,-1199332.7474633867
2025-10-06 13:00:00,0.2667166940106951,0.0006367189949113379,0.15529843681152627,-1166742.7189869266
2025-10-06 14:00:00,0.23913164586774122,0.0006577901826001779,0.15524718952845495,-1252864.2616600883
2025-10-06 15:00:00,0.1952501712426305,0.0005422162582286409,0.15519597041350758,-1285049.193588206
2025-10-06 16:00:00,0.13806272011349863,0.0005968416784909715,0.15514477949303423,-1308168.059869228
2025-10-06 17:00:00,0.07146652276806469,0.0005807803036149447,0.15509361679337066,-1404445.7018587415
2025-10-06 18:00:00,3.3815613653714603e-17,0.0006335028308573133,0.15504248234083806,-1315002.4247937282
2025-10-06 19:00:00,0.0,0.0006782963008577825,0.1549913761617429,-1326442.2418563846
2025-10-06 20:00:00,0.0,0.0006061059249397976,0.1549402982823774,-1470862.3860768261
2025-10-06 21:00:00,0.0,0.0006729487339550344,0.154889248729019,-1433634.6609897106
2025-10-06 22:00:00,0.0,0.0006865053930832799,0.15483822752793064,-1504923.4325202415
2025-10-06 23:00:00,0.0,0.0006429071475140487,0.15478723470536074,-1503403.8593457823
2025-10-07 00:00:00,0.0,0.0005778314108518381,0.15473627028754303,-1357544.4050645544
2025-10-07 01:00:00,0.0,0.0006543574557051489,0.15468533430069664,-1430645.7177596102
2025-10-07 02:00:00,0.0,0.0005862060332940531,0.15463442677102612,-1361829.5612655405
2025-10-07 03:00:00,0.0,0.0008182904219834872,0.15458354772472135,-1489632.312432655
2025-10-07 04:00:00,0.0,0.0006609043523585612,0.15453269718795762,-1627937.7050727354
2025-10-07 05:00:00,0.0,0.0006615806076460116,0.15448187518689535,-1409352.2674818528
2025-10-07 06:00:00,0.0,0.0007116157019198453,0.1544310817476805,-1364196.1208211584
2025-10-07 07:00:00,0.06985875350213437,0.0006554231208309785,0.15438031689644424,-1269310.2509257249
2025-10-07 08:00:00,0.13495674840014696,0.000670659930555094,0.15432958065930308,-1290911.4455666714
2025-10-07 09:00:00,0.19085766392126133,0.0007571701170690441,0.1542788730623587,-1348264.4734889006
2025-10-07 10:00:00,0.23375194505334437,0.0006632301904194733,0.15422819413169822,-1351504.3515277437
2025-10-07 11:00:00,0.2607164174233958,0.0007066732592047355,0.15417754389339391,-1296200.448159851
2025-10-07 12:00:00,0.269913496800294,0.0007226385736637441,0.15412692237350323,-1296928.8800178114
2025-10-07 13:00:00,0.2607164174233958,0.0008546893933157144,0.15407632959806897,-1344134.0743585243
2025-10-07 14:00:00,0.23375194505334437,0.0008871349956192413,0.154025765593119,-1174911.082230696
2025-10-07 15:00:00,0.19085766392126136,0.000780688627539502,0.15397523038466654,-1262247.11218322
2025-10-07 16:00:00,0.13495674840014696,0.0007108812125281685,0.15392472399870993,-1404222.793970379
2025-10-07 17:00:00,0.06985875350213445,0.0009208829151612771,0.15387424646123266,-1356630.7038640594
2025-10-07 18:00:00,3.305486999031494e-17,0.0007707898359239754,0.15382379779820335,-1447061.2758577534
2025-10-07 19:00:00,0.0,0.0010492186461015145,0.15377337803557592,-1469803.8654569713
2025-10-07 20:00:00,0.0,0.000708936907379062,0.1537229871992892,-1435979.068969503
2025-10-07 21:00:00,0.0,0.00096645530104241,0.15367262531526743,-1531394.4257118131
2025-10-07 22:00:00,0.0,0.0010451308799287332,0.15362229240941955,-1446137.4719716613
2025-10-07 23:00:00,0.0,0.0009093915999324514,0.15357198850763998,-1465414.2389819454
2025-10-08 00:00:00,0.0,0.0009033362476894483,0.15352171363580802,-1548422.3539717924
2025-10-08 01:00:00,0.0,0.0009954990221079333,0.15347146781978802,-1499753.4455695031
2025-10-08 02:00:00,0.0,0.000993738198011659,0.15342125108542948,-1454563.4345531939
2025-10-08 03:00:00,0.0,0.000791154115859618,0.1533710634585669,-1638499.65945398
2025-10-08 04:00:00,0.0,0.0011029668797257694,0.1533209049650198,-1510914.227041648
2025-10-08 05:00:00,0.0,0.0010820433028969143,0.15327077563059266,-1536722.4738390564
2025-10-08 06:00:00,0.0,0.0012149002405593661,0.15322067548107507,-1318590.7411568228
2025-10-08 07:00:00,0.06825904370567971,0.000897358818941106,0.15317060454224157,-1363150.8102065919
2025-10-08 08:00:00,0.1318663463862206,0.0010759021817203604,0.15312056283985157,-1334326.749102118
2025-10-08 09:00:00,0.18648717547998156,0.0008595104583633347,0.15307055039964965,-1375599.3053724116
2025-10-08 10:00:00,0.22839921174941075,0.0010915227462415505,0.15302056724736504,-1237966.0165372144
2025-10-08 11:00:00,0.2547462191856613,0.0010343379574391754,0.15297061340871215,-1194705.201128792
2025-10-08 12:00:00,0.26373269277244127,0.0010575403921078924,0.1529206889093902,-1247994.5342168726
2025-10-08 13:00:00,0.2547462191856613,0.0009110106201236208,0.15287079377508334,-1207496.3806795005
2025-10-08 14:00:00,0.22839921174941075,0.0009577873136293755,0.15282092803146066,-1309176.4170879475
2025-10-08 15:00:00,0.1864871754799816,0.0013501547115815076,0.15277109170417605,-1396799.46152757
2025-10-08 16:00:00,0.1318663463862206,0.000996304420022309,0.15272128481886832,-1331320.4092370782
2025-10-08 17:00:00,0.06825904370567978,0.0011128012143076917,0.15267150740116106,-1362020.9643057545
2025-10-08 18:00:00,3.229793980342825e-17,0.001425104714437058,0.15262175947666287,-1454918.4226290875
2025-10-08 19:00:00,0.0,0.0010855301227553793,0.15257204107096695,-1338104.5397864312
2025-10-08 20:00:00,0.0,0.0009308259555486896,0.1525223522096514,-1357189.586687609
2025-10-08 21:00:00,0.0,0.0009435309316179276,0.15247269291827925,-1450073.8411757469
2025-10-08 22:00:00,0.0,0.0015012214502830394,0.15242306322239815,-1488210.8189072225
2025-10-08 23:00:00,0.0,0.0011068016265540926,0.1523734631475406,-1487222.470745444
2025-10-09 00:00:00,0.0,0.0011390200514653772,0.15232389271922395,-1440538.4915309744
2025-10-09 01:00:00,0.0,0.0010220192332735158,0.15227435196295,-1433043.2269130852
2025-10-09 02:00:00,0.0,0.0015539280215584996,0.15222484090420557,-1455365.7370698834
2025-10-09 03:00:00,0.0,0.0011189665306661697,0.15217535956846215,-1411549.1515660705
2025-10-09 04:00:00,0.0,0.0014988366050056902,0.15212590798117587,-1547701.976433956
2025-10-09 05:00:00,0.0,0.00143511874319105,0.15207648616778763,-1451149.8568157305
2025-10-09 06:00:00,0.0,0.001169651610186556,0.1520270941537229,-1384963.8658332636
2025-10-09 07:00:00,0.06666786740723786,0.0013352183050854883,0.15197773196439188,-1411093.9685329138
2025-10-09 08:00:00,0.12879242982453254,0.001323308668052801,0.1519283996251895,-1406082.9105881432
2025-10-09 09:00:00,0.18214000098883903,0.0014358105194286223,0.15187909716149525,-1390481.2930942178
2025-10-09 10:00:00,0.22307503208633958,0.001202802439198101,0.15182982459867325,-1293677.7870388099
2025-10-09 11:00:00,0.24880786839607694,0.0012854697881901041,0.1517805819620723,-1307636.3286199677
2025-10-09 12:00:00,0.25758485964906513,0.0012052752995579705,0.1517313692770257,-1223984.3828031227
2025-10-09 13:00:00,0.24880786839607694,0.0015620969256814941,0.15168218656885146,-1246252.710417968
2025-10-09 14:00:00,0.2230750320863396,0.00177426626219209,0.1516330338628521,-1328931.1521410104
2025-10-09 15:00:00,0.1821400009888391,0.001210220985434231,0.15158391118431466,-1324096.483165711
2025-10-09 16:00:00,0.12879242982453254,0.0017341761134364194,0.15153481855851084,-1361594.9857359012
2025-10-09 17:00:00,0.06666786740723793,0.0016734691714866995,0.15148575601069678,-1379848.4745645623
2025-10-09 18:00:00,3.154504738780478e-17,0.0017929889636008067,0.15143672356611323,-1345320.8349756629
2025-10-09 19:00:00,0.0,0.0017490922599665386,0.15138772124998542,-1327113.3749400894
2025-10-09 20:00:00,0.0,0.0012603758384884976,0.15133874908752307,-1463242.4344499775
2025-10-09 21:00:00,0.0,0.001716327981015373,0.15128980710392037,-1407443.068056591
2025-10-09 22:00:00,0.0,0.001729772473141091,0.151240895324356,-1386598.389910253
2025-10-09 23:00:00,0.0,0.001282077930250534,0.15119201377399322,-1500682.1951351506
2025-10-10 00:00:00,0.0,0.001319492312454092,0.1511431624779795,-1538804.2835902383
2025-10-10 01:00:00,0.0,0.0016754588755865084,0.15109434146144685,-1479936.865854654
2025-10-10 02:00:00,0.0,0.0015939746572315354,0.15104555074951181,-1471305.0850961898
2025-10-10 03:00:00,0.0,0.0016512780385299,0.15099679036727529,-1462651.2782053223
2025-10-10 04:00:00,0.0,0.0017165490140523057,0.1509480603398224,-1492446.4062778451
2025-10-10 05:00:00,0.0,0.002016166301096044,0.15089936069222284,-1392768.3234863074
2025-10-10 06:00:00,0.0,0.0014626528206979734,0.15085069144953067,-1390572.229623641
2025-10-10 07:00:00,0.06508569610668648,0.001680731074629387,0.15080205263678423,-1457152.8028735584
2025-10-10 08:00:00,0.12573590958290065,0.0020437547490137166,0.15075344427900622,-1414129.4296431819
2025-10-10 09:00:00,0.17781742860945532,0.001533601707662272,0.15070486640120373,-1244567.8902019132
2025-10-10 10:00:00,0.21778098373347043,0.0015312140545660827,0.15065631902836815,-1264940.4035457233
2025-10-10 11:00:00,0.2429031247161418,0.001906364938778611,0.1506078021854751,-1292179.8713839226
2025-10-10 12:00:00,0.2514718191658013,0.001842283733296533,0.15055931589748453,-1383073.7167206812
2025-10-10 13:00:00,0.2429031247161418,0.0017742535336181344,0.15051086018934073,-1290992.9012306219
2025-10-10 14:00:00,0.21778098373347046,0.0014560367808676886,0.1504624350859722,-1255657.6112019247
2025-10-10 15:00:00,0.17781742860945532,0.002105337672242994,0.15041404061229177,-1281720.861054813
2025-10-10 16:00:00,0.12573590958290065,0.0019962053899115146,0.15036567679319637,-1344463.1897564507
2025-10-10 17:00:00,0.06508569610668655,0.001555176528761842,0.1503173436535673,-1317113.5314607436
2025-10-10 18:00:00,3.0796415841716066e-17,0.0015844637839629073,0.15026904121827006,-1311716.6783257895
2025-10-10 19:00:00,0.0,0.001815525682114115,0.1502207695121542,-1349866.840658426
2025-10-10 20:00:00,0.0,0.0022949830615353844,0.15017252856005364,-1471752.4654639459
2025-10-10 21:00:00,0.0,0.001664033818926716,0.1501243183867864,-1563221.7753327568
2025-10-10 22:00:00,0.0,0.0017096366881419894,0.1500761390171547,-1427704.6158414318
2025-10-10 23:00:00,0.0,0.0021409266078115077,0.15002799047594484,-1464538.4951099234
2025-10-11 00:00:00,0.0,0.0018185988372818843,0.14997987278792738,-1507003.3578768065
2025-10-11 01:00:00,0.0,0.0016732715871899911,0.14993178597785695,-1513662.6308275713
2025-10-11 02:00:00,0.0,0.00210237527205818,0.1498837300704722,-1476997.5568811125
2025-10-11 03:00:00,0.0,0.0025162977469009367,0.1498357050904961,-1445031.6098210649
2025-10-11 04:00:00,0.0,0.002433264065235729,0.14978771106263541,-1504955.430121597
2025-10-11 05:00:00,0.0,0.002495498345157998,0.1497397480115812,-1402326.0682631324
2025-10-11 06:00:00,0.0,0.0025014965308315534,0.14969181596200862,-1406874.1413614969
2025-10-11 07:00:00,0.0635129986355279,0.002094116276865511,0.14964391493857665,-1352572.920695633
2025-10-11 08:00:00,0.12269769137423747,0.0018761200546729036,0.14959604496592852,-1336606.5134597202
2025-10-11 09:00:00,0.17352073921331498,0.001769239625774408,0.14954820606869138,-1319830.914089549
2025-10-11 10:00:00,0.2125186354315849,0.0027267164427799075,0.1495003982714764,-1340830.5580122608
2025-10-11 11:00:00,0.2370337378488429,0.0018608209484552876,0.14945262159887887,-1256569.1174429066
2025-10-11 12:00:00,0.245395382748475,0.002735135801754667,0.1494048760754779,-1256220.4070058952
2025-10-11 13:00:00,0.2370337378488429,0.002183997565378129,0.14935716172583666,-1392935.9416133305
2025-10-11 14:00:00,0.21251863543158495,0.0020714573085013604,0.1493094785745023,-1267865.3500939717
2025-10-11 15:00:00,0.173520739213315,0.002679882630640949,0.14926182664600582,-1376104.2850509088
2025-10-11 16:00:00,0.12269769137423747,0.0027450580272103914,0.14921420596486223,-1273113.8528319532
2025-10-11 17:00:00,0.06351299863552796,0.002133884916076345,0.14916661655557054,-1383079.0316800834
2025-10-11 18:00:00,3.005226700084595e-17,0.002301661878357686,0.1491190584426135,-1387189.2381117223
2025-10-11 19:00:00,0.0,0.0028267338300185206,0.1490715316504579,-1239903.928085558
2025-10-11 20:00:00,0.0,0.002268186807208175,0.14902403620355434,-1515304.5181083544
2025-10-11 21:00:00,0.0,0.0021501157762313892,0.1489765721263374,-1526082.274842123
2025-10-11 22:00:00,0.0,0.002620685052805272,0.14892913944322533,-1503358.5222627944
2025-10-11 23:00:00,0.0,0.0026978310553885873,0.14888173817862047,-1425760.7560701657
2025-10-12 00:00:00,0.0,0.0027005995949658007,0.14883436835690872,-1384340.5045814984
2025-10-12 01:00:00,0.0,0.0024273101484987747,0.14878703000246005,-1571565.4949202295
2025-10-12 02:00:00,0.0,0.002891296430320043,0.1487397231396281,-1474232.9832022444
2025-10-12 03:00:00,0.0,0.0020553863745658763,0.1486924477927504,-1589199.0035295624
2025-10-12 04:00:00,0.0,0.002271512859205865,0.1486452039861482,-1549393.7886538366
2025-10-12 05:00:00,0.0,0.002607178650341684,0.1485979917441265,-1425227.2520995378
2025-10-12 06:00:00,0.0,0.002357951269912257,0.14855081109097412,-1437389.7952506626
2025-10-12 07:00:00,0.06195024101796451,0.002927506354005179,0.14850366205096366,-1401951.722870038
2025-10-12 08:00:00,0.11967867548816859,0.0021477904798264886,0.14845654464835145,-1416083.172127928
2025-10-12 09:00:00,0.16925120600221652,0.003302971302346318,0.14840945890737736,-1316271.1658181446
2025-10-12 10:00:00,0.207289546528056,0.002766386337204988,0.14836240485226526,-1349118.3293140675
2025-10-12 11:00:00,0.23120144702018108,0.0029571307190267193,0.1483153825072224,-1322125.773854529
2025-10-12 12:00:00,0.2393573509763372,0.003095324343216054,0.14826839189644003,-1328526.7810937485
2025-10-12 13:00:00,0.23120144702018108,0.0031861408314619406,0.1482214330440929,-1235658.2276878953
2025-10-12 14:00:00,0.20728954652805603,0.0029278869734853026,0.14817450597433943,-1278376.3324170425
2025-10-12 15:00:00,0.16925120600221655,0.0028764479963473235,0.14812761071132172,-1370816.0322197303
2025-10-12 16:00:00,0.11967867548816859,0.0028189096431600136,0.14808074727916556,-1236544.8364494317
2025-10-12 17:00:00,0.06195024101796457,0.0023685567539544826,0.14803391570198024,-1411319.3319110414
2025-10-12 18:00:00,2.93128213725561e-17,0.003078169770436458,0.14798711600385872,-1389684.74540102
2025-10-12 19:00:00,0.0,0.003327072631391163,0.1479403482088777,-1340678.52012167
2025-10-12 20:00:00,0.0,0.002320568075610676,0.1478936123410971,-1426126.738223572
2025-10-12 21:00:00,0.0,0.00255892735628009,0.14784690842456086,-1561601.8972740914
2025-10-12 22:00:00,0.0,0.0027158751249026975,0.14780023648329613,-1501802.3347995519
2025-10-12 23:00:00,0.0,0.00312228654171203,0.14775359654131381,-1423345.016552373
2025-10-13 00:00:00,0.0,0.00237764231802372,0.1477069886226083,-1552261.1130584686
2025-10-13 01:00:00,0.0,0.0026924366529824956,0.14766041275115746,-1457067.8837272413
2025-10-13 02:00:00,0.0,0.0030581086467298727,0.14761386895092277,-1437919.0846541603
2025-10-13 03:00:00,0.0,0.0034773658061859262,0.14756735724584905,-1587447.2293443223
2025-10-13 04:00:00,0.0,0.003726036508594888,0.14752087765986485,-1479615.5565052312
2025-10-13 05:00:00,0.0,0.0030780828712368537,0.1474744302168819,-1374323.343708271
2025-10-13 06:00:00,0.0,0.0031639535475014185,0.1474280149407956,-1441802.620498003
2025-10-13 07:00:00,0.06039788633280543,0.002959924528478193,0.14738163185548478,-1421473.8580011087
2025-10-13 08:00:00,0.1166797565242566,0.002481846779374963,0.14733528098481163,-1377425.3476392478
2025-10-13 09:00:00,0.16501009413099432,0.003321766189253965,0.14728896235262184,-1459109.922436927
2025-10-13 10:00:00,0.20209526651477866,0.002807928074892326,0.1472426759827445,-1339566.6797549445
2025-10-13 11:00:00,0.22540798046379978,0.0034039479467097913,0.1471964218989921,-1261109.1035836553
2025-10-13 12:00:00,0.23335951304851327,0.003656812480424962,0.14715020012516045,-1377677.2477928116
2025-10-13 13:00:00,0.22540798046379978,0.003626733856884688,0.1471040106850288,-1313042.2288743327
2025-10-13 14:00:00,0.2020952665147787,0.00287329051669174,0.1470578536023598,-1247811.049664507
2025-10-13 15:00:00,0.16501009413099435,0.0027733369429241038,0.14701172890089947,-1298514.7332935163
2025-10-13 16:00:00,0.1166797565242566,0.002688309789203046,0.146965636604377,-1337858.5933801697
2025-10-13 17:00:00,0.06039788633280549,0.0028302551196294646,0.1469195767365051,-1364750.5184311345
2025-10-13 18:00:00,2.857829807054467e-17,0.0030804343138469592,0.14687354932097973,-1324567.5024487237
2025-10-13 19:00:00,0.0,0.00330996295026424,0.1468275543814801,-1452601.8170461035
2025-10-13 20:00:00,0.0,0.003779911312385116,0.14678159194166876,-1477195.4487716025
2025-10-13 21:00:00,0.0,0.003428030938689847,0.14673566202519162,-1446679.0353272897
2025-10-13 22:00:00,0.0,0.0030422233165326535,0.1466897646556777,-1490478.755985672
2025-10-13 23:00:00,0.0,0.003963261327147828,0.1466438998567394,-1485758.2340832073
2025-10-14 00:00:00,0.0,0.0034265839851436437,0.14659806765197234,-1496836.6365612836
2025-10-14 01:00:00,0.0,0.0044044829283831745,0.14655226806495528,-1485083.9373282597
2025-10-14 02:00:00,0.0,0.004119047597414549,0.1465065011192503,-1520998.9682254381
2025-10-14 03:00:00,0.0,0.0034513875507036942,0.14646076683840262,-1538491.852757912
2025-10-14 04:00:00,0.0,0.0034764813747538187,0.14641506524594078,-1409614.415770308
2025-10-14 05:00:00,0.0,0.0032195963979400146,0.1463693963653763,-1473120.308214234
2025-10-14 06:00:00,0.0,0.0033721242461666003,0.1463237602202041,-1525332.2516877563
2025-10-14 07:00:00,0.058856394576246376,0.0038335662907772803,0.1462781568339021,-1366913.250153597
2025-10-14 08:00:00,0.11370182312691243,0.0039449833984389355,0.14623258622993146,-1418738.7181786138
2025-10-14 09:00:00,0.1607986603326264,0.003457138166444308,0.14618704843173635,-1429905.464613976
2025-10-14 10:00:00,0.19693733456902235,0.003197658555743449,0.14614154346274413,-1279486.1163783101
2025-10-14 11:00:00,0.21965505490887283,0.004197202179176796,0.14609607134636532,-1305319.9881756078
2025-10-14 12:00:00,0.2274036462538249,0.0035352108601535933,0.1460506321059935,-1310622.7245729745
2025-10-14 13:00:00,0.21965505490887283,0.004487449302100448,0.14600522576500535,-1276354.972264725
2025-10-14 14:00:00,0.19693733456902238,0.003125891617342927,0.14595985234676065,-1379592.5286820245
2025-10-14 15:00:00,0.16079866033262644,0.003364038134132098,0.14591451187460205,-1277841.6322971703
2025-10-14 16:00:00,0.11370182312691243,0.0033762884705719406,0.14586920437185555,-1335087.4231912915
2025-10-14 17:00:00,0.05885639457624643,0.003422277733603966,0.14582392986182993,-1431109.3951490407
2025-10-14 18:00:00,2.7848914749918364e-17,0.004654008975959782,0.14577868836781724,-1390678.4645727773
2025-10-14 19:00:00,0.0,0.005006291775887866,0.14573347991309238,-1369504.03740615
2025-10-14 20:00:00,0.0,0.00465405048128624,0.14568830452091316,-1456871.002725747
2025-10-14 21:00:00,0.0,0.0032783013056088025,0.14564316221452064,-1407608.2311962987
2025-10-14 22:00:00,0.0,0.00380842411762259,0.14559805301713866,-1474952.9564382716
2025-10-14 23:00:00,0.0,0.0045710124452452115,0.1455529769519741,-1450944.2034259182
2025-10-15 00:00:00,0.0,0.004029814825741243,0.14550793404221685,-1484514.6958689573
2025-10-15 01:00:00,0.0,0.005003454418648828,0.14546292431103958,-1438119.0877327018
2025-10-15 02:00:00,0.0,0.0035522870971931527,0.14541794778159806,-1548231.005192457
2025-10-15 03:00:00,0.0,0.0036698991536377287,0.14537300447703086,-1524173.5483490983
2025-10-15 04:00:00,0.0,0.004562342832878486,0.14532809442045966,-1493319.0351301047
2025-10-15 05:00:00,0.0,0.003896367823864115,0.14528321763498864,-1503542.390073076
2025-10-15 06:00:00,0.0,0.0047992500298943514,0.14523837414370525,-1463241.3475847992
2025-10-15 07:00:00,0.05732622252556305,0.004768079721600917,0.14519356396967964,-1349217.6157284537
2025-10-15 08:00:00,0.11074575772207096,0.0039823214980929025,0.14514878713596482,-1473660.5994748715
2025-10-15 09:00:00,0.15661815254583766,0.0035837434632493056,0.14510404366559673,-1391601.9227118036
2025-10-15 10:00:00,0.19181727909734023,0.004002457549476255,0.1450593335815941,-1296712.3340724912
2025-10-15 11:00:00,0.21394437507140074,0.005264231699717732,0.14501465690695836,-1286373.825105029
2025-10-15 12:00:00,0.22149151544414195,0.0053371171174259645,0.14497001366467396,-1334618.138151325
2025-10-15 13:00:00,0.21394437507140074,0.004598358683571398,0.14492540387770814,-1299696.4726267385
2025-10-15 14:00:00,0.19181727909734025,0.004983084764398266,0.14488082756901063,-1234978.0144703411
2025-10-15 15:00:00,0.1566181525458377,0.003995540578862592,0.1448362847615143,-1204595.7748397917
2025-10-15 16:00:00,0.11074575772207096,0.005589763209880413,0.14479177547813465,-1370767.4497759042
2025-10-15 17:00:00,0.0573262225255631,0.005591789181508409,0.14474729974176984,-1278606.4724023375
2025-10-15 18:00:00,2.7124887542696497e-17,0.004694770761931622,0.14470285757530083,-1314071.0526762547
2025-10-15 19:00:00,0.0,0.005102899017299337,0.14465844900159144,-1362423.0790219086
2025-10-15 20:00:00,0.0,0.004192964377382818,0.14461407404348803,-1386032.7525242728
2025-10-15 21:00:00,0.0,0.0037471638861082176,0.14456973272381973,-1507342.5909563282
2025-10-15 22:00:00,0.0,0.005642757429577344,0.14452542506539842,-1525737.8802726248
2025-10-15 23:00:00,0.0,0.0059142332365103275,0.14448115109101858,-1503790.8832431687
2025-10-16 00:00:00,0.0,0.005929040696033751,0.14443691082345744,-1531389.6966639762
2025-10-16 01:00:00,0.0,0.005102104707555414,0.14439270428547474,-1551260.6668539993
2025-10-16 02:00:00,0.0,0.004741165517576246,0.14434853149981303,-1536321.5749373299
2025-10-16 03:00:00,0.0,0.005236237871684676,0.14430439248919744,-1579227.288657041
2025-10-16 04:00:00,0.0,0.005264772438938272,0.14426028727633572,-1476673.7728265373
2025-10-16 05:00:00,0.0,0.0044939645666455166,0.1442162158839182,-1490799.2499765218
2025-10-16 06:00:00,0.0,0.004352813743073759,0.1441721783346179,-1414751.1675025786
2025-10-16 07:00:00,0.05580782360375779,0.005323510791135699,0.14412817465109032,-1394054.0248006491
2025-10-16 08:00:00,0.10781243625570863,0.005939590784920794,0.14408420485597362,-1292362.9154017293
2025-10-16 09:00:00,0.15246980954530792,0.005681443240647548,0.1440402689718885,-1300228.5917909066
2025-10-16 10:00:00,0.18673661728266824,0.00561262974166059,0.1439963670214382,-1319229.6825563223
2025-10-16 11:00:00,0.20827763314906575,0.005683346522749921,0.1439524990272085,-1313539.9485829338
2025-10-16 12:00:00,0.2156248725114173,0.004237111288557951,0.14390866501176772,-1231176.0089149463
2025-10-16 13:00:00,0.20827763314906575,0.004731114834750493,0.14386486499766668,-1461097.9317261118
2025-10-16 14:00:00,0.18673661728266827,0.005031400285247429,0.1438210990074388,-1325590.8117479472
2025-10-16 15:00:00,0.15246980954530795,0.0056773234015206385,0.14377736706359986,-1289895.7196377206
2025-10-16 16:00:00,0.10781243625570863,0.005850855775119579,0.14373366918864824,-1404565.2128070444
2025-10-16 17:00:00,0.055807823603757856,0.00636638866833174,0.1436900054050647,-1405057.7327640005
2025-10-16 18:00:00,2.6406430993766326e-17,0.00530714179744494,0.14364637573531258,-1389029.0673476378
2025-10-16 19:00:00,0.0,0.006403569367060823,0.14360278020183748,-1450152.289070829
2025-10-16 20:00:00,0.0,0.005046297502651775,0.1435592188270677,-1368338.976808846
2025-10-16 21:00:00,0.0,0.0046824445663222955,0.14351569163341366,-1463735.5286638725
2025-10-16 22:00:00,0.0,0.005115505835317461,0.1434721986432684,-1499347.3148130837
2025-10-16 23:00:00,0.0,0.005705931146755116,0.14342873987900737,-1446086.1690892372
2025-10-17 00:00:00,0.0,0.006692668864043774,0.14338531536298835,-1564631.2834069903
2025-10-17 01:00:00,0.0,0.006561351864197234,0.14334192511755148,-1519471.4483772288
2025-10-17 02:00:00,0.0,0.005912161750782939,0.1432985691650193,-1506562.5588212635
2025-10-17 03:00:00,0.0,0.005225140895503833,0.14325524752769672,-1526190.9097558083
2025-10-17 04:00:00,0.0,0.006061987015922867,0.143211960227871,-1572575.8026652432
2025-10-17 05:00:00,0.0,0.004808081554299377,0.14316870728781175,-1423146.7162794787
2025-10-17 06:00:00,0.0,0.004882097908535343,0.14312548872977077,-1419394.7220384877
2025-10-17 07:00:00,0.05430164774520091,0.007078751726204823,0.14308230457598237,-1376871.7984994382
2025-10-17 08:00:00,0.10490272793428221,0.005141081610572059,0.14303915484866297,-1380834.7151484771
2025-10-17 09:00:00,0.14835486057459685,0.004812187032949401,0.14299603957001147,-1404281.5728101234
2025-10-17 10:00:00,0.18169685463475177,0.005857723930063071,0.1429529587622089,-1386809.248534192
2025-10-17 11:00:00,0.2026565083197978,0.0048601324782019005,0.14290991244741863,-1214630.0405624844
2025-10-17 12:00:00,0.20980545586856447,0.006199166091374643,0.1428669006477862,-1336518.1199665794
2025-10-17 13:00:00,0.2026565083197978,0.004824456484811492,0.14282392338543956,-1261542.3355287244
2025-10-17 14:00:00,0.18169685463475177,0.005455548739768568,0.14278098068248873,-1325540.731858912
2025-10-17 15:00:00,0.14835486057459688,0.005679100758879794,0.142738072561026,-1473844.4736490247
2025-10-17 16:00:00,0.10490272793428221,0.0050406727276564416,0.14269519904312586,-1325142.458082725
2025-10-17 17:00:00,0.05430164774520098,0.004974281441315786,0.14265236015084506,-1369249.5098859714
2025-10-17 18:00:00,2.5693757997308872e-17,0.005000008466253923,0.14260955590622246,-1589809.8995857213
2025-10-17 19:00:00,0.0,0.005164022891856095,0.14256678633127912,-1416034.8592682518
2025-10-17 20:00:00,0.0,0.007566205027967128,0.1425240514480183,-1460735.3418518584
2025-10-17 21:00:00,0.0,0.0069919157671545435,0.14248135127842537,-1433788.0224014279
2025-10-17 22:00:00,0.0,0.005235934932010472,0.1424386858444679,-1513245.3551203269
2025-10-17 23:00:00,0.0,0.006558538881492513,0.14239605516809545,-1575180.3017187573
2025-10-18 00:00:00,0.0,0.007488041832227538,0.14235345927123988,-1551426.5545139806
2025-10-18 01:00:00,0.0,0.004990241485259949,0.142310898175815,-1540372.070455572
2025-10-18 02:00:00,0.0,0.007684252643275948,0.1422683719037168,-1532654.1211794792
2025-10-18 03:00:00,0.0,0.006890120570566856,0.14222588047682333,-1463590.1346313641
2025-10-18 04:00:00,0.0,0.00553810383139412,0.1421834239169948,-1430331.7043436612
2025-10-18 05:00:00,0.0,0.006715597999212197,0.1421410022460733,-1504538.3633528147
2025-10-18 06:00:00,0.0,0.005783246673631933,0.14209861548588315,-1535634.4355574616
2025-10-18 07:00:00,0.052808141262305215,0.0065497548315321735,0.14205626365823062,-1388200.3869652397
2025-10-18 08:00:00,0.102017494967164,0.007771990437323443,0.14201394678490403,-1394095.886130903
2025-10-18 09:00:00,0.1442745249818923,0.0072457035886963825,0.14197166488767377,-1370712.291831412
2025-10-18 10:00:00,0.1766994845440303,0.006427345608290429,0.14192941798829206,-1329187.7677602067
2025-10-18 11:00:00,0.1970826662441975,0.006895271738899435,0.1418872061084933,-1385178.561106663
2025-10-18 12:00:00,0.20403498993432803,0.007307311845509235,0.1418450292699938,-1263694.3311168218
2025-10-18 13:00:00,0.1970826662441975,0.006586073276490881,0.14180288749449185,-1354783.8383890225
2025-10-18 14:00:00,0.17669948454403034,0.0069418942432927155,0.1417607808036677,-1249711.8135615287
2025-10-18 15:00:00,0.14427452498189233,0.006099626828928496,0.14171870921918353,-1339645.4397991165
2025-10-18 16:00:00,0.102017494967164,0.005984424831711397,0.14167667276268356,-1442816.3619715266
2025-10-18 17:00:00,0.052808141262305264,0.00647061237375743,0.14163467145579378,-1474991.5864448342
2025-10-18 18:00:00,2.4987079733713724e-17,0.008356201327067776,0.14159270532012225,-1331992.9382716888
2025-10-18 19:00:00,0.0,0.006591555696273982,0.14155077437725877,-1538678.5653225833
2025-10-18 20:00:00,0.0,0.006155000450352789,0.14150887864877518,-1382377.6947414186
2025-10-18 21:00:00,0.0,0.00587500415359802,0.14146701815622517,-1402010.2262856099
2025-10-18 22:00:00,0.0,0.00711148025633228,0.14142519292114425,-1535512.912590378
2025-10-18 23:00:00,0.0,0.006165484395622102,0.14138340296504984,-1551690.903869502
2025-10-19 00:00:00,0.0,0.007845184017797742,0.1413416483094412,-1478170.6953158665
2025-10-19 01:00:00,0.0,0.008059843306003024,0.14129992897579943,-1471948.5781212265
2025-10-19 02:00:00,0.0,0.00667252736772784,0.14125824498558742,-1509722.0814416525
2025-10-19 03:00:00,0.0,0.008614599799970084,0.1412165963602499,-1525198.9488166436
2025-10-19 04:00:00,0.0,0.005907118113667177,0.1411749831212135,-1552740.6192955947
2025-10-19 05:00:00,0.0,0.006851085787112883,0.14113340528988652,-1481333.9621126957
2025-10-19 06:00:00,0.0,0.007785934896932952,0.14109186288765901,-1501475.1064494238
2025-10-19 07:00:00,0.0513277467132741,0.008000140016672241,0.14105035593590295,-1492973.4586181068
2025-10-19 08:00:00,0.09915759231115057,0.00650217884943995,0.14100888445597198,-1406746.9398677538
2025-10-19 09:00:00,0.1402300118586913,0.008559224476848273,0.14096744846920153,-1489193.7141226984
2025-10-19 10:00:00,0.17174598783911388,0.007325335982777115,0.14092604799690872,-1409538.1526639098
2025-10-19 11:00:00,0.1915577585719654,0.006194291038318298,0.14088468306039248,-1310224.9615998287
2025-10-19 12:00:00,0.1983151846223012,0.008488569548905731,0.14084335368093334,-1255239.9499919382
2025-10-19 13:00:00,0.1915577585719654,0.006087283499813601,0.1408020598797937,-1347008.8251251278
2025-10-19 14:00:00,0.1717459878391139,0.008502206247078904,0.14076080167821753,-1271397.325426421
2025-10-19 15:00:00,0.14023001185869133,0.00910613200513234,0.14071957909743044,-1400699.5738961122
2025-10-19 16:00:00,0.09915759231115057,0.008363318024062353,0.14067839215863986,-1370733.651030751
2025-10-19 17:00:00,0.05132774671327415,0.00781607640481422,0.14063724088303484,-1333722.428377425
2025-10-19 18:00:00,2.4286605607001754e-17,0.006557694925206667,0.14059612529178597,-1385325.5769688387
2025-10-19 19:00:00,0.0,0.00881944554805697,0.1405550454060457,-1325812.0971232841
2025-10-19 20:00:00,0.0,0.009533962816317543,0.14051400124694788,-1490297.1861024005
2025-10-19 21:00:00,0.0,0.007780595635033663,0.14047299283560813,-1517163.0963178638
2025-10-19 22:00:00,0.0,0.008214837378143009,0.14043202019312362,-1511926.1873475027
2025-10-19 23:00:00,0.0,0.007389050513500267,0.14039108334057318,-1496721.4522339834
2025-10-20 00:00:00,0.0,0.009235347436822089,0.14035018229901708,-1482419.6373448833
2025-10-20 01:00:00,0.0,0.007056474000267599,0.14030931708949732,-1629426.9060211817
2025-10-20 02:00:00,0.0,0.007930452690492083,0.14026848773303738,-1555876.5268157863
2025-10-20 03:00:00,0.0,0.008753482948601884,0.14022769425064244,-1452734.552142845
2025-10-20 04:00:00,0.0,0.00816759605408744,0.14018693666329893,-1488004.5561096952
2025-10-20 05:00:00,0.0,0.007948355792185599,0.1401462149919751,-1486977.8105971443
2025-10-20 06:00:00,0.0,0.009178769874832963,0.1401055292576206,-1496439.194432558
2025-10-20 07:00:00,0.04986090277096195,0.009706643232685287,0.1400648794811666,-1439138.092045495
2025-10-20 08:00:00,0.09632386741712062,0.007088308070403586,0.1400242656835258,-1328631.5980247345
2025-10-20 09:00:00,0.13622251968151988,0.008497385131104583,0.13998368788559234,-1367301.9024582866
2025-10-20 10:00:00,0.16683783234798127,0.006962149520742958,0.13994314610824193,-1414633.7968666828
2025-10-20 11:00:00,0.18608342245248186,0.009194933535460954,0.1399026403723316,-1263218.8834359625
2025-10-20 12:00:00,0.1926477348342413,0.007129311233751289,0.13986217069869997,-1448939.901773602
2025-10-20 13:00:00,0.18608342245248186,0.007586651142391132,0.13982173710816706,-1279037.8902502842
2025-10-20 14:00:00,0.1668378323479813,0.009595691937232517,0.13978133962153433,-1316655.084473971
2025-10-20 15:00:00,0.1362225196815199,0.006999653172912136,0.13974097825958468,-1257569.918014717
2025-10-20 16:00:00,0.09632386741712062,0.008423210910090653,0.13970065304308235,-1327862.5705383958
2025-10-20 17:00:00,0.049860902770962,0.008604367989823246,0.13966036399277312,-1362129.5639154324
2025-10-20 18:00:00,2.3592543182774166e-17,0.00939459807637682,0.13962011112938408,-1345645.243782116
2025-10-20 19:00:00,0.0,0.006725531006955327,0.1395798944736237,-1363023.457220945
2025-10-20 20:00:00,0.0,0.010360971529996314,0.13953971404618182,-1481935.1498318044
2025-10-20 21:00:00,0.0,0.006905931667951861,0.13949956986772966,-1496607.6562262787
2025-10-20 22:00:00,0.0,0.008992339011512147,0.13945946195891976,-1531965.9641937998
2025-10-20 23:00:00,0.0,0.007677022492963146,0.1394193903403861,-1420760.0919579966
2025-10-21 00:00:00,0.0,0.010081485340577357,0.1393793550327439,-1598867.099541289
2025-10-21 01:00:00,0.0,0.009259540466896553,0.1393393560565897,-1637433.3257182732
2025-10-21 02:00:00,0.0,0.009067164269464906,0.13929939343250133,-1526561.5501652209
2025-10-21 03:00:00,0.0,0.008454551946060145,0.13925946718103807,-1631236.8895338392
2025-10-21 04:00:00,0.0,0.009173207153631598,0.13921957732274032,-1580211.0438450193
2025-10-21 05:00:00,0.0,0.00842183455875918,0.1391797238781297,-1528720.6359629775
2025-10-21 06:00:00,0.0,0.008886633693963586,0.13913990686770944,-1460622.9022156699
2025-10-21 07:00:00,0.048408044092885974,0.01062097530664773,0.13910012631196356,-1483505.7212422604
2025-10-21 08:00:00,0.09351715997891707,0.009315543713119686,0.13906038223135767,-1346676.804748802
2025-10-21 09:00:00,0.13225323595679894,0.010812523084823103,0.13902067464633847,-1385894.6853398243
2025-10-21 10:00:00,0.1619764724630312,0.008220193623657964,0.13898100357733395,-1448516.4142439454
2025-10-21 11:00:00,0.18066128004968496,0.007593201584087353,0.13894136904475327,-1324418.6810957845
2025-10-21 12:00:00,0.18703431995783415,0.00797493579950565,0.13890177106898685,-1359429.551576493
2025-10-21 13:00:00,0.18066128004968496,0.010387406362487311,0.1388622096704062,-1367380.056052891
2025-10-21 14:00:00,0.16197647246303123,0.008506883099113816,0.13882268486936414,-1385751.4107639177
2025-10-21 15:00:00,0.13225323595679897,0.010221699752597648,0.1387831966861945,-1323484.0894093653
2025-10-21 16:00:00,0.09351715997891707,0.01015188778627524,0.13874374514121238,-1282277.7075033535
2025-10-21 17:00:00,0.04840804409288602,0.01054258842357288,0.13870433025471407,-1407527.1968363416
2025-10-21 18:00:00,2.2905098126706353e-17,0.009228449310144462,0.13866495204697696,-1429405.0849995168
2025-10-21 19:00:00,0.0,0.009072874158876702,0.1386256105382595,-1527670.9740771574
2025-10-21 20:00:00,0.0,0.010953996653411003,0.13858630574880132,-1401583.9099292196
2025-10-21 21:00:00,0.0,0.010919445406814,0.1385470376988232,-1427263.9551967
2025-10-21 22:00:00,0.0,0.009530693832424188,0.13850780640852697,-1548944.392895189
2025-10-21 23:00:00,0.0,0.008783736862373106,0.13846861189809556,-1557755.2599972829
2025-10-22 00:00:00,0.0,0.010967607257416256,0.13842945418769292,-1533802.925955055
2025-10-22 01:00:00,0.0,0.008852398668993589,0.13839033329746414,-1551655.2787540988
2025-10-22 02:00:00,0.0,0.010722623192191614,0.13835124924753536,-1536280.385476899
2025-10-22 03:00:00,0.0,0.011400408781072789,0.13831220205801378,-1564429.4229720726
2025-10-22 04:00:00,0.0,0.008473500662922446,0.13827319174898758,-1557355.533768258
2025-10-22 05:00:00,0.0,0.01034059438714078,0.13823421834052602,-1431459.3922402475
2025-10-22 06:00:00,0.0,0.009019896435788932,0.13819528185267932,-1456477.3001477201
2025-10-22 07:00:00,0.04696960119242778,0.008278920230560663,0.13815638230547875,-1472462.650608449
2025-10-22 08:00:00,0.09073830168452762,0.009364678235608437,0.13811751971893665,-1468317.8805242714
2025-10-22 09:00:00,0.1283233368689604,0.008406850436422732,0.13807869411304613,-1323668.0703808214
2025-10-22 10:00:00,0.1571633487101145,0.009590699881141727,0.13803990550778156,-1413076.307878237
2025-10-22 11:00:00,0.17529293806138824,0.010045707978404095,0.13800115392309792,-1247175.6968356937
2025-10-22 12:00:00,0.18147660336905527,0.01109363580559484,0.13796243937893146,-1324582.3939395174
2025-10-22 13:00:00,0.17529293806138824,0.010634621062914077,0.13792376189519928,-1264971.3201326611
2025-10-22 14:00:00,0.15716334871011453,0.011613705501245498,0.13788512149179935,-1394947.3765694443
2025-10-22 15:00:00,0.12832333686896044,0.009324795309833824,0.13784651818861063,-1239713.064485344
2025-10-22 16:00:00,0.09073830168452762,0.01195997135536268,0.13780795200549295,-1262362.3935594736
2025-10-22 17:00:00,0.04696960119242784,0.010440780392879002,0.13776942296228709,-1295727.0549184773
2025-10-22 18:00:00,2.2224474143604733e-17,0.010225359097089753,0.1377309310788147,-1404050.488829083
2025-10-22 19:00:00,0.0,0.012747631048333161,0.1376924763748783,-1353777.1121585276
2025-10-22 20:00:00,0.0,0.011430455230730205,0.13765405887026128,-1555263.6001543382
2025-10-22 21:00:00,0.0,0.013063390462762274,0.13761567858472787,-1507591.8212289202
2025-10-22 22:00:00,0.0,0.012669742125826508,0.13757733553802323,-1528325.714059263
2025-10-22 23:00:00,0.0,0.0101207171360333,0.13753902974987334,-1584131.5806118343
2025-10-23 00:00:00,0.0,0.01088923299869524,0.13750076123998495,-1558797.3249800836
2025-10-23 01:00:00,0.0,0.010850858493877272,0.1374625300280457,-1579420.224209
2025-10-23 02:00:00,0.0,0.010655911883445671,0.13742433613372398,-1524056.056843026
2025-10-23 03:00:00,0.0,0.01162369459704938,0.13738617957666907,-1524590.5204543795
2025-10-23 04:00:00,0.0,0.013228212310896114,0.13734806037651098,-1521732.2462717048
2025-10-23 05:00:00,0.0,0.012955769355234436,0.13730997855286045,-1511046.620461442
2025-10-23 06:00:00,0.0,0.012498883199403817,0.13727193412530908,-1470449.5340877334
2025-10-23 07:00:00,0.04554600031126285,0.00938773071174981,0.13723392711342922,-1511887.8488576347
2025-10-23 08:00:00,0.08798811596963746,0.0095140836603767,0.13719595753677394,-1443205.2748835161
2025-10-23 09:00:00,0.12443398693191801,0.013446139975284826,0.13715802541487704,-1416553.4308577199
2025-10-23 10:00:00,0.15239988732167462,0.009520701048139806,0.1371201307672531,-1333420.9200409402
2025-10-23 11:00:00,0.1699799872431809,0.013179982720283707,0.13708227361339745,-1351984.1127733728
2025-10-23 12:00:00,0.17597623193927495,0.013615303297059378,0.13704445397278597,-1238914.9734848905
2025-10-23 13:00:00,0.1699799872431809,0.008844432463547465,0.1370066718648754,-1360848.4765129215
2025-10-23 14:00:00,0.15239988732167462,0.010659814045532331,0.13696892730910312,-1412499.8344379156
2025-10-23 15:00:00,0.12443398693191804,0.01176591103192616,0.13693122032488722,-1312639.825652205
2025-10-23 16:00:00,0.08798811596963746,0.01325468434626791,0.13689355093162636,-1442562.911571108
2025-10-23 17:00:00,0.04554600031126291,0.011791685676016756,0.13685591914869996,-1332089.0363502882
2025-10-23 18:00:00,2.1550872917044528e-17,0.012679422570264168,0.13681832499546806,-1332202.6675277867
2025-10-23 19:00:00,0.0,0.012898789935134759,0.13678076849127138,-1419062.9222188739
2025-10-23 20:00:00,0.0,0.010889187758011195,0.1367432496554312,-1421251.6534870048
2025-10-23 21:00:00,0.0,0.012304314812739314,0.13670576850724944,-1509157.490488838
2025-10-23 22:00:00,0.0,0.009406326556688018,0.13666832506600868,-1530495.2659018703
2025-10-23 23:00:00,0.0,0.014095438482969963,0.13663091935097205,-1624043.8695473378
2025-10-24 00:00:00,0.0,0.009791217227604808,0.13659355138138335,-1562151.2275314042
2025-10-24 01:00:00,0.0,0.013393889887883599,0.13655622117646682,-1570397.6507109362
2025-10-24 02:00:00,0.0,0.00999562620932324,0.13651892875542734,-1535201.4175803543
2025-10-24 03:00:00,0.0,0.012912895299800674,0.1364816741374504,-1515086.755798296
2025-10-24 04:00:00,0.0,0.009934010119627478,0.13644445734170205,-1521175.464281931
2025-10-24 05:00:00,0.0,0.01153870973531679,0.1364072783873288,-1501190.8637477465
2025-10-24 06:00:00,0.0,0.011202602390609166,0.1363701372934577,-1438309.9883496317
2025-10-24 07:00:00,0.04413766329305617,0.010958475249791884,0.1363330340791964,-1373397.7767877798
2025-10-24 08:00:00,0.08526741777362791,0.01443218663738893,0.13629596876363298,-1391662.6127863259
2025-10-24 09:00:00,0.1205863386439973,0.00992394436654361,0.1362589413658361,-1288469.0487702093
2025-10-24 10:00:00,0.14768749981412507,0.013150685182498694,0.13622195190485484,-1368021.97713987
2025-10-24 11:00:00,0.1647240019370535,0.009887367046785764,0.13618500039971876,-1343711.5650477118
2025-10-24 12:00:00,0.17053483554725585,0.013941803945104806,0.13614808686943797,-1390926.3860096657
2025-10-24 13:00:00,0.1647240019370535,0.015042695714622157,0.136111211333003,-1271914.2244673616
2025-10-24 14:00:00,0.1476874998141251,0.010746234718096218,0.13607437380938486,-1292869.1158346045
2025-10-24 15:00:00,0.12058633864399732,0.013433382448054495,0.1360375743175349,-1383880.5641987096
2025-10-24 16:00:00,0.08526741777362791,0.010433086611023178,0.13600081287638505,-1220214.3021451682
2025-10-24 17:00:00,0.04413766329305622,0.011436373060172991,0.13596408950484756,-1400045.3586143628
2025-10-24 18:00:00,2.0884494049606714e-17,0.0113695801662057,0.13592740422181515,-1474291.966940999
2025-10-24 19:00:00,0.0,0.011780993044861727,0.13589075704616096,-1406786.3718169418
2025-10-24 20:00:00,0.0,0.01101547355531185,0.13585414799673842,-1432511.996674681
2025-10-24 21:00:00,0.0,0.012087294022711144,0.13581757709238143,-1458614.7825372678
2025-10-24 22:00:00,0.0,0.015174406164895916,0.13578104435190425,-1489615.0179166256
2025-10-24 23:00:00,0.0,0.011879184832420344,0.13574454979410158,-1567777.9130003871
2025-10-25 00:00:00,0.0,0.013368439681703136,0.1357080934377483,-1548883.2193075786
2025-10-25 01:00:00,0.0,0.010097216348366921,0.13567167530159985,-1541015.4446015984
2025-10-25 02:00:00,0.0,0.010997923662731536,0.13563529540439181,-1517604.5151491861
2025-10-25 03:00:00,0.0,0.011955809419718648,0.1355989537648402,-1559478.3982972654
2025-10-25 04:00:00,0.0,0.011904403215211266,0.13556265040164145,-1501023.5957648098
2025-10-25 05:00:00,0.0,0.013987979072061153,0.135526385333472,-1515728.0964506834
2025-10-25 06:00:00,0.0,0.012811628097590183,0.13549015857898886,-1528800.1164829738
2025-10-25 07:00:00,0.04274500745846059,0.01234320924190074,0.13545397015682925,-1485499.0561403066
2025-10-25 08:00:00,0.08257701329809186,0.012005454505386003,0.13541782008561065,-1473504.7227871662
2025-10-25 09:00:00,0.11678153214642494,0.016228173376284516,0.13538170838393082,-1337837.2793255236
2025-10-25 10:00:00,0.14302758256958595,0.014718074134561363,0.13534563507036776,-1382678.8705973178
2025-10-25 11:00:00,0.15952653960488555,0.012454295832602694,0.1353096001634798,-1216686.4046431023
2025-10-25 12:00:00,0.16515402659618372,0.01471280541893958,0.13527360368180538,-1305206.26723736
2025-10-25 13:00:00,0.15952653960488555,0.012253452433456543,0.13523764564386334,-1340979.918423973
2025-10-25 14:00:00,0.14302758256958595,0.015942107920963258,0.13520172606815253,-1303498.8728407691
2025-10-25 15:00:00,0.11678153214642495,0.014512025316288127,0.1351658449731522,-1357902.2933772705
2025-10-25 16:00:00,0.08257701329809186,0.015907786364873052,0.13513000237732173,-1428388.064924853
2025-10-25 17:00:00,0.04274500745846063,0.011658762204375357,0.13509419829910074,-1421602.352199785
2025-10-25 18:00:00,2.0225535003731325e-17,0.013905008609621829,0.1350584327569089,-1446781.44709187
2025-10-25 19:00:00,0.0,0.012587902720503414,0.13502270576914618,-1357996.1675493044
2025-10-25 20:00:00,0.0,0.010925984365879746,0.1349870173541927,-1511678.6006175478
2025-10-25 21:00:00,0.0,0.014093690545559007,0.1349513675304087,-1478103.099325061
2025-10-25 22:00:00,0.0,0.012505381631091337,0.1349157563161346,-1548213.9523510365
2025-10-25 23:00:00,0.0,0.014342178298108636,0.1348801837296909,-1614256.062652365
2025-10-26 00:00:00,0.0,0.014679641772239502,0.13484464978937838,-1564655.856999215
2025-10-26 01:00:00,0.0,0.01598417606376285,0.13480915451347766,-1522166.0755429142
2025-10-26 02:00:00,0.0,0.012897285343000008,0.13477369792024976,-1551621.1540286825
2025-10-26 03:00:00,0.0,0.01467154425561235,0.13473828002793564,-1513852.8472018442
2025-10-26 04:00:00,0.0,0.012178765094623881,0.13470290085475636,-1640644.3778220338
2025-10-26 05:00:00,0.0,0.012569332214090593,0.13466756041891312,-1601450.4584071252
2025-10-26 06:00:00,0.0,0.01351732506649782,0.13463225873858714,-1517566.3999063685
2025-10-26 07:00:00,0.04136844548145588,0.014467012911428158,0.13459699583193974,-1379992.2567479974
2025-10-26 08:00:00,0.0799176997679391,0.015377366796875899,0.1345617717171122,-1396789.6115966323
2025-10-26 09:00:00,0.11302069488548062,0.01350316870615624,0.13452658641222603,-1439221.4032061847
2025-10-26 10:00:00,0.13842151642210598,0.01536510135732826,0.13449143993538257,-1380699.8495466274
2025-10-26 11:00:00,0.15438914036693652,0.016367576114160183,0.13445633230466328,-1383844.389002712
2025-10-26 12:00:00,0.15983539953587822,0.014439252753202413,0.1344212635381296,-1344605.2247753246
2025-10-26 13:00:00,0.15438914036693652,0.014742110391151848,0.1343862336538231,-1291950.1320061563
2025-10-26 14:00:00,0.138421516422106,0.011383398464857844,0.13435124266976517,-1246762.8525991414
2025-10-26 15:00:00,0.11302069488548064,0.015100181415203704,0.1343162906039573,-1247939.5484676007
2025-10-26 16:00:00,0.0799176997679391,0.013658624932356823,0.13428137747438093,-1378432.7280974581
2025-10-26 17:00:00,0.04136844548145593,0.012254250478142058,0.13424650329899743,-1428777.514750162
2025-10-26 18:00:00,1.9574191043205158e-17,0.014329358585326442,0.13421166809574822,-1443101.2577542202
2025-10-26 19:00:00,0.0,0.016438886139000526,0.13417687188255456,-1512933.9812342909
2025-10-26 20:00:00,0.0,0.017099806276790447,0.13414211467731774,-1617143.4006618487
2025-10-26 21:00:00,0.0,0.015990335205606027,0.1341073964979189,-1549655.0879114496
2025-10-26 22:00:00,0.0,0.016647568227074062,0.13407271736221918,-1584642.8283523817
2025-10-26 23:00:00,0.0,0.012845617056940092,0.13403807728805958,-1610278.2417660123
2025-10-27 00:00:00,0.0,0.013887873127104546,0.1340034762932611,-1619019.9874677628
2025-10-27 01:00:00,0.0,0.013238020316297554,0.1339689143956245,-1566916.486213047
2025-10-27 02:00:00,0.0,0.01500403576592107,0.1339343916129305,-1573719.5009327347
2025-10-27 03:00:00,0.0,0.01846397673908633,0.13389990796293968,-1482689.6284643114
2025-10-27 04:00:00,0.0,0.018328674483507428,0.1338654634633925,-1525356.3841411958
2025-10-27 05:00:00,0.0,0.017586849156909667,0.13383105813200935,-1545897.5010498713
2025-10-27 06:00:00,0.0,0.014858599565096572,0.13379669198649027,-1468282.659547228
2025-10-27 07:00:00,0.04000838526706449,0.015626659726166045,0.13376236504451533,-1391608.8754003234
2025-10-27 08:00:00,0.0772902651951613,0.012018328658260441,0.13372807732374434,-1488893.2801537008
2025-10-27 09:00:00,0.10930494127841031,0.01656675867126015,0.13369382884181696,-1361013.2589540537
2025-10-27 10:00:00,0.1338706662484918,0.017523167107919114,0.13365961961635264,-1399249.8677933193
2025-10-27 11:00:00,0.1493133265454748,0.01736460123276916,0.1336254496649507,-1387784.5417531685
2025-10-27 12:00:00,0.1545805303903226,0.016606427204291254,0.1335913190051902,-1235739.9473271584
2025-10-27 13:00:00,0.1493133265454748,0.016611775619432168,0.13355722765463,-1451126.758467297
2025-10-27 14:00:00,0.13387066624849184,0.015259730893904717,0.1335231756308087,-1402624.4582570577
2025-10-27 15:00:00,0.10930494127841031,0.01911627099962073,0.13348916295124472,-1383002.5125646896
2025-10-27 16:00:00,0.0772902651951613,0.013878954820920232,0.1334551896334362,-1421913.6904347485
2025-10-27 17:00:00,0.04000838526706453,0.01607405645426337,0.13342125569486105,-1430388.756558629
2025-10-27 18:00:00,1.8930655175300873e-17,0.01726110711828364,0.13338736115297692,-1426221.5893824438
2025-10-27 19:00:00,0.0,0.013230333931051483,0.13335350602522122,-1381271.043854951
2025-10-27 20:00:00,0.0,0.01793201174593988,0.13331969032901106,-1443737.954473104
2025-10-27 21:00:00,0.0,0.016438134068841884,0.1332859140817432,-1461189.813610547
2025-10-27 22:00:00,0.0,0.014858191274930694,0.13325217730079425,-1552153.998265219
2025-10-27 23:00:00,0.0,0.016931911178810027,0.13321848000352035,-1493081.1685520601
2025-10-28 00:00:00,0.0,0.0184917462125256,0.13318482220725747,-1541432.1051828053
2025-10-28 01:00:00,0.0,0.013996941850088224,0.13315120392932112,-1696844.3235034787
2025-10-28 02:00:00,0.0,0.019625965923183577,0.13311762518700662,-1620343.0684128737
2025-10-28 03:00:00,0.0,0.016685805600472062,0.13308408599758884,-1652405.0022660561
2025-10-28 04:00:00,0.0,0.0181713481401459,0.13305058637832237,-1498464.1753643395
2025-10-28 05:00:00,0.0,0.01758925570806151,0.13301712634644144,-1509692.9108212492
2025-10-28 06:00:00,0.0,0.016327747964231313,0.13298370591915987,-1489169.4549278684
2025-10-28 07:00:00,0.038665229830480416,0.015769869966796645,0.13295032511367114,-1383792.3029682853
2025-10-28 08:00:00,0.07469548814532705,0.02050112271633919,0.1329169839471483,-1530786.2778888124
2025-10-28 09:00:00,0.10563537238320025,0.01938464848059858,0.13288368243674414,-1320515.5638492543
2025-10-28 10:00:00,0.12937638056386522,0.013531483387245684,0.13285042059959082,-1409143.986320449
2025-10-28 11:00:00,0.1443006022136807,0.019311276069981398,0.13281719845280027,-1363183.581773871
2025-10-28 12:00:00,0.14939097629065412,0.013073625669330463,0.13278401601346398,-1347582.879168125
2025-10-28 13:00:00,0.1443006022136807,0.015382114486698673,0.13275087329865298,-1304756.090921847
2025-10-28 14:00:00,0.12937638056386525,0.015320056815291678,0.13271777032541784,-1302151.933716888
2025-10-28 15:00:00,0.10563537238320028,0.016744872570314682,0.13268470711078872,-1386674.290068424
2025-10-28 16:00:00,0.07469548814532705,0.01853754985212477,0.13265168367177535,-1356025.9572382527
2025-10-28 17:00:00,0.03866522983048046,0.018130395645393774,0.1326187000253669,-1364683.2841530712
2025-10-28 18:00:00,1.829511809358477e-17,0.019807395340936555,0.13258575618853222,-1470582.0570925423
2025-10-28 19:00:00,0.0,0.019713178776162323,0.1325528521782195,-1499418.3163928366
2025-10-28 20:00:00,0.0,0.013828096478703191,0.1325199880113566,-1466068.6083753426
2025-10-28 21:00:00,0.0,0.017059766024041172,0.13248716370485075,-1475971.5736997523
2025-10-28 22:00:00,0.0,0.015759700184450047,0.13245437927558878,-1483607.6541908043
2025-10-28 23:00:00,0.0,0.014388223686894663,0.13242163474043697,-1557496.9093353138
2025-10-29 00:00:00,0.0,0.019125769560356207,0.1323889301162411,-1572831.5612953675
2025-10-29 01:00:00,0.0,0.014093237443677294,0.13235626541982634,-1499461.058234526
2025-10-29 02:00:00,0.0,0.021123262658135324,0.13232364066799734,-1537610.174065582
2025-10-29 03:00:00,0.0,0.014845509972394668,0.13229105587753826,-1543341.3062546717
2025-10-29 04:00:00,0.0,0.01726815794573288,0.13225851106521266,-1466902.1507920506
2025-10-29 05:00:00,0.0,0.014851262702541519,0.1322260062477636,-1519675.012678327
2025-10-29 06:00:00,0.0,0.01639341340705876,0.1321935414419134,-1531674.8575928598
2025-10-29 07:00:00,0.0373393771776472,0.01796149905481935,0.13216111666436395,-1610975.4909763578
2025-10-29 08:00:00,0.0721341375068761,0.014411820337649515,0.1321287319317965,-1374726.1011940693
2025-10-29 09:00:00,0.10201307557230994,0.020053361461948905,0.13209638726087167,-1467696.3972745677
2025-10-29 10:00:00,0.12493999112206922,0.017128156321889167,0.13206408266822955,-1302809.7660499841
2025-10-29 11:00:00,0.13935245274995717,0.020867895482794677,0.1320318181704895,-1368189.3637900276
2025-10-29 12:00:00,0.14426827501375222,0.02031337867819989,0.13199959378425036,-1477016.1079176317
2025-10-29 13:00:00,0.13935245274995717,0.018996852408135697,0.13196740952609023,-1381959.1066398674
2025-10-29 14:00:00,0.12493999112206922,0.021625308270934986,0.1319352654125667,-1316076.5783189877
2025-10-29 15:00:00,0.10201307557230996,0.017542580561090326,0.13190316146021655,-1317533.2651743516
2025-10-29 16:00:00,0.0721341375068761,0.02023894589460895,0.13187109768555594,-1254802.912361746
2025-10-29 17:00:00,0.03733937717764724,0.021312648802297687,0.1318390741050805,-1417435.5456070863
2025-10-29 18:00:00,1.7667768121410175e-17,0.015078667011678423,0.131807090735265,-1370792.5015284007
2025-10-29 19:00:00,0.0,0.020621121364124334,0.13177514759256367,-1445728.2981837997
2025-10-29 20:00:00,0.0,0.015518224386709644,0.13174324469340992,-1499747.31016225
2025-10-29 21:00:00,0.0,0.020591202370212284,0.1317113820542165,-1528137.214194487
2025-10-29 22:00:00,0.0,0.015363187925231173,0.13167955969137554,-1604711.3796701438
2025-10-29 23:00:00,0.0,0.02241832648762465,0.13164777762125832,-1508560.4940859783
2025-10-30 00:00:00,0.0,0.015324398165942416,0.1316160358602154,-1552043.155627894
2025-10-30 01:00:00,0.0,0.021147697553750656,0.13158433442457668,-1563235.0068894068
2025-10-30 02:00:00,0.0,0.02277587610657045,0.13155267333065127,-1618394.7523010897
2025-10-30 03:00:00,0.0,0.015465605801487843,0.13152105259472752,-1607643.0236968934
2025-10-30 04:00:00,0.0,0.022220521062523833,0.1314894722330731,-1565597.7977534463
2025-10-30 05:00:00,0.0,0.020980212521099505,0.13145793226193475,-1466550.8635861683
2025-10-30 06:00:00,0.0,0.02039083073593098,0.13142643269753856,-1583605.0413776508
2025-10-30 07:00:00,0.03603122018732009,0.020367003565603954,0.13139497355608976,-1499131.4333074263
2025-10-30 08:00:00,0.06960697226328103,0.01710039487499294,0.13136355485377288,-1497084.9408162036
2025-10-30 09:00:00,0.09843912421045989,0.022721227892879906,0.13133217660675153,-1396601.0502793933
2025-10-30 10:00:00,0.12056281252104034,0.022995974940199802,0.13130083883116858,-1341022.9151324676
2025-10-30 11:00:00,0.13447034439778,0.018996675993965848,0.13126954154314605,-1422348.1434172927
2025-10-30 12:00:00,0.13921394452656205,0.019367170075681176,0.13123828475878513,-1351390.4217692437
2025-10-30 13:00:00,0.13447034439778,0.015584210413633703,0.1312070684941662,-1385814.6966311987
2025-10-30 14:00:00,0.12056281252104037,0.023263737385079128,0.13117589276534874,-1279187.9110519895
2025-10-30 15:00:00,0.0984391242104599,0.018043288184320567,0.13114475758837146,-1383003.078215482
2025-10-30 16:00:00,0.06960697226328103,0.023010139579034822,0.13111366297925212,-1363039.9166888176
2025-10-30 17:00:00,0.03603122018732013,0.019178398914647524,0.13108260895398766,-1419268.2054432177
2025-10-30 18:00:00,1.7048791156113143e-17,0.021338882240009963,0.13105159552855417,-1362380.231420844
2025-10-30 19:00:00,0.0,0.01915018499382514,0.1310206227189068,-1450554.0758541143
2025-10-30 20:00:00,0.0,0.019586861733378015,0.13098969054097975,-1379750.5574551846
2025-10-30 21:00:00,0.0,0.02164106969147509,0.13095879901068644,-1488631.011953986
2025-10-30 22:00:00,0.0,0.022613875167878893,0.13092794814391928,-1490025.7364838882
2025-10-30 23:00:00,0.0,0.022436663319722782,0.1308971379565499,-1497564.751074486
2025-10-31 00:00:00,0.0,0.023238942589498393,0.13086636846442878,-1555407.9400026635
2025-10-31 01:00:00,0.0,0.021821998415392254,0.13083563968338566,-1664555.2518367362
2025-10-31 02:00:00,0.0,0.021862053379473067,0.13080495162922928,-1606100.353784479
2025-10-31 03:00:00,0.0,0.020978370754145652,0.13077430431774736,-1604591.2427988013
2025-10-31 04:00:00,0.0,0.017573821298430593,0.13074369776470682,-1463493.20939525
2025-10-31 05:00:00,0.0,0.016290782128933916,0.13071313198585335,-1488072.6669643803
2025-10-31 06:00:00,0.0,0.023183294958403024,0.13068260699691195,-1535849.783432777
2025-10-31 07:00:00,0.03474114649464771,0.0187676798301859,0.13065212281358637,-1509651.1279425342
2025-10-31 08:00:00,0.06711474126814432,0.023278566075329372,0.1306216794515596,-1614923.9848293168
2025-10-31 09:00:00,0.09491457733657094,0.01795698968980861,0.1305912769264935,-1506011.4516220863
2025-10-31 10:00:00,0.11624614181326563,0.01662105844603548,0.1305609152540289,-1362181.9069109096
2025-10-31 11:00:00,0.12965572383121868,0.021967077951842485,0.13053059444978576,-1315928.4463301874
2025-10-31 12:00:00,0.13422948253628864,0.02225501331951529,0.13050031452936287,-1316475.5667590096
2025-10-31 13:00:00,0.12965572383121868,0.01989749181750517,0.130470075508338,-1277767.05956705
2025-10-31 14:00:00,0.11624614181326563,0.023926823653698574,0.130439877402268,-1410329.3343027758
2025-10-31 15:00:00,0.09491457733657097,0.01836756276064195,0.13040972022668848,-1315976.4938087307
2025-10-31 16:00:00,0.06711474126814432,0.022340317733069416,0.13037960399711415,-1405547.0766346015
2025-10-31 17:00:00,0.034741146494647754,0.017526997361799742,0.1303495287290386,-1414010.7160023153
2025-10-31 18:00:00,1.6438370613927144e-17,0.021745047608427607,0.13031949443793434,-1435309.6591004499
2025-10-31 19:00:00,0.0,0.01805794065099197,0.1302895011392528,-1512991.4003630371
2025-10-31 20:00:00,0.0,0.02369636177751148,0.13025954884842436,-1449538.1414465092
2025-10-31 21:00:00,0.0,0.018035581262008684,0.13022963758085823,-1524272.9343329703
2025-10-31 22:00:00,0.0,0.023233465361490534,0.1301997673519426,-1505842.2901937608
2025-10-31 23:00:00,0.0,0.02467523775564288,0.13016993817704453,-1713696.6122774836
2025-11-01 00:00:00,0.0,0.016611521579457125,0.13014015007150984,-1601379.009414338
2025-11-01 01:00:00,0.0,0.023651892595502683,0.13011040305066335,-1598710.9533075476
2025-11-01 02:00:00,0.0,0.02060158092040191,0.13008069712980874,-1483129.1088906974
2025-11-01 03:00:00,0.0,0.02606929699127426,0.13005103232422846,-1540872.954519087
2025-11-01 04:00:00,0.0,0.019600344730079315,0.13002140864918393,-1614759.4750090032
2025-11-01 05:00:00,0.0,0.01777208180620647,0.1299918261199153,-1432768.983152252
2025-11-01 06:00:00,0.0,0.02634333931133239,0.1299622847516416,-1508613.4138890184
2025-11-01 07:00:00,0.03346953837630726,0.026578352609752946,0.1299327845595607,-1533845.4576445767
2025-11-01 08:00:00,0.06465818302329654,0.026161142182622513,0.12990332555884926,-1360044.751254186
2025-11-01 09:00:00,0.09144047934994778,0.02456066519920591,0.1298739077646627,-1459095.596104667
2025-11-01 10:00:00,0.11199125812143707,0.02563287635781619,0.12984453119213538,-1407605.078818298
2025-11-01 11:00:00,0.12491001772625505,0.023706155678240356,0.1298151958563803,-1319666.4720890447
2025-11-01 12:00:00,0.1293163660465931,0.019953131891733058,0.12978590177248933,-1419858.5190227951
2025-11-01 13:00:00,0.12491001772625505,0.025881502327960163,0.1297566489555331,-1305520.5535585608
2025-11-01 14:00:00,0.11199125812143708,0.021194605369268787,0.129727437420561,-1398326.3911882846
2025-11-01 15:00:00,0.0914404793499478,0.01956305196781153,0.12969826718260122,-1412955.663566147
2025-11-01 16:00:00,0.06465818302329654,0.02708991939926328,0.12966913825666068,-1483350.987860559
2025-11-01 17:00:00,0.0334695383763073,0.02514488072318362,0.12964005065772505,-1429633.1649141368
2025-11-01 18:00:00,1.5836687375632772e-17,0.018899053205863957,0.12961100440075868,-1372081.2201217138
2025-11-01 19:00:00,0.0,0.02206548457316549,0.12958199950070476,-1377148.5087500778
2025-11-01 20:00:00,0.0,0.02350554485216203,0.12955303597248513,-1523665.4858612171
2025-11-01 21:00:00,0.0,0.0277693214416585,0.12952411383100032,-1611805.0719189842
2025-11-01 22:00:00,0.0,0.01778552932632541,0.12949523309112967,-1535508.1724977815
2025-11-01 23:00:00,0.0,0.023688563233190445,0.12946639376773114,-1590246.7131097019
2025-11-02 00:00:00,0.0,0.021225603998076093,0.12943759587564138,-1642927.6696164338
2025-11-02 01:00:00,0.0,0.020005980502512632,0.1294088394296758,-1595086.1072914607
2025-11-02 02:00:00,0.0,0.019846074001001256,0.1293801244446284,-1555226.3724332277
2025-11-02 03:00:00,0.0,0.023053737484528818,0.1293514509352719,-1607499.632797282
2025-11-02 04:00:00,0.0,0.021041861176875995,0.1293228189163577,-1577538.882944807
2025-11-02 05:00:00,0.0,0.01813492546655214,0.12929422840261576,-1471052.2984506448
2025-11-02 06:00:00,0.0,0.018044437567185937,0.1292656794087548,-1531923.2405971373
2025-11-02 07:00:00,0.03221677263722771,0.026644627178750567,0.1292371719494621,-1415753.6011872536
2025-11-02 08:00:00,0.062238025459962446,0.020571219968540003,0.12920870603940363,-1461823.4524503674
2025-11-02 09:00:00,0.08801785970080088,0.021346761529351443,0.12918028169322396,-1399675.7851918438
2025-11-02 10:00:00,0.1077994222594203,0.024319440918977406,0.12915189892554624,-1418876.2127385386
2025-11-02 11:00:00,0.12023463233802861,0.020185503307972464,0.1291235577509723,-1359948.9080280717
2025-11-02 12:00:00,0.1244760509199249,0.024958461593842133,0.12909525818408257,-1333679.54103833
2025-11-02 13:00:00,0.12023463233802861,0.023329756185095116,0.12906700023943596,-1360175.8088777084
2025-11-02 14:00:00,0.10779942225942032,0.018937583819335378,0.1290387839315701,-1419506.1203536193
2025-11-02 15:00:00,0.0880178597008009,0.024341716577185573,0.12901060927500113,-1427779.042641585
2025-11-02 16:00:00,0.062238025459962446,0.02750473238130897,0.1289824762842238,-1374804.6407365159
2025-11-02 17:00:00,0.03221677263722775,0.02454570017173953,0.12895438497371137,-1527119.305644138
2025-11-02 18:00:00,1.5243919732958898e-17,0.02010227134007347,0.1289263353579157,-1424653.2715419752
2025-11-02 19:00:00,0.0,0.028937901151380185,0.12889832745126725,-1577256.3459968138
2025-11-02 20:00:00,0.0,0.02150370923384742,0.1288703612681749,-1529831.5524531682
2025-11-02 21:00:00,0.0,0.02560304323391268,0.1288424368230261,-1502586.6520056573
2025-11-02 22:00:00,0.0,0.02786808307831362,0.12881455413018694,-1474991.2666834577
2025-11-02 23:00:00,0.0,0.019886605119842474,0.12878671320400192,-1640671.271049975
2025-11-03 00:00:00,0.0,0.022688337500833156,0.12875891405879408,-1631218.110698851
2025-11-03 01:00:00,0.0,0.023179228448849783,0.12873115670886495,-1611282.0295465053
2025-11-03 02:00:00,0.0,0.022259154144531713,0.12870344116849455,-1641218.30294656
2025-11-03 03:00:00,0.0,0.02412476198175967,0.12867576745194148,-1560267.760198008
2025-11-03 04:00:00,0.0,0.025297297349936916,0.12864813557344268,-1531573.9789727663
2025-11-03 05:00:00,0.0,0.02939723125213194,0.1286205455472137,-1530104.0918153545
2025-11-03 06:00:00,0.0,0.02312158601930123,0.12859299738744848,-1443547.1915636517
2025-11-03 07:00:00,0.03098322049893451,0.030178249728428717,0.12856549110831944,-1483351.099859703
2025-11-03 08:00:00,0.05985498572305942,0.029203976335363407,0.12853802672397746,-1415512.284109656
2025-11-03 09:00:00,0.08464773258519862,0.03031473688648806,0.1285106042485519,-1302625.4707715453
2025-11-03 10:00:00,0.1036718763586487,0.02122287853829957,0.12848322369615045,-1425748.9452271177
2025-11-03 11:00:00,0.11563095308413313,0.020952971042267118,0.12845588508085937,-1366993.560745178
2025-11-03 12:00:00,0.11970997144611886,0.02868637123993835,0.1284285884167432,-1462696.5894972165
2025-11-03 13:00:00,0.11563095308413313,0.02108709780225404,0.1284013337178451,-1377736.985729319
2025-11-03 14:00:00,0.10367187635864872,0.021985295060534746,0.12837412099818643,-1345701.6509919488
2025-11-03 15:00:00,0.08464773258519863,0.02681629005664293,0.12834695027176704,-1304287.921872962
2025-11-03 16:00:00,0.05985498572305942,0.023678867076466097,0.12831982155256522,-1321319.2174800837
2025-11-03 17:00:00,0.03098322049893454,0.02682538028323676,0.1282927348545376,-1461874.7888925374
2025-11-03 18:00:00,1.466024333575105e-17,0.025788545443080065,0.12826569019161915,-1327651.7452922242
2025-11-03 19:00:00,0.0,0.026744585302355142,0.12823868757772333,-1445345.0409932602
2025-11-03 20:00:00,0.0,0.026894021712464574,0.1282117270267419,-1476042.5095164313
2025-11-03 21:00:00,0.0,0.02125791725492871,0.12818480855254494,-1495278.2439079285
2025-11-03 22:00:00,0.0,0.020296433036836346,0.12815793216898091,-1561159.5335567172
2025-11-03 23:00:00,0.0,0.026781143420043858,0.12813109788987667,-1576405.4569730433
2025-11-04 00:00:00,0.0,0.026381049336633263,0.1281043057290374,-1548557.0736694008
2025-11-04 01:00:00,0.0,0.02812927318935891,0.12807755570024654,-1547945.9598348518
2025-11-04 02:00:00,0.0,0.022986294131594618,0.12805084781726592,-1572518.214836593
2025-11-04 03:00:00,0.0,0.026957982537069408,0.12802418209383568,-1498387.0341333086
2025-11-04 04:00:00,0.0,0.02613104857575159,0.12799755854367434,-1524465.1001804466
2025-11-04 05:00:00,0.0,0.023139042935605918,0.1279709771804785,-1643237.9752263268
2025-11-04 06:00:00,0.0,0.02165468528342506,0.1279444380179233,-1435710.8528955074
2025-11-04 07:00:00,0.029769247489548453,0.020482526337128642,0.12791794106966206,-1533574.8302293587
2025-11-04 08:00:00,0.05750976995869171,0.028006394090081273,0.12789148634932637,-1549190.843592279
2025-11-04 09:00:00,0.08133109664453862,0.020446882578756244,0.12786507387052617,-1428985.8125618147
2025-11-04 10:00:00,0.09960984350005236,0.022914363959321355,0.12783870364684957,-1409074.0682694328
2025-11-04 11:00:00,0.11110034413408709,0.024952494328366798,0.12781237569186304,-1414466.0335182482
2025-11-04 12:00:00,0.11501953991738345,0.026837033712290365,0.1277860900191112,-1394156.037248825
2025-11-04 13:00:00,0.11110034413408709,0.023534368863620626,0.1277598466421171,-1431357.0970811683
2025-11-04 14:00:00,0.09960984350005238,0.03153692229989641,0.12773364557438172,-1354872.302556924
2025-11-04 15:00:00,0.08133109664453864,0.03181419823852641,0.12770748682938457,-1420410.0221975744
2025-11-04 16:00:00,0.05750976995869171,0.032599031470318625,0.12768137042058325,-1371812.5868738098
2025-11-04 17:00:00,0.029769247489548484,0.0243486393564227,0.12765529636141365,-1400416.367535903
2025-11-04 18:00:00,1.4085831139922488e-17,0.027604371480845647,0.12762926466528973,-1448712.9806477432
2025-11-04 19:00:00,0.0,0.03066571309357413,0.12760327534560384,-1392058.395933317
2025-11-04 20:00:00,0.0,0.021366311962121468,0.1275773284157264,-1443367.7079858962
2025-11-04 21:00:00,0.0,0.03350278621382449,0.12755142388900606,-1576042.9355361375
2025-11-04 22:00:00,0.0,0.03196227849837441,0.12752556177876967,-1458268.8089087931
2025-11-04 23:00:00,0.0,0.023823340699734557,0.12749974209832227,-1636461.2928946048
2025-11-05 00:00:00,0.0,0.03309705717624431,0.12747396486094703,-1661150.0575415704
2025-11-05 01:00:00,0.0,0.022815757759700395,0.1274482300799053,-1679454.8304027761
2025-11-05 02:00:00,0.0,0.022845548133190414,0.1274225377684366,-1590505.1564936775
2025-11-05 03:00:00,0.0,0.023290873560554367,0.1273968879397586,-1631370.4602904809
2025-11-05 04:00:00,0.0,0.02954110136680902,0.12737128060706707,-1482740.9111623561
2025-11-05 05:00:00,0.0,0.03068861054644391,0.127345715783536,-1621021.2629519985
2025-11-05 06:00:00,0.0,0.033922860574775136,0.12732019348231743,-1542070.0161107366
2025-11-05 07:00:00,0.02857521333547189,0.023004651650345296,0.1272947137165416,-1431730.6162703717
2025-11-05 08:00:00,0.05520307310490416,0.02714093480603782,0.12726927649931682,-1536085.0831199035
2025-11-05 09:00:00,0.07806893466962891,0.02564664075920039,0.12724388184372953,-1368964.9751427874
2025-11-05 10:00:00,0.09561452735163303,0.027540686908928944,0.12721852976284417,-1358523.0647547198
2025-11-05 11:00:00,0.1066441480051008,0.02845242642728995,0.12719322026970348,-1433284.5061979268
2025-11-05 12:00:00,0.11040614620980835,0.03434250220414966,0.12716795337732809,-1365133.169325464
2025-11-05 13:00:00,0.1066441480051008,0.03133128890915791,0.12714272909871688,-1331056.8773663652
2025-11-05 14:00:00,0.09561452735163306,0.029728869977071217,0.12711754744684667,-1305879.4375195901
2025-11-05 15:00:00,0.07806893466962893,0.033358628591898365,0.12709240843467243,-1291049.4889960382
2025-11-05 16:00:00,0.05520307310490416,0.02289973380928489,0.1270673120751272,-1400438.6956152667
2025-11-05 17:00:00,0.028575213335471916,0.034650279187560355,0.12704225838112201,-1450111.5572543098
2025-11-05 18:00:00,1.3520853356203649e-17,0.028238181052031415,0.127017247365546,-1455066.0803754106
2025-11-05 19:00:00,0.0,0.023275523815744277,0.12699227904126634,-1541321.9229245707
2025-11-05 20:00:00,0.0,0.030781915015314968,0.12696735342112825,-1533023.5325507552
2025-11-05 21:00:00,0.0,0.028932527607595602,0.12694247051795488,-1580772.005879134
2025-11-05 22:00:00,0.0,0.03340168986011879,0.12691763034454756,-1540424.270784673
2025-11-05 23:00:00,0.0,0.026003831448935994,0.1268928329136855,-1581354.8316749872
2025-11-06 00:00:00,0.0,0.025597807110647255,0.12686807823812607,-1681324.389635216
2025-11-06 01:00:00,0.0,0.027306299426428933,0.12684336633060447,-1611759.517383269
2025-11-06 02:00:00,0.0,0.03265905922849657,0.12681869720383407,-1584257.6599301854
2025-11-06 03:00:00,0.0,0.03162286692278879,0.12679407087050606,-1585034.0234393678
2025-11-06 04:00:00,0.0,0.0335638683282449,0.12676948734328977,-1571355.9483469625
2025-11-06 05:00:00,0.0,0.030902825935486395,0.12674494663483243,-1494553.1566300604
2025-11-06 06:00:00,0.0,0.02398997153060959,0.12672044875775917,-1529703.3573672795
2025-11-06 07:00:00,0.027401471854794038,0.029608583663749678,0.12669599372467327,-1511612.686483452
2025-11-06 08:00:00,0.052935578685757156,0.023916923557580797,0.12667158154815578,-1412757.713820612
2025-11-06 09:00:00,0.07486221330946592,0.03480792640379659,0.12664721224076583,-1402496.1348194047
2025-11-06 10:00:00,0.09168711181179154,0.02614914957475696,0.12662288581504047,-1395305.0679257608
2025-11-06 11:00:00,0.10226368516425999,0.028980734024920393,0.12659860228349462,-1396492.6645160944
2025-11-06 12:00:00,0.10587115737151434,0.026472081512635404,0.1265743616586212,-1331661.2568714556
2025-11-06 13:00:00,0.10226368516425999,0.03160110965452676,0.12655016395289106,-1411268.1837280812
2025-11-06 14:00:00,0.09168711181179157,0.03380147658060702,0.12652600917875295,-1362036.1396936167
2025-11-06 15:00:00,0.07486221330946594,0.0342663111257945,0.1265018973486335,-1387367.2915702232
2025-11-06 16:00:00,0.052935578685757156,0.03574169265974242,0.1264778284749373,-1388661.719090254
2025-11-06 17:00:00,0.027401471854794072,0.02862279924644353,0.1264538025700468,-1494812.65282858
2025-11-06 18:00:00,1.2965477399705074e-17,0.03129293821021139,0.12642981964632236,-1329891.4909690071
2025-11-06 19:00:00,0.0,0.03682463348953592,0.1264058797161023,-1559498.9175224523
2025-11-06 20:00:00,0.0,0.02883747394788055,0.12638198279170265,-1476698.046932344
2025-11-06 21:00:00,0.0,0.03698842334524773,0.1263581288854175,-1552726.543723306
2025-11-06 22:00:00,0.0,0.02810060503833341,0.1263343180095187,-1600902.569741531
2025-11-06 23:00:00,0.0,0.029200050299023284,0.126310550176256,-1660951.5901125274
2025-11-07 00:00:00,0.0,0.03603576630688116,0.12628682539785693,-1574265.5859121613
2025-11-07 01:00:00,0.0,0.035569983548489406,0.12626314368652708,-1609758.4614374174
2025-11-07 02:00:00,0.0,0.031265200550402085,0.12623950505444959,-1605600.1075410638
2025-11-07 03:00:00,0.0,0.032435614380049015,0.12621590951378567,-1645325.5761707523
2025-11-07 04:00:00,0.0,0.03531956791561405,0.12619235707667426,-1582775.7661792515
2025-11-07 05:00:00,0.0,0.036866834625325265,0.12616884775523213,-1376995.8828814656
2025-11-07 06:00:00,0.0,0.038143445863140175,0.1261453815615539,-1482134.6289322893
2025-11-07 07:00:00,0.026248370852447044,0.03453071220475762,0.12612195850771196,-1538193.2963313062
2025-11-07 08:00:00,0.050707958608783604,0.03257956023448033,0.12609857860575657,-1536299.531677395
2025-11-07 09:00:00,0.07171188278479533,0.027975290958565695,0.12607524186771574,-1357812.1386815608
2025-11-07 10:00:00,0.08782876065851286,0.03641998549335681,0.1260519483055953,-1415733.029702974
2025-11-07 11:00:00,0.09796025363724237,0.034060337524551565,0.1260286979313788,-1490664.254197781
2025-11-07 12:00:00,0.10141591721756724,0.03188632225546098,0.12600549075702766,-1341168.9610594183
2025-11-07 13:00:00,0.09796025363724237,0.02587611241092217,0.12598232679448101,-1383018.3958282517
2025-11-07 14:00:00,0.08782876065851287,0.0245935305675715,0.12595920605565583,-1431170.9481025029
2025-11-07 15:00:00,0.07171188278479534,0.03534570776998122,0.1259361285524468,-1333780.8968171454
2025-11-07 16:00:00,0.050707958608783604,0.03315101795912698,0.12591309429672634,-1411211.7679950988
2025-11-07 17:00:00,0.02624837085244707,0.02485411205585743,0.12589010330034467,-1457971.2122401989
2025-11-07 18:00:00,1.2419867840308665e-17,0.02512619177152567,0.12586715557512976,-1514748.6810701806
2025-11-07 19:00:00,0.0,0.029458643807000258,0.12584425113288722,-1431057.194419536
2025-11-07 20:00:00,0.0,0.026690520436453098,0.12582138998540054,-1616835.4845794204
2025-11-07 21:00:00,0.0,0.025509733815868865,0.12579857214443083,-1584789.4894504799
2025-11-07 22:00:00,0.0,0.02769389339318253,0.12577579762171695,-1514914.9942195213
2025-11-07 23:00:00,0.0,0.02780237577816176,0.1257530664289755,-1621696.3131549174
2025-11-08 00:00:00,0.0,0.028431367889131053,0.12573037857790073,-1621371.0994693455
2025-11-08 01:00:00,0.0,0.02811471287974455,0.1257077340801647,-1642555.9905845406
2025-11-08 02:00:00,0.0,0.039384344458790105,0.125685132947417,-1667027.5294283621
2025-11-08 03:00:00,0.0,0.031095307403896873,0.12566257519128507,-1582031.2404680403
2025-11-08 04:00:00,0.0,0.0292661569086594,0.12564006082337395,-1494071.9309971654
2025-11-08 05:00:00,0.0,0.04001145681992333,0.12561758985526641,-1606306.2977035327
2025-11-08 06:00:00,0.0,0.031188073703247415,0.1255951622985228,-1547901.0083774682
2025-11-08 07:00:00,0.02511625201714387,0.02704908164584936,0.12557277816468124,-1380485.5407557217
2025-11-08 08:00:00,0.048520872965888334,0.03950445181080521,0.1255504374652575,-1463809.0789000036
2025-11-08 09:00:00,0.06861887660654134,0.03655694149607402,0.12552814021174485,-1444929.9538032426
2025-11-08 10:00:00,0.0840406172045138,0.027283849055055577,0.12550588641561447,-1407305.257658832
2025-11-08 11:00:00,0.09373512862368523,0.03457596224759673,0.12548367608831498,-1442119.845487486
2025-11-08 12:00:00,0.09704174593177668,0.03289049542790051,0.12546150924127272,-1411248.7542377412
2025-11-08 13:00:00,0.09373512862368523,0.040244011836874025,0.12543938588589162,-1380546.4430053106
2025-11-08 14:00:00,0.0840406172045138,0.03416957017121236,0.12541730603355333,-1375417.2807195024
2025-11-08 15:00:00,0.06861887660654135,0.03159684396778577,0.12539526969561696,-1310903.5548056096
2025-11-08 16:00:00,0.048520872965888334,0.0285512362762383,0.12537327688341934,-1446174.8886124773
2025-11-08 17:00:00,0.025116252017143896,0.03336756007947347,0.12535132760827492,-1315154.4870740576
2025-11-08 18:00:00,1.1884186353902099e-17,0.040161790268453894,0.1253294218814757,-1460362.8777506566
2025-11-08 19:00:00,0.0,0.03563295720925324,0.1253075597142913,-1542163.4010048483
2025-11-08 20:00:00,0.0,0.03154489978515683,0.12528574111796892,-1487509.7743466443
2025-11-08 21:00:00,0.0,0.03932433232573168,0.1252639661037334,-1523541.4615377532
2025-11-08 22:00:00,0.0,0.04117051989148529,0.12524223468278703,-1476929.8949839626
2025-11-08 23:00:00,0.0,0.033843238373306675,0.12522054686630985,-1625513.7619105703
2025-11-09 00:00:00,0.0,0.03171810664186957,0.12519890266545927,-1693461.8815641282
2025-11-09 01:00:00,0.0,0.039878643728825,0.12517730209137046,-1701671.064573827
2025-11-09 02:00:00,0.0,0.03553080735385599,0.12515574515515596,-1581401.6992763218
2025-11-09 03:00:00,0.0,0.041020306810557815,0.12513423186790598,-1515886.2492471358
2025-11-09 04:00:00,0.0,0.029776085906894314,0.12511276224068832,-1635492.5589613253
2025-11-09 05:00:00,0.0,0.04145250497006451,0.12509133628454813,-1483505.7925029092
2025-11-09 06:00:00,0.0,0.027720495175512505,0.12506995401050824,-1575609.568772128
2025-11-09 07:00:00,0.024005450820128504,0.03347042012685181,0.125048615429569,-1472235.1153360833
2025-11-09 08:00:00,0.046374969837748435,0.039030600669245706,0.1250273205527082,-1453409.1095674883
2025-11-09 09:00:00,0.06558411129918705,0.038338813953187896,0.12500606939088127,-1479171.4503646537
2025-11-09 10:00:00,0.08032380395845451,0.02738775668172796,0.12498486195502105,-1574588.6166392425
2025-11-09 11:00:00,0.08958956211931557,0.032024213720805654,0.1249636982560379,-1535580.3952437586
2025-11-09 12:00:00,0.09274993967549688,0.03874557776072973,0.12494257830481968,-1464766.138542116
2025-11-09 13:00:00,0.08958956211931557,0.04243661166421957,0.12492150211223181,-1474533.1709011372
2025-11-09 14:00:00,0.08032380395845452,0.029766739119708757,0.1249004696891171,-1361994.440764379
2025-11-09 15:00:00,0.06558411129918706,0.03254943581524436,0.1248794810462959,-1374028.3220966838
2025-11-09 16:00:00,0.046374969837748435,0.031599617947463916,0.12485853619456604,-1394008.4981338347
2025-11-09 17:00:00,0.024005450820128532,0.027197180520358973,0.12483763514470278,-1388376.9433977243
2025-11-09 18:00:00,1.1358591674470734e-17,0.03350927553774493,0.12481677790745889,-1473085.7741471285
2025-11-09 19:00:00,0.0,0.032623797248323635,0.1247959644935646,-1463168.422100307
2025-11-09 20:00:00,0.0,0.0389407622102559,0.12477519491372753,-1542452.4494743114
2025-11-09 21:00:00,0.0,0.043162794732259084,0.12475446917863281,-1586532.7323048736
2025-11-09 22:00:00,0.0,0.03884471211775515,0.12473378729894302,-1607282.6978052657
2025-11-09 23:00:00,0.0,0.033443478421632596,0.12471314928529814,-1640333.9084711121
2025-11-10 00:00:00,0.0,0.03714915022423509,0.12469255514831559,-1731570.9965856916
2025-11-10 01:00:00,0.0,0.04282495265697089,0.12467200489859026,-1681483.5701846657
2025-11-10 02:00:00,0.0,0.04317006747177497,0.12465149854669443,-1577553.8416830886
2025-11-10 03:00:00,0.0,0.02906713539999141,0.12463103610317774,-1550036.2778996532
2025-11-10 04:00:00,0.0,0.03376370172054247,0.12461061757856738,-1633220.4489222742
2025-11-10 05:00:00,0.0,0.04098747534106944,0.12459024298336777,-1594838.3696400647
2025-11-10 06:00:00,0.0,0.036972755763485826,0.12456991232806087,-1479277.8598391498
2025-11-10 07:00:00,0.02291629641576871,0.041503712255081524,0.12454962562310601,-1510537.1166766481
2025-11-10 08:00:00,0.044270885101773204,0.041157245703366416,0.12452938287893983,-1449977.1643623984
2025-11-10 09:00:00,0.06260848612918866,0.04242547488554562,0.12450918410597644,-1427632.0442924916
2025-11-10 10:00:00,0.07667942229231527,0.029567540600630327,0.12448902931460729,-1360058.6165599555
2025-11-10 11:00:00,0.08552478254495738,0.02941728723864161,0.12446891851520121,-1336304.6282733795
2025-11-10 12:00:00,0.08854177020354642,0.036799588537579524,0.12444885171810442,-1441826.84358099
2025-11-10 13:00:00,0.08552478254495738,0.032464944119973034,0.12442882893364046,-1357042.1036030368
2025-11-10 14:00:00,0.07667942229231528,0.03126343107173455,0.12440885017211026,-1371631.6237034907
2025-11-10 15:00:00,0.06260848612918868,0.030780706993269954,0.1243889154437921,-1425804.418875441
2025-11-10 16:00:00,0.044270885101773204,0.04424625821794302,0.12436902475894157,-1365161.9566531533
2025-11-10 17:00:00,0.022916296415768735,0.04063735669128831,0.12434917812779164,-1492229.8364681883
2025-11-10 18:00:00,1.0843239547061363e-17,0.04477954977870867,0.12432937556055262,-1419767.568491135
2025-11-10 19:00:00,0.0,0.044698569594094614,0.12430961706741211,-1520338.790769639
2025-11-10 20:00:00,0.0,0.040166355532752336,0.12428990265853511,-1475295.593836934
2025-11-10 21:00:00,0.0,0.03534260613510616,0.12427023234406384,-1554004.2071627204
2025-11-10 22:00:00,0.0,0.028814699723734863,0.1242506061341179,-1565409.8712498075
2025-11-10 23:00:00,0.0,0.03766043412091446,0.1242310240387942,-1607589.1321645358
2025-11-11 00:00:00,0.0,0.038196544659127064,0.12421148606816695,-1609625.5068645922
2025-11-11 01:00:00,0.0,0.03164992313529261,0.12419199223228763,-1675276.7421576204
2025-11-11 02:00:00,0.0,0.03768209099293805,0.12417254254118505,-1601646.220900413
2025-11-11 03:00:00,0.0,0.03848076650829919,0.12415313700486529,-1599292.4650358602
2025-11-11 04:00:00,0.0,0.04006287204808537,0.12413377563331171,-1597410.1866077709
2025-11-11 05:00:00,0.0,0.044441993436730255,0.12411445843648497,-1514944.7066608102
2025-11-11 06:00:00,0.0,0.045207453383149576,0.12409518542432299,-1492144.421553843
2025-11-11 07:00:00,0.021849111544020416,0.03763447681839631,0.12407595660674098,-1515626.8551272464
2025-11-11 08:00:00,0.04220924224367988,0.043064134620178766,0.12405677199363138,-1360993.1866719218
2025-11-11 09:00:00,0.059692882838503464,0.038988577499713406,0.12403763159486389,-1478635.237637676
2025-11-11 10:00:00,0.07310855211503611,0.04569822498502125,0.12401853542028551,-1522248.3073309313
2025-11-11 11:00:00,0.08154199438252388,0.03450361996991096,0.12399948347972042,-1334740.9943129483
2025-11-11 12:00:00,0.08441848448735978,0.0338761483993181,0.1239804757829701,-1334412.6266789774
2025-11-11 13:00:00,0.08154199438252388,0.03695247916344268,0.12396151233981323,-1448571.0754340563
2025-11-11 14:00:00,0.07310855211503613,0.04548403472771067,0.12394259316000576,-1394055.2524126603
2025-11-11 15:00:00,0.059692882838503464,0.040252821750196774,0.12392371825328083,-1314751.0682635955
2025-11-11 16:00:00,0.04220924224367988,0.04628574216002783,0.12390488762934884,-1312347.842192518
2025-11-11 17:00:00,0.02184911154402044,0.03203916644560039,0.12388610129789737,-1512107.0690084638
2025-11-11 18:00:00,1.0338282681631566e-17,0.0464672916068298,0.12386735926859124,-1515733.7217832203
2025-11-11 19:00:00,0.0,0.03432439763912338,0.12384866155107252,-1417501.7054049477
2025-11-11 20:00:00,0.0,0.04249046411990494,0.12383000815496037,-1715948.8027465479
2025-11-11 21:00:00,0.0,0.041916692052436574,0.12381139908985124,-1573936.5601724435
2025-11-11 22:00:00,0.0,0.0395249732334258,0.12379283436531875,-1646038.6662861719
2025-11-11 23:00:00,0.0,0.03511091936244869,0.12377431399091368,-1589528.6265292817
2025-11-12 00:00:00,0.0,0.039778361576785506,0.12375583797616405,-1617459.9006108984
2025-11-12 01:00:00,0.0,0.03965044932565266,0.12373740633057502,-1600449.4397802954
2025-11-12 02:00:00,0.0,0.04378593714895741,0.12371901906362892,-1616507.3942670382
2025-11-12 03:00:00,0.0,0.039072168049303066,0.1237006761847853,-1622915.164939419
2025-11-12 04:00:00,0.0,0.04566659192910585,0.1236823777034808,-1594963.485229112
2025-11-12 05:00:00,0.0,0.037815561885594255,0.12366412362912926,-1618984.831923364
2025-11-12 06:00:00,0.0,0.03960319398090076,0.12364591397112165,-1559098.1609103614
2025-11-12 07:00:00,0.020804212434792774,0.04151990875853755,0.12362774873882613,-1455568.0897279643
2025-11-12 08:00:00,0.04019065217274104,0.0370045372804958,0.123609627941588,-1462138.7274093812
2025-11-12 09:00:00,0.05683816538331008,0.04561914510230802,0.12359155158872966,-1615332.9714901347
2025-11-12 10:00:00,0.06961225155251596,0.034937128046988807,0.12357351968955067,-1526373.4159067455
2025-11-12 11:00:00,0.07764237781810286,0.04841491122203689,0.12355553225332772,-1463057.6923845506
2025-11-12 12:00:00,0.08038130434548209,0.03098881029686705,0.12353758928931463,-1502605.221194818
2025-11-12 13:00:00,0.07764237781810286,0.040966208117027315,0.12351969080674233,-1417409.9106155988
2025-11-12 14:00:00,0.06961225155251598,0.048857500045212776,0.12350183681481886,-1346182.2903190472
2025-11-12 15:00:00,0.05683816538331009,0.04913494566841812,0.12348402732272942,-1408133.3522670895
2025-11-12 16:00:00,0.04019065217274104,0.042029213776730516,0.12346626233963624,-1491027.3617555483
2025-11-12 17:00:00,0.020804212434792798,0.049791118120061255,0.12344854187467869,-1528107.9186271096
2025-11-12 18:00:00,9.843870707798387e-18,0.04866463517997712,0.12343086593697325,-1559537.858944835
2025-11-12 19:00:00,0.0,0.03301167850399339,0.1234132345356135,-1463507.0799501447
2025-11-12 20:00:00,0.0,0.04884715913197783,0.12339564767967005,-1502096.4562640479
2025-11-12 21:00:00,0.0,0.03693919067684182,0.12337810537819066,-1559241.788939394
2025-11-12 22:00:00,0.0,0.044180185029155196,0.12336060764020014,-1484836.4188283482
2025-11-12 23:00:00,0.0,0.03403496836133379,0.12334315447470034,-1608314.7543614318
2025-11-13 00:00:00,0.0,0.04557313748463893,0.1233257458906703,-1657166.839358158
2025-11-13 01:00:00,0.0,0.037226124446712465,0.12330838189706593,-1619225.2374931092
2025-11-13 02:00:00,0.0,0.0488551967789112,0.12329106250282036,-1608814.3085730372
2025-11-13 03:00:00,0.0,0.04469810611885263,0.12327378771684373,-1564686.1211039284
2025-11-13 04:00:00,0.0,0.046431036641837654,0.12325655754802321,-1627755.2860192964
2025-11-13 05:00:00,0.0,0.03613248679411254,0.12323937200522303,-1496699.313827939
2025-11-13 06:00:00,0.0,0.04016253022054189,0.12322223109728447,-1560082.2600874298
2025-11-13 07:00:00,0.019781908714242707,0.033004761768001316,0.12320513483302582,-1499342.3476931136
2025-11-13 08:00:00,0.03821571304075961,0.043916060931766296,0.12318808322124247,-1482789.2360060364
2025-11-13 09:00:00,0.05404517967800059,0.050799771919719246,0.12317107627070674,-1406032.4009661905
2025-11-13 10:00:00,0.06619155663406817,0.04239058716013713,0.12315411399016805,-1467464.357964871
2025-11-13 11:00:00,0.0738270883922433,0.042455269743675056,0.1231371963883528,-1426327.5627874988
2025-11-13 12:00:00,0.07643142608151923,0.03868722143808653,0.1231203234739644,-1330320.86426533
2025-11-13 13:00:00,0.0738270883922433,0.0424629897363418,0.12310349525568333,-1417731.6629173444
2025-11-13 14:00:00,0.06619155663406817,0.04618995600232094,0.12308671174216701,-1357494.492104851
2025-11-13 15:00:00,0.0540451796780006,0.03832147116391918,0.12306997294204988,-1568837.0035972411
2025-11-13 16:00:00,0.03821571304075961,0.049868936910523375,0.12305327886394339,-1395232.6926963145
2025-11-13 17:00:00,0.01978190871424273,0.04862267661099164,0.12303662951643597,-1464187.354283956
2025-11-13 18:00:00,9.360150130500006e-18,0.05102981597203853,0.12302002490809304,-1435690.8393830599
2025-11-13 19:00:00,0.0,0.0513302600839153,0.123003465047457,-1554311.5013206576
2025-11-13 20:00:00,0.0,0.04796688528541561,0.12298694994304725,-1578590.1291275718
2025-11-13 21:00:00,0.0,0.04481124970866134,0.12297047960336013,-1705111.5484955406
2025-11-13 22:00:00,0.0,0.04074527478841055,0.12295405403686899,-1606933.3147292787
2025-11-13 23:00:00,0.0,0.035200027707359936,0.1229376732520241,-1721703.2622617187
2025-11-14 00:00:00,0.0,0.03986996263490997,0.12292133725725271,-1640104.0673815568
2025-11-14 01:00:00,0.0,0.03628436092241732,0.12290504606095906,-1672230.264719928
2025-11-14 02:00:00,0.0,0.04261698788484462,0.12288879967152433,-1604476.0822354858
2025-11-14 03:00:00,0.0,0.048632874682508605,0.12287259809730659,-1649466.6835179313
2025-11-14 04:00:00,0.0,0.04169848254408537,0.12285644134664095,-1574236.686557731
2025-11-14 05:00:00,0.0,0.051059027457129535,0.12284032942783937,-1623807.6392560478
2025-11-14 06:00:00,0.0,0.0472771146894536,0.1228242623491908,-1658414.1774410526
2025-11-14 07:00:00,0.018782503313025622,0.048560305390757424,0.12280824011896113,-1511598.9340716319
2025-11-14 08:00:00,0.03628501006482287,0.05067312039430286,0.1227922627453931,-1421437.7445734153
2025-11-14 09:00:00,0.05131475334451676,0.051882752507706104,0.12277633023670645,-1465584.007302146
2025-11-14 10:00:00,0.0628474809854213,0.03871797153896875,0.12276044260109784,-1362118.267178222
2025-11-14 11:00:00,0.07009725665754239,0.03946095388953594,0.12274459984674083,-1357419.4457741731
2025-11-14 12:00:00,0.07257002012964575,0.04037558998413533,0.12272880198178582,-1390347.2855333067
2025-11-14 13:00:00,0.07009725665754239,0.044995278662267324,0.12271304901436023,-1485944.9391769085
2025-11-14 14:00:00,0.06284748098542131,0.03675375870122162,0.12269734095256833,-1367233.6133923247
2025-11-14 15:00:00,0.05131475334451677,0.036632625685038854,0.12268167780449127,-1442713.1855055692
2025-11-14 16:00:00,0.03628501006482287,0.03786515846764084,0.12266605957818708,-1451215.4456117183
2025-11-14 17:00:00,0.01878250331302564,0.04647149494407728,0.12265048628169078,-1461498.6204829835
2025-11-14 18:00:00,8.887264286582965e-18,0.03938377724075003,0.12263495792301417,-1471086.5158392948
2025-11-14 19:00:00,0.0,0.04638762001058693,0.12261947451014595,-1438817.7501365505
2025-11-14 20:00:00,0.0,0.04757613179195964,0.12260403605105173,-1443861.8730259947
2025-11-14 21:00:00,0.0,0.03631227318735145,0.122588642553674,-1496502.2189443442
2025-11-14 22:00:00,0.0,0.045933310762335804,0.12257329402593206,-1628920.1261632799
2025-11-14 23:00:00,0.0,0.03665961802461041,0.12255799047572212,-1698998.0264432253
2025-11-15 00:00:00,0.0,0.046284514932830687,0.12254273191091729,-1667340.150889812
2025-11-15 01:00:00,0.0,0.03860393269440466,0.12252751833936741,-1561018.8438410847
2025-11-15 02:00:00,0.0,0.05266944551240232,0.12251234976889931,-1589821.3856016332
2025-11-15 03:00:00,0.0,0.05305777032329276,0.1224972262073166,-1655111.1958004474
2025-11-15 04:00:00,0.0,0.05531973292021264,0.12248214766239972,-1542302.3309053767
2025-11-15 05:00:00,0.0,0.04597432600476905,0.122467114141906,-1568564.8563550645
2025-11-15 06:00:00,0.0,0.03944718223169999,0.12245212565356958,-1517282.9918136527
2025-11-15 07:00:00,0.017806292376530954,0.0450547990613487,0.12243718220510144,-1420111.8721442632
2025-11-15 08:00:00,0.03439911535389079,0.03964483015362656,0.12242228380418935,-1473836.233017209
2025-11-15 09:00:00,0.04864769546710893,0.04028041140895882,0.12240743045849801,-1467060.6695580373
2025-11-15 10:00:00,0.05958101552836152,0.03600270433906442,0.12239262217566882,-1428842.6356520476
2025-11-15 11:00:00,0.06645398784363989,0.041622792344963175,0.12237785896332003,-1456838.6665986977
2025-11-15 12:00:00,0.0687982307077816,0.05504304245625708,0.12236314082904677,-1349249.045507672
2025-11-15 13:00:00,0.06645398784363989,0.040371555893002176,0.1223484677804209,-1434676.7828901235
2025-11-15 14:00:00,0.05958101552836152,0.051810305269834725,0.1223338398249911,-1438855.786766758
2025-11-15 15:00:00,0.04864769546710894,0.04416439766099843,0.12231925697028291,-1499311.4190959674
2025-11-15 16:00:00,0.03439911535389079,0.046225210764050194,0.12230471922379857,-1474204.2684496306
2025-11-15 17:00:00,0.017806292376530974,0.04260371311817198,0.12229022659301723,-1466191.3984825835
2025-11-15 18:00:00,8.425353302328589e-18,0.03622645303474304,0.12227577908539473,-1463413.07022092
2025-11-15 19:00:00,0.0,0.04913730139682706,0.12226137670836373,-1555195.1344792424
2025-11-15 20:00:00,0.0,0.04247132400639041,0.1222470194693337,-1511706.5025302859
2025-11-15 21:00:00,0.0,0.04344129182880108,0.12223270737569082,-1537227.0903748828
2025-11-15 22:00:00,0.0,0.0401512484045063,0.12221844043479813,-1659052.3607111285
2025-11-15 23:00:00,0.0,0.057157855625867976,0.12220421865399536,-1630299.464117674
2025-11-16 00:00:00,0.0,0.03955861605060593,0.12219004204059906,-1571787.3822850934
2025-11-16 01:00:00,0.0,0.04398399460239334,0.12217591060190255,-1674873.1253093982
2025-11-16 02:00:00,0.0,0.043084683820212195,0.12216182434517589,-1628027.178501327
2025-11-16 03:00:00,0.0,0.03823206975885242,0.12214778327766586,-1673720.963149265
2025-11-16 04:00:00,0.0,0.05403483996963256,0.12213378740659604,-1574264.7567054443
2025-11-16 05:00:00,0.0,0.04963989871519478,0.12211983673916678,-1556282.1615012062
2025-11-16 06:00:00,0.0,0.04838307026616834,0.12210593128255508,-1523820.7247209782
2025-11-16 07:00:00,0.016853565177127446,0.05510379194872657,0.12209207104391477,-1551068.8029445775
2025-11-16 08:00:00,0.03255858773926699,0.05556349740876062,0.12207825603037638,-1505335.1675804001
2025-11-16 09:00:00,0.046044796352585744,0.05849961983942081,0.12206448624904717,-1465366.8173934328
2025-11-16 10:00:00,0.056393128187099545,0.04292035240990427,0.12205076170701118,-1425768.9575682937
2025-11-16 11:00:00,0.0628983615297132,0.048429919427345695,0.12203708241132909,-1375504.0861467351
2025-11-16 12:00:00,0.06511717547853399,0.04887735937481244,0.12202344836903836,-1390289.1198443775
2025-11-16 13:00:00,0.0628983615297132,0.05755751533416342,0.12200985958715319,-1398846.8411091643
2025-11-16 14:00:00,0.05639312818709955,0.043385101546732016,0.12199631607266442,-1446083.9690572412
2025-11-16 15:00:00,0.04604479635258576,0.05448408439589324,0.12198281783253968,-1471604.635004934
2025-11-16 16:00:00,0.03255858773926699,0.044144562237239456,0.12196936487372324,-1460999.3448001826
2025-11-16 17:00:00,0.016853565177127466,0.05618358015762138,0.12195595720313612,-1435237.8431839074
2025-11-16 18:00:00,7.974554051930317e-18,0.05090323955909057,0.12194259482767605,-1471207.2301670408
2025-11-16 19:00:00,0.0,0.05833638991206385,0.12192927775421739,-1562396.400053899
2025-11-16 20:00:00,0.0,0.058210366729888725,0.12191600598961129,-1517713.446097169
2025-11-16 21:00:00,0.0,0.04697703623762791,0.12190277954068549,-1562264.3198862842
2025-11-16 22:00:00,0.0,0.045105364545832756,0.12188959841424453,-1635459.201344823
2025-11-16 23:00:00,0.0,0.04416220973118575,0.12187646261706953,-1532555.7936534847
2025-11-17 00:00:00,0.0,0.05847765874859564,0.12186337215591832,-1621930.0736071644
2025-11-17 01:00:00,0.0,0.03973037767139771,0.12185032703752546,-1616497.7515895339
2025-11-17 02:00:00,0.0,0.040460018706048005,0.12183732726860208,-1751359.1796663865
2025-11-17 03:00:00,0.0,0.052169220814210854,0.1218243728558361,-1641619.0033757961
2025-11-17 04:00:00,0.0,0.049162137765460474,0.121811463805892,-1611634.1023104016
2025-11-17 05:00:00,0.0,0.05674228070738769,0.121798600125411,-1544010.4583859646
2025-11-17 06:00:00,0.0,0.04547306322995547,0.12178578182101091,-1544229.3324398645
2025-11-17 07:00:00,0.015924604028445897,0.04575600647510286,0.12177300889928627,-1534411.170871809
2025-11-17 08:00:00,0.030763972609005652,0.0444653041816095,0.1217602813668082,-1490100.5459546917
2025-11-17 09:00:00,0.04350682729613021,0.0536188263926591,0.12174759923012457,-1475561.868742907
2025-11-17 10:00:00,0.053284763601455065,0.05177955509600787,0.12173496249575978,-1423111.9542755098
2025-11-17 11:00:00,0.059431431324576116,0.04804150083246053,0.12172237117021492,-1483941.4706999015
2025-11-17 12:00:00,0.06152794521801132,0.058260894951879784,0.12170982525996774,-1310669.3581328103
2025-11-17 13:00:00,0.059431431324576116,0.044200380872097114,0.12169732477147258,-1409139.8884336625
2025-11-17 14:00:00,0.05328476360145508,0.054164326670463364,0.12168486971116046,-1401953.8536465568
2025-11-17 15:00:00,0.043506827296130215,0.042823454637742356,0.12167246008543903,-1394925.3980079563
2025-11-17 16:00:00,0.030763972609005652,0.04438720033149329,0.1216600959006925,-1396240.9476063203
2025-11-17 17:00:00,0.015924604028445914,0.047128899113727356,0.12164777716328178,-1563680.2139159548
2025-11-17 18:00:00,7.535000116935125e-18,0.05004271110299979,0.12163550387954436,-1535213.4642676038
2025-11-17 19:00:00,0.0,0.05950501419743969,0.12162327605579434,-1454805.5036295126
2025-11-17 20:00:00,0.0,0.04642759993480274,0.12161109369832246,-1509805.8157506974
2025-11-17 21:00:00,0.0,0.046372919011208914,0.12159895681339604,-1537601.811445888
2025-11-17 22:00:00,0.0,0.04073373729976092,0.12158686540725903,-1539801.0873461377
2025-11-17 23:00:00,0.0,0.05147365485537865,0.12157481948613197,-1645067.7149461647
2025-11-18 00:00:00,0.0,0.057095639590195944,0.121562819056212,-1691534.2529704939
2025-11-18 01:00:00,0.0,0.0523825622883404,0.12155086412367286,-1568942.079513173
2025-11-18 02:00:00,0.0,0.0490452443946101,0.12153895469466491,-1667931.102818062
2025-11-18 03:00:00,0.0,0.04596769588552654,0.12152709077531502,-1560122.3750324722
2025-11-18 04:00:00,0.0,0.05327781100354804,0.12151527237172674,-1628438.947640596
2025-11-18 05:00:00,0.0,0.059450210394373204,0.12150349948998017,-1598325.7633326077
2025-11-18 06:00:00,0.0,0.04831276352538461,0.12149177213613194,-1506349.9359517521
2025-11-18 07:00:00,0.015019684201723206,0.056569024748252185,0.12148009031621534,-1458828.7489841047
2025-11-18 08:00:00,0.029015801746300703,0.059956938916262185,0.1214684540362402,-1558845.904915955
2025-11-18 09:00:00,0.041034540352747395,0.05681043036967678,0.12145686330219288,-1493576.0286944397
2025-11-18 10:00:00,0.050256842846938585,0.05692921835153255,0.12144531812003641,-1458275.5354791046
2025-11-18 11:00:00,0.05605422455447061,0.06066417470815638,0.12143381849571028,-1431930.8815727714
2025-11-18 12:00:00,0.05803160349260142,0.04114132960307383,0.12142236443513056,-1445491.7035542962
2025-11-18 13:00:00,0.05605422455447061,0.0634551757429434,0.12141095594418999,-1444522.6016318484
2025-11-18 14:00:00,0.050256842846938585,0.05186229236517871,0.12139959302875772,-1541289.3153578984
2025-11-18 15:00:00,0.0410345403527474,0.04221029163695437,0.1213882756946795,-1502183.6224619173
2025-11-18 16:00:00,0.029015801746300703,0.05832172030374785,0.12137700394777769,-1453317.6815483111
2025-11-18 17:00:00,0.015019684201723223,0.046149477331243575,0.1213657777938511,-1476215.089848487
2025-11-18 18:00:00,7.106821746660269e-18,0.05564289911756768,0.1213545972386752,-1458086.3906469925
2025-11-18 19:00:00,0.0,0.064168751483254,0.12134346228800189,-1546000.5816618474
2025-11-18 20:00:00,0.0,0.050151868074475935,0.12133237294755965,-1503799.1661221322
2025-11-18 21:00:00,0.0,0.04398139174457618,0.12132132922305353,-1603792.5999399335
2025-11-18 22:00:00,0.0,0.044649468231600944,0.12131033112016508,-1511856.643710571
2025-11-18 23:00:00,0.0,0.06293534487994334,0.12129937864455238,-1629124.2609143928
2025-11-19 00:00:00,0.0,0.045146539107822264,0.12128847180185001,-1685611.473060812
2025-11-19 01:00:00,0.0,0.049210549638287866,0.12127761059766914,-1663858.3062624398
2025-11-19 02:00:00,0.0,0.05745693264576041,0.12126679503759741,-1699098.487703028
2025-11-19 03:00:00,0.0,0.05294565751122836,0.12125602512719898,-1563493.948050885
2025-11-19 04:00:00,0.0,0.0633944503350975,0.12124530087201457,-1612360.646979328
2025-11-19 05:00:00,0.0,0.0569940056545556,0.12123462227756134,-1478374.8435449544
2025-11-19 06:00:00,0.0,0.0438463974983557,0.12122398934933303,-1542454.683012377
2025-11-19 07:00:00,0.014139073844233843,0.05453390774830736,0.12121340209279982,-1506925.6575684075
2025-11-19 08:00:00,0.02731459317190745,0.06539832484157095,0.12120286051340846,-1548206.4171557
2025-11-19 09:00:00,0.038628668114415066,0.052817423817350245,0.12119236461658214,-1420901.5240477123
2025-11-19 10:00:00,0.04731026316181765,0.043323931771119206,0.12118191440772064,-1325507.312136078
2025-11-19 11:00:00,0.0527677419586489,0.04644826778196615,0.12117150989220009,-1438055.9597280892
2025-11-19 12:00:00,0.05462918634381492,0.048389276878384006,0.12116115107537324,-1509093.7388497915
2025-11-19 13:00:00,0.0527677419586489,0.057665776002958295,0.12115083796256929,-1431550.9180849483
2025-11-19 14:00:00,0.04731026316181766,0.06300832173475819,0.12114057055909391,-1424466.8283537305
2025-11-19 15:00:00,0.038628668114415066,0.06403535548863468,0.12113034887022928,-1412004.5404515867
2025-11-19 16:00:00,0.02731459317190745,0.05217121881481667,0.12112017290123403,-1441456.20564255
2025-11-19 17:00:00,0.014139073844233858,0.056329459282175094,0.12111004265734329,-1462034.6566342907
2025-11-19 18:00:00,6.690145819597723e-18,0.05187162134043247,0.12109995814376869,-1433671.6370760696
2025-11-19 19:00:00,0.0,0.04585207844416173,0.12108991936569828,-1601043.0019561604
2025-11-19 20:00:00,0.0,0.05209163012401758,0.12107992632829662,-1659617.6558255518
2025-11-19 21:00:00,0.0,0.0479144732982496,0.12106997903670472,-1535392.326975686
2025-11-19 22:00:00,0.0,0.06620150609674445,0.12106007749604006,-1563748.305960434
2025-11-19 23:00:00,0.0,0.04423429544911817,0.12105022171139658,-1680951.4094909325
2025-11-20 00:00:00,0.0,0.06490849670358441,0.12104041168784471,-1628486.0421485228
2025-11-20 01:00:00,0.0,0.045532416930339555,0.1210306474304313,-1675729.3129981777
2025-11-20 02:00:00,0.0,0.061192382377886864,0.12102092894417968,-1694065.182784039
2025-11-20 03:00:00,0.0,0.06336878684897787,0.12101125623408959,-1504755.8769781382
2025-11-20 04:00:00,0.0,0.05700874005978491,0.12100162930513732,-1559480.6508931718
2025-11-20 05:00:00,0.0,0.043415731281143066,0.12099204816227543,-1668611.32501601
2025-11-20 06:00:00,0.0,0.05611211227107952,0.12098251281043312,-1575342.940928503
2025-11-20 07:00:00,0.013283033899831858,0.06085493351158154,0.12097302325451595,-1621116.2716759013
2025-11-20 08:00:00,0.02566085099064158,0.056819895092474676,0.12096357949940584,-1583679.0335194536
2025-11-20 09:00:00,0.0362899234930004,0.058949884889077854,0.12095418154996126,-1403074.6740150156
2025-11-20 10:00:00,0.044445897681245385,0.06291680095021566,0.12094482941101713,-1410897.3753628915
2025-11-20 11:00:00,0.04957295739283227,0.05937985527376909,0.12093552308738469,-1382296.6815024992
2025-11-20 12:00:00,0.05132170198128318,0.04439584625877061,0.12092626258385167,-1394207.0067628562
2025-11-20 13:00:00,0.04957295739283227,0.060019900224992456,0.12091704790518225,-1461394.6552664104
2025-11-20 14:00:00,0.04444589768124539,0.058616899351136044,0.12090787905611701,-1381589.3711454677
2025-11-20 15:00:00,0.036289923493000406,0.0687256670011342,0.12089875604137296,-1480894.3497010896
2025-11-20 16:00:00,0.02566085099064158,0.05711769097375144,0.12088967886564352,-1540378.5624059665
2025-11-20 17:00:00,0.013283033899831874,0.05553235036474632,0.1208806475335985,-1522020.0713197885
2025-11-20 18:00:00,6.2850958058172816e-18,0.056083944153780145,0.12087166204988423,-1479098.2103054589
2025-11-20 19:00:00,0.0,0.0658766729373882,0.1208627224191233,-1498282.3731705952
2025-11-20 20:00:00,0.0,0.04418018472337004,0.12085382864591485,-1517618.637723454
2025-11-20 21:00:00,0.0,0.05787684012984333,0.12084498073483432,-1637854.4528818561
2025-11-20 22:00:00,0.0,0.05779033714563422,0.12083617869043367,-1683717.1261250093
2025-11-20 23:00:00,0.0,0.05351551705273187,0.12082742251724113,-1657124.831236586
2025-11-21 00:00:00,0.0,0.05910633280082944,0.12081871221976148,-1529326.9226399255
2025-11-21 01:00:00,0.0,0.047832494763664586,0.12081004780247574,-1629914.6001430575
2025-11-21 02:00:00,0.0,0.06855984176647074,0.12080142926984143,-1735309.279083811
2025-11-21 03:00:00,0.0,0.052565639655173926,0.12079285662629244,-1605199.9579884529
2025-11-21 04:00:00,0.0,0.047245805153061614,0.12078432987623908,-1669780.466150695
2025-11-21 05:00:00,0.0,0.0660923161964117,0.12077584902406799,-1516766.022792747
2025-11-21 06:00:00,0.0,0.0584910360954957,0.12076741407414222,-1521975.3700711753
2025-11-21 07:00:00,0.012451818031627683,0.06604665964271071,0.12075902503080123,-1570116.2086062108
2025-11-21 08:00:00,0.024055065242002176,0.05403249739275982,0.12075068189836084,-1503154.2645093377
2025-11-21 09:00:00,0.03401899950900912,0.07105758865458019,0.1207423846811133,-1479060.679039357
2025-11-21 10:00:00,0.04166459517853191,0.057644729112926375,0.12073413338332711,-1470814.0698670552
2025-11-21 11:00:00,0.04647081754063681,0.060662741444991994,0.12072592800924732,-1404268.4964558934
2025-11-21 12:00:00,0.048110130484004365,0.06406651932296298,0.1207177685630952,-1530124.4184177811
2025-11-21 13:00:00,0.04647081754063681,0.0614556638026839,0.12070965504906848,-1403327.3197060598
2025-11-21 14:00:00,0.04166459517853192,0.06504856942410239,0.12070158747134124,-1497085.561737141
2025-11-21 15:00:00,0.03401899950900913,0.046651115664176235,0.12069356583406392,-1544901.1199030983
2025-11-21 16:00:00,0.024055065242002176,0.05056926576007274,0.12068559014136333,-1437215.492915606
2025-11-21 17:00:00,0.012451818031627697,0.06213824214692286,0.12067766039734266,-1445268.2222151698
2025-11-21 18:00:00,5.891791730379745e-18,0.062214225390114064,0.12066977660608143,-1629718.1755335254
2025-11-21 19:00:00,0.0,0.07151109559742148,0.12066193877163556,-1537678.1878789423
2025-11-21 20:00:00,0.0,0.05546880795270602,0.12065414689803725,-1662918.1181423136
2025-11-21 21:00:00,0.0,0.05416039548567111,0.12064640098929513,-1551092.846360196
2025-11-21 22:00:00,0.0,0.060855643027571814,0.12063870104939418,-1570175.2536521137
2025-11-21 23:00:00,0.0,0.05382225445506803,0.1206310470822957,-1580377.5532465498
2025-11-22 00:00:00,0.0,0.057498971964513916,0.12062343909193733,-1583767.6582779395
2025-11-22 01:00:00,0.0,0.05910745531430712,0.12061587708223309,-1742616.172654505
2025-11-22 02:00:00,0.0,0.06024770753689452,0.12060836105707334,-1594371.8892457616
2025-11-22 03:00:00,0.0,0.06574313746578164,0.12060089102032476,-1646922.5490193132
2025-11-22 04:00:00,0.0,0.06995953575903231,0.1205934669758304,-1590047.7406170324
2025-11-22 05:00:00,0.0,0.0663516281251167,0.12058608892740957,-1682492.741231906
2025-11-22 06:00:00,0.0,0.06776986160800169,0.12057875687885808,-1595473.2459517713
2025-11-22 07:00:00,0.011645672546822076,0.06564240466070034,0.12057147083394791,-1383535.6539868803
2025-11-22 08:00:00,0.022497711754962065,0.05535354871623164,0.12056423079642743,-1512151.5921774763
2025-11-22 09:00:00,0.03181656908622796,0.06947671364542511,0.1205570367700214,-1502081.6452755912
2025-11-22 10:00:00,0.03896717981363387,0.05478817777018481,0.12054988875843081,-1318136.6376313993
2025-11-22 11:00:00,0.04346224163305004,0.06438112811314162,0.12054278676533307,-1337819.5956388079
2025-11-22 12:00:00,0.04499542350992414,0.0701382265263392,0.12053573079438183,-1387274.1524810095
2025-11-22 13:00:00,0.04346224163305004,0.05227440511664061,0.12052872084920714,-1356112.628476828
2025-11-22 14:00:00,0.03896717981363387,0.055051725266202604,0.12052175693341528,-1438739.4267812127
2025-11-22 15:00:00,0.031816569086227965,0.07119782274062028,0.12051483905058896,-1497996.9819219143
2025-11-22 16:00:00,0.022497711754962065,0.061632148519703854,0.12050796720428714,-1613044.507519956
2025-11-22 17:00:00,0.01164567254682209,0.046799168633661986,0.12050114139804508,-1577121.3301692219
2025-11-22 18:00:00,5.510350137770816e-18,0.06393650849267717,0.1204943616353744,-1563752.0090978078
2025-11-22 19:00:00,0.0,0.053088114093961,0.12048762791976303,-1592655.9914360892
2025-11-22 20:00:00,0.0,0.0633275496156399,0.12048094025467518,-1680481.260688804
2025-11-22 21:00:00,0.0,0.06787866001473883,0.12047429864355141,-1653693.5158364445
2025-11-22 22:00:00,0.0,0.048321584008279767,0.12046770308980856,-1557885.4302346627
2025-11-22 23:00:00,0.0,0.05109108172006745,0.12046115359683972,-1630482.9171659711
2025-11-23 00:00:00,0.0,0.051223654868260644,0.12045465016801442,-1673969.8742280423
2025-11-23 01:00:00,0.0,0.06210601081153949,0.12044819280667836,-1680973.4345524956
2025-11-23 02:00:00,0.0,0.07432016844400324,0.12044178151615362,-1722666.9257400667
2025-11-23 03:00:00,0.0,0.050941181999548404,0.12043541629973853,-1643731.383451667
2025-11-23 04:00:00,0.0,0.056425900460907265,0.12042909716070777,-1629375.1400457707
2025-11-23 05:00:00,0.0,0.05785929297362552,0.12042282410231223,-1634409.4565949563
2025-11-23 06:00:00,0.0,0.07385195251992596,0.1204165971277792,-1645748.1178015443
2025-11-23 07:00:00,0.010864836323720317,0.0664933871605332,0.1204104162403122,-1610210.3649370389
2025-11-23 08:00:00,0.02098925200697006,0.06218755351661654,0.12040428144309104,-1542300.4030802632
2025-11-23 09:00:00,0.029683284852323764,0.06948341757816143,0.12039819273927183,-1446181.198875943
2025-11-23 10:00:00,0.036354450888939176,0.060046298429391055,0.12039215013198692,-1445728.533575013
2025-11-23 11:00:00,0.04054812117604409,0.06415888930544102,0.12038615362434506,-1453489.059831072
2025-11-23 12:00:00,0.04197850401394013,0.048303176648320234,0.12038020321943117,-1409897.0423531674
2025-11-23 13:00:00,0.04054812117604409,0.052539062347827056,0.12037429892030652,-1364154.6382201817
2025-11-23 14:00:00,0.03635445088893918,0.0630104228320065,0.1203684407300086,-1486823.9634325986
2025-11-23 15:00:00,0.02968328485232377,0.061929287586394495,0.12036262865155124,-1389383.8188855997
2025-11-23 16:00:00,0.02098925200697006,0.06625620049039427,0.12035686268792453,-1473822.1817653808
2025-11-23 17:00:00,0.01086483632372033,0.057779001200655225,0.12035114284209479,-1429697.7156749011
2025-11-23 18:00:00,5.140884057366609e-18,0.05339730132328003,0.12034546911700467,-1575219.009489597
2025-11-23 19:00:00,0.0,0.05028444803167486,0.1203398415155731,-1580278.0724830395
2025-11-23 20:00:00,0.0,0.05585426960855013,0.12033426004069524,-1599348.1408269196
2025-11-23 21:00:00,0.0,0.05814422057287879,0.12032872469524249,-1636308.47763683
2025-11-23 22:00:00,0.0,0.07547641715164179,0.12032323548206261,-1531515.2611606969
2025-11-23 23:00:00,0.0,0.05875607136981473,0.12031779240397958,-1663642.3569381016
2025-11-24 00:00:00,0.0,0.049291115370097616,0.12031239546379364,-1578226.6927217604
2025-11-24 01:00:00,0.0,0.05381340847546575,0.12030704466428128,-1634903.3906834214
2025-11-24 02:00:00,0.0,0.05349649879221577,0.1203017400081953,-1766488.531900101
2025-11-24 03:00:00,0.0,0.06992284985614755,0.12029648149826472,-1539055.2939403008
2025-11-24 04:00:00,0.0,0.057430189185549915,0.12029126913719482,-1663430.5560848578
2025-11-24 05:00:00,0.0,0.0539088783183546,0.12028610292766717,-1594090.241451825
2025-11-24 06:00:00,0.0,0.05810643015583306,0.12028098287233957,-1524265.3521568272
2025-11-24 07:00:00,0.010109540740947064,0.05444279743770122,0.12027590897384606,-1538779.3485792305
2025-11-24 08:00:00,0.019530132987204584,0.055246746515553696,0.12027088123479701,-1474309.68652645
2025-11-24 09:00:00,0.027619778945454893,0.0780204812210616,0.12026589965777895,-1517151.2944247206
2025-11-24 10:00:00,0.03382718261241527,0.06935485541894902,0.1202609642453547,-1413931.877144
2025-11-24 11:00:00,0.03772931968640196,0.07071832135157326,0.12025607500006334,-1444139.8396442065
2025-11-24 12:00:00,0.039060265974409175,0.07532677088623549,0.12025123192442022,-1366639.7494239553
2025-11-24 13:00:00,0.03772931968640196,0.07784228198220874,0.12024643502091685,-1477682.1452490874
2025-11-24 14:00:00,0.033827182612415276,0.05364739148841631,0.12024168429202109,-1435567.091408266
2025-11-24 15:00:00,0.0276197789454549,0.060958489470831524,0.12023697974017698,-1418007.5422949425
2025-11-24 16:00:00,0.019530132987204584,0.06753153131658524,0.12023232136780485,-1510786.4187942706
2025-11-24 17:00:00,0.010109540740947075,0.07956181589289801,0.12022770917730119,-1548102.0604328455
2025-11-24 18:00:00,4.783502969940447e-18,0.06652585310525391,0.12022314317103884,-1530316.0399917923
2025-11-24 19:00:00,0.0,0.059654061453139395,0.12021862335136681,-1554938.0008127592
2025-11-24 20:00:00,0.0,0.05068434508248482,0.12021414972061037,-1612179.928088051
2025-11-24 21:00:00,0.0,0.06267272641536852,0.12020972228107099,-1633816.8097955426
2025-11-24 22:00:00,0.0,0.05490466363656849,0.12020534103502645,-1649436.2025603054
2025-11-24 23:00:00,0.0,0.05234640621618521,0.1202010059847307,-1689185.004798432
2025-11-25 00:00:00,0.0,0.06258224009952869,0.12019671713241399,-1651042.0486942474
2025-11-25 01:00:00,0.0,0.07919631867220404,0.12019247448028272,-1670260.0998879897
2025-11-25 02:00:00,0.0,0.05295020239069951,0.12018827803051957,-1658090.8587790476
2025-11-25 03:00:00,0.0,0.06831765193860355,0.12018412778528346,-1784435.987442199
2025-11-25 04:00:00,0.0,0.060011070563724844,0.12018002374670951,-1593145.7584280062
2025-11-25 05:00:00,0.0,0.05814429157880538,0.1201759659169091,-1708635.6161998531
2025-11-25 06:00:00,0.0,0.07825299384043025,0.12017195429796981,-1491218.3058404573
2025-11-25 07:00:00,0.009380009608884188,0.06688781482078676,0.12016798889195547,-1528322.7725625222
2025-11-25 08:00:00,0.018120787064121718,0.07533954071587559,0.1201640697009061,-1564482.361349974
2025-11-25 09:00:00,0.025626662826955877,0.057753404455902685,0.12016019672683798,-1509211.4381479556
2025-11-25 10:00:00,0.03138612386819569,0.0793449184702202,0.12015636997174359,-1433492.8781137913
2025-11-25 11:00:00,0.03500667243584007,0.07391655752060902,0.12015258943759165,-1477248.8958426877
2025-11-25 12:00:00,0.03624157412824344,0.06506875039344437,0.1201488551263271,-1521779.3241484736
2025-11-25 13:00:00,0.03500667243584007,0.08004654159596923,0.12014516703987109,-1474143.0112660644
2025-11-25 14:00:00,0.03138612386819569,0.07308247432691962,0.12014152518012097,-1517480.0889280646
2025-11-25 15:00:00,0.025626662826955877,0.06745405437107548,0.12013792954895036,-1425693.5447315057
2025-11-25 16:00:00,0.018120787064121718,0.05219042653228927,0.12013438014820906,-1434507.9238860353
2025-11-25 17:00:00,0.009380009608884198,0.05437582368381854,0.12013087697972308,-1572287.6488108898
2025-11-25 18:00:00,4.438312775221486e-18,0.07335757113922806,0.12012742004529468,-1617258.9368085237
2025-11-25 19:00:00,0.0,0.0825893275947327,0.1201240093467023,-1532198.17256342
2025-11-25 20:00:00,0.0,0.05312019580466226,0.12012064488570061,-1626977.5013454964
2025-11-25 21:00:00,0.0,0.0662416241330498,0.1201173266640205,-1663678.8590887366
2025-11-25 22:00:00,0.0,0.053275385487695094,0.12011405468336905,-1669576.601737312
2025-11-25 23:00:00,0.0,0.07049870317689208,0.12011082894542957,-1599208.0389283537
2025-11-26 00:00:00,0.0,0.06324423999595351,0.12010764945186156,-1696397.5507832353
2025-11-26 01:00:00,0.0,0.06044661593303486,0.12010451620430075,-1638058.552729599
2025-11-26 02:00:00,0.0,0.06258445201227397,0.1201014292043591,-1577723.9411126764
2025-11-26 03:00:00,0.0,0.060076881385591,0.1200983884536247,-1611118.4312512933
2025-11-26 04:00:00,0.0,0.08091412654441026,0.12009539395366192,-1564852.3887734434
2025-11-26 05:00:00,0.0,0.07285457674899996,0.12009244570601128,-1491822.6054230174
2025-11-26 06:00:00,0.0,0.06537683649724145,0.12008954371218958,-1585473.1337229728
2025-11-26 07:00:00,0.008676459103350591,0.0619894562949264,0.12008668797368975,-1539184.7706638032
2025-11-26 08:00:00,0.016761631857334456,0.06878795806741649,0.12008387849198097,-1572746.8650749566
2025-11-26 09:00:00,0.02370452710014732,0.07904601530849481,0.12008111526850859,-1543383.8055003686
2025-11-26 10:00:00,0.02903199799466837,0.07344376062913528,0.12007839830469419,-1400653.1696173218
2025-11-26 11:00:00,0.03238098620349792,0.07267678795985848,0.12007572760193552,-1470510.2951014214
2025-11-26 12:00:00,0.03352326371466892,0.0738009017890484,0.12007310316160659,-1414606.8313293688
2025-11-26 13:00:00,0.03238098620349792,0.062466744443606385,0.1200705249850575,-1537513.0556478677
2025-11-26 14:00:00,0.029031997994668372,0.06362172969735497,0.1200679930736147,-1475682.517791627
2025-11-26 15:00:00,0.023704527100147324,0.055851834448372356,0.1200655074285807,-1479758.4841339688
2025-11-26 16:00:00,0.016761631857334456,0.06524157954714935,0.12006306805123428,-1512926.8605565992
2025-11-26 17:00:00,0.0086764591033506,0.06284829421876438,0.1200606749428304,-1582752.0380416599
2025-11-26 18:00:00,4.10541576051419e-18,0.08008721223692246,0.12005832810460022,-1541846.1724667572
2025-11-26 19:00:00,0.0,0.05670126062126184,0.12005602753775112,-1606694.450846318
2025-11-26 20:00:00,0.0,0.07377586227792213,0.12005377324346661,-1614869.1680431985
2025-11-26 21:00:00,0.0,0.06047824101937373,0.12005156522290643,-1598163.7225026796
2025-11-26 22:00:00,0.0,0.08407935155477973,0.12004940347720655,-1635881.8746723598
2025-11-26 23:00:00,0.0,0.05638903247950847,0.12004728800747909,-1638038.7213857735
2025-11-27 00:00:00,0.0,0.08183840747197535,0.12004521881481238,-1716299.0203941476
2025-11-27 01:00:00,0.0,0.07878233195766622,0.12004319590027092,-1716442.2353051782
2025-11-27 02:00:00,0.0,0.06979479684804743,0.12004121926489543,-1692397.9239385596
2025-11-27 03:00:00,0.0,0.0793578988164389,0.12003928890970282,-1621247.6688191404
2025-11-27 04:00:00,0.0,0.07056306118885164,0.12003740483568613,-1558452.4533168294
2025-11-27 05:00:00,0.0,0.06567043402421761,0.12003556704381471,-1639367.6478447346
2025-11-27 06:00:00,0.0,0.05788738260285263,0.120033775535034,-1604880.4315021466
2025-11-27 07:00:00,0.007999097701545032,0.07298396285704092,0.12003203031026564,-1519978.1192380027
2025-11-27 08:00:00,0.01545307011386374,0.07574694286009252,0.12003033137040751,-1565015.1906271118
2025-11-27 09:00:00,0.021853941335328454,0.06797993134464694,0.12002867871633362,-1478577.494122216
2025-11-27 10:00:00,0.026765502570136178,0.07132009548471012,0.12002707234889422,-1432246.4748314803
2025-11-27 11:00:00,0.029853039036873488,0.055990731678356914,0.1200255122689157,-1412800.983708044
2025-11-27 12:00:00,0.030906140227727488,0.06528621086279551,0.12002399847720067,-1347805.81738632
2025-11-27 13:00:00,0.029853039036873488,0.06524287510429128,0.12002253097452789,-1403885.94017346
2025-11-27 14:00:00,0.026765502570136185,0.08294920598965255,0.12002110976165237,-1465862.9813845146
2025-11-27 15:00:00,0.021853941335328458,0.08344772606307642,0.12001973483930525,-1466545.193118392
2025-11-27 16:00:00,0.01545307011386374,0.08188492517718461,0.12001840620819387,-1441248.1655873905
2025-11-27 17:00:00,0.00799909770154504,0.0639996446251157,0.12001712386900176,-1598493.4812654746
2025-11-27 18:00:00,3.784910570388572e-18,0.08088308556270664,0.12001588782238864,-1544649.9273256848
2025-11-27 19:00:00,0.0,0.08033761160924302,0.12001469806899039,-1603695.732115902
2025-11-27 20:00:00,0.0,0.05602114066401705,0.12001355460941909,-1628194.3249734389
2025-11-27 21:00:00,0.0,0.08797250836284781,0.12001245744426303,-1619842.1253351679
2025-11-27 22:00:00,0.0,0.07234429707762521,0.12001140657408663,-1706603.0154539002
2025-11-27 23:00:00,0.0,0.06966604172512518,0.12001040199943053,-1595291.1202548482
2025-11-28 00:00:00,0.0,0.06386863660809905,0.12000944372081154,-1696714.0027064783
2025-11-28 01:00:00,0.0,0.06341592474790195,0.12000853173872265,-1622767.0058416473
2025-11-28 02:00:00,0.0,0.08408321756338452,0.12000766605363308,-1631366.4030303047
2025-11-28 03:00:00,0.0,0.05763697357591581,0.12000684666598813,-1653141.4808714592
2025-11-28 04:00:00,0.0,0.08400932453577527,0.12000607357620938,-1654584.3289291887
2025-11-28 05:00:00,0.0,0.06428041222163546,0.12000534678469454,-1574760.8150088708
2025-11-28 06:00:00,0.0,0.08002029507134896,0.12000466629181752,-1585410.6204915496
2025-11-28 07:00:00,0.007348126120269421,0.07991296031410626,0.12000403209792841,-1547214.0664467718
2025-11-28 08:00:00,0.01419548958879505,0.06788896072563284,0.12000344420335347,-1628408.9663395432
2025-11-28 09:00:00,0.02007545390100003,0.06930276711994204,0.12000290260839516,-1439514.9997726704
2025-11-28 10:00:00,0.024587309206108056,0.07844008105278516,0.12000240731333207,-1466736.869353938
2025-11-28 11:00:00,0.027423580021269454,0.0722193119235859,0.12000195831841906,-1427966.4743989783
2025-11-28 12:00:00,0.028390979177590106,0.07867543904760466,0.1200015556238871,-1417221.1831506456
2025-11-28 13:00:00,0.027423580021269454,0.06719582450989489,0.12000119922994334,-1500945.1331173852
2025-11-28 14:00:00,0.024587309206108063,0.07911121770122588,0.12000088913677118,-1471610.2482155473
2025-11-28 15:00:00,0.020075453901000035,0.06773234065549567,0.12000062534453011,-1489867.4391064497
2025-11-28 16:00:00,0.01419548958879505,0.08744451457829913,0.12000040785335583,-1502707.3210921786
2025-11-28 17:00:00,0.007348126120269428,0.06562666854146454,0.12000023666336027,-1537298.5282013179
2025-11-28 18:00:00,3.476892177449488e-18,0.057919568850911714,0.12000011177463146,-1558942.6173406902
2025-11-28 19:00:00,0.0,0.07672064872967184,0.12000003318723369,-1590390.8724731666
2025-11-28 20:00:00,0.0,0.07950787897325247,0.12000000090120738,-1650378.9487861986
2025-11-28 21:00:00,0.0,0.07875024411958773,0.12000001491656911,-1608515.20958142
2025-11-28 22:00:00,0.0,0.07461526581030911,0.1200000752333117,-1533408.0064050185
2025-11-28 23:00:00,0.0,0.08375124206660237,0.12000018185140413,-1622574.094133146
2025-11-29 00:00:00,0.0,0.05991982420556424,0.12000033477079149,-1630171.6507963226
2025-11-29 01:00:00,0.0,0.07227930781988294,0.12000053399139517,-1717184.6009404159
2025-11-29 02:00:00,0.0,0.07842574788547772,0.12000077951311267,-1692520.4586177832
2025-11-29 03:00:00,0.0,0.07961819215995276,0.12000107133581764,-1742447.05400546
2025-11-29 04:00:00,0.0,0.06348566203287574,0.12000140945936,-1586219.4319330964
2025-11-29 05:00:00,0.0,0.08639666093653589,0.12000179388356576,-1681397.8431548588
2025-11-29 06:00:00,0.0,0.08821194086746337,0.12000222460823717,-1613889.003589016
2025-11-29 07:00:00,0.00672373725645246,0.07521544968434227,0.12000270163315263,-1672600.5792419296
2025-11-29 08:00:00,0.012989262930378869,0.062038285141403963,0.12000322495806673,-1553624.957965448
2025-11-29 09:00:00,0.01836959180137189,0.08740464332222628,0.12000379458271025,-1481560.0253001906
2025-11-29 10:00:00,0.022498063348287207,0.07372835196660904,0.12000441050679012,-1389285.0666655384
2025-11-29 11:00:00,0.025093329057824354,0.091350700503211,0.1200050727299895,-1453470.255860706
2025-11-29 12:00:00,0.025978525860757745,0.05972634288843327,0.12000578125196769,-1514464.805179232
2025-11-29 13:00:00,0.025093329057824354,0.09032913475558531,0.12000653607236017,-1461543.654075979
2025-11-29 14:00:00,0.02249806334828721,0.07226710172458321,0.12000733719077865,-1401150.7117276755
2025-11-29 15:00:00,0.018369591801371894,0.06255719540430012,0.12000818460681094,-1483417.035279612
2025-11-29 16:00:00,0.012989262930378869,0.08070190505457045,0.12000907832002113,-1567435.3039653779
2025-11-29 17:00:00,0.006723737256452467,0.08427540391792081,0.1200100183299494,-1562657.0586659713
2025-11-29 18:00:00,3.181451854194371e-18,0.06462187344810562,0.12001100463611215,-1513732.4493134548
2025-11-29 19:00:00,0.0,0.06394137169577915,0.120012037238002,-1521765.5134881686
2025-11-29 20:00:00,0.0,0.08840991486257821,0.12001311613508768,-1651867.140248503
2025-11-29 21:00:00,0.0,0.06550872052949601,0.1200142413268142,-1557335.370861464
2025-11-29 22:00:00,0.0,0.07602986431039563,0.12001541281260261,-1704300.7450314502
2025-11-29 23:00:00,0.0,0.07909373516590816,0.12001663059185029,-1749729.4697810651
2025-11-30 00:00:00,0.0,0.06878963082596759,0.12001789466393072,-1802577.0483819107
2025-11-30 01:00:00,0.0,0.06463367141454442,0.1200192050281936,-1544083.3355703934
2025-11-30 02:00:00,0.0,0.08045695616805268,0.12002056168396477,-1655165.0280904723
2025-11-30 03:00:00,0.0,0.08045041330019541,0.12002196463054632,-1732376.145983975
2025-11-30 04:00:00,0.0,0.06192784770449908,0.12002341386721645,-1588986.9049470718
2025-11-30 05:00:00,0.0,0.08324355799927641,0.12002490939322963,-1612912.0368226073
2025-11-30 06:00:00,0.0,0.06624886539434388,0.12002645120781645,-1503964.7937253376
2025-11-30 07:00:00,0.006126116129989912,0.062198763224734034,0.12002803931018372,-1566351.0972774785
2025-11-30 08:00:00,0.011834747569606587,0.08186610986637693,0.12002967369951438,-1597036.3714900913
2025-11-30 09:00:00,0.016736860520199664,0.06819402855627114,0.12003135437496767,-1490622.3314613344
2025-11-30 10:00:00,0.020498384085310902,0.0884249725874797,0.12003308133567892,-1432273.341774473
2025-11-30 11:00:00,0.02286297665018958,0.07466566441383324,0.12003485458075965,-1577256.0628760525
2025-11-30 12:00:00,0.02366949513921318,0.07668875145699439,0.12003667410929764,-1339485.5767210627
2025-11-30 13:00:00,0.02286297665018958,0.08085109236759969,0.12003853992035678,-1485090.3250061537
2025-11-30 14:00:00,0.020498384085310906,0.09492715558195106,0.12004045201297721,-1466847.489561134
2025-11-30 15:00:00,0.016736860520199667,0.08420130436684078,0.12004241038617523,-1491186.3450532258
2025-11-30 16:00:00,0.011834747569606587,0.08120413864980512,0.12004441503894334,-1463009.1052021938
2025-11-30 17:00:00,0.006126116129989919,0.08959275544189046,0.1200464659702502,-1541087.8507798077
2025-11-30 18:00:00,2.898677145967126e-18,0.09046506441934252,0.12004856317904074,-1552734.091374671
2025-11-30 19:00:00,0.0,0.08846286845168279,0.12005070666423598,-1592319.8986580025
2025-11-30 20:00:00,0.0,0.07519412651545429,0.12005289642473319,-1608504.5524518345
2025-11-30 21:00:00,0.0,0.0739957726235793,0.12005513245940586,-1656864.6405840178
2025-11-30 22:00:00,0.0,0.06924576720946317,0.12005741476710359,-1665691.4131049507
2025-11-30 23:00:00,0.0,0.06937916388176522,0.12005974334665227,-1712083.6278585652
2025-12-01 00:00:00,0.0,0.09696668600240477,0.12006211819685392,-1710250.434328704
2025-12-01 01:00:00,0.0,0.09356810741038661,0.12006453931648675,-1653943.1739120355
2025-12-01 02:00:00,0.0,0.0790368161388588,0.12006700670430526,-1607076.8516850956
2025-12-01 03:00:00,0.0,0.09113468146292443,0.12006952035903999,-1652421.057236173
2025-12-01 04:00:00,0.0,0.09253994226069984,0.12007208027939784,-1796860.171833869
2025-12-01 05:00:00,0.0,0.06694335535999146,0.1200746864640618,-1666828.633945847
2025-12-01 06:00:00,0.0,0.09512662915660768,0.12007733891169109,-1606030.6650525264
2025-12-01 07:00:00,0.005555439828919292,0.09701765456873694,0.12008003762092112,-1560277.857604741
2025-12-01 08:00:00,0.010732285614296134,0.08078927027602222,0.12008278259036355,-1452816.134780899
2025-12-01 09:00:00,0.015177743870999256,0.088967536600397,0.12008557381860618,-1610015.8322549153
2025-12-01 10:00:00,0.018588863965301464,0.0985829228783936,0.12008841130421305,-1514800.2012697821
2025-12-01 11:00:00,0.020733183699918552,0.08515414021377017,0.12009129504572437,-1453350.243387586
2025-12-01 12:00:00,0.021464571228592272,0.09067649525902428,0.12009422504165658,-1590635.3243909504
2025-12-01 13:00:00,0.020733183699918552,0.0920896835276094,0.1200972012905023,-1557889.6428869434
2025-12-01 14:00:00,0.018588863965301468,0.08699280646791502,0.12010022379073039,-1445978.7952039142
2025-12-01 15:00:00,0.01517774387099926,0.07037715269367098,0.12010329254078589,-1348992.7298512626
2025-12-01 16:00:00,0.010732285614296134,0.06378804457375564,0.12010640753909003,-1595833.3507382215
2025-12-01 17:00:00,0.005555439828919298,0.06761336734197204,0.12010956878404032,-1489519.8885506284
2025-12-01 18:00:00,2.6286518450165895e-18,0.07033651874556522,0.12011277627401036,-1480758.9303415874
2025-12-01 19:00:00,0.0,0.07278329675130456,0.12011603000735006,-1562790.099581061
2025-12-01 20:00:00,0.0,0.10030112035103823,0.12011932998238552,-1641875.7618243266
2025-12-01 21:00:00,0.0,0.08088629029166199,0.12012267619741901,-1641540.3155842645
2025-12-01 22:00:00,0.0,0.09628773251532981,0.12012606865072904,-1716969.8431837384
2025-12-01 23:00:00,0.0,0.0739420238148913,0.12012950734057033,-1741788.6403474284
2025-12-02 00:00:00,0.0,0.07853213326909336,0.12013299226517382,-1679140.4753065335
2025-12-02 01:00:00,0.0,0.07475112264948501,0.12013652342274665,-1631097.5037192146
2025-12-02 02:00:00,0.0,0.0711388397084616,0.1201401008114722,-1698849.3131168734
2025-12-02 03:00:00,0.0,0.09824284493637464,0.12014372442951,-1671926.849312577
2025-12-02 04:00:00,0.0,0.07503871640250881,0.12014739427499588,-1617753.7723045333
2025-12-02 05:00:00,0.0,0.07813851913303099,0.12015111034604187,-1675252.4417615118
2025-12-02 06:00:00,0.0,0.09485050761584198,0.12015487264073615,-1634769.3131226003
2025-12-02 07:00:00,0.0050118774569447464,0.07066314838934484,0.12015868115714319,-1511379.5088713123
2025-12-02 08:00:00,0.009682203747717817,0.09211882956863451,0.1201625358933037,-1546258.4728474044
2025-12-02 09:00:00,0.013692703853682146,0.07841861160149072,0.1201664368472345,-1605775.3895841364
2025-12-02 10:00:00,0.016770068820281057,0.09471330370294428,0.12017038401692877,-1378031.4995027934
2025-12-02 11:00:00,0.018704581310626897,0.06556880178217504,0.12017437740035583,-1549480.8508093245
2025-12-02 12:00:00,0.019364407495435637,0.06861820965457971,0.12017841699546122,-1459795.1904585536
2025-12-02 13:00:00,0.018704581310626897,0.07577792106070232,0.12018250280016676,-1410367.0196977502
2025-12-02 14:00:00,0.016770068820281057,0.06458127301022265,0.12018663481237046,-1459023.2797527476
2025-12-02 15:00:00,0.01369270385368215,0.09894977352580969,0.12019081302994655,-1397060.955198723
2025-12-02 16:00:00,0.009682203747717817,0.09308783377895677,0.12019503745074553,-1499299.51313541
2025-12-02 17:00:00,0.0050118774569447525,0.0981872493932109,0.12019930807259409,-1484639.8920118902
2025-12-02 18:00:00,2.371455965667027e-18,0.09783567475712898,0.12020362489329517,-1601372.5808689154
2025-12-02 19:00:00,0.0,0.08266696819086282,0.12020798791062795,-1564421.4023612577
2025-12-02 20:00:00,0.0,0.09038259086988767,0.1202123971223478,-1576874.1491961435
2025-12-02 21:00:00,0.0,0.09681451118358622,0.12021685252618639,-1658870.6132532626
2025-12-02 22:00:00,0.0,0.06545844110025635,0.12022135411985158,-1620024.778684853
2025-12-02 23:00:00,0.0,0.08261911167908655,0.12022590190102748,-1642865.744504363
2025-12-03 00:00:00,0.0,0.07887885142826888,0.12023049586737444,-1662521.7581327145
2025-12-03 01:00:00,0.0,0.08256737292190126,0.12023513601652905,-1730316.6960534202
2025-12-03 02:00:00,0.0,0.07892546465510353,0.12023982234610414,-1699703.9117500703
2025-12-03 03:00:00,0.0,0.07681262269104519,0.12024455485368879,-1654834.1962409683
2025-12-03 04:00:00,0.0,0.09383744846442986,0.1202493335368483,-1681316.6931538307
2025-12-03 05:00:00,0.0,0.08035327177870445,0.12025415839312426,-1693878.290221529
2025-12-03 06:00:00,0.0,0.08807797383366935,0.12025902942003443,-1559808.7680199204
2025-12-03 07:00:00,0.0044955900833282035,0.06984143862273468,0.12026394661507286,-1538898.1528692825
2025-12-03 08:00:00,0.008684813131791471,0.0703630735125647,0.1202689099757099,-1520369.0848073675
2025-12-03 09:00:00,0.012282180517655455,0.08908242384624807,0.12027391949939206,-1536046.3743014482
2025-12-03 10:00:00,0.015042537598504211,0.07056406741530533,0.12027897518354216,-1507221.6286021743
2025-12-03 11:00:00,0.01677777060098366,0.0681492412316563,0.12028407702555924,-1449398.5691302258
2025-12-03 12:00:00,0.017369626263582946,0.08625798203229491,0.12028922502281862,-1501287.7800693223
2025-12-03 13:00:00,0.01677777060098366,0.08237937913401427,0.12029441917267186,-1579813.6546959167
2025-12-03 14:00:00,0.015042537598504211,0.08389247814962826,0.12029965947244678,-1456896.3753551084
2025-12-03 15:00:00,0.012282180517655455,0.08687958048265232,0.12030494591944745,-1518120.8123904488
2025-12-03 16:00:00,0.008684813131791471,0.06745307153791533,0.1203102785109542,-1532233.4189988854
2025-12-03 17:00:00,0.004495590083328208,0.07841429054794512,0.12031565724422363,-1417563.128296794
2025-12-03 18:00:00,2.1271657206082655e-18,0.07246621508257188,0.12032108211648859,-1492365.6784835209
2025-12-03 19:00:00,0.0,0.08002936464863548,0.12032655312495823,-1570622.979698724
2025-12-03 20:00:00,0.0,0.10612615927546219,0.12033207026681791,-1625078.7310823759
2025-12-03 21:00:00,0.0,0.10573393559371252,0.12033763353922929,-1621711.5789397748
2025-12-03 22:00:00,0.0,0.07168319989154458,0.12034324293933027,-1676829.0552432544
2025-12-03 23:00:00,0.0,0.09645383983256912,0.12034889846423506,-1744396.0338497157
2025-12-04 00:00:00,0.0,0.08869486912924376,0.12035460011103413,-1688744.0958927437
2025-12-04 01:00:00,0.0,0.09140451833264415,0.1203603478767942,-1645051.4208791382
2025-12-04 02:00:00,0.0,0.09307605024675479,0.12036614175855825,-1680980.9238781834
2025-12-04 03:00:00,0.0,0.0928321693830158,0.1203719817533456,-1661045.6329966036
2025-12-04 04:00:00,0.0,0.0906711060623176,0.12037786785815179,-1731416.503563366
2025-12-04 05:00:00,0.0,0.10668320576770718,0.12038380006994866,-1550974.806337861
2025-12-04 06:00:00,0.0,0.09724841880033254,0.12038977838568429,-1539577.895795523
2025-12-04 07:00:00,0.004006730695160792,0.10451857960109656,0.12039580280228314,-1576910.680472596
2025-12-04 08:00:00,0.007740409314881921,0.07315372586786455,0.12040187331664583,-1489271.9460840106
2025-12-04 09:00:00,0.010946591831425052,0.0890852172446559,0.12040798992564937,-1559259.3408246802
2025-12-04 10:00:00,0.013406782204754893,0.09191478220750564,0.12041415262614699,-1477177.591092093
2025-12-04 11:00:00,0.014953322526585846,0.08984915768525388,0.1204203614149682,-1407392.2945856492
2025-12-04 12:00:00,0.015480818629763846,0.08835438025566882,0.12042661628891889,-1451845.7390503043
2025-12-04 13:00:00,0.014953322526585846,0.0853441155609025,0.12043291724478111,-1545781.3523927357
2025-12-04 14:00:00,0.013406782204754896,0.10161806568220734,0.12043926427931333,-1422282.5462329804
2025-12-04 15:00:00,0.010946591831425052,0.0952200400884033,0.12044565738925023,-1466304.2140465006
2025-12-04 16:00:00,0.007740409314881921,0.07200950812563706,0.12045209657130279,-1451529.140410673
2025-12-04 17:00:00,0.004006730695160796,0.07610782273880232,0.12045858182215834,-1578341.5968497398
2025-12-04 18:00:00,1.8958534983121008e-18,0.09843923221158554,0.12046511313848046,-1534827.6612039022
2025-12-04 19:00:00,0.0,0.06919490340975873,0.12047169051690908,-1628800.4858601487
2025-12-04 20:00:00,0.0,0.0800700564972576,0.12047831395406036,-1711894.1217020415
2025-12-04 21:00:00,0.0,0.06995195734932683,0.12048498344652686,-1593830.345388913
2025-12-04 22:00:00,0.0,0.10063130997807256,0.12049169899087733,-1546317.344676812
2025-12-04 23:00:00,0.0,0.10869782902383111,0.12049846058365694,-1646425.6390793314
2025-12-05 00:00:00,0.0,0.10430567354343578,0.12050526822138712,-1594844.3607900338
2025-12-05 01:00:00,0.0,0.07987792982083308,0.12051212190056557,-1664053.2577245235
2025-12-05 02:00:00,0.0,0.0838587554954693,0.1205190216176664,-1618144.4864524037
2025-12-05 03:00:00,0.0,0.08666389166141988,0.12052596736913995,-1615425.3442080151
2025-12-05 04:00:00,0.0,0.07240114426008298,0.12053295915141292,-1714085.8847156323
2025-12-05 05:00:00,0.0,0.10449074911142718,0.12053999696088832,-1669224.068870317
2025-12-05 06:00:00,0.0,0.07941931788960245,0.12054708079394547,-1549795.9303947296
2025-12-05 07:00:00,0.003545444152029737,0.10862959877949467,0.12055421064694004,-1592586.6197476832
2025-12-05 08:00:00,0.006849272144222136,0.11049813935553288,0.12056138651620399,-1510769.5681142996
2025-12-05 09:00:00,0.009686333558743196,0.1010803735436992,0.12056860839804563,-1617631.2926697065
2025-12-05 10:00:00,0.011863287348658968,0.0980801296469918,0.1205758762887496,-1482132.3588208347
2025-12-05 11:00:00,0.013231777710772934,0.0767232531160565,0.12058319018457685,-1534363.4381234942
2025-12-05 12:00:00,0.013698544288444275,0.10212852902042623,0.12059055008176466,-1495418.5811672038
2025-12-05 13:00:00,0.013231777710772934,0.09952565460092681,0.12059795597652669,-1421166.9494137177
2025-12-05 14:00:00,0.01186328734865897,0.09763849327002601,0.1206054078650529,-1616071.499404105
2025-12-05 15:00:00,0.009686333558743198,0.07709814197714779,0.12061290574350955,-1482560.2732230898
2025-12-05 16:00:00,0.006849272144222136,0.10970188263695392,0.12062044960803933,-1521208.3504559125
2025-12-05 17:00:00,0.0035454441520297404,0.08213512544722218,0.12062803945476122,-1505206.931421106
2025-12-05 18:00:00,1.677587841582154e-18,0.10826415908378377,0.12063567527977054,-1607536.772842966
2025-12-05 19:00:00,0.0,0.0875204624894975,0.12064335707913894,-1516614.2266912684
2025-12-05 20:00:00,0.0,0.07889686962781452,0.12065108484891446,-1705199.637837692
2025-12-05 21:00:00,0.0,0.08853906686907366,0.12065885858512149,-1653360.802839812
2025-12-05 22:00:00,0.0,0.11208866215023937,0.12066667828376074,-1805278.3702401249
2025-12-05 23:00:00,0.0,0.08728821362546381,0.1206745439408093,-1611763.697981455
2025-12-06 00:00:00,0.0,0.07529723762756836,0.12068245555222058,-1609922.7089288565
2025-12-06 01:00:00,0.0,0.09224476023277141,0.1206904131139244,-1785622.6515447737
2025-12-06 02:00:00,0.0,0.08225365041118785,0.1206984166218269,-1631469.006875569
2025-12-06 03:00:00,0.0,0.08802453262911356,0.1207064660718106,-1755896.3325050154
2025-12-06 04:00:00,0.0,0.081864264141893,0.12071456145973437,-1752933.1169971079
2025-12-06 05:00:00,0.0,0.10970738181971815,0.12072270278143346,-1708327.5419659126
2025-12-06 06:00:00,0.0,0.10598658690367076,0.12073089003271952,-1757937.3749823298
2025-12-06 07:00:00,0.003111867143093087,0.0843173281859261,0.12073912320938049,-1603427.2280694304
2025-12-06 08:00:00,0.006011665682987983,0.09118733388703558,0.12074740230718077,-1556240.7542507055
2025-12-06 09:00:00,0.008501779141334523,0.084696375738525,0.12075572732186107,-1477099.6575368957
2025-12-06 10:00:00,0.010412510401053445,0.07807912251118367,0.12076409824913852,-1426641.412617735
2025-12-06 11:00:00,0.011613646284427612,0.07316695760539324,0.1207725150847066,-1501343.1531713263
2025-12-06 12:00:00,0.01202333136597597,0.10380294780739636,0.12078097782423519,-1481560.000614521
2025-12-06 13:00:00,0.011613646284427612,0.08634347489289275,0.12078948646337057,-1371382.8814113298
2025-12-06 14:00:00,0.010412510401053447,0.11010943971186571,0.12079804099773533,-1506728.2728575552
2025-12-06 15:00:00,0.008501779141334525,0.10494030101685946,0.12080664142292857,-1499847.9664481594
2025-12-06 16:00:00,0.006011665682987983,0.08909606320024134,0.1208152877345257,-1484759.791549956
2025-12-06 17:00:00,0.0031118671430930903,0.10935389708754585,0.12082397992807853,-1557291.2849109706
2025-12-06 18:00:00,1.4724334272430446e-18,0.09053179689830668,0.12083271799911527,-1380308.7207688028
2025-12-06 19:00:00,0.0,0.11524257905382862,0.12084150194314053,-1490797.0103390124
2025-12-06 20:00:00,0.0,0.1015396120361097,0.12085033175563535,-1607723.5917780984
2025-12-06 21:00:00,0.0,0.0771071681028277,0.12085920743205714,-1613941.4499064332
2025-12-06 22:00:00,0.0,0.09081047862445141,0.12086812896783969,-1663308.746494188
2025-12-06 23:00:00,0.0,0.09855270476978834,0.12087709635839324,-1674732.890277882
2025-12-07 00:00:00,0.0,0.11049014147754276,0.12088610959910442,-1739546.2216015547
2025-12-07 01:00:00,0.0,0.0839927150980142,0.12089516868533631,-1732806.1154616359
2025-12-07 02:00:00,0.0,0.09828252107660831,0.12090427361242836,-1626079.9095961947
2025-12-07 03:00:00,0.0,0.10866326984526024,0.12091342437569645,-1678119.9722380878
2025-12-07 04:00:00,0.0,0.0753226158163687,0.12092262097043287,-1767144.5716891105
2025-12-07 05:00:00,0.0,0.10288705273120062,0.12093186339190636,-1632416.0305224704
2025-12-07 06:00:00,0.0,0.10411814363007248,0.12094115163536205,-1631865.4643736633
2025-12-07 07:00:00,0.0027061281465759856,0.08904854164134622,0.12095048569602151,-1631635.7586915018
2025-12-07 08:00:00,0.0052278381320510275,0.09721739813463445,0.12095986556908275,-1603320.7632750713
2025-12-07 09:00:00,0.007393279588237791,0.09049622149907624,0.1209692912497202,-1489004.2939083008
2025-12-07 10:00:00,0.009054881258458354,0.08905466456471467,0.12097876273308471,-1408088.4872904778
2025-12-07 11:00:00,0.010099407734813777,0.10878336477785454,0.12098828001430359,-1557971.8439362869
2025-12-07 12:00:00,0.010455676264102057,0.09502972489372011,0.12099784308848058,-1514885.5421567943
2025-12-07 13:00:00,0.010099407734813777,0.07483917313029023,0.12100745195069589,-1527841.3577858605
2025-12-07 14:00:00,0.009054881258458356,0.10939455089734301,0.1210171065960061,-1411166.0056831613
2025-12-07 15:00:00,0.007393279588237793,0.09205107129744601,0.12102680701944434,-1468480.6486273715
2025-12-07 16:00:00,0.0052278381320510275,0.09278934732248786,0.12103655321602007,-1500263.8180472562
2025-12-07 17:00:00,0.0027061281465759887,0.08743940336239314,0.1210463451807193,-1556661.5085562875
2025-12-07 18:00:00,1.280451046975354e-18,0.08484361978245662,0.12105618290850444,-1607512.3540784526
2025-12-07 19:00:00,0.0,0.0846652426176608,0.12106606639431437,-1609672.494779369
2025-12-07 20:00:00,0.0,0.09429852341704957,0.12107599563306445,-1652173.6099888936
2025-12-07 21:00:00,0.0,0.10856459949058485,0.12108597061964649,-1631873.336531648
2025-12-07 22:00:00,0.0,0.1064483692916366,0.12109599134892875,-1723238.367660773
2025-12-07 23:00:00,0.0,0.10279866822288689,0.12110605781575595,-1659382.0129104163
2025-12-08 00:00:00,0.0,0.07607483526328884,0.12111617001494931,-1645250.5110525545
2025-12-08 01:00:00,0.0,0.10611598212466061,0.12112632794130654,-1730605.3521846305
2025-12-08 02:00:00,0.0,0.1066241585976662,0.12113653158960173,-1709127.7151777179
2025-12-08 03:00:00,0.0,0.07769949343884111,0.12114678095458556,-1694227.8992615154
2025-12-08 04:00:00,0.0,0.09098748836319522,0.12115707603098515,-1693766.7670064387
2025-12-08 05:00:00,0.0,0.11772880580185544,0.12116741681350407,-1676243.8419181653
2025-12-08 06:00:00,0.0,0.1006169582763039,0.12117780329682237,-1617024.6220358033
2025-12-08 07:00:00,0.0023283473916996507,0.08463831079338371,0.1211882354755967,-1585741.2277420938
2025-12-08 08:00:00,0.0044980217564309635,0.11484434803074235,0.12119871334446007,-1496375.4683524093
2025-12-08 09:00:00,0.006361163371793919,0.0771460801917295,0.12120923689802207,-1474490.599034648
2025-12-08 10:00:00,0.007790802215688631,0.11977793664567045,0.12121980613086872,-1460280.5882091676
2025-12-08 11:00:00,0.008689510763493571,0.1076702731403145,0.1212304210375626,-1465052.2621535063
2025-12-08 12:00:00,0.008996043512861929,0.1201537729469403,0.12124108161264274,-1518708.8869263616
2025-12-08 13:00:00,0.008689510763493571,0.0796882404134051,0.12125178785062474,-1464353.2310085474
2025-12-08 14:00:00,0.007790802215688632,0.10011787158823175,0.12126253974600062,-1399741.8704516522
2025-12-08 15:00:00,0.00636116337179392,0.10847040601105365,0.12127333729323898,-1552809.3533139306
2025-12-08 16:00:00,0.0044980217564309635,0.09046325801955007,0.12128418048678495,-1445606.0264765287
2025-12-08 17:00:00,0.002328347391699653,0.11833520813802505,0.1212950693210601,-1599887.6475853405
2025-12-08 18:00:00,1.1016975893016673e-18,0.09334042435253997,0.1213060037904626,-1715909.3367899198
2025-12-08 19:00:00,0.0,0.10355379574133657,0.12131698388936706,-1577220.8300659477
2025-12-08 20:00:00,0.0,0.11849184304017212,0.12132800961212468,-1630228.9855611043
2025-12-08 21:00:00,0.0,0.11280433391255204,0.12133908095306319,-1649964.6611712456
2025-12-08 22:00:00,0.0,0.0905631976839025,0.12135019790648678,-1652974.9097724007
2025-12-08 23:00:00,0.0,0.11504831143053856,0.12136136046667628,-1715770.952888779
2025-12-09 00:00:00,0.0,0.11985001345296549,0.12137256862788894,-1687642.7894483616
2025-12-09 01:00:00,0.0,0.08331680033922026,0.12138382238435866,-1751137.7876910397
2025-12-09 02:00:00,0.0,0.11505994583930787,0.12139512173029582,-1761875.4298298946
2025-12-09 03:00:00,0.0,0.09195171285847907,0.12140646665988737,-1608711.5950974098
2025-12-09 04:00:00,0.0,0.10297670625615116,0.12141785716729676,-1710961.7798589545
2025-12-09 05:00:00,0.0,0.08713987184675837,0.12142929324666407,-1591393.8757169433
2025-12-09 06:00:00,0.0,0.09010214354964141,0.12144077489210588,-1635615.467312867
2025-12-09 07:00:00,0.0019786368230549265,0.10876353599530802,0.12145230209771535,-1597106.7904038685
2025-12-09 08:00:00,0.003822432816470613,0.10505753202620483,0.1214638748575622,-1506639.8539654014
2025-12-09 09:00:00,0.00540573633031273,0.07797602627785877,0.1214754931656927,-1565217.386850191
2025-12-09 10:00:00,0.006620647846645704,0.07935439122183759,0.12148715701612968,-1641470.7852106208
2025-12-09 11:00:00,0.007384373153367657,0.09594926660629809,0.12149886640287258,-1543454.246625609
2025-12-09 12:00:00,0.007644865632941228,0.09979733659583272,0.1215106213198974,-1531743.793571481
2025-12-09 13:00:00,0.007384373153367657,0.0861888614572862,0.1215224217611567,-1495720.6115697594
2025-12-09 14:00:00,0.006620647846645705,0.08829906918413191,0.12153426772057961,-1484933.400931535
2025-12-09 15:00:00,0.00540573633031273,0.08182350196115892,0.12154615919207187,-1531529.8620186634
2025-12-09 16:00:00,0.003822432816470613,0.12460939229561467,0.1215580961695158,-1568028.4534319567
2025-12-09 17:00:00,0.0019786368230549287,0.10642474052315158,0.12157007864677029,-1555630.492255709
2025-12-09 18:00:00,9.36226022729308e-19,0.10610183320978317,0.12158210661767085,-1545679.9368612673
2025-12-09 19:00:00,0.0,0.07990179569450473,0.12159418007602955,-1573934.8604612665
2025-12-09 20:00:00,0.0,0.08670408262765364,0.12160629901563512,-1675168.5578977952
2025-12-09 21:00:00,0.0,0.10605397096474155,0.12161846343025282,-1622561.5779761681
2025-12-09 22:00:00,0.0,0.0898052185201315,0.12163067331362454,-1622049.2813777307
2025-12-09 23:00:00,0.0,0.11521198487163344,0.12164292865946881,-1776794.0524539994
2025-12-10 00:00:00,0.0,0.10701661642230587,0.12165522946148075,-1797802.0999101906
2025-12-10 01:00:00,0.0,0.11857972347528012,0.12166757571333206,-1823539.1305224432
2025-12-10 02:00:00,0.0,0.09210712876350452,0.12167996740867111,-1778003.1350482898
2025-12-10 03:00:00,0.0,0.09389803763334757,0.12169240454112287,-1625899.7200904458
2025-12-10 04:00:00,0.0,0.09394802283325342,0.12170488710428892,-1630122.2871916757
2025-12-10 05:00:00,0.0,0.10082422756534917,0.1217174150917475,-1647188.936820037
2025-12-10 06:00:00,0.0,0.12528594086059106,0.12172998849705347,-1623296.8467046814
2025-12-10 07:00:00,0.0016571000674306946,0.12369428801825695,0.12174260731373829,-1538350.171215857
2025-12-10 08:00:00,0.0032012715037533284,0.09865359706965826,0.12175527153531007,-1550209.8715879866
2025-12-10 09:00:00,0.00452728157744647,0.08949639101574712,0.12176798115525363,-1630801.066596803
2025-12-10 10:00:00,0.005544764893323189,0.0953035450532308,0.12178073616703038,-1544144.818153665
2025-12-10 11:00:00,0.0061843816448771665,0.0870276969491738,0.12179353656407832,-1533237.8317958084
2025-12-10 12:00:00,0.006402543007506659,0.10742678161505631,0.1218063823398122,-1392886.6625405157
2025-12-10 13:00:00,0.0061843816448771665,0.11616913050373133,0.12181927348762339,-1563662.8011856002
2025-12-10 14:00:00,0.005544764893323189,0.1251119375867938,0.1218322100008799,-1540047.8063924254
2025-12-10 15:00:00,0.004527281577446471,0.09094541279978074,0.12184519187292636,-1598298.245905972
2025-12-10 16:00:00,0.0032012715037533284,0.12134752960213503,0.12185821909708422,-1563964.5755400434
2025-12-10 17:00:00,0.0016571000674306963,0.11570925828107353,0.12187129166665145,-1562723.7335188575
2025-12-10 18:00:00,7.840853800546297e-19,0.093575445679067,0.12188440957490271,-1625563.9618984219
2025-12-10 19:00:00,0.0,0.09596064808312571,0.1218975728150894,-1614500.9288907067
2025-12-10 20:00:00,0.0,0.1196803917949292,0.12191078138043952,-1716764.5269736925
2025-12-10 21:00:00,0.0,0.08452296364943049,0.12192403526415786,-1638726.3281764907
2025-12-10 22:00:00,0.0,0.08269936919813144,0.12193733445942576,-1740362.406341502
2025-12-10 23:00:00,0.0,0.11278755130375671,0.12195067895940136,-1609574.3818483832
2025-12-11 00:00:00,0.0,0.124129760711985,0.12196406875721941,-1599378.340925557
2025-12-11 01:00:00,0.0,0.08845228212048961,0.12197750384599144,-1674441.169573599
2025-12-11 02:00:00,0.0,0.09363584574781873,0.12199098421880562,-1663267.7098375624
2025-12-11 03:00:00,0.0,0.12452672485837911,0.12200450986872685,-1769108.818206286
2025-12-11 04:00:00,0.0,0.09450677763253072,0.12201808078879668,-1754127.2423639908
2025-12-11 05:00:00,0.0,0.0929854598316687,0.12203169697203349,-1711753.8884968231
2025-12-11 06:00:00,0.0,0.08989200395189449,0.12204535841143224,-1574108.610638857
2025-12-11 07:00:00,0.0013638324031069748,0.09770557542027428,0.12205906509996468,-1646812.4504251662
2025-12-11 08:00:00,0.0026347218817818203,0.09031744176407742,0.12207281703057929,-1643320.440730403
2025-12-11 09:00:00,0.0037260594182970132,0.10834248447423128,0.12208661419620123,-1582835.3048297665
2025-12-11 10:00:00,0.004563472163059594,0.11874491300633062,0.12210045658973241,-1506955.3445056446
2025-12-11 11:00:00,0.005089891821403988,0.10485745343273187,0.12211434420405148,-1421717.1237930076
2025-12-11 12:00:00,0.0052694437635636415,0.12610098491439253,0.12212827703201384,-1463232.750071786
2025-12-11 13:00:00,0.005089891821403988,0.10176501760058534,0.12214225506645163,-1371811.284434769
2025-12-11 14:00:00,0.004563472163059595,0.09616640271537495,0.12215627830017364,-1442709.149430072
2025-12-11 15:00:00,0.0037260594182970137,0.08452282580505571,0.12217034672596552,-1584510.1820755757
2025-12-11 16:00:00,0.0026347218817818203,0.10691610692317707,0.12218446033658961,-1493895.7052612444
2025-12-11 17:00:00,0.0013638324031069763,0.11324950350787379,0.12219861912478507,-1512507.9542230475
2025-12-11 18:00:00,6.453207438335196e-19,0.10462946682335021,0.12221282308326772,-1548426.2343639485
2025-12-11 19:00:00,0.0,0.10914134120244084,0.12222707220473022,-1688738.524127557
2025-12-11 20:00:00,0.0,0.08646579117093021,0.12224136648184195,-1629909.0192426105
2025-12-11 21:00:00,0.0,0.09960565637873177,0.1222557059072491,-1537854.7354415474
2025-12-11 22:00:00,0.0,0.10872140876960525,0.12227009047357462,-1731430.2949097182
2025-12-11 23:00:00,0.0,0.08993572151292421,0.12228452017341818,-1719266.4185683758
2025-12-12 00:00:00,0.0,0.09050867614240783,0.12229899499935633,-1671508.4779060415
2025-12-12 01:00:00,0.0,0.09126548116111606,0.12231351494394233,-1629343.9327744537
2025-12-12 02:00:00,0.0,0.10150152242073945,0.12232807999970624,-1730486.32684992
2025-12-12 03:00:00,0.0,0.0924582482713782,0.12234269015915493,-1716824.6029472852
2025-12-12 04:00:00,0.0,0.11114000884672717,0.12235734541477207,-1660913.0701167588
2025-12-12 05:00:00,0.0,0.111969559425778,0.1223720457590181,-1620178.2892491342
2025-12-12 06:00:00,0.0,0.11746057705231379,0.12238679118433031,-1634214.200480162
2025-12-12 07:00:00,0.0010989207316219201,0.12025546996934046,0.12240158168312276,-1599155.444179687
2025-12-12 08:00:00,0.0021229518314361813,0.13116627242686338,0.12241641724778633,-1489422.0862789445
2025-12-12 09:00:00,0.003002307272281848,0.125810892687549,0.12243129787068872,-1652207.785926931
2025-12-12 10:00:00,0.0036770604340688653,0.11234861136697,0.12244622354417442,-1361617.906601525
2025-12-12 11:00:00,0.00410122800390377,0.11123941822731173,0.12246119426056482,-1488041.4297924174
2025-12-12 12:00:00,0.004245903662872363,0.12575390221925342,0.12247621001215805,-1443167.2728106275
2025-12-12 13:00:00,0.00410122800390377,0.10054717653431025,0.1224912707912291,-1535745.0338815136
2025-12-12 14:00:00,0.003677060434068866,0.11016183786362081,0.12250637659002984,-1588260.919705672
2025-12-12 15:00:00,0.003002307272281849,0.12299702361047707,0.1225215274007889,-1615730.2854057017
2025-12-12 16:00:00,0.0021229518314361813,0.10786078735397198,0.12253672321571185,-1550287.0522688623
2025-12-12 17:00:00,0.0010989207316219214,0.13118301672061874,0.122551964026981,-1597454.690001372
2025-12-12 18:00:00,5.199732330224663e-19,0.09751684067990556,0.1225672498267556,-1557610.2566720652
2025-12-12 19:00:00,0.0,0.09652776630050061,0.1225825806071717,-1572094.5667131809
2025-12-12 20:00:00,0.0,0.13285842015552868,0.12259795636034225,-1670017.6641356659
2025-12-12 21:00:00,0.0,0.10183768468911901,0.12261337707835702,-1640242.8323404666
2025-12-12 22:00:00,0.0,0.12409690617185125,0.12262884275328267,-1723723.534209999
2025-12-12 23:00:00,0.0,0.10326870443203261,0.12264435337716273,-1626403.1456794944
2025-12-13 00:00:00,0.0,0.09229143489022079,0.12265990894201761,-1672838.3330732193
2025-12-13 01:00:00,0.0,0.0886662701400143,0.12267550943984463,-1771285.5169883824
2025-12-13 02:00:00,0.0,0.11252182496898736,0.12269115486261792,-1634606.2142773853
2025-12-13 03:00:00,0.0,0.12940012636787693,0.12270684520228853,-1653321.2621211167
2025-12-13 04:00:00,0.0,0.10320374330372577,0.12272258045078445,-1616469.940776431
2025-12-13 05:00:00,0.0,0.10690590961481486,0.12273836060001049,-1608368.2136657978
2025-12-13 06:00:00,0.0,0.08838604748047635,0.12275418564184842,-1641677.1894932492
2025-12-13 07:00:00,0.0008624435520210715,0.11660063101049108,0.12277005556815686,-1636775.3781077163
2025-12-13 08:00:00,0.0016661130012272647,0.13497520240115068,0.12278597037077141,-1580082.1817487609
2025-12-13 09:00:00,0.002356239602781739,0.13443237926903753,0.1228019300415045,-1559556.3804373464
2025-12-13 10:00:00,0.0028857923692766903,0.1207592242545051,0.12281793457214556,-1485124.8828554568
2025-12-13 11:00:00,0.003218683154802811,0.11205569390631949,0.12283398395446088,-1416767.0541858375
2025-12-13 12:00:00,0.0033322260024545303,0.10674077395401642,0.12285007818019371,-1533705.4784712454
2025-12-13 13:00:00,0.003218683154802811,0.08841454965155826,0.1228662172410642,-1429850.7213590804
2025-12-13 14:00:00,0.0028857923692766907,0.13564886904593584,0.12288240112876947,-1554652.9053743458
2025-12-13 15:00:00,0.0023562396027817394,0.09905424221888008,0.12289862983498354,-1485812.3835150765
2025-12-13 16:00:00,0.0016661130012272647,0.13395956906849008,0.12291490335135738,-1576389.1415724503
2025-12-13 17:00:00,0.0008624435520210724,0.09098395285930497,0.12293122166951895,-1433054.0125685516
2025-12-13 18:00:00,4.0807999079415204e-19,0.09285922736696457,0.12294758478107312,-1532393.0768798017
2025-12-13 19:00:00,0.0,0.13386911083445513,0.12296399267760173,-1485893.438669749
2025-12-13 20:00:00,0.0,0.1122015795322974,0.12298044535066355,-1623072.200981894
2025-12-13 21:00:00,0.0,0.13504134135955556,0.12299694279179438,-1655002.3336387756
2025-12-13 22:00:00,0.0,0.10250244560167891,0.12301348499250693,-1666236.2590418125
2025-12-13 23:00:00,0.0,0.11374087219946709,0.12303007194429089,-1696841.1070615407
2025-12-14 00:00:00,0.0,0.1272335419659329,0.12304670363861296,-1690721.0876035395
2025-12-14 01:00:00,0.0,0.12534095886615038,0.12306338006691679,-1693663.6237032164
2025-12-14 02:00:00,0.0,0.12646390246064698,0.12308010122062303,-1780601.1079697458
2025-12-14 03:00:00,0.0,0.0882571476285896,0.1230968670911293,-1664068.6944454121
2025-12-14 04:00:00,0.0,0.1328317621947556,0.12311367766981024,-1651076.5474905593
2025-12-14 05:00:00,0.0,0.08762931049348495,0.12313053294801748,-1577788.4368632438
2025-12-14 06:00:00,0.0,0.1027967499013624,0.12314743291707969,-1630229.4198187776
2025-12-14 07:00:00,0.0006544709375963219,0.09878018303328755,0.12316437756830248,-1649982.0555923707
2025-12-14 08:00:00,0.0012643407623598166,0.10582805381856454,0.12318136689296852,-1552705.0833927789
2025-12-14 09:00:00,0.0017880478535903912,0.10120117847412072,0.12319840088233747,-1595031.296615114
2025-12-14 10:00:00,0.0021899024384875706,0.11061108059833018,0.12321547952764604,-1509675.2968850716
2025-12-14 11:00:00,0.0024425187911867132,0.13180633830975336,0.12323260282010794,-1454575.4797693503
2025-12-14 12:00:00,0.0025286815247196337,0.10036173179398035,0.12324977075091395,-1549154.1302475268
2025-12-14 13:00:00,0.0024425187911867132,0.08974833261191655,0.12326698331123181,-1466848.6565493748
2025-12-14 14:00:00,0.002189902438487571,0.13547106155514485,0.12328424049220638,-1395667.4170790294
2025-12-14 15:00:00,0.0017880478535903916,0.09704292711568537,0.12330154228495954,-1499744.2728076258
2025-12-14 16:00:00,0.0012643407623598166,0.09505909379603592,0.12331888868059021,-1516096.72068688
2025-12-14 17:00:00,0.0006544709375963225,0.10721545426094176,0.12333627967017434,-1569819.6933699644
2025-12-14 18:00:00,3.096741735310948e-19,0.11461333364084068,0.123353715244765,-1684054.6238729996
2025-12-14 19:00:00,0.0,0.09206260295067818,0.12337119539539224,-1650250.6011937128
2025-12-14 20:00:00,0.0,0.1168468913572087,0.12338872011306326,-1584562.1339792067
2025-12-14 21:00:00,0.0,0.0976221884971972,0.1234062893887623,-1659823.0491069905
2025-12-14 22:00:00,0.0,0.13544053837990808,0.12342390321345068,-1646167.6426422398
2025-12-14 23:00:00,0.0,0.14031331631338845,0.12344156157806674,-1717562.5080917913
2025-12-15 00:00:00,0.0,0.12002349088367041,0.12345926447352601,-1723181.0101404903
2025-12-15 01:00:00,0.0,0.12722601308905312,0.12347701189072102,-1776990.2023222172
2025-12-15 02:00:00,0.0,0.10675413825393137,0.12349480382052148,-1625992.7696985148
2025-12-15 03:00:00,0.0,0.11819465297210857,0.12351264025377415,-1743082.9669591722
2025-12-15 04:00:00,0.0,0.11665972222835948,0.12353052118130288,-1678297.827559349
2025-12-15 05:00:00,0.0,0.12174384671856496,0.12354844659390866,-1667514.8987693617
2025-12-15 06:00:00,0.0,0.11359632068266959,0.12356641648236957,-1647905.958266413
2025-12-15 07:00:00,0.00047506451512177356,0.13891864964260134,0.12358443083744083,-1548575.11726872
2025-12-15 08:00:00,0.0009177541686192293,0.11107623329061901,0.12360248964985483,-1558803.0928765421
2025-12-15 09:00:00,0.0012979003921857585,0.10632666916432865,0.12362059291032094,-1600516.7880801687
2025-12-15 10:00:00,0.0015895968489066398,0.11509799952697963,0.12363874060952582,-1515441.9054131827
2025-12-15 11:00:00,0.0017729649073075324,0.12499223119253813,0.1236569327381332,-1584032.3593691566
2025-12-15 12:00:00,0.001835508337238459,0.09377975409737355,0.12367516928678396,-1455040.6125812803
2025-12-15 13:00:00,0.0017729649073075324,0.12922560782395984,0.1236934502460961,-1418191.212387988
2025-12-15 14:00:00,0.0015895968489066403,0.13202920829774445,0.12371177560666484,-1500782.5330186274
2025-12-15 15:00:00,0.0012979003921857587,0.1107293797786929,0.12373014535906252,-1422309.388062725
2025-12-15 16:00:00,0.0009177541686192293,0.1303689154337412,0.12374855949383859,-1614126.1735974771
2025-12-15 17:00:00,0.00047506451512177404,0.09571664868124403,0.12376701800151974,-1578982.5212088614
2025-12-15 18:00:00,2.2478494100073593e-19,0.1236074440026286,0.12378552087260983,-1605645.9585071055
2025-12-15 19:00:00,0.0,0.10435587067857145,0.12380406809758984,-1589468.7689030967
2025-12-15 20:00:00,0.0,0.10536741879720077,0.123822659666918,-1690526.7763118674
2025-12-15 21:00:00,0.0,0.140547122753056,0.12384129557102967,-1696753.0164264233
2025-12-15 22:00:00,0.0,0.09627395606121748,0.12385997580033745,-1807545.9063013732
2025-12-15 23:00:00,0.0,0.09579648912052394,0.12387870034523109,-1626768.2606133097
2025-12-16 00:00:00,0.0,0.14184866444971772,0.12389746919607758,-1730171.254974998
2025-12-16 01:00:00,0.0,0.11050686122816834,0.12391628234322108,-1712450.4312925034
2025-12-16 02:00:00,0.0,0.10843920667489515,0.12393513977698299,-1758735.3880828584
2025-12-16 03:00:00,0.0,0.11309670972028331,0.12395404148766193,-1799325.6399947451
2025-12-16 04:00:00,0.0,0.1399858840525664,0.1239729874655337,-1671805.4664799129
2025-12-16 05:00:00,0.0,0.12104484493350721,0.12399197770085137,-1649130.20510736
2025-12-16 06:00:00,0.0,0.0954008897725335,0.12401101218384523,-1588359.8808555403
2025-12-16 07:00:00,0.00032427744659228094,0.11883882494922195,0.12403009090472279,-1681703.4411449365
2025-12-16 08:00:00,0.0006264559210931163,0.10162795851078593,0.12404921385366884,-1537053.5154068195
2025-12-16 09:00:00,0.0008859424598388146,0.1409301988872117,0.12406838102084536,-1608642.8783260295
2025-12-16 10:00:00,0.0010850534840356372,0.11681753547479849,0.12408759239639164,-1472382.7083219257
2025-12-16 11:00:00,0.0012102199064310958,0.10028633020767544,0.12410684797042416,-1457484.3515444733
2025-12-16 12:00:00,0.0012529118421862329,0.14123192971186202,0.12412614773303672,-1565278.5379944865
2025-12-16 13:00:00,0.0012102199064310958,0.13858953927581266,0.1241454916743004,-1586890.1319031077
2025-12-16 14:00:00,0.0010850534840356374,0.1367218702219427,0.12416487978426344,-1499887.5253773548
2025-12-16 15:00:00,0.0008859424598388147,0.1269927748617145,0.12418431205295151,-1454178.2052743197
2025-12-16 16:00:00,0.0006264559210931163,0.09505750976684801,0.12420378847036745,-1453774.55208912
2025-12-16 17:00:00,0.00032427744659228126,0.10105615446562338,0.12422330902649145,-1527044.0393179355
2025-12-16 18:00:00,1.5343744771471838e-19,0.0930095356541608,0.12424287371128094,-1622943.4585870774
2025-12-16 19:00:00,0.0,0.11791361936577185,0.1242624825146707,-1515370.9041895948
2025-12-16 20:00:00,0.0,0.13175612947474896,0.12428213542657275,-1552374.7590204503
2025-12-16 21:00:00,0.0,0.14839357210857046,0.1243018324368765,-1600148.6994381489
2025-12-16 22:00:00,0.0,0.09292075079492025,0.12432157353544862,-1663474.1820874787
2025-12-16 23:00:00,0.0,0.11742020122394685,0.12434135871213303,-1712448.0978852918
2025-12-17 00:00:00,0.0,0.09639423883005509,0.12436118795675118,-1685677.5892309512
2025-12-17 01:00:00,0.0,0.1331299727486708,0.1243810612591016,-1640324.5425068606
2025-12-17 02:00:00,0.0,0.12693172533446712,0.12440097860896036,-1673576.373472552
2025-12-17 03:00:00,0.0,0.12493469190293723,0.12442093999608077,-1716215.016871411
2025-12-17 04:00:00,0.0,0.1004034954076628,0.12444094541019346,-1789041.5754411677
2025-12-17 05:00:00,0.0,0.11208272222725955,0.12446099484100646,-1682003.2310243123
2025-12-17 06:00:00,0.0,0.12536184336865827,0.12448108827820517,-1678545.5199913932
2025-12-17 07:00:00,0.00020215441347050953,0.09585948223610571,0.12450122571145229,-1568492.8131371161
2025-12-17 08:00:00,0.0003905323377389676,0.14124746707771443,0.12452140713038791,-1555988.659363629
2025-12-17 09:00:00,0.0005522961285757182,0.09519509594344357,0.12454163252462955,-1527391.938927407
2025-12-17 10:00:00,0.0006764218509625405,0.140899783675535,0.12456190188377199,-1558682.9071720915
2025-12-17 11:00:00,0.0007544505420462278,0.12546791841680985,0.1245822151973875,-1491996.0320883463
2025-12-17 12:00:00,0.0007810646754779355,0.09941034006057042,0.1246025724550257,-1496161.950575688
2025-12-17 13:00:00,0.0007544505420462278,0.09929909665666314,0.12462297364621361,-1457035.0277545587
2025-12-17 14:00:00,0.0006764218509625406,0.13239979975481359,0.1246434187604556,-1459282.7612658849
2025-12-17 15:00:00,0.0005522961285757183,0.13767912104932453,0.12466390778723348,-1552782.5846762133
2025-12-17 16:00:00,0.0003905323377389676,0.1471029565279699,0.12468444071600647,-1498908.9491221902
2025-12-17 17:00:00,0.00020215441347050972,0.10850594295636648,0.12470501753621123,-1572212.1356116964
2025-12-17 18:00:00,9.565283547511198e-20,0.10563396558182146,0.1247256382372618,-1437693.3263565004
2025-12-17 19:00:00,0.0,0.09833931159212173,0.1247463028085496,-1546083.4300524893
2025-12-17 20:00:00,0.0,0.14194412148710941,0.12476701123944363,-1669568.8141693159
2025-12-17 21:00:00,0.0,0.11995128159009986,0.12478776351929018,-1663134.3393532566
2025-12-17 22:00:00,0.0,0.12090772459958841,0.12480855963741305,-1759847.4001013883
2025-12-17 23:00:00,0.0,0.13670956178841448,0.12482939958311345,-1698528.4821569144
2025-12-18 00:00:00,0.0,0.12473994544927144,0.12485028334567012,-1850875.0428856188
2025-12-18 01:00:00,0.0,0.1002020236265207,0.12487121091433913,-1754982.6166621945
2025-12-18 02:00:00,0.0,0.13011840234551067,0.12489218227835414,-1650757.3098769737
2025-12-18 03:00:00,0.0,0.13633665525698782,0.12491319742692616,-1720263.537007521
2025-12-18 04:00:00,0.0,0.09887007085964233,0.12493425634924384,-1718274.3944039224
2025-12-18 05:00:00,0.0,0.11935170204171093,0.1249553590344731,-1701493.7174037793
2025-12-18 06:00:00,0.0,0.12259606205246255,0.12497650547175752,-1568239.97850836
2025-12-18 07:00:00,0.00010873160344682238,0.12776524122324828,0.12499769565021811,-1567471.8567051417
2025-12-18 08:00:00,0.00021005332780621439,0.1269455647581557,0.12501892955895336,-1569070.9730741987
2025-12-18 09:00:00,0.00029706026500515,0.15099665891827282,0.1250402071870393,-1646070.0701180163
2025-12-18 10:00:00,0.0003638230360592838,0.14022243536568077,0.12506152852352936,-1530866.6157647027
2025-12-18 11:00:00,0.0004057918684519724,0.14277884923662795,0.12508289355745467,-1597407.8582069452
2025-12-18 12:00:00,0.0004201066556124289,0.12514980274293347,0.12510430227782374,-1501761.1745354752
2025-12-18 13:00:00,0.0004057918684519724,0.1003262020728935,0.1251257546736226,-1526560.8924167452
2025-12-18 14:00:00,0.00036382303605928386,0.14075636034397493,0.1251472507338149,-1458199.2810684852
2025-12-18 15:00:00,0.00029706026500515007,0.10859492775057564,0.12516879044734178,-1512554.547262589
2025-12-18 16:00:00,0.00021005332780621439,0.1393845300411572,0.1251903738031219,-1609275.7849336658
2025-12-18 17:00:00,0.0001087316034468225,0.13733267802675886,0.1252120007900515,-1540514.5119740185
2025-12-18 18:00:00,5.144822710962605e-20,0.12594740498725626,0.12523367139700436,-1674304.6303427892
2025-12-18 19:00:00,0.0,0.12277576452613288,0.12525538561283184,-1521533.3711046772
2025-12-18 20:00:00,0.0,0.10905889826167214,0.1252771434263628,-1565509.3665999814
2025-12-18 21:00:00,0.0,0.12285178415457149,0.1252989448264038,-1706052.823390989
2025-12-18 22:00:00,0.0,0.12313262983324055,0.1253207898017388,-1706563.743390868
2025-12-18 23:00:00,0.0,0.10511243405276087,0.12534267834112953,-1684865.4736005072
2025-12-19 00:00:00,0.0,0.1291128346626716,0.12536461043331512,-1723143.9809366486
2025-12-19 01:00:00,0.0,0.11016812585264175,0.12538658606701245,-1688633.1655994586
2025-12-19 02:00:00,0.0,0.1110017907650602,0.12540860523091593,-1660204.2392017387
2025-12-19 03:00:00,0.0,0.14591222814731092,0.12543066791369756,-1745130.3979223287
2025-12-19 04:00:00,0.0,0.1537287665560535,0.12545277410400701,-1697724.6369941395
2025-12-19 05:00:00,0.0,0.1473724920223296,0.12547492379047148,-1628552.1554707172
2025-12-19 06:00:00,0.0,0.1387970252749639,0.12549711696169594,-1688282.3889036742
2025-12-19 07:00:00,4.4036699716034215e-05,0.13990637438073839,0.12551935360626282,-1654774.5956272555
2025-12-19 08:00:00,8.507237112050785e-05,0.13238328120687165,0.12554163371273225,-1599720.4284177846
2025-12-19 09:00:00,0.00012031050102185941,0.14495895968206823,0.12556395726964203,-1530244.0327040157
2025-12-19 10:00:00,0.00014734966910107485,0.10043863794734084,0.1255863242655076,-1538922.6441128375
2025-12-19 11:00:00,0.00016434720073789366,0.1211835715558543,0.125608734688822,-1642082.303594774
2025-12-19 12:00:00,0.00017014474224101572,0.11999206590249951,0.125631188528056,-1442539.9798054495
2025-12-19 13:00:00,0.00016434720073789366,0.09989311698099348,0.12565368577165803,-1526547.456556369
2025-12-19 14:00:00,0.00014734966910107488,0.14444880121118608,0.1256762264080541,-1481552.5210082193
2025-12-19 15:00:00,0.00012031050102185944,0.13194189860637298,0.12569881042564796,-1493555.7772975862
2025-12-19 16:00:00,8.507237112050785e-05,0.12515986372448873,0.1257214378128211,-1606074.3596446966
2025-12-19 17:00:00,4.403669971603426e-05,0.10928052288991527,0.12574410855793258,-1579363.602208502
2025-12-19 18:00:00,2.0836721397721136e-20,0.12660097316098415,0.1257668226493192,-1510088.347020254
2025-12-19 19:00:00,0.0,0.13646206129217872,0.12578958007529553,-1638521.0288992135
2025-12-19 20:00:00,0.0,0.13741815102875374,0.12581238082415375,-1594905.82632003
2025-12-19 21:00:00,0.0,0.12568715806870803,0.12583522488416382,-1673641.4505536389
2025-12-19 22:00:00,0.0,0.15639141058982678,0.12585811224357335,-1689257.4718238101
2025-12-19 23:00:00,0.0,0.12368936407302927,0.12588104289060773,-1631692.937555329
2025-12-20 00:00:00,0.0,0.11042678691462254,0.12590401681347005,-1681800.9166894942
2025-12-20 01:00:00,0.0,0.10244478396172178,0.12592703400034116,-1608014.3846104695
2025-12-20 02:00:00,0.0,0.11826941920606172,0.12595009443937963,-1802587.7793859935
2025-12-20 03:00:00,0.0,0.11655515160920638,0.12597319811872182,-1686787.9597968124
2025-12-20 04:00:00,0.0,0.11519948919544813,0.12599634502648174,-1651048.9489586637
2025-12-20 05:00:00,0.0,0.15780155977667848,0.12601953515075134,-1696617.2731536156
2025-12-20 06:00:00,0.0,0.13249587759746856,0.12604276847960016,-1580379.0140988189
2025-12-20 07:00:00,8.08887277436217e-06,0.15472306706172378,0.1260660450010756,-1688584.3014091288
2025-12-20 08:00:00,1.5626502236645853e-05,0.14828025629989533,0.12608936470320284,-1625075.4035764977
2025-12-20 09:00:00,2.2099211395518074e-05,0.14388478446845834,0.1261127275739848,-1459236.3490385471
2025-12-20 10:00:00,2.706589581845932e-05,0.13008392079437459,0.12613613360140224,-1492342.551464425
2025-12-20 11:00:00,3.0188084169880246e-05,0.12364481101472696,0.12615958277341371,-1533422.419792185
2025-12-20 12:00:00,3.125300447329171e-05,0.10658979144077807,0.12618307507795554,-1438924.3594693723
2025-12-20 13:00:00,3.0188084169880246e-05,0.111925386096093,0.12620661050294185,-1471617.150426976
2025-12-20 14:00:00,2.7065895818459325e-05,0.13794953161572,0.12623018903626468,-1547315.2014877058
2025-12-20 15:00:00,2.2099211395518074e-05,0.13301490583729011,0.12625381066579372,-1504290.107600112
2025-12-20 16:00:00,1.5626502236645853e-05,0.1117627588422358,0.1262774753793767,-1542239.7324419683
2025-12-20 17:00:00,8.088872774362179e-06,0.10504509368184767,0.126301183164839,-1535634.9604534123
2025-12-20 18:00:00,3.8273891891954604e-21,0.15277040553057517,0.12632493400998393,-1542129.816163717
2025-12-20 19:00:00,0.0,0.14212257819723093,0.12634872790259266,-1548073.5768470443
2025-12-20 20:00:00,0.0,0.13262896200745983,0.12637256483042417,-1648822.6574597312
2025-12-20 21:00:00,0.0,0.15021519692330615,0.12639644478121528,-1682567.4650853132
2025-12-20 22:00:00,0.0,0.15931874130358387,0.12642036774268078,-1650966.7764787518
2025-12-20 23:00:00,0.0,0.14350748784412234,0.12644433370251323,-1698119.5355605616
2025-12-21 00:00:00,0.0,0.13068782011968558,0.12646834264838308,-1684667.373480374
2025-12-21 01:00:00,0.0,0.11567325047565674,0.12649239456793873,-1794996.7895768012
2025-12-21 02:00:00,0.0,0.12551244710738918,0.12651648944880645,-1827349.9506562478
2025-12-21 03:00:00,0.0,0.12149100198199778,0.12654062727859036,-1740218.145117548
2025-12-21 04:00:00,0.0,0.1593048259425017,0.12656480804487252,-1692189.9187872913
2025-12-21 05:00:00,0.0,0.15785626207291553,0.12658903173521288,-1706735.189958018
2025-12-21 06:00:00,0.0,0.15643643736803095,0.12661329833714935,-1698476.10835232
2025-12-21 07:00:00,8.987747387508598e-07,0.12527499195455868,0.12663760783819772,-1679629.0391713672
2025-12-21 08:00:00,1.7362994643513314e-06,0.10419093039647932,0.12666196022585174,-1497717.3537421967
2025-12-21 09:00:00,2.4554982508267938e-06,0.125106878966564,0.12668635548758303,-1580194.2154514072
2025-12-21 10:00:00,3.0073588894111333e-06,0.12153439895794739,0.1267107936108413,-1527852.6322066712
2025-12-21 11:00:00,3.354272989577654e-06,0.15917813257138705,0.12673527458305406,-1523493.6535990573
2025-12-21 12:00:00,3.4725989287026637e-06,0.10935172076156398,0.12675979839162682,-1440878.0875049056
2025-12-21 13:00:00,3.354272989577654e-06,0.1424458696282007,0.1267843650239431,-1515206.8902923781
2025-12-21 14:00:00,3.0073588894111333e-06,0.11409808143880436,0.12680897446736436,-1501758.0301655028
2025-12-21 15:00:00,2.4554982508267938e-06,0.15592126562184797,0.12683362670923,-1528915.8238592735
2025-12-21 16:00:00,1.7362994643513314e-06,0.16368756425242212,0.12685832173685746,-1531219.5690253899
2025-12-21 17:00:00,8.98774738750861e-07,0.13610324868670515,0.1268830595375421,-1622617.4314252045
2025-12-21 18:00:00,4.252707162758245e-22,0.15412841024849966,0.12690784009855732,-1593078.0918423077
2025-12-21 19:00:00,0.0,0.157143326949987,0.12693266340715456,-1617459.073228051
2025-12-21 20:00:00,0.0,0.13669910179274844,0.12695752945056313,-1593666.948355639
2025-12-21 21:00:00,0.0,0.1517168778319564,0.12698243821599056,-1742028.1377090404
2025-12-21 22:00:00,0.0,0.15079593378288988,0.12700738969062222,-1650866.1127265187
2025-12-21 23:00:00,0.0,0.14743770766866846,0.12703238386162163,-1655081.9035700918
2025-12-22 00:00:00,0.0,0.1531225916260177,0.12705742071613024,-1710377.8927223587
2025-12-22 01:00:00,0.0,0.15972889599938772,0.1270825002412676,-1679537.5309165877
2025-12-22 02:00:00,0.0,0.13076647590084423,0.12710762242413134,-1731676.1662861118
2025-12-22 03:00:00,0.0,0.11165511730338654,0.12713278725179705,-1716711.6829752936
2025-12-22 04:00:00,0.0,0.1539860209916455,0.1271579947113185,-1670008.581112088
2025-12-22 05:00:00,0.0,0.10896802741016802,0.1271832447897274,-1638311.572834414
2025-12-22 06:00:00,0.0,0.1328846220189159,0.12720853747403363,-1648611.9741938065
2025-12-22 07:00:00,2.246853619041375e-05,0.16273524962225197,0.1272338727512251,-1662333.3891986362
2025-12-22 08:00:00,4.3405878770462474e-05,0.11795363759024233,0.12725925060826787,-1582201.3788729669
2025-12-22 09:00:00,6.138518244391044e-05,0.1481012363630136,0.12728467103210603,-1606357.48398035
2025-12-22 10:00:00,7.518118737761632e-05,0.13865211238123962,0.12731013400966176,-1610442.626312284
2025-12-22 11:00:00,8.385371863432419e-05,0.16603354306354892,0.12733563952783544,-1482108.2911301998
2025-12-22 12:00:00,8.681175754092496e-05,0.14349371943518924,0.12736118757350542,-1599495.0570729044
2025-12-22 13:00:00,8.385371863432419e-05,0.12472757401938613,0.1273867781335283,-1464744.8176761798
2025-12-22 14:00:00,7.518118737761632e-05,0.166527337967454,0.1274124111947388,-1602993.2955620366
2025-12-22 15:00:00,6.138518244391044e-05,0.15552181109571347,0.1274380867439497,-1406655.7611323253
2025-12-22 16:00:00,4.3405878770462474e-05,0.11955761233979342,0.12746380476795194,-1603651.0323938653
2025-12-22 17:00:00,2.2468536190413778e-05,0.11168480911069259,0.1274895652535147,-1596202.2136034293
2025-12-22 18:00:00,1.0631374100084985e-20,0.12682838458351545,0.12751536818738518,-1567497.5887578726
2025-12-22 19:00:00,0.0,0.14037377941926357,0.12754121355628883,-1692362.584537816
2025-12-22 20:00:00,0.0,0.10644508333954357,0.12756710134692922,-1611805.7061547223
2025-12-22 21:00:00,0.0,0.14933124173392456,0.12759303154598817,-1710255.2946589484
2025-12-22 22:00:00,0.0,0.13256430459373125,0.1276190041401256,-1593033.5679933717
2025-12-22 23:00:00,0.0,0.13508332169943982,0.12764501911597967,-1524918.685663362
2025-12-23 00:00:00,0.0,0.1473973817321509,0.12767107646016668,-1688113.6204158969
2025-12-23 01:00:00,0.0,0.13577200007356022,0.12769717615928117,-1715665.6648042195
2025-12-23 02:00:00,0.0,0.14660696798951525,0.12772331819989596,-1760649.3494310307
2025-12-23 03:00:00,0.0,0.14099285518394045,0.12774950256856196,-1655893.6220305755
2025-12-23 04:00:00,0.0,0.16937032147886802,0.1277757292518084,-1738922.9050188921
2025-12-23 05:00:00,0.0,0.11395033585942617,0.1278019982361427,-1660688.0743326717
2025-12-23 06:00:00,0.0,0.11120754573804432,0.12782830950805046,-1653365.412848296
2025-12-23 07:00:00,7.279176554352853e-05,0.10827977520574768,0.12785466305399568,-1638593.2310620863
2025-12-23 08:00:00,0.00014062289255934582,0.14778580756708332,0.12788105886042045,-1599990.3455763473
2025-12-23 09:00:00,0.0001988708018375615,0.12487884811569401,0.12790749691374517,-1584704.0798609352
2025-12-23 10:00:00,0.00024356599462008644,0.14643561489196735,0.12793397720036861,-1568801.9908093961
2025-12-23 11:00:00,0.00027166256738109,0.10859453628998635,0.12796049970666765,-1530032.5894965713
2025-12-23 12:00:00,0.0002812457851186917,0.1445761951618717,0.12798706441899757,-1504808.3628832542
2025-12-23 13:00:00,0.00027166256738109,0.15009929199818126,0.12801367132369187,-1493665.6252902548
2025-12-23 14:00:00,0.0002435659946200865,0.16690816649136947,0.12804032040706237,-1443493.7911279264
2025-12-23 15:00:00,0.0001988708018375615,0.11119241228957255,0.1280670116553992,-1533748.2974179194
2025-12-23 16:00:00,0.00014062289255934582,0.1502791619376308,0.1280937450549707,-1479707.6899379152
2025-12-23 17:00:00,7.279176554352861e-05,0.16849446654516687,0.12812052059202372,-1530843.5287953927
2025-12-23 18:00:00,3.444267505192901e-20,0.1307229190734522,0.1281473382527833,-1606696.8542130443
2025-12-23 19:00:00,0.0,0.17097242745407726,0.12817419802345278,-1633262.8129446278
2025-12-23 20:00:00,0.0,0.16274476908074617,0.12820109989021386,-1632109.182920496
2025-12-23 21:00:00,0.0,0.12664431210406546,0.12822804383922676,-1590593.9157251883
2025-12-23 22:00:00,0.0,0.1559849928477669,0.12825502985662973,-1740406.4265643717
2025-12-23 23:00:00,0.0,0.11360437845384923,0.12828205792853964,-1651867.846583953
2025-12-24 00:00:00,0.0,0.16443645907458562,0.12830912804105163,-1683859.8750529708
2025-12-24 01:00:00,0.0,0.11725813909582258,0.12833624018023918,-1789768.0401165846
2025-12-24 02:00:00,0.0,0.1334373130103941,0.12836339433215418,-1737721.3310133182
2025-12-24 03:00:00,0.0,0.12486249764165544,0.12839059048282694,-1726469.8411304858
2025-12-24 04:00:00,0.0,0.11458295734399776,0.12841782861826612,-1741873.2027852573
2025-12-24 05:00:00,0.0,0.1322147959497863,0.12844510872445875,-1641548.2891914758
2025-12-24 06:00:00,0.0,0.15762725684164636,0.12847243078737036,-1598769.4882945223
2025-12-24 07:00:00,0.00015185355093917254,0.12640768155510032,0.12849979479294485,-1552895.2128444344
2025-12-24 08:00:00,0.0002933585333316987,0.11883666128572169,0.12852720072710452,-1579953.2532024123
2025-12-24 09:00:00,0.000414871616475568,0.1425109511723664,0.12855464857575014,-1507773.5726311358
2025-12-24 10:00:00,0.0005081118845643903,0.1548893216251497,0.12858213832476084,-1557758.17288482
2025-12-24 11:00:00,0.0005667251674147406,0.1280312867558075,0.12860966995999426,-1499010.0710148488
2025-12-24 12:00:00,0.0005867170666633975,0.11477542556687562,0.12863724346728653,-1465405.5087324083
2025-12-24 13:00:00,0.0005667251674147406,0.1475096817604102,0.12866485883245213,-1547481.4913250147
2025-12-24 14:00:00,0.0005081118845643903,0.11864409210763123,0.12869251604128407,-1370630.4579746726
2025-12-24 15:00:00,0.0004148716164755681,0.15381048956557736,0.12872021507955383,-1496822.5890270127
2025-12-24 16:00:00,0.0002933585333316987,0.16319953255762312,0.12874795593301142,-1582559.2701397673
2025-12-24 17:00:00,0.0001518535509391727,0.12258499249973862,0.12877573858738522,-1685184.0965351474
2025-12-24 18:00:00,7.185211776944541e-20,0.16902815217137343,0.12880356302838222,-1505244.2381275385
2025-12-24 19:00:00,0.0,0.15997654089868132,0.12883142924168775,-1645911.7785915788
2025-12-24 20:00:00,0.0,0.14903331592700794,0.12885933721296594,-1644476.065670666
2025-12-24 21:00:00,0.0,0.13342907607626497,0.1288872869278591,-1647672.090902437
2025-12-24 22:00:00,0.0,0.14409761778480415,0.12891527837198832,-1768090.6246408145
2025-12-24 23:00:00,0.0,0.15398473963641113,0.1289433115309531,-1823500.4881400284
2025-12-25 00:00:00,0.0,0.11645233384594676,0.12897138639033146,-1740721.9527586212
2025-12-25 01:00:00,0.0,0.16469660478779355,0.12899950293568002,-1706277.803582718
2025-12-25 02:00:00,0.0,0.12142584328079994,0.12902766115253403,-1709535.757633478
2025-12-25 03:00:00,0.0,0.175136334743923,0.12905586102640715,-1692820.3742932691
2025-12-25 04:00:00,0.0,0.11942488144185681,0.12908410254279168,-1770754.3583726548
2025-12-25 05:00:00,0.0,0.17342423223480213,0.1291123856871585,-1720120.760599114
2025-12-25 06:00:00,0.0,0.14616199522766737,0.12914071044495706,-1679806.7214128296
2025-12-25 07:00:00,0.00025963046466402444,0.14510352004876262,0.1291690768016154,-1642139.8292339444
2025-12-25 08:00:00,0.0005015675422208251,0.16322014766610696,0.12919748474254023,-1625573.2372619465
2025-12-25 09:00:00,0.0007093236206548308,0.17281079562522897,0.1292259342531167,-1578080.6029578184
2025-12-25 10:00:00,0.000868740466553917,0.11896104631663375,0.12925442531870876,-1594752.5934033967
2025-12-25 11:00:00,0.0009689540853188554,0.12029805300126536,0.12928295792465888,-1526079.9388438398
2025-12-25 12:00:00,0.0010031350844416503,0.1191758974759432,0.12931153205628818,-1573573.9625894998
2025-12-25 13:00:00,0.0009689540853188554,0.14011830424089886,0.1293401476988964,-1522350.8736767608
2025-12-25 14:00:00,0.0008687404665539173,0.14662985715476537,0.12936880483776195,-1535091.2721259973
2025-12-25 15:00:00,0.000709323620654831,0.13326283395160446,0.12939750345814188,-1422350.672162022
2025-12-25 16:00:00,0.0005015675422208251,0.17629918445063195,0.1294262435452719,-1540661.4217005677
2025-12-25 17:00:00,0.0002596304646640247,0.16412680574709032,0.12945502508436643,-1519703.4788117001
2025-12-25 18:00:00,1.228486170273877e-19,0.16022097700690668,0.12948384806061847,-1652011.3504455627
2025-12-25 19:00:00,0.0,0.16373103406624806,0.1295127124591997,-1579535.069234288
2025-12-25 20:00:00,0.0,0.13688536646900948,0.1295416182652607,-1626917.9535444907
2025-12-25 21:00:00,0.0,0.16132164021334827,0.1295705654639305,-1726444.3173660336
2025-12-25 22:00:00,0.0,0.12887022045212598,0.12959955404031687,-1737084.4714513246
2025-12-25 23:00:00,0.0,0.1495277974024956,0.12962858397950647,-1720459.1277822307
2025-12-26 00:00:00,0.0,0.13765373588179453,0.1296576552665645,-1796739.4753428404
2025-12-26 01:00:00,0.0,0.15584869799070813,0.129686767886535,-1756194.8685281873
2025-12-26 02:00:00,0.0,0.14349794555291218,0.12971592182444058,-1681102.6324795038
2025-12-26 03:00:00,0.0,0.1634582552766587,0.12974511706528286,-1730674.3493125786
2025-12-26 04:00:00,0.0,0.14520660716902817,0.12977435359404194,-1653033.319842372
2025-12-26 05:00:00,0.0,0.1333518487385747,0.12980363139567683,-1637504.2076180924
2025-12-26 06:00:00,0.0,0.1451329935778572,0.12983295045512527,-1579090.2822199713
2025-12-26 07:00:00,0.0003960905700925493,0.11367636196704328,0.1298623107573038,-1537814.8899849278
2025-12-26 08:00:00,0.0007651882224039076,0.11436956645395567,0.12989171228710777,-1555032.7454165835
2025-12-26 09:00:00,0.0010821395618917664,0.17139215183524678,0.1299211550294112,-1516714.914102272
2025-12-26 10:00:00,0.0013253448785568822,0.1268845532690171,0.129950638969067,-1453875.5030952678
2025-12-26 11:00:00,0.001478230131984316,0.150441435965974,0.1299801640909069,-1545172.3951526764
2025-12-26 12:00:00,0.0015303764448078155,0.1727145634213411,0.13000973037974134,-1477395.9763226975
2025-12-26 13:00:00,0.001478230131984316,0.1429407465220893,0.1300393378203597,-1468234.813393876
2025-12-26 14:00:00,0.0013253448785568822,0.17469947038333572,0.13006898639753015,-1447400.962592686
2025-12-26 15:00:00,0.0010821395618917666,0.17582940252929885,0.13009867609599962,-1584228.3065636505
2025-12-26 16:00:00,0.0007651882224039076,0.16819317768695008,0.13012840690049401,-1609085.1454848365
2025-12-26 17:00:00,0.0003960905700925498,0.167644207728855,0.13015817879571803,-1489099.5566260533
2025-12-26 18:00:00,1.8741706146243975e-19,0.14884739420139745,0.1301879917663552,-1531142.3163926047
2025-12-26 19:00:00,0.0,0.1228515598579315,0.13021784579706794,-1669447.3095835291
2025-12-26 20:00:00,0.0,0.16013990417079127,0.13024774087249757,-1617541.8961162167
2025-12-26 21:00:00,0.0,0.15468701206869415,0.13027767697726425,-1621217.5625627455
2025-12-26 22:00:00,0.0,0.18027018151486876,0.1303076540959671,-1638039.7996012508
2025-12-26 23:00:00,0.0,0.12430321953032795,0.13033767221318399,-1659640.4430228896
2025-12-27 00:00:00,0.0,0.17211286520671648,0.13036773131347193,-1769492.1767408925
2025-12-27 01:00:00,0.0,0.13948501082349646,0.13039783138136662,-1677986.5575645845
2025-12-27 02:00:00,0.0,0.1447329404659366,0.13042797240138287,-1714272.0523009645
2025-12-27 03:00:00,0.0,0.16365836662639374,0.13045815435801428,-1718941.0937968963
2025-12-27 04:00:00,0.0,0.183289258019614,0.13048837723573348,-1669214.9099398768
2025-12-27 05:00:00,0.0,0.16251671953160246,0.13051864101899197,-1689558.9379324298
2025-12-27 06:00:00,0.0,0.11935670122823434,0.13054894569222028,-1728588.8353828306
2025-12-27 07:00:00,0.0005611934311504481,0.1251574727346181,0.13057929123982787,-1511901.914907981
2025-12-27 08:00:00,0.0010841424573839879,0.16899025265946072,0.13060967764620313,-1652531.0613845456
2025-12-27 09:00:00,0.001533208966776931,0.1496655868319662,0.13064010489571354,-1534556.9742727943
2025-12-27 10:00:00,0.0018777898188316437,0.13936346104934033,0.1306705729727054,-1486128.7772601133
2025-12-27 11:00:00,0.0020944023979273794,0.13499812139987952,0.13070108186150423,-1485477.8044525075
2025-12-27 12:00:00,0.002168284914767976,0.14229450032613722,0.13073163154641437,-1579902.4562150259
2025-12-27 13:00:00,0.0020944023979273794,0.1388503437303988,0.13076222201171925,-1704450.0812791358
2025-12-27 14:00:00,0.0018777898188316437,0.17848569874812478,0.13079285324168127,-1485384.8781211006
2025-12-27 15:00:00,0.0015332089667769314,0.13869698236527425,0.13082352522054191,-1497962.197396808
2025-12-27 16:00:00,0.0010841424573839879,0.18125135566244036,0.13085423793252168,-1545943.0582118079
2025-12-27 17:00:00,0.0005611934311504488,0.16001345096528055,0.1308849913618201,-1621637.0649619773
2025-12-27 18:00:00,2.6553831805100935e-19,0.13886592286336388,0.1309157854926158,-1594289.5299038847
2025-12-27 19:00:00,0.0,0.11880862340847735,0.13094662030906637,-1575332.565230388
2025-12-27 20:00:00,0.0,0.15598270056777205,0.1309774957953086,-1595444.524137097
2025-12-27 21:00:00,0.0,0.12022294726261053,0.13100841193545826,-1692650.5792990997
2025-12-27 22:00:00,0.0,0.12092478315707245,0.13103936871361027,-1663955.334300873
2025-12-27 23:00:00,0.0,0.15776382809768097,0.13107036611383857,-1750998.6691502056
2025-12-28 00:00:00,0.0,0.12476497625123624,0.13110140412019625,-1785479.6473319668
2025-12-28 01:00:00,0.0,0.12278858148973411,0.13113248271671554,-1715302.198903928
2025-12-28 02:00:00,0.0,0.13968097370110596,0.1311636018874077,-1761282.1215705178
2025-12-28 03:00:00,0.0,0.16958728705435153,0.13119476161626312,-1673736.433784405
2025-12-28 04:00:00,0.0,0.15219855984613598,0.13122596188725147,-1654080.9131474104
2025-12-28 05:00:00,0.0,0.16474164180046402,0.13125720268432145,-1717818.1689505079
2025-12-28 06:00:00,0.0,0.1206351850711616,0.13128848399140083,-1593492.1989039464
2025-12-28 07:00:00,0.0007548901242967954,0.13293313353856304,0.13131980579239677,-1517843.2102533032
2025-12-28 08:00:00,0.001458335734137679,0.14284427664399219,0.13135116807119537,-1584411.1212486548
2025-12-28 09:00:00,0.00206239817371083,0.16723142515264372,0.13138257081166202,-1468445.4585416694
2025-12-28 10:00:00,0.0025259115860197185,0.1435992735056287,0.13141401399764127,-1614594.775688038
2025-12-28 11:00:00,0.0028172882980076258,0.1672223215509221,0.13144549761295687,-1565500.6167876727
2025-12-28 12:00:00,0.0029166714682753586,0.1249671021009079,0.13147702164141173,-1498177.547391485
2025-12-28 13:00:00,0.0028172882980076258,0.17611251233549827,0.13150858606678803,-1487285.575705323
2025-12-28 14:00:00,0.002525911586019719,0.16825275210051466,0.13154019087284713,-1397806.4919074096
2025-12-28 15:00:00,0.0020623981737108305,0.1726072646102394,0.1315718360433296,-1527765.9911119242
2025-12-28 16:00:00,0.001458335734137679,0.14072990855778106,0.13160352156195534,-1573303.0236466317
2025-12-28 17:00:00,0.0007548901242967962,0.12406308155924733,0.13163524741242338,-1576745.8954575197
2025-12-28 18:00:00,3.571892377787829e-19,0.18090868536483304,0.13166701357841204,-1708296.95711997
2025-12-28 19:00:00,0.0,0.14570205992509888,0.1316988200435789,-1615654.2714143374
2025-12-28 20:00:00,0.0,0.1383914633668893,0.13173066679156084,-1641521.4786736444
2025-12-28 21:00:00,0.0,0.12381367748855954,0.13176255380597396,-1641447.5114729814
2025-12-28 22:00:00,0.0,0.17426243421493695,0.13179448107041364,-1622215.989592869
2025-12-28 23:00:00,0.0,0.14973604382526756,0.13182644856845466,-1743498.648254518
2025-12-29 00:00:00,0.0,0.14206727996779875,0.13185845628365092,-1679452.7348944389
2025-12-29 01:00:00,0.0,0.12241103832008822,0.13189050419953582,-1771227.3473174747
2025-12-29 02:00:00,0.0,0.15560561842673398,0.13192259229962203,-1740970.812800659
2025-12-29 03:00:00,0.0,0.1746481405298534,0.1319547205674014,-1690291.1273789587
2025-12-29 04:00:00,0.0,0.14297796351247566,0.13198688898634528,-1710908.158274195
2025-12-29 05:00:00,0.0,0.17824960392021705,0.13201909753990432,-1580342.712418587
2025-12-29 06:00:00,0.0,0.15503035360100523,0.13205134621150844,-1586907.940810697
2025-12-29 07:00:00,0.0009771232530210838,0.1259059207465379,0.1320836349845671,-1700913.1663134734
2025-12-29 08:00:00,0.0018876571711213051,0.14006030218587928,0.13211596384246896,-1592697.521553764
2025-12-29 09:00:00,0.0026695503725105802,0.16150861277420944,0.13214833276858215,-1571806.5274982976
2025-12-29 10:00:00,0.0032695181276538397,0.167073566064853,0.13218074174625413,-1589699.272777651
2025-12-29 11:00:00,0.0036466736255316642,0.1693162721795848,0.13221319075881174,-1527587.4367551347
2025-12-29 12:00:00,0.003775314342242611,0.1858584133181271,0.13224567978956137,-1544090.013502567
2025-12-29 13:00:00,0.0036466736255316642,0.1551793775737617,0.13227820882178867,-1486592.588990311
2025-12-29 14:00:00,0.00326951812765384,0.17347582375583961,0.13231077783875872,-1514939.786473193
2025-12-29 15:00:00,0.002669550372510581,0.13910600568729975,0.1323433868237161,-1460879.5614747705
2025-12-29 16:00:00,0.0018876571711213051,0.14582219029357543,0.13237603575988482,-1526322.1591387892
2025-12-29 17:00:00,0.0009771232530210849,0.1586892895397498,0.13240872463046827,-1498292.8207168307
2025-12-29 18:00:00,4.623426625002509e-19,0.19061317932512792,0.13244145341864935,-1556381.1483413037
2025-12-29 19:00:00,0.0,0.1914943333619937,0.1324742221075904,-1615632.2969933823
2025-12-29 20:00:00,0.0,0.17315120973471618,0.13250703068043326,-1573159.778633214
2025-12-29 21:00:00,0.0,0.16341044921342246,0.13253987912029924,-1675981.2174683642
2025-12-29 22:00:00,0.0,0.16606043751108462,0.13257276741028917,-1733646.4546325335
2025-12-29 23:00:00,0.0,0.13951288577206739,0.13260569553348328,-1594728.8516922074
2025-12-30 00:00:00,0.0,0.186313575833098,0.1326386634729414,-1752138.0117207267
2025-12-30 01:00:00,0.0,0.1620078648440198,0.13267167121170284,-1705129.9007255977
2025-12-30 02:00:00,0.0,0.1579357526771709,0.13270471873278644,-1685377.5672473477
2025-12-30 03:00:00,0.0,0.12458951366900095,0.1327378060191906,-1708701.452751786
2025-12-30 04:00:00,0.0,0.13092833800388443,0.13277093305389323,-1688664.8017425055
2025-12-30 05:00:00,0.0,0.1372834812033452,0.13280409981985178,-1646400.2000857543
2025-12-30 06:00:00,0.0,0.18243587679329304,0.1328373063000033,-1667054.0293737187
2025-12-30 07:00:00,0.00122782696485108,0.1788181591490736,0.13287055247726437,-1685615.5662872167
2025-12-30 08:00:00,0.002371979551127556,0.15743002323762884,0.13290383833453115,-1637567.3858573977
2025-12-30 09:00:00,0.0033544856508762365,0.16183417715599133,0.1329371638546795,-1515299.664397025
2025-12-30 10:00:00,0.004108389097067347,0.18198903817514772,0.13297052902056467,-1500738.8668750084
2025-12-30 11:00:00,0.004582312615727317,0.19047509247380467,0.13300393381502165,-1526157.8533925926
2025-12-30 12:00:00,0.004743959102255113,0.13017448161464165,0.13303737822086506,-1530514.330187366
2025-12-30 13:00:00,0.004582312615727317,0.1520894213600831,0.13307086222088904,-1394158.589800603
2025-12-30 14:00:00,0.004108389097067348,0.1432376670721953,0.13310438579786743,-1660148.9121456514
2025-12-30 15:00:00,0.003354485650876237,0.1724190928620409,0.13313794893455366,-1524238.8806241252
2025-12-30 16:00:00,0.002371979551127556,0.17289723109719557,0.13317155161368094,-1522388.380441877
2025-12-30 17:00:00,0.0012278269648510812,0.16765267475309006,0.13320519381796195,-1570376.968254108
2025-12-30 18:00:00,5.8096743298626755e-19,0.13896959726119354,0.1332388755300892,-1667302.3100971612
2025-12-30 19:00:00,0.0,0.1557420057164159,0.1332725967327347,-1619155.943915469
2025-12-30 20:00:00,0.0,0.18423632352431385,0.13330635740855035,-1614707.9472918878
2025-12-30 21:00:00,0.0,0.1263406148161323,0.13334015754016756,-1734698.1175440813
2025-12-30 22:00:00,0.0,0.1857607031036403,0.13337399711019757,-1692836.7127095815
2025-12-30 23:00:00,0.0,0.17646153674423362,0.13340787610123125,-1747697.0101133732
2025-12-31 00:00:00,0.0,0.16641705078894684,0.13344179449583918,-1647021.4934989265
2025-12-31 01:00:00,0.0,0.1598266766382834,0.1334757522765718,-1710209.8200327759
2025-12-31 02:00:00,0.0,0.16599180939570524,0.13350974942595914,-1714563.863346549
2025-12-31 03:00:00,0.0,0.16667902796424713,0.13354378592651103,-1734877.9294989547
2025-12-31 04:00:00,0.0,0.15415457758188442,0.13357786176071706,-1738029.5529654897
2025-12-31 05:00:00,0.0,0.14888407698063272,0.13361197691104662,-1523033.7923451955
2025-12-31 06:00:00,0.0,0.1474828104913635,0.13364613135994877,-1718372.9094196209
2025-12-31 07:00:00,0.001506926970866331,0.1314335412008424,0.13368032508985245,-1483644.4395886955
2025-12-31 08:00:00,0.002911159358982687,0.1660902520192308,0.13371455808316637,-1568098.6551626606
2025-12-31 09:00:00,0.0041170010477026816,0.15032251796033125,0.13374883032227894,-1558212.0460462852
2025-12-31 10:00:00,0.005042275918687658,0.12814279098762596,0.1337831417895586,-1587448.1018913272
2025-12-31 11:00:00,0.005623928018569014,0.1593952726600918,0.13381749246735336,-1569723.982715916
2025-12-31 12:00:00,0.005822318717965375,0.19643430290202807,0.1338518823379913,-1553447.549972638
2025-12-31 13:00:00,0.005623928018569014,0.16261045657626036,0.13388631138378013,-1513624.523743167
2025-12-31 14:00:00,0.005042275918687659,0.14023918288073386,0.1339207795870075,-1568801.4599433262
2025-12-31 15:00:00,0.004117001047702682,0.15526319465531466,0.1339552869299409,-1466695.6517238389
2025-12-31 16:00:00,0.002911159358982687,0.13528927192717,0.13398983339482767,-1520565.0893799178
2025-12-31 17:00:00,0.0015069269708663327,0.14286207734302742,0.1340244189638951,-1635561.3088064513
2025-12-31 18:00:00,7.130283981572017e-19,0.1945932371254354,0.13405904361935025,-1561298.9406446742
2025-12-31 19:00:00,0.0,0.15060652930094806,0.13409370734338014,-1586770.3535145402
2025-12-31 20:00:00,0.0,0.15513010495686788,0.13412841011815163,-1764154.6225862408
2025-12-31 21:00:00,0.0,0.14711270414465524,0.1341631519258116,-1702155.3092715163
2025-12-31 22:00:00,0.0,0.12543065093614153,0.1341979327484868,-1706264.0046908313
2025-12-31 23:00:00,0.0,0.15987307186956173,0.1342327525682838,-1737884.2012026275
