time,pv,wind,hydro,demand
2025-01-01 00:00:00,0.0,0.10628119384297313,0.35804696364610483,-2285301.0264167446
2025-01-01 01:00:00,0.0,0.11303668463120059,0.3581400243401861,-2403286.6243270137
2025-01-01 02:00:00,0.0,0.11003016867451035,0.3582331888831247,-2306578.011408683
2025-01-01 03:00:00,0.0,0.14600981618749884,0.35832645722699125,-2396909.680304577
2025-01-01 04:00:00,0.0,0.1249806987170218,0.35841982932380284,-2353646.4450777825
2025-01-01 05:00:00,0.0,0.10062008622993213,0.3585133051255234,-2305758.8947358546
2025-01-01 06:00:00,0.0,0.1362210885752206,0.3586068845840633,-2126590.925107056
2025-01-01 07:00:00,0.002419120756948828,0.146411313199166,0.35870056765127967,-2265717.306482607
2025-01-01 08:00:00,0.004673382432097666,0.10985070309521741,0.3587943542789763,-2232106.0484750546
2025-01-01 09:00:00,0.00660916081762868,0.13619520093076487,0.3588882444189039,-2204092.9709512265
2025-01-01 10:00:00,0.008094535815592968,0.1544336407973682,0.35898223802275947,-2020593.2626217804
2025-01-01 11:00:00,0.00902828157457751,0.1179157489721468,0.35907633504218733,-2107230.2683698097
2025-01-01 12:00:00,0.009346764864195334,0.10097839756161527,0.3591705354287782,-1988083.292511363
2025-01-01 13:00:00,0.00902828157457751,0.11903593624862537,0.3592648391340698,-2054245.3478293177
2025-01-01 14:00:00,0.008094535815592968,0.11784577538051225,0.3593592461095467,-2058528.3428242207
2025-01-01 15:00:00,0.006609160817628681,0.1351642810310044,0.35945375630664034,-2067215.8409449942
2025-01-01 16:00:00,0.004673382432097666,0.10573093285639315,0.3595483696767289,-2145401.5797928944
2025-01-01 17:00:00,0.0024191207569488307,0.1375022266309209,0.35964308617113755,-2132248.441600806
2025-01-01 18:00:00,1.1446485673319762e-18,0.11386065066365428,0.3597379057411386,-2159019.806162852
2025-01-01 19:00:00,0.0,0.1306259765505987,0.3598328283379511,-2168848.234005609
2025-01-01 20:00:00,0.0,0.12788483397910547,0.3599278539127413,-2301284.895418876
2025-01-01 21:00:00,0.0,0.15109258354582777,0.3600229824166221,-2348757.7319963165
2025-01-01 22:00:00,0.0,0.15983903830559276,0.360118213800654,-2356564.335449628
2025-01-01 23:00:00,0.0,0.1264399259140688,0.36021354801584415,-2215372.4614256057
2025-01-02 00:00:00,0.0,0.10970059666320851,0.3603089850131469,-2221927.0043423595
2025-01-02 01:00:00,0.0,0.10584008579374658,0.36040452474346374,-2316883.42295471
2025-01-02 02:00:00,0.0,0.11263596734191712,0.3605001671576433,-2320048.465258371
2025-01-02 03:00:00,0.0,0.16204460455485095,0.36059591220648146,-2300312.770482521
2025-01-02 04:00:00,0.0,0.1541926455215353,0.3606917598407212,-2431222.677521482
2025-01-02 05:00:00,0.0,0.11755584488216864,0.3607877100110528,-2195262.8143317187
2025-01-02 06:00:00,0.0,0.12918611488518436,0.3608837626681137,-2222597.6861535874
2025-01-02 07:00:00,0.002866635549471524,0.1443109083914694,0.3609799177624886,-2076291.0355441847
2025-01-02 08:00:00,0.005537914623585798,0.1262275260737191,0.3610761752447097,-2208020.7690223474
2025-01-02 09:00:00,0.00783179396793933,0.15042205967026503,0.36117253506525626,-2103280.103295771
2025-01-02 10:00:00,0.009591949496029277,0.16356818253590213,0.36126899717455513,-2134231.28842279
2025-01-02 11:00:00,0.010698429517410854,0.11372279150109409,0.3613655615229803,-2136457.473102281
2025-01-02 12:00:00,0.011075829247171598,0.1396290234997565,0.3614622280608535,-2038254.6531858274
2025-01-02 13:00:00,0.010698429517410854,0.15001627748422022,0.3615589967384434,-2036580.9556540477
2025-01-02 14:00:00,0.009591949496029279,0.1114525272814096,0.3616558675059666,-1975288.9439885602
2025-01-02 15:00:00,0.007831793967939331,0.15632667231895536,0.36175284031358695,-2075010.4405992704
2025-01-02 16:00:00,0.005537914623585798,0.16384907437222146,0.36184991511141573,-2041606.065305746
2025-01-02 17:00:00,0.002866635549471527,0.14900234775539753,0.36194709184951196,-2022641.8467753832
2025-01-02 18:00:00,1.3563978835451336e-18,0.14943751852025303,0.362044370477882,-2231760.034242801
2025-01-02 19:00:00,0.0,0.1118068110014149,0.36214175094648005,-2199262.062776884
2025-01-02 20:00:00,0.0,0.14291050639257177,0.3622392332052076,-2358413.1388860177
2025-01-02 21:00:00,0.0,0.12137673845464073,0.3623368172039141,-2326300.5837003174
2025-01-02 22:00:00,0.0,0.16129219965868793,0.36243450289239637,-2330195.3813867224
2025-01-02 23:00:00,0.0,0.12642985765146417,0.3625322902203991,-2214080.3547445815
2025-01-03 00:00:00,0.0,0.10445538970218204,0.36263017913761464,-2393584.502948388
2025-01-03 01:00:00,0.0,0.12598582771212005,0.36272816959368304,-2383440.0475236406
2025-01-03 02:00:00,0.0,0.1179924689438511,0.36282626153819214,-2328909.8663344113
2025-01-03 03:00:00,0.0,0.12654084254524953,0.3629244549206776,-2300437.2703807577
2025-01-03 04:00:00,0.0,0.15823743611357466,0.36302274969062287,-2279181.817732787
2025-01-03 05:00:00,0.0,0.11456394644164308,0.36312114579745924,-2241962.8397649797
2025-01-03 06:00:00,0.0,0.14650555599011886,0.3632196431905658,-2211736.5800478584
2025-01-03 07:00:00,0.0033516477304320284,0.13831376266733098,0.3633182418192697,-2062695.4389670775
2025-01-03 08:00:00,0.0064748862068948745,0.10554881173691939,0.36341694163284577,-2225006.7748337765
2025-01-03 09:00:00,0.009156871888613218,0.11683177069070093,0.363515742580517,-2302889.8832574813
2025-01-03 10:00:00,0.011214831883568853,0.1470516526833961,0.3636146446114542,-2061448.7237983164
2025-01-03 11:00:00,0.012508519619045248,0.1523432871005395,0.36371364767477643,-2136390.7314093173
2025-01-03 12:00:00,0.01294977241378975,0.13831172271213696,0.3638127517195503,-2083648.810826899
2025-01-03 13:00:00,0.012508519619045248,0.10833690695369698,0.36391195669479104,-2007911.432379596
2025-01-03 14:00:00,0.011214831883568855,0.11935171697357012,0.36401126254946137,-2041636.5364594415
2025-01-03 15:00:00,0.00915687188861322,0.11881789402094088,0.3641106692324727,-2053065.230127207
2025-01-03 16:00:00,0.0064748862068948745,0.14875793265497314,0.3642101766926842,-2155439.538007815
2025-01-03 17:00:00,0.003351647730432032,0.16008613247813339,0.36430978487890314,-2025181.5713836495
2025-01-03 18:00:00,1.5858897336234313e-18,0.11632494371705276,0.3644094937398852,-2147369.742593619
2025-01-03 19:00:00,0.0,0.1316511482604811,0.3645093032243343,-2318067.974424555
2025-01-03 20:00:00,0.0,0.1563561341023851,0.36460921328090223,-2312582.2463299856
2025-01-03 21:00:00,0.0,0.1153391982974003,0.3647092238581894,-2133208.9272386087
2025-01-03 22:00:00,0.0,0.1347212647833173,0.3648093349047443,-2272268.45798057
2025-01-03 23:00:00,0.0,0.1652497456156449,0.3649095463690639,-2414706.1519433437
2025-01-04 00:00:00,0.0,0.12295763914015563,0.3650098581995935,-2249946.47988177
2025-01-04 01:00:00,0.0,0.15451394985332806,0.3651102703447265,-2492328.734002996
2025-01-04 02:00:00,0.0,0.1559440987737759,0.365210782752805,-2344827.0458081914
2025-01-04 03:00:00,0.0,0.16190708040731105,0.3653113953721194,-2351461.3220753856
2025-01-04 04:00:00,0.0,0.11692476879614028,0.3654121081509085,-2299898.021248443
2025-01-04 05:00:00,0.0,0.1198594367946641,0.36551292103735955,-2223916.1343857534
2025-01-04 06:00:00,0.0,0.12173955284277282,0.3656138339796085,-2264552.9026579843
2025-01-04 07:00:00,0.003874013580253694,0.13050911466711465,0.3657148469257397,-2082983.570898188
2025-01-04 08:00:00,0.007484019537123242,0.1409895443194931,0.3658159598237859,-2161910.726848338
2025-01-04 09:00:00,0.010584001930464902,0.10987914700928297,0.3659171726217287,-2113072.10436388
2025-01-04 10:00:00,0.012962702083135567,0.13957491844948552,0.3660184852674981,-2098566.2049407708
2025-01-04 11:00:00,0.014458015510718599,0.1394963186757878,0.3661198977089728,-2037373.6281293898
2025-01-04 12:00:00,0.014968039074246486,0.13452860668229635,0.3662214098939802,-2001168.668642481
2025-01-04 13:00:00,0.014458015510718599,0.14452308663953747,0.36632302177029646,-2035153.5834871777
2025-01-04 14:00:00,0.01296270208313557,0.10641951243619155,0.3664247332856462,-1990344.8130209786
2025-01-04 15:00:00,0.010584001930464904,0.15387715935114843,0.36652654438770293,-2156746.541153121
2025-01-04 16:00:00,0.007484019537123242,0.12030264068438018,0.36662845502408903,-2188375.5322072185
2025-01-04 17:00:00,0.0038740135802536983,0.16105537901619493,0.36673046514237545,-2174718.7735210205
2025-01-04 18:00:00,1.833056114178847e-18,0.15858353207494136,0.3668325746900822,-2013023.7997720868
2025-01-04 19:00:00,0.0,0.15477881631784685,0.36693478361467785,-2297489.710901235
2025-01-04 20:00:00,0.0,0.11396643499127866,0.36703709186358013,-2369823.9735062653
2025-01-04 21:00:00,0.0,0.12893358713369982,0.3671394993841556,-2343611.0563955014
2025-01-04 22:00:00,0.0,0.14671347738105905,0.36724200612371954,-2299110.4705240997
2025-01-04 23:00:00,0.0,0.15967735248687956,0.3673446120295365,-2359569.882583533
2025-01-05 00:00:00,0.0,0.11092874079672842,0.3674473170488197,-2416190.224883357
2025-01-05 01:00:00,0.0,0.15565627143692606,0.36755012112873175,-2365332.8492943854
2025-01-05 02:00:00,0.0,0.16040049642161325,0.3676530242163838,-2235874.1158364285
2025-01-05 03:00:00,0.0,0.12135502980118583,0.36775602625883663,-2428231.0757073862
2025-01-05 04:00:00,0.0,0.1112639107482494,0.36785912720309955,-2281907.2972462033
2025-01-05 05:00:00,0.0,0.1135643231480829,0.36796232699613146,-2195822.581360933
2025-01-05 06:00:00,0.0,0.1231934791404315,0.36806562558484013,-2139902.768639514
2025-01-05 07:00:00,0.004433578310661643,0.1657674920085367,0.3681690229160826,-2254829.8176451377
2025-01-05 08:00:00,0.008565015586286277,0.13256229564608216,0.3682725189366651,-2194037.411273023
2025-01-05 09:00:00,0.012112761204063,0.15142821331811862,0.368376113593343,-2150289.9135600463
2025-01-05 10:00:00,0.014835042163067169,0.15368700021122308,0.3684798068328211,-2107678.360152622
2025-01-05 11:00:00,0.016546339514724645,0.14801945428187202,0.3685835986017534,-2056905.3414362918
2025-01-05 12:00:00,0.017130031172572557,0.11056750851244124,0.36868748884674307,-2003521.108892846
2025-01-05 13:00:00,0.016546339514724645,0.15693063048914624,0.3687914775143429,-2111143.880456932
2025-01-05 14:00:00,0.01483504216306717,0.12197808330943681,0.3688955645510548,-2112898.9988748934
2025-01-05 15:00:00,0.012112761204063002,0.11957638693901303,0.36899974990333023,-2071307.234033351
2025-01-05 16:00:00,0.008565015586286277,0.12119197900550119,0.36910403351756993,-2184814.101922749
2025-01-05 17:00:00,0.004433578310661648,0.13904952014967417,0.3692084153401243,-2231555.851124081
2025-01-05 18:00:00,2.0978237844785364e-18,0.12538249551157887,0.36931289531729283,-2193465.79256642
2025-01-05 19:00:00,0.0,0.14987882250862478,0.36941747339532505,-2181963.712195532
2025-01-05 20:00:00,0.0,0.16692822814074906,0.3695221495204195,-2261201.9444234697
2025-01-05 21:00:00,0.0,0.15624709518372507,0.3696269236387248,-2333546.0029771365
2025-01-05 22:00:00,0.0,0.14900744158951512,0.3697317956963385,-2261055.639683782
2025-01-05 23:00:00,0.0,0.14020397529006076,0.36983676563930845,-2336952.5317068454
2025-01-06 00:00:00,0.0,0.1406744832548683,0.3699418334136317,-2110756.3271608674
2025-01-06 01:00:00,0.0,0.11331606736775252,0.37004699896525506,-2411071.1668805317
2025-01-06 02:00:00,0.0,0.15687888215074533,0.370152262240075,-2406924.8206288232
2025-01-06 03:00:00,0.0,0.1672919932386675,0.37025762318393807,-2460706.0830460987
2025-01-06 04:00:00,0.0,0.16128200382368255,0.37036308174264004,-2242184.5407739556
2025-01-06 05:00:00,0.0,0.13119152731771047,0.37046863786192685,-2320160.5643545226
2025-01-06 06:00:00,0.0,0.11906491589508189,0.37057429148749405,-2224143.2087425133
2025-01-06 07:00:00,0.005030176110549861,0.13185615654089516,0.37068004256498704,-2130205.1461230717
2025-01-06 08:00:00,0.009717554031924812,0.1487295185627687,0.37078589104000126,-2132315.218829353
2025-01-06 09:00:00,0.013742696705041422,0.151619742185921,0.3708918368580818,-2235363.489319042
2025-01-06 10:00:00,0.016831297308589573,0.13465545877871402,0.3709978799647239,-2085528.4571652093
2025-01-06 11:00:00,0.018772872815591285,0.1666180568499249,0.3711040203053726,-1992411.897516078
2025-01-06 12:00:00,0.019435108063849627,0.15943900753282406,0.3712102578254228,-2007178.9573955748
2025-01-06 13:00:00,0.018772872815591285,0.14626040422932363,0.37131659247021975,-2072278.2616710754
2025-01-06 14:00:00,0.016831297308589573,0.154182849030214,0.37142302418505846,-1913520.4109624317
2025-01-06 15:00:00,0.013742696705041425,0.16225604639115976,0.3715295529151842,-2061498.2039575104
2025-01-06 16:00:00,0.009717554031924812,0.12365179351549274,0.371636178605792,-2217859.10411007
2025-01-06 17:00:00,0.005030176110549866,0.13789646851613158,0.3717429012020274,-2073070.6795890154
2025-01-06 18:00:00,2.380114288147636e-18,0.12211428309427404,0.37184972064898586,-2317737.792582355
2025-01-06 19:00:00,0.0,0.15071434539582843,0.371956636891713,-2192493.2062569773
2025-01-06 20:00:00,0.0,0.11986625198083106,0.3720636498752048,-2377087.409476359
2025-01-06 21:00:00,0.0,0.13474036846677578,0.37217075954440726,-2288396.98689451
2025-01-06 22:00:00,0.0,0.14580554691817774,0.37227796584421685,-2329132.0774071743
2025-01-06 23:00:00,0.0,0.16325043803382622,0.3723852687194802,-2408918.769537126
2025-01-07 00:00:00,0.0,0.11860065571619785,0.37249266811499426,-2288252.3416951904
2025-01-07 01:00:00,0.0,0.14627705447406864,0.37260016397550644,-2361865.814201371
2025-01-07 02:00:00,0.0,0.1642917595082711,0.3727077562457143,-2371578.6477803453
2025-01-07 03:00:00,0.0,0.16727837349158695,0.372815444870266,-2342256.8661393328
2025-01-07 04:00:00,0.0,0.17501955668965805,0.3729232297937601,-2349701.8980886783
2025-01-07 05:00:00,0.0,0.1612273992155033,0.37303111096074554,-2337946.792636151
2025-01-07 06:00:00,0.0,0.1570599497828031,0.3731390883157218,-2378532.3302034927
2025-01-07 07:00:00,0.0056636301951146105,0.14548543841283956,0.3732471618031388,-2200658.7518617236
2025-01-07 08:00:00,0.010941293352023594,0.17232012897480367,0.3733553313673972,-2174397.902242301
2025-01-07 09:00:00,0.01547332544833435,0.1544177489894206,0.37346359695284803,-2119441.5665763267
2025-01-07 10:00:00,0.018950875986220455,0.15264446593176292,0.37357195850379293,-2085163.4895791025
2025-01-07 11:00:00,0.021136955643448963,0.16948166989373045,0.3736804159644843,-2072233.6955676044
2025-01-07 12:00:00,0.02188258670404719,0.1436122232175254,0.3737889692791252,-2041470.2418317297
2025-01-07 13:00:00,0.021136955643448963,0.1339380455081775,0.37389761839186914,-2071330.1508952328
2025-01-07 14:00:00,0.01895087598622046,0.15928585761045067,0.37400636324682063,-2230297.7765805754
2025-01-07 15:00:00,0.015473325448334352,0.1667058111149298,0.37411520378803476,-2090700.4083575767
2025-01-07 16:00:00,0.010941293352023594,0.1526678929040596,0.3742241399595174,-2100611.461301137
2025-01-07 17:00:00,0.0056636301951146165,0.1464489438611217,0.3743331717052254,-2170317.646841505
2025-01-07 18:00:00,2.679843976417582e-18,0.13312140648122117,0.3744422989690661,-2192509.965830892
2025-01-07 19:00:00,0.0,0.13328480814913993,0.3745515216948981,-2207246.6773179807
2025-01-07 20:00:00,0.0,0.1636398986800044,0.37466083982653053,-2242564.2128403266
2025-01-07 21:00:00,0.0,0.14114430142374987,0.3747702533077238,-2131832.2580453274
2025-01-07 22:00:00,0.0,0.15273353285383312,0.37487976208218887,-2218936.5762333376
2025-01-07 23:00:00,0.0,0.16323241398411656,0.3749893660935879,-2255884.738434033
2025-01-08 00:00:00,0.0,0.16227918991127896,0.3750990652855341,-2265527.6182556367
2025-01-08 01:00:00,0.0,0.11830215622132344,0.37520885960159156,-2381572.266878189
2025-01-08 02:00:00,0.0,0.12232545106781625,0.37531874898527556,-2440788.384400175
2025-01-08 03:00:00,0.0,0.13948523436401883,0.37542873338005245,-2280939.7166077467
2025-01-08 04:00:00,0.0,0.13541513804363073,0.3755388127293396,-2230655.5698640356
2025-01-08 05:00:00,0.0,0.14946025078681022,0.3756489869765056,-2328572.3792286967
2025-01-08 06:00:00,0.0,0.1564347181261627,0.3757592560648704,-2270016.4029461537
2025-01-08 07:00:00,0.006333752858239574,0.12052359876123167,0.3758696199377047,-2262778.7671488384
2025-01-08 08:00:00,0.012235870926211615,0.1457362936548698,0.37598007853823084,-2093619.2216979743
2025-01-08 09:00:00,0.01730413461129511,0.1208995004813978,0.3760906318096224,-2069729.8261076235
2025-01-08 10:00:00,0.021193150119053376,0.13621117092856883,0.376201279695004,-1966943.8673830125
2025-01-08 11:00:00,0.02363788746953469,0.12487706262441389,0.37631202213745185,-1991906.0759751345
2025-01-08 12:00:00,0.024471741852423234,0.16017710514777156,0.3764228590799933,-2123057.0647547226
2025-01-08 13:00:00,0.02363788746953469,0.11602674220486245,0.37653379046560737,-2046469.264742538
2025-01-08 14:00:00,0.02119315011905338,0.11332672362756475,0.3766448162372241,-2099196.772784449
2025-01-08 15:00:00,0.017304134611295114,0.17894503648324872,0.3767559363377253,-1938805.7204145724
2025-01-08 16:00:00,0.012235870926211615,0.14807938568539358,0.37686715070994425,-1941121.3396652595
2025-01-08 17:00:00,0.006333752858239581,0.12781134605819777,0.3769784592966654,-2001655.3462381223
2025-01-08 18:00:00,2.9969240329130435e-18,0.1515481797136496,0.37708986204062506,-2209183.303221417
2025-01-08 19:00:00,0.0,0.12588376387987832,0.377201358884511,-2202946.508348795
2025-01-08 20:00:00,0.0,0.1267611306454238,0.37731294977096247,-2057645.7422652794
2025-01-08 21:00:00,0.0,0.14282460285137524,0.3774246346425706,-2152369.2632974223
2025-01-08 22:00:00,0.0,0.15768095145602212,0.3775364134418778,-2301047.5036059353
2025-01-08 23:00:00,0.0,0.13379514294718162,0.3776482861113786,-2226889.9793108054
2025-01-09 00:00:00,0.0,0.14144972340399473,0.3777602525935188,-2374567.565618659
2025-01-09 01:00:00,0.0,0.1577350640062996,0.3778723128306962,-2506611.0914457226
2025-01-09 02:00:00,0.0,0.14530468529003024,0.3779844667652604,-2334006.002230123
2025-01-09 03:00:00,0.0,0.13450294030024612,0.3780967143395126,-2232830.973286221
2025-01-09 04:00:00,0.0,0.12643999649796137,0.3782090554957059,-2281707.912198192
2025-01-09 05:00:00,0.0,0.16069042143927995,0.3783214901760453,-2295361.548908355
2025-01-09 06:00:00,0.0,0.14576416910070236,0.37843401832268775,-2184240.521170529
2025-01-09 07:00:00,0.007040345528117238,0.12805936618494382,0.378546639877742,-2140690.074688638
2025-01-09 08:00:00,0.01360090314321438,0.1746445199298531,0.3786593547832688,-2170684.4171865373
2025-01-09 09:00:00,0.019234581685656636,0.11453916522175552,0.37877216298128075,-2071193.2709118037
2025-01-09 10:00:00,0.02355745527287055,0.13099386951415629,0.37888506441374264,-2158361.2036645636
2025-01-09 11:00:00,0.026274927213773877,0.12500120540205084,0.3789980590225712,-2073435.7606040647
2025-01-09 12:00:00,0.027201806286428765,0.16933655402625583,0.37911114674963525,-2014195.3029129275
2025-01-09 13:00:00,0.026274927213773877,0.1340103926451622,0.37922432753675567,-1979826.64128833
2025-01-09 14:00:00,0.023557455272870554,0.12809478775739078,0.3793376013257055,-1881553.184101876
2025-01-09 15:00:00,0.01923458168565664,0.14183726198976607,0.3794509680582099,-2079060.605108965
2025-01-09 16:00:00,0.01360090314321438,0.1720064996175041,0.3795644276759463,-2162358.9912850647
2025-01-09 17:00:00,0.007040345528117246,0.15485227720537925,0.37967798012054416,-2174910.45625969
2025-01-09 18:00:00,3.3312604999701336e-18,0.17253755620964562,0.37979162533358546,-2117251.1747931754
2025-01-09 19:00:00,0.0,0.17324884468574836,0.3799053632566041,-2274707.7335464507
2025-01-09 20:00:00,0.0,0.17690580937884612,0.3800191938310867,-2218338.976356681
2025-01-09 21:00:00,0.0,0.14173846101297075,0.38013311699847185,-2272539.7375503955
2025-01-09 22:00:00,0.0,0.1504633158997581,0.3802471327001507,-2211772.9027523105
2025-01-09 23:00:00,0.0,0.12828945029317887,0.3803612408774668,-2259049.9389744466
2025-01-10 00:00:00,0.0,0.14997562721605912,0.38047544147171597,-2247341.370221088
2025-01-10 01:00:00,0.0,0.1330590203936918,0.38058973442414656,-2284248.698441054
2025-01-10 02:00:00,0.0,0.1520908377086097,0.3807041196759595,-2221637.2364552584
2025-01-10 03:00:00,0.0,0.13800748510347013,0.38081859716830835,-2391588.1782296603
2025-01-10 04:00:00,0.0,0.1367660335774547,0.38093316684229866,-2265430.183257781
2025-01-10 05:00:00,0.0,0.16813621232704457,0.3810478286389892,-2241566.062691899
2025-01-10 06:00:00,0.0,0.12424097767803532,0.381162582499391,-2154820.5117222723
2025-01-10 07:00:00,0.007783198826089982,0.13485531914600576,0.3812774283644679,-2143260.353071354
2025-01-10 08:00:00,0.015035985514526144,0.15158740188433914,0.38139236617513605,-1956906.9330916512
2025-01-10 09:00:00,0.021264094638288274,0.12228039976965038,0.3815073958722648,-2113489.454667352
2025-01-10 10:00:00,0.02604309085302895,0.14700663963792168,0.38162251739667596,-2145808.678983643
2025-01-10 11:00:00,0.02904729346437826,0.1408020202482417,0.381737730689144,-2097988.2750925
2025-01-10 12:00:00,0.03007197102905229,0.15066263053752083,0.3818530356903964,-2059466.2674203764
2025-01-10 13:00:00,0.02904729346437826,0.15286927523282212,0.38196843234111344,-2088295.206833205
2025-01-10 14:00:00,0.026043090853028954,0.1300949318079581,0.38208392058192797,-1987128.4990639645
2025-01-10 15:00:00,0.021264094638288277,0.1839545609453251,0.38219950035342604,-2098702.059415462
2025-01-10 16:00:00,0.015035985514526144,0.17298874668797787,0.38231517159614653,-2040909.1430969539
2025-01-10 17:00:00,0.0077831988260899905,0.18208238434373017,0.38243093425058117,-2227318.077040085
2025-01-10 18:00:00,3.6827543064780826e-18,0.1636489545938445,0.3825467882571747,-2057284.4228556203
2025-01-10 19:00:00,0.0,0.17555207549633434,0.38266273355632496,-2346853.8390279263
2025-01-10 20:00:00,0.0,0.15604241363689625,0.3827787700883827,-2219216.885060149
2025-01-10 21:00:00,0.0,0.1279301012839675,0.38289489779365177,-2127526.4528067294
2025-01-10 22:00:00,0.0,0.1475815279668737,0.3830111166123891,-2364508.4227346554
2025-01-10 23:00:00,0.0,0.18221005838054125,0.3831274264848049,-2387346.730008853
2025-01-11 00:00:00,0.0,0.18640098039609337,0.3832438273510622,-2427902.3436154863
2025-01-11 01:00:00,0.0,0.18123895319278582,0.38336031915127766,-2389062.245293029
2025-01-11 02:00:00,0.0,0.1585579002702282,0.3834769018255208,-2517494.4295465755
2025-01-11 03:00:00,0.0,0.16905689918722008,0.3835935753138145,-2285689.107326359
2025-01-11 04:00:00,0.0,0.15179274599728276,0.3837103395561349,-2271920.299935134
2025-01-11 05:00:00,0.0,0.1733212186397005,0.3838271944924116,-2303950.6722379457
2025-01-11 06:00:00,0.0,0.14662528442240372,0.38394414006252736,-2046118.3905929474
2025-01-11 07:00:00,0.008562092628693556,0.15692166622775588,0.38406117620631824,-2145323.1608030926
2025-01-11 08:00:00,0.016540692794268726,0.14594919490016478,0.38417830286357413,-2100946.804901926
2025-01-11 09:00:00,0.02339207208070176,0.16415067109652498,0.3842955199740379,-2134582.1880853437
2025-01-11 10:00:00,0.02864932031206186,0.16319366837418453,0.384412827477406,-2151815.565307744
2025-01-11 11:00:00,0.03195416470939532,0.12030886779410843,0.38453022531332853,-2024067.2183338697
2025-01-11 12:00:00,0.03308138558853746,0.14712212704772457,0.3846477134214089,-2080296.5417744927
2025-01-11 13:00:00,0.03195416470939532,0.12375932156978359,0.3847652917412044,-2025541.8868002717
2025-01-11 14:00:00,0.028649320312061865,0.1566730079897168,0.38488296021222546,-1992560.9471439677
2025-01-11 15:00:00,0.023392072080701765,0.1863161655870033,0.38500071877393655,-2072487.3302462078
2025-01-11 16:00:00,0.016540692794268726,0.16750088255880924,0.3851185673657555,-2108438.153802946
2025-01-11 17:00:00,0.008562092628693566,0.13637731568636616,0.38523650592705394,-2235236.5755640008
2025-01-11 18:00:00,4.051301297236178e-18,0.15896737096460245,0.3853545343971574,-2174150.6972248154
2025-01-11 19:00:00,0.0,0.18599660291643547,0.3854726527153447,-2351315.0690843966
2025-01-11 20:00:00,0.0,0.16827034620227974,0.38559086082084887,-2187941.13241875
2025-01-11 21:00:00,0.0,0.12396224856358502,0.3857091586528565,-2317983.768448752
2025-01-11 22:00:00,0.0,0.15556097014093087,0.38582754615050824,-2399443.7097126846
2025-01-11 23:00:00,0.0,0.13881100522321851,0.38594602325289834,-2428278.7606809004
2025-01-12 00:00:00,0.0,0.12850598314736114,0.3860645898990751,-2380391.4165566657
2025-01-12 01:00:00,0.0,0.19020857164306254,0.38618324602804077,-2284977.6280727712
2025-01-12 02:00:00,0.0,0.1211474296235247,0.38630199157875156,-2324368.4720293013
2025-01-12 03:00:00,0.0,0.16780424649990014,0.3864208264901176,-2337765.973127503
2025-01-12 04:00:00,0.0,0.1812853226325786,0.3865397507010031,-2355919.283682663
2025-01-12 05:00:00,0.0,0.13138328140848463,0.3866587641502264,-2179810.650863625
2025-01-12 06:00:00,0.0,0.18995625099167623,0.38677786677655973,-2250111.845748998
2025-01-12 07:00:00,0.009376796132884313,0.1420710361628832,0.38689705851872963,-2261682.600854634
2025-01-12 08:00:00,0.018114579105200836,0.1839821225669032,0.3870163393154167,-2081312.1526012148
2025-01-12 09:00:00,0.02561788344725531,0.16144594541282212,0.38713570910525585,-2092049.2305685286
2025-01-12 10:00:00,0.031375371367933426,0.16348747361366645,0.38725516782683606,-2118430.998400606
2025-01-12 11:00:00,0.034994679580139625,0.12459055104595292,0.38737471541870055,-2093140.0265949934
2025-01-12 12:00:00,0.03622915821040168,0.17338292891068582,0.387494351819347,-2050074.0101765883
2025-01-12 13:00:00,0.034994679580139625,0.1534287008915929,0.38761407696722716,-2031083.2566285012
2025-01-12 14:00:00,0.031375371367933426,0.18351156959279324,0.3877338908007474,-2093916.9946777849
2025-01-12 15:00:00,0.025617883447255314,0.17160132158160765,0.38785379325826813,-2001422.5271726353
2025-01-12 16:00:00,0.018114579105200836,0.17112532873020755,0.38797378427810436,-2095070.5278168274
2025-01-12 17:00:00,0.009376796132884321,0.16824140563989815,0.38809386379852573,-2127707.313419632
2025-01-12 18:00:00,4.4367922638171465e-18,0.14383566885944507,0.388214031757756,-2211860.6392318397
2025-01-12 19:00:00,0.0,0.16071413386775715,0.3883342880939735,-2243681.7694538888
2025-01-12 20:00:00,0.0,0.14642293164237233,0.38845463274531133,-2215670.1915954812
2025-01-12 21:00:00,0.0,0.18151852158828768,0.38857506564985694,-2200454.8563149106
2025-01-12 22:00:00,0.0,0.1212001445786405,0.38869558674565236,-2271521.655004212
2025-01-12 23:00:00,0.0,0.12453287704456764,0.38881619597069444,-2274160.1354404395
2025-01-13 00:00:00,0.0,0.17082421627245706,0.38893689326293446,-2211343.1074567037
2025-01-13 01:00:00,0.0,0.1560158284045524,0.3890576785602786,-2394921.970994833
2025-01-13 02:00:00,0.0,0.17561130243655265,0.38917855180058764,-2196744.92253872
2025-01-13 03:00:00,0.0,0.1590336559148255,0.3892995129216771,-2425272.3595940582
2025-01-13 04:00:00,0.0,0.15313140940122427,0.38942056186131735,-2246565.0587207936
2025-01-13 05:00:00,0.0,0.19104963381882878,0.3895416985572337,-2412453.061600634
2025-01-13 06:00:00,0.0,0.18627015267469646,0.389662922947106,-2163280.9485734743
2025-01-13 07:00:00,0.010227067924431241,0.18697480127053615,0.3897842349685693,-2188162.4155573975
2025-01-13 08:00:00,0.019757178070841343,0.13056826999772717,0.3899056345592133,-2341790.6638845373
2025-01-13 09:00:00,0.027940869182004134,0.13178629572781053,0.39002712165658293,-2008312.0623267218
2025-01-13 10:00:00,0.034220436232882866,0.1283888481018458,0.3901486961981778,-2222907.5413022665
2025-01-13 11:00:00,0.03816793710643538,0.12309236726482012,0.39027035812145283,-2079831.563516424
2025-01-13 12:00:00,0.039514356141682694,0.1797092556408918,0.39039210736381774,-2061858.7665713842
2025-01-13 13:00:00,0.03816793710643538,0.15867890348199676,0.39051394386263755,-1883618.8490887906
2025-01-13 14:00:00,0.03422043623288287,0.167949326568273,0.3906358675552321,-1996090.0141470234
2025-01-13 15:00:00,0.027940869182004138,0.17603229527421582,0.39075787837887666,-1917289.941793412
2025-01-13 16:00:00,0.019757178070841343,0.15481006689475674,0.3908799762708015,-2095943.423756077
2025-01-13 17:00:00,0.010227067924431251,0.13285835931472875,0.39100216116819225,-2031185.0637685037
2025-01-13 18:00:00,4.839112976928027e-18,0.1735479038772765,0.3911244330081896,-2197568.7820290327
2025-01-13 19:00:00,0.0,0.14480419585337492,0.3912467917278896,-2198594.804328805
2025-01-13 20:00:00,0.0,0.15302715760592195,0.39136923726434364,-2105283.701816821
2025-01-13 21:00:00,0.0,0.12239198560125267,0.39149176955455833,-2350614.0496841483
2025-01-13 22:00:00,0.0,0.13908547270906596,0.39161438853549585,-2291102.552291737
2025-01-13 23:00:00,0.0,0.14050035382518986,0.39173709414407343,-2410012.518545509
2025-01-14 00:00:00,0.0,0.16992928513670993,0.39185988631716423,-2140164.5721465037
2025-01-14 01:00:00,0.0,0.12716653899099006,0.39198276499159646,-2352001.1850402346
2025-01-14 02:00:00,0.0,0.14267995169765887,0.39210573010415395,-2342904.151161498
2025-01-14 03:00:00,0.0,0.12911518305445513,0.39222878159157615,-2349217.082426255
2025-01-14 04:00:00,0.0,0.19539964012727973,0.39235191939055797,-2358289.3935870263
2025-01-14 05:00:00,0.0,0.18894933533934014,0.3924751434377499,-2257502.9881808134
2025-01-14 06:00:00,0.0,0.19594936267015906,0.3925984536697583,-2291394.0201343107
2025-01-14 07:00:00,0.011112656049452156,0.17919602835479886,0.39272185002314486,-2166626.1704033697
2025-01-14 08:00:00,0.021468002953666573,0.1246836386259585,0.39284533243442704,-2110654.5332003236
2025-01-14 09:00:00,0.030360340934140934,0.17983524281928343,0.39296890084007824,-2096552.1220433156
2025-01-14 10:00:00,0.03718367185278924,0.12550585077124612,0.3930925551765274,-2123390.1898401487
2025-01-14 11:00:00,0.041472996983593094,0.14498607636983296,0.39321629538015934,-2106050.252807542
2025-01-14 12:00:00,0.04293600590733315,0.16816345035925262,0.3933401213873148,-2141466.5146402935
2025-01-14 13:00:00,0.041472996983593094,0.13615668774982562,0.39346403313429,-2109202.820633806
2025-01-14 14:00:00,0.03718367185278924,0.19303542020604286,0.3935880305573376,-2056524.178335211
2025-01-14 15:00:00,0.030360340934140938,0.15271768146496612,0.3937121135926657,-1978204.7016091233
2025-01-14 16:00:00,0.021468002953666573,0.13875812381639283,0.39383628217643873,-2113215.735062063
2025-01-14 17:00:00,0.011112656049452168,0.17311372034395944,0.3939605362447767,-2123821.7171721077
2025-01-14 18:00:00,5.258144220258739e-18,0.17131780227322874,0.39408487573375617,-2221319.2694972353
2025-01-14 19:00:00,0.0,0.1284965502046623,0.3942093005794092,-2159447.5896048676
2025-01-14 20:00:00,0.0,0.13384530919803614,0.3943338107177244,-2110319.334019506
2025-01-14 21:00:00,0.0,0.16324751175044097,0.3944584060846462,-2304879.0677494425
2025-01-14 22:00:00,0.0,0.15551877451275536,0.39458308661607533,-2320518.5207137926
2025-01-14 23:00:00,0.0,0.15962295766716253,0.39470785224786853,-2380195.6092246813
2025-01-15 00:00:00,0.0,0.14444434193477315,0.39483270291583905,-2419663.6601891485
2025-01-15 01:00:00,0.0,0.13906526408364467,0.39495763855575616,-2220993.9546549935
2025-01-15 02:00:00,0.0,0.13867491463102616,0.39508265910334556,-2305629.403822869
2025-01-15 03:00:00,0.0,0.18597815883698865,0.395207764494289,-2376711.9224647204
2025-01-15 04:00:00,0.0,0.15722202492463283,0.395332954664225,-2448895.6839679824
2025-01-15 05:00:00,0.0,0.1982527333269364,0.3954582295487481,-2346342.7992090415
2025-01-15 06:00:00,0.0,0.15867584754189631,0.3955835890834095,-2204572.0599474767
2025-01-15 07:00:00,0.012033298089073004,0.12704509887686705,0.3957090332037167,-2211736.7918821406
2025-01-15 08:00:00,0.023246546799341013,0.16855190678012177,0.3958345618451336,-2204352.6107885735
2025-01-15 09:00:00,0.032875581761968926,0.15308117491331005,0.395960174943081,-2133246.569659519
2025-01-15 10:00:00,0.040264200156986306,0.15516543035326602,0.3960858724329359,-2176235.490116063
2025-01-15 11:00:00,0.04490887985104194,0.1469984146817825,0.39621165425003196,-2160102.3743481375
2025-01-15 12:00:00,0.046493093598682034,0.14376368900932623,0.39633752032965947,-2058337.1307929764
2025-01-15 13:00:00,0.04490887985104194,0.18234121796275016,0.3964634706070654,-2037821.0184257475
2025-01-15 14:00:00,0.04026420015698631,0.190996548012112,0.3965895050174534,-1905450.5643095654
2025-01-15 15:00:00,0.03287558176196893,0.16096990997866922,0.39671562349598377,-2099098.8788042683
2025-01-15 16:00:00,0.023246546799341013,0.1831295459863886,0.39684182597777373,-2236921.6245601415
2025-01-15 17:00:00,0.012033298089073016,0.15090102971638988,0.396968112397897,-2164325.7818769217
2025-01-15 18:00:00,5.693761825808425e-18,0.14317821120057947,0.3970944826913845,-2174893.0504576126
2025-01-15 19:00:00,0.0,0.19845592112041943,0.39722093679322357,-2434353.2513805074
2025-01-15 20:00:00,0.0,0.13615226905189481,0.39734747463835873,-2225544.627550867
2025-01-15 21:00:00,0.0,0.15798739765385783,0.3974740961616914,-2261792.5196962385
2025-01-15 22:00:00,0.0,0.17907299845173988,0.39760080129807984,-2362373.443207287
2025-01-15 23:00:00,0.0,0.16531937611012187,0.3977275899823393,-2317995.9412884195
2025-01-16 00:00:00,0.0,0.1266779838906896,0.39785446214924214,-2345641.7465352686
2025-01-16 01:00:00,0.0,0.1433439477562681,0.3979814177335177,-2395479.7318292754
2025-01-16 02:00:00,0.0,0.14891158115842815,0.3981084566698525,-2256216.8543226826
2025-01-16 03:00:00,0.0,0.1945975937027982,0.39823557889288996,-2472947.9297112427
2025-01-16 04:00:00,0.0,0.1602290440023297,0.39836278433723094,-2231980.766885617
2025-01-16 05:00:00,0.0,0.14341094740552976,0.3984900729374332,-2118888.3755767243
2025-01-16 06:00:00,0.0,0.15214830650520356,0.3986174446280121,-2310361.6562821544
2025-01-16 07:00:00,0.012988721237188418,0.16692752564348845,0.3987448993434397,-2248197.909436676
2025-01-16 08:00:00,0.025092282586939182,0.16228818614945317,0.3988724370181459,-2193821.610693861
2025-01-16 09:00:00,0.03548584634534764,0.19890806660705526,0.3990000575865176,-2167326.92934148
2025-01-16 10:00:00,0.04346110831845449,0.19649697007080208,0.39912776098289915,-2151261.0251458962
2025-01-16 11:00:00,0.048474567582536064,0.19821693398523296,0.39925554714159217,-2108515.350629612
2025-01-16 12:00:00,0.05018456517387837,0.15499224021268226,0.399383415996856,-2091289.4177600585
2025-01-16 13:00:00,0.048474567582536064,0.14487706245428408,0.39951136748290716,-1944873.9214641065
2025-01-16 14:00:00,0.0434611083184545,0.1371627983492867,0.39963940153391975,-2117842.4240934313
2025-01-16 15:00:00,0.03548584634534765,0.19545066489560486,0.39976751808402544,-2110340.1173481517
2025-01-16 16:00:00,0.025092282586939182,0.1427378860789915,0.39989571706731325,-2092516.8651445855
2025-01-16 17:00:00,0.012988721237188432,0.1772706534946249,0.40002399841783004,-2254409.3669513515
2025-01-16 18:00:00,6.145836710679188e-18,0.1309611531073428,0.4001523620695803,-2052859.3801973152
2025-01-16 19:00:00,0.0,0.18354666166515862,0.40028080795652593,-2140647.230348479
2025-01-16 20:00:00,0.0,0.14426541861802053,0.4004093360125867,-2151542.3425413496
2025-01-16 21:00:00,0.0,0.12814628850895876,0.4005379461716402,-2270480.355474611
2025-01-16 22:00:00,0.0,0.14811334783800365,0.4006666383675215,-2395775.8066227054
2025-01-16 23:00:00,0.0,0.16816514812259248,0.4007954125340237,-2291072.3981123106
2025-01-17 00:00:00,0.0,0.15114251492169398,0.4009242686048977,-2358334.888522427
2025-01-17 01:00:00,0.0,0.19466899449184025,0.4010532065138522,-2270113.7732670675
2025-01-17 02:00:00,0.0,0.17481297639112783,0.4011822261945538,-2321562.1444524634
2025-01-17 03:00:00,0.0,0.13919135262489737,0.4013113275806271,-2340136.4633389874
2025-01-17 04:00:00,0.0,0.17056607881068497,0.4014405106056545,-2247205.8568260507
2025-01-17 05:00:00,0.0,0.17589644509295665,0.4015697752031767,-2357762.880021242
2025-01-17 06:00:00,0.0,0.18560693682685478,0.40169912130669205,-2279808.117184795
2025-01-17 07:00:00,0.013978642381299837,0.1503534965983,0.40182854884965735,-2137619.9367680256
2025-01-17 08:00:00,0.027004663385112867,0.141901227600409,0.4019580577654872,-2120094.8329223576
2025-01-17 09:00:00,0.03819036120654675,0.1581351652135935,0.40208764798755453,-2124348.695135802
2025-01-17 10:00:00,0.04677344902431044,0.1337067691829342,0.4022173194491903,-2042770.1183496604
2025-01-17 11:00:00,0.052169003587846596,0.19495188226327523,0.4023470720836839,-2060321.8740276136
2025-01-17 12:00:00,0.05400932677022574,0.13072199961464226,0.4024769058242826,-1927398.659860921
2025-01-17 13:00:00,0.052169003587846596,0.18740894491650936,0.4026068206041922,-2075351.3986982354
2025-01-17 14:00:00,0.046773449024310444,0.14205797680849983,0.40273681635657693,-1892982.6516179463
2025-01-17 15:00:00,0.03819036120654676,0.16646367529408027,0.4028668930145589,-2066983.8284595178
2025-01-17 16:00:00,0.027004663385112867,0.1777268596317117,0.4029970505112192,-2220075.773094686
2025-01-17 17:00:00,0.013978642381299852,0.20275390128433934,0.4031272887795968,-2134394.474666346
2025-01-17 18:00:00,6.6142349153260406e-18,0.20426774108117415,0.40325760775268943,-2138979.431835563
2025-01-17 19:00:00,0.0,0.16287486664238085,0.40338800736345326,-2271724.3822042667
2025-01-17 20:00:00,0.0,0.1966070355819192,0.40351848754480274,-2177838.356756236
2025-01-17 21:00:00,0.0,0.1512036244060483,0.40364904822961123,-2281308.707309402
2025-01-17 22:00:00,0.0,0.16389802985765978,0.4037796893507104,-2307280.8158822856
2025-01-17 23:00:00,0.0,0.16918326233814748,0.4039104108408907,-2479834.315587589
2025-01-18 00:00:00,0.0,0.1556394255061858,0.40404121263290116,-2344585.5811408404
2025-01-18 01:00:00,0.0,0.17993626993545453,0.4041720946594494,-2285684.907622545
2025-01-18 02:00:00,0.0,0.18414992270846384,0.404303056853202,-2355866.7386758286
2025-01-18 03:00:00,0.0,0.1861462422544399,0.40443409914678413,-2205508.381709848
2025-01-18 04:00:00,0.0,0.1742071765706431,0.4045652214727798,-2124948.1947375773
2025-01-18 05:00:00,0.0,0.19727933072325532,0.4046964237637317,-2249412.7397035253
2025-01-18 06:00:00,0.0,0.19469819138497307,0.4048277059521418,-2124858.290702866
2025-01-18 07:00:00,0.015002768186408059,0.1579039585535632,0.4049590679704704,-2174150.8651720677
2025-01-18 08:00:00,0.0289831225141591,0.16908064112636076,0.4050905097511372,-2180245.857748304
2025-01-18 09:00:00,0.0409883249394448,0.1493227672102443,0.4052220312265205,-2116437.2101828554
2025-01-18 10:00:00,0.05020024075651698,0.19606738111062746,0.40535363232895794,-2094975.8407599756
2025-01-18 11:00:00,0.05599109312585286,0.18237143806916947,0.40548531299074597,-2072088.3352530405
2025-01-18 12:00:00,0.05796624502831821,0.203950881432309,0.4056170731441402,-2123995.996625454
2025-01-18 13:00:00,0.05599109312585286,0.13560253462085742,0.4057489127213552,-2077179.610097748
2025-01-18 14:00:00,0.05020024075651699,0.1376165142096503,0.40588083165456496,-2097200.173337627
2025-01-18 15:00:00,0.040988324939444806,0.19769238047204268,0.4060128298759025,-2185222.2500833985
2025-01-18 16:00:00,0.0289831225141591,0.14400482566986259,0.4061449073174599,-2093725.1252590762
2025-01-18 17:00:00,0.015002768186408074,0.20244220254576098,0.4062770639112885,-2182313.091397364
2025-01-18 18:00:00,7.098817643252108e-18,0.19299725834276626,0.40640929958939936,-2133225.239233186
2025-01-18 19:00:00,0.0,0.192871025988257,0.40654161428376234,-2153364.5376416515
2025-01-18 20:00:00,0.0,0.1953849904766844,0.4066740079263069,-2226033.55950201
2025-01-18 21:00:00,0.0,0.17167767794827962,0.4068064804489218,-2300532.550006456
2025-01-18 22:00:00,0.0,0.1745619186728186,0.4069390317834552,-2278597.011534664
2025-01-18 23:00:00,0.0,0.1395775822923074,0.4070716618617148,-2203130.0265034195
2025-01-19 00:00:00,0.0,0.1435363107026123,0.4072043706154677,-2356243.1576894424
2025-01-19 01:00:00,0.0,0.15235255799232406,0.40733715797644066,-2382499.295841044
2025-01-19 02:00:00,0.0,0.15702434116838243,0.4074700238763198,-2344642.99217122
2025-01-19 03:00:00,0.0,0.19110642411788686,0.40760296824675113,-2195762.825240398
2025-01-19 04:00:00,0.0,0.198640999955321,0.4077359910193399,-2358677.923651741
2025-01-19 05:00:00,0.0,0.176092187731123,0.4078690921256513,-2277743.3970680702
2025-01-19 06:00:00,0.0,0.13480341990256833,0.40800227149721024,-2306123.483711763
2025-01-19 07:00:00,0.016060795181934574,0.16102079213311193,0.40813552906550116,-2160326.2686643535
2025-01-19 08:00:00,0.03102707371393928,0.18161047072156777,0.40826886476196833,-2178756.291255923
2025-01-19 09:00:00,0.043878908447002686,0.15233152875817013,0.4084022785180162,-2125666.399806141
2025-01-19 10:00:00,0.05374046808272762,0.15194316315717118,0.4085357702650084,-2052150.7130133093
2025-01-19 11:00:00,0.05993970362893727,0.1748938957260144,0.4086693399342689,-2021324.439045881
2025-01-19 12:00:00,0.06205414742787857,0.1322677537055057,0.40880298745708155,-1972392.7739362044
2025-01-19 13:00:00,0.05993970362893727,0.20714730217480226,0.40893671276469007,-2089193.4891781225
2025-01-19 14:00:00,0.05374046808272763,0.1479182425979088,0.40907051578829795,-2042918.8089560815
2025-01-19 15:00:00,0.04387890844700269,0.1909634790031358,0.40920439645906903,-1956319.1131674321
2025-01-19 16:00:00,0.03102707371393928,0.17979531573658714,0.40933835470812713,-2056124.1422608162
2025-01-19 17:00:00,0.01606079518193459,0.16123845235191903,0.40947239046655604,-2205706.9006145205
2025-01-19 18:00:00,7.599441302136945e-18,0.14352426025187193,0.40960650366539975,-2164117.13026603
2025-01-19 19:00:00,0.0,0.1689978953571311,0.40974069423566245,-2154546.041067628
2025-01-19 20:00:00,0.0,0.17152924131088498,0.4098749621083084,-2170839.921598565
2025-01-19 21:00:00,0.0,0.1442775274291277,0.4100093072142622,-2303000.0911933687
2025-01-19 22:00:00,0.0,0.1739354009733536,0.4101437294844088,-2169782.8861694606
2025-01-19 23:00:00,0.0,0.20188219102759397,0.4102782288495931,-2262850.6262132125
2025-01-20 00:00:00,0.0,0.19607703636874133,0.4104128052406207,-2288628.898017039
2025-01-20 01:00:00,0.0,0.1594719455871365,0.41054745858825736,-2283958.2654840304
2025-01-20 02:00:00,0.0,0.1659284150990463,0.4106821888232296,-2261751.2416932886
2025-01-20 03:00:00,0.0,0.1863751649298394,0.4108169958762238,-2196069.090366066
2025-01-20 04:00:00,0.0,0.14215140221092623,0.4109518796778874,-2291967.5508882487
2025-01-20 05:00:00,0.0,0.17474784146696928,0.4110868401588279,-2338082.6851606257
2025-01-20 06:00:00,0.0,0.15647346630091696,0.4112218772496136,-2195905.7682945
2025-01-20 07:00:00,0.017152409851646497,0.20862539754590725,0.4113569908807735,-2164683.0934751187
2025-01-20 08:00:00,0.03313591131760079,0.18333526958246824,0.4114921809827967,-2187213.1980952458
2025-01-20 09:00:00,0.046861255186943174,0.2098781243657832,0.4116274474861338,-2086150.601638743
2025-01-20 10:00:00,0.05739308195718116,0.15036108792942837,0.4117627903211951,-2037803.3892953293
2025-01-20 11:00:00,0.06401366503858968,0.16129288774638106,0.4118982094183526,-2086721.373411998
2025-01-20 12:00:00,0.0662718226352016,0.17282781689480697,0.41203370470793826,-2091625.7785236768
2025-01-20 13:00:00,0.06401366503858968,0.17367179040013553,0.41216927612024534,-1960741.9815317492
2025-01-20 14:00:00,0.057393081957181166,0.2063376407040836,0.41230492358552784,-1997918.3017507487
2025-01-20 15:00:00,0.04686125518694318,0.1695894075662533,0.4124406470340005,-2052236.9263248586
2025-01-20 16:00:00,0.03313591131760079,0.17308828574128968,0.412576446395839,-2124781.7141396375
2025-01-20 17:00:00,0.017152409851646514,0.15091631666570324,0.41271232160118015,-2017691.0899738574
2025-01-20 18:00:00,8.115957546386074e-18,0.18386987504383234,0.4128482725801216,-2076309.4380366195
2025-01-20 19:00:00,0.0,0.1691931183026033,0.4129842992627219,-2049167.8862400278
2025-01-20 20:00:00,0.0,0.1882391116913112,0.4131204015790009,-2009635.2872356093
2025-01-20 21:00:00,0.0,0.1367894409724097,0.41325657945893934,-2228401.1319693527
2025-01-20 22:00:00,0.0,0.1512169146588653,0.41339283283247924,-2339602.182560039
2025-01-20 23:00:00,0.0,0.1481159353045652,0.4135291616295237,-2251686.620067232
2025-01-21 00:00:00,0.0,0.16931472508876208,0.4136655657799369,-2325712.2882689596
2025-01-21 01:00:00,0.0,0.18403734421048268,0.4138020452135446,-2347683.4965817947
2025-01-21 02:00:00,0.0,0.20489990562511853,0.4139385998601333,-2329196.352657434
2025-01-21 03:00:00,0.0,0.16130206250096954,0.4140752296494514,-2260968.086748295
2025-01-21 04:00:00,0.0,0.14058148989536556,0.41421193451120825,-2180052.842763955
2025-01-21 05:00:00,0.0,0.18278552449025065,0.4143487143750747,-2263765.9652893255
2025-01-21 06:00:00,0.0,0.15682803273136456,0.41448556917068285,-2184326.761000438
2025-01-21 07:00:00,0.01827728872655824,0.15150273517702975,0.41462249882762664,-2187050.4829073353
2025-01-21 08:00:00,0.035309010431049274,0.1545918122282536,0.41475950327546124,-2149919.6879448066
2025-01-21 09:00:00,0.04993448142556297,0.1604092668868771,0.41489658244370314,-2138849.948855857
2025-01-21 10:00:00,0.061157000031556816,0.1677813289580728,0.41503373626183077,-2080318.537834522
2025-01-21 11:00:00,0.06821177015212122,0.15875025947589388,0.41517096465928394,-2062964.3041528638
2025-01-21 12:00:00,0.07061802086209856,0.20998402300886246,0.41530826756546413,-2050491.2343532173
2025-01-21 13:00:00,0.06821177015212122,0.171445663810357,0.41544564490973457,-2018566.3466835422
2025-01-21 14:00:00,0.06115700003155682,0.2069550862885616,0.4155830966214201,-2067489.6248648982
2025-01-21 15:00:00,0.049934481425562983,0.13518214493999656,0.4157206226298074,-2019919.0863030334
2025-01-21 16:00:00,0.035309010431049274,0.19692461314962653,0.41585822286414476,-2009228.9063972714
2025-01-21 17:00:00,0.018277288726558257,0.19538416473350684,0.4159958972536424,-2126547.944641538
2025-01-21 18:00:00,8.648213321089002e-18,0.18330230541364192,0.41613364572747236,-2220887.3775235736
2025-01-21 19:00:00,0.0,0.19480513829987234,0.41627146821476857,-2169229.946953716
2025-01-21 20:00:00,0.0,0.20182811853928576,0.41640936464462686,-2253389.7496210146
2025-01-21 21:00:00,0.0,0.162950989772211,0.4165473349461052,-2221162.064707384
2025-01-21 22:00:00,0.0,0.16286582808003425,0.41668537904822334,-2359782.97540139
2025-01-21 23:00:00,0.0,0.17927947113901244,0.4168234968799631,-2350197.026077487
2025-01-22 00:00:00,0.0,0.1815244288471788,0.4169616883702683,-2300424.032306396
2025-01-22 01:00:00,0.0,0.15283150084564495,0.4170999534480451,-2319224.1178186606
2025-01-22 02:00:00,0.0,0.15589529380915568,0.41723829204216173,-2241053.4173881644
2025-01-22 03:00:00,0.0,0.18583780743597766,0.41737670408144834,-2287832.151926886
2025-01-22 04:00:00,0.0,0.20947432710758118,0.41751518949469757,-2373703.428672648
2025-01-22 05:00:00,0.0,0.20751135527165318,0.41765374821066426,-2315725.839329182
2025-01-22 06:00:00,0.0,0.2080881013276692,0.4177923801580655,-2220183.55483946
2025-01-22 07:00:00,0.01943509848078226,0.17335940184855156,0.41793108526558076,-2177155.4100013245
2025-01-22 08:00:00,0.03754572711811804,0.1406080250014099,0.41806986346185177,-2176123.8773371857
2025-01-22 09:00:00,0.053097676499601835,0.1592108802412825,0.41820871467548265,-2008540.001438309
2025-01-22 10:00:00,0.06503110697569706,0.1564429110166669,0.41834763883504017,-1946672.724801771
2025-01-22 11:00:00,0.0725327749803841,0.1455321756268518,0.4184866358690533,-2075828.1284788006
2025-01-22 12:00:00,0.07509145423623609,0.16055010460722707,0.41862570570601376,-2112186.4093342302
2025-01-22 13:00:00,0.0725327749803841,0.17824201528890132,0.41876484827437555,-1943561.421370061
2025-01-22 14:00:00,0.06503110697569706,0.19201478563260485,0.4189040635025556,-2071524.8044361474
2025-01-22 15:00:00,0.05309767649960184,0.14156053252932957,0.4190433513189331,-2107313.994917437
2025-01-22 16:00:00,0.03754572711811804,0.14387503900901344,0.41918271165185017,-2075627.4183352522
2025-01-22 17:00:00,0.01943509848078228,0.1548362285993994,0.41932214442961135,-2234387.7688613045
2025-01-22 18:00:00,9.196050907372648e-18,0.16216389968953177,0.41946164958048415,-2187293.93601474
2025-01-22 19:00:00,0.0,0.15970162199101592,0.4196012270326989,-2203873.2699099127
2025-01-22 20:00:00,0.0,0.17187037491098867,0.41974087671444843,-2317301.67913929
2025-01-22 21:00:00,0.0,0.1401378034189088,0.41988059855388865,-2269403.44453352
2025-01-22 22:00:00,0.0,0.15852639037295144,0.42002039247913825,-2235910.839960978
2025-01-22 23:00:00,0.0,0.1925877657270675,0.42016025841827886,-2225237.9995024353
2025-01-23 00:00:00,0.0,0.14987692443055903,0.4203001962993552,-2315813.7516259053
2025-01-23 01:00:00,0.0,0.17698526046084623,0.42044020605037463,-2385009.284854951
2025-01-23 02:00:00,0.0,0.16726869198365493,0.42058028759930793,-2280510.6155540105
2025-01-23 03:00:00,0.0,0.1594730007877804,0.42072044087408866,-2340468.935166228
2025-01-23 04:00:00,0.0,0.18132191002965514,0.42086066580261366,-2232600.9240891207
2025-01-23 05:00:00,0.0,0.14071625130870546,0.42100096231274275,-2064944.7590994101
2025-01-23 06:00:00,0.0,0.17015666616124467,0.4211413303322991,-2234959.4821073
2025-01-23 07:00:00,0.020625496030300824,0.1560007943601973,0.4212817697890689,-2044958.6441316442
2025-01-23 08:00:00,0.03984539859138044,0.15349413977422924,0.4214222806108017,-2093643.2427837066
2025-01-23 09:00:00,0.05634990308609204,0.17212514673882662,0.42156286272521043,-2025071.5834923577
2025-01-23 10:00:00,0.0690142548081043,0.17002325474506508,0.4217035160599711,-2180437.2893892815
2025-01-23 11:00:00,0.07697539911639288,0.21100538909348798,0.4218442405427233,-2025262.0974107415
2025-01-23 12:00:00,0.0796907971827609,0.16866753208937516,0.4219850361010698,-2011189.6064039757
2025-01-23 13:00:00,0.07697539911639288,0.19568271020875688,0.4221259026625771,-2088924.6389843365
2025-01-23 14:00:00,0.06901425480810432,0.21314342702117944,0.42226684015477495,-2034166.0985559863
2025-01-23 15:00:00,0.05634990308609205,0.18862334874856304,0.42240784850515656,-1904492.2151061841
2025-01-23 16:00:00,0.03984539859138044,0.1531125960645673,0.422548927641179,-2146144.132788897
2025-01-23 17:00:00,0.02062549603030085,0.17397090761965858,0.42269007749026255,-2131682.036709759
2025-01-23 18:00:00,9.759307969136904e-18,0.19332426226973798,0.4228312979797914,-2109014.0573837818
2025-01-23 19:00:00,0.0,0.1750529608056909,0.4229725890371131,-2146793.3688554517
2025-01-23 20:00:00,0.0,0.16923243164857224,0.4231139505895392,-2293280.975395312
2025-01-23 21:00:00,0.0,0.21124658428735402,0.4232553825643448,-2240391.438002354
2025-01-23 22:00:00,0.0,0.1878541104580693,0.42339688488876903,-2201667.7465840466
2025-01-23 23:00:00,0.0,0.20644931530694477,0.4235384574900142,-2420468.394536034
2025-01-24 00:00:00,0.0,0.16158152291929095,0.4236801002952472,-2362255.019230509
2025-01-24 01:00:00,0.0,0.2117175579069603,0.4238218132315985,-2265429.7517554094
2025-01-24 02:00:00,0.0,0.16376317701919,0.4239635962261623,-2312330.0641037305
2025-01-24 03:00:00,0.0,0.16362018809731693,0.4241054492059972,-2319411.16521861
2025-01-24 04:00:00,0.0,0.17135124008720437,0.42424737209812524,-2219859.6666166442
2025-01-24 05:00:00,0.0,0.22150355881850092,0.42438936482953293,-2262002.9188764663
2025-01-24 06:00:00,0.0,0.20018082388697103,0.42453142732717075,-1963095.9829910286
2025-01-24 07:00:00,0.02184812863462914,0.17074367791611567,0.42467355951795316,-2152326.8694597115
2025-01-24 08:00:00,0.042207343408548,0.18558979609908455,0.42481576132875887,-1958692.8890535394
2025-01-24 09:00:00,0.059690197480107246,0.19143457893197546,0.42495803268643084,-2172661.6256336253
2025-01-24 10:00:00,0.07310526323611251,0.17482436727109257,0.4251003735177761,-2161762.514882912
2025-01-24 11:00:00,0.0815383261147364,0.2214248075904712,0.42524278374956587,-1986480.6721779348
2025-01-24 12:00:00,0.08441468681709602,0.15260858970097638,0.42538526330853604,-2054138.3505007008
2025-01-24 13:00:00,0.0815383261147364,0.16404030959833,0.42552781212138646,-2054909.200874913
2025-01-24 14:00:00,0.07310526323611251,0.14557540324568882,0.42567043011478145,-1938303.264210046
2025-01-24 15:00:00,0.05969019748010725,0.2212278484993922,0.4258131172153499,-1970003.428844917
2025-01-24 16:00:00,0.042207343408548,0.1452321219453852,0.42595587334968493,-2104091.0327112093
2025-01-24 17:00:00,0.02184812863462916,0.19535996856584695,0.42609869844434434,-2138467.848574835
2025-01-24 18:00:00,1.033781760115829e-17,0.22248786229799367,0.4262415924258502,-2185854.5526356157
2025-01-24 19:00:00,0.0,0.17327190314063534,0.42638455522068935,-2091437.4293820132
2025-01-24 20:00:00,0.0,0.1601683874331291,0.42652758675531327,-2160651.5800113054
2025-01-24 21:00:00,0.0,0.19308249861671242,0.4266706869561378,-2327133.1285850825
2025-01-24 22:00:00,0.0,0.16722335704956148,0.4268138557495438,-2389272.9189339825
2025-01-24 23:00:00,0.0,0.16223554902130788,0.4269570930618765,-2279664.79668188
2025-01-25 00:00:00,0.0,0.16486376435822106,0.42710039881944617,-2489061.581475543
2025-01-25 01:00:00,0.0,0.1723452400781301,0.4272437729485278,-2252904.2012598426
2025-01-25 02:00:00,0.0,0.18692856422379625,0.427387215375361,-2291882.922116931
2025-01-25 03:00:00,0.0,0.1796695283491607,0.4275307260261505,-2289142.60039375
2025-01-25 04:00:00,0.0,0.18306840589714435,0.42767430482706575,-2190571.360834252
2025-01-25 05:00:00,0.0,0.16215979301293798,0.4278179517042413,-2188175.4566113786
2025-01-25 06:00:00,0.0,0.17466591754443792,0.42796166658377666,-2264128.69093504
2025-01-25 07:00:00,0.023102634001339956,0.17075815541784786,0.42810544939173606,-2062904.8159868927
2025-01-25 08:00:00,0.04463086167439644,0.15451767458858606,0.42824930005414913,-2109600.8733893065
2025-01-25 09:00:00,0.06311756988032903,0.16438992039812983,0.4283932184970106,-2028432.3774198699
2025-01-25 10:00:00,0.07730292000563323,0.1758499325962512,0.42853720464628,-2172954.8310985877
2025-01-25 11:00:00,0.086220203881669,0.16977723178653603,0.4286812584278824,-2008752.7201898347
2025-01-25 12:00:00,0.0892617233487929,0.15190436589365175,0.42882537976770785,-2067690.7226026738
2025-01-25 13:00:00,0.086220203881669,0.2161445150908445,0.4289695685916117,-2095542.3648578436
2025-01-25 14:00:00,0.07730292000563323,0.17741060462450653,0.42911382482541455,-1884172.274052165
2025-01-25 15:00:00,0.06311756988032904,0.18214719169175325,0.42925814839490245,-2064454.6751896006
2025-01-25 16:00:00,0.04463086167439644,0.1887083843348277,0.42940253922582655,-2181431.3704327503
2025-01-25 17:00:00,0.023102634001339984,0.20541850350049146,0.42954699724390366,-2071389.3144456677
2025-01-25 18:00:00,1.0931408378547579e-17,0.20453001942313076,0.4296915223748161,-2086211.7589407412
2025-01-25 19:00:00,0.0,0.1417323037712775,0.42983611454421117,-2225087.457475619
2025-01-25 20:00:00,0.0,0.185416381683945,0.4299807736777023,-2136288.000775162
2025-01-25 21:00:00,0.0,0.1960459023264623,0.43012549970086794,-2421971.8315316113
2025-01-25 22:00:00,0.0,0.2069159166454958,0.4302702925392525,-2368771.170438242
2025-01-25 23:00:00,0.0,0.20443204428126924,0.43041515211836573,-2204509.959127434
2025-01-26 00:00:00,0.0,0.21077509545575646,0.4305600783636833,-2252584.669173403
2025-01-26 01:00:00,0.0,0.2164640512829763,0.4307050712006465,-2334239.937942257
2025-01-26 02:00:00,0.0,0.22478799036325145,0.43085013055466226,-2204678.2090010564
2025-01-26 03:00:00,0.0,0.20231257358045307,0.43099525635110336,-2326960.616432299
2025-01-26 04:00:00,0.0,0.22243789013651752,0.43114044851530847,-2321675.3674376984
2025-01-26 05:00:00,0.0,0.2039568356766862,0.431285706972582,-2321456.626613844
2025-01-26 06:00:00,0.0,0.16620517052558734,0.4314310316481943,-2265431.804083256
2025-01-26 07:00:00,0.024388640393418665,0.1855137116049377,0.43157642246738165,-2206697.8263303265
2025-01-26 08:00:00,0.04711523524815974,0.15894636967637205,0.43172187935534634,-2120838.3399655195
2025-01-26 09:00:00,0.06663100468234641,0.16980009492420423,0.4318674022372566,-2083910.4093356058
2025-01-26 10:00:00,0.08160598126037272,0.18385816192931353,0.4320129910382468,-2021724.8670622509
2025-01-26 11:00:00,0.09101964507576508,0.21620036565166842,0.43215864568341733,-2090397.3028664223
2025-01-26 12:00:00,0.0942304704963195,0.2151457663684366,0.4323043660978346,-2002295.3706039866
2025-01-26 13:00:00,0.09101964507576508,0.1892593701777293,0.43245015220653155,-1933109.3956595396
2025-01-26 14:00:00,0.08160598126037273,0.1432164353543164,0.4325960039345068,-2125393.038008111
2025-01-26 15:00:00,0.06663100468234642,0.14582023621303683,0.4327419212067257,-2056083.425576352
2025-01-26 16:00:00,0.04711523524815974,0.21706161339236987,0.4328879039481196,-2050616.5523089431
2025-01-26 17:00:00,0.024388640393418693,0.19600680632491044,0.4330339520835862,-2151648.024431034
2025-01-26 18:00:00,1.1539904407546677e-17,0.17663123314141538,0.4331800655379896,-2257146.8894875604
2025-01-26 19:00:00,0.0,0.22393335617645974,0.4333262442361604,-2236036.054676953
2025-01-26 20:00:00,0.0,0.16199025275859857,0.43347248810289535,-2207447.9743101676
2025-01-26 21:00:00,0.0,0.15731282801067692,0.4336187970629579,-2146543.368189302
2025-01-26 22:00:00,0.0,0.15734760225462896,0.43376517104107815,-2334813.7360105608
2025-01-26 23:00:00,0.0,0.1536890276812698,0.4339116099619523,-2217295.3477791036
2025-01-27 00:00:00,0.0,0.18245162177019764,0.43405811375024356,-2303524.534403844
2025-01-27 01:00:00,0.0,0.1720322761149916,0.43420468233058146,-2262716.5247229934
2025-01-27 02:00:00,0.0,0.16492366214031973,0.4343513156275625,-2369919.6078100884
2025-01-27 03:00:00,0.0,0.21730014509852227,0.43449801356574974,-2275490.8971637157
2025-01-27 04:00:00,0.0,0.1522408939486244,0.43464477606967294,-2179638.3250203603
2025-01-27 05:00:00,0.0,0.16797803900495148,0.43479160306382864,-2322420.4268358443
2025-01-27 06:00:00,0.0,0.22097620218177633,0.43493849447268024,-2072372.9633112708
2025-01-27 07:00:00,0.025705766739417015,0.14849883945855538,0.43508545022065803,-2117644.026367007
2025-01-27 08:00:00,0.049659727956330856,0.1615055162513071,0.43523247023215916,-2009213.5894118457
2025-01-27 09:00:00,0.07022946077960145,0.14932595233344756,0.43537955443154774,-2031271.9121290736
2025-01-27 10:00:00,0.08601317191041362,0.18695219317037443,0.43552670274315486,-2012648.8985189728
2025-01-27 11:00:00,0.09593522751901847,0.18188580861672596,0.43567391509127856,-2106608.11294201
2025-01-27 12:00:00,0.09931945591266172,0.19249105414936524,0.4358211914001842,-1981585.001728773
2025-01-27 13:00:00,0.09593522751901847,0.15327917609482009,0.43596853159410376,-1978178.4284249898
2025-01-27 14:00:00,0.08601317191041363,0.19225977831498522,0.4361159355972368,-2034177.7904060506
2025-01-27 15:00:00,0.07022946077960145,0.20090687809448565,0.4362634033337498,-1983658.2174413137
2025-01-27 16:00:00,0.049659727956330856,0.15992531824143172,0.4364109347277765,-2020883.1471423865
2025-01-27 17:00:00,0.025705766739417043,0.1517025091805373,0.436558529703418,-2129350.838566082
2025-01-27 18:00:00,1.2163125377649785e-17,0.16874808795562315,0.4367061881847426,-2065366.364497011
2025-01-27 19:00:00,0.0,0.15573350673854228,0.43685391009578584,-2283215.9215521803
2025-01-27 20:00:00,0.0,0.19078383050328168,0.43700169536055083,-2179805.935088293
2025-01-27 21:00:00,0.0,0.19182340076512377,0.437149543903008,-2255146.1991361715
2025-01-27 22:00:00,0.0,0.1693667105136988,0.43729745564709505,-2234907.7077275277
2025-01-27 23:00:00,0.0,0.21619863728000419,0.43744543051671747,-2313384.686613428
2025-01-28 00:00:00,0.0,0.22261352205960422,0.4375934684357481,-2403983.9560288643
2025-01-28 01:00:00,0.0,0.20885411126392261,0.4377415693280273,-2354582.1576314513
2025-01-28 02:00:00,0.0,0.1662135686912977,0.43788973311736323,-2263261.838463869
2025-01-28 03:00:00,0.0,0.21726374847784982,0.43803795972753146,-2247496.039886909
2025-01-28 04:00:00,0.0,0.2041427606829526,0.4381862490822753,-2238204.123335037
2025-01-28 05:00:00,0.0,0.18107625252719572,0.438334601105306,-2105883.3784704143
2025-01-28 06:00:00,0.0,0.19513140302048307,0.43848301572030224,-2250511.4007018623
2025-01-28 07:00:00,0.02705362274637277,0.1654112796723042,0.43863149285091074,-2071033.2450824997
2025-01-28 08:00:00,0.052263585810805695,0.2236563351312385,0.438780032420746,-2129058.86898572
2025-01-28 09:00:00,0.07391187187189147,0.21566423013403102,0.43892863435339025,-2176954.373121518
2025-01-28 10:00:00,0.09052318601005133,0.1838105313570868,0.43907729857239386,-2137586.2889425196
2025-01-28 11:00:00,0.10096549461826425,0.20923521390362848,0.43922602500127506,-2116175.519110587
2025-01-28 12:00:00,0.1045271716216114,0.17824029225474597,0.43937481356352,-1989196.6079432236
2025-01-28 13:00:00,0.10096549461826425,0.19063677843727117,0.43952366418258304,-2084541.763901306
2025-01-28 14:00:00,0.09052318601005134,0.15314406230121072,0.43967257678188637,-1947189.2432862883
2025-01-28 15:00:00,0.07391187187189148,0.169612282421286,0.43982155128482053,-2146800.934159183
2025-01-28 16:00:00,0.052263585810805695,0.16287017895821193,0.4399705876147441,-1993465.3263691526
2025-01-28 17:00:00,0.027053622746372796,0.17863559563498058,0.44011968569498383,-2085680.3687622894
2025-01-28 18:00:00,1.2800886615033246e-17,0.19293809801908537,0.4402688454488348,-2167787.7040440245
2025-01-28 19:00:00,0.0,0.22707595265466868,0.44041806679956025,-2230332.157032612
2025-01-28 20:00:00,0.0,0.15765118531006517,0.4405673496703919,-2155516.2004672736
2025-01-28 21:00:00,0.0,0.1922381690286182,0.4407166939845295,-2224616.2800948517
2025-01-28 22:00:00,0.0,0.17100236421312195,0.4408660996651415,-2263121.1484383675
2025-01-28 23:00:00,0.0,0.21685359495067105,0.4410155666353648,-2381084.992748997
2025-01-29 00:00:00,0.0,0.21851596317927902,0.4411650948183044,-2327615.104550353
2025-01-29 01:00:00,0.0,0.22701315322812785,0.4413146841370343,-2290132.985938807
2025-01-29 02:00:00,0.0,0.2321005953728079,0.44146433451459655,-2389307.774960538
2025-01-29 03:00:00,0.0,0.21360266222674304,0.44161404587400216,-2090075.3823754902
2025-01-29 04:00:00,0.0,0.17560610695942613,0.4417638181382307,-2295194.03799068
2025-01-29 05:00:00,0.0,0.15542310795291736,0.4419136512302302,-2147109.677091527
2025-01-29 06:00:00,0.0,0.20531345928926498,0.44206354507291756,-2176725.9136668085
2025-01-29 07:00:00,0.028431809015461947,0.1808738452742633,0.44221349958917866,-2109740.6046503424
2025-01-29 08:00:00,0.05492603723230612,0.185367251312889,0.44236351470186774,-2129030.1784353126
2025-01-29 09:00:00,0.0776771467813369,0.17660388343595773,0.44251359033380794,-2182250.707128604
2025-01-29 10:00:00,0.09513468714477405,0.17728546527260394,0.4426637264077915,-2057882.9221969335
2025-01-29 11:00:00,0.10610895579679885,0.1779477430862185,0.4428139228465795,-2012683.031916409
2025-01-29 12:00:00,0.10985207446461226,0.148837103092684,0.44296417957290174,-1967642.65218536
2025-01-29 13:00:00,0.10610895579679885,0.20647417801368217,0.4431144965094572,-1905468.7757479143
2025-01-29 14:00:00,0.09513468714477406,0.2321045292791674,0.443264873578914,-2008149.7907453973
2025-01-29 15:00:00,0.07767714678133691,0.1722491938357756,0.44341531070390894,-2072852.998155955
2025-01-29 16:00:00,0.05492603723230612,0.19143030880357437,0.4435658078070483,-2163777.111874876
2025-01-29 17:00:00,0.028431809015461978,0.22655766030133972,0.4437163648109073,-2179312.5125630605
2025-01-29 18:00:00,1.345299913727841e-17,0.20896107122571217,0.4438669816380305,-2075456.6150209822
2025-01-29 19:00:00,0.0,0.20835274346184254,0.4440176582109315,-2145481.5064912615
2025-01-29 20:00:00,0.0,0.20615852909338434,0.4441683944520932,-2184865.0271803006
2025-01-29 21:00:00,0.0,0.15401877490019103,0.44431919028396805,-2321097.3989726175
2025-01-29 22:00:00,0.0,0.20320810986306925,0.4444700456289774,-2251856.337886875
2025-01-29 23:00:00,0.0,0.20411403757470803,0.4446209604095124,-2243180.3567072265
2025-01-30 00:00:00,0.0,0.19601848705818575,0.44477193454793346,-2287210.571725233
2025-01-30 01:00:00,0.0,0.216792735403986,0.44492296796657027,-2092637.7751033267
2025-01-30 02:00:00,0.0,0.1520475874778494,0.44507406058772236,-2241316.1598076494
2025-01-30 03:00:00,0.0,0.23109772590275535,0.4452252123336585,-2298662.421893199
2025-01-30 04:00:00,0.0,0.15635638869156057,0.4453764231266174,-2244626.020512586
2025-01-30 05:00:00,0.0,0.23419567886935796,0.445527692888807,-2224028.1054587034
2025-01-30 06:00:00,0.0,0.2129790444085704,0.44567902154240513,-2259856.6965855546
2025-01-30 07:00:00,0.029839917160349328,0.18924183488390328,0.44583040900955917,-2289947.4123496143
2025-01-30 08:00:00,0.05764629327901554,0.21460342348698802,0.44598185521238654,-2081757.7722708262
2025-01-30 09:00:00,0.08152416977572077,0.22382684444150414,0.44613336007297416,-2142757.9819741542
2025-01-30 10:00:00,0.09984630882727122,0.17885029267047567,0.4462849235133788,-1935150.5946697255
2025-01-30 11:00:00,0.11136408693607011,0.1833520024998967,0.4464365454556271,-2096248.389138313
2025-01-30 12:00:00,0.1152925865580311,0.17121372844245064,0.44658822582171587,-1965802.3084095295
2025-01-30 13:00:00,0.11136408693607011,0.21016146606702255,0.4467399645336114,-1961470.9383160255
2025-01-30 14:00:00,0.09984630882727123,0.19658487558927887,0.44689176151325044,-2065434.429849497
2025-01-30 15:00:00,0.08152416977572079,0.18294913511357375,0.4470436166825394,-2057087.3501189302
2025-01-30 16:00:00,0.05764629327901554,0.2265401611660506,0.447195529963355,-2030362.2755026335
2025-01-30 17:00:00,0.02983991716034936,0.19775122204013448,0.44734750127754364,-1985072.3503572466
2025-01-30 18:00:00,1.4119269709371194e-17,0.1929835536083027,0.4474995305469226,-2155714.040485049
2025-01-30 19:00:00,0.0,0.20105667237941713,0.4476516176932787,-2090972.6121578214
2025-01-30 20:00:00,0.0,0.23661143463234866,0.44780376263836924,-2169542.7797882915
2025-01-30 21:00:00,0.0,0.15791801409890185,0.4479559653039218,-2335562.7029083576
2025-01-30 22:00:00,0.0,0.16945119218267082,0.44810822561163405,-2212442.189769293
2025-01-30 23:00:00,0.0,0.1839024341089387,0.44826054348317435,-2181653.6733848914
2025-01-31 00:00:00,0.0,0.19339403711961314,0.4484129188401811,-2258880.3997032163
2025-01-31 01:00:00,0.0,0.19546156882482427,0.4485653516042636,-2205512.081851663
2025-01-31 02:00:00,0.0,0.23434754318933299,0.4487178416970009,-2255497.2448663656
2025-01-31 03:00:00,0.0,0.19542652929245052,0.44887038903994325,-2327977.2037580265
2025-01-31 04:00:00,0.0,0.22333424289129034,0.4490229935546111,-2151490.365457291
2025-01-31 05:00:00,0.0,0.19300195539007686,0.44917565516249564,-2285358.8592944397
2025-01-31 06:00:00,0.0,0.23529215748825313,0.44932837378505835,-2127578.3478842084
2025-01-31 07:00:00,0.03127752992820212,0.20882763405871063,0.44948114934373185,-2143848.5465767495
2025-01-31 08:00:00,0.060423547880359384,0.20373545585744068,0.4496339817599191,-2118581.442548064
2025-01-31 09:00:00,0.08545180089910433,0.16684973428902997,0.44978687095499403,-2085905.706938717
2025-01-31 10:00:00,0.1046566549023532,0.22813515030824716,0.44993981685030127,-2003317.722069861
2025-01-31 11:00:00,0.11672933082730645,0.20342387851462057,0.45009281936715634,-1920366.1703120966
2025-01-31 12:00:00,0.12084709576071878,0.1861124996598455,0.45024587842684555,-1782135.8905097132
2025-01-31 13:00:00,0.11672933082730645,0.19542624053098728,0.4503989939506261,-1892566.7089732876
2025-01-31 14:00:00,0.10465665490235321,0.15283484691522267,0.4505521658597263,-2138240.4715073504
2025-01-31 15:00:00,0.08545180089910434,0.22998112808379695,0.4507053940753453,-2102348.879006167
2025-01-31 16:00:00,0.060423547880359384,0.22365591221910341,0.45085867851865324,-1954297.2166721434
2025-01-31 17:00:00,0.03127752992820215,0.1702628406704413,0.4510120191107916,-1976424.451574075
2025-01-31 18:00:00,1.4799500900961792e-17,0.17502838725329292,0.4511654157728726,-2091725.8091441556
2025-01-31 19:00:00,0.0,0.20118656635029525,0.45131886842598007,-2087768.3818948588
2025-01-31 20:00:00,0.0,0.16762852819499685,0.45147237699116866,-2139319.6682232507
2025-01-31 21:00:00,0.0,0.23499797318437016,0.4516259413894642,-2164385.984527363
2025-01-31 22:00:00,0.0,0.22437161745452286,0.4517795615418642,-2157921.110934685
2025-01-31 23:00:00,0.0,0.20685676402972458,0.4519332373693371,-2409031.556813171
2025-02-01 00:00:00,0.0,0.2350040083589754,0.45208696879282306,-2364132.3944626315
2025-02-01 01:00:00,0.0,0.16745522276086397,0.4522407557332332,-2359498.883444915
2025-02-01 02:00:00,0.0,0.20507537745918106,0.4523945981114504,-2254780.3860573135
2025-02-01 03:00:00,0.0,0.20555790805514015,0.452548495848329,-2253442.305160489
2025-02-01 04:00:00,0.0,0.18138172875433367,0.45270244886469463,-2186257.5362015986
2025-02-01 05:00:00,0.0,0.22306954632391413,0.45285645708134475,-2224800.6282895063
2025-02-01 06:00:00,0.0,0.22113474754559512,0.4530105204190483,-2217690.520636631
2025-02-01 07:00:00,0.03274422132333097,0.19163050110052768,0.45316463879854596,-2188515.234782389
2025-02-01 08:00:00,0.06325697807586118,0.17041017204993927,0.4533188121405498,-2094287.2186203762
2025-02-01 09:00:00,0.08945887630962043,0.21911032816433798,0.4534730403657441,-2082057.139983564
2025-02-01 10:00:00,0.10956429996066215,0.21603481573034347,0.4536273233947844,-2068008.9994792095
2025-02-01 11:00:00,0.12220309763295141,0.15229998015664403,0.4537816611482983,-1996975.2183152193
2025-02-01 12:00:00,0.1265139561517224,0.22748495109678046,0.45393605354688527,-1972439.4427683423
2025-02-01 13:00:00,0.12220309763295141,0.2191338149149782,0.45409050051111666,-1885531.1434292684
2025-02-01 14:00:00,0.10956429996066216,0.18180840355661196,0.4542450019615356,-1865210.0237817056
2025-02-01 15:00:00,0.08945887630962045,0.1549812057052973,0.45439955781865743,-2046493.8933527558
2025-02-01 16:00:00,0.06325697807586118,0.17812095625583754,0.45455416800296916,-2071521.7854270025
2025-02-01 17:00:00,0.032744221323331005,0.20371893318332118,0.4547088324349302,-2008551.8911661955
2025-02-01 18:00:00,1.5493491144867543e-17,0.17190276758290232,0.4548635510349719,-2095875.6361443233
2025-02-01 19:00:00,0.0,0.21552199549562695,0.4550183237234978,-2107658.363065066
2025-02-01 20:00:00,0.0,0.17313908989399687,0.4551731504208834,-2286099.209383533
2025-02-01 21:00:00,0.0,0.18915804212136517,0.45532803104747677,-2184206.9868776766
2025-02-01 22:00:00,0.0,0.19492850765499023,0.45548296552359785,-2126513.2156044412
2025-02-01 23:00:00,0.0,0.1572264860855094,0.4556379537695392,-2332474.602682317
2025-02-02 00:00:00,0.0,0.24207742468346286,0.45579299570556553,-2356013.358003915
2025-02-02 01:00:00,0.0,0.22382967332924675,0.45594809125191404,-2278717.7758972375
2025-02-02 02:00:00,0.0,0.17274763196198947,0.4561032403287942,-2250504.872800455
2025-02-02 03:00:00,0.0,0.17464819360941403,0.45625844285638806,-2133514.9567019423
2025-02-02 04:00:00,0.0,0.21476649936459166,0.4564136987548503,-2258070.9265466924
2025-02-02 05:00:00,0.0,0.19994885029272966,0.4565690079443078,-2231685.036319796
2025-02-02 06:00:00,0.0,0.20217994206415502,0.4567243703448603,-2258316.718848446
2025-02-02 07:00:00,0.034239556733421724,0.21802782301192192,0.45687978587658,-2158353.8875958035
2025-02-02 08:00:00,0.06614574425900362,0.2372100050606606,0.4570352544595121,-2122262.8734832187
2025-02-02 09:00:00,0.09354420862434522,0.17033608569603323,0.4571907760136739,-2121342.798645496
2025-02-02 10:00:00,0.11456778976105166,0.2122860066920628,0.45734635045905603,-1996092.9959553743
2025-02-02 11:00:00,0.12778376535776695,0.2430081065054709,0.4575019777156215,-1967444.7770964717
2025-02-02 12:00:00,0.13229148851800726,0.18312163841819284,0.4576576577033065,-2057959.131636646
2025-02-02 13:00:00,0.12778376535776695,0.19710943165128306,0.45781339034201995,-1866168.1528138528
2025-02-02 14:00:00,0.11456778976105167,0.16598004402376654,0.45796917555164357,-2010393.7410612842
2025-02-02 15:00:00,0.09354420862434523,0.23853532849415224,0.45812501325203203,-1908479.8674078472
2025-02-02 16:00:00,0.06614574425900362,0.20541780282775912,0.4582809033630132,-2155223.1530635594
2025-02-02 17:00:00,0.034239556733421765,0.1950457644178279,0.4584368458043879,-2031948.4646699936
2025-02-02 18:00:00,1.620103479680164e-17,0.20960254373407705,0.4585928404959299,-2079964.5027653994
2025-02-02 19:00:00,0.0,0.19944360772289976,0.4587488873573864,-2188301.9633421605
2025-02-02 20:00:00,0.0,0.19629539738943227,0.4589049863084773,-2258153.6061077863
2025-02-02 21:00:00,0.0,0.1598303149308576,0.45906113726889597,-2331151.071798581
2025-02-02 22:00:00,0.0,0.19605103277942573,0.45921734015830923,-2243310.735989826
2025-02-02 23:00:00,0.0,0.18931727993403694,0.4593735948963567,-2373358.028973214
2025-02-03 00:00:00,0.0,0.24257245738384073,0.45952990140265176,-2371334.7126913583
2025-02-03 01:00:00,0.0,0.15585939935419507,0.459686259596781,-2301376.816562876
2025-02-03 02:00:00,0.0,0.2137396252363063,0.45984266939830426,-2175496.5311698774
2025-02-03 03:00:00,0.0,0.16729730731326978,0.45999913072675513,-2262740.1861386173
2025-02-03 04:00:00,0.0,0.21373293458232512,0.4601556435016404,-2325500.682094717
2025-02-03 05:00:00,0.0,0.17103332074618682,0.4603122076424406,-2057137.6598060485
2025-02-03 06:00:00,0.0,0.2041616082983566,0.46046882306860965,-2187850.2033130964
2025-02-03 07:00:00,0.03576309305832037,0.21944963322062672,0.4606254896995754,-2191507.948787523
2025-02-03 08:00:00,0.06908899042602189,0.22510626261254632,0.460782207454739,-2002207.8037424139
2025-02-03 09:00:00,0.09770658727114508,0.16495270255124564,0.4609389762534756,-2167377.9557747883
2025-02-03 10:00:00,0.11966564166150966,0.19383784982211621,0.46109579601513373,-2022540.358209997
2025-02-03 11:00:00,0.13346968032946546,0.18082339924956098,0.4612526666590361,-1950659.004095162
2025-02-03 12:00:00,0.1381779808520438,0.24199163706822616,0.4614095881044789,-1902958.2321161868
2025-02-03 13:00:00,0.13346968032946546,0.19112803339148832,0.4615665602707326,-2026113.70572887
2025-02-03 14:00:00,0.11966564166150967,0.1863816869662616,0.461723583077041,-2103222.1233974136
2025-02-03 15:00:00,0.0977065872711451,0.24102180226595743,0.46188065644262233,-1999377.7783170866
2025-02-03 16:00:00,0.06908899042602189,0.22056377675013372,0.46203778028666875,-2010634.8180530635
2025-02-03 17:00:00,0.035763093058320414,0.16661149365166966,0.46219495452834614,-2165759.920710051
2025-02-03 18:00:00,1.692192219630997e-17,0.21115973673847233,0.46235217908679477,-2131837.430201112
2025-02-03 19:00:00,0.0,0.1845668154570579,0.4625094538811289,-2166146.203960228
2025-02-03 20:00:00,0.0,0.19395117030608278,0.462666778830437,-2232181.8611311894
2025-02-03 21:00:00,0.0,0.1550979224284459,0.46282415385378156,-2218934.797239857
2025-02-03 22:00:00,0.0,0.2207565576144897,0.46298157887019964,-2131114.2132074903
2025-02-03 23:00:00,0.0,0.244632541424846,0.4631390537987022,-2264596.4313221616
2025-02-04 00:00:00,0.0,0.1823663090848255,0.4632965785582748,-2222763.2067026463
2025-02-04 01:00:00,0.0,0.23426903766448343,0.4634541530678773,-2355295.26601058
2025-02-04 02:00:00,0.0,0.237159204828586,0.46361177724644387,-2262502.757720193
2025-02-04 03:00:00,0.0,0.21785446933024671,0.46376945101288325,-2410861.6919974745
2025-02-04 04:00:00,0.0,0.17495641540401577,0.46392717428607866,-2173239.8794858884
2025-02-04 05:00:00,0.0,0.21116097224814237,0.46408494698488756,-2188277.5006232853
2025-02-04 06:00:00,0.0,0.2018478725310033,0.46424276902814254,-1951823.4259079008
2025-02-04 07:00:00,0.03731437884133326,0.2278645535223181,0.4644006403346504,-2074454.5005913356
2025-02-04 08:00:00,0.0720858444295563,0.1787647223880265,0.4645585608231926,-2120801.6337470408
2025-02-04 09:00:00,0.10194477884739556,0.1728875804158026,0.46471653041252536,-2069033.9588314148
2025-02-04 10:00:00,0.12485634505849746,0.18405718874913335,0.46487454902137976,-2045599.2342283623
2025-02-04 11:00:00,0.13925915768872885,0.162058689733975,0.4650326165684616,-2010368.1192706204
2025-02-04 12:00:00,0.14417168885911263,0.19939610132712926,0.46519073297245134,-2021719.817925331
2025-02-04 13:00:00,0.13925915768872885,0.16019368650223823,0.46534889815200453,-2076610.0503533552
2025-02-04 14:00:00,0.12485634505849748,0.167217021114071,0.46550711202575157,-1920927.5661121148
2025-02-04 15:00:00,0.10194477884739557,0.24471250461038646,0.4656653745122976,-2013742.911751998
2025-02-04 16:00:00,0.0720858444295563,0.22755026280772098,0.46582368553022313,-2028204.0292816535
2025-02-04 17:00:00,0.0373143788413333,0.2243159824695513,0.4659820449980833,-2036309.9008811621
2025-02-04 18:00:00,1.765593972889804e-17,0.21509037194736932,0.4661404528344087,-2043690.283038913
2025-02-04 19:00:00,0.0,0.2173724161474605,0.46629890895770476,-2105382.829914324
2025-02-04 20:00:00,0.0,0.15803130340276705,0.4664574132864521,-2154801.3142639096
2025-02-04 21:00:00,0.0,0.20579090399754463,0.46661596573910674,-2158782.8233450796
2025-02-04 22:00:00,0.0,0.1685157519840935,0.46677456623409974,-2219097.504355282
2025-02-04 23:00:00,0.0,0.22269983563604084,0.4669332146898375,-2316230.2514257124
2025-02-05 00:00:00,0.0,0.19530496073000292,0.46709191102470177,-2306598.1896351366
2025-02-05 01:00:00,0.0,0.15770639231896577,0.46725065515704967,-2232887.90655199
2025-02-05 02:00:00,0.0,0.24058721651432158,0.46740944700521364,-2282010.211034031
2025-02-05 03:00:00,0.0,0.22987830984348104,0.46756828648750165,-2206867.157522642
2025-02-05 04:00:00,0.0,0.15815415615041248,0.4677271735221973,-2181955.091922222
2025-02-05 05:00:00,0.0,0.16008546300625193,0.4678861080275595,-2208534.8542804066
2025-02-05 06:00:00,0.0,0.2488220816492438,0.46804508992182275,-2102506.2611181224
2025-02-05 07:00:00,0.03889295440300339,0.2437393482317848,0.46820411912319737,-2122726.3793847063
2025-02-05 08:00:00,0.0751354182370882,0.24327905677621817,0.4683631955498691,-1985326.6578395814
2025-02-05 09:00:00,0.10625752748546494,0.23673551038782234,0.46852231911999964,-2194260.910970895
2025-02-05 10:00:00,0.130138361834574,0.21391285647776603,0.4686814897517262,-2006386.2148505293
2025-02-05 11:00:00,0.14515048188846835,0.2127519770448073,0.4688407073631618,-2124123.845594639
2025-02-05 12:00:00,0.15027083647417644,0.2296865025478171,0.4689999718723956,-1908386.3390615392
2025-02-05 13:00:00,0.14515048188846835,0.2149075752341351,0.4691592831974922,-2056079.6986288435
2025-02-05 14:00:00,0.130138361834574,0.19112126828175313,0.4693186412564925,-1880366.2632307182
2025-02-05 15:00:00,0.10625752748546495,0.1825591514490258,0.4694780459674129,-1946539.2881361474
2025-02-05 16:00:00,0.0751354182370882,0.16021421032580835,0.4696374972482463,-1835836.7063856896
2025-02-05 17:00:00,0.03889295440300343,0.18757818617120803,0.4697969950169613,-1988712.6604753435
2025-02-05 18:00:00,1.840286988932955e-17,0.18973126113524003,0.46995653919150276,-2022067.2336957795
2025-02-05 19:00:00,0.0,0.16281386767823058,0.4701161296897916,-2261409.732306002
2025-02-05 20:00:00,0.0,0.22016802766378163,0.47027576642972496,-2292510.845071855
2025-02-05 21:00:00,0.0,0.20005356202348673,0.470435449329176,-2258589.9730488635
2025-02-05 22:00:00,0.0,0.23895371653053724,0.4705951783059944,-2285855.6657492523
2025-02-05 23:00:00,0.0,0.1719992696237035,0.470754953278006,-2385120.0739525543
2025-02-06 00:00:00,0.0,0.24978427117432422,0.47091477416301286,-2241831.7737500933
2025-02-06 01:00:00,0.0,0.2169064984672831,0.47107464087879375,-2246364.935033395
2025-02-06 02:00:00,0.0,0.19671413512403452,0.4712345533431035,-2395890.7657298585
2025-02-06 03:00:00,0.0,0.1907792050547226,0.47139451147367356,-2154244.2408772474
2025-02-06 04:00:00,0.0,0.15915889562808294,0.471554515188212,-2240003.9490517876
2025-02-06 05:00:00,0.0,0.1635841402935246,0.4717145644044033,-2148680.2496554037
2025-02-06 06:00:00,0.0,0.24720947165980336,0.47187465903990855,-2112081.7217857954
2025-02-06 07:00:00,0.04049835197732339,0.22175208589200693,0.47203479901236545,-2192086.79054878
2025-02-06 08:00:00,0.07823680819408323,0.16114150741692243,0.4721949842393885,-2040339.7538440956
2025-02-06 09:00:00,0.110643555224855,0.25277219556466207,0.47235521463856867,-2045249.8480110646
2025-02-06 10:00:00,0.13551012681417324,0.17311138865229342,0.47251549012747396,-1964306.4222299263
2025-02-06 11:00:00,0.1511419072021784,0.23867922176416348,0.47267581062364905,-1847319.7761118528
2025-02-06 12:00:00,0.15647361638816648,0.20763601604559942,0.4728361760446155,-2020151.467368719
2025-02-06 13:00:00,0.1511419072021784,0.23843073181261729,0.4729965863078717,-2012397.5025072866
2025-02-06 14:00:00,0.13551012681417324,0.1914458961186274,0.473157041330893,-2012420.7105668425
2025-02-06 15:00:00,0.11064355522485501,0.16842276071681977,0.47331754103113177,-1966971.8781565402
2025-02-06 16:00:00,0.07823680819408323,0.23598735404585552,0.47347808532601726,-1943978.3944202748
2025-02-06 17:00:00,0.04049835197732343,0.19018037838667362,0.473638674132956,-2042020.2105249355
2025-02-06 18:00:00,1.916249134607789e-17,0.2080820979373904,0.4737993073693314,-2007170.9543929708
2025-02-06 19:00:00,0.0,0.17321299488151987,0.47395998495250424,-1995690.7407146646
2025-02-06 20:00:00,0.0,0.23320834282118375,0.4741207067998121,-2119681.0394189972
2025-02-06 21:00:00,0.0,0.17982090932136988,0.4742814728285703,-2150540.80643982
2025-02-06 22:00:00,0.0,0.16362765458673112,0.47444228295607105,-2248480.9487176463
2025-02-06 23:00:00,0.0,0.19280201380891995,0.474603137099584,-2166676.679535024
2025-02-07 00:00:00,0.0,0.21448720467086907,0.4747640351763561,-2246355.6924810475
2025-02-07 01:00:00,0.0,0.18277041436392652,0.47492497710361187,-2299249.9818622493
2025-02-07 02:00:00,0.0,0.22470650741964251,0.475085962798553,-2255046.7526019732
2025-02-07 03:00:00,0.0,0.17883563656193002,0.47524699217835886,-2234782.5563203255
2025-02-07 04:00:00,0.0,0.19712541304983622,0.4754080651601864,-2247417.13000015
2025-02-07 05:00:00,0.0,0.17065814328697626,0.4755691816611699,-2248023.8795647398
2025-02-07 06:00:00,0.0,0.20963234159061944,0.4757303415984215,-2234617.9163030195
2025-02-07 07:00:00,0.04213009585034466,0.24861468922420454,0.47589154488903074,-2104556.730915529
2025-02-07 08:00:00,0.08138909529176362,0.21115359495050867,0.4760527914500651,-1864447.3637177406
2025-02-07 09:00:00,0.11510156239088834,0.24504988399038133,0.4762140811985697,-2161820.0857553207
2025-02-07 10:00:00,0.1409700482273995,0.25227725030894005,0.47637541405156736,-2132790.4852872323
2025-02-07 11:00:00,0.15723165824123303,0.18199071257932756,0.47653678992605886,-2023494.44820063
2025-02-07 12:00:00,0.16277819058352727,0.2257173840988217,0.47669820873902274,-2101027.4291793793
2025-02-07 13:00:00,0.15723165824123303,0.16098157220880838,0.4768596704074156,-2049709.4039933179
2025-02-07 14:00:00,0.14097004822739953,0.16478256778555012,0.47702117484817186,-1953888.868793401
2025-02-07 15:00:00,0.11510156239088835,0.19154972347074764,0.4771827219782038,-1935136.934718939
2025-02-07 16:00:00,0.08138909529176362,0.177827473995025,0.47734431171440206,-2093956.121312634
2025-02-07 17:00:00,0.042130095850344704,0.17124885813522417,0.4775059439736352,-2044589.6767487498
2025-02-07 18:00:00,1.993457900691145e-17,0.25665668645837714,0.47766761867274987,-2008678.0073255377
2025-02-07 19:00:00,0.0,0.21692633259677385,0.477829335728571,-2040101.401714148
2025-02-07 20:00:00,0.0,0.24186145474961207,0.4779910950579016,-2126109.5830238983
2025-02-07 21:00:00,0.0,0.165824401944758,0.47815289657752286,-2276968.677736217
2025-02-07 22:00:00,0.0,0.17707574793431413,0.4783147402041946,-2223436.152402474
2025-02-07 23:00:00,0.0,0.24209736902673873,0.47847662585465467,-2217165.3056620094
2025-02-08 00:00:00,0.0,0.17789538536019783,0.47863855344561945,-2298556.78699668
2025-02-08 01:00:00,0.0,0.16201177519047683,0.4788005228937835,-2139948.392960696
2025-02-08 02:00:00,0.0,0.20820542486983148,0.47896253411582035,-2237616.714237356
2025-02-08 03:00:00,0.0,0.16967810577112338,0.4791245870283815,-2273096.267919046
2025-02-08 04:00:00,0.0,0.20031281469548712,0.4792866815480973,-2256017.6885987017
2025-02-08 05:00:00,0.0,0.1687566038833282,0.4794488175915766,-2248556.606135729
2025-02-08 06:00:00,0.0,0.19209430751448506,0.479610995075407,-2153195.1023110063
2025-02-08 07:00:00,0.04378770250114171,0.20930702013879202,0.4797732139161546,-2046922.859128551
2025-02-08 08:00:00,0.08459134543943041,0.25185593798045813,0.4799354740303643,-1980843.685191115
2025-02-08 09:00:00,0.11963022797982996,0.17341272451445788,0.48009777533455983,-2040268.853660896
2025-02-08 10:00:00,0.1465165081817033,0.1889262429685389,0.48026011774524363,-2118602.3655735543
2025-02-08 11:00:00,0.16341793048097167,0.21899993903295867,0.4804225011788972,-1984795.1414880212
2025-02-08 12:00:00,0.16918269087886084,0.17687522727523292,0.48058492555198057,-2021277.9762020982
2025-02-08 13:00:00,0.16341793048097167,0.17660800733850346,0.4807473907809331,-1859837.1879932021
2025-02-08 14:00:00,0.14651650818170334,0.16964721150619774,0.4809098967821728,-1854209.3965175874
2025-02-08 15:00:00,0.11963022797982997,0.25560529675004967,0.48107244347209693,-1898625.8995042327
2025-02-08 16:00:00,0.08459134543943041,0.23252353955599375,0.48123503076708174,-1974076.6070435012
2025-02-08 17:00:00,0.04378770250114176,0.20714620390220434,0.48139765858348255,-2121629.5061691483
2025-02-08 18:00:00,2.0718904085593303e-17,0.20590582861221185,0.48156032683763395,-1958030.1444424996
2025-02-08 19:00:00,0.0,0.22357146614988066,0.4817230354458495,-2221347.739794059
2025-02-08 20:00:00,0.0,0.16830386514303142,0.48188578432442236,-2165694.7297648215
2025-02-08 21:00:00,0.0,0.21127307206575865,0.4820485733896247,-2330282.5293525597
2025-02-08 22:00:00,0.0,0.16668632409065096,0.48221140255770795,-2188563.10330177
2025-02-08 23:00:00,0.0,0.20610626036213803,0.4823742717449031,-2183726.3831624137
2025-02-09 00:00:00,0.0,0.2431089733632395,0.4825371808674206,-2388169.483908939
2025-02-09 01:00:00,0.0,0.1776932227462186,0.48270012984145005,-2255850.3253299077
2025-02-09 02:00:00,0.0,0.17969190296868343,0.48286311858316094,-2390697.3102578856
2025-02-09 03:00:00,0.0,0.25523006971035483,0.48302614700870194,-2144399.330687431
2025-02-09 04:00:00,0.0,0.18968945288656883,0.48318921503420154,-2165519.362806369
2025-02-09 05:00:00,0.0,0.20256789369663142,0.4833523225757678,-2231738.3896439527
2025-02-09 06:00:00,0.0,0.24424216031322366,0.48351546954948843,-2050013.59923602
2025-02-09 07:00:00,0.045470680745089816,0.2564793322377206,0.4836786558714308,-2143618.346719064
2025-02-09 08:00:00,0.08784260974125462,0.23728117414182975,0.4838418814576422,-1982075.7469586437
2025-02-09 09:00:00,0.12422821005032923,0.21537631299054236,0.4840051462241495,-1926691.760686526
2025-02-09 10:00:00,0.1521478631412978,0.2447691727249545,0.48416845008695963,-2064926.1218056227
2025-02-09 11:00:00,0.16969889079541908,0.21945279629067632,0.4843317929620592,-1918067.9528496345
2025-02-09 12:00:00,0.17568521948250926,0.2145361571196776,0.4844951747654149,-2065785.0134244454
2025-02-09 13:00:00,0.16969889079541908,0.20684408259757672,0.48465859541297357,-2054200.334727625
2025-02-09 14:00:00,0.15214786314129783,0.20811849676399552,0.48482205482066143,-2075685.2498229605
2025-02-09 15:00:00,0.12422821005032926,0.2263629139051747,0.4849855529043854,-2070055.708654087
2025-02-09 16:00:00,0.08784260974125462,0.17362172576552826,0.48514908958003233,-2071168.2515619032
2025-02-09 17:00:00,0.04547068074508987,0.25902420483996463,0.48531266476346907,-2120716.8257284546
2025-02-09 18:00:00,2.151523416967552e-17,0.23993376040960968,0.4854762783705427,-2115308.8608012334
2025-02-09 19:00:00,0.0,0.17004742015410404,0.48563993031708075,-2134220.7673310144
2025-02-09 20:00:00,0.0,0.18436642435868864,0.4858036205188908,-2295967.090250711
2025-02-09 21:00:00,0.0,0.20390532262543132,0.48596734889176063,-2158371.6381098437
2025-02-09 22:00:00,0.0,0.25286046305897,0.48613111535145886,-2300399.6778221033
2025-02-09 23:00:00,0.0,0.21803814002529373,0.486294919813734,-2374797.291219341
2025-02-10 00:00:00,0.0,0.22875560661711522,0.4864587621943153,-2213454.197447446
2025-02-10 01:00:00,0.0,0.23745994528200504,0.4866226424089124,-2225388.165226968
2025-02-10 02:00:00,0.0,0.23455097936883937,0.48678656037321555,-2306307.324883476
2025-02-10 03:00:00,0.0,0.2425405294613425,0.4869505160028955,-2233905.4080294925
2025-02-10 04:00:00,0.0,0.2296979867096387,0.4871145092136036,-2272168.1736678365
2025-02-10 05:00:00,0.0,0.25909697814837745,0.4872785399209722,-2128947.0465745246
2025-02-10 06:00:00,0.0,0.24878438930801905,0.4874426080406137,-2077693.4625656921
2025-02-10 07:00:00,0.04717853187941369,0.25148677668914754,0.4876067134881219,-2096786.3446781703
2025-02-10 08:00:00,0.09114192477745563,0.2488315012487101,0.487770856179071,-2013320.0848169203
2025-02-10 09:00:00,0.1288941461210662,0.23080046781587057,0.4879350360290163,-2016073.8332947693
2025-02-10 10:00:00,0.1578624444141739,0.17260662054774203,0.4880992529534937,-1941544.8560700633
2025-02-10 11:00:00,0.1760726780004799,0.19940084247053558,0.48826350686802034,-1940914.3353315087
2025-02-10 12:00:00,0.18228384955491128,0.20983015041605768,0.48842779768809397,-1944911.6143279732
2025-02-10 13:00:00,0.1760726780004799,0.24643221909031518,0.4885921253291938,-1980894.8572456646
2025-02-10 14:00:00,0.1578624444141739,0.21394568768007793,0.48875648970677965,-1961947.6598234356
2025-02-10 15:00:00,0.1288941461210662,0.25605944752338694,0.48892089073629275,-2062964.7388931708
2025-02-10 16:00:00,0.09114192477745563,0.24022555886737404,0.4890853283331554,-1880075.711875668
2025-02-10 17:00:00,0.04717853187941374,0.23938456242772094,0.4892498024127709,-2022431.6698439284
2025-02-10 18:00:00,2.232333328936798e-17,0.2545662726948469,0.489414312890524,-2089346.6051274166
2025-02-10 19:00:00,0.0,0.18428704137464266,0.4895788596817807,-2095165.912283128
2025-02-10 20:00:00,0.0,0.16971704099519136,0.4897434427018883,-2153486.2380281207
2025-02-10 21:00:00,0.0,0.1807931689955269,0.48990806186617547,-2233095.2294571437
2025-02-10 22:00:00,0.0,0.23792132383405012,0.4900727170899522,-2174939.8137698392
2025-02-10 23:00:00,0.0,0.2327707864748955,0.4902374082885099,-2180518.2477229685
2025-02-11 00:00:00,0.0,0.25483756658498924,0.49040213537712174,-2230412.7913832217
2025-02-11 01:00:00,0.0,0.22254790550542725,0.49056689827104205,-2227991.9993709414
2025-02-11 02:00:00,0.0,0.19067021040063709,0.490731696885507,-2196306.6853517927
2025-02-11 03:00:00,0.0,0.2553647636091215,0.4908965311357344,-2287289.0732427523
2025-02-11 04:00:00,0.0,0.23989081049876693,0.4910614009369235,-2302559.2063776962
2025-02-11 05:00:00,0.0,0.20498782116191175,0.49122630620425556,-2176188.02994416
2025-02-11 06:00:00,0.0,0.26341139551989934,0.49139124685289337,-2162690.3824053165
2025-02-11 07:00:00,0.04891074983096374,0.23291783634818244,0.4915562227979816,-1991367.2899532795
2025-02-11 08:00:00,0.09448831288978311,0.16866150070229682,0.4917212339546467,-2081824.4197245876
2025-02-11 09:00:00,0.1336266535744838,0.24390822040278498,0.49188628023799696,-2012467.267057823
2025-02-11 10:00:00,0.1636585586465696,0.20073405545724934,0.49205136156312296,-2078428.9380360553
2025-02-11 11:00:00,0.18253740340544758,0.24029254503251912,0.49221647784509676,-2002676.6801678627
2025-02-11 12:00:00,0.18897662577956625,0.1815053909792921,0.4923816289989727,-2022661.512034609
2025-02-11 13:00:00,0.18253740340544758,0.24987077082847536,0.49254681493978714,-1950155.6646148465
2025-02-11 14:00:00,0.16365855864656964,0.25878934886145005,0.49271203558255866,-1844373.4018870755
2025-02-11 15:00:00,0.13362665357448383,0.21349713917659494,0.4928772908422877,-2031875.6626876893
2025-02-11 16:00:00,0.09448831288978311,0.18873112211439044,0.4930425806339572,-1845295.8706605248
2025-02-11 17:00:00,0.048910749830963794,0.1672983266570066,0.4932079048725321,-1964601.5846766643
2025-02-11 18:00:00,2.31429619874613e-17,0.2180609691938321,0.49337326347295973,-2120617.4574770643
2025-02-11 19:00:00,0.0,0.25717356092027743,0.49353865635016975,-2131499.3487708257
2025-02-11 20:00:00,0.0,0.19717747545199268,0.4937040834190741,-2380300.389121237
2025-02-11 21:00:00,0.0,0.22262149296448755,0.49386954459456733,-2099719.3610924548
2025-02-11 22:00:00,0.0,0.26466397299886824,0.49403503979152613,-2148245.1116918377
2025-02-11 23:00:00,0.0,0.16918745060868265,0.49420056892481007,-2143404.0653505297
2025-02-12 00:00:00,0.0,0.1779854273384341,0.4943661319092608,-2139294.2119981917
2025-02-12 01:00:00,0.0,0.2645910445282968,0.494531728659703,-2244832.0176885473
2025-02-12 02:00:00,0.0,0.24430021168076343,0.4946973590909437,-2317177.8786430764
2025-02-12 03:00:00,0.0,0.24797936363582745,0.49486302311777275,-2199910.994029508
2025-02-12 04:00:00,0.0,0.1999574676118724,0.4950287206549626,-2315630.480066812
2025-02-12 05:00:00,0.0,0.2170778286027571,0.49519445161726855,-2167819.90956982
2025-02-12 06:00:00,0.0,0.17890779987375946,0.49536021591942864,-2193804.7900032527
2025-02-12 07:00:00,0.05066682130617663,0.17949203034785133,0.4955260134761639,-2084539.5732255944
2025-02-12 08:00:00,0.09788078247121847,0.19884032096289983,0.49569184420217793,-2092182.5531525966
2025-02-12 09:00:00,0.13842433006648788,0.22263368508644185,0.4958577080121576,-1916102.556572274
2025-02-12 10:00:00,0.16953448832474757,0.21652248277915748,0.4960236048207727,-2020625.0200042387
2025-02-12 11:00:00,0.18909115137266452,0.2562677829490271,0.4961895345426759,-2104511.4937801356
2025-02-12 12:00:00,0.19576156494243696,0.2621556021544663,0.496355497092503,-1987567.2170481926
2025-02-12 13:00:00,0.18909115137266452,0.21135129758431034,0.49652149238487286,-2028331.777037983
2025-02-12 14:00:00,0.1695344883247476,0.22824117485824016,0.4966875203343877,-1960906.7895276037
2025-02-12 15:00:00,0.13842433006648788,0.2042245125965911,0.4968535808556328,-1973394.5632434618
2025-02-12 16:00:00,0.09788078247121847,0.19063319157588798,0.49701967386317664,-1875984.2207819347
2025-02-12 17:00:00,0.05066682130617669,0.23757306159355374,0.4971857992715711,-2125752.09950382
2025-02-12 18:00:00,2.3973877390283213e-17,0.22073124015857865,0.49735195699535106,-2158091.4698572312
2025-02-12 19:00:00,0.0,0.19541711138056364,0.49751814694903546,-2061018.7058433348
2025-02-12 20:00:00,0.0,0.2502354904283179,0.4976843690471259,-2074920.6474910635
2025-02-12 21:00:00,0.0,0.1956194940356916,0.49785062320410794,-2207773.579903895
2025-02-12 22:00:00,0.0,0.24463233778691365,0.4980169093344503,-2248792.940281476
2025-02-12 23:00:00,0.0,0.2265421764838819,0.4981832273526057,-2332529.020220115
2025-02-13 00:00:00,0.0,0.2573249969873343,0.4983495771730101,-2186562.3038153346
2025-02-13 01:00:00,0.0,0.25399442680985057,0.49851595871008314,-2003669.204379228
2025-02-13 02:00:00,0.0,0.17873700859975497,0.4986823718782282,-2059638.8548685666
2025-02-13 03:00:00,0.0,0.25518789761750077,0.4988488165918325,-2223878.527631216
2025-02-13 04:00:00,0.0,0.20151248251522813,0.4990152927652667,-2162612.6870210785
2025-02-13 05:00:00,0.0,0.18731094570605822,0.4991818003128856,-2210065.7225229186
2025-02-13 06:00:00,0.0,0.2373880068658951,0.4993483391490278,-2162795.577587786
2025-02-13 07:00:00,0.052446225943175113,0.23115285332160249,0.4995149091880158,-2164960.6963031758
2025-02-13 08:00:00,0.10131832825980917,0.2549782137972975,0.49968151034415575,-2070954.117987673
2025-02-13 09:00:00,0.14328575394199136,0.22091100722584045,0.4998481425317383,-2166407.8228071253
2025-02-13 10:00:00,0.1754884922839311,0.26450641796828556,0.5000148056650378,-1950015.8562026646
2025-02-13 11:00:00,0.1957319798851665,0.22581875670876528,0.5001814996583126,-2026846.1751347743
2025-02-13 12:00:00,0.20263665651961837,0.21105253481601577,0.5003482244258056,-1912403.2805870955
2025-02-13 13:00:00,0.1957319798851665,0.17211154716478827,0.5005149798817433,-1892110.688295618
2025-02-13 14:00:00,0.17548849228393112,0.2633225179006855,0.500681765940337,-1872922.6099349875
2025-02-13 15:00:00,0.1432857539419914,0.17533980218114853,0.5008485825157817,-1837419.313194226
2025-02-13 16:00:00,0.10131832825980917,0.2538296630697787,0.5010154295222572,-1835012.8490745758
2025-02-13 17:00:00,0.05244622594317517,0.17161285184898284,0.5011823068739273,-1965862.3623767693
2025-02-13 18:00:00,2.4815833279667228e-17,0.18384643570323622,0.5013492144849403,-2028657.0200492889
2025-02-13 19:00:00,0.0,0.17623367062109718,0.5015161522694289,-1957650.4302026038
2025-02-13 20:00:00,0.0,0.217790894656127,0.5016831201415104,-2059013.8999017759
2025-02-13 21:00:00,0.0,0.26185025160758335,0.5018501180152865,-2148910.558393557
2025-02-13 22:00:00,0.0,0.20278073223701548,0.5020171458048434,-2263266.234548645
2025-02-13 23:00:00,0.0,0.2425974254798665,0.5021842034242522,-2201483.777704202
2025-02-14 00:00:00,0.0,0.17631348894806187,0.5023512907875681,-2132590.5419680024
2025-02-14 01:00:00,0.0,0.25614789741800337,0.5025184078088317,-2128554.5516243586
2025-02-14 02:00:00,0.0,0.19598234313177376,0.502685554402068,-2317365.4598882147
2025-02-14 03:00:00,0.0,0.20804426099900897,0.5028527304812866,-2226303.9656213885
2025-02-14 04:00:00,0.0,0.19559339001341952,0.5030199359604821,-2142275.3103748737
2025-02-14 05:00:00,0.0,0.22459232622179634,0.5031871707536343,-2327770.025595987
2025-02-14 06:00:00,0.0,0.2341194161158584,0.5033544347747071,-2073630.9634076837
2025-02-14 07:00:00,0.05424843646596254,0.2691201209333992,0.5035217279376504,-1919713.738429216
2025-02-14 08:00:00,0.10479993163654978,0.23979773205411226,0.5036890501563982,-2011908.738496761
2025-02-14 09:00:00,0.1482094846561819,0.26255014124071757,0.5038564013448702,-2090048.9245094531
2025-02-14 10:00:00,0.1815188062242492,0.2646761593730838,0.5040237814169707,-1928608.6780358993
2025-02-14 11:00:00,0.20245792112214447,0.22930415256731287,0.5041911902865895,-1953825.9163252641
2025-02-14 12:00:00,0.2095998632730996,0.23314898149385224,0.5043586278676015,-1947653.3863847454
2025-02-14 13:00:00,0.20245792112214447,0.18286066043608293,0.5045260940738666,-1934532.4679389095
2025-02-14 14:00:00,0.18151880622424924,0.18033162387157098,0.5046935888192304,-1921679.9065208752
2025-02-14 15:00:00,0.14820948465618192,0.18629191893065647,0.5048611120175234,-1968941.9563183642
2025-02-14 16:00:00,0.10479993163654978,0.177980225813407,0.5050286635825616,-2041506.9321077606
2025-02-14 17:00:00,0.054248436465962606,0.22235018839378934,0.5051962434281466,-1910084.8211689098
2025-02-14 18:00:00,2.566858016591243e-17,0.18091929841021442,0.5053638514680653,-2003029.425318593
2025-02-14 19:00:00,0.0,0.1701767547790982,0.5055314876160898,-2092036.242498001
2025-02-14 20:00:00,0.0,0.20727203351021004,0.5056991517859784,-2067955.520554275
2025-02-14 21:00:00,0.0,0.2079375812264145,0.5058668438914744,-2144733.010926606
2025-02-14 22:00:00,0.0,0.2222053818942957,0.506034563846307,-2303253.6409519147
2025-02-14 23:00:00,0.0,0.21781881954496965,0.5062023115641909,-2168963.508605302
2025-02-15 00:00:00,0.0,0.20017615848236534,0.5063700869588269,-2313054.619639113
2025-02-15 01:00:00,0.0,0.21062760253076893,0.5065378899439009,-2152422.4271166637
2025-02-15 02:00:00,0.0,0.17121531681188804,0.5067057204330855,-2276120.903868912
2025-02-15 03:00:00,0.0,0.17823030315466673,0.5068735783400382,-2272196.116695386
2025-02-15 04:00:00,0.0,0.19426049829564906,0.5070414635784031,-2143804.948168803
2025-02-15 05:00:00,0.0,0.18203242574345177,0.5072093760618098,-2152165.9535334213
2025-02-15 06:00:00,0.0,0.17910689598324947,0.5073773157038742,-2181347.2141706496
2025-02-15 07:00:00,0.05607291884066614,0.18287712474040063,0.5075452824181981,-2122810.3549288344
2025-02-15 08:00:00,0.1083245609272206,0.24819756360582962,0.5077132761183692,-2074245.7785957218
2025-02-15 09:00:00,0.15319406320138604,0.17454935541671512,0.5078812967179618,-1890201.729913231
2025-02-15 10:00:00,0.1876236432335365,0.19298514461515512,0.5080493441305357,-1952649.245890697
2025-02-15 11:00:00,0.2092669820420522,0.18510066744814838,0.5082174182696374,-1716309.2776473875
2025-02-15 12:00:00,0.21664912185444124,0.2354940278594238,0.5083855190487995,-1892176.9956683852
2025-02-15 13:00:00,0.2092669820420522,0.21396405229148355,0.5085536463815409,-1872272.9527736972
2025-02-15 14:00:00,0.18762364323353653,0.2597676463703791,0.5087218001813668,-1836069.609648713
2025-02-15 15:00:00,0.15319406320138607,0.27209209131151607,0.5088899803617689,-1967353.7371484486
2025-02-15 16:00:00,0.1083245609272206,0.24151071226551857,0.5090581868362252,-1963216.796988107
2025-02-15 17:00:00,0.056072918840666196,0.1916151423673666,0.5092264195182,-1955060.7282367838
2025-02-15 18:00:00,2.6531865361712634e-17,0.2525068596462057,0.5093946783211448,-2030477.813772086
2025-02-15 19:00:00,0.0,0.19643020442278836,0.5095629631584968,-1895740.0402184736
2025-02-15 20:00:00,0.0,0.20562709817440272,0.5097312739436805,-2121252.5926064965
2025-02-15 21:00:00,0.0,0.17287589439501938,0.5098996105901064,-2006230.005175302
2025-02-15 22:00:00,0.0,0.2568708007094891,0.5100679730111723,-2161789.3332609623
2025-02-15 23:00:00,0.0,0.19231198988303486,0.5102363611202625,-2029884.3307169143
2025-02-16 00:00:00,0.0,0.27256431419878396,0.510404774830748,-2124788.9977340866
2025-02-16 01:00:00,0.0,0.23550711672620972,0.5105732140559867,-2426459.872752751
2025-02-16 02:00:00,0.0,0.2025878040935889,0.5107416787093234,-2304452.944725036
2025-02-16 03:00:00,0.0,0.2018987128228846,0.5109101687040897,-2124178.9885025425
2025-02-16 04:00:00,0.0,0.17530368339337768,0.5110786839536045,-2171912.346225604
2025-02-16 05:00:00,0.0,0.19615518288385184,0.5112472243711732,-2228659.1635372727
2025-02-16 06:00:00,0.0,0.23323745209497349,0.5114157898700887,-2144112.505120659
2025-02-16 07:00:00,0.057919132433782716,0.21860342053507076,0.5115843803636307,-2028945.2155600581
2025-02-16 08:00:00,0.11189117170809508,0.21625824418747266,0.5117529957650663,-1943565.491293379
2025-02-16 09:00:00,0.1582380125394048,0.24524394599975052,0.5119216359876495,-1976362.2334419133
2025-02-16 10:00:00,0.193801194316834,0.25591161807621265,0.5120903009446217,-1875878.9242117086
2025-02-16 11:00:00,0.21615714497318755,0.1856747585898495,0.5122589905492115,-1888182.4773267258
2025-02-16 12:00:00,0.2237823434161902,0.22137104325758636,0.5124277047146351,-1959818.3184717621
2025-02-16 13:00:00,0.21615714497318755,0.21442682840996438,0.5125964433540955,-2038764.0687695497
2025-02-16 14:00:00,0.19380119431683404,0.25822529136137623,0.5127652063807837,-1910655.342913138
2025-02-16 15:00:00,0.15823801253940484,0.22230038184373246,0.5129339937078777,-1945347.3467515344
2025-02-16 16:00:00,0.11189117170809508,0.2527294307124281,0.5131028052485435,-1964601.5640548253
2025-02-16 17:00:00,0.05791913243378278,0.18845153114443752,0.513271640915934,-2051670.7911820891
2025-02-16 18:00:00,2.7405433057033107e-17,0.22944090620460048,0.5134405006231901,-1940158.974408476
2025-02-16 19:00:00,0.0,0.20736307876136864,0.5136093842834404,-2159789.707157149
2025-02-16 20:00:00,0.0,0.27146561224528193,0.513778291809801,-2101998.149620204
2025-02-16 21:00:00,0.0,0.22791831142517924,0.5139472231153757,-2240180.328637477
2025-02-16 22:00:00,0.0,0.22096128700223008,0.5141161781132559,-2205730.8885805896
2025-02-16 23:00:00,0.0,0.2243608473492742,0.5142851567165214,-2378434.7681423486
2025-02-17 00:00:00,0.0,0.24331362741890492,0.5144541588382394,-2140250.8351263544
2025-02-17 01:00:00,0.0,0.2290364619691605,0.5146231843914649,-2192899.2945830347
2025-02-17 02:00:00,0.0,0.21170290371302505,0.5147922332892414,-2192512.931019145
2025-02-17 03:00:00,0.0,0.24795461641746958,0.5149613054445997,-2165915.6970079564
2025-02-17 04:00:00,0.0,0.17280064092624436,0.5151304007705589,-2235454.7401944525
2025-02-17 05:00:00,0.0,0.23794550005396875,0.5152995191801265,-2107294.2360430495
2025-02-17 06:00:00,0.0,0.26904537029525527,0.5154686605862978,-2051642.4656588328
2025-02-17 07:00:00,0.05978653017238008,0.19377234395054388,0.5156378249020563,-2156512.3202472283
2025-02-17 08:00:00,0.11549870711542508,0.20169505712423105,0.5158070120403737,-2003180.989346396
2025-02-17 09:00:00,0.16333983803919205,0.2627568102455659,0.5159762219142102,-1948174.8215235139
2025-02-17 10:00:00,0.20004962893243325,0.2337946219184425,0.5161454544365138,-1984246.127075543
2025-02-17 11:00:00,0.22312636821157214,0.24627646848059334,0.5163147095202213,-1917073.0687047276
2025-02-17 12:00:00,0.23099741423085018,0.2544785286992843,0.5164839870782578,-1972710.6101570486
2025-02-17 13:00:00,0.22312636821157214,0.241590377186057,0.5166532870235369,-1867987.842357673
2025-02-17 14:00:00,0.20004962893243328,0.23280909993605256,0.5168226092689603,-1862340.495723586
2025-02-17 15:00:00,0.16333983803919208,0.24731672289354512,0.5169919537274187,-1931639.2835103162
2025-02-17 16:00:00,0.11549870711542508,0.23737191039458627,0.517161320311791,-2082524.0433520677
2025-02-17 17:00:00,0.05978653017238014,0.21057501960231445,0.517330708934945,-2066215.6864055125
2025-02-17 18:00:00,2.8289024394912596e-17,0.1877616181826875,0.5175001195097372,-2037528.9609862943
2025-02-17 19:00:00,0.0,0.2663311533851356,0.5176695519490123,-2183458.384600462
2025-02-17 20:00:00,0.0,0.24337037776904935,0.5178390061656043,-2008508.5732467775
2025-02-17 21:00:00,0.0,0.27231895190564476,0.518008482072336,-2153320.7979731807
2025-02-17 22:00:00,0.0,0.27662300266079515,0.5181779795820186,-2274947.498209966
2025-02-17 23:00:00,0.0,0.235114465326246,0.5183474986074524,-2188834.1390556786
2025-02-18 00:00:00,0.0,0.22809403656168292,0.5185170390614268,-2182150.5531053636
2025-02-18 01:00:00,0.0,0.26504576696962373,0.51868660085672,-2257661.0214111954
2025-02-18 02:00:00,0.0,0.2723311369732548,0.5188561839060992,-2240554.3762157103
2025-02-18 03:00:00,0.0,0.2641107192178688,0.5190257881223209,-2278887.5059367893
2025-02-18 04:00:00,0.0,0.21668499228791044,0.5191954134181304,-2318966.6530252057
2025-02-18 05:00:00,0.0,0.25867786415625504,0.5193650597062622,-2204909.7139114924
2025-02-18 06:00:00,0.0,0.24415440537424438,0.5195347268994402,-2219295.806434733
2025-02-18 07:00:00,0.06167455870620655,0.21847497997669627,0.5197044149103776,-1916948.045080841
2025-02-18 08:00:00,0.11914609815861242,0.23071214204772916,0.5198741236517764,-2059817.9299384179
2025-02-18 09:00:00,0.16849802791974575,0.2717388941005434,0.5200438530363286,-1979203.7286483317
2025-02-18 10:00:00,0.20636709553430538,0.24403957490442948,0.5202136029767149,-1952483.3389905053
2025-02-18 11:00:00,0.2301725866259523,0.1826090923247855,0.5203833733856061,-1978530.171596127
2025-02-18 12:00:00,0.23829219631722487,0.20638598109626882,0.5205531641756619,-1971947.85483625
2025-02-18 13:00:00,0.2301725866259523,0.19273344991383184,0.5207229752595318,-2071796.954870785
2025-02-18 14:00:00,0.2063670955343054,0.17872902451778483,0.5208928065498548,-2045031.9532942544
2025-02-18 15:00:00,0.16849802791974577,0.23949902956901736,0.5210626579592597,-1986580.324409693
2025-02-18 16:00:00,0.11914609815861242,0.253065186243655,0.5212325294003646,-1992917.8169505142
2025-02-18 17:00:00,0.06167455870620662,0.2349187103282318,0.5214024207857774,-2049242.6565111084
2025-02-18 18:00:00,2.9182377548168214e-17,0.2184317933424641,0.5215723320280959,-1942519.032824191
2025-02-18 19:00:00,0.0,0.22377736904112894,0.5217422630399076,-2093579.1331606978
2025-02-18 20:00:00,0.0,0.17582290611063522,0.5219122137337896,-2130904.2909419243
2025-02-18 21:00:00,0.0,0.1821224159534911,0.5220821840223094,-2039069.4937119249
2025-02-18 22:00:00,0.0,0.25334090686158833,0.5222521738180241,-2142110.995742771
2025-02-18 23:00:00,0.0,0.27254748106735394,0.5224221830334805,-2110867.065756495
2025-02-19 00:00:00,0.0,0.2743023646967782,0.5225922115812159,-2180352.406288109
2025-02-19 01:00:00,0.0,0.23994286131982767,0.5227622593737573,-2202653.0301893195
2025-02-19 02:00:00,0.0,0.2502919463049118,0.5229323263236221,-2204516.160040772
2025-02-19 03:00:00,0.0,0.21625048181273826,0.5231024123433173,-2054937.9386977123
2025-02-19 04:00:00,0.0,0.19166025727659192,0.5232725173453411,-2108322.9877205645
2025-02-19 05:00:00,0.0,0.18549613259464826,0.5234426412421808,-2081735.2013864715
2025-02-19 06:00:00,0.0,0.17600831006844583,0.5236127839463145,-2069395.583798472
2025-02-19 07:00:00,0.06358265857166057,0.2742990025829503,0.5237829453702109,-2134373.7109878142
2025-02-19 08:00:00,0.12283226403697388,0.2059117810573807,0.5239531254263285,-2034730.1140307242
2025-02-19 09:00:00,0.17371105369808143,0.22222043677016556,0.5241233240271167,-1979904.6288995505
2025-02-19 10:00:00,0.2127517221207542,0.23369018566564673,0.5242935410850149,-1927457.314910769
2025-02-19 11:00:00,0.23729371226974202,0.2568501942181172,0.5244637765124535,-2048973.8386261142
2025-02-19 12:00:00,0.24566452807394779,0.22515826643046616,0.5246340302218532,-1879717.312471462
2025-02-19 13:00:00,0.23729371226974202,0.18925510359536823,0.524804302125625,-1860621.6843938543
2025-02-19 14:00:00,0.21275172212075422,0.199161657196375,0.5249745921361711,-1997686.212306031
2025-02-19 15:00:00,0.17371105369808146,0.17642200155586393,0.5251449001658841,-1789231.2262815875
2025-02-19 16:00:00,0.12283226403697388,0.25061844290301594,0.5253152261271473,-1937361.8017742008
2025-02-19 17:00:00,0.06358265857166064,0.1852518872844534,0.5254855699323349,-2088469.5337904815
2025-02-19 18:00:00,3.0085227796980526e-17,0.21949341814325535,0.5256559314938117,-1972844.0789298525
2025-02-19 19:00:00,0.0,0.21901512332761155,0.5258263107239337,-2070602.0305738954
2025-02-19 20:00:00,0.0,0.23201840412407615,0.5259967075350475,-2070290.7354031394
2025-02-19 21:00:00,0.0,0.20126729283033204,0.5261671218394908,-2086895.0081299832
2025-02-19 22:00:00,0.0,0.24570343188741572,0.5263375535495922,-1948460.3627254157
2025-02-19 23:00:00,0.0,0.18834138710369605,0.5265080025776716,-2221517.2607766204
2025-02-20 00:00:00,0.0,0.23667253897578455,0.5266784688360396,-2183017.8648205013
2025-02-20 01:00:00,0.0,0.25774980142686665,0.5268489522369985,-2164049.425064568
2025-02-20 02:00:00,0.0,0.2354053526543236,0.527019452692841,-2251356.1658428255
2025-02-20 03:00:00,0.0,0.21543223126763636,0.5271899701158519,-2211089.9362972723
2025-02-20 04:00:00,0.0,0.24040310989309066,0.5273605044183064,-2121545.894945451
2025-02-20 05:00:00,0.0,0.1802158129740979,0.5275310555124716,-2033398.3139864337
2025-02-20 06:00:00,0.0,0.2207392791324253,0.5277016233106059,-2077229.6137312532
2025-02-20 07:00:00,0.0655102643575718,0.22895168197685312,0.527872207724959,-2125608.7556887176
2025-02-20 08:00:00,0.12655611246000567,0.1809843542620964,0.528042808667772,-2130738.2081017364
2025-02-20 09:00:00,0.1789773706421547,0.22401236013109163,0.5282134260512775,-1891169.6973167553
2025-02-20 10:00:00,0.2192016167891305,0.22696265348487957,0.5283840597877,-1938146.8249075199
2025-02-20 11:00:00,0.2444876349997265,0.28118148420920147,0.5285547097892548,-1881010.848656361
2025-02-20 12:00:00,0.2531122249200114,0.2246741473549222,0.5287253759681497,-1903275.9754684623
2025-02-20 13:00:00,0.2444876349997265,0.28046991810624133,0.5288960582365837,-1932796.1297774103
2025-02-20 14:00:00,0.21920161678913053,0.20469785010353841,0.5290667565067476,-1935985.6956360564
2025-02-20 15:00:00,0.17897737064215472,0.22686981877907622,0.529237470690824,-1927135.7179134735
2025-02-20 16:00:00,0.12655611246000567,0.2822836906338961,0.5294082007009874,-1927733.530677706
2025-02-20 17:00:00,0.06551026435757187,0.19244476876912944,0.5295789464494038,-2063190.661939033
2025-02-20 18:00:00,3.099730760733569e-17,0.18167512217048395,0.5297497078482317,-1998665.1081120379
2025-02-20 19:00:00,0.0,0.18303735970520713,0.529920484809621,-2131502.725783373
2025-02-20 20:00:00,0.0,0.2099842883604199,0.5300912772457137,-2078878.5755195299
2025-02-20 21:00:00,0.0,0.26859857622952465,0.5302620850686443,-2145475.795275453
2025-02-20 22:00:00,0.0,0.2606764878979459,0.5304329081905387,-2188375.1884510755
2025-02-20 23:00:00,0.0,0.20474182054938864,0.5306037465235154,-2090556.9229832639
2025-02-21 00:00:00,0.0,0.24869847732469574,0.5307745999796849,-2274670.2660547895
2025-02-21 01:00:00,0.0,0.2238998068937934,0.5309454684711501,-2221671.246132258
2025-02-21 02:00:00,0.0,0.2344303151184978,0.5311163519100057,-2255853.733405099
2025-02-21 03:00:00,0.0,0.26416044987486215,0.5312872502083392,-2165626.486966499
2025-02-21 04:00:00,0.0,0.2777389501080466,0.5314581632782305,-2072251.1903363555
2025-02-21 05:00:00,0.0,0.18149230722385434,0.5316290910317514,-2142647.4420288703
2025-02-21 06:00:00,0.0,0.23821745722010168,0.5318000333809664,-2217931.0972241904
2025-02-21 07:00:00,0.06745680487274476,0.27366396256719855,0.5319709902379327,-1991787.7791856562
2025-02-21 08:00:00,0.13031653997105286,0.22670918080208727,0.5321419615146998,-2045716.4153097526
2025-02-21 09:00:00,0.18429541822859852,0.2415397351802322,0.5323129471233099,-1897299.14150277
2025-02-21 10:00:00,0.22571486829644402,0.2536610929923299,0.5324839469757976,-2004291.6597493174
2025-02-21 11:00:00,0.2517522231013433,0.2649459792186783,0.5326549609841904,-1964159.2246914397
2025-02-21 12:00:00,0.26063307994210577,0.22108876579026854,0.5328259890605086,-1911931.0741509474
2025-02-21 13:00:00,0.2517522231013433,0.19101226688404033,0.532997031116765,-2005344.4564293975
2025-02-21 14:00:00,0.22571486829644405,0.20266115508811114,0.5331680870649652,-1827429.4238302866
2025-02-21 15:00:00,0.18429541822859855,0.2807910579316268,0.533339156817108,-1958271.5978858948
2025-02-21 16:00:00,0.13031653997105286,0.18442564839413203,0.5335102402851847,-2070874.9188596755
2025-02-21 17:00:00,0.06745680487274484,0.22255061346229343,0.5336813373811798,-2053275.5114258435
2025-02-21 18:00:00,3.1918346710301606e-17,0.23191083292633963,0.5338524480170709,-1924584.3746721887
2025-02-21 19:00:00,0.0,0.2558645692730382,0.5340235721048282,-2110118.4765541363
2025-02-21 20:00:00,0.0,0.18721919306511617,0.5341947095564152,-1981972.335085261
2025-02-21 21:00:00,0.0,0.25190672084668914,0.5343658602837887,-2098287.345218616
2025-02-21 22:00:00,0.0,0.23714943431868882,0.5345370241988984,-2207666.9203865854
2025-02-21 23:00:00,0.0,0.26702603940873665,0.5347082012136873,-2215311.2189215147
2025-02-22 00:00:00,0.0,0.18267091722154843,0.5348793912400919,-2126305.231075288
2025-02-22 01:00:00,0.0,0.2713114662440272,0.5350505941900416,-2284267.078320833
2025-02-22 02:00:00,0.0,0.2251977763499014,0.5352218099754595,-2110946.237007683
2025-02-22 03:00:00,0.0,0.2455701491043017,0.5353930385082619,-2146491.593939612
2025-02-22 04:00:00,0.0,0.22557996847555273,0.5355642797003586,-2140123.533855576
2025-02-22 05:00:00,0.0,0.2827056530877593,0.5357355334636528,-2173284.046988541
2025-02-22 06:00:00,0.0,0.20531664332014016,0.5359067997100413,-2102892.748449547
2025-02-22 07:00:00,0.06942170331521502,0.28184040650867087,0.5360780783514146,-2052948.5850749617
2025-02-22 08:00:00,0.13411243227428724,0.2755004351188948,0.5362493692996567,-2103901.5857349434
2025-02-22 09:00:00,0.18966362060514022,0.26131185950385544,0.5364206724666452,-1964436.9625995648
2025-02-22 10:00:00,0.2322895466257056,0.2081125197268594,0.5365919877642515,-2058752.7222850008
2025-02-22 11:00:00,0.25908532392035527,0.2446076182324761,0.5367633151043408,-1968666.5652146298
2025-02-22 12:00:00,0.2682248645485745,0.2788963810722093,0.5369346543987721,-1834520.940078022
2025-02-22 13:00:00,0.25908532392035527,0.21207562660869478,0.5371060055593981,-1869951.1548657175
2025-02-22 14:00:00,0.23228954662570564,0.2680809136283343,0.5372773684980656,-2021552.5639632326
2025-02-22 15:00:00,0.18966362060514025,0.2713801722677775,0.5374487431266152,-1895024.9903532339
2025-02-22 16:00:00,0.13411243227428724,0.21851212406818843,0.5376201293568815,-1967195.4409216624
2025-02-22 17:00:00,0.0694217033152151,0.2852934188732391,0.5377915271006932,-1951143.1974589932
2025-02-22 18:00:00,3.284807218211442e-17,0.22816449609071407,0.5379629362698731,-1956904.2275306091
2025-02-22 19:00:00,0.0,0.24586820139478568,0.538134356776238,-2072363.1998784319
2025-02-22 20:00:00,0.0,0.26361894962872506,0.5383057885315988,-2168691.6500428533
2025-02-22 21:00:00,0.0,0.20529280278258294,0.538477231447761,-2214359.198264539
2025-02-22 22:00:00,0.0,0.26354490097170946,0.538648685436524,-2153514.6764488006
2025-02-22 23:00:00,0.0,0.2852785883628267,0.5388201504096815,-2143522.1543080616
2025-02-23 00:00:00,0.0,0.20101088263860883,0.5389916262790216,-2167342.9586429144
2025-02-23 01:00:00,0.0,0.20176639007178163,0.5391631129563271,-2210591.5018740073
2025-02-23 02:00:00,0.0,0.2713964303615412,0.5393346103533748,-2172715.3365610125
2025-02-23 03:00:00,0.0,0.25626009816830825,0.5395061183819363,-2139511.5259185275
2025-02-23 04:00:00,0.0,0.19108245553524927,0.5396776369537775,-2168658.71999072
2025-02-23 05:00:00,0.0,0.2295046153961031,0.539849165980659,-2125039.095818631
2025-02-23 06:00:00,0.0,0.2411197620526048,0.5400207053743359,-2071734.5659895183
2025-02-23 07:00:00,0.0714043774431681,0.19655500401898454,0.5401922550465582,-2147206.298117742
2025-02-23 08:00:00,0.13794266456489732,0.2033128503955789,0.5403638149090705,-1843463.6687520626
2025-02-23 09:00:00,0.19508038705756037,0.18013152205007685,0.5405353848736122,-1985577.6265201208
2025-02-23 10:00:00,0.23892370355783318,0.24444688873714454,0.540706964851917,-1855395.610643644
2025-02-23 11:00:00,0.2664847645007285,0.21673653597026404,0.5408785547557144,-1885451.109639499
2025-02-23 12:00:00,0.2758853291297947,0.27682024626834506,0.5410501544967281,-1911856.9044435741
2025-02-23 13:00:00,0.2664847645007285,0.20147514603884842,0.541221763986677,-1968063.384958921
2025-02-23 14:00:00,0.2389237035578332,0.18810219863482508,0.5413933831372745,-1818816.3340254507
2025-02-23 15:00:00,0.1950803870575604,0.27430941527282054,0.54156501186023,-1807118.6961229094
2025-02-23 16:00:00,0.13794266456489732,0.270716693712725,0.541736650067247,-1944846.382607132
2025-02-23 17:00:00,0.07140437744316819,0.22636019042806763,0.5419082976700248,-1955813.7775531625
2025-02-23 18:00:00,3.378620852505171e-17,0.18180427196717686,0.5420799545802574,-1930976.4090706857
2025-02-23 19:00:00,0.0,0.217358869710997,0.5422516207096343,-1954482.756477427
2025-02-23 20:00:00,0.0,0.2538512331706253,0.5424232959698401,-2129685.155110199
2025-02-23 21:00:00,0.0,0.2695762628522861,0.5425949802725548,-2136658.458673155
2025-02-23 22:00:00,0.0,0.2607963066781797,0.5427666735294537,-2081829.9499566772
2025-02-23 23:00:00,0.0,0.24695428507155068,0.5429383756522078,-2207803.5848652353
2025-02-24 00:00:00,0.0,0.26039131775281726,0.5431100865524828,-2143335.7392517626
2025-02-24 01:00:00,0.0,0.2656423208113549,0.5432818061419405,-2298724.80865775
2025-02-24 02:00:00,0.0,0.2260892970680204,0.5434535343322381,-2122675.982223282
2025-02-24 03:00:00,0.0,0.2721433160671534,0.5436252710350282,-2201809.549092091
2025-02-24 04:00:00,0.0,0.28135687047667063,0.5437970161619595,-2130624.779412144
2025-02-24 05:00:00,0.0,0.2028593067562203,0.5439687696246757,-2138962.1726237126
2025-02-24 06:00:00,0.0,0.270561456351175,0.5441405313348167,-1966045.826786575
2025-02-24 07:00:00,0.07340423974747028,0.2355064822640409,0.5443123012040177,-2106837.3406420355
2025-02-24 08:00:00,0.14180610186239218,0.2550355997192538,0.5444840791439105,-2076671.827089855
2025-02-24 09:00:00,0.20054411248105564,0.2028990091154045,0.5446558650661218,-2023344.5771922206
2025-02-24 10:00:00,0.24561537324895089,0.21382130037955427,0.5448276588822749,-1839352.1452027326
2025-02-24 11:00:00,0.273948352228526,0.2296904926729015,0.5449994605039886,-1835928.6008446224
2025-02-24 12:00:00,0.2836122037247844,0.18954592606686793,0.545171269842878,-1908461.3718251921
2025-02-24 13:00:00,0.273948352228526,0.24244861068614948,0.545343086810554,-1879802.8524043912
2025-02-24 14:00:00,0.2456153732489509,0.20712947509338206,0.5455149113186236,-1818274.4040185113
2025-02-24 15:00:00,0.2005441124810557,0.1946984820474704,0.5456867432786903,-1949996.7444062915
2025-02-24 16:00:00,0.14180610186239218,0.23522542639561417,0.5458585826023529,-1756807.7049532072
2025-02-24 17:00:00,0.07340423974747036,0.2615841751507673,0.5460304292012075,-1995149.394668821
2025-02-24 18:00:00,3.4732477749068425e-17,0.23592258841063973,0.5462022829868457,-2006226.9451130005
2025-02-24 19:00:00,0.0,0.2843748183824879,0.5463741438708557,-2184954.207723819
2025-02-24 20:00:00,0.0,0.23499148656793714,0.5465460117648218,-2158237.897109998
2025-02-24 21:00:00,0.0,0.20929824277815376,0.546717886580325,-2037908.1753640021
2025-02-24 22:00:00,0.0,0.25038391511608954,0.5468897682289426,-2202521.170697816
2025-02-24 23:00:00,0.0,0.260919218412365,0.5470616566222483,-2118260.5195206613
2025-02-25 00:00:00,0.0,0.22850226078039038,0.5472335516718125,-2231574.9087059125
2025-02-25 01:00:00,0.0,0.27405352948245393,0.5474054532892021,-2220670.9213515995
2025-02-25 02:00:00,0.0,0.27257661825189916,0.5475773613859806,-2129633.864039429
2025-02-25 03:00:00,0.0,0.1903850246495148,0.5477492758737083,-2276840.959378415
2025-02-25 04:00:00,0.0,0.19556119791425808,0.5479211966639418,-2245206.9034393844
2025-02-25 05:00:00,0.0,0.23298788079780974,0.5480931236682349,-2174186.912314353
2025-02-25 06:00:00,0.0,0.26098934420052616,0.5482650567981382,-2094412.160780693
2025-02-25 07:00:00,0.07542069762576019,0.2818621932795102,0.5484369959651988,-1978424.5338078053
2025-02-25 08:00:00,0.14570159934692076,0.19638102659347328,0.548608941080961,-1988938.8621843879
2025-02-25 09:00:00,0.20605317785586624,0.2610835483280635,0.548780892056966,-2073210.7406688945
2025-02-25 10:00:00,0.25236257281291113,0.21548514431743385,0.5489528488047518,-1962924.7020932548
2025-02-25 11:00:00,0.28147387548162645,0.20167875196907825,0.5491248112358535,-1738411.7304230377
2025-02-25 12:00:00,0.29140319869384157,0.28667080062600453,0.5492967792618035,-1889458.5460445834
2025-02-25 13:00:00,0.28147387548162645,0.2753427906922596,0.5494687527941311,-1690246.0652031982
2025-02-25 14:00:00,0.2523625728129112,0.28428698529318724,0.5496407317443628,-1836305.526788241
2025-02-25 15:00:00,0.20605317785586627,0.18679207445998405,0.5498127160240224,-1938592.3905104066
2025-02-25 16:00:00,0.14570159934692076,0.24087598390168058,0.5499847055446306,-1891037.054465802
2025-02-25 17:00:00,0.07542069762576027,0.21813144693316033,0.550156700217706,-2125211.699451773
2025-02-25 18:00:00,3.568659945417133e-17,0.19208349475822672,0.5503286999547642,-2020291.331339726
2025-02-25 19:00:00,0.0,0.2370658154416716,0.5505007046673182,-2145232.2304719156
2025-02-25 20:00:00,0.0,0.23115305585325513,0.5506727142668784,-2137918.7457003496
2025-02-25 21:00:00,0.0,0.20897923609889482,0.5508447286649528,-2132133.799145486
2025-02-25 22:00:00,0.0,0.2499157542658911,0.5510167477730471,-2154627.3557596174
2025-02-25 23:00:00,0.0,0.263737689958859,0.551188771502664,-2250830.4138791636
2025-02-26 00:00:00,0.0,0.27978701141997847,0.5513607997653044,-2084687.6954618655
2025-02-26 01:00:00,0.0,0.2538511354192358,0.5515328324724668,-2246381.2915997156
2025-02-26 02:00:00,0.0,0.24901848283679892,0.551704869535647,-2278560.746907819
2025-02-26 03:00:00,0.0,0.26770930987583696,0.551876910866339,-1995829.8415486205
2025-02-26 04:00:00,0.0,0.2789952155827235,0.5520489563760343,-2137103.973186751
2025-02-26 05:00:00,0.0,0.2631705055553728,0.5522210059762227,-2128418.5341829853
2025-02-26 06:00:00,0.0,0.21087679505226303,0.5523930595783914,-2029154.239907552
2025-02-26 07:00:00,0.07745315355804983,0.20995107201611438,0.5525651170940254,-1996747.9974506656
2025-02-26 08:00:00,0.1496280026985067,0.23075953276667116,0.5527371784346086,-1969829.121363118
2025-02-26 09:00:00,0.21160595072702626,0.1948085594601315,0.5529092435116219,-2008659.5245444544
2025-02-26 10:00:00,0.25916330290886674,0.1868345234579681,0.5530813122365449,-1999334.5004439093
2025-02-26 11:00:00,0.28905910428507614,0.2044796281159414,0.5532533845208552,-1852312.976159054
2025-02-26 12:00:00,0.29925600539701347,0.23650745951410357,0.5534254602760283,-1938831.7965677418
2025-02-26 13:00:00,0.28905910428507614,0.21852493101473314,0.5535975394135384,-2003474.1325988742
2025-02-26 14:00:00,0.25916330290886674,0.22131677794831373,0.5537696218448575,-1922453.8720847978
2025-02-26 15:00:00,0.21160595072702632,0.26713519760163756,0.553941707481456,-1857244.0499298656
2025-02-26 16:00:00,0.1496280026985067,0.1861878291132602,0.5541137962348031,-1925599.1503356579
2025-02-26 17:00:00,0.07745315355804991,0.25531742259080653,0.5542858880163658,-2006603.5026453089
2025-02-26 18:00:00,3.664829091350756e-17,0.2869855213634201,0.5544579827376098,-1984579.331940626
2025-02-26 19:00:00,0.0,0.21776170542993742,0.5546300803099994,-2029502.5236944198
2025-02-26 20:00:00,0.0,0.23742940271687646,0.5548021806449971,-1943385.6233646562
2025-02-26 21:00:00,0.0,0.25063107991994293,0.5549742836540642,-2133937.988696383
2025-02-26 22:00:00,0.0,0.20407544369230354,0.5551463892486608,-2049374.1946032706
2025-02-26 23:00:00,0.0,0.28860940380965733,0.5553184973402454,-2122415.540245444
2025-02-27 00:00:00,0.0,0.23562120278483334,0.5554906078402752,-2145286.3734129136
2025-02-27 01:00:00,0.0,0.23692388191637012,0.5556627206602063,-2149011.6802188754
2025-02-27 02:00:00,0.0,0.2897638686736985,0.5558348357114936,-2275897.1165437973
2025-02-27 03:00:00,0.0,0.23673382691090442,0.5560069529055908,-2330191.283001055
2025-02-27 04:00:00,0.0,0.24430299751781523,0.5561790721539505,-2182106.947409792
2025-02-27 05:00:00,0.0,0.2730522039366834,0.5563511933680242,-2109883.2751168036
2025-02-27 06:00:00,0.0,0.2231651429796652,0.5565233164592626,-2206166.2235683477
2025-02-27 07:00:00,0.07950100528378241,0.20631763963114455,0.556695441339115,-1875750.4156329243
2025-02-27 08:00:00,0.1535841484390982,0.2698538603665243,0.5568675679190304,-1829943.7213367117
2025-02-27 09:00:00,0.2172007856880953,0.2332286219369567,0.5570396961104563,-2002800.2955977002
2025-02-27 10:00:00,0.26601554833371843,0.2838183924096477,0.5572118258248399,-1871931.041943336
2025-02-27 11:00:00,0.29670179097187777,0.2743077038806714,0.5573839569736271,-1883058.3422667712
2025-02-27 12:00:00,0.30716829687819647,0.22206495692059144,0.5575560894682634,-1850975.5858866936
2025-02-27 13:00:00,0.29670179097187777,0.24792618909766995,0.5577282232201938,-1921537.5419734728
2025-02-27 14:00:00,0.26601554833371843,0.2367839633407642,0.557900358140862,-1823047.5287853074
2025-02-27 15:00:00,0.21720078568809537,0.2102952281837776,0.5580724941417118,-1822278.9156795265
2025-02-27 16:00:00,0.1535841484390982,0.28021710274552214,0.558244631134186,-2010425.5743291972
2025-02-27 17:00:00,0.0795010052837825,0.2875244881853439,0.558416769029727,-2135795.0385339954
2025-02-27 18:00:00,3.761726715714272e-17,0.25564296874171083,0.5585889077397769,-1924525.776142071
2025-02-27 19:00:00,0.0,0.27571636549410833,0.558761047175777,-2127691.17471567
2025-02-27 20:00:00,0.0,0.1978858087994577,0.5589331872491686,-2140111.647033433
2025-02-27 21:00:00,0.0,0.28513020444546683,0.5591053278713928,-2123997.378613486
2025-02-27 22:00:00,0.0,0.27203820976623033,0.5592774689538896,-2270853.7953939494
2025-02-27 23:00:00,0.0,0.2686780910393889,0.5594496104080998,-2146445.062664327
2025-02-28 00:00:00,0.0,0.2052201105602165,0.5596217521454635,-2145052.6674200958
2025-02-28 01:00:00,0.0,0.24699345732157507,0.5597938940774203,-2162483.233519195
2025-02-28 02:00:00,0.0,0.2817655452384255,0.5599660361154104,-2109826.526816263
2025-02-28 03:00:00,0.0,0.2899682378012042,0.5601381781708736,-2195217.6162414947
2025-02-28 04:00:00,0.0,0.25032357579860554,0.5603103201552496,-2089128.4539729045
2025-02-28 05:00:00,0.0,0.1879722647806895,0.5604824619799784,-2064274.4282929916
2025-02-28 06:00:00,0.0,0.19239229956183293,0.5606546035564999,-1836796.7335551297
2025-02-28 07:00:00,0.08156364598029538,0.2638756474128698,0.560826744796254,-1953017.8600352674
2025-02-28 08:00:00,0.1575688642773317,0.26196268514796317,0.5609988856106812,-2055247.0818030636
2025-02-28 09:00:00,0.22283602486872797,0.28767802826479233,0.5611710259112218,-1802699.146687985
2025-02-28 10:00:00,0.2729172786192632,0.19503402686369575,0.5613431656093165,-1925710.5763841905
2025-02-28 11:00:00,0.3043996708490234,0.21308296584583544,0.5615153046164065,-2065934.0564022975
2025-02-28 12:00:00,0.31513772855466343,0.23097892828270727,0.561687442843933,-1781740.6989137593
2025-02-28 13:00:00,0.3043996708490234,0.22701307643426347,0.5618595802033379,-1836608.947662559
2025-02-28 14:00:00,0.27291727861926324,0.258597483093076,0.5620317166060634,-1913674.5868023727
2025-02-28 15:00:00,0.22283602486872803,0.19649310010025822,0.5622038519635523,-1901594.9673119914
2025-02-28 16:00:00,0.1575688642773317,0.19242483682070868,0.5623759861872477,-1896979.4791121809
2025-02-28 17:00:00,0.08156364598029546,0.2403613282500321,0.5625481191885936,-1957733.6873555453
2025-02-28 18:00:00,3.8593241056503603e-17,0.21573159226534908,0.5627202508790344,-1982045.9370480091
2025-02-28 19:00:00,0.0,0.26221798267610796,0.5628923811700153,-2099790.8390891785
2025-02-28 20:00:00,0.0,0.22535066905560336,0.5630645099729822,-2063948.7746523272
2025-02-28 21:00:00,0.0,0.20249769885309787,0.5632366371993816,-2067750.562846197
2025-02-28 22:00:00,0.0,0.22281026789316558,0.5634087627606611,-2145811.953421855
2025-02-28 23:00:00,0.0,0.21211570583068906,0.5635808865682689,-2238747.352161558
2025-03-01 00:00:00,0.0,0.25495325549792625,0.5637530085336543,-2261604.2302982053
2025-03-01 01:00:00,0.0,0.2767932247203672,0.5639251285682674,-2207962.2716565668
2025-03-01 02:00:00,0.0,0.2190236223255313,0.5640972465835593,-2140828.347970212
2025-03-01 03:00:00,0.0,0.2372283715940598,0.5642693624909823,-2305381.169643853
2025-03-01 04:00:00,0.0,0.20381771778240365,0.5644414762019896,-2154593.918878505
2025-03-01 05:00:00,0.0,0.22140233068850823,0.5646135876280355,-2093500.6161619255
2025-03-01 06:00:00,0.0,0.2962847571394564,0.5647856966805759,-2122595.222310734
2025-03-01 07:00:00,0.0836404644426349,0.2942003911984908,0.5649578032710673,-1933675.4080503245
2025-03-01 08:00:00,0.16158096945590708,0.2159231648709089,0.5651299073109679,-2167759.1907210858
2025-03-01 09:00:00,0.22850999842593664,0.195615381523033,0.565302008711737,-1977894.7985677964
2025-03-01 10:00:00,0.279866448633866,0.2239100280675985,0.5654741073848354,-1957710.6308512464
2025-03-01 11:00:00,0.31215046286857157,0.260477682656103,0.5656462032417252,-1827445.0289985312
2025-03-01 12:00:00,0.3231619389118142,0.21957770760639383,0.5658182961938699,-1832144.532674584
2025-03-01 13:00:00,0.31215046286857157,0.23233926581543304,0.5659903861527348,-1829660.682225161
2025-03-01 14:00:00,0.279866448633866,0.2473918213132016,0.5661624730297864,-1803838.5550048146
2025-03-01 15:00:00,0.22850999842593667,0.2598553367640227,0.566334556736493,-1936853.8896028264
2025-03-01 16:00:00,0.16158096945590708,0.29393000818418374,0.5665066371843243,-1901833.015946703
2025-03-01 17:00:00,0.08364046444263498,0.1915808202193845,0.5666787142847517,-1946505.3948820855
2025-03-01 18:00:00,3.9575923409460575e-17,0.2613016006552,0.5668507879492487,-1921904.2828714936
2025-03-01 19:00:00,0.0,0.23190550482788758,0.5670228580892902,-1993551.0271853118
2025-03-01 20:00:00,0.0,0.22841982816750975,0.567194924616353,-1954208.846312591
2025-03-01 21:00:00,0.0,0.26871825948355194,0.5673669874419159,-1992345.801025163
2025-03-01 22:00:00,0.0,0.24034415204530074,0.5675390464774593,-2084685.1414544394
2025-03-01 23:00:00,0.0,0.26748275113614706,0.5677111016344658,-2131677.0031688744
2025-03-02 00:00:00,0.0,0.19082158377124545,0.5678831528244199,-2091756.6281755122
2025-03-02 01:00:00,0.0,0.26959569608436146,0.5680551999588084,-1969748.3857848754
2025-03-02 02:00:00,0.0,0.26567627077244843,0.5682272429491196,-2180671.6920117256
2025-03-02 03:00:00,0.0,0.25457266969504433,0.5683992817068444,-2148156.5824887967
2025-03-02 04:00:00,0.0,0.2727282961595259,0.568571316143476,-2173632.549806
2025-03-02 05:00:00,0.0,0.2798440901320309,0.5687433461705091,-2213985.3745085904
2025-03-02 06:00:00,0.0,0.20733540150767357,0.5689153716994417,-2121606.963795314
2025-03-02 07:00:00,0.08573084526466918,0.24767089603455106,0.5690873926417732,-1964280.7065188494
2025-03-02 08:00:00,0.16561927510147165,0.2077811725328228,0.5692594089090058,-2022276.9623402467
2025-03-02 09:00:00,0.23422102503890188,0.21551919300786754,0.5694314204126442,-1959304.1350402003
2025-03-02 10:00:00,0.2868609991884761,0.29529076461206777,0.5696034270641952,-1941076.517609926
2025-03-02 11:00:00,0.3199518703035711,0.22688067276967394,0.5697754287751683,-1905910.9313009118
2025-03-02 12:00:00,0.33123855020294335,0.1936060738814658,0.5699474254570757,-1807467.6856475007
2025-03-02 13:00:00,0.3199518703035711,0.24362854267545697,0.5701194170214315,-1914720.1278679061
2025-03-02 14:00:00,0.2868609991884761,0.23951687798578192,0.5702914033797537,-1840066.2318246106
2025-03-02 15:00:00,0.2342210250389019,0.2063777991474534,0.5704633844435616,-1823812.6550562808
2025-03-02 16:00:00,0.16561927510147165,0.25592190507929186,0.5706353601243782,-1828223.528737331
2025-03-02 17:00:00,0.08573084526466927,0.2100700693946811,0.5708073303337288,-2006342.5323117666
2025-03-02 18:00:00,4.0565023026024446e-17,0.22721957392677267,0.5709792949831416,-1891286.6161941749
2025-03-02 19:00:00,0.0,0.22574668414399138,0.5711512539841476,-2088906.726335423
2025-03-02 20:00:00,0.0,0.22397304702428833,0.5713232072482809,-2051491.4764312876
2025-03-02 21:00:00,0.0,0.25347120203744894,0.5714951546870786,-2014863.3352626143
2025-03-02 22:00:00,0.0,0.22193219475859852,0.5716670962120803,-2083205.8284406827
2025-03-02 23:00:00,0.0,0.24274650679331491,0.5718390317348293,-2230925.248475582
2025-03-03 00:00:00,0.0,0.27949955546199795,0.5720109611668714,-2159818.276083669
2025-03-03 01:00:00,0.0,0.18716536225531294,0.5721828844197562,-2185658.0460500484
2025-03-03 02:00:00,0.0,0.2794544950716945,0.5723548014050357,-2163220.5437036036
2025-03-03 03:00:00,0.0,0.22009151116131176,0.5725267120342655,-2143591.634259388
2025-03-03 04:00:00,0.0,0.2570133429722949,0.5726986162190049,-2210462.367703352
2025-03-03 05:00:00,0.0,0.23091611197732256,0.5728705138708156,-2032368.6935235052
2025-03-03 06:00:00,0.0,0.2899538848569185,0.5730424049012635,-2072861.900816147
2025-03-03 07:00:00,0.08783416902144654,0.22757734500468532,0.5732142892219173,-2002090.4823855392
2025-03-03 08:00:00,0.16968258457690885,0.29389594004225517,0.5733861667443497,-1870870.1818726521
2025-03-03 09:00:00,0.23996741240718428,0.2374462852430559,0.5735580373801364,-1905552.3041332494
2025-03-03 10:00:00,0.29389885764680934,0.20392055738768577,0.5737299010408569,-1910155.2653529602
2025-03-03 11:00:00,0.32780158142863086,0.2501221154755329,0.5739017576380943,-1863699.3655899777
2025-03-03 12:00:00,0.33936516915381776,0.23435050622830939,0.5740736070834352,-1774565.9120240838
2025-03-03 13:00:00,0.32780158142863086,0.21905031733743804,0.57424544928847,-1806804.504891878
2025-03-03 14:00:00,0.29389885764680934,0.213288740263865,0.5744172841647929,-1874789.7460448837
2025-03-03 15:00:00,0.2399674124071843,0.2841121498361932,0.5745891116240014,-1842439.6968107063
2025-03-03 16:00:00,0.16968258457690885,0.26222413307273157,0.5747609315776975,-1847332.3058431444
2025-03-03 17:00:00,0.08783416902144663,0.2867592655260839,0.5749327439374866,-2022792.9948182886
2025-03-03 18:00:00,4.15602468146323e-17,0.21052615829737753,0.5751045486149783,-1934896.670879075
2025-03-03 19:00:00,0.0,0.28742151600320376,0.5752763455217856,-2055482.7996524123
2025-03-03 20:00:00,0.0,0.21404671350696658,0.5754481345695264,-1847228.3279008954
2025-03-03 21:00:00,0.0,0.2722250576608842,0.5756199156698217,-1998657.6353959276
2025-03-03 22:00:00,0.0,0.2120213533014217,0.5757916887342972,-2172378.5025358903
2025-03-03 23:00:00,0.0,0.24656380755816343,0.5759634536745825,-2066722.6275856968
2025-03-04 00:00:00,0.0,0.25077778126787154,0.5761352104023114,-2227560.3108204505
2025-03-04 01:00:00,0.0,0.2118708050967547,0.5763069588291222,-2159205.543075595
2025-03-04 02:00:00,0.0,0.28841016310849266,0.5764786988666569,-2168568.037855298
2025-03-04 03:00:00,0.0,0.25694889935791954,0.5766504304265624,-2190859.113416055
2025-03-04 04:00:00,0.0,0.20874802750455512,0.5768221534204895,-2145005.8406096622
2025-03-04 05:00:00,0.0,0.25607180721314965,0.5769938677600936,-2158890.506709631
2025-03-04 06:00:00,0.0,0.2908981750557273,0.5771655733570348,-2046230.6587771492
2025-03-04 07:00:00,0.0899498124527444,0.2923230442944782,0.5773372701229772,-2016959.0270326615
2025-03-04 08:00:00,0.17376969383592772,0.2978797645606347,0.57750895796959,-1898982.5461529912
2025-03-04 09:00:00,0.24574745775218942,0.2530616468371758,0.5776806368085464,-1807505.9540946735
2025-03-04 10:00:00,0.3009779385395152,0.22459397281789184,0.5778523065515246,-1794983.205956057
2025-03-04 11:00:00,0.33569727020493384,0.19533704221927284,0.5780239671102076,-1892276.0811154423
2025-03-04 12:00:00,0.3475393876718555,0.2789812477321306,0.5781956183962826,-1697473.1128529238
2025-03-04 13:00:00,0.33569727020493384,0.255899973968924,0.5783672603214423,-1933398.2711097412
2025-03-04 14:00:00,0.3009779385395152,0.2971098212363295,0.5785388927973835,-1831710.3578117178
2025-03-04 15:00:00,0.24574745775218945,0.268859549556464,0.5787105157358082,-1831742.9946418153
2025-03-04 16:00:00,0.17376969383592772,0.22553268500365695,0.5788821290484234,-1802032.3891592403
2025-03-04 17:00:00,0.0899498124527445,0.2738593869608926,0.5790537326469408,-1904777.2474861427
2025-03-04 18:00:00,4.256129986899689e-17,0.22438099562321723,0.5792253264430774,-1933557.7964122084
2025-03-04 19:00:00,0.0,0.25679631492428207,0.5793969103485551,-1927964.4826864004
2025-03-04 20:00:00,0.0,0.2595241951074693,0.5795684842751008,-2001870.5854992406
2025-03-04 21:00:00,0.0,0.197399131145604,0.5797400481344465,-2006081.5776244937
2025-03-04 22:00:00,0.0,0.2864014371960455,0.5799116018383295,-2089746.3966339352
2025-03-04 23:00:00,0.0,0.19388879769097592,0.5800831452984924,-2159120.6684897514
2025-03-05 00:00:00,0.0,0.27276195825556865,0.5802546784266829,-2054490.4690345523
2025-03-05 01:00:00,0.0,0.2809570103590517,0.5804262011346542,-2085168.114944426
2025-03-05 02:00:00,0.0,0.2523753288508627,0.5805977133341645,-2046871.4856776034
2025-03-05 03:00:00,0.0,0.29617702457144274,0.580769214936978,-2015198.4179521957
2025-03-05 04:00:00,0.0,0.1930767313743851,0.5809407058548638,-2103437.172806969
2025-03-05 05:00:00,0.0,0.23760335731129678,0.5811121859995967,-2000322.467777346
2025-03-05 06:00:00,0.0,0.2889146302503664,0.5812836552829571,-1956050.5090580902
2025-03-05 07:00:00,0.09207714864775474,0.28247751633267704,0.5814551136167309,-2088635.9332243388
2025-03-05 08:00:00,0.1778793917798477,0.2029080371617305,0.5816265609127097,-1938418.0565724282
2025-03-05 09:00:00,0.2515594483217379,0.2511832859374399,0.5817979970826908,-1889018.2785294254
2025-03-05 10:00:00,0.308096144182146,0.3017608166269584,0.5819694220384769,-1852878.5598942887
2025-03-05 11:00:00,0.34363659696949267,0.22647187250379297,0.5821408356918771,-1958940.8863703834
2025-03-05 12:00:00,0.3557587835596955,0.2983117200790201,0.5823122379547058,-1993107.5032416559
2025-03-05 13:00:00,0.34363659696949267,0.1910765464552422,0.5824836287387833,-1905951.734587565
2025-03-05 14:00:00,0.30809614418214604,0.19058789536023224,0.5826550079559362,-1885870.8107759922
2025-03-05 15:00:00,0.25155944832173793,0.2644564521035819,0.5828263755179964,-1914974.1056778282
2025-03-05 16:00:00,0.1778793917798477,0.20780461829740093,0.5829977313368024,-1934469.8593451185
2025-03-05 17:00:00,0.09207714864775483,0.29020455476348095,0.5831690753241986,-1856394.404751216
2025-03-05 18:00:00,4.356788555549371e-17,0.20248112728936932,0.5833404073920352,-1941613.75067212
2025-03-05 19:00:00,0.0,0.23565935954971692,0.5835117274521687,-2031990.3047877394
2025-03-05 20:00:00,0.0,0.19634535645535456,0.5836830354164619,-2012737.9859065008
2025-03-05 21:00:00,0.0,0.29889737379956194,0.5838543311967838,-1921312.5186282792
2025-03-05 22:00:00,0.0,0.19792840820717106,0.5840256147050095,-2172227.0984924925
2025-03-05 23:00:00,0.0,0.20137393590973113,0.5841968858530205,-2184930.396548618
2025-03-06 00:00:00,0.0,0.28571489673770706,0.5843681445527047,-2061463.2102566587
2025-03-06 01:00:00,0.0,0.2600525726691502,0.5845393907159564,-2105181.4466864546
2025-03-06 02:00:00,0.0,0.2251729046791991,0.5847106242546762,-2214290.236991588
2025-03-06 03:00:00,0.0,0.1991437381087413,0.5848818450807716,-2228689.3983755116
2025-03-06 04:00:00,0.0,0.27278580767311933,0.5850530531061559,-2094599.5564036765
2025-03-06 05:00:00,0.0,0.2299620077875368,0.5852242482427498,-1985362.0263494104
2025-03-06 06:00:00,0.0,0.23716788844856437,0.5853954304024801,-2026307.5996465448
2025-03-06 07:00:00,0.09421554723085133,0.18969599438667628,0.5855665994972806,-1924653.1011172317
2025-03-06 08:00:00,0.1820104606164736,0.30260620432554747,0.5857377554390916,-1865478.4791390728
2025-03-06 09:00:00,0.25740166189759106,0.23596092808127056,0.5859088981398601,-1952759.970610549
2025-03-06 10:00:00,0.31525136529674647,0.2636303092064162,0.5860800275115402,-1838886.7336660593
2025-03-06 11:00:00,0.35161720912844247,0.25354434405031906,0.5862511434660928,-1889193.6591579514
2025-03-06 12:00:00,0.36402092123294727,0.19215656057184197,0.5864222459154853,-1823197.0470168118
2025-03-06 13:00:00,0.35161720912844247,0.215982439528235,0.5865933347716926,-1898437.1600564623
2025-03-06 14:00:00,0.3152513652967465,0.2715113734727957,0.5867644099466963,-1799381.6272781102
2025-03-06 15:00:00,0.2574016618975911,0.2628046192274465,0.5869354713524851,-1769915.863135018
2025-03-06 16:00:00,0.1820104606164736,0.20414735366235215,0.5871065189010548,-1819637.8122901714
2025-03-06 17:00:00,0.09421554723085143,0.21298185365628808,0.587277552504408,-1983081.9480647407
2025-03-06 18:00:00,4.457970560105996e-17,0.26388719923154674,0.5874485720745553,-1878291.374984847
2025-03-06 19:00:00,0.0,0.29904223711325584,0.5876195775235135,-1986984.3943284217
2025-03-06 20:00:00,0.0,0.21180685744465777,0.5877905687633075,-1989597.2615656734
2025-03-06 21:00:00,0.0,0.2845522320840152,0.587961545705969,-2060256.507342683
2025-03-06 22:00:00,0.0,0.2539282222178585,0.5881325082635372,-2117565.0093071577
2025-03-06 23:00:00,0.0,0.2880300965825643,0.5883034563480589,-2182062.543256983
2025-03-07 00:00:00,0.0,0.20125622893245923,0.588474389871588,-2076513.8965011546
2025-03-07 01:00:00,0.0,0.2702543703242685,0.588645308746186,-2219845.58977033
2025-03-07 02:00:00,0.0,0.2864848127649981,0.5888162128839224,-2103834.5445828508
2025-03-07 03:00:00,0.0,0.1993684681147594,0.5889871021968733,-2109323.6156289116
2025-03-07 04:00:00,0.0,0.21769635678012791,0.5891579765971234,-2190035.590101033
2025-03-07 05:00:00,0.0,0.29447509725629833,0.5893288359967647,-2100874.057961699
2025-03-07 06:00:00,0.0,0.20085522612087595,0.5894996803078966,-2116428.068624683
2025-03-07 07:00:00,0.09636437454838352,0.19473989102393155,0.5896705094426268,-1904833.1801190753
2025-03-07 08:00:00,0.18616167622095323,0.29637317474479125,0.5898413233130705,-1915780.9198477697
2025-03-07 09:00:00,0.26327236730578096,0.2585828106820873,0.5900121218313509,-1849440.449929229
2025-03-07 10:00:00,0.3224414816368779,0.27737898640747255,0.5901829049095987,-1830466.1037483478
2025-03-07 11:00:00,0.35963674185416455,0.20500615325983662,0.5903536724599533,-1838398.2468514387
2025-03-07 12:00:00,0.3723233524419065,0.2085673079794014,0.5905244243945614,-1813926.8945380307
2025-03-07 13:00:00,0.35963674185416455,0.19087558603932697,0.5906951606255778,-1857776.5795039132
2025-03-07 14:00:00,0.32244148163687797,0.3006884368243392,0.590865881065166,-1785406.8556143194
2025-03-07 15:00:00,0.263272367305781,0.3010630026529418,0.591036585625497,-1863279.9978069498
2025-03-07 16:00:00,0.18616167622095323,0.19808800651872638,0.5912072742187501,-1903590.8328568295
2025-03-07 17:00:00,0.09636437454838363,0.24257228737388647,0.5913779467571127,-1831920.8487161926
2025-03-07 18:00:00,4.559646018157927e-17,0.2874374611734524,0.591548603152781,-2076085.6682969271
2025-03-07 19:00:00,0.0,0.21183754170368743,0.5917192433179589,-2027712.7351873708
2025-03-07 20:00:00,0.0,0.24215745528918126,0.5918898671648588,-1945278.073294072
2025-03-07 21:00:00,0.0,0.2337275231668688,0.5920604746057019,-2070600.6199704069
2025-03-07 22:00:00,0.0,0.27289973927598893,0.5922310655527172,-2110368.9548634663
2025-03-07 23:00:00,0.0,0.2935634640912465,0.5924016399181427,-2087362.1522195248
2025-03-08 00:00:00,0.0,0.20955576937453557,0.5925721976142245,-2127265.8965183035
2025-03-08 01:00:00,0.0,0.2093737317471371,0.5927427385532179,-2079916.413705609
2025-03-08 02:00:00,0.0,0.20412003513962637,0.5929132626473861,-2292566.169995034
2025-03-08 03:00:00,0.0,0.27205774592301174,0.5930837698090013,-2081915.5004928818
2025-03-08 04:00:00,0.0,0.269005278292742,0.5932542599503446,-2186012.5476067807
2025-03-08 05:00:00,0.0,0.22320964049832967,0.5934247329837056,-2033492.4677052472
2025-03-08 06:00:00,0.0,0.2621848385154059,0.5935951888213826,-1984899.7583419902
2025-03-08 07:00:00,0.09852299385644168,0.2589085978909739,0.5937656273756832,-2057815.8197583684
2025-03-08 08:00:00,0.19033180849851244,0.2960058791667734,0.5939360485589233,-1926555.6354887919
2025-03-08 09:00:00,0.269169824929595,0.25434194117876835,0.5941064522834283,-1948678.453218127
2025-03-08 10:00:00,0.32966436261589344,0.20067714729118225,0.5942768384615321,-1758141.5639048582
2025-03-08 11:00:00,0.36769281878603677,0.24170950915718908,0.5944472070055781,-1736466.1602802416
2025-03-08 12:00:00,0.38066361699702495,0.2385447022523701,0.5946175578279183,-2053725.7573013147
2025-03-08 13:00:00,0.36769281878603677,0.2284908474030862,0.594787890840914,-1873337.0837265346
2025-03-08 14:00:00,0.32966436261589344,0.2977335736043088,0.5949582059569359,-1696108.7933278913
2025-03-08 15:00:00,0.26916982492959507,0.2457401931017793,0.5951285030883636,-1887417.6003525062
2025-03-08 16:00:00,0.19033180849851244,0.23783741772412847,0.5952987821475862,-1799394.3094141078
2025-03-08 17:00:00,0.09852299385644178,0.23970405195562036,0.5954690430470018,-1891858.0346609217
2025-03-08 18:00:00,4.661784801072606e-17,0.20077919591272622,0.5956392856990179,-1995690.932850842
2025-03-08 19:00:00,0.0,0.29468963889615435,0.5958095100160518,-1970591.569277302
2025-03-08 20:00:00,0.0,0.3008109803318557,0.5959797159105297,-1879453.9791109934
2025-03-08 21:00:00,0.0,0.21344492603326126,0.5961499032948874,-1938377.889821081
2025-03-08 22:00:00,0.0,0.29000406587579247,0.5963200720815705,-2106947.661133362
2025-03-08 23:00:00,0.0,0.26339487231493547,0.596490222183034,-2075574.165631137
2025-03-09 00:00:00,0.0,0.19861353497830458,0.5966603535117424,-2097538.6609505736
2025-03-09 01:00:00,0.0,0.22882976107179714,0.5968304659801701,-2132416.9687400763
2025-03-09 02:00:00,0.0,0.29932280039390957,0.5970005595008011,-2109682.096260039
2025-03-09 03:00:00,0.0,0.23634437190194393,0.5971706339861287,-2170687.1084939595
2025-03-09 04:00:00,0.0,0.3058047487991009,0.5973406893486568,-2073325.054272349
2025-03-09 05:00:00,0.0,0.25430993792927764,0.5975107255008986,-1934706.0133358513
2025-03-09 06:00:00,0.0,0.2931021542478789,0.5976807423553773,-1978244.2108154208
2025-03-09 07:00:00,0.100690765509538,0.2835027888561161,0.5978507398246261,-2121529.9462292967
2025-03-09 08:00:00,0.1945196217489586,0.294978001771038,0.5980207178211882,-1990590.4764838782
2025-03-09 09:00:00,0.27509228722506174,0.22795201795782072,0.5981906762576167,-1920737.5529133766
2025-03-09 10:00:00,0.3369178679382763,0.27576649855568025,0.5983606150464745,-1831195.1422160885
2025-03-09 11:00:00,0.3757830527345998,0.3040390691096868,0.5985305341003355,-1811161.919592993
2025-03-09 12:00:00,0.38903924349791724,0.2828189880893263,0.5987004333317826,-1818084.2580069485
2025-03-09 13:00:00,0.3757830527345998,0.25968638919683185,0.5988703126534098,-1940142.880536303
2025-03-09 14:00:00,0.3369178679382763,0.2244649088203067,0.5990401719778209,-1867996.700915678
2025-03-09 15:00:00,0.2750922872250618,0.2198518375703171,0.5992100112176301,-1948561.2280335508
2025-03-09 16:00:00,0.1945196217489586,0.23428936104680434,0.5993798302854619,-1965794.3650757289
2025-03-09 17:00:00,0.1006907655095381,0.2987857741206239,0.5995496290939513,-1860717.2003385166
2025-03-09 18:00:00,4.764356642924321e-17,0.23857137136980675,0.5997194075557435,-1957724.8815693501
2025-03-09 19:00:00,0.0,0.259185065235851,0.5998891655834944,-2016368.7367743554
2025-03-09 20:00:00,0.0,0.26133955018939126,0.6000589030898702,-2021927.3378551225
2025-03-09 21:00:00,0.0,0.195097390834443,0.6002286199875478,-1972452.1894793308
2025-03-09 22:00:00,0.0,0.2501122172167378,0.6003983161892148,-2212708.237016313
2025-03-09 23:00:00,0.0,0.2704242534625529,0.6005679916075692,-2028912.1286297513
2025-03-10 00:00:00,0.0,0.3070850748526515,0.6007376461553197,-1974703.783026528
2025-03-10 01:00:00,0.0,0.22896769424074137,0.600907279745186,-2115007.8223535623
2025-03-10 02:00:00,0.0,0.19790693528244008,0.6010768922898984,-2149061.456358331
2025-03-10 03:00:00,0.0,0.20012613382189254,0.601246483702198,-2149650.5346161546
2025-03-10 04:00:00,0.0,0.25402587853380976,0.6014160538948369,-1969625.4901631018
2025-03-10 05:00:00,0.0,0.2649151912374919,0.6015856027805779,-1934821.852223247
2025-03-10 06:00:00,0.0,0.29045395669395774,0.6017551302721951,-2100365.2749014893
2025-03-10 07:00:00,0.10286704715014731,0.1963643576986275,0.6019246362824733,-1947012.0875692943
2025-03-10 08:00:00,0.19872387503284517,0.26534954355520474,0.6020941207242084,-1935607.3116595277
2025-03-10 09:00:00,0.28103799923878575,0.26836148630838275,0.6022635835102075,-1936322.9416141121
2025-03-10 10:00:00,0.34419984823385613,0.2858548912523939,0.6024330245532888,-1832059.6392413874
2025-03-10 11:00:00,0.3839050463889331,0.23117310684178605,0.6026024437662819,-1807505.0615493332
2025-03-10 12:00:00,0.3974477500656904,0.2614483895685333,0.6027718410620271,-1924894.6714206825
2025-03-10 13:00:00,0.3839050463889331,0.217166538316742,0.6029412163533764,-1802695.242995108
2025-03-10 14:00:00,0.3441998482338562,0.2342315006077602,0.6031105695531929,-1653565.6050443952
2025-03-10 15:00:00,0.2810379992387858,0.2579868375017366,0.6032799005743513,-1844704.6887037952
2025-03-10 16:00:00,0.19872387503284517,0.26347802469668763,0.6034492093297378,-1891137.9194889267
2025-03-10 17:00:00,0.10286704715014743,0.2937573101755151,0.6036184957322493,-1960467.759229071
2025-03-10 18:00:00,4.86733114946265e-17,0.22911715390271073,0.6037877596947953,-1971897.2803037588
2025-03-10 19:00:00,0.0,0.2743390479538229,0.6039570011302958,-1966513.819329442
2025-03-10 20:00:00,0.0,0.25262808961371513,0.6041262199516834,-1915924.323306083
2025-03-10 21:00:00,0.0,0.19835008685871064,0.6042954160719013,-2032382.5126478116
2025-03-10 22:00:00,0.0,0.2994039650276088,0.604464589403905,-2146560.767441094
2025-03-10 23:00:00,0.0,0.21490651769571023,0.6046337398606619,-1987088.7952060627
2025-03-11 00:00:00,0.0,0.19702521888376007,0.6048028673551507,-2090804.22723923
2025-03-11 01:00:00,0.0,0.23142131126037613,0.6049719718003619,-2151420.663486802
2025-03-11 02:00:00,0.0,0.29895631797247624,0.6051410531092983,-2091306.69260445
2025-03-11 03:00:00,0.0,0.24387382637106444,0.6053101111949744,-2081500.4568432528
2025-03-11 04:00:00,0.0,0.26180231762385103,0.6054791459704163,-2036022.5099180595
2025-03-11 05:00:00,0.0,0.2899512340642906,0.6056481573486625,-2017748.633653125
2025-03-11 06:00:00,0.0,0.3053228600380047,0.6058171452427636,-1957731.5208805595
2025-03-11 07:00:00,0.10505119389905151,0.3067966895813233,0.6059861095657821,-1946534.6626290195
2025-03-11 08:00:00,0.20294332253918893,0.24382664614561933,0.6061550502307925,-1858075.5922652178
2025-03-11 09:00:00,0.2870051991279784,0.20332931524054235,0.6063239671508815,-1860651.0866675319
2025-03-11 10:00:00,0.35150814569471334,0.2883877637371406,0.6064928602391484,-1822539.70398153
2025-03-11 11:00:00,0.39205639302703,0.20413172628049164,0.6066617294087043,-1796373.1267561258
2025-03-11 12:00:00,0.4058866450783779,0.23309228251397673,0.6068305745726729,-1722436.7745181317
2025-03-11 13:00:00,0.39205639302703,0.20007158576944428,0.6069993956441899,-1885498.238040379
2025-03-11 14:00:00,0.3515081456947134,0.20367337365670576,0.607168192536404,-1658328.1724196065
2025-03-11 15:00:00,0.28700519912797845,0.3008972347453456,0.6073369651624757,-1838367.1325399557
2025-03-11 16:00:00,0.20294332253918893,0.21220470946455028,0.6075057134355784,-1839922.1892448415
2025-03-11 17:00:00,0.10505119389905163,0.22817039504706327,0.6076744372688977,-2106252.909456388
2025-03-11 18:00:00,4.970677807118933e-17,0.3054942296084697,0.6078431365756322,-1850720.6851151134
2025-03-11 19:00:00,0.0,0.2605017587931521,0.6080118112689927,-1928389.7124196342
2025-03-11 20:00:00,0.0,0.24609094888927321,0.6081804612622029,-2090833.6024950016
2025-03-11 21:00:00,0.0,0.2886786325823759,0.6083490864684992,-2023806.185719642
2025-03-11 22:00:00,0.0,0.24622370589895615,0.6085176868011306,-2156229.767405964
2025-03-11 23:00:00,0.0,0.2187321279748444,0.6086862621733591,-2080732.7228843814
2025-03-12 00:00:00,0.0,0.282565733540687,0.6088548124984592,-2086182.107908051
2025-03-12 01:00:00,0.0,0.21164194470005265,0.6090233376897187,-2097106.2499573892
2025-03-12 02:00:00,0.0,0.22125814394035484,0.6091918376604383,-2061334.0512238361
2025-03-12 03:00:00,0.0,0.26120556785439814,0.6093603123239313,-2159724.0782451723
2025-03-12 04:00:00,0.0,0.27472077510642834,0.6095287615935243,-1967818.0978132705
2025-03-12 05:00:00,0.0,0.26709363983090334,0.6096971853825569,-2019694.3412184704
2025-03-12 06:00:00,0.0,0.26566652361489773,0.6098655836043818,-1954998.7916414833
2025-03-12 07:00:00,0.10724255854643115,0.286614378329892,0.6100339561723651,-1898334.6915300423
2025-03-12 08:00:00,0.20717671395463058,0.3076895756619842,0.6102023029998855,-1808358.4225678379
2025-03-12 09:00:00,0.29299211868252983,0.20756256215180113,0.6103706240003357,-1945063.9700231962
2025-03-12 10:00:00,0.35884059471458424,0.22771823427541849,0.610538919087121,-1912954.7213612895
2025-03-12 11:00:00,0.40023467722896106,0.26768783649157374,0.6107071881736603,-1789798.656426634
2025-03-12 12:00:00,0.4143534279092612,0.25663505648764434,0.6108754311733862,-2025495.5322612817
2025-03-12 13:00:00,0.40023467722896106,0.25768700611544715,0.6110436479997442,-1854378.4513303176
2025-03-12 14:00:00,0.35884059471458424,0.2685521901701634,0.6112118385661937,-1857619.3661324077
2025-03-12 15:00:00,0.2929921186825299,0.257757905237169,0.611380002786207,-1967052.5871882942
2025-03-12 16:00:00,0.20717671395463058,0.253251814242124,0.6115481405732708,-1775263.2742766212
2025-03-12 17:00:00,0.10724255854643126,0.2743225468277474,0.6117162518408847,-1750313.0798426052
2025-03-12 18:00:00,5.0743659920481034e-17,0.21174266903329683,0.6118843365025624,-1917227.8545287948
2025-03-12 19:00:00,0.0,0.2030888668688023,0.6120523944718308,-1916116.7974787299
2025-03-12 20:00:00,0.0,0.21690335233340508,0.612220425662231,-2067021.2487823286
2025-03-12 21:00:00,0.0,0.2923896651364649,0.6123884299873177,-1956861.7030718646
2025-03-12 22:00:00,0.0,0.25593970033795477,0.6125564073606594,-2139415.9244288616
2025-03-12 23:00:00,0.0,0.2959007589970836,0.6127243576958384,-2125126.2710822425
2025-03-13 00:00:00,0.0,0.2469369446689691,0.6128922809064512,-2118473.281749088
2025-03-13 01:00:00,0.0,0.22248618190308053,0.6130601769061079,-2085900.2573517493
2025-03-13 02:00:00,0.0,0.2869764301104527,0.6132280456084326,-2154611.6155040013
2025-03-13 03:00:00,0.0,0.27216877130447825,0.6133958869270638,-2123654.956586302
2025-03-13 04:00:00,0.0,0.29947142869450344,0.6135637007756539,-2056491.7378198456
2025-03-13 05:00:00,0.0,0.22491514588298767,0.6137314870678692,-1931029.2935093367
2025-03-13 06:00:00,0.0,0.29749700233700244,0.6138992457173907,-2001914.2788262763
2025-03-13 07:00:00,0.1094404917436477,0.22349604930786118,0.614066976637913,-1818105.9252889608
2025-03-13 08:00:00,0.2114227948339297,0.19438702025628696,0.6142346797431455,-2138180.0805968535
2025-03-13 09:00:00,0.2989969838489677,0.22071431712766182,0.6144023549468114,-1909947.9454852159
2025-03-13 10:00:00,0.366195022530577,0.25681278411287056,0.6145700021626488,-1840807.8057422945
2025-03-13 11:00:00,0.40843747559261545,0.26601997548763123,0.6147376213044098,-1741700.153803967
2025-03-13 12:00:00,0.42284558966785946,0.26084430295506594,0.6149052122858611,-1904139.9453779026
2025-03-13 13:00:00,0.40843747559261545,0.2180178130574628,0.6150727750207841,-1733364.4016716552
2025-03-13 14:00:00,0.36619502253057706,0.25226568769686086,0.615240309422974,-1790759.479048202
2025-03-13 15:00:00,0.2989969838489678,0.2510352789897852,0.6154078154062415,-1827345.7390328825
2025-03-13 16:00:00,0.2114227948339297,0.25306440685359327,0.6155752928844114,-1816961.561391438
2025-03-13 17:00:00,0.10944049174364781,0.2577047232085125,0.615742741771323,-1938296.2488774154
2025-03-13 18:00:00,5.178364979203192e-17,0.19501981461991846,0.615910161980831,-1888686.1647876485
2025-03-13 19:00:00,0.0,0.2000612385893061,0.6160775534268041,-1945565.4200604798
2025-03-13 20:00:00,0.0,0.21366933645406078,0.6162449160231263,-1962642.560823286
2025-03-13 21:00:00,0.0,0.25759339254933805,0.6164122496836961,-2026784.6503074216
2025-03-13 22:00:00,0.0,0.2382713373040075,0.6165795543224271,-2094155.7279919959
2025-03-13 23:00:00,0.0,0.21007300589188765,0.6167468298532479,-2092136.913154212
2025-03-14 00:00:00,0.0,0.2077505561562863,0.6169140761901017,-2119608.2011517496
2025-03-14 01:00:00,0.0,0.20812551041855662,0.6170812932469473,-2007754.108381415
2025-03-14 02:00:00,0.0,0.2035215946566948,0.617248480937758,-2048464.608275262
2025-03-14 03:00:00,0.0,0.2982065976051497,0.6174156391765223,-2010980.4933649362
2025-03-14 04:00:00,0.0,0.23153748857032797,0.6175827678772444,-2140663.4583793627
2025-03-14 05:00:00,0.0,0.2848130436427005,0.617749866953943,-1930171.1665885416
2025-03-14 06:00:00,0.0,0.2566150145759636,0.6179169363206524,-2101285.577801592
2025-03-14 07:00:00,0.1116443421956595,0.29464625685048457,0.6180839758914222,-1886694.725934501
2025-03-14 08:00:00,0.21568030697168378,0.3106577899666638,0.6182509855803171,-1961831.6831952978
2025-03-14 09:00:00,0.30501801525614763,0.3097725825505864,0.6184179653014175,-1847839.1118071675
2025-03-14 10:00:00,0.3735692498670083,0.2193689575805948,0.6185849149688187,-1808158.6074090349
2025-03-14 11:00:00,0.4166623574518072,0.2758870531588266,0.6187518344966322,-1835011.0231162438
2025-03-14 12:00:00,0.4313606139433676,0.2009748872604556,0.6189187237989842,-1807586.0429210013
2025-03-14 13:00:00,0.4166623574518072,0.21653443746668524,0.6190855827900172,-1808105.9336881808
2025-03-14 14:00:00,0.3735692498670083,0.24974365309844596,0.619252411383889,-1776092.0411570382
2025-03-14 15:00:00,0.3050180152561477,0.24752949234874003,0.6194192094947726,-1755323.6847783618
2025-03-14 16:00:00,0.21568030697168378,0.21899004541330372,0.6195859770368572,-1831929.3838720743
2025-03-14 17:00:00,0.11164434219565962,0.2728891368687109,0.6197527139243477,-1877747.9219734669
2025-03-14 18:00:00,5.282643951439823e-17,0.24066813737830414,0.6199194200714647,-1959605.859617301
2025-03-14 19:00:00,0.0,0.22013682234548188,0.6200860953924444,-2032047.8666579516
2025-03-14 20:00:00,0.0,0.31051236777314994,0.6202527398015392,-2019240.3859884045
2025-03-14 21:00:00,0.0,0.2036422616558753,0.6204193532130171,-2032796.5493558676
2025-03-14 22:00:00,0.0,0.2628116537691469,0.6205859355411624,-2163234.6998609263
2025-03-14 23:00:00,0.0,0.21126641538146804,0.6207524867002748,-2072499.746343096
2025-03-15 00:00:00,0.0,0.22048585700438386,0.6209190066046708,-2175447.2189625385
2025-03-15 01:00:00,0.0,0.2233213674901501,0.6210854951686824,-2100829.7626805343
2025-03-15 02:00:00,0.0,0.30043025347868924,0.6212519523066579,-2136303.700316411
2025-03-15 03:00:00,0.0,0.30595447149441113,0.6214183779329617,-2167327.9500699122
2025-03-15 04:00:00,0.0,0.20014695272171337,0.6215847719619749,-2208028.0927748205
2025-03-15 05:00:00,0.0,0.27844178447473084,0.621751134308094,-2038441.5477687404
2025-03-15 06:00:00,0.0,0.30925178666101644,0.6219174648857324,-2060777.4156381986
2025-03-15 07:00:00,0.11385345685401467,0.24886398950312127,0.6220837636093197,-2036912.9746434905
2025-03-15 08:00:00,0.2199479887751618,0.22248440455593044,0.622250030393302,-2081683.1343319693
2025-03-15 09:00:00,0.3110534287425191,0.29700711924242573,0.6224162651521415,-1856619.3433683524
2025-03-15 10:00:00,0.38096109158116936,0.28143641854584694,0.6225824678003173,-1923760.2835980197
2025-03-15 11:00:00,0.42490688559653383,0.29001799626366204,0.6227486382523246,-1783226.1543683677
2025-03-15 12:00:00,0.43989597755032367,0.2802354395129862,0.6229147764226756,-1747761.3319435625
2025-03-15 13:00:00,0.42490688559653383,0.27444754074301997,0.6230808822258986,-1669377.204387872
2025-03-15 14:00:00,0.3809610915811694,0.23348536966487832,0.623246955576539,-1868099.8873362998
2025-03-15 15:00:00,0.3110534287425192,0.23915222600970007,0.6234129963891587,-1817032.8020658416
2025-03-15 16:00:00,0.2199479887751618,0.24270384642427134,0.6235790045783364,-1764114.031632672
2025-03-15 17:00:00,0.1138534568540148,0.2924901585380101,0.6237449800586674,-1800947.0744465934
2025-03-15 18:00:00,5.3871720086479985e-17,0.30406129794454,0.6239109227447642,-2009873.7821247403
2025-03-15 19:00:00,0.0,0.27914082309619315,0.6240768325512558,-1847107.0765937876
2025-03-15 20:00:00,0.0,0.2314989420996296,0.6242427093927884,-2057230.028657748
2025-03-15 21:00:00,0.0,0.24652808986264244,0.6244085531840247,-2065756.5351498472
2025-03-15 22:00:00,0.0,0.2616567228847422,0.624574363839645,-2006749.9828223798
2025-03-15 23:00:00,0.0,0.20575247891577533,0.6247401412743465,-2212302.5509400875
2025-03-16 00:00:00,0.0,0.23712589511865878,0.6249058854028431,-2148781.6174985967
2025-03-16 01:00:00,0.0,0.24209784600125342,0.6250715961398661,-2091800.2613483232
2025-03-16 02:00:00,0.0,0.2308282028723888,0.6252372734001641,-2035843.7335608588
2025-03-16 03:00:00,0.0,0.2158620464133929,0.6254029170985027,-2040114.0014554856
2025-03-16 04:00:00,0.0,0.24336781739683322,0.6255685271496648,-2026399.2373093113
2025-03-16 05:00:00,0.0,0.20527715303431915,0.6257341034684508,-2001623.191980035
2025-03-16 06:00:00,0.0,0.23468330017137928,0.6258996459696785,-1857569.8644008487
2025-03-16 07:00:00,0.11606718111036333,0.20392037109863087,0.6260651545681827,-1944110.4443782198
2025-03-16 08:00:00,0.22422457563814127,0.3042127394635653,0.6262306291788158,-1738861.812054214
2025-03-16 09:00:00,0.31710143588481127,0.27662215514447264,0.6263960697164479,-1822313.910306512
2025-03-16 10:00:00,0.3883683573108314,0.27662276814572934,0.6265614760959665,-1801921.4565681233
2025-03-16 11:00:00,0.43316861699517467,0.28351037919365724,0.6267268482322765,-1790733.4408722024
2025-03-16 12:00:00,0.4484491512762826,0.1960497062684766,0.6268921860403007,-1875528.2334649547
2025-03-16 13:00:00,0.43316861699517467,0.25241688704624626,0.6270574894349794,-1849885.6547322632
2025-03-16 14:00:00,0.38836835731083147,0.22543917037352046,0.6272227583312707,-1776862.85557816
2025-03-16 15:00:00,0.3171014358848113,0.2794158197436771,0.6273879926441501,-1743643.4634821275
2025-03-16 16:00:00,0.22422457563814127,0.2698450500085214,0.6275531922886117,-1879477.589684828
2025-03-16 17:00:00,0.11606718111036346,0.23400027199155984,0.6277183571796664,-1930844.878765954
2025-03-16 18:00:00,5.491918176908467e-17,0.29972421469575355,0.6278834872323438,-1809307.0964197149
2025-03-16 19:00:00,0.0,0.21151249905718716,0.628048582361691,-1986678.7737171305
2025-03-16 20:00:00,0.0,0.25169467689055935,0.6282136424827731,-1926959.3719330528
2025-03-16 21:00:00,0.0,0.25477596146184184,0.6283786675106735,-2190662.3538515978
2025-03-16 22:00:00,0.0,0.26254849044286027,0.6285436573604932,-2077994.051114401
2025-03-16 23:00:00,0.0,0.19660953938055178,0.628708611947352,-2138210.236076913
2025-03-17 00:00:00,0.0,0.26259000179300285,0.6288735311863866,-2089602.4142272181
2025-03-17 01:00:00,0.0,0.21825458317657992,0.6290384149927535,-2101180.598828854
2025-03-17 02:00:00,0.0,0.20099499213776145,0.629203263281626,-1988205.2426166849
2025-03-17 03:00:00,0.0,0.20046965631972974,0.6293680759681965,-1991899.3337185525
2025-03-17 04:00:00,0.0,0.31106747999397444,0.6295328529676756,-2069923.7845790538
2025-03-17 05:00:00,0.0,0.307669576499426,0.6296975941952919,-2076044.2131216517
2025-03-17 06:00:00,0.0,0.23608825809851994,0.6298622995662929,-1977326.1952324316
2025-03-17 07:00:00,0.11828485899043223,0.287259560737574,0.6300269689959441,-1906976.531146604
2025-03-17 08:00:00,0.22850880031563836,0.2424428778979973,0.6301916023995298,-1779860.1871036668
2025-03-17 09:00:00,0.32316024452798114,0.20346658504322346,0.6303561996923528,-1716503.01174607
2025-03-17 10:00:00,0.3957888521232968,0.29719567966254656,0.6305207607897341,-1788140.2545810794
2025-03-17 11:00:00,0.44144510351841343,0.20026854217051482,0.6306852856070138,-1847364.269244379
2025-03-17 12:00:00,0.4570176006312768,0.2857204200727029,0.6308497740595506,-1693248.3638878858
2025-03-17 13:00:00,0.44144510351841343,0.22773942098860311,0.6310142260627214,-1622236.2647604612
2025-03-17 14:00:00,0.39578885212329684,0.20559084890016216,0.6311786415319228,-1749325.8401155989
2025-03-17 15:00:00,0.3231602445279812,0.2529348814966477,0.6313430203825692,-1863080.1962893312
2025-03-17 16:00:00,0.22850880031563836,0.2598266965874295,0.6315073625300945,-1818827.1207314662
2025-03-17 17:00:00,0.11828485899043237,0.3083496402070611,0.6316716678899512,-1864441.4054429012
2025-03-17 18:00:00,5.596851417670965e-17,0.24670860469632794,0.6318359363776107,-1835263.2515793152
2025-03-17 19:00:00,0.0,0.2578248864057299,0.6320001679085636,-1973668.026092095
2025-03-17 20:00:00,0.0,0.23935393043727082,0.6321643623983193,-2066125.962897742
2025-03-17 21:00:00,0.0,0.2617811370394063,0.6323285197624063,-2117428.87302182
2025-03-17 22:00:00,0.0,0.3104848374464311,0.6324926399163723,-1916336.0329618873
2025-03-17 23:00:00,0.0,0.222837919672547,0.632656722775784,-2026256.073516847
2025-03-18 00:00:00,0.0,0.24968530576457956,0.6328207682562272,-2056545.6586754862
2025-03-18 01:00:00,0.0,0.2344071427145866,0.6329847762733074,-1969339.7094630587
2025-03-18 02:00:00,0.0,0.20316727313889427,0.6331487467426489,-2089409.730571843
2025-03-18 03:00:00,0.0,0.28471344084023537,0.6333126795798955,-2087430.4364221212
2025-03-18 04:00:00,0.0,0.28694147496022937,0.6334765747007102,-2099478.853426905
2025-03-18 05:00:00,0.0,0.305404978398334,0.6336404320207757,-1964665.747173372
2025-03-18 06:00:00,0.0,0.23033132657220923,0.633804251455794,-1873012.529999531
2025-03-18 07:00:00,0.12050583334840412,0.2781941589133396,0.6339680329214863,-1855919.0373334144
2025-03-18 08:00:00,0.23279939329942,0.29616002067199293,0.6341317763335941,-1966150.6612182152
2025-03-18 09:00:00,0.32922805931626803,0.20543663063452244,0.6342954816078775,-1831780.679440317
2025-03-18 10:00:00,0.4032203771658051,0.2486919878653372,0.634459148660117,-1812964.797589934
2025-03-18 11:00:00,0.4497338926646722,0.2285934599087665,0.6346227774061123,-1811302.378460189
2025-03-18 12:00:00,0.4655987865988401,0.2754878038344823,0.6347863677616831,-1799426.3466809243
2025-03-18 13:00:00,0.4497338926646722,0.27210992312203564,0.6349499196426687,-1700379.7872408559
2025-03-18 14:00:00,0.40322037716580517,0.2759492255753005,0.6351134329649282,-1795961.3319688176
2025-03-18 15:00:00,0.3292280593162681,0.20088475152849541,0.6352769076443404,-1755422.7099183148
2025-03-18 16:00:00,0.23279939329942,0.26074349764282395,0.6354403435968045,-1886725.6590860076
2025-03-18 17:00:00,0.12050583334840424,0.23719882095108705,0.6356037407382389,-1865611.157110633
2025-03-18 18:00:00,5.701940636951611e-17,0.3125451396080042,0.6357670989845826,-2002887.2692918805
2025-03-18 19:00:00,0.0,0.23244280982417803,0.6359304182517941,-1976362.905717378
2025-03-18 20:00:00,0.0,0.31288063011024086,0.6360936984558524,-1815411.931568404
2025-03-18 21:00:00,0.0,0.26745341313705123,0.6362569395127563,-2003382.3703763196
2025-03-18 22:00:00,0.0,0.24592676536770855,0.6364201413385248,-1991097.0759068297
2025-03-18 23:00:00,0.0,0.2626189686350665,0.636583303849197,-2117781.5435399204
2025-03-19 00:00:00,0.0,0.2666091709100919,0.6367464269608325,-2109486.1372992923
2025-03-19 01:00:00,0.0,0.2518827813254543,0.6369095105895112,-2141333.665015241
2025-03-19 02:00:00,0.0,0.2491636271639951,0.6370725546513327,-2124476.8614715417
2025-03-19 03:00:00,0.0,0.19859445792995437,0.6372355590624176,-2091133.932525902
2025-03-19 04:00:00,0.0,0.2095149623231629,0.6373985237389066,-2093660.375816759
2025-03-19 05:00:00,0.0,0.3013576062498641,0.637561448596961,-1917296.919721136
2025-03-19 06:00:00,0.0,0.2474717422573165,0.6377243335527624,-1866344.8954267516
2025-03-19 07:00:00,0.12272944606164415,0.20150573725686505,0.6378871785225131,-1856063.850562724
2025-03-19 08:00:00,0.23709508319418654,0.27296501635067527,0.6380499834224358,-1969521.8694694967
2025-03-19 09:00:00,0.3353030822251959,0.2770133030373822,0.6382127481687742,-1788418.0762855306
2025-03-19 10:00:00,0.410660730317101,0.2566200015976502,0.6383754726777919,-1772211.382938701
2025-03-19 11:00:00,0.4580325282868401,0.26841599961017887,0.638538156865774,-1782139.0690954297
2025-03-19 12:00:00,0.47419016638837314,0.19987460652378622,0.6387008006490259,-1769744.1325623048
2025-03-19 13:00:00,0.4580325282868401,0.250808127564734,0.638863403943874,-1715330.1461689963
2025-03-19 14:00:00,0.41066073031710104,0.22258946625129666,0.6390259666666653,-1795343.4933221496
2025-03-19 15:00:00,0.33530308222519595,0.2541765640066089,0.639188488733768,-1794708.4659689132
2025-03-19 16:00:00,0.23709508319418654,0.23662325102954285,0.6393509700615707,-1941974.6880087943
2025-03-19 17:00:00,0.12272944606164429,0.20390864324266458,0.6395134105664835,-1894637.9811238674
2025-03-19 18:00:00,5.80715469454672e-17,0.26708886523819414,0.6396758101649374,-2005970.4417947438
2025-03-19 19:00:00,0.0,0.23240346950690138,0.639838168773384,-1946287.1448717578
2025-03-19 20:00:00,0.0,0.31535150533149525,0.6400004863082964,-1994846.5573932119
2025-03-19 21:00:00,0.0,0.2781166568376147,0.640162762686169,-2059562.1725667552
2025-03-19 22:00:00,0.0,0.2130424544700702,0.6403249978235168,-1968097.4521165774
2025-03-19 23:00:00,0.0,0.31266593713123403,0.6404871916368766,-1948290.8094513442
2025-03-20 00:00:00,0.0,0.22696124108836424,0.6406493440428059,-2234865.969682394
2025-03-20 01:00:00,0.0,0.21977911185135307,0.640811454957884,-2143242.536124247
2025-03-20 02:00:00,0.0,0.2293748244233593,0.6409735242987114,-2116337.8088330403
2025-03-20 03:00:00,0.0,0.2307788544029422,0.6411355519819096,-2076566.9523699805
2025-03-20 04:00:00,0.0,0.28503670532976444,0.6412975379241223,-1939243.1858984795
2025-03-20 05:00:00,0.0,0.28519611583240356,0.6414594820420139,-2050068.9086178935
2025-03-20 06:00:00,0.0,0.23683193345327141,0.6416213842522707,-2108205.3561637863
2025-03-20 07:00:00,0.12495503822571594,0.2735236271968328,0.6417832444716005,-1843444.706689905
2025-03-20 08:00:00,0.24139459709431355,0.20457817391457878,0.6419450626167329,-1873184.9604683858
2025-03-20 09:00:00,0.34138351309436715,0.23737205649976897,0.6421068386044189,-1868330.7869023266
2025-03-20 10:00:00,0.41810770683996956,0.2726184239639297,0.6422685723514311,-1760017.8711933573
2025-03-20 11:00:00,0.4663385513200831,0.2377875200888366,0.642430263774564,-1849302.7439008367
2025-03-20 12:00:00,0.48278919418862715,0.24363138687287034,0.6425919127906341,-1729939.7359997635
2025-03-20 13:00:00,0.4663385513200831,0.25724298109704336,0.6427535193164791,-1809290.5806883709
2025-03-20 14:00:00,0.4181077068399696,0.23002366297052212,0.6429150832689592,-1658388.5677991086
2025-03-20 15:00:00,0.3413835130943672,0.2822982823373213,0.643076604564956,-1764544.1284265576
2025-03-20 16:00:00,0.24139459709431355,0.314110140426153,0.6432380831213735,-1891490.1816757312
2025-03-20 17:00:00,0.12495503822571606,0.2676813752614853,0.6433995188551374,-1875334.0357731178
2025-03-20 18:00:00,5.912462413260321e-17,0.22269473517376098,0.6435609116831954,-1896987.615578482
2025-03-20 19:00:00,0.0,0.24729368682859165,0.6437222615225174,-1864286.3681098372
2025-03-20 20:00:00,0.0,0.2567511369761856,0.6438835682900955,-2010888.640515647
2025-03-20 21:00:00,0.0,0.21215425043317065,0.6440448319029437,-2090401.6212944207
2025-03-20 22:00:00,0.0,0.3133309671777427,0.6442060522780984,-1975243.9357122516
2025-03-20 23:00:00,0.0,0.27136737694981805,0.6443672293326181,-2148406.8935171734
2025-03-21 00:00:00,0.0,0.20076277402662634,0.644528362983584,-2061914.3245018122
2025-03-21 01:00:00,0.0,0.29845741368143847,0.6446894531480989,-2132158.4288843307
2025-03-21 02:00:00,0.0,0.21994543255240948,0.6448504997432885,-2025664.9188374532
2025-03-21 03:00:00,0.0,0.2704134126662678,0.6450115026863008,-2051097.5610850973
2025-03-21 04:00:00,0.0,0.2786565814142753,0.6451724618943064,-2024595.5404642562
2025-03-21 05:00:00,0.0,0.235268162001649,0.645333377284498,-2030245.7201649884
2025-03-21 06:00:00,0.0,0.28337212848892057,0.6454942487740913,-2017532.8293325908
2025-03-21 07:00:00,0.127181950349629,0.21287014301212004,0.6456550762803243,-2062468.2206859353
2025-03-21 08:00:00,0.2456966609610413,0.2607559128611301,0.6458158597204575,-1889494.8825830708
2025-03-21 09:00:00,0.3474675501608888,0.2521308936009816,0.6459765990117745,-1888553.2604132493
2025-03-21 10:00:00,0.4255591000345483,0.24835189688369544,0.6461372940715814,-1724423.9234302656
2025-03-21 11:00:00,0.47464950051051785,0.28139482636869,0.6462979448172069,-1707300.893453524
2025-03-21 12:00:00,0.4913933219220827,0.2882396765673556,0.6464585511660028,-1783206.0303414282
2025-03-21 13:00:00,0.47464950051051785,0.27753045811045535,0.6466191130353435,-1800882.7233325006
2025-03-21 14:00:00,0.42555910003454833,0.24564390027507926,0.6467796303426263,-1674984.2637283057
2025-03-21 15:00:00,0.34746755016088887,0.28541340989288266,0.6469401030052716,-1799490.1443660192
2025-03-21 16:00:00,0.2456966609610413,0.2934474850412705,0.6471005309407225,-1592928.5819683196
2025-03-21 17:00:00,0.12718195034962915,0.31639558108859345,0.6472609140664454,-1827156.707233986
2025-03-21 18:00:00,6.017832588142634e-17,0.22916896465112094,0.6474212522999295,-1781922.6554435985
2025-03-21 19:00:00,0.0,0.2679630891278685,0.6475815455586874,-1904617.7173915652
2025-03-21 20:00:00,0.0,0.29335139424113765,0.6477417937602544,-1831030.6490862004
2025-03-21 21:00:00,0.0,0.3128136177370646,0.6479019968221896,-2067204.570490351
2025-03-21 22:00:00,0.0,0.3099417282588488,0.6480621546620746,-1969701.3890526379
2025-03-21 23:00:00,0.0,0.24707848783069322,0.6482222671975147,-2043467.9486257904
2025-03-22 00:00:00,0.0,0.20997430914717918,0.6483823343461386,-2058597.0465487808
2025-03-22 01:00:00,0.0,0.2018586647901219,0.6485423560255978,-2156419.302387066
2025-03-22 02:00:00,0.0,0.2657743894063719,0.648702332153568,-2168796.634481279
2025-03-22 03:00:00,0.0,0.3165194674720371,0.6488622626477476,-2010431.4883231863
2025-03-22 04:00:00,0.0,0.3108378496076676,0.6490221474258591,-2037997.6136923262
2025-03-22 05:00:00,0.0,0.22508046309713736,0.6491819864056477,-1995580.034980737
2025-03-22 06:00:00,0.0,0.2517075421999839,0.649341779504883,-1887463.6200680088
2025-03-22 07:00:00,0.12940952255126037,0.2740438678171281,0.649501526641358,-1994539.9346893306
2025-03-22 08:00:00,0.24999999999999997,0.21814685669141876,0.6496612277328888,-1886324.7783725252
2025-03-22 09:00:00,0.35355339059327373,0.28130587539607244,0.649820882697316,-1859160.708754626
2025-03-22 10:00:00,0.4330127018922193,0.30907835855906735,0.6499804914525033,-1785778.096171678
2025-03-22 11:00:00,0.48296291314453416,0.297670691711102,0.6501400539163383,-1856110.823258178
2025-03-22 12:00:00,0.5,0.20143521429757386,0.6502995700067328,-1800638.922894602
2025-03-22 13:00:00,0.48296291314453416,0.23319005909401014,0.6504590396416219,-1800819.3006658568
2025-03-22 14:00:00,0.43301270189221935,0.21006764884063395,0.6506184627389651,-1690174.5722577027
2025-03-22 15:00:00,0.3535533905932738,0.24336633428743804,0.6507778392167455,-1908935.5984463294
2025-03-22 16:00:00,0.24999999999999997,0.2665797407888421,0.6509371689929703,-1794724.9519130427
2025-03-22 17:00:00,0.1294095225512605,0.2749027521912472,0.6510964519856707,-1890407.9094742122
2025-03-22 18:00:00,6.123233995736766e-17,0.2881041913500001,0.6512556881129021,-1886375.7944937195
2025-03-22 19:00:00,0.0,0.19943913877069136,0.6514148772927437,-1944920.3251910075
2025-03-22 20:00:00,0.0,0.21890707832052297,0.6515740194432993,-1857268.2485578624
2025-03-22 21:00:00,0.0,0.23169904288903698,0.6517331144826966,-1964643.0098739364
2025-03-22 22:00:00,0.0,0.22003308070778407,0.6518921623290873,-1879838.0767477492
2025-03-22 23:00:00,0.0,0.31555147076465806,0.6520511629006481,-2144300.613176758
2025-03-23 00:00:00,0.0,0.20328321480336747,0.6522101161155792,-1940757.649713067
2025-03-23 01:00:00,0.0,0.3073350198518059,0.6523690218921059,-2023900.9313840354
2025-03-23 02:00:00,0.0,0.23826115962321126,0.6525278801484773,-2172566.2229834935
2025-03-23 03:00:00,0.0,0.25140824013730717,0.6526866908029672,-1945939.5288586807
2025-03-23 04:00:00,0.0,0.24147838629150165,0.652845453773874,-1900778.5253468833
2025-03-23 05:00:00,0.0,0.24885948047136963,0.6530041689795205,-2083052.163267871
2025-03-23 06:00:00,0.0,0.23927914044469697,0.6531628363382541,-1987559.3903971608
2025-03-23 07:00:00,0.13163709475289173,0.2443819890648825,0.6533214557684467,-2037323.520675512
2025-03-23 08:00:00,0.25430333903895863,0.2856208470217793,0.6534800271884952,-1700106.1306888647
2025-03-23 09:00:00,0.3596392310256587,0.29407179743709344,0.6536385505168208,-1892437.8249687953
2025-03-23 10:00:00,0.4404663037498904,0.3137633327236182,0.6537970256718696,-1899517.8575950873
2025-03-23 11:00:00,0.4912763257785505,0.20518988157223217,0.6539554525721125,-1762189.9424256587
2025-03-23 12:00:00,0.5086066780779174,0.2913065264919849,0.6541138311360454,-1641086.8608795109
2025-03-23 13:00:00,0.4912763257785505,0.22090333465278378,0.6542721612821887,-1751944.361234329
2025-03-23 14:00:00,0.44046630374989043,0.24782167682253223,0.6544304429290878,-1673064.9108198935
2025-03-23 15:00:00,0.35963923102565876,0.3034781445995085,0.6545886759953133,-1679906.2669579051
2025-03-23 16:00:00,0.25430333903895863,0.24128457001287523,0.6547468603994606,-1746629.9266100803
2025-03-23 17:00:00,0.1316370947528919,0.20301816076453305,0.6549049960601503,-1955258.8138580222
2025-03-23 18:00:00,6.228635403330898e-17,0.2453483959212342,0.6550630828960277,-1920214.1113720692
2025-03-23 19:00:00,0.0,0.2831760617025421,0.6552211208257637,-1901856.1687848377
2025-03-23 20:00:00,0.0,0.2706221438113868,0.6553791097680539,-1899398.932039144
2025-03-23 21:00:00,0.0,0.24553401993700896,0.6555370496416195,-1956259.128039234
2025-03-23 22:00:00,0.0,0.21605841956197455,0.6556949403652068,-2065295.7955167082
2025-03-23 23:00:00,0.0,0.23007932472851295,0.6558527818575872,-2085522.2629109023
2025-03-24 00:00:00,0.0,0.31209038347127577,0.6560105740375577,-2027434.7284764817
2025-03-24 01:00:00,0.0,0.21123958787260208,0.6561683168239405,-2020854.176289094
2025-03-24 02:00:00,0.0,0.19956650834647482,0.6563260101355833,-1995310.3768237703
2025-03-24 03:00:00,0.0,0.2183974673337041,0.6564836538913592,-1949105.0583693045
2025-03-24 04:00:00,0.0,0.26535394448844357,0.6566412480101669,-2161070.2704285732
2025-03-24 05:00:00,0.0,0.23896993078036372,0.6567987924109303,-2031141.9737863713
2025-03-24 06:00:00,0.0,0.2596360121395037,0.6569562870125993,-1844766.9070808014
2025-03-24 07:00:00,0.13386400687680483,0.30715000531177106,0.6571137317341494,-1882098.6028180681
2025-03-24 08:00:00,0.2586054029056864,0.31806130261531185,0.6572711264945814,-1851387.2440019937
2025-03-24 09:00:00,0.36572326809218036,0.20196369402167363,0.657428471212922,-1822997.114569741
2025-03-24 10:00:00,0.4479176969444691,0.28730140436754315,0.6575857658082238,-1809682.5273386457
2025-03-24 11:00:00,0.49958727496898525,0.2984176909924313,0.657743010199565,-1682252.4601482213
2025-03-24 12:00:00,0.5172108058113729,0.2175019979821065,0.6579002043060496,-1750069.8471939433
2025-03-24 13:00:00,0.49958727496898525,0.2889114339665886,0.6580573480468075,-1643601.9480050157
2025-03-24 14:00:00,0.44791769694446915,0.2625759790510795,0.6582144413409947,-1919073.727766391
2025-03-24 15:00:00,0.3657232680921804,0.30919395912764625,0.6583714841077929,-1827379.0553911068
2025-03-24 16:00:00,0.2586054029056864,0.20464910965490907,0.6585284762664099,-1921048.2654235763
2025-03-24 17:00:00,0.13386400687680497,0.3136351373904492,0.6586854177360797,-1795571.568809535
2025-03-24 18:00:00,6.334005578213211e-17,0.2867580379201972,0.658842308436062,-1901231.6181720956
2025-03-24 19:00:00,0.0,0.20921004105944077,0.6589991482856428,-1926214.776843744
2025-03-24 20:00:00,0.0,0.2516755565657923,0.6591559372041345,-1964705.0865660754
2025-03-24 21:00:00,0.0,0.23013622092934277,0.6593126751108753,-2006134.4974883252
2025-03-24 22:00:00,0.0,0.20489112729174766,0.65946936192523,-1967722.5507362129
2025-03-24 23:00:00,0.0,0.2600133622142184,0.6596259975665895,-2151329.0973701184
2025-03-25 00:00:00,0.0,0.22828951829854804,0.6597825819543708,-1955467.524302303
2025-03-25 01:00:00,0.0,0.30117687824652817,0.6599391150080179,-1977066.9671404841
2025-03-25 02:00:00,0.0,0.27901895966921136,0.6600955966470006,-2024230.5813379656
2025-03-25 03:00:00,0.0,0.2556726052549789,0.6602520267908153,-2021726.4790190288
2025-03-25 04:00:00,0.0,0.2856009720591683,0.6604084053589853,-2102316.95083643
2025-03-25 05:00:00,0.0,0.2222704295670687,0.6605647322710597,-1913097.0952014497
2025-03-25 06:00:00,0.0,0.2173168965464634,0.6607210074466148,-1924680.2731656982
2025-03-25 07:00:00,0.13608959904087659,0.27465070562363747,0.6608772308052533,-1947238.5020261502
2025-03-25 08:00:00,0.2629049168058134,0.21880898375528518,0.6610334022666043,-1854752.0738144377
2025-03-25 09:00:00,0.3718036989613516,0.24838305144865824,0.6611895217503243,-1862616.2793803592
2025-03-25 10:00:00,0.45536467346733767,0.24258645594706058,0.6613455891760958,-1919243.0460920932
2025-03-25 11:00:00,0.5078932980022283,0.27221779902170395,0.6615016044636284,-1666004.6883106192
2025-03-25 12:00:00,0.5258098336116269,0.22850007984674386,0.6616575675326584,-1663461.541196037
2025-03-25 13:00:00,0.5078932980022283,0.2538650841170291,0.6618134783029492,-1714764.102892291
2025-03-25 14:00:00,0.4553646734673377,0.2872253306806738,0.661969336694291,-1694697.4279616657
2025-03-25 15:00:00,0.3718036989613517,0.2503612096156186,0.6621251426265009,-1678230.6051632338
2025-03-25 16:00:00,0.2629049168058134,0.23679992303409803,0.6622808960194227,-1855281.5143851903
2025-03-25 17:00:00,0.13608959904087675,0.2662545551999819,0.662436596792928,-1860451.08972451
2025-03-25 18:00:00,6.439313296926813e-17,0.23098277464409397,0.6625922448669148,-1862568.7614647471
2025-03-25 19:00:00,0.0,0.24927883201629264,0.6627478401613083,-1777048.49104424
2025-03-25 20:00:00,0.0,0.29129071442425725,0.6629033825960611,-1956975.556272264
2025-03-25 21:00:00,0.0,0.24631880442657642,0.6630588720911528,-1953822.9746266704
2025-03-25 22:00:00,0.0,0.21250008901354878,0.6632143085665901,-2047257.518731322
2025-03-25 23:00:00,0.0,0.21147009050480295,0.6633696919424076,-1941711.0910189445
2025-03-26 00:00:00,0.0,0.3177460879102265,0.6635250221386665,-2062023.4122304374
2025-03-26 01:00:00,0.0,0.20289493732509933,0.6636802990754558,-1952356.74730069
2025-03-26 02:00:00,0.0,0.31085320736869626,0.6638355226728916,-1900972.7005878633
2025-03-26 03:00:00,0.0,0.27365371530365235,0.6639906928511176,-1903954.3082161776
2025-03-26 04:00:00,0.0,0.2888480448153429,0.664145809530305,-1819216.8835421335
2025-03-26 05:00:00,0.0,0.3185016150629544,0.6643008726306525,-1970211.382337306
2025-03-26 06:00:00,0.0,0.2638270938561432,0.6644558820723865,-2017623.776831221
2025-03-26 07:00:00,0.13831321175411662,0.2176274726392109,0.6646108377757605,-1695614.4423615504
2025-03-26 08:00:00,0.26720060670057993,0.22749203650732627,0.6647657396610565,-1766567.4645188833
2025-03-26 09:00:00,0.3778787218702795,0.29010255858703876,0.6649205876485832,-1726071.180194477
2025-03-26 10:00:00,0.4628050266186335,0.25905894746857505,0.6650753816586779,-1887388.235147585
2025-03-26 11:00:00,0.5161919336243962,0.21552368310962475,0.665230121611705,-1644650.113745426
2025-03-26 12:00:00,0.53440121340116,0.23632233224949603,0.6653848074280573,-1713630.6467805274
2025-03-26 13:00:00,0.5161919336243962,0.2922046967244912,0.665539439028155,-1647535.9839420405
2025-03-26 14:00:00,0.4628050266186336,0.20788762831816482,0.6656940163324463,-1770752.242744768
2025-03-26 15:00:00,0.37787872187027954,0.2517665059520662,0.6658485392614075,-1795477.503237864
2025-03-26 16:00:00,0.26720060670057993,0.3072215572760805,0.6660030077355427,-1776691.0506214749
2025-03-26 17:00:00,0.1383132117541168,0.2113745061351433,0.6661574216753839,-1799426.990156242
2025-03-26 18:00:00,6.544527354521922e-17,0.21760399479988904,0.6663117810014916,-1834722.087261919
2025-03-26 19:00:00,0.0,0.3009219983633585,0.666466085634454,-1969172.342145289
2025-03-26 20:00:00,0.0,0.29108239271302944,0.6666203354948874,-1959042.897732962
2025-03-26 21:00:00,0.0,0.3001413324606813,0.6667745305034368,-1940563.8111326296
2025-03-26 22:00:00,0.0,0.3115388545809559,0.6669286705807749,-2040050.3449922611
2025-03-26 23:00:00,0.0,0.28495926946490097,0.6670827556476026,-2030013.0337071824
2025-03-27 00:00:00,0.0,0.24884503989328233,0.6672367856246495,-1940896.9604094021
2025-03-27 01:00:00,0.0,0.2457589296029557,0.6673907604326733,-1964100.5627774068
2025-03-27 02:00:00,0.0,0.21679940407458617,0.6675446799924604,-2126517.383102133
2025-03-27 03:00:00,0.0,0.29286467318874687,0.6676985442248249,-1947280.668774316
2025-03-27 04:00:00,0.0,0.3141042858875447,0.6678523530506102,-1955354.2120601907
2025-03-27 05:00:00,0.0,0.23417677905209877,0.6680061063906877,-2002686.3590152173
2025-03-27 06:00:00,0.0,0.2690680499331697,0.6681598041659574,-1976193.0364906874
2025-03-27 07:00:00,0.1405341861120885,0.21010979827754342,0.6683134462973481,-1973658.8670650276
2025-03-27 08:00:00,0.2714911996843616,0.24176611768651768,0.668467032705817,-2047792.0500156211
2025-03-27 09:00:00,0.3839465366585663,0.2549437531701621,0.6686205633123501,-1956689.1789130482
2025-03-27 10:00:00,0.47023655166114187,0.3072358979757903,0.6687740380379621,-1765998.3350821575
2025-03-27 11:00:00,0.5244807227706549,0.22814190128348533,0.6689274568036963,-1865231.651254865
2025-03-27 12:00:00,0.5429823993687233,0.22566680481887175,0.6690808195306248,-1779895.1309781142
2025-03-27 13:00:00,0.5244807227706549,0.21101806145401586,0.6692341261398491,-1747085.895132176
2025-03-27 14:00:00,0.4702365516611419,0.2443940647430369,0.6693873765524986,-1687912.2775550436
2025-03-27 15:00:00,0.3839465366585664,0.29188174164692515,0.6695405706897324,-1792167.7484380964
2025-03-27 16:00:00,0.2714911996843616,0.2531875383671995,0.6696937084727381,-1702816.8666066404
2025-03-27 17:00:00,0.14053418611208868,0.23798625593224465,0.6698467898227325,-1856078.049495398
2025-03-27 18:00:00,6.649616573802568e-17,0.281170407752065,0.6699998146609615,-1782061.2226894177
2025-03-27 19:00:00,0.0,0.2843880351510206,0.6701527829086998,-1824193.5768011275
2025-03-27 20:00:00,0.0,0.30008500546575323,0.6703056944872515,-1957227.7044538544
2025-03-27 21:00:00,0.0,0.2854832547292705,0.6704585493179497,-1834759.0740837844
2025-03-27 22:00:00,0.0,0.2733068497363162,0.6706113473221567,-2007256.4843074405
2025-03-27 23:00:00,0.0,0.28641410965444986,0.670764088421264,-2059499.252419046
2025-03-28 00:00:00,0.0,0.31278261031101195,0.6709167725366925,-2112361.7672259524
2025-03-28 01:00:00,0.0,0.3193501371529171,0.6710693995898924,-1997201.6612741582
2025-03-28 02:00:00,0.0,0.20359457871627923,0.6712219695023431,-2071588.7960099746
2025-03-28 03:00:00,0.0,0.2999166414318139,0.6713744821955535,-2101306.330632079
2025-03-28 04:00:00,0.0,0.20397057043489372,0.6715269375910622,-1934482.8654505108
2025-03-28 05:00:00,0.0,0.3104546733789271,0.6716793356104365,-1974600.1766016716
2025-03-28 06:00:00,0.0,0.23434263404810057,0.6718316761752743,-1847983.8637720507
2025-03-28 07:00:00,0.14275186399215742,0.27931236205510523,0.6719839592072021,-1882020.3158049425
2025-03-28 08:00:00,0.27577542436185865,0.2490472389618891,0.6721361846278766,-1771111.7951513215
2025-03-28 09:00:00,0.3900053453017362,0.2700921109103099,0.6722883523589838,-1788571.3658522367
2025-03-28 10:00:00,0.4776570464736072,0.23766566647852294,0.6724404623222395,-1662726.012305606
2025-03-28 11:00:00,0.5327572092938937,0.2693191365903876,0.6725925144393894,-1852133.6069547914
2025-03-28 12:00:00,0.5515508487237174,0.3045694266850742,0.6727445086322086,-1752727.856445643
2025-03-28 13:00:00,0.5327572092938937,0.20660412278785167,0.6728964448225023,-1790797.3047976892
2025-03-28 14:00:00,0.47765704647360724,0.25633788661827844,0.6730483229321055,-1874116.3844785243
2025-03-28 15:00:00,0.39000534530173625,0.22511306626539584,0.6732001428828828,-1850299.3257679555
2025-03-28 16:00:00,0.27577542436185865,0.27680677106138696,0.6733519045967289,-1692058.2653131268
2025-03-28 17:00:00,0.14275186399215756,0.26664375082660396,0.6735036079955687,-1860040.1234307683
2025-03-28 18:00:00,6.754549814565066e-17,0.2505844822972693,0.6736552530013569,-1742918.5804644204
2025-03-28 19:00:00,0.0,0.30776598671082894,0.6738068395360781,-1698414.4189539347
2025-03-28 20:00:00,0.0,0.26665498875620197,0.6739583675217471,-1816618.6028763063
2025-03-28 21:00:00,0.0,0.20021654130498667,0.6741098368804089,-1906329.776551549
2025-03-28 22:00:00,0.0,0.20979130464517637,0.6742612475341385,-1948301.504923589
2025-03-28 23:00:00,0.0,0.22791740886305012,0.6744125994050414,-2124199.633811985
2025-03-29 00:00:00,0.0,0.26043840660539147,0.6745638924152528,-2136456.300734248
2025-03-29 01:00:00,0.0,0.23297333510672869,0.674715126486939,-1967387.861179114
2025-03-29 02:00:00,0.0,0.2587008759739629,0.6748663015422957,-2129737.246989765
2025-03-29 03:00:00,0.0,0.2809727928558137,0.6750174175035495,-1977546.3943056962
2025-03-29 04:00:00,0.0,0.2285399563219253,0.6751684742929573,-2135029.60474038
2025-03-29 05:00:00,0.0,0.25652743645017456,0.6753194718328066,-2008325.2023411843
2025-03-29 06:00:00,0.0,0.2914710860542331,0.6754704100454152,-1916702.7400563383
2025-03-29 07:00:00,0.14496558824850608,0.30530907583895983,0.6756212888531312,-1837090.8779142674
2025-03-29 08:00:00,0.28005201122483814,0.2895131318099057,0.6757721081783338,-1833094.5737724258
2025-03-29 09:00:00,0.3960533524440284,0.2887250501810297,0.6759228679434324,-1780445.8201977455
2025-03-29 10:00:00,0.48506431220326923,0.270289645504458,0.676073568070867,-1764498.6344435338
2025-03-29 11:00:00,0.5410189406925345,0.22594648021813418,0.6762242084831087,-1880400.0960297855
2025-03-29 12:00:00,0.5601040224496764,0.20805118460992925,0.6763747891026588,-1760146.344870579
2025-03-29 13:00:00,0.5410189406925345,0.246562936866623,0.67652530985205,-1837845.150741224
2025-03-29 14:00:00,0.4850643122032693,0.3003377915073509,0.6766757706538449,-1799879.0438859588
2025-03-29 15:00:00,0.39605335244402845,0.21548822446940977,0.6768261714306378,-1829784.7196775523
2025-03-29 16:00:00,0.28005201122483814,0.31535451069792403,0.6769765121050534,-1817424.7559753545
2025-03-29 17:00:00,0.14496558824850625,0.30585336085556913,0.6771267925997475,-1870552.5126538938
2025-03-29 18:00:00,6.859295982825535e-17,0.30226782667095975,0.6772770128374068,-1848908.422979539
2025-03-29 19:00:00,0.0,0.2590714967799838,0.677427172740749,-1992346.9205819343
2025-03-29 20:00:00,0.0,0.2681442898401095,0.6775772722325231,-1945899.2194819713
2025-03-29 21:00:00,0.0,0.23430717990174232,0.6777273112355084,-1842190.8008414381
2025-03-29 22:00:00,0.0,0.2725667115110576,0.6778772896725164,-1862381.1567750312
2025-03-29 23:00:00,0.0,0.21003490817951864,0.678027207466389,-1953334.083954303
2025-03-30 00:00:00,0.0,0.23599777367259436,0.6781770645399994,-2010562.9945779615
2025-03-30 01:00:00,0.0,0.26826274474693335,0.6783268608162523,-1962507.470936995
2025-03-30 02:00:00,0.0,0.235646732116832,0.6784765962180833,-1998132.5984876964
2025-03-30 03:00:00,0.0,0.2887593375222794,0.6786262706684598,-1987281.1196572017
2025-03-30 04:00:00,0.0,0.3098880916594307,0.6787758840903804,-2049958.462576755
2025-03-30 05:00:00,0.0,0.2660744625529437,0.6789254364068746,-1804454.779075019
2025-03-30 06:00:00,0.0,0.28787371476322116,0.679074927541004,-1903440.259482865
2025-03-30 07:00:00,0.14717470290686122,0.2658060323341486,0.6792243574158614,-1887581.4233086056
2025-03-30 08:00:00,0.2843196930283161,0.31412169976012144,0.6793737259545711,-1799804.0174486367
2025-03-30 09:00:00,0.4020887659303998,0.2160574483156532,0.6795230330802889,-1735934.4177441332
2025-03-30 10:00:00,0.4924561539174303,0.2642581623410779,0.6796722787162024,-1867475.910887688
2025-03-30 11:00:00,0.5492634688372611,0.27342334520477585,0.6798214627855306,-1688830.6158830067
2025-03-30 12:00:00,0.5686393860566323,0.2472897813479031,0.6799705852115244,-1683137.4643334856
2025-03-30 13:00:00,0.5492634688372611,0.3195497216855983,0.6801196459174661,-1865396.2467527334
2025-03-30 14:00:00,0.49245615391743036,0.3069620014218258,0.6802686448266703,-1763735.311397091
2025-03-30 15:00:00,0.4020887659303999,0.22512542420634227,0.6804175818624826,-1714547.2340652074
2025-03-30 16:00:00,0.2843196930283161,0.21365067044208905,0.6805664569482812,-1791562.8604638884
2025-03-30 17:00:00,0.14717470290686138,0.26750571482035235,0.6807152700074757,-1757181.200041197
2025-03-30 18:00:00,6.963824040033709e-17,0.228873052451951,0.6808640209635078,-1822820.224962966
2025-03-30 19:00:00,0.0,0.319157433276502,0.6810127097398511,-1774128.6105444427
2025-03-30 20:00:00,0.0,0.26179202585408773,0.6811613362600111,-1954492.1375169973
2025-03-30 21:00:00,0.0,0.22202454108789152,0.6813099004475256,-2094243.621905675
2025-03-30 22:00:00,0.0,0.2552532460474734,0.681458402225964,-1970324.873373546
2025-03-30 23:00:00,0.0,0.20180788822541246,0.6816068415189284,-1909257.3216769472
2025-03-31 00:00:00,0.0,0.22825014781534875,0.6817552182500527,-2064309.637287414
2025-03-31 01:00:00,0.0,0.21898399850011546,0.6819035323430028,-2043367.3584483971
2025-03-31 02:00:00,0.0,0.3189681091303951,0.6820517837214773,-1993664.4046519515
2025-03-31 03:00:00,0.0,0.28732116158743687,0.6821999723092067,-2064473.873748462
2025-03-31 04:00:00,0.0,0.20984114247802355,0.6823480980299538,-1921285.8588148807
2025-03-31 05:00:00,0.0,0.3081210886342212,0.6824961608075141,-2016580.3505252993
2025-03-31 06:00:00,0.0,0.22468933704594934,0.6826441605657151,-1967642.8199362806
2025-03-31 07:00:00,0.14937855335887304,0.23491390943914767,0.6827920972284169,-1869170.7713148224
2025-03-31 08:00:00,0.2885772051660702,0.2128991012980157,0.6829399707195121,-1859815.821517073
2025-03-31 09:00:00,0.40810979733757974,0.26317766395674985,0.6830877809629254,-1915873.8841008956
2025-03-31 10:00:00,0.4998303812538616,0.2709119159236599,0.6832355278826148,-1702718.6383249934
2025-03-31 11:00:00,0.5574883506964529,0.21064027827640933,0.6833832114025702,-1670109.229677607
2025-03-31 12:00:00,0.5771544103321405,0.2664015277191895,0.6835308314468144,-1749649.8582877899
2025-03-31 13:00:00,0.5574883506964529,0.28777955908117797,0.6836783879394028,-1693063.4147482712
2025-03-31 14:00:00,0.49983038125386164,0.30631070926719844,0.6838258808044235,-1817566.6855427292
2025-03-31 15:00:00,0.4081097973375798,0.268731947816461,0.6839733099659973,-1707236.57802376
2025-03-31 16:00:00,0.2885772051660702,0.252624806707342,0.6841206753482779,-1797249.3462436213
2025-03-31 17:00:00,0.1493785533588732,0.2621953739299346,0.6842679768754517,-1688379.621617424
2025-03-31 18:00:00,7.06810301227034e-17,0.2391165789417833,0.684415214471738,-1836425.288713948
2025-03-31 19:00:00,0.0,0.20411411573983196,0.6845623880613889,-1990481.9838447324
2025-03-31 20:00:00,0.0,0.2570084224880077,0.6847094975686895,-1950899.671322163
2025-03-31 21:00:00,0.0,0.20618079003601286,0.6848565429179578,-1916231.1033889425
2025-03-31 22:00:00,0.0,0.2335999238593145,0.685003524033545,-2140191.9717703764
2025-03-31 23:00:00,0.0,0.2783830704263894,0.6851504408398353,-1897836.9461217339
2025-04-01 00:00:00,0.0,0.31709807063932627,0.6852972932612457,-1980942.7188117537
2025-04-01 01:00:00,0.0,0.29322682392368027,0.6854440812222266,-2127279.995214203
2025-04-01 02:00:00,0.0,0.31771441450549576,0.6855908046472613,-1981194.14123439
2025-04-01 03:00:00,0.0,0.24860937995825882,0.6857374634608667,-1991701.0715033573
2025-04-01 04:00:00,0.0,0.2181040102217301,0.6858840575875929,-2066651.0788544817
2025-04-01 05:00:00,0.0,0.2839337691076395,0.6860305869520227,-2029367.4295368404
2025-04-01 06:00:00,0.0,0.29452796961717276,0.6861770514787728,-1988520.3526557733
2025-04-01 07:00:00,0.15157648655608957,0.2262340337902732,0.6863234510924932,-1785149.9894171236
2025-04-01 08:00:00,0.29282328604536934,0.2566859516187192,0.6864697857178669,-1829311.066551936
2025-04-01 09:00:00,0.4141146625040176,0.22574376343869265,0.6866160552796109,-1811407.507679184
2025-04-01 10:00:00,0.5071848090698544,0.2424607527683602,0.6867622597024751,-1645381.114886243
2025-04-01 11:00:00,0.5656911490601073,0.263916381765389,0.6869083989112434,-1728316.7256262964
2025-04-01 12:00:00,0.5856465720907388,0.21662748475577423,0.6870544728307331,-1812685.1866729266
2025-04-01 13:00:00,0.5656911490601073,0.28916987800906535,0.6872004813857947,-1802783.1748843323
2025-04-01 14:00:00,0.5071848090698544,0.20813227830791511,0.687346424501313,-1740587.3356936101
2025-04-01 15:00:00,0.4141146625040177,0.2476572518792975,0.687492302102206,-1754100.5556166773
2025-04-01 16:00:00,0.29282328604536934,0.22713897057888421,0.6876381141134255,-1723442.2759105864
2025-04-01 17:00:00,0.15157648655608974,0.25938793187654086,0.687783860459957,-1822637.4559930956
2025-04-01 18:00:00,7.172101999425429e-17,0.2727899664689449,0.68792954106682,-1865359.0985206084
2025-04-01 19:00:00,0.0,0.2370285126695908,0.6880751558590676,-1861935.2160733766
2025-04-01 20:00:00,0.0,0.2597921155467526,0.6882207047617869,-1836230.6062107994
2025-04-01 21:00:00,0.0,0.26106680315191155,0.6883661877000988,-1814706.5562263527
2025-04-01 22:00:00,0.0,0.2950221479615098,0.688511604599158,-1974757.9203029608
2025-04-01 23:00:00,0.0,0.22213936023351885,0.6886569553841536,-2010352.1162610361
2025-04-02 00:00:00,0.0,0.2348613904751649,0.6888022399803083,-2019543.6787955468
2025-04-02 01:00:00,0.0,0.3175729275961132,0.688947458312879,-2084623.9465868273
2025-04-02 02:00:00,0.0,0.25261055442706326,0.6890926103071568,-2051212.404557851
2025-04-02 03:00:00,0.0,0.22937720682876042,0.6892376958884667,-2002940.1764329695
2025-04-02 04:00:00,0.0,0.2739556692893739,0.6893827149821682,-1970537.6050784003
2025-04-02 05:00:00,0.0,0.22915932384036508,0.6895276675136545,-1870349.6581756664
2025-04-02 06:00:00,0.0,0.315288529963609,0.6896725534083535,-1873097.3659571644
2025-04-02 07:00:00,0.15376785120346922,0.29032381635779453,0.6898173725917274,-1895340.6060233256
2025-04-02 08:00:00,0.297056677460811,0.25942114925550275,0.689962124989272,-1963920.335772254
2025-04-02 09:00:00,0.42010158205856907,0.2598879094551901,0.6901068105265186,-1720762.8765979744
2025-04-02 10:00:00,0.5145172580897253,0.31149819371375953,0.6902514291290319,-1801409.3655784386
2025-04-02 11:00:00,0.5738694332620383,0.3198540935607045,0.6903959807224118,-1706240.7994002036
2025-04-02 12:00:00,0.5941133549216221,0.3168283533715001,0.6905404652322918,-1741480.9949257923
2025-04-02 13:00:00,0.5738694332620383,0.2415769667244755,0.6906848825843408,-1711274.4704705023
2025-04-02 14:00:00,0.5145172580897254,0.22706679597383916,0.6908292327042619,-1638774.0425514448
2025-04-02 15:00:00,0.4201015820585691,0.3006344104082281,0.6909735155177925,-1606730.7528770128
2025-04-02 16:00:00,0.297056677460811,0.2214179308677835,0.6911177309507051,-1791484.4888050598
2025-04-02 17:00:00,0.1537678512034694,0.23184123594849623,0.6912618789288064,-1779883.5045576137
2025-04-02 18:00:00,7.275790184354599e-17,0.2594270100420938,0.6914059593779384,-2016686.7036129583
2025-04-02 19:00:00,0.0,0.2532199306186402,0.6915499722239771,-1654454.3649001159
2025-04-02 20:00:00,0.0,0.2163021727509178,0.691693917392834,-1824086.784454172
2025-04-02 21:00:00,0.0,0.2252101553283465,0.6918377948104548,-1828728.252148663
2025-04-02 22:00:00,0.0,0.24942762706464527,0.6919816044028206,-1936696.0324648356
2025-04-02 23:00:00,0.0,0.3082931550182996,0.6921253460959471,-2006796.542581983
2025-04-03 00:00:00,0.0,0.22375476436293892,0.6922690198158847,-2089910.6996522914
2025-04-03 01:00:00,0.0,0.2532144907086048,0.6924126254887194,-2017247.9920237917
2025-04-03 02:00:00,0.0,0.2002050758453293,0.6925561630405715,-2179509.3761572186
2025-04-03 03:00:00,0.0,0.2773969671079236,0.692699632397597,-2050568.3980192973
2025-04-03 04:00:00,0.0,0.21704154372605702,0.6928430334859865,-1968665.6036126392
2025-04-03 05:00:00,0.0,0.2283161198046949,0.692986366231966,-1870272.2544360089
2025-04-03 06:00:00,0.0,0.26988285023212394,0.6931296305617964,-2008581.049009453
2025-04-03 07:00:00,0.1559519979523734,0.26275286073622545,0.6932728264017741,-1885620.2619734243
2025-04-03 08:00:00,0.3012761249671547,0.28787069898469236,0.6934159536782305,-1841839.5656180878
2025-04-03 09:00:00,0.4260687819477617,0.2138008334438237,0.6935590123175324,-1874074.8210179189
2025-04-03 10:00:00,0.5218255555505824,0.22400277441061292,0.6937020022460818,-1816243.27218092
2025-04-03 11:00:00,0.5820207799001351,0.20956808524947337,0.6938449233903161,-1686329.0901087814
2025-04-03 12:00:00,0.6025522499343096,0.2067160113584995,0.6939877756767083,-1841247.43209928
2025-04-03 13:00:00,0.5820207799001351,0.26255566836563454,0.6941305590317666,-1664096.6865001724
2025-04-03 14:00:00,0.5218255555505825,0.3035161203870016,0.6942732733820345,-1689448.114980106
2025-04-03 15:00:00,0.42606878194776177,0.29536125629801124,0.6944159186540912,-1761410.8509342524
2025-04-03 16:00:00,0.3012761249671547,0.22560143882151076,0.6945584947745514,-1844470.894424899
2025-04-03 17:00:00,0.15595199795237358,0.2868952179446697,0.6947010016700659,-1748303.7883137844
2025-04-03 18:00:00,7.379136842010882e-17,0.24582641041017525,0.6948434392673201,-1817961.97075719
2025-04-03 19:00:00,0.0,0.21830520506596188,0.6949858074930356,-1917519.4406783036
2025-04-03 20:00:00,0.0,0.25934959019962617,0.69512810627397,-1943412.633510364
2025-04-03 21:00:00,0.0,0.2390468574561851,0.695270335536916,-1950397.5069211284
2025-04-03 22:00:00,0.0,0.29354111992849635,0.6954124952087024,-1931025.6179760157
2025-04-03 23:00:00,0.0,0.23979311045010843,0.6955545852161937,-2008150.3736120677
2025-04-04 00:00:00,0.0,0.21800459983704223,0.6956966054862905,-2145549.0162112843
2025-04-04 01:00:00,0.0,0.31600114706977717,0.695838555945929,-2033649.8350658265
2025-04-04 02:00:00,0.0,0.25970567769067704,0.6959804365220812,-1992998.2059220148
2025-04-04 03:00:00,0.0,0.2655028094799731,0.6961222471417554,-2102550.4963355344
2025-04-04 04:00:00,0.0,0.24943231527824708,0.6962639877319957,-1947757.5308118893
2025-04-04 05:00:00,0.0,0.20852732264810167,0.6964056582198821,-2008940.2681360538
2025-04-04 06:00:00,0.0,0.2753426943281076,0.6965472585325312,-1865131.4135974054
2025-04-04 07:00:00,0.15812827959298273,0.25156848864413817,0.6966887885970949,-1785026.75283164
2025-04-04 08:00:00,0.3054803782510413,0.2757385312921704,0.696830248340762,-1962639.0725657416
2025-04-04 09:00:00,0.4320144939614857,0.22281272213905676,0.6969716376907569,-1876632.4140132144
2025-04-04 10:00:00,0.5291075358461622,0.31804415358328525,0.6971129565743405,-1742217.661915751
2025-04-04 11:00:00,0.5901427735544685,0.3034566012447419,0.69725420491881,-1733056.158285594
2025-04-04 12:00:00,0.6109607565020827,0.2691564303508713,0.6973953826514987,-1835669.4608944422
2025-04-04 13:00:00,0.5901427735544685,0.25036305137148485,0.6975364896997764,-1719397.5813408645
2025-04-04 14:00:00,0.5291075358461623,0.3195210577831002,0.6976775259910493,-1749547.3023869365
2025-04-04 15:00:00,0.4320144939614858,0.28100660401932476,0.6978184914527594,-1807523.1873127567
2025-04-04 16:00:00,0.3054803782510413,0.3048797226118646,0.6979593860123862,-1876860.2518221776
2025-04-04 17:00:00,0.1581282795929829,0.22589953439116642,0.6981002095974448,-1820760.0032272455
2025-04-04 18:00:00,7.48211134854921e-17,0.22952936499312387,0.6982409621354871,-1718421.3621133855
2025-04-04 19:00:00,0.0,0.2744443001491371,0.6983816435541017,-1870059.0099624041
2025-04-04 20:00:00,0.0,0.28715788440383655,0.6985222537809137,-1873619.0771662674
2025-04-04 21:00:00,0.0,0.20395755033304594,0.6986627927435846,-1890808.7151596555
2025-04-04 22:00:00,0.0,0.2865009818409635,0.6988032603698127,-2042402.7759647756
2025-04-04 23:00:00,0.0,0.29258028051405044,0.6989436565873334,-2140769.1125167464
2025-04-05 00:00:00,0.0,0.2334484734112799,0.6990839813239181,-2003383.2258703671
2025-04-05 01:00:00,0.0,0.31885520279557944,0.6992242345073756,-2041576.0039765753
2025-04-05 02:00:00,0.0,0.27442000081670154,0.699364416065551,-2005528.4107743644
2025-04-05 03:00:00,0.0,0.26448196694979526,0.6995045259263268,-1993452.0258498075
2025-04-05 04:00:00,0.0,0.2712668211521239,0.6996445640176221,-1916271.727279039
2025-04-05 05:00:00,0.0,0.3151219556451461,0.6997845302673925,-1808211.8660730901
2025-04-05 06:00:00,0.0,0.3017201480522691,0.6999244246036316,-1945680.713801359
2025-04-05 07:00:00,0.16029605124607904,0.28232107304178233,0.7000642469543688,-1889420.4035233792
2025-04-05 08:00:00,0.30966819150148744,0.30118653708895204,0.7002039972476715,-1842814.0828020165
2025-04-05 09:00:00,0.4379369562569524,0.27624936491636826,0.7003436754116437,-1759004.8668223931
2025-04-05 10:00:00,0.5363610411685451,0.3002663701838825,0.7004832813744264,-1827392.7803054897
2025-04-05 11:00:00,0.5982330075030315,0.2015619900870599,0.7006228150641981,-1612217.6896063746
2025-04-05 12:00:00,0.619336383002975,0.2139834482061791,0.7007622764091743,-1638499.2636728468
2025-04-05 13:00:00,0.5982330075030315,0.20847357837716524,0.7009016653376078,-1645972.2966367176
2025-04-05 14:00:00,0.5363610411685452,0.24788139812370874,0.7010409817777885,-1735980.473674645
2025-04-05 15:00:00,0.43793695625695245,0.21804858722657935,0.7011802256580437,-1784153.8134794147
2025-04-05 16:00:00,0.30966819150148744,0.21575804802105858,0.701319396906738,-1821615.0404345978
2025-04-05 17:00:00,0.1602960512460792,0.26914057635306116,0.7014584954522733,-1888182.1489808783
2025-04-05 18:00:00,7.584683190400926e-17,0.24317085639560365,0.7015975212230892,-1827627.252740341
2025-04-05 19:00:00,0.0,0.22691191849368175,0.7017364741476624,-1820168.4571704704
2025-04-05 20:00:00,0.0,0.306087155473142,0.701875354154507,-1767689.2832186425
2025-04-05 21:00:00,0.0,0.23269714241081194,0.702014161172175,-1906968.8180289553
2025-04-05 22:00:00,0.0,0.2674491387780444,0.7021528951292559,-2030114.8613280354
2025-04-05 23:00:00,0.0,0.2502838138632634,0.7022915559543764,-1977134.7254964435
2025-04-06 00:00:00,0.0,0.20429576993950394,0.7024301435762013,-2049389.5384147677
2025-04-06 01:00:00,0.0,0.22523672236237557,0.7025686579234325,-1974902.2783927822
2025-04-06 02:00:00,0.0,0.2667955079320189,0.7027070989248103,-1917212.6145319394
2025-04-06 03:00:00,0.0,0.26942492226519793,0.7028454665091121,-1856878.6198727288
2025-04-06 04:00:00,0.0,0.224037753968496,0.7029837606051534,-2002863.1097631636
2025-04-06 05:00:00,0.0,0.30340695607277013,0.7031219811417875,-1818054.1708509661
2025-04-06 06:00:00,0.0,0.3061869770836204,0.7032601280479054,-1895086.776485441
2025-04-06 07:00:00,0.1624546705541372,0.2562501408717988,0.703398201252436,-1990256.6367042165
2025-04-06 08:00:00,0.3138383237790467,0.3170843656615818,0.7035362006843464,-1935737.002108813
2025-04-06 09:00:00,0.4438344138807665,0.24594526996481486,0.7036741262726413,-1861265.6505585953
2025-04-06 10:00:00,0.5435839221475607,0.29333442621918926,0.7038119779463634,-1814053.9376217464
2025-04-06 11:00:00,0.6062890844349038,0.30895561234600954,0.7039497556345937,-1780973.0962687025
2025-04-06 12:00:00,0.6276766475580935,0.2420742791323127,0.7040874592664512,-1736472.0637581975
2025-04-06 13:00:00,0.6062890844349038,0.2124270286407641,0.7042250887710927,-1663554.9350644704
2025-04-06 14:00:00,0.5435839221475608,0.3155053326361793,0.7043626440777133,-1755547.5418656007
2025-04-06 15:00:00,0.44383441388076655,0.254312272629462,0.7045001251155466,-1840560.2337812267
2025-04-06 16:00:00,0.3138383237790467,0.22374184861546198,0.7046375318138639,-1629199.324972199
2025-04-06 17:00:00,0.1624546705541374,0.23211321805022092,0.704774864101975,-1774707.079091086
2025-04-06 18:00:00,7.686821973315606e-17,0.2809262100375907,0.704912121909228,-1909145.2785807976
2025-04-06 19:00:00,0.0,0.2974301552967459,0.7050493051650092,-1796435.5692212235
2025-04-06 20:00:00,0.0,0.2928264143160546,0.7051864137987435,-1909857.5829772858
2025-04-06 21:00:00,0.0,0.21723886821431276,0.7053234477398936,-1799380.0504534126
2025-04-06 22:00:00,0.0,0.2409000861907984,0.7054604069179615,-1883995.3051583776
2025-04-06 23:00:00,0.0,0.3119799628500562,0.705597291262487,-2014558.835890784
2025-04-07 00:00:00,0.0,0.2831927841161026,0.7057341007030485,-1940557.294183068
2025-04-07 01:00:00,0.0,0.22463046326599623,0.7058708351692632,-2099518.995850034
2025-04-07 02:00:00,0.0,0.2427881533881211,0.7060074945907866,-2062451.1608655553
2025-04-07 03:00:00,0.0,0.23863242847472882,0.706144078897313,-1910324.0904973045
2025-04-07 04:00:00,0.0,0.25033725942282703,0.7062805880185752,-2113148.005455499
2025-04-07 05:00:00,0.0,0.20264449940161994,0.7064170218843447,-2045050.749092541
2025-04-07 06:00:00,0.0,0.306575425636332,0.7065533804244319,-1919969.4761939028
2025-04-07 07:00:00,0.16460349787166942,0.29285084471817624,0.7066896635686857,-1848347.230469592
2025-04-07 08:00:00,0.3179895393835263,0.2216206874736978,0.7068258712469937,-1933207.722950568
2025-04-07 09:00:00,0.4497051192889564,0.2855234101124604,0.7069620033892828,-1812227.828130989
2025-04-07 10:00:00,0.5507740384876921,0.30567675316472115,0.7070980599255183,-1819075.132673899
2025-04-07 11:00:00,0.6143086171606259,0.2521317638687747,0.7072340407857047,-1718142.6972821967
2025-04-07 12:00:00,0.6359790787670527,0.3172433989436881,0.7073699458998853,-1677917.2782031365
2025-04-07 13:00:00,0.6143086171606259,0.29637675514939577,0.7075057751981423,-1588752.2234939076
2025-04-07 14:00:00,0.5507740384876922,0.2681909044308793,0.7076415286105969,-1770014.8789030279
2025-04-07 15:00:00,0.44970511928895646,0.2140709090655809,0.7077772060674097,-1687989.680771623
2025-04-07 16:00:00,0.3179895393835263,0.22530197320213818,0.7079128074987797,-1961577.3623856537
2025-04-07 17:00:00,0.16460349787166959,0.30706268394553204,0.7080483328349457,-1725638.083302367
2025-04-07 18:00:00,7.788497431367536e-17,0.2802772718818231,0.7081837820061854,-1813884.1502968355
2025-04-07 19:00:00,0.0,0.296564493214362,0.7083191549428154,-1869088.645367998
2025-04-07 20:00:00,0.0,0.3007281272357907,0.7084544515751918,-1923815.7349784162
2025-04-07 21:00:00,0.0,0.3007786799092345,0.70858967183371,-1986638.9953884014
2025-04-07 22:00:00,0.0,0.297032475045515,0.7087248156488046,-1920564.4755246022
2025-04-07 23:00:00,0.0,0.30460742357133763,0.7088598829509496,-1999417.6833152275
2025-04-08 00:00:00,0.0,0.2663553695315009,0.708994873670658,-2044568.728735264
2025-04-08 01:00:00,0.0,0.2044955434192576,0.7091297877384828,-1955856.312398534
2025-04-08 02:00:00,0.0,0.2512572494510102,0.709264625085016,-2040683.6586451961
2025-04-08 03:00:00,0.0,0.3084688325893943,0.7093993856408891,-1965394.7392620957
2025-04-08 04:00:00,0.0,0.20361076982250956,0.7095340693367734,-1899780.550413339
2025-04-08 05:00:00,0.0,0.2685688393203756,0.7096686761033796,-1917357.5870753354
2025-04-08 06:00:00,0.0,0.2594799518739284,0.7098032058714576,-1925604.5163396143
2025-04-08 07:00:00,0.166741896454766,0.2241676544079108,0.7099376585717976,-1866361.622565237
2025-04-08 08:00:00,0.3221206082201522,0.23087749748295852,0.7100720341352287,-1853094.3610728811
2025-04-08 09:00:00,0.4555473328648096,0.25242859166521525,0.7102063324926202,-1764763.9227003248
2025-04-08 10:00:00,0.5579292596022927,0.25007067517692966,0.7103405535748811,-1728954.4478911797
2025-04-08 11:00:00,0.6222892293195756,0.2056165721730946,0.7104746973129601,-1729321.0762147666
2025-04-08 12:00:00,0.6442412164403045,0.24547093176199608,0.7106087636378454,-1728478.901708627
2025-04-08 13:00:00,0.6222892293195756,0.23296086525573734,0.7107427524805654,-1814359.8438790163
2025-04-08 14:00:00,0.5579292596022927,0.21490292515465628,0.7108766637721882,-1699638.3407106057
2025-04-08 15:00:00,0.45554733286480964,0.27718731811766334,0.7110104974438216,-1725197.8311640425
2025-04-08 16:00:00,0.3221206082201522,0.29440992353238066,0.7111442534266139,-1661168.6989558795
2025-04-08 17:00:00,0.16674189645476617,0.2794659687600563,0.7112779316517529,-1810418.5271846375
2025-04-08 18:00:00,7.889679435924161e-17,0.20264545761267497,0.7114115320504664,-1886192.1117403766
2025-04-08 19:00:00,0.0,0.3004978727535732,0.7115450545540224,-1840622.6239809215
2025-04-08 20:00:00,0.0,0.3016230276114798,0.711678499093729,-1922624.1233528857
2025-04-08 21:00:00,0.0,0.2615251981542362,0.7118118656009343,-1937964.1439708474
2025-04-08 22:00:00,0.0,0.262458981524121,0.7119451540070266,-2136359.8185120556
2025-04-08 23:00:00,0.0,0.2757341548069308,0.7120783642434343,-1955973.5806215932
2025-04-09 00:00:00,0.0,0.24880182855978616,0.712211496241626,-2186268.82027554
2025-04-09 01:00:00,0.0,0.27970218587038326,0.712344549933111,-2064994.391922581
2025-04-09 02:00:00,0.0,0.23710727329722264,0.7124775252494382,-2026274.1584451327
2025-04-09 03:00:00,0.0,0.2070294952281425,0.7126104221221972,-2078956.8263293896
2025-04-09 04:00:00,0.0,0.2523162656810985,0.7127432404830177,-1977401.2974283875
2025-04-09 05:00:00,0.0,0.27842929634554975,0.7128759802635704,-1972901.505681264
2025-04-09 06:00:00,0.0,0.25228422762720776,0.7130086413955656,-1933037.6706355962
2025-04-09 07:00:00,0.16886923264977632,0.2569786345969778,0.7131412238107548,-1906952.2387530329
2025-04-09 08:00:00,0.32623030616407217,0.30574250001946046,0.7132737274409294,-1815181.0641449506
2025-04-09 09:00:00,0.46135932343435804,0.2148932268284443,0.7134061522179219,-1758341.278711655
2025-04-09 10:00:00,0.5650474652449233,0.2050211924530678,0.7135384980736048,-1704436.0342132288
2025-04-09 11:00:00,0.6302285560841344,0.237483959272568,0.7136707649398916,-1616626.2306148391
2025-04-09 12:00:00,0.6524606123281445,0.2730865174620653,0.7138029527487362,-1685079.5943557809
2025-04-09 13:00:00,0.6302285560841344,0.2003920974220956,0.7139350614321334,-1577295.0782658833
2025-04-09 14:00:00,0.5650474652449234,0.2948089229881518,0.7140670909221185,-1675811.7069277086
2025-04-09 15:00:00,0.4613593234343581,0.3114753069612931,0.7141990411507676,-1820887.162084197
2025-04-09 16:00:00,0.32623030616407217,0.26609917213560513,0.7143309120501977,-1800777.4341505654
2025-04-09 17:00:00,0.1688692326497765,0.22855923546866427,0.7144627035525665,-1759090.6901233608
2025-04-09 18:00:00,7.990338004573842e-17,0.292078695062922,0.7145944155900724,-1906305.367836909
2025-04-09 19:00:00,0.0,0.24874791936841484,0.714726048094955,-1844183.8856451123
2025-04-09 20:00:00,0.0,0.2561826058698892,0.7148576009994946,-2045545.069763403
2025-04-09 21:00:00,0.0,0.2837445002359344,0.7149890742360127,-1901992.0972996696
2025-04-09 22:00:00,0.0,0.2377407587482075,0.7151204677368712,-2056325.558997683
2025-04-09 23:00:00,0.0,0.2742082459663196,0.7152517814344739,-1951118.6391995621
2025-04-10 00:00:00,0.0,0.2740907334500974,0.7153830152612648,-2153960.191483156
2025-04-10 01:00:00,0.0,0.23899936510440473,0.7155141691497294,-2184533.787925194
2025-04-10 02:00:00,0.0,0.2759363644881011,0.7156452430323945,-1998239.6472664815
2025-04-10 03:00:00,0.0,0.29199026970324793,0.7157762368418276,-2076903.6566084465
2025-04-10 04:00:00,0.0,0.21909063865376074,0.7159071505106378,-1973567.328989955
2025-04-10 05:00:00,0.0,0.269151822681569,0.7160379839714752,-1997277.8380760895
2025-04-10 06:00:00,0.0,0.2842402336986874,0.7161687371570313,-1864297.5508320436
2025-04-10 07:00:00,0.1709848760810742,0.2684892141634822,0.7162994100000388,-1922049.7262134175
2025-04-10 08:00:00,0.33031741542309107,0.2734264317618759,0.7164300024332717,-1769568.4779820107
2025-04-10 09:00:00,0.4671393687793632,0.31360922186767726,0.7165605143895455,-1775881.1604300255
2025-04-10 10:00:00,0.5721265461376293,0.20348600555259633,0.7166909458017172,-1783820.697135999
2025-04-10 11:00:00,0.6381242448604375,0.2810235579895435,0.7168212966026847,-1698401.9670799505
2025-04-10 12:00:00,0.6606348308461822,0.26925368933639254,0.7169515667253881,-1761332.6457844106
2025-04-10 13:00:00,0.6381242448604375,0.24264182635237247,0.7170817561028082,-1661104.206599754
2025-04-10 14:00:00,0.5721265461376294,0.20845871882874764,0.7172118646679684,-1717389.1792891247
2025-04-10 15:00:00,0.46713936877936324,0.23393909552809486,0.7173418923539326,-1759376.6776069652
2025-04-10 16:00:00,0.33031741542309107,0.23428368279159628,0.7174718390938071,-1759123.4028312513
2025-04-10 17:00:00,0.17098487608107438,0.3139725467731549,0.7176017048207392,-1897050.8679788073
2025-04-10 18:00:00,8.090443310010302e-17,0.282123485749849,0.7177314894679183,-1846129.4955472974
2025-04-10 19:00:00,0.0,0.24555104883459153,0.7178611929685754,-1752940.545861601
2025-04-10 20:00:00,0.0,0.2585892826789002,0.7179908152559834,-1836919.523208451
2025-04-10 21:00:00,0.0,0.2320035472866434,0.7181203562634567,-1919296.0092100266
2025-04-10 22:00:00,0.0,0.2996537134113043,0.7182498159243517,-2047575.2937288943
2025-04-10 23:00:00,0.0,0.2695461860219,0.7183791941720665,-1992466.592165397
2025-04-11 00:00:00,0.0,0.29851166472495394,0.7185084909400413,-2023114.0389526382
2025-04-11 01:00:00,0.0,0.29306657281669224,0.718637706161758,-1846401.7533948245
2025-04-11 02:00:00,0.0,0.2123716505386984,0.7187668397707407,-1929003.4320299176
2025-04-11 03:00:00,0.0,0.2816223566264115,0.7188958917005552,-2022980.6466439117
2025-04-11 04:00:00,0.0,0.261117740279058,0.7190248618848096,-2032418.6331869222
2025-04-11 05:00:00,0.0,0.21133692329557063,0.7191537502571538,-1804402.2853848224
2025-04-11 06:00:00,0.0,0.22127059815151348,0.71928255675128,-1986635.9086366992
2025-04-11 07:00:00,0.17308819983785156,0.2260613223906255,0.7194112813009221,-1850134.9846958523
2025-04-11 08:00:00,0.33438072489852827,0.22598167738417,0.7195399238398571,-1764257.2867497108
2025-04-11 09:00:00,0.4728857561476456,0.2967541822657546,0.719668484301903,-1741781.8915243607
2025-04-11 10:00:00,0.5791644045959625,0.3038916474193925,0.7197969626209209,-1727785.564169821
2025-04-11 11:00:00,0.6459739559854972,0.24118066707982366,0.7199253587308136,-1633722.4929211123
2025-04-11 12:00:00,0.6687614497970567,0.27856525123810716,0.7200536725655269,-1751030.93925307
2025-04-11 13:00:00,0.6459739559854972,0.21854388488051257,0.720181904059048,-1697767.2107917753
2025-04-11 14:00:00,0.5791644045959626,0.208852420826232,0.7203100531454073,-1854779.8635676466
2025-04-11 15:00:00,0.47288575614764566,0.20184655770881094,0.7204381197586771,-1781449.7076698674
2025-04-11 16:00:00,0.33438072489852827,0.2597559062326897,0.7205661038329723,-1701268.063723701
2025-04-11 17:00:00,0.17308819983785176,0.2336367656649374,0.72069400530245,-1779271.0919550397
2025-04-11 18:00:00,8.189965688871088e-17,0.20712585110681425,0.7208218241013105,-1778647.6065494919
2025-04-11 19:00:00,0.0,0.22404965842931987,0.7209495601637957,-1806389.3308196396
2025-04-11 20:00:00,0.0,0.2022793297393457,0.7210772134241907,-1826743.5623652465
2025-04-11 21:00:00,0.0,0.2935370449344603,0.7212047838168231,-1967056.6659266532
2025-04-11 22:00:00,0.0,0.22900546444441894,0.7213322712760629,-1982268.5235933014
2025-04-11 23:00:00,0.0,0.2798202154322316,0.7214596757363231,-2151424.0721522216
2025-04-12 00:00:00,0.0,0.22185374792206025,0.7215869971320589,-2105526.784511215
2025-04-12 01:00:00,0.0,0.21448234332711685,0.7217142353977688,-2076264.76073425
2025-04-12 02:00:00,0.0,0.21237791004099554,0.7218413904679939,-2005044.901620941
2025-04-12 03:00:00,0.0,0.3085766434204683,0.7219684622773178,-1900523.5886606493
2025-04-12 04:00:00,0.0,0.22740067192886193,0.7220954507603673,-1950739.333668479
2025-04-12 05:00:00,0.0,0.2917961199852696,0.7222223558518119,-1913469.5800565502
2025-04-12 06:00:00,0.0,0.2898414903848496,0.722349177486364,-1961443.5248635216
2025-04-12 07:00:00,0.17517858065988584,0.23417596878350877,0.7224759155987789,-1860360.2545620457
2025-04-12 08:00:00,0.33841903054409284,0.3156583702015301,0.722602570123855,-1681010.9791012015
2025-04-12 09:00:00,0.47859678276061085,0.2225238671695466,0.7227291409964336,-1749976.759610332
2025-04-12 10:00:00,0.5861589551505726,0.2355996466191385,0.722855628151399,-1651854.9990310094
2025-04-12 11:00:00,0.6537753634204968,0.2966533196350993,0.7229820315236788,-1758653.3138642705
2025-04-12 12:00:00,0.6768380610881858,0.2404227132265968,0.7231083510482433,-1709608.4353018117
2025-04-12 13:00:00,0.6537753634204968,0.2171023266526819,0.7232345866601065,-1781652.7027913025
2025-04-12 14:00:00,0.5861589551505727,0.22305089829828312,0.723360738294325,-1643003.2447978612
2025-04-12 15:00:00,0.4785967827606109,0.20561361992652927,0.7234868058859988,-1723839.939765957
2025-04-12 16:00:00,0.33841903054409284,0.29092771343000245,0.7236127893702715,-1708268.0132683793
2025-04-12 17:00:00,0.17517858065988604,0.2433480380323282,0.7237386886823294,-1641545.0585745543
2025-04-12 18:00:00,8.288875650527474e-17,0.27608659656495566,0.7238645037574022,-1892629.3750746502
2025-04-12 19:00:00,0.0,0.27258162252019336,0.7239902345307634,-1985330.676827237
2025-04-12 20:00:00,0.0,0.29027657911502336,0.7241158809377295,-1875794.1451697086
2025-04-12 21:00:00,0.0,0.21833998754754178,0.7242414429136603,-1950965.8848973322
2025-04-12 22:00:00,0.0,0.2263555690788507,0.7243669203939594,-1827096.0901011925
2025-04-12 23:00:00,0.0,0.2923065845692112,0.7244923133140736,-1995235.7441013902
2025-04-13 00:00:00,0.0,0.21619169511641695,0.7246176216094933,-2132539.9321578336
2025-04-13 01:00:00,0.0,0.2610015436832246,0.7247428452157524,-1924011.778833798
2025-04-13 02:00:00,0.0,0.29143186349257955,0.7248679840684282,-2041917.242460637
2025-04-13 03:00:00,0.0,0.24535357992062493,0.724993038103142,-1943724.9626576777
2025-04-13 04:00:00,0.0,0.299845132753395,0.7251180072555585,-1976592.2307735756
2025-04-13 05:00:00,0.0,0.3134437278132503,0.725242891461386,-1854082.5583291233
2025-04-13 06:00:00,0.0,0.21319409749711468,0.7253676906563766,-1937151.2720357552
2025-04-13 07:00:00,0.17725539912222535,0.2506376869157819,0.7254924047763263,-1847794.719271668
2025-04-13 08:00:00,0.3424311357226682,0.23243069105832742,0.7256170337570743,-1809948.0272841628
2025-04-13 09:00:00,0.48427075631781946,0.31073690854050595,0.7257415775345044,-1823816.427764794
2025-04-13 10:00:00,0.5931081251651753,0.23845170463372156,0.7258660360445437,-1767977.634273739
2025-04-13 11:00:00,0.6615261554400449,0.28739855117383367,0.7259904092231632,-1701341.307509288
2025-04-13 12:00:00,0.6848622714453365,0.22347349426208496,0.7261146970063778,-1880540.8584086099
2025-04-13 13:00:00,0.6615261554400449,0.2898415507954277,0.7262388993302467,-1643441.879311698
2025-04-13 14:00:00,0.5931081251651754,0.25804320737366465,0.7263630161308726,-1694258.956793309
2025-04-13 15:00:00,0.4842707563178195,0.21971819663168915,0.7264870473444024,-1697021.1185206315
2025-04-13 16:00:00,0.3424311357226682,0.2976895607680233,0.726610992907027,-1800050.5656380753
2025-04-13 17:00:00,0.17725539912222554,0.22505165733267407,0.7267348527549816,-1885059.0851018608
2025-04-13 18:00:00,8.387143885823171e-17,0.2659721075883006,0.7268586268245449,-1882971.5609506026
2025-04-13 19:00:00,0.0,0.27131623066085464,0.7269823150520405,-1830668.5210328386
2025-04-13 20:00:00,0.0,0.2825398732333262,0.7271059173738356,-1961572.713109524
2025-04-13 21:00:00,0.0,0.3123308651309883,0.7272294337263416,-1881268.748862068
2025-04-13 22:00:00,0.0,0.2745189796006823,0.7273528640460145,-1908035.1938941884
2025-04-13 23:00:00,0.0,0.30174866746556955,0.7274762082693544,-1902398.0295962698
2025-04-14 00:00:00,0.0,0.22151802122590328,0.7275994663329055,-2045072.0582436125
2025-04-14 01:00:00,0.0,0.30322516592078697,0.7277226381732564,-1981730.7936078648
2025-04-14 02:00:00,0.0,0.30482933275708407,0.7278457237270405,-2049023.9686644133
2025-04-14 03:00:00,0.0,0.30667156242401455,0.7279687229309348,-1941437.71287284
2025-04-14 04:00:00,0.0,0.2389419426069225,0.7280916357216614,-2039920.1952040421
2025-04-14 05:00:00,0.0,0.23775077255325194,0.7282144620359864,-2127647.530194335
2025-04-14 06:00:00,0.0,0.24759845744970865,0.7283372018107207,-1881344.847300496
2025-04-14 07:00:00,0.17931803981873834,0.20555672063866376,0.7284598549827197,-1802184.26527001
2025-04-14 08:00:00,0.3464158515609017,0.26566147359584996,0.7285824214888832,-1847777.4770018808
2025-04-14 09:00:00,0.48990599549845215,0.2288439440932284,0.7287049012661556,-1723494.8851028332
2025-04-14 10:00:00,0.6000098554507202,0.2243189645970296,0.728827294251526,-1734298.7966637935
2025-04-14 11:00:00,0.6692240353171905,0.2554523309051601,0.7289496003820282,-1665490.1251588576
2025-04-14 12:00:00,0.6928317031218035,0.23463876156678884,0.7290718195947404,-1661549.4481521545
2025-04-14 13:00:00,0.6692240353171905,0.20024116083345844,0.7291939518267859,-1713722.7568883842
2025-04-14 14:00:00,0.6000098554507203,0.3018663878330129,0.7293159970153327,-1742607.0168923598
2025-04-14 15:00:00,0.4899059954984522,0.21907209654190055,0.7294379550975929,-1689195.3585498966
2025-04-14 16:00:00,0.3464158515609017,0.2770086107063409,0.7295598260108247,-1698261.2189196914
2025-04-14 17:00:00,0.1793180398187385,0.2290808046232866,0.7296816096923298,-1868414.2415766933
2025-04-14 18:00:00,8.484741275759259e-17,0.2431695198288476,0.7298033060794555,-1741907.6952358102
2025-04-14 19:00:00,0.0,0.2711147998859925,0.7299249151095942,-1815040.7793860445
2025-04-14 20:00:00,0.0,0.26509681633634014,0.7300464367201828,-1841262.7069030558
2025-04-14 21:00:00,0.0,0.2926772780096476,0.7301678708487032,-1768670.916013073
2025-04-14 22:00:00,0.0,0.22985496057033183,0.7302892174326824,-1965939.8956873731
2025-04-14 23:00:00,0.0,0.20377106811030618,0.7304104764096925,-1872856.0494087292
2025-04-15 00:00:00,0.0,0.2860247530550714,0.7305316477173506,-2019174.102835374
2025-04-15 01:00:00,0.0,0.30844218847380434,0.730652731293319,-1903776.635064012
2025-04-15 02:00:00,0.0,0.2026615583185279,0.730773727075305,-2011443.9923952178
2025-04-15 03:00:00,0.0,0.25372047767669065,0.7308946350010612,-1899710.5280162285
2025-04-15 04:00:00,0.0,0.24808052712700454,0.7310154550083853,-1839334.1132028673
2025-04-15 05:00:00,0.0,0.205344880755726,0.7311361870351201,-2060502.2194922352
2025-04-15 06:00:00,0.0,0.2910380373099515,0.7312568310191541,-1917762.4461852268
2025-04-15 07:00:00,0.18136589154447091,0.3070224455083481,0.7313773868984205,-1816795.4994190228
2025-04-15 08:00:00,0.3503719973014932,0.2089541327306554,0.7314978546108982,-1790137.8816016458
2025-04-15 09:00:00,0.4955008304595212,0.21764061734981405,0.7316182340946117,-1803872.3515828594
2025-04-15 10:00:00,0.6068621008755719,0.2944057930065919,0.7317385252876303,-1582730.8566514906
2025-04-15 11:00:00,0.6768667220039922,0.3034283481629748,0.7318587281280691,-1541981.5522258903
2025-04-15 12:00:00,0.7007439946029865,0.23631736227553382,0.7319788425540885,-1591634.7481870793
2025-04-15 13:00:00,0.6768667220039922,0.2500795500893089,0.7320988685038944,-1650179.3154815894
2025-04-15 14:00:00,0.6068621008755719,0.2096750554959651,0.7322188059157385,-1682445.3340771142
2025-04-15 15:00:00,0.49550083045952126,0.3056511658671417,0.7323386547279176,-1713504.4398223173
2025-04-15 16:00:00,0.3503719973014932,0.3084871756018599,0.7324584148787743,-1650868.644299486
2025-04-15 17:00:00,0.1813658915444711,0.2280018661423905,0.7325780863066971,-1635115.5271134528
2025-04-15 18:00:00,8.581638900122776e-17,0.21211692763805373,0.7326976689501193,-1845609.3938262924
2025-04-15 19:00:00,0.0,0.2466791485532762,0.7328171627475211,-1867630.8127541905
2025-04-15 20:00:00,0.0,0.21663036536378844,0.7329365676374271,-1807634.5803075153
2025-04-15 21:00:00,0.0,0.26071751780815344,0.7330558835584087,-1941267.04880224
2025-04-15 22:00:00,0.0,0.3080351570010613,0.7331751104490825,-1860212.7896648166
2025-04-15 23:00:00,0.0,0.23332691326356186,0.7332942482481108,-2027897.4273051121
2025-04-16 00:00:00,0.0,0.24174150766642255,0.7334132968942026,-1975768.2474332796
2025-04-16 01:00:00,0.0,0.2297787602659036,0.7335322563261117,-1966434.887261477
2025-04-16 02:00:00,0.0,0.2300593178902134,0.7336511264826383,-1988775.1330470757
2025-04-16 03:00:00,0.0,0.30543795629155596,0.7337699073026285,-2011314.0791022638
2025-04-16 04:00:00,0.0,0.24809666960273133,0.7338885987249744,-2048039.2123579753
2025-04-16 05:00:00,0.0,0.2306640148341899,0.7340072006886138,-1848791.7157787746
2025-04-16 06:00:00,0.0,0.23237223772967674,0.734125713132531,-1890079.2208405712
2025-04-16 07:00:00,0.18339834747676054,0.2970407784259838,0.7342441359957562,-1778727.7667509913
2025-04-16 08:00:00,0.35429840065307916,0.1992070981958382,0.7343624692173653,-1700625.4480896774
2025-04-16 09:00:00,0.5010536033306812,0.23037873143102505,0.7344807127364807,-1678414.458446191
2025-04-16 10:00:00,0.6136628309715274,0.28296689326965047,0.7345988664922709,-1780204.25120874
2025-04-16 11:00:00,0.6844519508074418,0.2001265943123808,0.7347169304239505,-1643865.0532252456
2025-04-16 12:00:00,0.7085968013061584,0.228821962380564,0.7348349044707803,-1681577.389307133
2025-04-16 13:00:00,0.6844519508074418,0.274872679571453,0.7349527885720675,-1749709.358792287
2025-04-16 14:00:00,0.6136628309715275,0.2738010735493329,0.7350705826671653,-1771419.3431184134
2025-04-16 15:00:00,0.5010536033306813,0.3132615070257625,0.7351882866954735,-1787477.7869343658
2025-04-16 16:00:00,0.35429840065307916,0.30370528786328255,0.7353059005964382,-1735036.4694455655
2025-04-16 17:00:00,0.18339834747676073,0.3004557656892146,0.7354234243095514,-1666173.0314781407
2025-04-16 18:00:00,8.677808046056399e-17,0.2713937936089383,0.7355408577743523,-1907456.3410184723
2025-04-16 19:00:00,0.0,0.2360435494973031,0.7356582009304258,-1882312.8290012819
2025-04-16 20:00:00,0.0,0.20520784568375566,0.7357754537174036,-1897321.7298424623
2025-04-16 21:00:00,0.0,0.2273635527362623,0.735892616074964,-1964805.6066141021
2025-04-16 22:00:00,0.0,0.2832851433437513,0.7360096879428315,-1893584.5188265492
2025-04-16 23:00:00,0.0,0.2289271651303819,0.7361266692607774,-1999235.2967230098
2025-04-17 00:00:00,0.0,0.2373967452357556,0.7362435599686195,-1886297.387187017
2025-04-17 01:00:00,0.0,0.29753296274880786,0.7363603600062221,-1971803.7723599488
2025-04-17 02:00:00,0.0,0.2806280723680362,0.7364770693134965,-1976086.6765607672
2025-04-17 03:00:00,0.0,0.20652660830142833,0.7365936878304002,-2046773.9682776777
2025-04-17 04:00:00,0.0,0.27984985989738814,0.7367102154969379,-1958648.7330859248
2025-04-17 05:00:00,0.0,0.30534928989634824,0.7368266522531607,-1910225.4806649247
2025-04-17 06:00:00,0.0,0.27836506746188827,0.7369429980391664,-1887339.3944962404
2025-04-17 07:00:00,0.18541480535505048,0.26824930805141806,0.7370592527951,-1778180.5539792664
2025-04-17 08:00:00,0.35819389813760777,0.20017173311624534,0.7371754164611528,-1888625.2396269257
2025-04-17 09:00:00,0.5065626687054918,0.2379034104633922,0.7372914889775637,-1715542.6277823267
2025-04-17 10:00:00,0.6204100305354878,0.19971080838047883,0.7374074702846176,-1859842.0431255258
2025-04-17 11:00:00,0.6919774740605424,0.2442910417678537,0.7375233603226471,-1731349.93333863
2025-04-17 12:00:00,0.7163877962752156,0.20299385063860448,0.7376391590320311,-1596053.1848773751
2025-04-17 13:00:00,0.6919774740605424,0.2573202020506192,0.7377548663531961,-1725881.208882547
2025-04-17 14:00:00,0.6204100305354878,0.2350920145758586,0.7378704822266151,-1667084.374464163
2025-04-17 15:00:00,0.5065626687054919,0.2981141645088018,0.7379860065928087,-1686059.4789317118
2025-04-17 16:00:00,0.35819389813760777,0.288309961101103,0.738101439392344,-1770987.662236193
2025-04-17 17:00:00,0.18541480535505067,0.2626218656402977,0.7382167805658354,-1876606.8126750914
2025-04-17 18:00:00,8.77322021656669e-17,0.22559426763007814,0.7383320300539445,-1849395.9119287187
2025-04-17 19:00:00,0.0,0.28504231172102634,0.7384471877973804,-1803222.9647451171
2025-04-17 20:00:00,0.0,0.27859233220739893,0.7385622537368987,-1873632.8104435361
2025-04-17 21:00:00,0.0,0.22398688645320264,0.7386772278133027,-1930851.5806997945
2025-04-17 22:00:00,0.0,0.22526787105870072,0.7387921099674428,-1974612.4981395027
2025-04-17 23:00:00,0.0,0.21774877326786762,0.738906900140217,-1807301.3126379305
2025-04-18 00:00:00,0.0,0.3127370083641899,0.73902159827257,-2015858.3192525576
2025-04-18 01:00:00,0.0,0.2807898137464926,0.7391362043054944,-2017384.6885890975
2025-04-18 02:00:00,0.0,0.23399754105930046,0.7392507181800301,-1873321.1859398892
2025-04-18 03:00:00,0.0,0.24445844649997703,0.7393651398372639,-1952474.314917941
2025-04-18 04:00:00,0.0,0.31386882501050745,0.739479469218331,-1905670.1770856841
2025-04-18 05:00:00,0.0,0.21238925337189418,0.7395937062644131,-1821280.7458857892
2025-04-18 06:00:00,0.0,0.21093751578178732,0.7397078509167401,-1859815.369310866
2025-04-18 07:00:00,0.18741466765935264,0.2625845283456061,0.7398219031165889,-1806354.6139377267
2025-04-18 08:00:00,0.3620573354351026,0.2850490349361806,0.7399358628052844,-1767200.2276901628
2025-04-18 09:00:00,0.5120263941289871,0.24779505552570497,0.7400497299241989,-1627617.1685249626
2025-04-18 10:00:00,0.6271017002266054,0.2257107999914085,0.7401635044147522,-1702047.6902351724
2025-04-18 11:00:00,0.6994410617883398,0.26165479815485226,0.7402771862184121,-1639573.2615902612
2025-04-18 12:00:00,0.7241146708702053,0.26331898037370466,0.7403907752766937,-1665291.4252906896
2025-04-18 13:00:00,0.6994410617883398,0.3080500098081799,0.7405042715311602,-1576498.2060223517
2025-04-18 14:00:00,0.6271017002266055,0.24108955167436452,0.740617674923422,-1613690.495556272
2025-04-18 15:00:00,0.5120263941289872,0.23280583252327572,0.7407309853951378,-1790438.8228379984
2025-04-18 16:00:00,0.3620573354351026,0.299134671116695,0.7408442028880139,-1801293.4963705845
2025-04-18 17:00:00,0.18741466765935283,0.2696379651798743,0.7409573273438045,-1778653.5031443995
2025-04-18 18:00:00,8.867847138968361e-17,0.21818886799382908,0.7410703587043115,-1782287.5663633812
2025-04-18 19:00:00,0.0,0.2956284325312077,0.741183296911385,-1884651.8977497467
2025-04-18 20:00:00,0.0,0.3087902953524779,0.7412961419069224,-1863774.021236902
2025-04-18 21:00:00,0.0,0.23926178552172883,0.74140889363287,-1832293.8432611432
2025-04-18 22:00:00,0.0,0.23717243977826713,0.7415215520312212,-1952774.8330540396
2025-04-18 23:00:00,0.0,0.22634640153179617,0.7416341170440179,-1904382.9463496725
2025-04-19 00:00:00,0.0,0.24697574282895457,0.74174658861335,-1909141.1963391756
2025-04-19 01:00:00,0.0,0.21792882849876258,0.7418589666813551,-2054541.526654818
2025-04-19 02:00:00,0.0,0.2933251830585099,0.7419712511902194,-1929111.7638925002
2025-04-19 03:00:00,0.0,0.26335702441762393,0.7420834420821771,-2034752.7282092585
2025-04-19 04:00:00,0.0,0.2453427143054443,0.7421955392995105,-1976127.5450394112
2025-04-19 05:00:00,0.0,0.28292179215765434,0.7423075427845499,-1889157.2733647588
2025-04-19 06:00:00,0.0,0.24298947411223282,0.742419452479674,-1843329.964274204
2025-04-19 07:00:00,0.18939734178730572,0.23910475854911867,0.7425312683273099,-1896371.2245436313
2025-04-19 08:00:00,0.3658875677257127,0.2938926260939895,0.7426429902699327,-1769281.9827656646
2025-04-19 09:00:00,0.5174431605814073,0.21614738921485116,0.7427546182500662,-1786117.74908439
2025-04-19 10:00:00,0.633735857158733,0.23358096896013572,0.742866152210282,-1656939.902554085
2025-04-19 11:00:00,0.706840502368713,0.24177875929971512,0.7429775920932004,-1696950.7985036778
2025-04-19 12:00:00,0.7317751354514255,0.24299633820697453,0.7430889378414901,-1702381.972263336
2025-04-19 13:00:00,0.706840502368713,0.1988720025361278,0.7432001893978682,-1607229.8588950387
2025-04-19 14:00:00,0.633735857158733,0.2294429199319763,0.7433113467051002,-1742679.0100745074
2025-04-19 15:00:00,0.5174431605814073,0.25923595110985886,0.7434224097060002,-1842308.2414607368
2025-04-19 16:00:00,0.3658875677257127,0.3021358959416464,0.7435333783434307,-1763871.7649062553
2025-04-19 17:00:00,0.1893973417873059,0.25088455594035497,0.7436442525603028,-1697676.115343158
2025-04-19 18:00:00,8.96166077326209e-17,0.21827064465842164,0.7437550322995761,-1806871.1238147859
2025-04-19 19:00:00,0.0,0.28692578758602244,0.7438657175042588,-1779622.9346551402
2025-04-19 20:00:00,0.0,0.27353395688261484,0.743976308117408,-1743743.5615449187
2025-04-19 21:00:00,0.0,0.20737761157535434,0.7440868040821292,-1885341.6672349125
2025-04-19 22:00:00,0.0,0.2085547351855609,0.7441972053415767,-1880047.7924994933
2025-04-19 23:00:00,0.0,0.24145285963948476,0.7443075118389534,-2068386.5451070513
2025-04-20 00:00:00,0.0,0.25587676853095054,0.744417723517511,-1925096.499642483
2025-04-20 01:00:00,0.0,0.2706155709915279,0.7445278403205501,-2081193.5372668472
2025-04-20 02:00:00,0.0,0.21146253166564294,0.74463786219142,-1863372.7149604708
2025-04-20 03:00:00,0.0,0.22412612726526132,0.7447477890735188,-1888936.8927904165
2025-04-20 04:00:00,0.0,0.20160826518554453,0.7448576209102937,-1808269.8467999746
2025-04-20 05:00:00,0.0,0.22840159670417257,0.7449673576452405,-1990856.4768628217
2025-04-20 06:00:00,0.0,0.31026598480519246,0.745076999221904,-1972791.351293593
2025-04-20 07:00:00,0.191362240229776,0.27674694477982203,0.7451865455838781,-1813961.5355503806
2025-04-20 08:00:00,0.3696834600289471,0.2450664496257914,0.7452959966748055,-1909367.0445875898
2025-04-20 09:00:00,0.5228113629579489,0.2980768433169076,0.7454053524383782,-1760448.929816776
2025-04-20 10:00:00,0.6403105354879947,0.2739502467228138,0.745514612818337,-1597551.4175416154
2025-04-20 11:00:00,0.714173603187725,0.2525373892712666,0.7456237777584716,-1865363.9758637603
2025-04-20 12:00:00,0.7393669200578943,0.3060137213421431,0.7457328472026211,-1764959.0602323539
2025-04-20 13:00:00,0.714173603187725,0.2413315795162077,0.7458418210946738,-1622655.634775526
2025-04-20 14:00:00,0.6403105354879947,0.1985953535478149,0.745950699378567,-1787014.1349261
2025-04-20 15:00:00,0.522811362957949,0.23577609824227275,0.7460594819982869,-1623487.5269501035
2025-04-20 16:00:00,0.3696834600289471,0.26283138420762076,0.7461681688978695,-1547473.5471758193
2025-04-20 17:00:00,0.1913622402297762,0.24947633342110334,0.7462767600213998,-1704270.3563975517
2025-04-20 18:00:00,9.054633320443373e-17,0.2535250041669756,0.7463852553130117,-1784717.8683158553
2025-04-20 19:00:00,0.0,0.24206216062180783,0.7464936547168891,-1823163.4288921217
2025-04-20 20:00:00,0.0,0.3102074325872081,0.7466019581772645,-1903337.947125039
2025-04-20 21:00:00,0.0,0.3043162564924027,0.7467101656384204,-1905621.767321207
2025-04-20 22:00:00,0.0,0.2991056693339911,0.7468182770446883,-1939715.667678917
2025-04-20 23:00:00,0.0,0.2846061629662922,0.746926292340449,-2097169.943012313
2025-04-21 00:00:00,0.0,0.24446382921028512,0.7470342114701334,-1965344.781413219
2025-04-21 01:00:00,0.0,0.28157814411030924,0.7471420343782211,-2052684.8916741
2025-04-21 02:00:00,0.0,0.26616633022681974,0.7472497610092418,-1887632.4745264228
2025-04-21 03:00:00,0.0,0.1978881129234481,0.7473573913077742,-2092062.2440649043
2025-04-21 04:00:00,0.0,0.253782650070553,0.7474649252184471,-1923159.2330306447
2025-04-21 05:00:00,0.0,0.24642640232170987,0.7475723626859383,-1821324.369986108
2025-04-21 06:00:00,0.0,0.26798793696663226,0.7476797036549758,-1864918.648544165
2025-04-21 07:00:00,0.19330878074494895,0.24924369876893326,0.7477869480703369,-1931721.756676471
2025-04-21 08:00:00,0.37344388753999425,0.2178855415541271,0.7478940958768485,-1826302.8897948419
2025-04-21 09:00:00,0.5281294105443928,0.2079856025711072,0.7480011470193877,-1735534.658905658
2025-04-21 10:00:00,0.6468237869953081,0.27554503453791773,0.7481081014428805,-1777941.1387478437
2025-04-21 11:00:00,0.7214381912893418,0.21883976790115064,0.7482149590923036,-1813041.4575936112
2025-04-21 12:00:00,0.7468877750799886,0.23157913020014914,0.7483217199126829,-1736858.903034287
2025-04-21 13:00:00,0.7214381912893418,0.26946507548318405,0.748428383849094,-1657925.891214069
2025-04-21 14:00:00,0.6468237869953082,0.20363074657318392,0.748534950846663,-1600364.1064913603
2025-04-21 15:00:00,0.5281294105443929,0.23901613829801038,0.7486414208505651,-1876283.54254715
2025-04-21 16:00:00,0.37344388753999425,0.28560636669370115,0.7487477938060259,-1584902.2439777649
2025-04-21 17:00:00,0.19330878074494914,0.2346782181133644,0.7488540696583207,-1729510.2897643317
2025-04-21 18:00:00,9.146737230739964e-17,0.22590781691536388,0.748960248352775,-1719083.1004169532
2025-04-21 19:00:00,0.0,0.20318227188968938,0.749066329834764,-1871205.5455880773
2025-04-21 20:00:00,0.0,0.23172836770345664,0.749172314049713,-1998401.9120889297
2025-04-21 21:00:00,0.0,0.24796928014262362,0.7492782009430975,-1939390.6000618837
2025-04-21 22:00:00,0.0,0.2009028900229926,0.7493839904604428,-1922282.9839555493
2025-04-21 23:00:00,0.0,0.2372228040761998,0.7494896825473245,-1874398.4641962878
2025-04-22 00:00:00,0.0,0.30465259177414816,0.7495952771493685,-1947909.811001287
2025-04-22 01:00:00,0.0,0.22659853673614871,0.7497007742122501,-1974214.720915546
2025-04-22 02:00:00,0.0,0.28199149255261585,0.7498061736816957,-1984578.485214149
2025-04-22 03:00:00,0.0,0.2731006158164201,0.7499114755034815,-2082185.7126308675
2025-04-22 04:00:00,0.0,0.2816131068407335,0.7500166796234337,-1946281.8505254083
2025-04-22 05:00:00,0.0,0.27591764125150114,0.7501217859874292,-1864841.8666341982
2025-04-22 06:00:00,0.0,0.29222636635859106,0.7502267945413948,-1956963.2966611285
2025-04-22 07:00:00,0.19523638653086017,0.2373060777978996,0.750331705231308,-1826435.1970368328
2025-04-22 08:00:00,0.37716773596302605,0.26756231238972866,0.7504365180031964,-1750920.6707235053
2025-04-22 09:00:00,0.533395727488466,0.26857261394983184,0.7505412328031381,-1785919.6969341428
2025-04-22 10:00:00,0.6532736816636844,0.25801088951367995,0.7506458495772614,-1806021.6136850787
2025-04-22 11:00:00,0.7286321140193263,0.26789777132685555,0.7507503682717452,-1776614.6610074092
2025-04-22 12:00:00,0.7543354719260522,0.2210542905181896,0.7508547888328189,-1576678.297747857
2025-04-22 13:00:00,0.7286321140193263,0.2521681716135775,0.7509591112067623,-1763428.9180245239
2025-04-22 14:00:00,0.6532736816636845,0.2627249069880156,0.7510633353399057,-1628058.476516067
2025-04-22 15:00:00,0.5333957274884661,0.2955372754760559,0.7511674611786299,-1811072.2057420895
2025-04-22 16:00:00,0.37716773596302605,0.28597269260851127,0.7512714886693663,-1767747.513715676
2025-04-22 17:00:00,0.1952363865308604,0.27910524666298775,0.7513754177585972,-1792225.5269622374
2025-04-22 18:00:00,9.23794521177548e-17,0.24143995671246526,0.7514792483928551,-1878484.6969785779
2025-04-22 19:00:00,0.0,0.21652567464988617,0.7515829805187232,-1963722.4309584682
2025-04-22 20:00:00,0.0,0.26975755281211583,0.7516866140828355,-1803480.5194106225
2025-04-22 21:00:00,0.0,0.2793653842628054,0.7517901490318769,-1893028.6925895496
2025-04-22 22:00:00,0.0,0.30787139108823575,0.7518935853125827,-1930868.3613739186
2025-04-22 23:00:00,0.0,0.23880188406999087,0.751996922871739,-2042318.227223255
2025-04-23 00:00:00,0.0,0.21801146150471526,0.7521001616561828,-1875253.70603148
2025-04-23 01:00:00,0.0,0.2174229314025758,0.7522033016128019,-1818645.1009834758
2025-04-23 02:00:00,0.0,0.29870758183800694,0.7523063426885351,-1962836.0584792264
2025-04-23 03:00:00,0.0,0.2862021785546767,0.7524092848303716,-1894789.4115336481
2025-04-23 04:00:00,0.0,0.2146849600745008,0.752512127985352,-1970232.5068347848
2025-04-23 05:00:00,0.0,0.27559279385795205,0.7526148721005677,-1873689.2532286637
2025-04-23 06:00:00,0.0,0.28459576525285957,0.7527175171231607,-1922017.6028158884
2025-04-23 07:00:00,0.19714448639631418,0.2714614330249473,0.7528200630003246,-1743010.7133311087
2025-04-23 08:00:00,0.3808539018413875,0.23574457497842127,0.7529225096793033,-1902870.129579534
2025-04-23 09:00:00,0.5386087532668017,0.226272086950633,0.7530248571073923,-1775440.6219074226
2025-04-23 10:00:00,0.6596583082501332,0.22659437843338748,0.7531271052319379,-1701127.925698521
2025-04-23 11:00:00,0.735753239663116,0.23114026293345039,0.7532292540003378,-1793331.9934418928
2025-04-23 12:00:00,0.7617078036827751,0.19745351909954778,0.7533313033600401,-1656804.0374541294
2025-04-23 13:00:00,0.735753239663116,0.2628185996204018,0.7534332532585447,-1767796.7977880486
2025-04-23 14:00:00,0.6596583082501333,0.2315944111666689,0.7535351036434026,-1741419.6995667436
2025-04-23 15:00:00,0.5386087532668018,0.21234105774449719,0.7536368544622157,-1713887.297741368
2025-04-23 16:00:00,0.3808539018413875,0.26997846262638076,0.7537385056626373,-1742726.6572764805
2025-04-23 17:00:00,0.1971444863963144,0.29493260222398854,0.753840057192372,-1670975.0573832255
2025-04-23 18:00:00,9.32823023665671e-17,0.245547281869397,0.7539415089991758,-1763182.9280140195
2025-04-23 19:00:00,0.0,0.2276664645686471,0.7540428610308554,-1948442.3802257164
2025-04-23 20:00:00,0.0,0.21398458329666614,0.7541441132352694,-1842342.6094771698
2025-04-23 21:00:00,0.0,0.25796241875394066,0.7542452655603278,-1947495.727134722
2025-04-23 22:00:00,0.0,0.26820444173642505,0.7543463179539917,-2047414.3556651636
2025-04-23 23:00:00,0.0,0.21273195360064207,0.7544472703642735,-1968083.8635174762
2025-04-24 00:00:00,0.0,0.21075068114102058,0.7545481227392374,-1862005.0820856537
2025-04-24 01:00:00,0.0,0.2408377346300533,0.7546488750269988,-2005947.4240008506
2025-04-24 02:00:00,0.0,0.28322330214379976,0.754749527175725,-2031806.8555896238
2025-04-24 03:00:00,0.0,0.19724383377824445,0.7548500791336341,-1816929.2267603707
2025-04-24 04:00:00,0.0,0.28065828326123915,0.7549505308489964,-1953282.0966613125
2025-04-24 05:00:00,0.0,0.29992955744817457,0.7550508822701335,-1943335.888929267
2025-04-24 06:00:00,0.0,0.2073781983798063,0.7551511333454184,-1861868.0742782694
2025-04-24 07:00:00,0.19903251493014065,0.24654499512289224,0.7552512840232763,-1825018.5597397413
2025-04-24 08:00:00,0.38450129288457485,0.19787508925319874,0.7553513342521834,-1837728.8851337705
2025-04-24 09:00:00,0.5437669431473554,0.19651246451659743,0.7554512839806682,-1813690.6969304623
2025-04-24 10:00:00,0.6659757748520053,0.21711414710474877,0.7555511331573102,-1784962.7173084575
2025-04-24 11:00:00,0.7427994580774961,0.2641832723598777,0.755650881730741,-1659412.5307473585
2025-04-24 12:00:00,0.7690025857691498,0.24763817460504814,0.7557505296496445,-1502186.9025934439
2025-04-24 13:00:00,0.7427994580774961,0.2850946345287297,0.7558500768627552,-1774316.790698162
2025-04-24 14:00:00,0.6659757748520054,0.22236410455784764,0.7559495233188605,-1574716.6251383948
2025-04-24 15:00:00,0.5437669431473555,0.26902034931035856,0.7560488689667988,-1674800.1550635179
2025-04-24 16:00:00,0.38450129288457485,0.26439040399965424,0.7561481137554611,-1783496.4489779163
2025-04-24 17:00:00,0.19903251493014087,0.2255946892265505,0.7562472576337899,-1787037.1706965715
2025-04-24 18:00:00,9.417565551982273e-17,0.255252489587061,0.7563463005507794,-1875647.885926338
2025-04-24 19:00:00,0.0,0.24497409630895342,0.7564452424554763,-1761189.6760712087
2025-04-24 20:00:00,0.0,0.28481215450873226,0.7565440832969786,-1772187.9616595565
2025-04-24 21:00:00,0.0,0.22809205844171823,0.756642823024437,-2019683.7156926244
2025-04-24 22:00:00,0.0,0.2996513858231067,0.7567414615870538,-1930444.4193416415
2025-04-24 23:00:00,0.0,0.2624294914662481,0.7568399989340833,-1993057.6193523505
2025-04-25 00:00:00,0.0,0.292888619142104,0.756938435014832,-1941689.411173958
2025-04-25 01:00:00,0.0,0.30272561172033435,0.7570367697786585,-2002040.0422804314
2025-04-25 02:00:00,0.0,0.29469583573229285,0.7571350031749736,-2040564.663031073
2025-04-25 03:00:00,0.0,0.22059046883628175,0.7572331351532402,-1953373.9132460733
2025-04-25 04:00:00,0.0,0.27389184249602005,0.7573311656629732,-1979229.4646219625
2025-04-25 05:00:00,0.0,0.30365391468402847,0.7574290946537398,-1966664.0258623564
2025-04-25 06:00:00,0.0,0.2850066712101933,0.7575269220751596,-1809422.4310987256
2025-04-25 07:00:00,0.20089991266873802,0.28104679474587985,0.7576246478769042,-1671445.7805991017
2025-04-25 08:00:00,0.38810882829190485,0.26980086204029735,0.7577222720086976,-1875079.2688364817
2025-04-25 09:00:00,0.5488687686471426,0.22817228638484713,0.7578197944203162,-1750652.1066601914
2025-04-25 10:00:00,0.6722242094676046,0.21627053127457707,0.7579172150615886,-1753067.7770012326
2025-04-25 11:00:00,0.7497686813158808,0.19907758755752833,0.7580145338823958,-1859711.9685150648
2025-04-25 12:00:00,0.7762176565838098,0.22371746350328087,0.7581117508326711,-1679840.5291073574
2025-04-25 13:00:00,0.7497686813158808,0.28539218257362936,0.7582088658624004,-1664395.133050268
2025-04-25 14:00:00,0.6722242094676046,0.2535605720062206,0.7583058789216217,-1702065.1338070177
2025-04-25 15:00:00,0.5488687686471427,0.22850826415626946,0.758402789960426,-1772021.0690891254
2025-04-25 16:00:00,0.38810882829190485,0.21132961212669824,0.7584995989289562,-1777336.536786566
2025-04-25 17:00:00,0.20089991266873825,0.2593634853932841,0.758596305777408,-1774913.066311485
2025-04-25 18:00:00,9.505924685770221e-17,0.2645091567709925,0.7586929104560296,-1737157.9966280055
2025-04-25 19:00:00,0.0,0.30470523875198685,0.758789412915122,-1680879.4157185543
2025-04-25 20:00:00,0.0,0.2578309410759962,0.7588858131050382,-1790888.3981714535
2025-04-25 21:00:00,0.0,0.30541471654202956,0.7589821109761845,-1920340.338777664
2025-04-25 22:00:00,0.0,0.27651887879161374,0.7590783064790192,-2101438.5510402503
2025-04-25 23:00:00,0.0,0.2844062922978915,0.7591743995640537,-1972697.2472238506
2025-04-26 00:00:00,0.0,0.20498407961392429,0.7592703901818522,-1910169.9111820334
2025-04-26 01:00:00,0.0,0.23331543117710385,0.7593662782830312,-1910416.365369204
2025-04-26 02:00:00,0.0,0.2743793486701387,0.7594620638182599,-2016144.481947902
2025-04-26 03:00:00,0.0,0.21795858881565222,0.7595577467382607,-1980311.970444046
2025-04-26 04:00:00,0.0,0.2056037124618244,0.7596533269938086,-1869947.127191763
2025-04-26 05:00:00,0.0,0.2477654725593823,0.7597488045357315,-2027204.067921255
2025-04-26 06:00:00,0.0,0.2876187387209469,0.7598441793149097,-1893984.6128569692
2025-04-26 07:00:00,0.2027461262618546,0.2312360466892197,0.7599394512822769,-1838458.653002516
2025-04-26 08:00:00,0.3916754390727793,0.20198546126666456,0.7600346203888195,-1579642.3146216539
2025-04-26 09:00:00,0.5539127179851614,0.2514695336563054,0.7601296865855768,-1779387.3808328607
2025-04-26 10:00:00,0.6784017605509021,0.19782664675121175,0.7602246498236411,-1613700.4390163291
2025-04-26 11:00:00,0.756658844247016,0.19633830443953884,0.7603195100541575,-1652720.1844715078
2025-04-26 12:00:00,0.7833508781455587,0.25304783856831653,0.7604142672283244,-1698664.6992271459
2025-04-26 13:00:00,0.756658844247016,0.2935008287691673,0.7605089212973928,-1780249.4778883136
2025-04-26 14:00:00,0.6784017605509021,0.2805233245036864,0.7606034722126673,-1552415.3364352994
2025-04-26 15:00:00,0.5539127179851615,0.28682638051178333,0.760697919925505,-1705659.5690816643
2025-04-26 16:00:00,0.3916754390727793,0.22682987307149882,0.7607922643873164,-1624274.5036664393
2025-04-26 17:00:00,0.20274612626185481,0.2762316063612757,0.7608865055495649,-1774333.1251632648
2025-04-26 18:00:00,9.593281455302268e-17,0.22053507903818362,0.7609806433637676,-1789292.214456015
2025-04-26 19:00:00,0.0,0.24335320304644512,0.7610746777814941,-1754806.3761864635
2025-04-26 20:00:00,0.0,0.20307590417113436,0.7611686087543673,-1961185.6091231706
2025-04-26 21:00:00,0.0,0.22442052035303373,0.7612624362340639,-1882906.0239518408
2025-04-26 22:00:00,0.0,0.2766869838774072,0.7613561601723131,-1787019.681642677
2025-04-26 23:00:00,0.0,0.2912378784889861,0.761449780520898,-2005946.8740022539
2025-04-27 00:00:00,0.0,0.2147046895089358,0.7615432972316543,-1882933.9031617604
2025-04-27 01:00:00,0.0,0.197291922788708,0.7616367102564716,-2001821.6464473929
2025-04-27 02:00:00,0.0,0.2966171948031799,0.7617300195472927,-1928242.0038407205
2025-04-27 03:00:00,0.0,0.23680214093678256,0.7618232250561138,-2023296.3539032252
2025-04-27 04:00:00,0.0,0.2061083772114663,0.7619163267349841,-1901335.8653606356
2025-04-27 05:00:00,0.0,0.1942431599490059,0.7620093245360068,-1834718.9840253019
2025-04-27 06:00:00,0.0,0.2469257305158065,0.7621022184113381,-1860877.281829056
2025-04-27 07:00:00,0.2045706086365582,0.2857588245309109,0.7621950083131879,-1838051.2285421141
2025-04-27 08:00:00,0.3952000683634502,0.2290708405941101,0.7622876941938195,-1788128.6411908893
2025-04-27 09:00:00,0.5588972965303656,0.2818009752469791,0.7623802760055497,-1797719.4615022643
2025-04-27 10:00:00,0.6845065975601895,0.25045462431780346,0.762472753700749,-1754615.34847852
2025-04-27 11:00:00,0.7634679051669239,0.28141298645002005,0.7625651272318411,-1764040.8657525592
2025-04-27 12:00:00,0.7904001367269005,0.25633497646113146,0.7626573965513037,-1656582.5286517066
2025-04-27 13:00:00,0.7634679051669239,0.19811592013302404,0.7627495616116681,-1606895.9177875884
2025-04-27 14:00:00,0.6845065975601895,0.2181356580379593,0.7628416223655187,-1596844.1400256664
2025-04-27 15:00:00,0.5588972965303657,0.191079734586547,0.7629335787654941,-1688336.0040245096
2025-04-27 16:00:00,0.3952000683634502,0.19570118858785407,0.7630254307642865,-1698647.2549172135
2025-04-27 17:00:00,0.20457060863655843,0.2033798679111433,0.7631171783146418,-1871411.9287389284
2025-04-27 18:00:00,9.679609974882289e-17,0.2187885784520662,0.7632088213693593,-1730706.5656776933
2025-04-27 19:00:00,0.0,0.27284083941690795,0.7633003598812924,-1866921.1521873535
2025-04-27 20:00:00,0.0,0.255599666742269,0.7633917938033484,-1800658.3920092008
2025-04-27 21:00:00,0.0,0.24732012525033406,0.7634831230884882,-1906995.2224649673
2025-04-27 22:00:00,0.0,0.2359831327498866,0.7635743476897262,-1928231.3591612866
2025-04-27 23:00:00,0.0,0.2994940998986738,0.7636654675601314,-1874281.6901376112
2025-04-28 00:00:00,0.0,0.2553625160123225,0.763756482652826,-1988496.0284353117
2025-04-28 01:00:00,0.0,0.20194994901446028,0.7638473929209866,-2057376.0190986623
2025-04-28 02:00:00,0.0,0.19840839925176787,0.7639381983178435,-2091857.7762024726
2025-04-28 03:00:00,0.0,0.27754119545869815,0.7640288987966808,-2006156.3835378296
2025-04-28 04:00:00,0.0,0.22327114808342305,0.7641194943108367,-1903495.5423518573
2025-04-28 05:00:00,0.0,0.21879100529096995,0.7642099848137038,-1843111.7281578218
2025-04-28 06:00:00,0.0,0.21233754149179562,0.7643003702587281,-1901842.2063003595
2025-04-28 07:00:00,0.20637281915934563,0.2276313972222581,0.76439065059941,-1963197.1557830654
2025-04-28 08:00:00,0.39868167174019076,0.20721706841889156,0.7644808257893039,-1732053.5539381113
2025-04-28 09:00:00,0.5638210272445561,0.23524712464916347,0.764570895782018,-1744443.883334939
2025-04-28 10:00:00,0.6905369115005076,0.2536571284931446,0.7646608605312153,-1741209.2098117596
2025-04-28 11:00:00,0.7701938464039018,0.2685141136773804,0.7647507199906123,-1667103.4580198748
2025-04-28 12:00:00,0.7973633434803816,0.25165342907563254,0.7648404741139802,-1613897.784790362
2025-04-28 13:00:00,0.7701938464039018,0.22295216359787573,0.7649301228551437,-1754339.7520048914
2025-04-28 14:00:00,0.6905369115005076,0.20511483422544244,0.7650196661679823,-1747107.7634394953
2025-04-28 15:00:00,0.5638210272445562,0.2967147835267495,0.7651091040064298,-1809243.7825898398
2025-04-28 16:00:00,0.39868167174019076,0.23967459440248856,0.7651984363244737,-1686023.0684448332
2025-04-28 17:00:00,0.20637281915934585,0.20865590504166268,0.7652876630761561,-1660776.426839209
2025-04-28 18:00:00,9.76488466350681e-17,0.2592485327301523,0.7653767842155736,-1891597.4583540366
2025-04-28 19:00:00,0.0,0.20462454841124025,0.765465799696877,-1855282.4279763058
2025-04-28 20:00:00,0.0,0.25986746871372185,0.7655547094742712,-1805796.4988748978
2025-04-28 21:00:00,0.0,0.2903029189930068,0.7656435135020158,-1863008.2164796514
2025-04-28 22:00:00,0.0,0.20042424307000398,0.7657322117344245,-1966662.7446301999
2025-04-28 23:00:00,0.0,0.2841193909718563,0.765820804125866,-2002460.5289921907
2025-04-29 00:00:00,0.0,0.20970635417220573,0.7659092906307626,-1977798.0950883462
2025-04-29 01:00:00,0.0,0.1971839748372677,0.7659976712035921,-1959379.2808091952
2025-04-29 02:00:00,0.0,0.27771874280226844,0.7660859457988858,-1991835.7964166717
2025-04-29 03:00:00,0.0,0.2341158994276775,0.7661741143712301,-1968172.552868903
2025-04-29 04:00:00,0.0,0.26391724815607404,0.7662621768752658,-1914413.6718419346
2025-04-29 05:00:00,0.0,0.2028247988421792,0.7663501332656882,-1898891.724256624
2025-04-29 06:00:00,0.0,0.26620701244207606,0.7664379834972475,-1640502.3773871006
2025-04-29 07:00:00,0.20815222379634413,0.19409099984204176,0.7665257275247479,-1823152.417108501
2025-04-29 08:00:00,0.4021192175287815,0.2971127327804536,0.7666133653030491,-1734689.3343979944
2025-04-29 09:00:00,0.5686824511200597,0.20162320614024318,0.7667008967870647,-1762398.7229103202
2025-04-29 10:00:00,0.6964909154596911,0.3012371192733536,0.766788321931763,-1854301.715927057
2025-04-29 11:00:00,0.7768346749164038,0.20247006935560286,0.766875640692168,-1694962.0716016588
2025-04-29 12:00:00,0.8042384350575631,0.2894757463920037,0.7669628530233571,-1571765.4464054503
2025-04-29 13:00:00,0.7768346749164038,0.2038061179131256,0.7670499588804631,-1663618.012028104
2025-04-29 14:00:00,0.6964909154596912,0.2902218466839662,0.7671369582186737,-1707546.8934354403
2025-04-29 15:00:00,0.5686824511200597,0.2893725371126449,0.7672238509932313,-1731974.3091095882
2025-04-29 16:00:00,0.4021192175287815,0.29892095158568915,0.7673106371594328,-1549315.5034802328
2025-04-29 17:00:00,0.20815222379634435,0.2103231859558753,0.7673973166726304,-1764202.9290995027
2025-04-29 18:00:00,9.849080252445211e-17,0.2477199692856373,0.767483889488231,-1864649.7963173997
2025-04-29 19:00:00,0.0,0.2373967987396474,0.7675703555616962,-1774159.5511759853
2025-04-29 20:00:00,0.0,0.20569994210921588,0.7676567148485427,-1962939.6523245939
2025-04-29 21:00:00,0.0,0.28213322368343985,0.7677429673043421,-1920817.4435907057
2025-04-29 22:00:00,0.0,0.2631109318280284,0.7678291128847212,-1906828.000741495
2025-04-29 23:00:00,0.0,0.3017203875651946,0.7679151515453613,-1805146.7493288887
2025-04-30 00:00:00,0.0,0.2255135091450237,0.768001083241999,-1939974.3644993217
2025-04-30 01:00:00,0.0,0.2528925302338474,0.7680869079304259,-1928405.5727560928
2025-04-30 02:00:00,0.0,0.19705951749645936,0.7681726255664888,-2064826.1695933177
2025-04-30 03:00:00,0.0,0.2044676227593409,0.7682582361060892,-1922644.7056580852
2025-04-30 04:00:00,0.0,0.19980466470244232,0.7683437395051841,-2110618.727805646
2025-04-30 05:00:00,0.0,0.20609699771444193,0.7684291357197853,-1899121.6826372948
2025-04-30 06:00:00,0.0,0.28462100396240236,0.7685144247059599,-1880147.873443024
2025-04-30 07:00:00,0.20990829527155702,0.30008276272002665,0.7685996064198302,-1902973.1154919562
2025-04-30 08:00:00,0.40551168711021685,0.28407877906068746,0.7686846808175736,-1829024.1792676712
2025-04-30 09:00:00,0.5734801276120637,0.2167333382484435,0.7687696478554225,-1889652.602161786
2025-04-30 10:00:00,0.7023668451378691,0.28981013703635417,0.7688545074896651,-1663252.6731117365
2025-04-30 11:00:00,0.7833884228836208,0.28857765331099555,0.7689392596766444,-1599715.6749245974
2025-04-30 12:00:00,0.8110233742204338,0.26790374894289704,0.7690239043727589,-1664493.5048572395
2025-04-30 13:00:00,0.7833884228836208,0.28969225692995554,0.7691084415344621,-1643513.319536353
2025-04-30 14:00:00,0.7023668451378691,0.21235920739655573,0.7691928711182632,-1634913.3557053688
2025-04-30 15:00:00,0.5734801276120638,0.27296476975878087,0.7692771930807265,-1690019.3064572676
2025-04-30 16:00:00,0.40551168711021685,0.19156095687332184,0.7693614073784718,-1734788.0521641625
2025-04-30 17:00:00,0.20990829527155724,0.28521921684687873,0.769445513968174,-1733482.3609608586
2025-04-30 18:00:00,9.932171792727403e-17,0.2649786340581619,0.7695295128065638,-1789921.4387642585
2025-04-30 19:00:00,0.0,0.25638393847749125,0.7696134038504273,-1794007.275463672
2025-04-30 20:00:00,0.0,0.2429425708962171,0.7696971870566056,-1883702.7479417273
2025-04-30 21:00:00,0.0,0.2736554335116426,0.769780862381996,-1866684.8287765258
2025-04-30 22:00:00,0.0,0.27510751661340793,0.7698644297835504,-1944324.5310034296
2025-04-30 23:00:00,0.0,0.2590502722866474,0.7699478892182772,-1850157.323088425
2025-05-01 00:00:00,0.0,0.2621763553959259,0.7700312406432396,-1965829.9591673107
2025-05-01 01:00:00,0.0,0.2021765783370067,0.7701144840155568,-2028955.571431131
2025-05-01 02:00:00,0.0,0.2000786728851551,0.7701976192924033,-1818778.8354327981
2025-05-01 03:00:00,0.0,0.28272999853554953,0.7702806464310094,-1943113.779552211
2025-05-01 04:00:00,0.0,0.2161734301553736,0.7703635653886609,-2026440.7205119191
2025-05-01 05:00:00,0.0,0.26039470851293994,0.7704463761226994,-1653308.511637553
2025-05-01 06:00:00,0.0,0.22724649170362,0.7705290785905222,-1900165.7130146187
2025-05-01 07:00:00,0.21164051322310706,0.29587370077418856,0.770611672749582,-1778653.150227757
2025-05-01 08:00:00,0.4088580752225443,0.22127347178872522,0.7706941585573874,-1909253.757508091
2025-05-01 09:00:00,0.5782126350654813,0.2322505004594263,0.7707765359715029,-1793554.3624352594
2025-05-01 10:00:00,0.7081629593702647,0.23300366744825896,0.7708588049495485,-1641113.5585894256
2025-05-01 11:00:00,0.7898531482885884,0.21959470458903288,0.7709409654492003,-1696442.9116491238
2025-05-01 12:00:00,0.8177161504450887,0.23265706097148386,0.7710230174281899,-1591614.4871367859
2025-05-01 13:00:00,0.7898531482885884,0.21738926094238653,0.7711049608443048,-1665710.351489826
2025-05-01 14:00:00,0.7081629593702647,0.29413747257246053,0.7711867956553884,-1697268.5987668673
2025-05-01 15:00:00,0.5782126350654814,0.19029222580048172,0.7712685218193402,-1539900.507326021
2025-05-01 16:00:00,0.4088580752225443,0.26505692838934547,0.7713501392941151,-1711937.2834166826
2025-05-01 17:00:00,0.21164051322310728,0.26825833401861665,0.7714316480377243,-1739663.2459412697
2025-05-01 18:00:00,1.0014134662536735e-16,0.23903114067082185,0.771513048008235,-1762594.1320741435
2025-05-01 19:00:00,0.0,0.2302518046872304,0.7715943391637696,-1731041.8198431956
2025-05-01 20:00:00,0.0,0.2472021576737436,0.7716755214625078,-1786266.779600442
2025-05-01 21:00:00,0.0,0.23524674629335604,0.771756594862684,-1752080.9481466715
2025-05-01 22:00:00,0.0,0.206756266291211,0.7718375593225896,-1925504.8347228426
2025-05-01 23:00:00,0.0,0.27268589589472775,0.7719184148005713,-2035037.9007475125
2025-05-02 00:00:00,0.0,0.19797715775566543,0.7719991612550324,-1954099.5807741622
2025-05-02 01:00:00,0.0,0.2118708609233454,0.7720797986444319,-1951013.1080174518
2025-05-02 02:00:00,0.0,0.29223170963105355,0.7721603269272853,-1876799.9169411676
2025-05-02 03:00:00,0.0,0.191769839317806,0.7722407460621641,-1880883.1039122492
2025-05-02 04:00:00,0.0,0.21502362803756478,0.7723210560076956,-1907396.5117884579
2025-05-02 05:00:00,0.0,0.25313809387143865,0.7724012567225637,-1815681.8406718713
2025-05-02 06:00:00,0.0,0.19190441317053328,0.7724813481655084,-1897468.5345805795
2025-05-02 07:00:00,0.21334836435743093,0.2164892482928989,0.7725613302953258,-1879955.2776238911
2025-05-02 08:00:00,0.4121573902587453,0.19431272717739662,0.7726412030708684,-1635760.9664956112
2025-05-02 09:00:00,0.5828785711362182,0.19133098103875634,0.7727209664510446,-1855656.6756338947
2025-05-02 10:00:00,0.7138775406431408,0.2567771658502653,0.7728006203948197,-1655669.3388941665
2025-05-02 11:00:00,0.7962269354936492,0.21050539058906842,0.7728801648612147,-1582857.3729864124
2025-05-02 12:00:00,0.8243147805174907,0.27394730943097734,0.7729595998093072,-1676328.6216894956
2025-05-02 13:00:00,0.7962269354936492,0.23018937371396261,0.773038925198231,-1630535.1915946999
2025-05-02 14:00:00,0.7138775406431409,0.20480887635610007,0.7731181409871767,-1658393.7475396174
2025-05-02 15:00:00,0.5828785711362183,0.2604611243713366,0.7731972471353906,-1720590.1726599762
2025-05-02 16:00:00,0.4121573902587453,0.24008817380931463,0.7732762436021761,-1733798.0531442736
2025-05-02 17:00:00,0.21334836435743115,0.2760561992375937,0.7733551303468924,-1733658.7661915815
2025-05-02 18:00:00,1.009494457450598e-16,0.2899028209322913,0.7734339073289557,-1665425.2574835853
2025-05-02 19:00:00,0.0,0.29769383152094336,0.7735125745078381,-1757311.3479025892
2025-05-02 20:00:00,0.0,0.23025782900365466,0.7735911318430686,-1842509.2796331556
2025-05-02 21:00:00,0.0,0.29053015676212784,0.7736695792942329,-1853689.1962353054
2025-05-02 22:00:00,0.0,0.19796000323725876,0.7737479168209724,-1987504.1026568192
2025-05-02 23:00:00,0.0,0.20432010400352812,0.773826144382986,-1986387.982446965
2025-05-03 00:00:00,0.0,0.2800556086282349,0.7739042619400286,-1935091.8156483949
2025-05-03 01:00:00,0.0,0.2772372532109657,0.7739822694519118,-1972374.0114699719
2025-05-03 02:00:00,0.0,0.2583089660287832,0.774060166878504,-2007789.0480320635
2025-05-03 03:00:00,0.0,0.29276414550858226,0.7741379541797301,-1983952.7057719522
2025-05-03 04:00:00,0.0,0.2898715080827632,0.7742156313155715,-1905132.9393911033
2025-05-03 05:00:00,0.0,0.23887881859312354,0.7742931982460665,-1933081.6909224777
2025-05-03 06:00:00,0.0,0.22744987198242322,0.7743706549313102,-1863768.6259851141
2025-05-03 07:00:00,0.21503134260137904,0.24367216028495534,0.774448001331454,-1852224.3932536854
2025-05-03 08:00:00,0.4154086545605695,0.2770065606202234,0.7745252374067064,-1699137.3914098567
2025-05-03 09:00:00,0.5874765532067175,0.25644857875193455,0.7746023631173324,-1781099.7916819295
2025-05-03 10:00:00,0.7195088956027352,0.25034332132139314,0.7746793784236541,-1779826.0546108093
2025-05-03 11:00:00,0.8025078958080967,0.22037729705190592,0.7747562832860503,-1603612.5505107855
2025-05-03 12:00:00,0.8308173091211392,0.1977035301536953,0.7748330776649563,-1666557.3799100567
2025-05-03 13:00:00,0.8025078958080967,0.2914341376130665,0.7749097615208645,-1508386.932834486
2025-05-03 14:00:00,0.7195088956027353,0.2100156295356234,0.7749863348143242,-1881559.2664733343
2025-05-03 15:00:00,0.5874765532067177,0.21266388814786752,0.7750627975059415,-1706182.1506278713
2025-05-03 16:00:00,0.4154086545605695,0.20170633377094915,0.7751391495563795,-1656965.6308341494
2025-05-03 17:00:00,0.21503134260137927,0.2532146445046508,0.7752153909263579,-1794961.7228400891
2025-05-03 18:00:00,1.0174577582914201e-16,0.20178317515397426,0.7752915215766539,-1738198.8718286974
2025-05-03 19:00:00,0.0,0.18936019122286357,0.7753675414681009,-1862535.8080335644
2025-05-03 20:00:00,0.0,0.2520840679796464,0.7754434505615904,-1824712.3324883417
2025-05-03 21:00:00,0.0,0.2454991103096821,0.7755192488180693,-2015593.345617209
2025-05-03 22:00:00,0.0,0.2441193695220744,0.7755949361985434,-1964865.364637938
2025-05-03 23:00:00,0.0,0.2733144363865418,0.7756705126640737,-1890710.350621984
2025-05-04 00:00:00,0.0,0.2949840743335406,0.7757459781757797,-1878991.330971053
2025-05-04 01:00:00,0.0,0.27524007913567244,0.7758213326948374,-1904841.950593389
2025-05-04 02:00:00,0.0,0.20233944824817543,0.7758965761824798,-1943190.8268098503
2025-05-04 03:00:00,0.0,0.2916198866022364,0.7759717085999971,-1833488.8464049164
2025-05-04 04:00:00,0.0,0.2755121726704371,0.7760467299087366,-1900939.105122205
2025-05-04 05:00:00,0.0,0.2332729478788348,0.776121640070103,-2035612.9941763585
2025-05-04 06:00:00,0.0,0.20794512031894796,0.776196439045558,-1924137.220099526
2025-05-04 07:00:00,0.21668894925217608,0.23989176130154188,0.7762711267966207,-1923611.6674233044
2025-05-04 08:00:00,0.4186109047082363,0.2469830242513667,0.776345703284867,-1758457.8115827164
2025-05-04 09:00:00,0.5920052187956591,0.21936524927345463,0.7764201684719304,-1713967.4761304432
2025-05-04 10:00:00,0.725055355557039,0.2597796617712679,0.7764945223195014,-1710122.0915175742
2025-05-04 11:00:00,0.8086941680478353,0.22924688954651307,0.7765687647893281,-1861398.7740749386
2025-05-04 12:00:00,0.8372218094164727,0.23096701850033563,0.7766428958432158,-1655102.593230695
2025-05-04 13:00:00,0.8086941680478353,0.2197484691566133,0.7767169154430268,-1711742.2591482964
2025-05-04 14:00:00,0.7250553555570391,0.24803802494086424,0.7767908235506811,-1679181.807666394
2025-05-04 15:00:00,0.5920052187956593,0.2720843896868714,0.776864620128156,-1721561.1654361712
2025-05-04 16:00:00,0.4186109047082363,0.29453490287547496,0.7769383051374862,-1767962.278654123
2025-05-04 17:00:00,0.2166889492521763,0.2907272728870338,0.7770118785407635,-1794490.219138021
2025-05-04 18:00:00,1.0253010090782387e-16,0.2689113903035532,0.7770853403001374,-1759140.1023519712
2025-05-04 19:00:00,0.0,0.2946192346852362,0.7771586903778147,-1849336.3272352188
2025-05-04 20:00:00,0.0,0.18606791024290414,0.7772319287360601,-1863681.1884053776
2025-05-04 21:00:00,0.0,0.22701315156576687,0.777305055337195,-1870807.1574761209
2025-05-04 22:00:00,0.0,0.21615346369078192,0.7773780701435987,-1828453.836873925
2025-05-04 23:00:00,0.0,0.28320700291175366,0.7774509731177084,-1905741.3171461325
2025-05-05 00:00:00,0.0,0.24151283241508975,0.7775237642220181,-2046207.3028649762
2025-05-05 01:00:00,0.0,0.248636960562188,0.7775964434190797,-1885149.822315243
2025-05-05 02:00:00,0.0,0.20087368890381554,0.7776690106715028,-1967487.748776186
2025-05-05 03:00:00,0.0,0.2693900290954204,0.7777414659419546,-2000729.2393965982
2025-05-05 04:00:00,0.0,0.23581559721491901,0.7778138091931593,-1838283.858481864
2025-05-05 05:00:00,0.0,0.20815844097107963,0.7778860403878998,-1962107.9213064183
2025-05-05 06:00:00,0.0,0.20725450260727596,0.7779581594890156,-1808039.0299485722
2025-05-05 07:00:00,0.21832069312519736,0.2933777405079498,0.7780301664594044,-1877540.2372740195
2025-05-05 08:00:00,0.4217631918059167,0.26251476911186306,0.7781020612620216,-1826124.0203319525
2025-05-05 09:00:00,0.5964632259616924,0.2669589203510829,0.7781738438598802,-1577546.9971729247
2025-05-05 10:00:00,0.7305152769702654,0.27412046863763817,0.7782455142160508,-1629090.8434528697
2025-05-05 11:00:00,0.8147839190868899,0.19968410201734452,0.7783170722936621,-1739210.3592072576
2025-05-05 12:00:00,0.8435263836118335,0.2183613943579121,0.7783885180559003,-1599571.1258462681
2025-05-05 13:00:00,0.8147839190868899,0.2674144390801542,0.7784598514660092,-1632144.4340713602
2025-05-05 14:00:00,0.7305152769702654,0.21798151886181044,0.7785310724872908,-1746792.1512629453
2025-05-05 15:00:00,0.5964632259616925,0.2791990626789355,0.7786021810831047,-1661419.0015639125
2025-05-05 16:00:00,0.4217631918059167,0.27948065152640067,0.7786731772168685,-1908029.5500091156
2025-05-05 17:00:00,0.21832069312519758,0.198872333171791,0.7787440608520573,-1750968.113757851
2025-05-05 18:00:00,1.0330218856865743e-16,0.18994732962387922,0.7788148319522046,-1637961.9409303088
2025-05-05 19:00:00,0.0,0.26618259604436073,0.778885490480901,-1846597.0227149436
2025-05-05 20:00:00,0.0,0.28238837672974804,0.7789560364017962,-1841542.2367906477
2025-05-05 21:00:00,0.0,0.20518219945834668,0.7790264696785969,-1870724.3423244006
2025-05-05 22:00:00,0.0,0.2801690074735003,0.7790967902750676,-1867079.1107871658
2025-05-05 23:00:00,0.0,0.18666890694362012,0.7791669981550318,-1804635.9414445334
2025-05-06 00:00:00,0.0,0.1875050575940976,0.77923709328237,-1987594.5691074063
2025-05-06 01:00:00,0.0,0.23303757831255695,0.7793070756210211,-1989825.5433518034
2025-05-06 02:00:00,0.0,0.20170741862705285,0.779376945134982,-1888654.2431779425
2025-05-06 03:00:00,0.0,0.28420477338514666,0.7794467017883078,-2005548.3510807755
2025-05-06 04:00:00,0.0,0.27618936872632055,0.7795163455451113,-2054318.6086213768
2025-05-06 05:00:00,0.0,0.202016787161172,0.7795858763695636,-1788338.751761794
2025-05-06 06:00:00,0.0,0.284102515362697,0.779655294225894,-1837860.0911169602
2025-05-06 07:00:00,0.21992609069951732,0.19604992393716664,0.7797245990783899,-1924618.362103268
2025-05-06 08:00:00,0.4248645817629117,0.25150859561817596,0.7797937908913963,-1872480.3652746817
2025-05-06 09:00:00,0.6008492537010824,0.25231781203977754,0.7798628696293172,-1802414.3029029383
2025-05-06 10:00:00,0.7358870419498645,0.1999276388319021,0.7799318352566141,-1709438.2086430495
2025-05-06 11:00:00,0.8207753444006,0.2650225334237027,0.7800006877378073,-1774905.9744574458
2025-05-06 12:00:00,0.8497291635258235,0.2008185486649038,0.7800694270374745,-1743129.8470334746
2025-05-06 13:00:00,0.8207753444006,0.213977573410184,0.7801380531202526,-1680179.8871859263
2025-05-06 14:00:00,0.7358870419498647,0.24336305276755565,0.7802065659508357,-1735127.9265420607
2025-05-06 15:00:00,0.6008492537010826,0.2069848038537644,0.7802749654939771,-1708181.8635407384
2025-05-06 16:00:00,0.4248645817629117,0.25097525637478163,0.7803432517144877,-1611805.641544035
2025-05-06 17:00:00,0.21992609069951757,0.2532396460947161,0.7804114245772373,-1813826.631957465
2025-05-06 18:00:00,1.0406181002540576e-16,0.22852814281983283,0.7804794840471534,-1715029.7531798375
2025-05-06 19:00:00,0.0,0.24020950019014342,0.7805474300892223,-1682175.847421002
2025-05-06 20:00:00,0.0,0.2024028261573374,0.7806152626684884,-1955038.144339667
2025-05-06 21:00:00,0.0,0.23740289664281172,0.7806829817500547,-1854972.1932530075
2025-05-06 22:00:00,0.0,0.2425971420844485,0.7807505872990822,-1912703.7100710198
2025-05-06 23:00:00,0.0,0.280429207981788,0.7808180792807907,-2051883.2671575856
2025-05-07 00:00:00,0.0,0.19266016432376165,0.7808854576604584,-2036552.124299243
2025-05-07 01:00:00,0.0,0.19459389030016125,0.7809527224034216,-1975679.4082515514
2025-05-07 02:00:00,0.0,0.27098140864914133,0.7810198734750755,-2090565.5428641685
2025-05-07 03:00:00,0.0,0.2641949077732119,0.7810869108408734,-1921226.3137604245
2025-05-07 04:00:00,0.0,0.2666937050616276,0.7811538344663275,-1876141.1770943773
2025-05-07 05:00:00,0.0,0.20641856401879327,0.7812206443170079,-1868300.752933932
2025-05-07 06:00:00,0.0,0.27084554343408657,0.7812873403585439,-1664597.760175097
2025-05-07 07:00:00,0.22150466626118748,0.25334096315676163,0.7813539225566231,-1825179.1925946807
2025-05-07 08:00:00,0.4279141555704436,0.1984129593814742,0.7814203908769914,-1736738.5381703223
2025-05-07 09:00:00,0.6051620023391518,0.2655473823409609,0.7814867452854536,-1803316.4000256772
2025-05-07 10:00:00,0.7411690587259411,0.21497542707794778,0.7815529857478731,-1671013.7310166857
2025-05-07 11:00:00,0.8266666686003394,0.23048888283881644,0.7816191122301719,-1700710.132421742
2025-05-07 12:00:00,0.8558283111408873,0.24409385292937003,0.7816851246983305,-1665899.7673627585
2025-05-07 13:00:00,0.8266666686003394,0.25149385656699236,0.781751023118388,-1696983.2801998972
2025-05-07 14:00:00,0.7411690587259412,0.2326436451422728,0.7818168074564424,-1699578.5243510096
2025-05-07 15:00:00,0.605162002339152,0.22698710354849716,0.7818824776786504,-1531832.2317263966
2025-05-07 16:00:00,0.4279141555704436,0.2203110092781413,0.7819480337512272,-1702974.9571357216
2025-05-07 17:00:00,0.2215046662611877,0.2832526982640106,0.7820134756404469,-1937925.6303293442
2025-05-07 18:00:00,1.0480874018583728e-16,0.2519053961550001,0.7820788033126421,-1802921.4004662514
2025-05-07 19:00:00,0.0,0.21641767940756618,0.7821440167342045,-1750710.0533482023
2025-05-07 20:00:00,0.0,0.2341878881607148,0.7822091158715845,-1773464.1750701666
2025-05-07 21:00:00,0.0,0.243566596569315,0.782274100691291,-1938182.8842690764
2025-05-07 22:00:00,0.0,0.2213993396728624,0.782338971159892,-2005444.4352127842
2025-05-07 23:00:00,0.0,0.25755991321421323,0.7824037272440143,-1980006.662759359
2025-05-08 00:00:00,0.0,0.2724059751789362,0.7824683689103433,-1971414.6294264274
2025-05-08 01:00:00,0.0,0.26547208279426177,0.7825328961256237,-1897559.0806015239
2025-05-08 02:00:00,0.0,0.21357066403377756,0.7825973088566588,-1913352.0757247098
2025-05-08 03:00:00,0.0,0.26422698164255903,0.7826616070703106,-2044579.1566321156
2025-05-08 04:00:00,0.0,0.28743205754024237,0.7827257907335006,-1944165.9506607433
2025-05-08 05:00:00,0.0,0.2172836755818527,0.7827898598132085,-2017746.5142096935
2025-05-08 06:00:00,0.0,0.2637638077966739,0.7828538142764736,-1871316.2406438414
2025-05-08 07:00:00,0.22305595204420037,0.26146400560720784,0.7829176540903939,-1798494.5526281311
2025-05-08 08:00:00,0.43091100957397804,0.27565252977032745,0.7829813792221262,-1930837.1477930022
2025-05-08 09:00:00,0.6094001939154023,0.2794318446359871,0.7830449896388866,-1789493.6469348639
2025-05-08 10:00:00,0.746359762122929,0.19944208092684157,0.7831084853079502,-1663875.8830399811
2025-05-08 11:00:00,0.8324561459596028,0.24982389733927857,0.7831718661966507,-1767424.0587104496
2025-05-08 12:00:00,0.8618220191479562,0.19990189284240154,0.7832351322723814,-1659531.7190150833
2025-05-08 13:00:00,0.8324561459596028,0.24055716665361815,0.7832982835025946,-1581845.624794597
2025-05-08 14:00:00,0.746359762122929,0.21560085494915748,0.7833613198548011,-1560885.426424125
2025-05-08 15:00:00,0.6094001939154025,0.26455076808601813,0.7834242412965715,-1710182.0111507494
2025-05-08 16:00:00,0.43091100957397804,0.21246118410478787,0.7834870477955354,-1831129.0320596115
2025-05-08 17:00:00,0.22305595204420062,0.21867816168390078,0.783549739319381,-1652268.9090937926
2025-05-08 18:00:00,1.0554275771842535e-16,0.2497924697181901,0.7836123158358563,-1946397.1905627477
2025-05-08 19:00:00,0.0,0.19351026493717458,0.783674777312768,-1817292.2857919626
2025-05-08 20:00:00,0.0,0.27009264982338765,0.7837371237179824,-1709822.002918632
2025-05-08 21:00:00,0.0,0.19440215141907924,0.7837993550194247,-1969677.2181919345
2025-05-08 22:00:00,0.0,0.2850552439080386,0.7838614711850792,-1885611.9217968143
2025-05-08 23:00:00,0.0,0.22334953416049386,0.7839234721829899,-2027567.2306553721
2025-05-09 00:00:00,0.0,0.2722992025029879,0.7839853579812597,-1960307.4827088178
2025-05-09 01:00:00,0.0,0.18935042913279732,0.7840471285480506,-1960504.5569555135
2025-05-09 02:00:00,0.0,0.24998976787952354,0.7841087838515843,-1921568.083221523
2025-05-09 03:00:00,0.0,0.2728503000581079,0.7841703238601418,-2013996.8326153827
2025-05-09 04:00:00,0.0,0.20181498520017557,0.784231748542063,-1886684.4398221364
2025-05-09 05:00:00,0.0,0.2162553698806165,0.7842930578657475,-1896032.2036163416
2025-05-09 06:00:00,0.0,0.18836736075945923,0.784354251799654,-1835633.8832032417
2025-05-09 07:00:00,0.224579488369099,0.23597789743636502,0.7844153303123007,-1632543.3663901323
2025-05-09 08:00:00,0.4338542557409963,0.23380891388093478,0.7844762933722652,-1814828.0048912975
2025-05-09 09:00:00,0.6135625725622023,0.23516289678763821,0.7845371409481845,-1681866.2977960606
2025-05-09 10:00:00,0.7514576140233868,0.22140340157919614,0.7845978730087547,-1775028.4300497738
2025-05-09 11:00:00,0.8381420609313013,0.23162461117486874,0.784658489522732,-1812988.3060963398
2025-05-09 12:00:00,0.8677085114819927,0.1991787182091959,0.7847189904589312,-1644129.909879662
2025-05-09 13:00:00,0.8381420609313013,0.24284257929320818,0.7847793757862275,-1571718.5559065822
2025-05-09 14:00:00,0.751457614023387,0.2084172765443936,0.7848396454735547,-1776803.3135487312
2025-05-09 15:00:00,0.6135625725622023,0.2533312703983523,0.7848997994899064,-1793999.1061999088
2025-05-09 16:00:00,0.4338542557409963,0.20600353677667516,0.7849598378043361,-1872187.716571515
2025-05-09 17:00:00,0.22457948836909924,0.18883984378407137,0.7850197603859563,-1835148.0678967393
2025-05-09 18:00:00,1.0626364511793367e-16,0.2006150650065569,0.7850795672039392,-1727779.4760709102
2025-05-09 19:00:00,0.0,0.19493125252025884,0.7851392582275167,-1945617.7197431636
2025-05-09 20:00:00,0.0,0.23777589777075747,0.7851988334259801,-1965309.009006662
2025-05-09 21:00:00,0.0,0.25974891703291164,0.7852582927686803,-1813483.0130516605
2025-05-09 22:00:00,0.0,0.2751012619835553,0.785317636225028,-1907634.3514824423
2025-05-09 23:00:00,0.0,0.18729377213066795,0.7853768637644933,-1861925.4702451807
2025-05-10 00:00:00,0.0,0.21296313432024228,0.785435975356606,-1854143.9347754964
2025-05-10 01:00:00,0.0,0.1831160780177258,0.7854949709709556,-2055919.2805946246
2025-05-10 02:00:00,0.0,0.2820379217380039,0.7855538505771911,-1967175.0941972702
2025-05-10 03:00:00,0.0,0.27957568228470947,0.7856126141450215,-1945407.2792661975
2025-05-10 04:00:00,0.0,0.21499884429081895,0.7856712616442151,-1967993.9697016627
2025-05-10 05:00:00,0.0,0.27423453563223515,0.7857297930446002,-1751877.17735015
2025-05-10 06:00:00,0.0,0.270209524708539,0.7857882083160648,-1789791.0969806854
2025-05-10 07:00:00,0.22607482377918978,0.19410365291147905,0.7858465074285566,-1816857.050079583
2025-05-10 08:00:00,0.4367430219241388,0.2270362884431113,0.7859046903520829,-1843543.1992236131
2025-05-10 09:00:00,0.6176479048769271,0.26468392842440885,0.7859627570567109,-1847640.5081817172
2025-05-10 10:00:00,0.7564611038237765,0.2367758758756355,0.7860207075125678,-1826957.1590219482
2025-05-10 11:00:00,0.843722728656117,0.2360010024880732,0.7860785416898404,-1744476.2282040953
2025-05-10 12:00:00,0.8734860438482777,0.22410875923348406,0.7861362595587752,-1719046.8235896886
2025-05-10 13:00:00,0.843722728656117,0.2500317291953614,0.7861938610896788,-1650171.9605015428
2025-05-10 14:00:00,0.7564611038237766,0.1883132246141128,0.7862513462529175,-1669204.1613084339
2025-05-10 15:00:00,0.6176479048769272,0.24936116609518374,0.7863087150189173,-1676343.7239344027
2025-05-10 16:00:00,0.4367430219241388,0.19005123324301657,0.7863659673581644,-1726940.2417518185
2025-05-10 17:00:00,0.22607482377919003,0.2452523465107301,0.786423103241205,-1736430.2687313769
2025-05-10 18:00:00,1.0697118876986778e-16,0.2600524649933296,0.7864801226386446,-1770171.2446698686
2025-05-10 19:00:00,0.0,0.2736534574426707,0.7865370255211493,-1872162.5274024068
2025-05-10 20:00:00,0.0,0.21919267267405368,0.7865938118594448,-1816081.2191207276
2025-05-10 21:00:00,0.0,0.2500804885489813,0.7866504816243166,-1666890.120252339
2025-05-10 22:00:00,0.0,0.27451083832987067,0.7867070347866105,-1935969.944218126
2025-05-10 23:00:00,0.0,0.2630323456191945,0.7867634713172322,-1895070.8372797568
2025-05-11 00:00:00,0.0,0.20180290237512258,0.7868197911871475,-1984413.1474590374
2025-05-11 01:00:00,0.0,0.22404657614723758,0.7868759943673818,-1953605.3040033884
2025-05-11 02:00:00,0.0,0.23130554549154392,0.786932080829021,-1927192.8019075391
2025-05-11 03:00:00,0.0,0.23272242606834093,0.786988050543211,-2019098.5032719672
2025-05-11 04:00:00,0.0,0.22698343737472584,0.7870439034811572,-1924473.6753049032
2025-05-11 05:00:00,0.0,0.19452149686476228,0.7870996396141259,-1865267.6985511873
2025-05-11 06:00:00,0.0,0.22103257527421738,0.787155258913443,-1853560.839910637
2025-05-11 07:00:00,0.22754151517431861,0.19290832389458687,0.7872107613504945,-1775690.0913846213
2025-05-11 08:00:00,0.4395764521196405,0.2597859970645439,0.7872661468967266,-1858823.3832360902
2025-05-11 09:00:00,0.6216549802874431,0.217088659873249,0.7873214155236458,-1662914.7612519935
2025-05-11 10:00:00,0.7613687488820854,0.1955841156616327,0.7873765672028186,-1725756.3559598252
2025-05-11 11:00:00,0.8491964954617618,0.23899363366418058,0.7874316019058716,-1750439.7090179091
2025-05-11 12:00:00,0.8791529042392812,0.2353777393149224,0.7874865196044917,-1783560.2062365327
2025-05-11 13:00:00,0.8491964954617618,0.22717296199214665,0.7875413202704259,-1651622.3400177557
2025-05-11 14:00:00,0.7613687488820855,0.2552634705459504,0.7875960038754815,-1683372.5915147637
2025-05-11 15:00:00,0.6216549802874431,0.19702729002577116,0.7876505703915259,-1761381.2367571527
2025-05-11 16:00:00,0.4395764521196405,0.21302953925437082,0.787705019790487,-1752102.7923283705
2025-05-11 17:00:00,0.22754151517431886,0.18578269857829532,0.7877593520443527,-1750759.849824443
2025-05-11 18:00:00,1.0766517901377352e-16,0.27449938858927725,0.7878135671251709,-1758392.437502533
2025-05-11 19:00:00,0.0,0.19932477195210033,0.7878676650050507,-1776898.601015936
2025-05-11 20:00:00,0.0,0.24483146785312898,0.7879216456561604,-1817965.2447229961
2025-05-11 21:00:00,0.0,0.2462108482517672,0.7879755090507294,-1914223.2901083508
2025-05-11 22:00:00,0.0,0.24380919012483349,0.7880292551610473,-1863701.6224933127
2025-05-11 23:00:00,0.0,0.18256066826840228,0.7880828839594634,-1961253.3920073195
2025-05-12 00:00:00,0.0,0.2448760947374516,0.7881363954183881,-1936318.9699017426
2025-05-12 01:00:00,0.0,0.19480055668945268,0.7881897895102921,-1906357.2825646598
2025-05-12 02:00:00,0.0,0.22044885797403865,0.788243066207706,-2124599.0887864614
2025-05-12 03:00:00,0.0,0.2548223811335411,0.788296225483221,-1971379.475871147
2025-05-12 04:00:00,0.0,0.224240843721642,0.7883492673094891,-1954571.6786431442
2025-05-12 05:00:00,0.0,0.18718752462449517,0.7884021916592222,-1850998.6585550029
2025-05-12 06:00:00,0.0,0.20143313545508923,0.788454998505193,-1866056.7238433324
2025-05-12 07:00:00,0.2289791279421714,0.22202367533378312,0.7885076878202343,-1947284.228729789
2025-05-12 08:00:00,0.4423537067209844,0.2131250786263802,0.7885602595772396,-1753138.756089577
2025-05-12 09:00:00,0.6255826114108267,0.18536297506472563,0.7886127137491631,-1698202.6684900767
2025-05-12 10:00:00,0.7661790949571674,0.21286775397777138,0.7886650503090188,-1707427.3522416241
2025-05-12 11:00:00,0.8545617393529982,0.2382484330549461,0.7887172692298821,-1784888.6709533865
2025-05-12 12:00:00,0.8847074134419689,0.23920645764307943,0.788769370484888,-1771977.0229204544
2025-05-12 13:00:00,0.8545617393529982,0.2610052929520816,0.788821354047233,-1670660.4288450694
2025-05-12 14:00:00,0.7661790949571675,0.2718994168915532,0.7888732198901732,-1718341.5751596047
2025-05-12 15:00:00,0.6255826114108268,0.24957648839892035,0.7889249679870258,-1743640.0670368464
2025-05-12 16:00:00,0.4423537067209844,0.2622524039316457,0.7889765983111687,-1685979.7951510106
2025-05-12 17:00:00,0.22897912794217165,0.2654744813707501,0.78902811083604,-1748372.2923618779
2025-05-12 18:00:00,1.0834541020536412e-16,0.20486485477476368,0.7890795055351386,-1817113.4417119182
2025-05-12 19:00:00,0.0,0.2322580178698539,0.789130782382024,-1826170.5485313921
2025-05-12 20:00:00,0.0,0.24441525573624534,0.7891819413503163,-1752129.9333585454
2025-05-12 21:00:00,0.0,0.27069197641857023,0.7892329824136962,-2077817.7121029627
2025-05-12 22:00:00,0.0,0.25607620729822184,0.7892839055459053,-1877109.6662656055
2025-05-12 23:00:00,0.0,0.18350293721770594,0.7893347107207456,-2023858.68070078
2025-05-13 00:00:00,0.0,0.21471149063808526,0.7893853979120797,-1891148.759499744
2025-05-13 01:00:00,0.0,0.22290411891419515,0.7894359670938313,-2005461.1966371783
2025-05-13 02:00:00,0.0,0.20927364512465987,0.7894864182399847,-1979021.7478779168
2025-05-13 03:00:00,0.0,0.1814130566050195,0.7895367513245845,-2013018.4459885696
2025-05-13 04:00:00,0.0,0.19749215800679423,0.7895869663217364,-1844052.2878772644
2025-05-13 05:00:00,0.0,0.25822667245938663,0.7896370632056069,-1905936.8065510732
2025-05-13 06:00:00,0.0,0.2708909060538675,0.7896870419504233,-1774705.9159794713
2025-05-13 07:00:00,0.23038723608705877,0.2338512143840233,0.7897369025304732,-1714443.1053300535
2025-05-13 08:00:00,0.4450739627676938,0.182506519794284,0.7897866449201056,-1816619.4298569865
2025-05-13 09:00:00,0.6294296344052105,0.24106131275806894,0.7898362690937301,-1746617.4105642918
2025-05-13 10:00:00,0.7708907166396645,0.18527872794642974,0.7898857750258167,-1809663.8393812852
2025-05-13 11:00:00,0.8598168704922694,0.24993490097085275,0.7899351626908968,-1752832.9266046316
2025-05-13 12:00:00,0.8901479255353877,0.2556581524462144,0.7899844320635625,-1677033.8287749442
2025-05-13 13:00:00,0.8598168704922694,0.21370586702601313,0.7900335831184666,-1716711.8542644265
2025-05-13 14:00:00,0.7708907166396646,0.2605351019363939,0.7900826158303227,-1565876.2580766112
2025-05-13 15:00:00,0.6294296344052106,0.17582446492021112,0.7901315301739058,-1804015.2921366752
2025-05-13 16:00:00,0.4450739627676938,0.18388048306542315,0.7901803261240512,-1736685.4680475262
2025-05-13 17:00:00,0.23038723608705902,0.26559188761151903,0.7902290036556553,-1875070.1785202953
2025-05-13 18:00:00,1.090116807774569e-16,0.20526010419035334,0.7902775627436756,-1749629.201885737
2025-05-13 19:00:00,0.0,0.2007938439179977,0.7903260033631302,-1792853.16792448
2025-05-13 20:00:00,0.0,0.17595649850407524,0.7903743254890986,-1911841.5572019878
2025-05-13 21:00:00,0.0,0.23553601646348468,0.7904225290967208,-1846239.947433315
2025-05-13 22:00:00,0.0,0.2628112717829023,0.7904706141611982,-1835765.182184865
2025-05-13 23:00:00,0.0,0.2623041932882681,0.7905185806577927,-1948854.305974709
2025-05-14 00:00:00,0.0,0.2286055276155198,0.7905664285618276,-1921610.7227367973
2025-05-14 01:00:00,0.0,0.20615934557157034,0.7906141578486872,-2039973.5473250397
2025-05-14 02:00:00,0.0,0.22116865552479337,0.7906617684938163,-1933695.5287770357
2025-05-14 03:00:00,0.0,0.20705240547804424,0.7907092604727216,-1851150.2044093146
2025-05-14 04:00:00,0.0,0.19488322189029217,0.79075663376097,-1815273.6169481974
2025-05-14 05:00:00,0.0,0.21268188173130842,0.7908038883341901,-1850695.4076462132
2025-05-14 06:00:00,0.0,0.2470601723777052,0.7908510241680713,-1934237.2661286776
2025-05-14 07:00:00,0.23176542235614797,0.1943120527524642,0.790898041238364,-1907654.5308693112
2025-05-14 08:00:00,0.44773641418919424,0.24406639427083443,0.7909449395208799,-1777226.8021820805
2025-05-14 09:00:00,0.6331949093146559,0.17537934528128288,0.7909917189914916,-1961207.7393851685
2025-05-14 10:00:00,0.7755022177743872,0.23590549090713672,0.7910383796261329,-1692325.6050234586
2025-05-14 11:00:00,0.8649603316708041,0.23228370653058006,0.7910849214007989,-1665752.8043953055
2025-05-14 12:00:00,0.8954728283783886,0.22334169262314255,0.791131344291546,-1654512.3755344553
2025-05-14 13:00:00,0.8649603316708041,0.24539383919538263,0.7911776482744909,-1740026.0340976822
2025-05-14 14:00:00,0.7755022177743873,0.26618740992224815,0.7912238333258124,-1600906.226934659
2025-05-14 15:00:00,0.633194909314656,0.2049968939180131,0.7912698994217501,-1806139.3730188825
2025-05-14 16:00:00,0.44773641418919424,0.22719331749021762,0.7913158465386048,-1719563.2917863834
2025-05-14 17:00:00,0.23176542235614822,0.17537706076359477,0.7913616746527385,-1899784.5147694175
2025-05-14 18:00:00,1.0966379329970207e-16,0.21255259234377344,0.7914073837405747,-1754741.6723304922
2025-05-14 19:00:00,0.0,0.20282546510675115,0.7914529737785977,-1693030.5786980072
2025-05-14 20:00:00,0.0,0.2232199426949177,0.7914984447433534,-1862317.0777453003
2025-05-14 21:00:00,0.0,0.17434311053408377,0.7915437966114487,-2068237.301478677
2025-05-14 22:00:00,0.0,0.1946339991810201,0.7915890293595518,-1926663.3952706782
2025-05-14 23:00:00,0.0,0.1768357904787588,0.7916341429643925,-2015197.759294358
2025-05-15 00:00:00,0.0,0.23372867118439725,0.7916791374027614,-1975155.60413758
2025-05-15 01:00:00,0.0,0.23611502627860023,0.7917240126515112,-2153149.280001513
2025-05-15 02:00:00,0.0,0.25812479918491693,0.7917687686875546,-2054704.4357386963
2025-05-15 03:00:00,0.0,0.21929314364718897,0.7918134054878669,-2018873.4662598062
2025-05-15 04:00:00,0.0,0.26122580854892247,0.7918579230294842,-1878021.1922892474
2025-05-15 05:00:00,0.0,0.17762468502810094,0.7919023212895041,-1888895.4637507843
2025-05-15 06:00:00,0.0,0.27175427374174577,0.7919466002450852,-1882424.8704569973
2025-05-15 07:00:00,0.23311327836310372,0.180473214496059,0.7919907598734479,-1828368.8866787278
2025-05-15 08:00:00,0.45034027204366905,0.2554701562356711,0.792034800151874,-1820824.484811822
2025-05-15 09:00:00,0.636877320406946,0.24395723876820752,0.7920787210577063,-1626855.5684790332
2025-05-15 10:00:00,0.7800122318740249,0.21804932015782574,0.7921225225683494,-1736035.9447903263
2025-05-15 11:00:00,0.8699905987700498,0.24993897218423614,0.7921662046612691,-1650257.7538306543
2025-05-15 12:00:00,0.9006805440873382,0.18584270589354107,0.7922097673139927,-1686750.508082894
2025-05-15 13:00:00,0.8699905987700498,0.21105764541405075,0.7922532105041091,-1665608.1645392766
2025-05-15 14:00:00,0.780012231874025,0.2170328767966487,0.7922965342092684,-1651266.7610203107
2025-05-15 15:00:00,0.6368773204069461,0.2578240950414445,0.7923397384071823,-1627941.3906331072
2025-05-15 16:00:00,0.45034027204366905,0.18924003690968075,0.792382823075624,-1728914.9913510247
2025-05-15 17:00:00,0.23311327836310397,0.23716117575490384,0.7924257881924283,-1717901.2516221274
2025-05-15 18:00:00,1.1030155453708553e-16,0.20734901988576473,0.7924686337354911,-1742849.92900487
2025-05-15 19:00:00,0.0,0.2552523839646156,0.7925113596827704,-1683470.7637717032
2025-05-15 20:00:00,0.0,0.2460976598618177,0.792553966012285,-1837970.8885117695
2025-05-15 21:00:00,0.0,0.22895312920568808,0.7925964527021161,-1978022.8334062877
2025-05-15 22:00:00,0.0,0.1849390609459725,0.7926388197304057,-1953042.6105894477
2025-05-15 23:00:00,0.0,0.18102082423942376,0.7926810670753577,-2023569.1617194063
2025-05-16 00:00:00,0.0,0.27262806786495436,0.7927231947152378,-1969709.411566121
2025-05-16 01:00:00,0.0,0.24297881316869163,0.7927652026283726,-1940824.8635342217
2025-05-16 02:00:00,0.0,0.17788760119219482,0.792807090793151,-1957328.134478076
2025-05-16 03:00:00,0.0,0.18035338935087078,0.7928488591880232,-1947028.4708310051
2025-05-16 04:00:00,0.0,0.2493777930400289,0.792890507791501,-1955497.1333522997
2025-05-16 05:00:00,0.0,0.18438558075298972,0.7929320365821578,-1877671.3285047014
2025-05-16 06:00:00,0.0,0.19253094978443083,0.7929734455386289,-1817653.4310282741
2025-05-16 07:00:00,0.23443040470910206,0.200076717542104,0.7930147346396108,-1875341.64377273
2025-05-16 08:00:00,0.4528847647518402,0.24626993345499826,0.793055903863862,-1864278.6897674832
2025-05-16 09:00:00,0.6404757765042011,0.19958877954084878,0.7930969531902026,-1834040.4494651973
2025-05-16 10:00:00,0.7844194225240658,0.1726697129377214,0.7931378825975145,-1537081.4169485082
2025-05-16 11:00:00,0.8749061812133032,0.27124842820293316,0.793178692064741,-1621237.9059056882
2025-05-16 12:00:00,0.9057695295036805,0.25492233085685573,0.7932193815708872,-1697283.212706761
2025-05-16 13:00:00,0.8749061812133032,0.26052764482014373,0.7932599510950201,-1621139.768750625
2025-05-16 14:00:00,0.7844194225240659,0.18064541174551318,0.7933004006162685,-1685044.8690735681
2025-05-16 15:00:00,0.6404757765042012,0.202770181283912,0.7933407301138224,-1719645.1003636115
2025-05-16 16:00:00,0.4528847647518402,0.2048258968739643,0.793380939566934,-1652233.5447511917
2025-05-16 17:00:00,0.2344304047091023,0.2660215924637885,0.7934210289549173,-1571131.1973091771
2025-05-16 18:00:00,1.1092477550718864e-16,0.1902104859180647,0.7934609982571477,-1794685.715143166
2025-05-16 19:00:00,0.0,0.2609738474259807,0.7935008474530628,-1673696.1212109488
2025-05-16 20:00:00,0.0,0.27352158967053136,0.7935405765221617,-1788920.7849138614
2025-05-16 21:00:00,0.0,0.18373009222066194,0.7935801854440053,-1797028.4466593347
2025-05-16 22:00:00,0.0,0.20738343784032895,0.7936196741982164,-1841866.6688281244
2025-05-16 23:00:00,0.0,0.2271253000854078,0.7936590427644798,-1912473.9151563337
2025-05-17 00:00:00,0.0,0.20763720259971766,0.793698291122542,-2053804.492130723
2025-05-17 01:00:00,0.0,0.18043001733752498,0.7937374192522109,-1930251.1442790667
2025-05-17 02:00:00,0.0,0.20414375178332272,0.793776427133357,-1936828.3771126731
2025-05-17 03:00:00,0.0,0.17963240463253083,0.7938153147459123,-1826843.769453007
2025-05-17 04:00:00,0.0,0.22499080883269557,0.7938540820698704,-1906368.3742969271
2025-05-17 05:00:00,0.0,0.2544583656710231,0.7938927290852873,-1857098.330503821
2025-05-17 06:00:00,0.0,0.17288433974249895,0.7939312557722806,-1793752.8254033849
2025-05-17 07:00:00,0.23571641110118077,0.24996883140392506,0.79396966211103,-1757417.3285409159
2025-05-17 08:00:00,0.4553691383256035,0.18169617272977256,0.7940079480817768,-1764623.9272340713
2025-05-17 09:00:00,0.6439892113062184,0.2423684567064206,0.7940461136648245,-1769615.4611922652
2025-05-17 10:00:00,0.7887224837788054,0.18879407739031248,0.7940841588405384,-1815051.0531206967
2025-05-17 11:00:00,0.8797056224073994,0.26322075506565495,0.7941220835893458,-1601663.7742421885
2025-05-17 12:00:00,0.9107382766512071,0.18659221890479927,0.7941598878917357,-1748940.7985876952
2025-05-17 13:00:00,0.8797056224073994,0.22442620510602246,0.7941975717282599,-1721306.3099912552
2025-05-17 14:00:00,0.7887224837788055,0.26047284806691795,0.7942351350795309,-1727146.7140617445
2025-05-17 15:00:00,0.6439892113062186,0.2726016483526069,0.7942725779262243,-1762827.3385687221
2025-05-17 16:00:00,0.4553691383256035,0.20630354207633259,0.7943099002490771,-1756926.4040605999
2025-05-17 17:00:00,0.23571641110118102,0.21469998506079502,0.7943471020288886,-1761959.0950650976
2025-05-17 18:00:00,1.1153327153618775e-16,0.24961778643254695,0.7943841832465197,-1810994.1755760727
2025-05-17 19:00:00,0.0,0.18211707603034277,0.7944211438828939,-1787559.003706691
2025-05-17 20:00:00,0.0,0.17976056877358243,0.7944579839189964,-1863816.2302844007
2025-05-17 21:00:00,0.0,0.1985822753448766,0.7944947033358741,-1898332.598419696
2025-05-17 22:00:00,0.0,0.2284543676945024,0.7945313021146369,-1904568.3589029054
2025-05-17 23:00:00,0.0,0.22974301399605812,0.7945677802364557,-2013881.642689361
2025-05-18 00:00:00,0.0,0.2314430708804024,0.7946041376825642,-1935585.7153954052
2025-05-18 01:00:00,0.0,0.26894315085751747,0.7946403744342581,-1956719.4745442898
2025-05-18 02:00:00,0.0,0.2159577085259323,0.7946764904728948,-1978601.8571550902
2025-05-18 03:00:00,0.0,0.18458874599263897,0.7947124857798942,-2045448.0966161017
2025-05-18 04:00:00,0.0,0.24876089816583954,0.794748360336738,-2000012.5977546633
2025-05-18 05:00:00,0.0,0.2287223443317455,0.7947841141249703,-1898491.121128604
2025-05-18 06:00:00,0.0,0.19579830853963398,0.7948197471261972,-1764401.1972504056
2025-05-18 07:00:00,0.2369709164678916,0.20469611336810878,0.794855259322087,-1761844.8054775032
2025-05-18 08:00:00,0.4577926565914519,0.22128545074089856,0.7948906506943699,-1720141.2299682652
2025-05-18 09:00:00,0.6474165837064402,0.24754459040200733,0.7949259212248386,-1886083.403113852
2025-05-18 10:00:00,0.792920140548326,0.260683905086012,0.7949610708953478,-1768640.871018832
2025-05-18 11:00:00,0.8843875001743319,0.2628521632915709,0.7949960996878146,-1757124.4120076424
2025-05-18 12:00:00,0.9155853131829039,0.19994955550237303,0.7950310075842177,-1594622.3266956415
2025-05-18 13:00:00,0.8843875001743319,0.205370723500108,0.7950657945665989,-1516568.8616242672
2025-05-18 14:00:00,0.7929201405483262,0.21930214857615568,0.7951004606170611,-1763952.0878505963
2025-05-18 15:00:00,0.6474165837064403,0.26870362910363405,0.7951350057177704,-1622854.1102037039
2025-05-18 16:00:00,0.4577926565914519,0.24737445674550307,0.7951694298509546,-1577777.252208818
2025-05-18 17:00:00,0.23697091646789184,0.21288124674279435,0.795203732998904,-1731462.0012246028
2025-05-18 18:00:00,1.1212686231357701e-16,0.21636915495621256,0.7952379151439709,-1884688.8291705728
2025-05-18 19:00:00,0.0,0.20766135062135224,0.7952719762685698,-1833651.0960382717
2025-05-18 20:00:00,0.0,0.20494743016871936,0.795305916355178,-1975230.3022257886
2025-05-18 21:00:00,0.0,0.2129551894954852,0.7953397353863344,-1868133.9882427254
2025-05-18 22:00:00,0.0,0.1955205603013155,0.7953734333446406,-1869311.344159225
2025-05-18 23:00:00,0.0,0.24807725127937422,0.7954070102127603,-1914228.3717839438
2025-05-19 00:00:00,0.0,0.25009536864183046,0.7954404659734193,-1818720.030963007
2025-05-19 01:00:00,0.0,0.21446009555072398,0.7954738006094064,-1976209.8488601749
2025-05-19 02:00:00,0.0,0.1899754358088678,0.795507014103572,-1987915.2838255134
2025-05-19 03:00:00,0.0,0.2351731538600267,0.7955401064388292,-2003786.6045744957
2025-05-19 04:00:00,0.0,0.17673749715358603,0.7955730775981533,-1900048.3842010023
2025-05-19 05:00:00,0.0,0.2365503911352721,0.7956059275645819,-1899562.0824691162
2025-05-19 06:00:00,0.0,0.22496938253912152,0.795638656321215,-1972620.0139967445
2025-05-19 07:00:00,0.2381935490722199,0.23657755237012396,0.795671263851215,-1864447.7315757433
2025-05-19 08:00:00,0.46015460140861947,0.24954188057763452,0.7957037501378067,-1762836.8711921985
2025-05-19 09:00:00,0.6507568781004553,0.20680857593151944,0.7957361151642772,-1788271.1250988897
2025-05-19 10:00:00,0.7970111489763343,0.25241471401501103,0.7957683589139759,-1760697.1033962308
2025-05-19 11:00:00,0.8889504271726754,0.2689634148190598,0.7958004813703147,-1724329.8283073038
2025-05-19 12:00:00,0.920309202817239,0.225545155848902,0.795832482516768,-1471062.0397918834
2025-05-19 13:00:00,0.8889504271726754,0.26858225959922255,0.7958643623368723,-1600817.7980638149
2025-05-19 14:00:00,0.7970111489763343,0.2488457037215203,0.7958961208142269,-1700836.3231607052
2025-05-19 15:00:00,0.6507568781004555,0.20397833365058082,0.7959277579324932,-1588633.473892244
2025-05-19 16:00:00,0.46015460140861947,0.23822865427719347,0.7959592736753953,-1748245.9048354938
2025-05-19 17:00:00,0.23819354907222015,0.18689352813286583,0.7959906680267196,-1702238.7748689214
2025-05-19 18:00:00,1.127053719455984e-16,0.1874251141887149,0.7960219409703149,-1723029.5203026887
2025-05-19 19:00:00,0.0,0.22030915698827058,0.7960530924900925,-1890446.1802730805
2025-05-19 20:00:00,0.0,0.24073114772842544,0.7960841225700261,-1877175.982776538
2025-05-19 21:00:00,0.0,0.25975477514770007,0.7961150311941523,-1911076.4912852184
2025-05-19 22:00:00,0.0,0.24836542771567827,0.7961458183465695,-1943093.2613292385
2025-05-19 23:00:00,0.0,0.20947976747608893,0.7961764840114393,-1971718.230565391
2025-05-20 00:00:00,0.0,0.1726073710886745,0.7962070281729852,-1951981.6450537296
2025-05-20 01:00:00,0.0,0.23664192732707662,0.7962374508154934,-1895286.360542786
2025-05-20 02:00:00,0.0,0.2291599017345523,0.7962677519233128,-2050186.219781299
2025-05-20 03:00:00,0.0,0.18934602818175883,0.7962979314808547,-1893602.3917165494
2025-05-20 04:00:00,0.0,0.18118971217246524,0.7963279894725928,-2080847.550234208
2025-05-20 05:00:00,0.0,0.19967342655663695,0.7963579258830636,-1896332.675440747
2025-05-20 06:00:00,0.0,0.22944466692890636,0.7963877406968661,-1885137.6737046717
2025-05-20 07:00:00,0.23938394662173848,0.2530844878893778,0.7964174338986616,-1912046.2346971277
2025-05-20 08:00:00,0.4624542728818819,0.19860213323297424,0.7964470054731742,-1833849.6337867351
2025-05-20 09:00:00,0.6540091046869456,0.2545651708116976,0.7964764554051905,-1783015.406479921
2025-05-20 10:00:00,0.8009942968087416,0.23373288036294537,0.7965057836795597,-1760356.1097705325
2025-05-20 11:00:00,0.8933930513086842,0.2530440751666498,0.7965349902811936,-1674265.989646284
2025-05-20 12:00:00,0.9249085457637639,0.24035516052123201,0.7965640751950667,-1572782.2546506322
2025-05-20 13:00:00,0.8933930513086842,0.24811851098745197,0.7965930384062155,-1722367.4559461474
2025-05-20 14:00:00,0.8009942968087417,0.2617338556798176,0.7966218798997402,-1684423.5065107162
2025-05-20 15:00:00,0.6540091046869457,0.23522605498154991,0.7966505996608026,-1611931.7426390226
2025-05-20 16:00:00,0.4624542728818819,0.21273290436659545,0.7966791976746278,-1674757.5139395767
2025-05-20 17:00:00,0.23938394662173873,0.18563090875440022,0.7967076739265031,-1778503.3258224921
2025-05-20 18:00:00,1.1326862900736268e-16,0.2335940538325617,0.7967360284017786,-1772189.9559021425
2025-05-20 19:00:00,0.0,0.20939633016911832,0.7967642610858672,-1872950.4336494352
2025-05-20 20:00:00,0.0,0.20544422750333957,0.7967923719642441,-1769807.106204513
2025-05-20 21:00:00,0.0,0.1750852541667762,0.7968203610224476,-1744051.5403768525
2025-05-20 22:00:00,0.0,0.23691798880079756,0.7968482282460783,-1975587.5553906618
2025-05-20 23:00:00,0.0,0.18357495665440804,0.7968759736207996,-2005143.7367522316
2025-05-21 00:00:00,0.0,0.25868368174268963,0.7969035971323379,-1984148.7708998574
2025-05-21 01:00:00,0.0,0.22726324902741635,0.7969310987664818,-1989634.9673356072
2025-05-21 02:00:00,0.0,0.19215523890100528,0.7969584785090829,-2004386.209857959
2025-05-21 03:00:00,0.0,0.2457400332218279,0.7969857363460552,-2039321.9587777257
2025-05-21 04:00:00,0.0,0.2281985195550177,0.7970128722633758,-1836884.5898682852
2025-05-21 05:00:00,0.0,0.22751923131825713,0.7970398862470844,-1860349.0983175752
2025-05-21 06:00:00,0.0,0.2360051353870373,0.7970667782832834,-1882083.6936729746
2025-05-21 07:00:00,0.2405417563759625,0.23821976701698558,0.7970935483581378,-1819764.3147491652
2025-05-21 08:00:00,0.46469098956895066,0.2615879200931363,0.7971201964578757,-1763378.1617948725
2025-05-21 09:00:00,0.6571722997609845,0.23163932055231762,0.7971467225687874,-1773074.0277199077
2025-05-21 10:00:00,0.8048684037528818,0.25478379680426716,0.7971731266772265,-1770422.5045313332
2025-05-21 11:00:00,0.8977140561369471,0.18130787405584392,0.7971994087696092,-1634255.1661339884
2025-05-21 12:00:00,0.9293819791379014,0.24353563921014987,0.797225568832414,-1683099.479027023
2025-05-21 13:00:00,0.8977140561369471,0.17897280619686232,0.7972516068521831,-1657967.2578186204
2025-05-21 14:00:00,0.8048684037528819,0.20605427531807732,0.7972775228155208,-1704594.9351851633
2025-05-21 15:00:00,0.6571722997609846,0.22511497032960892,0.7973033167090944,-1542240.3123866129
2025-05-21 16:00:00,0.46469098956895066,0.18053501709638986,0.7973289885196339,-1781784.5416033582
2025-05-21 17:00:00,0.24054175637596276,0.1929259230066236,0.7973545382339321,-1738091.0446732326
2025-05-21 18:00:00,1.1381646659364631e-16,0.20187943740562597,0.797379965838845,-1605162.8079407888
2025-05-21 19:00:00,0.0,0.2036559106487216,0.7974052713212908,-1916243.54990798
2025-05-21 20:00:00,0.0,0.261157600810566,0.7974304546682511,-1816855.0528440652
2025-05-21 21:00:00,0.0,0.2387080451358311,0.7974555158667699,-1925331.4517963512
2025-05-21 22:00:00,0.0,0.2347691844318543,0.7974804549039543,-1953801.0477599872
2025-05-21 23:00:00,0.0,0.1960628888967222,0.7975052717669742,-1839771.0343859652
2025-05-22 00:00:00,0.0,0.18954842963695967,0.7975299664430622,-2032328.0375375224
2025-05-22 01:00:00,0.0,0.17481663116955462,0.7975545389195139,-1845043.7740239527
2025-05-22 02:00:00,0.0,0.2056254394176417,0.797578989183688,-1888104.8903725198
2025-05-22 03:00:00,0.0,0.2198446529312822,0.7976033172230054,-1852577.2581369623
2025-05-22 04:00:00,0.0,0.17959382259003165,0.7976275230249507,-2017804.6136037873
2025-05-22 05:00:00,0.0,0.2401184540159346,0.7976516065770706,-1799626.7105426006
2025-05-22 06:00:00,0.0,0.19040504414893925,0.7976755678669754,-1767144.6006332468
2025-05-22 07:00:00,0.24166663525087426,0.18713941008003504,0.7976994068823379,-1831750.1414857083
2025-05-22 08:00:00,0.46686408868239915,0.19381339777263595,0.7977231236108937,-1698261.4683741578
2025-05-22 09:00:00,0.6602455259996043,0.19456175613986293,0.7977467180404417,-1714064.9494396648
2025-05-22 10:00:00,0.8086323218272574,0.25915322506353855,0.7977701901588434,-1742119.7364079247
2025-05-22 11:00:00,0.9019121612504787,0.19740807218538817,0.7977935399540236,-1863072.4670146734
2025-05-22 12:00:00,0.9337281773647984,0.17419359398914075,0.7978167674139693,-1657797.3697528797
2025-05-22 13:00:00,0.9019121612504787,0.24070237829664395,0.7978398725267314,-1669212.8128671292
2025-05-22 14:00:00,0.8086323218272575,0.19910111226852556,0.7978628552804228,-1688266.5300135768
2025-05-22 15:00:00,0.6602455259996044,0.25769137063464154,0.7978857156632201,-1762791.7582741766
2025-05-22 16:00:00,0.46686408868239915,0.2139070075715231,0.7979084536633624,-1725386.8649154722
2025-05-22 17:00:00,0.2416666352508745,0.18547755370241434,0.797931069269152,-1607474.5264598392
2025-05-22 18:00:00,1.1434872236834925e-16,0.196600945866783,0.797953562468954,-1822301.995341281
2025-05-22 19:00:00,0.0,0.25568681752528016,0.7979759332511966,-1802814.4621438344
2025-05-22 20:00:00,0.0,0.17529426863446076,0.797998181604371,-1836158.5956380016
2025-05-22 21:00:00,0.0,0.20003781746420565,0.7980203075170311,-1962383.6827832775
2025-05-22 22:00:00,0.0,0.18436213270369128,0.7980423109777943,-1916964.7662178073
2025-05-22 23:00:00,0.0,0.1947653176866689,0.7980641919753405,-2089055.192263841
2025-05-23 00:00:00,0.0,0.2188262772004096,0.7980859504984128,-1867657.0097684457
2025-05-23 01:00:00,0.0,0.22702706975235587,0.7981075865358174,-1891349.2082363106
2025-05-23 02:00:00,0.0,0.2090056187015689,0.7981291000764233,-1996649.236109515
2025-05-23 03:00:00,0.0,0.17946869571507384,0.7981504911091628,-1908144.1141307743
2025-05-23 04:00:00,0.0,0.2166995418775482,0.7981717596230311,-1886548.5286751778
2025-05-23 05:00:00,0.0,0.2212226414219461,0.7981929056070861,-1922371.9080817453
2025-05-23 06:00:00,0.0,0.16522461877192032,0.7982139290504494,-1780189.4376150884
2025-05-23 07:00:00,0.24275824992058614,0.25220135475351957,0.7982348299423052,-1927963.5200774034
2025-05-23 08:00:00,0.46897292628606063,0.2305395820019768,0.7982556082719006,-1639715.7765701301
2025-05-23 09:00:00,0.6632278727395448,0.2157554205641568,0.7982762640285462,-1672031.8771065082
2025-05-23 10:00:00,0.8122849357017109,0.20237238462272467,0.7982967972016155,-1616277.3389689964
2025-05-23 11:00:00,0.905986122660131,0.24039535625627068,0.7983172077805447,-1618025.2796472108
2025-05-23 12:00:00,0.9379458525721214,0.2342532795586931,0.7983374957548337,-1619275.9720289004
2025-05-23 13:00:00,0.905986122660131,0.20445718332418794,0.798357661114045,-1660654.2487047983
2025-05-23 14:00:00,0.812284935701711,0.19608152685656757,0.7983777038478044,-1652498.6338351297
2025-05-23 15:00:00,0.6632278727395449,0.24326860395854527,0.7983976239458006,-1657623.648923277
2025-05-23 16:00:00,0.46897292628606063,0.17819952150056947,0.7984174213977856,-1682927.570835002
2025-05-23 17:00:00,0.24275824992058642,0.18314484696514843,0.7984370961935744,-1746631.9924783346
2025-05-23 18:00:00,1.1486523861259838e-16,0.25453661198855604,0.7984566483230451,-1663243.1740550632
2025-05-23 19:00:00,0.0,0.2144781199949863,0.7984760777761388,-1806589.2855233722
2025-05-23 20:00:00,0.0,0.20557421855043356,0.7984953845428602,-1891466.3030206033
2025-05-23 21:00:00,0.0,0.17863903999759367,0.7985145686132762,-1971001.5271996667
2025-05-23 22:00:00,0.0,0.23159287053324823,0.7985336299775178,-1842022.2046160807
2025-05-23 23:00:00,0.0,0.24697763697608172,0.7985525686257784,-1923260.1029822964
2025-05-24 00:00:00,0.0,0.17869853618515086,0.7985713845483151,-2062197.204870658
2025-05-24 01:00:00,0.0,0.21270705672894474,0.7985900777354477,-1817712.9104424887
2025-05-24 02:00:00,0.0,0.2101165565277242,0.7986086481775593,-2019061.2578892596
2025-05-24 03:00:00,0.0,0.22365095141091562,0.7986270958650961,-1913723.5779066144
2025-05-24 04:00:00,0.0,0.22313121595633834,0.7986454207885676,-1849783.975884568
2025-05-24 05:00:00,0.0,0.24075568767424482,0.7986636229385464,-1876798.8467130011
2025-05-24 06:00:00,0.0,0.24499832228176316,0.7986817023056683,-1826079.3834349916
2025-05-24 07:00:00,0.24381627691611266,0.2226037743178264,0.7986996588806319,-1882743.4605543043
2025-05-24 08:00:00,0.4710168774858408,0.18080722810391883,0.7987174926541996,-1730761.4374611874
2025-05-24 09:00:00,0.6661184562471026,0.24100763610388293,0.7987352036171962,-1773622.6273032892
2025-05-24 10:00:00,0.8158251630279215,0.21158172535362915,0.7987527917605105,-1836338.1672427387
2025-05-24 11:00:00,0.9099347331632154,0.16332504279320803,0.7987702570750941,-1605315.7750680642
2025-05-24 12:00:00,0.9420337549716817,0.2290441708136598,0.7987875995519614,-1774204.6506933141
2025-05-24 13:00:00,0.9099347331632154,0.2388907258879066,0.798804819182191,-1694210.788533501
2025-05-24 14:00:00,0.8158251630279216,0.21727557997946145,0.7988219159569236,-1654536.5982199174
2025-05-24 15:00:00,0.6661184562471028,0.21760740241658125,0.7988388898673638,-1807649.7947127616
2025-05-24 16:00:00,0.4710168774858408,0.16278949495440342,0.7988557409047793,-1562121.3139133211
2025-05-24 17:00:00,0.24381627691611293,0.22401792192675943,0.7988724690605007,-1747653.7744911914
2025-05-24 18:00:00,1.153658622714832e-16,0.205291735337019,0.7988890743259222,-1746736.8176918218
2025-05-24 19:00:00,0.0,0.2539338257261616,0.7989055566925007,-1889340.9770980272
2025-05-24 20:00:00,0.0,0.1908549336125237,0.7989219161517571,-1925552.7209568708
2025-05-24 21:00:00,0.0,0.2059772984983721,0.7989381526952752,-1819183.404831191
2025-05-24 22:00:00,0.0,0.2047801184295787,0.7989542663147016,-1949607.0037599884
2025-05-24 23:00:00,0.0,0.2505083339575782,0.7989702570017464,-1839033.3430206727
2025-05-25 00:00:00,0.0,0.25536201692175425,0.7989861247481835,-2140188.5404286673
2025-05-25 01:00:00,0.0,0.20638610099437438,0.7990018695458492,-1995184.7264797648
2025-05-25 02:00:00,0.0,0.2238229982349557,0.7990174913866437,-1912814.8722384104
2025-05-25 03:00:00,0.0,0.1726366158328517,0.79903299026253,-2026767.4003078248
2025-05-25 04:00:00,0.0,0.2049840995117847,0.7990483661655345,-1808657.4610340882
2025-05-25 05:00:00,0.0,0.19524142947376855,0.7990636190877471,-1820290.9793730075
2025-05-25 06:00:00,0.0,0.24589973119778286,0.7990787490213208,-1863198.6285458903
2025-05-25 07:00:00,0.2448404027212209,0.18827694391634642,0.7990937559584718,-1812932.184041987
2025-05-25 08:00:00,0.4729953366148871,0.22579096100264998,0.7991086398914794,-1833043.0115210365
2025-05-25 09:00:00,0.6689164199800007,0.19077688956583091,0.7991234008126867,-1805162.5908185302
2025-05-25 10:00:00,0.8192519547601281,0.23594833749826113,0.7991380387144997,-1603375.4652388585
2025-05-25 11:00:00,0.9137568227012217,0.1796992131681101,0.7991525535893877,-1758592.4003324292
2025-05-25 12:00:00,0.9459906732297743,0.22871715738462314,0.7991669454298835,-1716041.7646200333
2025-05-25 13:00:00,0.9137568227012217,0.224902160854773,0.7991812142285832,-1741820.419128935
2025-05-25 14:00:00,0.8192519547601282,0.17195027374159053,0.7991953599781458,-1751870.0190454372
2025-05-25 15:00:00,0.6689164199800008,0.1768367016190947,0.799209382671294,-1632580.5315339898
2025-05-25 16:00:00,0.4729953366148871,0.23234059578056154,0.7992232823008139,-1665791.0694391942
2025-05-25 17:00:00,0.24484040272122118,0.2144305728196778,0.7992370588595542,-1762301.768280219
2025-05-25 18:00:00,1.1585044499940928e-16,0.22128903441760178,0.7992507123404278,-1754588.026750787
2025-05-25 19:00:00,0.0,0.1782060336789433,0.7992642427364105,-1818481.6537669073
2025-05-25 20:00:00,0.0,0.18751989742317632,0.7992776500405413,-1887672.4543310062
2025-05-25 21:00:00,0.0,0.24534790320688007,0.7992909342459228,-1859731.978546925
2025-05-25 22:00:00,0.0,0.21380562747116483,0.7993040953457208,-1962442.935819921
2025-05-25 23:00:00,0.0,0.19722284298749396,0.7993171333331643,-2014530.2509001305
2025-05-26 00:00:00,0.0,0.19684143301332938,0.7993300482015461,-1972688.3533097277
2025-05-26 01:00:00,0.0,0.1951790472535177,0.7993428399442216,-1885136.694876189
2025-05-26 02:00:00,0.0,0.2214696237163239,0.7993555085546104,-1938464.2802366999
2025-05-26 03:00:00,0.0,0.20370000756267062,0.7993680540261947,-1975241.2098280878
2025-05-26 04:00:00,0.0,0.18807702657520464,0.7993804763525203,-1997258.9165374513
2025-05-26 05:00:00,0.0,0.19470642313915087,0.7993927755271968,-1843510.2661344428
2025-05-26 06:00:00,0.0,0.18261796965021787,0.7994049515438963,-1977485.282702148
2025-05-26 07:00:00,0.24583032386533232,0.21018975570865656,0.7994170043963552,-1697516.5527282031
2025-05-26 08:00:00,0.47490771741306076,0.21017238713340888,0.7994289340783723,-1705018.4023062263
2025-05-26 09:00:00,0.6716209348411998,0.18957161720368454,0.7994407405838106,-1722051.4433783907
2025-05-26 10:00:00,0.8225642954659841,0.208393322712924,0.7994524239065961,-1672701.365608348
2025-05-26 11:00:00,0.9174512587065322,0.2515401626523182,0.7994639840407181,-1852638.3966279612
2025-05-26 12:00:00,0.9498154348261216,0.22655543435939873,0.7994754209802294,-1717471.198133306
2025-05-26 13:00:00,0.9174512587065322,0.16459746601878722,0.7994867347192461,-1709358.5874790675
2025-05-26 14:00:00,0.8225642954659842,0.18099364414866356,0.7994979252519478,-1653694.6338794937
2025-05-26 15:00:00,0.6716209348411999,0.2047725058439892,0.7995089925725773,-1617892.7494176484
2025-05-26 16:00:00,0.47490771741306076,0.2136549361383429,0.7995199366754413,-1732233.0875144925
2025-05-26 17:00:00,0.24583032386533257,0.22307621920822873,0.799530757554909,-1895253.6723096918
2025-05-26 18:00:00,1.1631884320405614e-16,0.17658615316725554,0.7995414552054139,-1798828.5328506709
2025-05-26 19:00:00,0.0,0.23086603811338807,0.7995520296214521,-1787416.7708206505
2025-05-26 20:00:00,0.0,0.16349617817638318,0.7995624807975837,-1984272.9047590047
2025-05-26 21:00:00,0.0,0.20234386184807565,0.7995728087284321,-2024360.3930221056
2025-05-26 22:00:00,0.0,0.19016739204156885,0.7995830134086838,-1888116.511380581
2025-05-26 23:00:00,0.0,0.25259290976158516,0.7995930948330889,-2049381.309678097
2025-05-27 00:00:00,0.0,0.1960273648265056,0.7996030529964611,-2043688.0110189186
2025-05-27 01:00:00,0.0,0.16218702184408537,0.799612887893677,-2043484.6535303984
2025-05-27 02:00:00,0.0,0.2368013752116223,0.7996225995196774,-2061426.817708295
2025-05-27 03:00:00,0.0,0.18934137770323078,0.7996321878694657,-1854636.818522894
2025-05-27 04:00:00,0.0,0.23382810007074833,0.7996416529381092,-2046415.2800682252
2025-05-27 05:00:00,0.0,0.18592146459399284,0.7996509947207384,-1822062.4424035794
2025-05-27 06:00:00,0.0,0.2059963372742765,0.7996602132125474,-1756161.7301582606
2025-05-27 07:00:00,0.24678574701344774,0.24999940408185972,0.7996693084087938,-1840627.9381336393
2025-05-27 08:00:00,0.4767534532006589,0.1689040619840221,0.7996782803047984,-1690505.1931708814
2025-05-27 09:00:00,0.6742311994245785,0.19614088687490228,0.7996871288959453,-1801135.6931991102
2025-05-27 10:00:00,0.8257612036274523,0.2395676879085508,0.7996958541776825,-1705198.682009842
2025-05-27 11:00:00,0.9210169464380263,0.17476618298723132,0.7997044561455211,-1734120.0702006244
2025-05-27 12:00:00,0.953506906401318,0.17972607207459534,0.7997129347950358,-1521799.8286590956
2025-05-27 13:00:00,0.9210169464380263,0.16781010046520192,0.7997212901218647,-1812563.4206878322
2025-05-27 14:00:00,0.8257612036274524,0.2486843696252517,0.7997295221217091,-1596892.2068812624
2025-05-27 15:00:00,0.6742311994245787,0.20712992685662288,0.7997376307903341,-1733963.1529499001
2025-05-27 16:00:00,0.4767534532006589,0.2525430070392429,0.7997456161235682,-1690284.691147061
2025-05-27 17:00:00,0.246785747013448,0.18580241875721978,0.7997534781173032,-1691336.4454664546
2025-05-27 18:00:00,1.167709180889269e-16,0.21886944456559526,0.7997612167674945,-1788215.679212772
2025-05-27 19:00:00,0.0,0.17462742877533302,0.7997688320701606,-1828817.1860024827
2025-05-27 20:00:00,0.0,0.18207911737127638,0.799776324021384,-1829307.917835974
2025-05-27 21:00:00,0.0,0.20907478977800464,0.7997836926173104,-1839893.0495295213
2025-05-27 22:00:00,0.0,0.20764539396287726,0.7997909378541488,-1949963.7972569275
2025-05-27 23:00:00,0.0,0.21837904130752897,0.7997980597281719,-1987235.4701203988
2025-05-28 00:00:00,0.0,0.16808903907413902,0.7998050582357158,-1960540.3995411068
2025-05-28 01:00:00,0.0,0.2233603392677369,0.7998119333731799,-1951128.2281543002
2025-05-28 02:00:00,0.0,0.17919618864783118,0.7998186851370275,-1780759.2883133932
2025-05-28 03:00:00,0.0,0.1832152309648951,0.7998253135237848,-2025410.0687547256
2025-05-28 04:00:00,0.0,0.1987673109016622,0.7998318185300418,-1894114.8693861284
2025-05-28 05:00:00,0.0,0.18221611566297333,0.7998382001524522,-1920302.924938306
2025-05-28 06:00:00,0.0,0.2482806358947885,0.7998444583877327,-1800810.3988483646
2025-05-28 07:00:00,0.24770638905306858,0.1608738055033193,0.7998505932326636,-1870536.1449301392
2025-05-28 08:00:00,0.47853199704633337,0.20910696130006015,0.799856604684089,-1844352.7945209274
2025-05-28 09:00:00,0.6767464402524065,0.169975622266056,0.7998624927389161,-1652724.987797854
2025-05-28 10:00:00,0.8288417319316493,0.21789965070979425,0.7998682573941158,-1895095.2152549708
2025-05-28 11:00:00,0.9244528293054752,0.19807944708389696,0.7998738986467224,-1696186.2996580661
2025-05-28 12:00:00,0.9570639940926668,0.2316774335298372,0.7998794164938335,-1783417.0833985673
2025-05-28 13:00:00,0.9244528293054752,0.20570957610865592,0.7998848109326109,-1730539.997322329
2025-05-28 14:00:00,0.8288417319316495,0.21031328546488434,0.7998900819602789,-1734223.7830070273
2025-05-28 15:00:00,0.6767464402524066,0.19909982804586956,0.7998952295741257,-1677957.6166201336
2025-05-28 16:00:00,0.47853199704633337,0.21115450541784347,0.7999002537715036,-1648532.4434223569
2025-05-28 17:00:00,0.24770638905306885,0.16249708363931226,0.7999051545498275,-1683637.9794018662
2025-05-28 18:00:00,1.1720653569447658e-16,0.18181497674783814,0.799909931906576,-1796655.2102842098
2025-05-28 19:00:00,0.0,0.24576375931992556,0.7999145858392915,-1896305.2819716542
2025-05-28 20:00:00,0.0,0.163107814331691,0.7999191163455799,-1895935.5035386274
2025-05-28 21:00:00,0.0,0.2277519734719552,0.7999235234231103,-1975116.4014231423
2025-05-28 22:00:00,0.0,0.24324936616585813,0.7999278070696154,-2030975.4953731492
2025-05-28 23:00:00,0.0,0.20772542074525122,0.7999319672828915,-1898716.8903165974
2025-05-29 00:00:00,0.0,0.2022019625281209,0.7999360040607981,-1986107.9668420285
2025-05-29 01:00:00,0.0,0.19694420761399734,0.7999399174012589,-2137108.1432282957
2025-05-29 02:00:00,0.0,0.23764252214546935,0.7999437073022603,-1787425.0224919452
2025-05-29 03:00:00,0.0,0.20991923256729994,0.7999473737618527,-1916743.4028409733
2025-05-29 04:00:00,0.0,0.23480178505829596,0.7999509167781497,-1883527.719116462
2025-05-29 05:00:00,0.0,0.16978437017151796,0.7999543363493286,-1831534.3518824817
2025-05-29 06:00:00,0.0,0.1964117043241831,0.7999576324736303,-1801731.2044780853
2025-05-29 07:00:00,0.2485919771780895,0.16495456646625825,0.7999608051493589,-1792128.1651065804
2025-05-29 08:00:00,0.4802428219291586,0.22766903598645738,0.7999638543748824,-1856223.1117025448
2025-05-29 09:00:00,0.6791659120045433,0.16393153633851248,0.7999667801486319,-1912133.9457986222
2025-05-29 10:00:00,0.8318049675515558,0.1686021572242491,0.7999695824691022,-1833002.564852781
2025-05-29 11:00:00,0.927757889182633,0.17594214911370928,0.7999722613348519,-1701349.4446584175
2025-05-29 12:00:00,0.9604856438583174,0.21549920569550085,0.7999748167445025,-1625303.4899958023
2025-05-29 13:00:00,0.927757889182633,0.17906274313272652,0.7999772486967395,-1618833.9093385222
2025-05-29 14:00:00,0.8318049675515559,0.15875191594172575,0.7999795571903118,-1596194.104045425
2025-05-29 15:00:00,0.6791659120045435,0.1938952206383058,0.7999817422240316,-1710836.7149143885
2025-05-29 16:00:00,0.4802428219291586,0.15826742248993694,0.7999838037967749,-1730371.276387391
2025-05-29 17:00:00,0.24859197717808978,0.18367094085496807,0.7999857419074812,-1706754.9797128784
2025-05-29 18:00:00,1.176255669378073e-16,0.155205618091645,0.7999875565551533,-1785518.4313162768
2025-05-29 19:00:00,0.0,0.209433041418236,0.7999892477388575,-1849517.1909533916
2025-05-29 20:00:00,0.0,0.20726279337594253,0.799990815457724,-1961326.3305439977
2025-05-29 21:00:00,0.0,0.24078646440456267,0.7999922597109462,-1785501.3265595678
2025-05-29 22:00:00,0.0,0.19799871295765567,0.7999935804977811,-1931811.1539165564
2025-05-29 23:00:00,0.0,0.16112492768675293,0.7999947778175491,-2053955.514278719
2025-05-30 00:00:00,0.0,0.17380797604672915,0.7999958516696344,-1998142.9612286016
2025-05-30 01:00:00,0.0,0.22035164086413941,0.7999968020534843,-1978687.2180848012
2025-05-30 02:00:00,0.0,0.19702313350060965,0.7999976289686102,-1970795.1758425147
2025-05-30 03:00:00,0.0,0.2408938051983292,0.7999983324145863,-1856058.6610298606
2025-05-30 04:00:00,0.0,0.22693446627839015,0.799998912391051,-1948730.374723363
2025-05-30 05:00:00,0.0,0.2269828925976945,0.7999993688977058,-1991434.898347385
2025-05-30 06:00:00,0.0,0.24544943534701075,0.7999997019343161,-1809805.2102603954
2025-05-30 07:00:00,0.2494422489696364,0.24173521449630964,0.7999999115007101,-1791798.7197836495
2025-05-30 08:00:00,0.4818854208947991,0.2435754581340661,0.7999999975967803,-1776359.4943238043
2025-05-30 09:00:00,0.6814888977392921,0.20614383715578077,0.7999999602224823,-1816938.7243998495
2025-05-30 10:00:00,0.8346500324165051,0.2306096507271485,0.7999997993778355,-1791519.1509186854
2025-05-30 11:00:00,0.9309311467089286,0.22790786496561363,0.7999995150629223,-1587963.2818773037
2025-05-30 12:00:00,0.9637708417895983,0.226597137055178,0.7999991072778894,-1719141.2392510886
2025-05-30 13:00:00,0.9309311467089286,0.20762116270495903,0.7999985760229462,-1732525.5696661344
2025-05-30 14:00:00,0.8346500324165053,0.22123191643977008,0.7999979212983662,-1650018.8073039933
2025-05-30 15:00:00,0.6814888977392922,0.225879419482645,0.7999971431044863,-1842342.3304176314
2025-05-30 16:00:00,0.4818854208947991,0.22735745255117135,0.7999962414417067,-1785124.8492403775
2025-05-30 17:00:00,0.24944224896963668,0.17511824009421975,0.7999952163104913,-1795139.3131357713
2025-05-30 18:00:00,1.1802788765091817e-16,0.16250058092262168,0.7999940677113675,-1721288.0546647713
2025-05-30 19:00:00,0.0,0.21505654362144827,0.7999927956449263,-1895859.7461485658
2025-05-30 20:00:00,0.0,0.1716208315927534,0.799991400111822,-1931700.2684668715
2025-05-30 21:00:00,0.0,0.18451378267689977,0.7999898811127726,-1834810.5560373
2025-05-30 22:00:00,0.0,0.2110538426906572,0.7999882386485596,-1968330.9110862603
2025-05-30 23:00:00,0.0,0.17380332372234378,0.799986472720028,-2041843.3465389658
2025-05-31 00:00:00,0.0,0.17044012071495496,0.7999845833280861,-1958254.0612080323
2025-05-31 01:00:00,0.0,0.2032288987430552,0.7999825704737061,-1959229.5746461991
2025-05-31 02:00:00,0.0,0.16231247212142483,0.7999804341579235,-1981352.8409099798
2025-05-31 03:00:00,0.0,0.21945463195586795,0.7999781743818375,-2090475.9059237505
2025-05-31 04:00:00,0.0,0.23593296455834178,0.7999757911466103,-1977308.7374371728
2025-05-31 05:00:00,0.0,0.16245173160906096,0.7999732844534683,-1929588.0978623414
2025-05-31 06:00:00,0.0,0.16650066139745903,0.799970654303701,-1692188.1667993432
2025-05-31 07:00:00,0.2502569524738272,0.1886885752586148,0.7999679006986613,-1728552.5257801
2025-05-31 08:00:00,0.4834593072057312,0.18372581142433783,0.7999650236397662,-1764057.2832230383
2025-05-31 09:00:00,0.6837147091058458,0.1941757122279882,0.7999620231284954,-1737912.600749711
2025-05-31 10:00:00,0.8373760834723767,0.1712664705614808,0.799958899166393,-1723654.3856671494
2025-05-31 11:00:00,0.933971661579673,0.15534170418271787,0.7999556517550659,-1677614.8171549148
2025-05-31 12:00:00,0.9669186144114625,0.22884649607396976,0.7999522808961848,-1672149.9329254974
2025-05-31 13:00:00,0.933971661579673,0.16055687624796777,0.7999487865914837,-1772509.1253237661
2025-05-31 14:00:00,0.8373760834723768,0.19931811850773729,0.7999451688427606,-1718866.9760602138
2025-05-31 15:00:00,0.6837147091058458,0.17562060879358954,0.7999414276518765,-1676440.3949330105
2025-05-31 16:00:00,0.4834593072057312,0.23856103811876106,0.7999375630207561,-1576160.4904438911
2025-05-31 17:00:00,0.25025695247382745,0.15531304916849614,0.7999335749513876,-1788549.4162289517
2025-05-31 18:00:00,1.1841337861749914e-16,0.1741941239698877,0.7999294634458227,-1747879.7537806146
2025-05-31 19:00:00,0.0,0.22996325155159247,0.7999252285061766,-1727657.2827145557
2025-05-31 20:00:00,0.0,0.22733435147480763,0.7999208701346282,-1903374.6778102228
2025-05-31 21:00:00,0.0,0.20268997276007347,0.7999163883334195,-1784451.845202703
2025-05-31 22:00:00,0.0,0.2101898069135023,0.7999117831048562,-1893984.529414028
2025-05-31 23:00:00,0.0,0.18129151249279923,0.7999070544513076,-1876694.5641300757
2025-06-01 00:00:00,0.0,0.16400647670342516,0.7999022023752063,-2083787.0408085806
2025-06-01 01:00:00,0.0,0.16570279755154213,0.7998972268790485,-1912325.2963058206
2025-06-01 02:00:00,0.0,0.2262589690884053,0.7998921279653941,-1866382.0575992302
2025-06-01 03:00:00,0.0,0.20572839223361228,0.799886905636866,-1910044.9677636726
2025-06-01 04:00:00,0.0,0.15674251483286677,0.7998815598961511,-1891564.2989534794
2025-06-01 05:00:00,0.0,0.2196441911070807,0.7998760907459994,-1843726.84517655
2025-06-01 06:00:00,0.0,0.22041003354044203,0.7998704981892246,-1778980.181390178
2025-06-01 07:00:00,0.2510358462764308,0.21724396154627393,0.799864782228704,-1827568.6238793791
2025-06-01 08:00:00,0.4849640144854738,0.19669191920605245,0.7998589428673781,-1813646.9767388967
2025-06-01 09:00:00,0.6858426865482592,0.19553167755414597,0.799852980108251,-1806026.6303384583
2025-06-01 10:00:00,0.8399823129314097,0.19449099347219512,0.7998468939543903,-1652120.4908819767
2025-06-01 11:00:00,0.9368785328246901,0.1817542623114113,0.7998406844089273,-1784280.0811390902
2025-06-01 12:00:00,0.9699280289709478,0.22960828694683993,0.7998343514750562,-1661709.4310898145
2025-06-01 13:00:00,0.9368785328246901,0.20523627147519072,0.7998278951560353,-1728715.9785299948
2025-06-01 14:00:00,0.8399823129314098,0.16979685854816043,0.799821315455186,-1696270.898861124
2025-06-01 15:00:00,0.6858426865482593,0.19732783883726313,0.7998146123758932,-1732495.859181911
2025-06-01 16:00:00,0.4849640144854738,0.23645989880115204,0.7998077859216057,-1694010.3828248032
2025-06-01 17:00:00,0.25103584627643105,0.18614059786788129,0.7998008360958352,-1720253.0632507007
2025-06-01 18:00:00,1.1878192560825724e-16,0.1804663373847217,0.7997937629021571,-1720256.538668353
2025-06-01 19:00:00,0.0,0.15642673873838653,0.7997865663442103,-1708503.659403923
2025-06-01 20:00:00,0.0,0.2367524081441452,0.7997792464256972,-1781543.6952751575
2025-06-01 21:00:00,0.0,0.23000922617773065,0.7997718031503834,-1978762.6446372739
2025-06-01 22:00:00,0.0,0.1694591933531578,0.7997642365220985,-1864408.346422459
2025-06-01 23:00:00,0.0,0.22456611042774785,0.799756546544735,-1884506.9946289456
2025-06-02 00:00:00,0.0,0.17014490288603748,0.7997487332222492,-2075081.2520499518
2025-06-02 01:00:00,0.0,0.17723732702062056,0.7997407965586605,-1898344.7921271827
2025-06-02 02:00:00,0.0,0.19757643472875805,0.7997327365580522,-1825563.536287245
2025-06-02 03:00:00,0.0,0.160349164786075,0.7997245532245709,-1873057.2489781815
2025-06-02 04:00:00,0.0,0.19598848147728823,0.7997162465624266,-2056540.4463706226
2025-06-02 05:00:00,0.0,0.23505367180611236,0.7997078165758925,-1856063.6101068573
2025-06-02 06:00:00,0.0,0.16897752339527694,0.7996992632693056,-1853649.4462261586
2025-06-02 07:00:00,0.2517786995744035,0.17149126783168891,0.7996905866470665,-1813210.84400872
2025-06-02 08:00:00,0.48639909685678556,0.22780137260627753,0.7996817867136387,-1758708.361839592
2025-06-02 09:00:00,0.6878721995008908,0.2327854390377084,0.7996728634735493,-1688041.1237394903
2025-06-02 10:00:00,0.842467948511568,0.18148385196668082,0.7996638169313892,-1831201.3693574013
2025-06-02 11:00:00,0.9396508990752944,0.181394625295189,0.7996546470918124,-1733874.5871494254
2025-06-02 12:00:00,0.9727981937135712,0.2365856751999874,0.7996453539595364,-1710579.6985840541
2025-06-02 13:00:00,0.9396508990752944,0.21257219543334635,0.7996359375393421,-1724942.4250025456
2025-06-02 14:00:00,0.8424679485115681,0.21977871790188608,0.7996263978360741,-1620783.953654473
2025-06-02 15:00:00,0.687872199500891,0.1629101805164389,0.7996167348546399,-1629307.9335377098
2025-06-02 16:00:00,0.48639909685678556,0.16616407175453224,0.7996069486000109,-1747069.039023518
2025-06-02 17:00:00,0.2517786995744038,0.20119078582441144,0.7995970390772217,-1732996.1873405888
2025-06-02 18:00:00,1.191334194147652e-16,0.18575879900895645,0.7995870062913703,-1759067.730619181
2025-06-02 19:00:00,0.0,0.18396869909401142,0.7995768502476182,-1865184.3359604885
2025-06-02 20:00:00,0.0,0.23426470580673642,0.7995665709511901,-1883235.653178022
2025-06-02 21:00:00,0.0,0.17780351703765157,0.7995561684073746,-1859919.1724967666
2025-06-02 22:00:00,0.0,0.2068874830638758,0.7995456426215233,-1885398.0553812846
2025-06-02 23:00:00,0.0,0.16419451492194104,0.7995349935990511,-2043870.7837918433
2025-06-03 00:00:00,0.0,0.233225181725419,0.7995242213454367,-2184945.813585307
2025-06-03 01:00:00,0.0,0.20848965059319294,0.7995133258662219,-1893932.115526683
2025-06-03 02:00:00,0.0,0.18782824787133934,0.7995023071670121,-2036977.6786266202
2025-06-03 03:00:00,0.0,0.21977100345362877,0.7994911652534757,-2171143.325923576
2025-06-03 04:00:00,0.0,0.23463620456584341,0.7994799001313452,-1986620.7378744204
2025-06-03 05:00:00,0.0,0.20190121700354316,0.7994685118064156,-2029937.7213834724
2025-06-03 06:00:00,0.0,0.20010259548631698,0.7994570002845461,-1820907.8069658608
2025-06-03 07:00:00,0.2524852922442812,0.2149892419899039,0.7994453655716587,-1963640.1547197525
2025-06-03 08:00:00,0.48776412907378836,0.18131787962566587,0.7994336076737392,-1763873.6592566527
2025-06-03 09:00:00,0.6898026465752524,0.17648685193858865,0.7994217265968363,-1724072.7402379427
2025-06-03 10:00:00,0.8448322536653853,0.16141392511806352,0.7994097223470624,-1809330.7004676424
2025-06-03 11:00:00,0.9422879388195337,0.23453039635885664,0.7993975949305933,-1770935.0990027455
2025-06-03 12:00:00,0.9755282581475768,0.2175171912242785,0.7993853443536681,-1742901.393344632
2025-06-03 13:00:00,0.9422879388195337,0.20491647291813797,0.799372970622589,-1696794.1502135368
2025-06-03 14:00:00,0.8448322536653854,0.2101243715377406,0.7993604737437222,-1676727.317626966
2025-06-03 15:00:00,0.6898026465752525,0.19425821477480965,0.7993478537234965,-1711824.1757891863
2025-06-03 16:00:00,0.48776412907378836,0.18968191406764423,0.7993351105684044,-1668206.8320619676
2025-06-03 17:00:00,0.25248529224428146,0.17849858431258572,0.799322244285002,-1767784.3293897007
2025-06-03 18:00:00,1.1946775588182228e-16,0.22536576385658622,0.7993092548799082,-1778525.0048204511
2025-06-03 19:00:00,0.0,0.15503073652174734,0.7992961423598056,-1904539.2861234562
2025-06-03 20:00:00,0.0,0.16870554478580543,0.7992829067314402,-1943540.5779237563
2025-06-03 21:00:00,0.0,0.14924678600329674,0.7992695480016212,-1867885.3363486265
2025-06-03 22:00:00,0.0,0.21566533477942615,0.7992560661772208,-1918181.632876222
2025-06-03 23:00:00,0.0,0.23049873707799695,0.7992424612651754,-2030184.7459201256
2025-06-04 00:00:00,0.0,0.2039266283743781,0.7992287332724836,-2040684.6433541079
2025-06-04 01:00:00,0.0,0.17182848435123793,0.7992148822062083,-1977208.2067022978
2025-06-04 02:00:00,0.0,0.2246145355078872,0.7992009080734752,-2006570.2143198354
2025-06-04 03:00:00,0.0,0.17218279722286234,0.7991868108814734,-1989454.5551849063
2025-06-04 04:00:00,0.0,0.1897257371235334,0.7991725906374554,-1878342.3479597575
2025-06-04 05:00:00,0.0,0.21037188745870422,0.799158247348737,-1905051.8601864462
2025-06-04 06:00:00,0.0,0.1881189720597879,0.799143781022697,-1817471.3427479693
2025-06-04 07:00:00,0.2531554149074061,0.1912951953268863,0.7991291916667781,-1753452.5398513179
2025-06-04 08:00:00,0.48905870664797635,0.23406318307791857,0.7991144792884856,-1766958.8911108382
2025-06-04 09:00:00,0.6916334557382131,0.15691109914769663,0.7990996438953886,-1666194.7169578415
2025-06-04 10:00:00,0.8470745277982181,0.1891152995782687,0.7990846854951192,-1785693.1386522367
2025-06-04 11:00:00,0.9447888706456193,0.1566627296112593,0.7990696040953731,-1747779.6135726378
2025-06-04 12:00:00,0.9781174132959528,0.1939711599120212,0.7990543997039089,-1654078.2684820096
2025-06-04 13:00:00,0.9447888706456193,0.16047800085904207,0.7990390723285488,-1729425.0898095807
2025-06-04 14:00:00,0.8470745277982182,0.2195841144895696,0.7990236219771779,-1597167.2109949042
2025-06-04 15:00:00,0.6916334557382132,0.18130442443474348,0.799008048657745,-1705162.4062768493
2025-06-04 16:00:00,0.48905870664797635,0.1469685602610646,0.7989923523782618,-1788961.4357286189
2025-06-04 17:00:00,0.2531554149074064,0.22329145835733397,0.7989765331468036,-1810883.1471459125
2025-06-04 18:00:00,1.1978483593831774e-16,0.1954058845118795,0.7989605909715085,-1805333.6398926307
2025-06-04 19:00:00,0.0,0.22218342947592698,0.7989445258605783,-1730081.6453748057
2025-06-04 20:00:00,0.0,0.1666162589576632,0.7989283378222778,-1892368.447350886
2025-06-04 21:00:00,0.0,0.15043354810135445,0.798912026864935,-1873528.7318275378
2025-06-04 22:00:00,0.0,0.22013932127944147,0.7988955929969412,-1974946.3487644007
2025-06-04 23:00:00,0.0,0.16856503230468411,0.7988790362267514,-2034690.095470207
2025-06-05 00:00:00,0.0,0.1956750767548836,0.798862356562883,-2109331.517662812
2025-06-05 01:00:00,0.0,0.1680040989982676,0.798845554013917,-2106575.3123947238
2025-06-05 02:00:00,0.0,0.20731778412812277,0.7988286285884977,-2042536.3482783353
2025-06-05 03:00:00,0.0,0.17154744576625228,0.7988115802953327,-1927038.6608997025
2025-06-05 04:00:00,0.0,0.1562315957742183,0.7987944091431926,-2049752.3915948132
2025-06-05 05:00:00,0.0,0.2217280661116866,0.798777115140911,-1901751.4837345448
2025-06-05 06:00:00,0.0,0.1711812526258612,0.7987596982973854,-1826774.9248603045
2025-06-05 07:00:00,0.2537888689919709,0.16330038837846148,0.7987421586215757,-1867020.9103413897
2025-06-05 08:00:00,0.49028244596807513,0.19547981395384006,0.7987244961225056,-1742014.1444383918
2025-06-05 09:00:00,0.693364084481506,0.15125181823710881,0.7987067108092617,-1652672.3869279502
2025-06-05 10:00:00,0.849194106475849,0.2267425167207378,0.7986888026909937,-1686277.6758778552
2025-06-05 11:00:00,0.947152953473477,0.19575267608184582,0.7986707717769148,-1683805.6056364197
2025-06-05 12:00:00,0.9805648919361504,0.21260761672492953,0.798652618076301,-1684165.4483382506
2025-06-05 13:00:00,0.947152953473477,0.18280208799291145,0.7986343415984918,-1680577.3713215203
2025-06-05 14:00:00,0.8491941064758491,0.22323709982931583,0.7986159423528896,-1757557.93354099
2025-06-05 15:00:00,0.6933640844815061,0.19353524999789895,0.7985974203489601,-1722325.8896961038
2025-06-05 16:00:00,0.49028244596807513,0.19451845535534573,0.7985787755962321,-1735942.4190683137
2025-06-05 17:00:00,0.2537888689919712,0.20451583355020275,0.7985600081042977,-1733700.5319254785
2025-06-05 18:00:00,1.200845656265877e-16,0.19581976103757448,0.798541117882812,-1807610.2760357098
2025-06-05 19:00:00,0.0,0.2202717398779746,0.7985221049414932,-1686357.7243719606
2025-06-05 20:00:00,0.0,0.22422317132567682,0.7985029692901227,-1905902.1651921822
2025-06-05 21:00:00,0.0,0.14431776357445733,0.798483710938545,-1888284.5693004448
2025-06-05 22:00:00,0.0,0.2187232684404762,0.7984643298966677,-2041964.1333580615
2025-06-05 23:00:00,0.0,0.1923981601010389,0.7984448261744617,-1942808.8125719
2025-06-06 00:00:00,0.0,0.22007376094096973,0.7984251997819609,-2008539.411029288
2025-06-06 01:00:00,0.0,0.16722654424941366,0.7984054507292622,-2020325.495060896
2025-06-06 02:00:00,0.0,0.15867919269842548,0.7983855790265256,-2041524.1068350915
2025-06-06 03:00:00,0.0,0.18852959157515986,0.7983655846839744,-1980977.9807514967
2025-06-06 04:00:00,0.0,0.15480441533349995,0.7983454677118951,-1855137.2660825027
2025-06-06 05:00:00,0.0,0.18726688851850568,0.7983252281206368,-1889394.2309311754
2025-06-06 06:00:00,0.0,0.2194048444610045,0.7983048659206119,-1861451.673777552
2025-06-06 07:00:00,0.2543854667918591,0.19578295834542148,0.7982843811222962,-1899832.1285644532
2025-06-06 08:00:00,0.49143498441371364,0.18000768514769494,0.798263773736228,-1707055.102119057
2025-06-06 09:00:00,0.6949940199824844,0.15040851041644343,0.7982430437730094,-1862937.7296395637
2025-06-06 10:00:00,0.8511903616213714,0.2086143655006421,0.7982221912433046,-1759298.6457104327
2025-06-06 11:00:00,0.9493794867743436,0.15741586531603988,0.7982012161578418,-1662348.201701917
2025-06-06 12:00:00,0.9828699688274274,0.20081105738931948,0.7981801185274118,-1690885.1408243913
2025-06-06 13:00:00,0.9493794867743436,0.17621145024507393,0.7981588983628681,-1723375.5613401446
2025-06-06 14:00:00,0.8511903616213715,0.1561510809256741,0.7981375556751282,-1734906.8770776622
2025-06-06 15:00:00,0.6949940199824846,0.18119985020757354,0.7981160904751716,-1652526.649067859
2025-06-06 16:00:00,0.49143498441371364,0.15826369077545166,0.7980945027740417,-1665946.8248733855
2025-06-06 17:00:00,0.25438546679185936,0.19179992775310595,0.798072792582844,-1934868.381163126
2025-06-06 18:00:00,1.2036685613025678e-16,0.18663397618428526,0.7980509599127479,-1591117.3326310695
2025-06-06 19:00:00,0.0,0.1535037196720519,0.7980290047749853,-1792589.9998123331
2025-06-06 20:00:00,0.0,0.19675579675046656,0.7980069271808512,-1872432.041728456
2025-06-06 21:00:00,0.0,0.14607919803391134,0.7979847271417038,-1856356.37519738
2025-06-06 22:00:00,0.0,0.2070502391054356,0.7979624046689638,-2030508.9397551606
2025-06-06 23:00:00,0.0,0.17213374008296567,0.7979399597741157,-2064797.0915835274
2025-06-07 00:00:00,0.0,0.17888074314200123,0.7979173924687061,-2020060.2735284583
2025-06-07 01:00:00,0.0,0.20609231404478093,0.7978947027643452,-2037226.1575720892
2025-06-07 02:00:00,0.0,0.21905475881632044,0.7978718906727057,-1935882.9208372645
2025-06-07 03:00:00,0.0,0.2214733448654001,0.7978489562055238,-2010906.934882559
2025-06-07 04:00:00,0.0,0.16342246578676123,0.797825899374598,-1822623.974872154
2025-06-07 05:00:00,0.0,0.19230128595044882,0.7978027201917905,-1938898.6160705865
2025-06-07 06:00:00,0.0,0.20822229963465788,0.7977794186690259,-1884219.3963904448
2025-06-07 07:00:00,0.25494503152226705,0.1456874365929607,0.7977559948182918,-1745735.9535653724
2025-06-07 08:00:00,0.4925159804628767,0.20840526977310267,0.797732448651639,-1699599.646061864
2025-06-07 09:00:00,0.6965227792560825,0.21568804974299788,0.797708780181181,-1830728.070320721
2025-06-07 10:00:00,0.853062701701303,0.20233730057065322,0.7976849894190942,-1665196.7650555505
2025-06-07 11:00:00,0.9514678107783497,0.22223765803496645,0.797661076377618,-1674400.6676081344
2025-06-07 12:00:00,0.9850319609257535,0.1968499767885752,0.7976370410690548,-1749089.074214073
2025-06-07 13:00:00,0.9514678107783497,0.16383837333772935,0.7976128835057698,-1651164.4192641533
2025-06-07 14:00:00,0.8530627017013032,0.22061209117563255,0.797588603700191,-1685571.9169520617
2025-06-07 15:00:00,0.6965227792560826,0.17689805006610557,0.7975642016648093,-1726998.9067653483
2025-06-07 16:00:00,0.4925159804628767,0.18408554455431844,0.7975396774121789,-1690593.9630870295
2025-06-07 17:00:00,0.25494503152226733,0.22059688801016086,0.7975150309549163,-1723514.1226010146
2025-06-07 18:00:00,1.2063162380055647e-16,0.21105556612538204,0.7974902623057011,-1835503.3973690157
2025-06-07 19:00:00,0.0,0.21572540085699063,0.7974653714772759,-1848598.5372847787
2025-06-07 20:00:00,0.0,0.16116479203498738,0.797440358482446,-1796225.0066333427
2025-06-07 21:00:00,0.0,0.2176475630242557,0.7974152233340794,-2025068.7893506088
2025-06-07 22:00:00,0.0,0.20169926634175572,0.7973899660451074,-2052367.1421314578
2025-06-07 23:00:00,0.0,0.14635248720123892,0.7973645866285237,-1863933.8411836908
2025-06-08 00:00:00,0.0,0.17841319755022578,0.797339085097385,-1870662.4442880333
2025-06-08 01:00:00,0.0,0.21595976791350974,0.7973134614648109,-1978658.1709884554
2025-06-08 02:00:00,0.0,0.1891564604102601,0.7972877157439836,-2017379.8451776828
2025-06-08 03:00:00,0.0,0.21331620543845511,0.7972618479481484,-1843845.4702589978
2025-06-08 04:00:00,0.0,0.21643980063385482,0.797235858090613,-2009298.5917450716
2025-06-08 05:00:00,0.0,0.20800339765206377,0.7972097461847485,-1920541.7525556136
2025-06-08 06:00:00,0.0,0.18516211406996883,0.7971835122439881,-1831066.0665662305
2025-06-08 07:00:00,0.25546739737208873,0.14497572600116157,0.7971571562818283,-1836649.6509288182
2025-06-08 08:00:00,0.4935251137931051,0.18973305942234475,0.797130678311828,-1820621.5864638777
2025-06-08 09:00:00,0.6979499092979343,0.19979542382238108,0.7971040783476093,-1807665.1487124874
2025-06-08 10:00:00,0.8548105719008698,0.15027680496602697,0.7970773564028566,-1845008.4983204652
2025-06-08 11:00:00,0.9534173066700231,0.15795242250284303,0.7970505124913174,-1646590.1480968646
2025-06-08 12:00:00,0.9870502275862103,0.14150302318591856,0.7970235466268017,-1688230.579352981
2025-06-08 13:00:00,0.9534173066700231,0.15037895845234814,0.7969964588231826,-1625002.6382215691
2025-06-08 14:00:00,0.85481057190087,0.17890062146842745,0.7969692490943953,-1669285.7931085208
2025-06-08 15:00:00,0.6979499092979344,0.19422120599666426,0.7969419174544385,-1594786.6982538376
2025-06-08 16:00:00,0.4935251137931051,0.21599914314487725,0.796914463917373,-1679376.5319097892
2025-06-08 17:00:00,0.255467397372089,0.22274437144895787,0.7968868884973225,-1748755.7670857513
2025-06-08 18:00:00,1.208787901811119e-16,0.20138220384460698,0.7968591912084735,-1934112.2872183176
2025-06-08 19:00:00,0.0,0.16701346101438855,0.7968313720650754,-1861006.7356243662
2025-06-08 20:00:00,0.0,0.18377087794593436,0.7968034310814397,-1863014.480966827
2025-06-08 21:00:00,0.0,0.17043074224131105,0.7967753682719411,-1978910.1346316868
2025-06-08 22:00:00,0.0,0.16895474033521146,0.7967471836510167,-1877291.049499989
2025-06-08 23:00:00,0.0,0.19912028380656027,0.7967188772331664,-1963264.5357239856
2025-06-09 00:00:00,0.0,0.1690401720629894,0.7966904490329526,-1816103.3492556713
2025-06-09 01:00:00,0.0,0.21863418316107955,0.7966618990650007,-1941879.7473628444
2025-06-09 02:00:00,0.0,0.1828445724425013,0.7966332273439983,-1889331.5359101128
2025-06-09 03:00:00,0.0,0.19039757133504218,0.796604433884696,-1869345.3757246733
2025-06-09 04:00:00,0.0,0.15358730620593547,0.7965755187019067,-1903205.6395009302
2025-06-09 05:00:00,0.0,0.20863268785345276,0.7965464818105064,-1889499.6275302477
2025-06-09 06:00:00,0.0,0.21859444101149503,0.796517323225433,-1826974.0827073199
2025-06-09 07:00:00,0.2559524095530492,0.1712539400592122,0.7964880429616878,-1801219.4315112764
2025-06-09 08:00:00,0.4944620853764142,0.19872563397355758,0.7964586410343341,-1812355.9978713472
2025-06-09 09:00:00,0.6992749872186081,0.14335026540712306,0.7964291174584981,-1734576.4907667653
2025-06-09 10:00:00,0.8564334542884093,0.15879440688242347,0.7963994722493686,-1784352.9063564306
2025-06-09 11:00:00,0.9552273967716575,0.15236535932016484,0.7963697054221965,-1896369.8243713204
2025-06-09 12:00:00,0.9889241707528285,0.19973662175612056,0.7963398169922962,-1687727.9701724518
2025-06-09 13:00:00,0.9552273967716575,0.15399918507317603,0.7963098069750436,-1713763.095736742
2025-06-09 14:00:00,0.8564334542884094,0.21872420833596104,0.7962796753858777,-1698393.84930295
2025-06-09 15:00:00,0.6992749872186083,0.1490222057987709,0.7962494222403004,-1841177.403019502
2025-06-09 16:00:00,0.4944620853764142,0.14014660902909212,0.7962190475538753,-1853158.8793010898
2025-06-09 17:00:00,0.2559524095530495,0.1931028323729474,0.7961885513422291,-1811055.2136221717
2025-06-09 18:00:00,1.211082820311902e-16,0.18673703019074658,0.7961579336210509,-1936473.2756077724
2025-06-09 19:00:00,0.0,0.1448685711034375,0.7961271944060924,-1926991.300935964
2025-06-09 20:00:00,0.0,0.20227106665693886,0.7960963337131673,-1839874.1496847174
2025-06-09 21:00:00,0.0,0.18135253811328086,0.7960653515581527,-1920209.8213355956
2025-06-09 22:00:00,0.0,0.21557124804147598,0.7960342479569875,-1949841.2263516758
2025-06-09 23:00:00,0.0,0.1748436258607512,0.7960030229256729,-1958519.4106791199
2025-06-10 00:00:00,0.0,0.14442525420265986,0.7959716764802736,-1888049.5434846731
2025-06-10 01:00:00,0.0,0.14229335100641846,0.7959402086369155,-2105122.5594752114
2025-06-10 02:00:00,0.0,0.16337990601302774,0.7959086194117877,-1996321.0087441793
2025-06-10 03:00:00,0.0,0.21177548063723692,0.7958769088211416,-2102532.3719734983
2025-06-10 04:00:00,0.0,0.18886145725802347,0.7958450768812911,-1854262.681417622
2025-06-10 05:00:00,0.0,0.17070308943269258,0.7958131236086126,-1922190.926418224
2025-06-10 06:00:00,0.0,0.1911878849195848,0.7957810490195444,-1948380.2345562773
2025-06-10 07:00:00,0.2563999243455719,0.18541165736748433,0.7957488531305877,-1831355.905932089
2025-06-10 08:00:00,0.49532661756790225,0.17559097606742183,0.7957165359583063,-1920763.9547637196
2025-06-10 09:00:00,0.7004976203689187,0.19154734797027836,0.7956840975193258,-1838067.8723988999
2025-06-10 10:00:00,0.8579308679688455,0.15669966373122612,0.7956515378303345,-1604637.443626442
2025-06-10 11:00:00,0.9568975447144907,0.19968280248798248,0.7956188569080831,-1752807.4566673548
2025-06-10 12:00:00,0.9906532351358046,0.18478722098547348,0.7955860547693846,-1633461.23143873
2025-06-10 13:00:00,0.9568975447144907,0.1552301204078198,0.7955531314311145,-1652863.9948802965
2025-06-10 14:00:00,0.8579308679688457,0.14244515319894682,0.7955200869102104,-1665466.7300804271
2025-06-10 15:00:00,0.7004976203689188,0.151988516804342,0.7954869212236724,-1632280.5605445008
2025-06-10 16:00:00,0.49532661756790225,0.150098200030315,0.7954536343885629,-1734712.8731554325
2025-06-10 17:00:00,0.2563999243455722,0.14002287851832412,0.7954202264220066,-1762118.3849049036
2025-06-10 18:00:00,1.2132003134740333e-16,0.13733494549899158,0.7953866973411907,-1816485.2417328905
2025-06-10 19:00:00,0.0,0.21042763444872695,0.7953530471633645,-1795145.3186913307
2025-06-10 20:00:00,0.0,0.1722277107434685,0.7953192759058396,-1763819.4547157122
2025-06-10 21:00:00,0.0,0.18041423679393745,0.7952853835859902,-2010105.5202673126
2025-06-10 22:00:00,0.0,0.2103411666811701,0.7952513702212523,-1833128.4332518715
2025-06-10 23:00:00,0.0,0.1520401485922031,0.7952172358291244,-1949906.824662571
2025-06-11 00:00:00,0.0,0.19963510838897616,0.7951829804271674,-2022395.3278716996
2025-06-11 01:00:00,0.0,0.19507171251792166,0.7951486040330042,-1946984.8854033775
2025-06-11 02:00:00,0.0,0.21742455883524991,0.7951141066643204,-2007715.2464645945
2025-06-11 03:00:00,0.0,0.19671984396171266,0.795079488338863,-1994798.9178130843
2025-06-11 04:00:00,0.0,0.15361801672470618,0.795044749074442,-1951453.9951407115
2025-06-11 05:00:00,0.0,0.18497247886748555,0.7950098888889294,-1897545.0863883414
2025-06-11 06:00:00,0.0,0.20449709037344596,0.7949749078002594,-2042083.70932447
2025-06-11 07:00:00,0.2568098091413656,0.1399918937071819,0.7949398058264282,-1648267.8382115513
2025-06-11 08:00:00,0.496118454188023,0.18884152247517696,0.7949045829854945,-1830897.4800438287
2025-06-11 09:00:00,0.7016174464562771,0.19790324197660114,0.7948692392955791,-1774916.6761105128
2025-06-11 10:00:00,0.8593023692261883,0.14548226186114863,0.7948337747748646,-1716841.7164146418
2025-06-11 11:00:00,0.9584272555976429,0.14248339843883254,0.7947981894415963,-1845566.3211007754
2025-06-11 12:00:00,0.9922369083760461,0.15548092703680172,0.7947624833140815,-1777659.6718269323
2025-06-11 13:00:00,0.9584272555976429,0.19133291458657556,0.7947266564106894,-1903910.234264434
2025-06-11 14:00:00,0.8593023692261884,0.2025317719784926,0.7946907087498517,-1749244.5503563648
2025-06-11 15:00:00,0.7016174464562772,0.16030643722916488,0.7946546403500617,-1580287.8026561043
2025-06-11 16:00:00,0.496118454188023,0.2016614427131124,0.7946184512298755,-1672042.5043810764
2025-06-11 17:00:00,0.25680980914136586,0.17424528556863195,0.7945821414079107,-1831952.3384069765
2025-06-11 18:00:00,1.2151397538385903e-16,0.19114399190133574,0.7945457109028473,-1831220.8418716113
2025-06-11 19:00:00,0.0,0.17738883641748426,0.7945091597334275,-1863755.3568898488
2025-06-11 20:00:00,0.0,0.18888081238634202,0.7944724879184553,-1852626.1942768663
2025-06-11 21:00:00,0.0,0.20026319243047186,0.7944356954767967,-1881618.913234878
2025-06-11 22:00:00,0.0,0.14897056950853155,0.7943987824273802,-1917928.8517014282
2025-06-11 23:00:00,0.0,0.14736781213667557,0.794361748789196,-1933935.9336373515
2025-06-12 00:00:00,0.0,0.16924667519509015,0.7943245945812963,-2008220.4480760621
2025-06-12 01:00:00,0.0,0.20609416413323212,0.7942873198227955,-1942103.672794768
2025-06-12 02:00:00,0.0,0.1631877863017909,0.7942499245328702,-1980930.2944088674
2025-06-12 03:00:00,0.0,0.17876238517161755,0.7942124087307585,-1894781.9828613165
2025-06-12 04:00:00,0.0,0.1432388670860862,0.794174772435761,-2017682.5274264487
2025-06-12 05:00:00,0.0,0.19101780317556868,0.7941370156672397,-1932034.895070671
2025-06-12 06:00:00,0.0,0.17031184646408018,0.7940991384446194,-1933993.2683361438
2025-06-12 07:00:00,0.2571819424827193,0.15047024521475677,0.794061140787386,-1858831.3647773943
2025-06-12 08:00:00,0.49683736059849654,0.20454674524690675,0.7940230227150881,-1838655.0286175178
2025-06-12 09:00:00,0.7026341336520459,0.1997716649287066,0.7939847842473357,-1733614.8933522291
2025-06-12 10:00:00,0.8605475516550155,0.2028477835326773,0.793946425403801,-1759117.15126772
2025-06-12 11:00:00,0.9598160761347653,0.20221700020845346,0.7939079462042181,-1797381.5656794126
2025-06-12 12:00:00,0.9936747211969932,0.16830172882800276,0.793869346668383,-1750320.185649151
2025-06-12 13:00:00,0.9598160761347653,0.19220522908471707,0.7938306268161538,-1559045.983767441
2025-06-12 14:00:00,0.8605475516550156,0.17389906307727476,0.79379178666745,-1748499.458932663
2025-06-12 15:00:00,0.702634133652046,0.21010621613748987,0.7937528262422534,-1678302.9391432484
2025-06-12 16:00:00,0.49683736059849654,0.1668205726152267,0.7937137455606078,-1810535.217055972
2025-06-12 17:00:00,0.2571819424827196,0.2091467349787991,0.7936745446426183,-1735604.858673725
2025-06-12 18:00:00,1.2169005667075363e-16,0.17266499493394913,0.7936352235084524,-1755721.6717404723
2025-06-12 19:00:00,0.0,0.20660338316419008,0.7935957821783393,-1839190.652633787
2025-06-12 20:00:00,0.0,0.13820011123287654,0.7935562206725697,-1937298.911177479
2025-06-12 21:00:00,0.0,0.1430751696938035,0.7935165390114967,-1902981.4047104637
2025-06-12 22:00:00,0.0,0.13584109700297356,0.7934767372155348,-2064809.310848913
2025-06-12 23:00:00,0.0,0.1920027168000077,0.7934368153051605,-1929503.9875725855
2025-06-13 00:00:00,0.0,0.1519430118746803,0.7933967733009119,-2110092.368779149
2025-06-13 01:00:00,0.0,0.16059999836777006,0.793356611223389,-1918271.3665455237
2025-06-13 02:00:00,0.0,0.15917384524553665,0.7933163290932538,-2078821.3749231226
2025-06-13 03:00:00,0.0,0.1665258947879063,0.7932759269312295,-1988167.004625176
2025-06-13 04:00:00,0.0,0.14665146794072134,0.7932354047581017,-1893461.4922744134
2025-06-13 05:00:00,0.0,0.17069957518958467,0.7931947625947173,-1953528.777495893
2025-06-13 06:00:00,0.0,0.15794866150703185,0.793154000461985,-1910326.3705359225
2025-06-13 07:00:00,0.2575162140984926,0.20238113455486767,0.7931131183808754,-1850238.632750885
2025-06-13 08:00:00,0.4974831237718382,0.14027596600697462,0.7930721163724206,-1836439.1187029562
2025-06-13 09:00:00,0.7035473806898667,0.2088566154896542,0.7930309944577145,-1862846.193496927
2025-06-13 10:00:00,0.8616660462809,0.16285592867986404,0.7929897526579128,-1627098.7189998392
2025-06-13 11:00:00,0.9610635947883593,0.17868137032457965,0.7929483909942326,-1677832.3912251547
2025-06-13 12:00:00,0.9949662475436765,0.15467588792296258,0.7929069094879528,-1618251.6421309796
2025-06-13 13:00:00,0.9610635947883593,0.1682761513091227,0.7928653081604142,-1542988.814478727
2025-06-13 14:00:00,0.8616660462809002,0.19698436821789478,0.7928235870330188,-1661516.1730735998
2025-06-13 15:00:00,0.7035473806898668,0.18978568177321423,0.7927817461272305,-1685137.148807032
2025-06-13 16:00:00,0.4974831237718382,0.20730646799207855,0.7927397854645748,-1673557.5024111331
2025-06-13 17:00:00,0.2575162140984929,0.15545958334785726,0.7926977050666386,-1656502.3044930035
2025-06-13 18:00:00,1.2184822303140165e-16,0.18360729107387144,0.7926555049550709,-1806743.3161194217
2025-06-13 19:00:00,0.0,0.2040866576654571,0.7926131851515816,-1973886.1368637518
2025-06-13 20:00:00,0.0,0.19999492192123847,0.792570745677943,-1842435.829163713
2025-06-13 21:00:00,0.0,0.17254451822205477,0.792528186555988,-1805040.79965968
2025-06-13 22:00:00,0.0,0.1866777620435161,0.7924855078076117,-1949844.5937566522
2025-06-13 23:00:00,0.0,0.20469138200053516,0.7924427094547709,-1989426.7213528212
2025-06-14 00:00:00,0.0,0.13500075124049613,0.7923997915194834,-1964362.2619507648
2025-06-14 01:00:00,0.0,0.17664345600183112,0.7923567540238288,-1980979.191968617
2025-06-14 02:00:00,0.0,0.18366287209041768,0.7923135969899481,-1967674.0130541495
2025-06-14 03:00:00,0.0,0.1993595386700953,0.7922703204400439,-1815749.4865182152
2025-06-14 04:00:00,0.0,0.18819822678078413,0.7922269243963802,-1880650.5691498911
2025-06-14 05:00:00,0.0,0.19035255016829636,0.7921834088812827,-1875602.721374506
2025-06-14 06:00:00,0.0,0.1737348495884869,0.7921397739171383,-1767001.430844662
2025-06-14 07:00:00,0.2578125249367917,0.16527835680634181,0.7920960195263954,-1749417.0976243645
2025-06-14 08:00:00,0.498055552354483,0.16069529126137902,0.7920521457315637,-1853752.533676393
2025-06-14 09:00:00,0.704356916954933,0.2008422488848703,0.792008152555215,-1736464.3303838302
2025-06-14 10:00:00,0.8626575216697456,0.16553965225617148,0.7919640400199814,-1793516.7972646349
2025-06-14 11:00:00,0.9621694418917247,0.15574160138511628,0.7919198081485576,-1631763.7541296703
2025-06-14 12:00:00,0.9961111047089661,0.137143938877576,0.7918754569636987,-1615860.372902522
2025-06-14 13:00:00,0.9621694418917247,0.16603937405033828,0.7918309864882218,-1837152.166690912
2025-06-14 14:00:00,0.8626575216697457,0.20654225623804262,0.7917863967450052,-1656593.9031826172
2025-06-14 15:00:00,0.7043569169549331,0.13111901462681583,0.7917416877569885,-1785303.523580354
2025-06-14 16:00:00,0.498055552354483,0.1906420018514905,0.7916968595471726,-1779976.8942562544
2025-06-14 17:00:00,0.25781252493679196,0.17385329191619692,0.79165191213862,-1843141.42630254
2025-06-14 18:00:00,1.2198842759769695e-16,0.15778265241770675,0.791606845554454,-1693725.238310687
2025-06-14 19:00:00,0.0,0.19339822052341624,0.7915616598178601,-1816343.1403175604
2025-06-14 20:00:00,0.0,0.18685634191610126,0.791516354952084,-1907709.333432461
2025-06-14 21:00:00,0.0,0.19499233163951077,0.7914709309804334,-1839966.772026967
2025-06-14 22:00:00,0.0,0.14753746879201673,0.7914253879262771,-1905454.2148413376
2025-06-14 23:00:00,0.0,0.1324822303091951,0.7913797258130455,-2106058.6737561757
2025-06-15 00:00:00,0.0,0.15706484786678826,0.7913339446642293,-2047748.4333468624
2025-06-15 01:00:00,0.0,0.15149112535662074,0.7912880445033817,-1961302.6781448566
2025-06-15 02:00:00,0.0,0.1518269478535766,0.7912420253541163,-1935773.1765444248
2025-06-15 03:00:00,0.0,0.20084917987726883,0.7911958872401078,-1837603.2977293793
2025-06-15 04:00:00,0.0,0.20125332136626406,0.7911496301850928,-1918797.9980323098
2025-06-15 05:00:00,0.0,0.1926888915679185,0.7911032542128684,-1988849.7873629835
2025-06-15 06:00:00,0.0,0.18635572723594318,0.7910567593472932,-1815956.3142555659
2025-06-15 07:00:00,0.25807078719432014,0.13965904997863277,0.7910101456122872,-1822638.4049567352
2025-06-15 08:00:00,0.4985544767234879,0.14264096123578626,0.7909634130318312,-1874431.4321086942
2025-06-15 09:00:00,0.7050625025641781,0.13349224691478445,0.7909165616299672,-1814658.5726455462
2025-06-15 10:00:00,0.8635216840259963,0.1417106221098226,0.7908695914307982,-1795835.6707762044
2025-06-15 11:00:00,0.9631332897584983,0.20308124981530185,0.7908225024584886,-1709122.320462002
2025-06-15 12:00:00,0.9971089534469759,0.14949051237856206,0.7907752947372639,-1594111.492669274
2025-06-15 13:00:00,0.9631332897584983,0.13176325255562196,0.7907279682914106,-1759677.3851997503
2025-06-15 14:00:00,0.8635216840259964,0.14992038730265622,0.790680523145276,-1570735.4261675398
2025-06-15 15:00:00,0.7050625025641782,0.20239051402147024,0.7906329593232689,-1759461.6115548033
2025-06-15 16:00:00,0.4985544767234879,0.14040745352160378,0.7905852768498589,-1430937.661731744
2025-06-15 17:00:00,0.2580707871943204,0.15786547534755951,0.7905374757495768,-1631412.256938598
2025-06-15 18:00:00,1.2211062882400064e-16,0.1787598771669726,0.7904895560470144,-1864967.259170506
2025-06-15 19:00:00,0.0,0.19626296385569414,0.7904415177668244,-1792338.7624462796
2025-06-15 20:00:00,0.0,0.14130283407812808,0.7903933609337205,-1874850.5275992497
2025-06-15 21:00:00,0.0,0.13543186135716997,0.7903450855724774,-2000945.5282133222
2025-06-15 22:00:00,0.0,0.1761416187527872,0.790296691707931,-1780983.2058739893
2025-06-15 23:00:00,0.0,0.1311742694288282,0.790248179364978,-1948339.5192399437
2025-06-16 00:00:00,0.0,0.13116027442196607,0.7901995485685761,-1922875.296642009
2025-06-16 01:00:00,0.0,0.13782794334681497,0.7901507993437437,-1910017.305543555
2025-06-16 02:00:00,0.0,0.13407977258520812,0.7901019317155603,-1901670.9671340154
2025-06-16 03:00:00,0.0,0.189705392319384,0.7900529457091667,-1849026.9247693727
2025-06-16 04:00:00,0.0,0.1667630596840071,0.7900038413497636,-2005803.177573959
2025-06-16 05:00:00,0.0,0.19903480564573625,0.789954618662614,-1891095.9605581027
2025-06-16 06:00:00,0.0,0.19214535113563389,0.7899052776730404,-1925353.1606921775
2025-06-16 07:00:00,0.2582909243423973,0.1380311857479486,0.789855818406427,-1875274.0004878656
2025-06-16 08:00:00,0.4989797490367947,0.15919084144376905,0.7898062408882187,-1736866.0945809425
2025-06-16 09:00:00,0.7056639284373584,0.13598023652193883,0.7897565451439208,-1675587.8084012545
2025-06-16 10:00:00,0.8642582772796961,0.1703815402688674,0.7897067311991001,-1850881.9489501212
2025-06-16 11:00:00,0.9639548527797558,0.19936985992041578,0.7896567990793837,-1748345.1770489651
2025-06-16 12:00:00,0.9979594980735895,0.16869369442369164,0.7896067488104598,-1647635.8401208827
2025-06-16 13:00:00,0.9639548527797558,0.14453996514855458,0.789556580418077,-1607542.2556646618
2025-06-16 14:00:00,0.8642582772796962,0.1939557682182724,0.7895062939280453,-1667447.175450612
2025-06-16 15:00:00,0.7056639284373585,0.19942985548878842,0.7894558893662348,-1728437.115137723
2025-06-16 16:00:00,0.4989797490367947,0.1722392015189167,0.7894053667585768,-1859637.5232061746
2025-06-16 17:00:00,0.2582909243423976,0.1726042617730812,0.7893547261310631,-1732152.713650958
2025-06-16 18:00:00,1.2221479049945207e-16,0.1595831917469462,0.789303967509746,-1852068.26396462
2025-06-16 19:00:00,0.0,0.1422730064550027,0.7892530909207391,-1895836.6423793072
2025-06-16 20:00:00,0.0,0.13479910108576,0.7892020963902164,-1825720.9848962266
2025-06-16 21:00:00,0.0,0.17608195874765395,0.7891509839444123,-1935577.6778674326
2025-06-16 22:00:00,0.0,0.13198090595907344,0.7890997536096223,-1905099.1786606258
2025-06-16 23:00:00,0.0,0.20196233829123802,0.7890484054122022,-1998547.7490085973
2025-06-17 00:00:00,0.0,0.1534325757388064,0.7889969393785687,-1975481.3997610381
2025-06-17 01:00:00,0.0,0.17176942805931958,0.788945355535199,-2052687.178273762
2025-06-17 02:00:00,0.0,0.18010229351326412,0.7888936539086308,-2075259.251318435
2025-06-17 03:00:00,0.0,0.1294356518688905,0.7888418345254626,-1980394.4270216983
2025-06-17 04:00:00,0.0,0.1674658484191502,0.7887898974123534,-1899904.8948870315
2025-06-17 05:00:00,0.0,0.1947271577944961,0.7887378425960228,-1816259.66389129
2025-06-17 06:00:00,0.0,0.13351804129963318,0.7886856701032507,-1791965.1992938514
2025-06-17 07:00:00,0.25847287114963535,0.1987328521117691,0.7886333799608782,-1723671.4074343352
2025-06-17 08:00:00,0.4993312432770388,0.12980640246765893,0.788580972195806,-1845649.521822159
2025-06-17 09:00:00,0.7061610163590076,0.16433430067643678,0.788528446834996,-1565581.4692697232
2025-06-17 10:00:00,0.8648670831623667,0.1524807241044419,0.7884758039054705,-1587908.4038186206
2025-06-17 11:00:00,0.9646338875086431,0.18288266767533246,0.7884230434343119,-1700543.9739054586
2025-06-17 12:00:00,0.9986624865540777,0.1286962338103274,0.7883701654486635,-1713781.3192956836
2025-06-17 13:00:00,0.9646338875086431,0.14090498747580735,0.788317169975729,-1626640.2120107699
2025-06-17 14:00:00,0.8648670831623668,0.14790829038495282,0.7882640570427721,-1624614.8821190018
2025-06-17 15:00:00,0.7061610163590077,0.17964966030641705,0.7882108266771178,-1680855.3243056792
2025-06-17 16:00:00,0.4993312432770388,0.16288052207722692,0.7881574789061507,-1791133.2428838601
2025-06-17 17:00:00,0.25847287114963563,0.19138552582593948,0.788104013757316,-1842980.156096699
2025-06-17 18:00:00,1.223008817586988e-16,0.15500650626200257,0.7880504312581196,-1835202.3826211574
2025-06-17 19:00:00,0.0,0.1327527450043095,0.7879967314361273,-1884640.0706947455
2025-06-17 20:00:00,0.0,0.1355957667704354,0.7879429143189656,-1938583.302769081
2025-06-17 21:00:00,0.0,0.19483550561236324,0.7878889799343212,-1904156.5966623796
2025-06-17 22:00:00,0.0,0.1914629644228163,0.7878349283099413,-2004155.3208426582
2025-06-17 23:00:00,0.0,0.18719568387805507,0.7877807594736332,-2020921.347640291
2025-06-18 00:00:00,0.0,0.1251279751307882,0.7877264734532647,-2021635.9263502345
2025-06-18 01:00:00,0.0,0.1846968967022064,0.7876720702767637,-2036090.9493822837
2025-06-18 02:00:00,0.0,0.16778827275359895,0.7876175499721184,-1818636.3952985704
2025-06-18 03:00:00,0.0,0.17317352568785616,0.7875629125673774,-2102732.651164696
2025-06-18 04:00:00,0.0,0.17756511491265178,0.7875081580906493,-2075560.2922640832
2025-06-18 05:00:00,0.0,0.16400354749696697,0.7874532865701034,-1916332.417681461
2025-06-18 06:00:00,0.0,0.12546360762464756,0.7873982980339685,-1810150.1612901362
2025-06-18 07:00:00,0.2586165737012685,0.1604044924067422,0.7873431925105343,-1816162.2794875875
2025-06-18 08:00:00,0.49960885528889104,0.14000102943877615,0.7872879700281503,-1747658.4441364366
2025-06-18 09:00:00,0.7065536190312467,0.14993240220436405,0.7872326306152262,-1795492.90357954
2025-06-18 10:00:00,0.8653479212716861,0.15185769424285409,0.7871771743002318,-1745360.1639791217
2025-06-18 11:00:00,0.9651701927325154,0.14280950071006723,0.7871216011116974,-1699818.4009822356
2025-06-18 12:00:00,0.9992177105777822,0.16059857264926647,0.787065911078213,-1697679.608883688
2025-06-18 13:00:00,0.9651701927325154,0.18382093194484103,0.787010104228429,-1788431.272683073
2025-06-18 14:00:00,0.8653479212716862,0.16658883775158764,0.7869541805910556,-1815280.5253764272
2025-06-18 15:00:00,0.7065536190312468,0.1323642722592658,0.7868981401948635,-1712965.4281374142
2025-06-18 16:00:00,0.49960885528889104,0.1320194227301759,0.7868419830686831,-1802132.9657803243
2025-06-18 17:00:00,0.2586165737012688,0.19010806295665394,0.7867857092414049,-1833489.9762275042
2025-06-18 18:00:00,1.2236887709104273e-16,0.1309210238133063,0.7867293187419797,-1715310.3788976467
2025-06-18 19:00:00,0.0,0.17495150769580714,0.7866728115994182,-1888161.263340338
2025-06-18 20:00:00,0.0,0.15334958529525267,0.786616187842791,-1812340.1364027176
2025-06-18 21:00:00,0.0,0.17249288843416732,0.7865594475012285,-1866243.0578672946
2025-06-18 22:00:00,0.0,0.12675872788706086,0.7865025906039217,-1896857.231947673
2025-06-18 23:00:00,0.0,0.16124686450019435,0.7864456171801208,-1861603.5658664952
2025-06-19 00:00:00,0.0,0.19532457516872107,0.7863885272591367,-1971851.525889504
2025-06-19 01:00:00,0.0,0.16039533056840588,0.7863313208703397,-2041664.079848687
2025-06-19 02:00:00,0.0,0.16485383168936704,0.7862739980431602,-2013869.2221101203
2025-06-19 03:00:00,0.0,0.13959092730733294,0.7862165588070886,-1982773.9824839213
2025-06-19 04:00:00,0.0,0.17606565076412117,0.7861590031916749,-1877575.1376731605
2025-06-19 05:00:00,0.0,0.1943962249029291,0.7861013312265293,-1989694.3557220537
2025-06-19 06:00:00,0.0,0.19515586805021057,0.7860435429413216,-1851126.201845829
2025-06-19 07:00:00,0.25872198941512936,0.14858001463989456,0.7859856383657817,-1823548.6864251988
2025-06-19 08:00:00,0.4998125028099208,0.13666183991158332,0.7859276175296991,-1821396.1775382
2025-06-19 09:00:00,0.7068416201174307,0.17056565313840397,0.7858694804629232,-1759168.3636439848
2025-06-19 10:00:00,0.8657006491249452,0.1707085002128871,0.7858112271953632,-1862532.0503512654
2025-06-19 11:00:00,0.9655636095325602,0.19414643425350978,0.785752857756988,-1652951.7567142365
2025-06-19 12:00:00,0.9996250056198417,0.19311523488718169,0.7856943721778263,-1690444.2564630336
2025-06-19 13:00:00,0.9655636095325602,0.15635749061134752,0.7856357704879667,-1778563.5241069624
2025-06-19 14:00:00,0.8657006491249453,0.17983525001151113,0.7855770527175574,-1523827.5062453086
2025-06-19 15:00:00,0.7068416201174308,0.16526146995279511,0.7855182188968065,-1751199.9464215266
2025-06-19 16:00:00,0.4998125028099208,0.15886943623773647,0.7854592690559813,-1799581.8954906305
2025-06-19 17:00:00,0.25872198941512964,0.12322048129925706,0.7854002032254093,-1658772.7796765869
2025-06-19 18:00:00,1.224187563479994e-16,0.14348346147094654,0.7853410214354775,-1782726.4534791238
2025-06-19 19:00:00,0.0,0.17834298658698497,0.7852817237166324,-1924318.2817500243
2025-06-19 20:00:00,0.0,0.14371924904612404,0.7852223100993806,-1772768.3911644532
2025-06-19 21:00:00,0.0,0.15834042586585442,0.7851627806142879,-1824422.6886811918
2025-06-19 22:00:00,0.0,0.1728854214960656,0.7851031352919797,-2035275.0606306586
2025-06-19 23:00:00,0.0,0.1547613845345906,0.7850433741631413,-1893566.017212462
2025-06-20 00:00:00,0.0,0.12943736570291817,0.7849834972585171,-2047111.0595532139
2025-06-20 01:00:00,0.0,0.18670099168234133,0.7849235046089119,-1944611.4167942277
2025-06-20 02:00:00,0.0,0.17433396093404543,0.7848633962451891,-2030121.9948485333
2025-06-20 03:00:00,0.0,0.14296043284986165,0.784803172198272,-1922852.7152088776
2025-06-20 04:00:00,0.0,0.17183961933394762,0.7847428324991437,-1936059.1150612223
2025-06-20 05:00:00,0.0,0.13344671528129923,0.7846823771788465,-2010616.369805681
2025-06-20 06:00:00,0.0,0.1526259876524902,0.784621806268482,-1844339.4850085967
2025-06-20 07:00:00,0.25878908705426684,0.1880517718107253,0.7845611197992118,-1785699.327415171
2025-06-20 08:00:00,0.4999421254949727,0.14399553048732336,0.7845003178022566,-1869268.524750819
2025-06-20 09:00:00,0.7070249342766223,0.12877332663927069,0.7844394003088964,-1787227.581221222
2025-06-20 10:00:00,0.8659251622012685,0.15079254777459286,0.7843783673504711,-1798966.820074397
2025-06-20 11:00:00,0.9658140213308892,0.16419843931669875,0.7843172189583794,-1765107.6547149858
2025-06-20 12:00:00,0.9998842509899455,0.18931093536787885,0.7842559551640799,-1578273.2350504175
2025-06-20 13:00:00,0.9658140213308892,0.16785672414219968,0.7841945759990903,-1686104.378035462
2025-06-20 14:00:00,0.8659251622012686,0.16604436290767896,0.7841330814949876,-1745557.8141935105
2025-06-20 15:00:00,0.7070249342766224,0.14331901219531615,0.7840714716834085,-1778633.9845930196
2025-06-20 16:00:00,0.4999421254949727,0.19197392600423793,0.7840097465960487,-1543037.7446896303
2025-06-20 17:00:00,0.2587890870542671,0.13522855549161636,0.783947906264663,-1748521.5891844742
2025-06-20 18:00:00,1.2245050474926855e-16,0.14951689320756592,0.7838859507210661,-1763066.8432019856
2025-06-20 19:00:00,0.0,0.13401309750364124,0.7838238799971317,-1935850.5624191088
2025-06-20 20:00:00,0.0,0.1811057695191604,0.7837616941247924,-1945457.4209501266
2025-06-20 21:00:00,0.0,0.17663808009568743,0.7836993931360404,-2038348.8259217564
2025-06-20 22:00:00,0.0,0.1875964884314361,0.7836369770629272,-1887845.0127227774
2025-06-20 23:00:00,0.0,0.13708625478962394,0.7835744459375633,-1794593.2719151499
2025-06-21 00:00:00,0.0,0.16720863627439733,0.7835117997921185,-1962935.6563000022
2025-06-21 01:00:00,0.0,0.1373541984165733,0.7834490386588217,-2052205.8782376654
2025-06-21 02:00:00,0.0,0.14986575126084875,0.7833861625699607,-1794060.0029880952
2025-06-21 03:00:00,0.0,0.14341508728312566,0.7833231715578833,-1892182.4249332198
2025-06-21 04:00:00,0.0,0.16431958982952188,0.7832600656549954,-1973942.611048817
2025-06-21 05:00:00,0.0,0.17487597726749646,0.7831968448937627,-1869392.3115206745
2025-06-21 06:00:00,0.0,0.16626676259112227,0.7831335093067096,-1984397.0593564685
2025-06-21 07:00:00,0.2588178467362024,0.14879543314304333,0.7830700589264196,-1864501.023512136
2025-06-21 08:00:00,0.49999768493404745,0.160238247607272,0.7830064937855354,-1805510.6494485338
2025-06-21 09:00:00,0.7071035071888796,0.1376664999409968,0.7829428139167591,-1900200.2372207812
2025-06-21 10:00:00,0.866021393972586,0.18287180993560848,0.7828790193528512,-1772272.7457336776
2025-06-21 11:00:00,0.9659213539250822,0.13232948167293787,0.7828151101266313,-1777855.9216451796
2025-06-21 12:00:00,0.999995369868095,0.14212702662590118,0.7827510862709783,-1700609.272832572
2025-06-21 13:00:00,0.9659213539250822,0.13057521436221894,0.78268694781883,-1727124.9184734384
2025-06-21 14:00:00,0.8660213939725862,0.17569000259247006,0.7826226948031828,-1728180.7020836165
2025-06-21 15:00:00,0.7071035071888797,0.18346727694136314,0.7825583272570923,-1726372.3833404134
2025-06-21 16:00:00,0.49999768493404745,0.1259040186256975,0.7824938452136734,-1677092.145807775
2025-06-21 17:00:00,0.2588178467362027,0.1764401231801238,0.7824292487060989,-1676871.3589320083
2025-06-21 18:00:00,1.2246411288711362e-16,0.15161854767774657,0.7823645377676017,-1814712.9313512994
2025-06-21 19:00:00,0.0,0.14659090105291026,0.7822997124314727,-1782073.7798460512
2025-06-21 20:00:00,0.0,0.15797358826754468,0.7822347727310621,-1953331.5450823829
2025-06-21 21:00:00,0.0,0.15795392393722152,0.7821697186997785,-1979043.8814982756
2025-06-21 22:00:00,0.0,0.1544809477010002,0.7821045503710898,-1989468.0640865592
2025-06-21 23:00:00,0.0,0.1662303089885839,0.7820392677785224,-1887806.6337820042
2025-06-22 00:00:00,0.0,0.17456491542057165,0.7819738709556617,-2034581.85597261
2025-06-22 01:00:00,0.0,0.16518245767840806,0.7819083599361516,-2072599.992419081
2025-06-22 02:00:00,0.0,0.17312128626372938,0.7818427347536949,-1882289.7432492927
2025-06-22 03:00:00,0.0,0.18741392345934602,0.7817769954420533,-1989548.820679857
2025-06-22 04:00:00,0.0,0.13110020233639444,0.7817111420350467,-1982690.47009906
2025-06-22 05:00:00,0.0,0.1467166908185035,0.7816451745665544,-1847828.045952825
2025-06-22 06:00:00,0.0,0.17526212350128212,0.7815790930705138,-2032823.1906470524
2025-06-22 07:00:00,0.2588082599388216,0.17190795775935205,0.7815128975809212,-1873473.0002476003
2025-06-22 08:00:00,0.4999791646636844,0.11743883853506881,0.7814465881318315,-1617109.2791359038
2025-06-22 09:00:00,0.7070773155713534,0.17367595434766403,0.7813801647573584,-1729943.971460739
2025-06-22 10:00:00,0.8659893159233473,0.15725063553143712,0.7813136274916741,-1767328.504785174
2025-06-22 11:00:00,0.9658855755101752,0.11901677461736988,0.781246976369009,-1636139.7045334596
2025-06-22 12:00:00,0.9999583293273689,0.17815606817926882,0.7811802114236527,-1696996.4478725553
2025-06-22 13:00:00,0.9658855755101752,0.12343781874214317,0.781113332689953,-1724899.6401978515
2025-06-22 14:00:00,0.8659893159233474,0.1627546615251615,0.7810463402023164,-1838113.7903208572
2025-06-22 15:00:00,0.7070773155713536,0.1598737903882924,0.7809792339952077,-1752986.6118770412
2025-06-22 16:00:00,0.4999791646636844,0.12556222949471196,0.7809120141031507,-1693982.7563973148
2025-06-22 17:00:00,0.2588082599388219,0.13295036834849192,0.7808446805607269,-1828219.4778132678
2025-06-22 18:00:00,1.2245957672914973e-16,0.1224837468772314,0.7807772334025769,-1815208.7367493066
2025-06-22 19:00:00,0.0,0.15804318629459949,0.7807096726633996,-1798222.4563307008
2025-06-22 20:00:00,0.0,0.17850455921430133,0.7806419983779523,-1929494.2926272112
2025-06-22 21:00:00,0.0,0.16838459549787288,0.7805742105810506,-1924949.9422865992
2025-06-22 22:00:00,0.0,0.17189336518837586,0.7805063093075686,-1827963.447589562
2025-06-22 23:00:00,0.0,0.11960939892087581,0.7804382945924389,-2025024.0822803373
2025-06-23 00:00:00,0.0,0.12009782219042256,0.7803701664706522,-2061909.1668689754
2025-06-23 01:00:00,0.0,0.17943143939377593,0.7803019249772578,-1893280.9010648057
2025-06-23 02:00:00,0.0,0.16904181222682144,0.780233570147363,-2042421.5046566043
2025-06-23 03:00:00,0.0,0.15350871182049877,0.7801651020161341,-2051351.0784407794
2025-06-23 04:00:00,0.0,0.1472497611514369,0.7800965206187946,-1773352.704781816
2025-06-23 05:00:00,0.0,0.13837526604639203,0.7800278259906274,-1909586.490527197
2025-06-23 06:00:00,0.0,0.11669174020453205,0.7799590181669727,-1846110.1616411884
2025-06-23 07:00:00,0.2587603295028994,0.14556713715037214,0.7798900971832297,-1762190.2349193103
2025-06-23 08:00:00,0.4998865701718393,0.12531605669758342,0.7798210630748553,-1708957.874407624
2025-06-23 09:00:00,0.706946367185185,0.17340153607305772,0.7797519158773648,-1766630.35648654
2025-06-23 10:00:00,0.8658289375589705,0.12930752720479086,0.7796826556263317,-1765326.375750028
2025-06-23 11:00:00,0.9657066966880845,0.11591093978843203,0.7796132823573876,-1789379.9778288035
2025-06-23 12:00:00,0.9997731403436787,0.1395169886096847,0.7795437961062222,-1627236.6391318378
2025-06-23 13:00:00,0.9657066966880845,0.1308707563632864,0.7794741969085834,-1595897.0701555754
2025-06-23 14:00:00,0.8658289375589706,0.16591988540368588,0.7794044848002774,-1715617.7655773335
2025-06-23 15:00:00,0.7069463671851851,0.1626338921986539,0.779334659817168,-1595970.6803223283
2025-06-23 16:00:00,0.4998865701718393,0.1765057701098215,0.7792647219951775,-1779306.5831443868
2025-06-23 17:00:00,0.2587603295028997,0.12395769667988055,0.7791946713702861,-1802774.551664575
2025-06-23 18:00:00,1.2243689761953838e-16,0.15252491052469805,0.779124507978532,-1752980.875372094
2025-06-23 19:00:00,0.0,0.12283706625157248,0.7790542318560116,-1786561.1437995436
2025-06-23 20:00:00,0.0,0.16799034427204942,0.7789838430388788,-1855982.3233734758
2025-06-23 21:00:00,0.0,0.17493561930092047,0.7789133415633461,-1824755.1086461702
2025-06-23 22:00:00,0.0,0.18263540688888036,0.7788427274656837,-1814604.8556760994
2025-06-23 23:00:00,0.0,0.1659288970455567,0.7787720007822195,-1968853.0187340418
2025-06-24 00:00:00,0.0,0.17922925914499907,0.7787011615493398,-1931228.6671299913
2025-06-24 01:00:00,0.0,0.1767981557481069,0.7786302098034883,-1822466.4541861324
2025-06-24 02:00:00,0.0,0.1632450138137183,0.778559145581167,-2094392.4749573742
2025-06-24 03:00:00,0.0,0.18169244882566638,0.7784879689189355,-1842565.4797427815
2025-06-24 04:00:00,0.0,0.12341508674272753,0.7784166798534113,-1902044.7200068117
2025-06-24 05:00:00,0.0,0.13534586419812328,0.77834527842127,-1995701.8452171728
2025-06-24 06:00:00,0.0,0.16657306563409643,0.7782737646592445,-1916769.8498110136
2025-06-24 07:00:00,0.25867406963125833,0.12517431879674137,0.7782021386041258,-2003749.6104243647
2025-06-24 08:00:00,0.4997199288962583,0.1516729771957932,0.7781304002927629,-1752507.6193114852
2025-06-24 09:00:00,0.7067107008332073,0.17452843320707967,0.7780585497620619,-1826012.363422867
2025-06-24 10:00:00,0.8655403064030263,0.1240450106841833,0.7779865870489873,-1722949.7945534936
2025-06-24 11:00:00,0.9653847704644657,0.16399191180170505,0.7779145121905608,-1748029.1856536586
2025-06-24 12:00:00,0.9994398577925168,0.17056637060878202,0.7778423252238622,-1664665.2883936316
2025-06-24 13:00:00,0.9653847704644657,0.15578631564497822,0.7777700261860288,-1756204.9429227558
2025-06-24 14:00:00,0.8655403064030264,0.17100295888759443,0.7776976151142554,-1661476.7547289021
2025-06-24 15:00:00,0.7067107008332074,0.13057383795341407,0.7776250920457948,-1759678.3411096064
2025-06-24 16:00:00,0.4997199288962583,0.17159269219993326,0.777552457017957,-1671377.4566650817
2025-06-24 17:00:00,0.2586740696312586,0.1534688820187074,0.7774797100681099,-1806650.7328869114
2025-06-24 18:00:00,1.2239608227858914e-16,0.12134849378676474,0.7774068512336789,-1853082.2110417392
2025-06-24 19:00:00,0.0,0.16176012117045657,0.7773338805521469,-1810130.935399776
2025-06-24 20:00:00,0.0,0.13831206119559122,0.7772607980610545,-1869030.3705811612
2025-06-24 21:00:00,0.0,0.13050518181192577,0.7771876037979997,-1796140.1475182115
2025-06-24 22:00:00,0.0,0.1691686826231578,0.7771142978006378,-1887360.2040034526
2025-06-24 23:00:00,0.0,0.11968850002564124,0.7770408801066818,-1977770.9123904807
2025-06-25 00:00:00,0.0,0.13431732782636935,0.7769673507539026,-1995673.5327340814
2025-06-25 01:00:00,0.0,0.11851920665329806,0.7768937097801277,-2023948.5165814708
2025-06-25 02:00:00,0.0,0.12049338155797401,0.7768199572232425,-2008486.113014753
2025-06-25 03:00:00,0.0,0.1751710432768551,0.7767460931211897,-1941932.9922607897
2025-06-25 04:00:00,0.0,0.1232888575414862,0.7766721175119695,-2034147.7417477693
2025-06-25 05:00:00,0.0,0.15838693897373687,0.7765980304336394,-1853094.7617350926
2025-06-25 06:00:00,0.0,0.1629928830254481,0.7765238319243141,-1787786.4403800904
2025-06-25 07:00:00,0.25854950588456005,0.1710238756292741,0.7764495220221659,-1991643.28666652
2025-06-25 08:00:00,0.499479290216348,0.16922840048726673,0.7763751007654242,-1836077.5632569515
2025-06-25 09:00:00,0.7063703863484465,0.1574720564544095,0.7763005681923756,-1942403.3683333928
2025-06-25 10:00:00,0.8651235079831553,0.13052415453267277,0.7762259243413644,-1833140.9254254398
2025-06-25 11:00:00,0.9649198922330068,0.1637631817241162,0.7761511692507916,-1801097.713287047
2025-06-25 12:00:00,0.9989585804326961,0.15729435042126608,0.7760763029591161,-1604456.1224695777
2025-06-25 13:00:00,0.9649198922330068,0.11982143782132343,0.7760013255048531,-1751091.6183934505
2025-06-25 14:00:00,0.8651235079831554,0.13744985024913145,0.7759262369265758,-1771014.8343038901
2025-06-25 15:00:00,0.7063703863484466,0.1238518063286809,0.7758510372629143,-1741610.7828767502
2025-06-25 16:00:00,0.499479290216348,0.17404025521294486,0.7757757265525554,-1702940.9833246206
2025-06-25 17:00:00,0.2585495058845603,0.15316860504010082,0.7757003048342439,-1775726.28991251
2025-06-25 18:00:00,1.223371428007685e-16,0.1329149182245378,0.7756247721467812,-1665375.318413694
2025-06-25 19:00:00,0.0,0.17162289251559096,0.7755491285290255,-1757390.9659397472
2025-06-25 20:00:00,0.0,0.17275526781673545,0.7754733740198927,-1855264.8870938006
2025-06-25 21:00:00,0.0,0.15943837651619486,0.7753975086583553,-1897952.1912579015
2025-06-25 22:00:00,0.0,0.1705423780599,0.7753215324834433,-1997527.1615279946
2025-06-25 23:00:00,0.0,0.15641387300120757,0.7752454455342429,-1883398.0898231524
2025-06-26 00:00:00,0.0,0.15839612820746216,0.7751692478498982,-1976599.6061401581
2025-06-26 01:00:00,0.0,0.1322930736427566,0.7750929394696096,-2035557.5554736028
2025-06-26 02:00:00,0.0,0.17545408426786632,0.7750165204326347,-2095325.2008359549
2025-06-26 03:00:00,0.0,0.15850205067461495,0.7749399907782882,-1872040.2581866425
2025-06-26 04:00:00,0.0,0.17496945750960355,0.7748633505459415,-2003902.3942175424
2025-06-26 05:00:00,0.0,0.13766071155400803,0.7747865997750228,-1919304.4700373453
2025-06-26 06:00:00,0.0,0.12307433645865427,0.7747097385050176,-1924945.5859069491
2025-06-26 07:00:00,0.25838667517373104,0.15443184753293887,0.7746327667754674,-1878559.662817328
2025-06-26 08:00:00,0.49916472543854246,0.15234617461630487,0.7745556846259714,-1902886.544342602
2025-06-26 09:00:00,0.705925524573429,0.15718988999183126,0.7744784920961854,-1811690.7572926222
2025-06-26 10:00:00,0.8645786658057244,0.1420274328643859,0.7744011892258216,-1698814.2462265831
2025-06-26 11:00:00,0.9643121997471602,0.11208156341160812,0.7743237760546493,-1639669.6803925703
2025-06-26 12:00:00,0.998329450877085,0.13225476070874945,0.7742462526224945,-1884030.480654068
2025-06-26 13:00:00,0.9643121997471602,0.1742414321359632,0.7741686189692399,-1687510.3661480474
2025-06-26 14:00:00,0.8645786658057245,0.15014480462324906,0.7740908751348251,-1598047.2920954092
2025-06-26 15:00:00,0.7059255245734292,0.11181417336078925,0.7740130211592456,-1779812.1320306093
2025-06-26 16:00:00,0.49916472543854246,0.1751676074405143,0.773935057082555,-1670697.1730302223
2025-06-26 17:00:00,0.2583866751737313,0.1444346098286008,0.7738569829448618,-1794928.4588904614
2025-06-26 18:00:00,1.222600966511157e-16,0.15608238470948943,0.7737787987863325,-1821873.2251727288
2025-06-26 19:00:00,0.0,0.12935109827848365,0.7737005046471896,-1804947.3584937474
2025-06-26 20:00:00,0.0,0.14402823141462337,0.7736221005677125,-1825808.200897296
2025-06-26 21:00:00,0.0,0.12492608843075313,0.7735435865882367,-1884529.8819574676
2025-06-26 22:00:00,0.0,0.17296833478080775,0.7734649627491547,-1941116.5200944568
2025-06-26 23:00:00,0.0,0.13771208597219733,0.7733862290909149,-2052456.4921028954
2025-06-27 00:00:00,0.0,0.11982331463823565,0.773307385654023,-1898284.6263131625
2025-06-27 01:00:00,0.0,0.1524005154524228,0.7732284324790408,-1975394.4954753565
2025-06-27 02:00:00,0.0,0.1384730252225965,0.7731493696065863,-1980484.7059770406
2025-06-27 03:00:00,0.0,0.1405325274728629,0.7730701970773343,-1824799.9500698647
2025-06-27 04:00:00,0.0,0.15195388303958562,0.7729909149320159,-2043447.9094301313
2025-06-27 05:00:00,0.0,0.13728380414091018,0.7729115232114185,-1961459.6462791027
2025-06-27 06:00:00,0.0,0.16671534918468123,0.7728320219563861,-1919549.5249178312
2025-06-27 07:00:00,0.25818562574902504,0.16388203784626998,0.7727524112078188,-1981362.4588963306
2025-06-27 08:00:00,0.49877632777517433,0.13487333758239675,0.7726726910066731,-1948245.7605334544
2025-06-27 09:00:00,0.7053762473302998,0.1237604574168995,0.7725928613939619,-1800451.5455529878
2025-06-27 10:00:00,0.8639059413192298,0.1466094071476596,0.7725129224107544,-1732576.1230822466
2025-06-27 11:00:00,0.963561873079325,0.11176053333408396,0.772432874098176,-1592964.356807554
2025-06-27 12:00:00,0.9975526555503488,0.14935213117948606,0.7723527164974082,-1610007.1344597728
2025-06-27 13:00:00,0.963561873079325,0.15673794027660487,0.7722724496496888,-1680840.6354882233
2025-06-27 14:00:00,0.8639059413192299,0.16925118550232202,0.7721920735963121,-1701322.9910716868
2025-06-27 15:00:00,0.7053762473302999,0.14359048078992784,0.7721115883786285,-1690482.5605482643
2025-06-27 16:00:00,0.49877632777517433,0.12202743163878177,0.7720309940380439,-1700659.1265040534
2025-06-27 17:00:00,0.2581856257490253,0.11533551352436121,0.7719502906160213,-1897088.4332960877
2025-06-27 18:00:00,1.2216496666006769e-16,0.1208641319913651,0.7718694781540791,-1801514.2093153964
2025-06-27 19:00:00,0.0,0.16803417196185777,0.7717885566937923,-1835430.6695177439
2025-06-27 20:00:00,0.0,0.15686746142097463,0.7717075262767916,-1766338.3292992825
2025-06-27 21:00:00,0.0,0.11870764023995087,0.7716263869447639,-2002209.818019005
2025-06-27 22:00:00,0.0,0.1532209341690816,0.7715451387394522,-1938554.7707764346
2025-06-27 23:00:00,0.0,0.11719746078887197,0.7714637817026553,-1876974.7642003875
2025-06-28 00:00:00,0.0,0.11442134319800248,0.7713823158762283,-1972192.4774518386
2025-06-28 01:00:00,0.0,0.17078452541091732,0.771300741302082,-2034402.9825962926
2025-06-28 02:00:00,0.0,0.12304434877561835,0.7712190580221833,-1931117.5557622307
2025-06-28 03:00:00,0.0,0.1601668222382625,0.7711372660785548,-1930430.9254073096
2025-06-28 04:00:00,0.0,0.1441821847165553,0.7710553655132755,-2042020.4281607147
2025-06-28 05:00:00,0.0,0.15779177896580854,0.7709733563684797,-1918489.5101538096
2025-06-28 06:00:00,0.0,0.10822515870811666,0.7708912386863579,-1900357.553994777
2025-06-28 07:00:00,0.25794641718572564,0.10954023529870825,0.7708090125091562,-1848473.7109127464
2025-06-28 08:00:00,0.4983142123168535,0.1555815400024516,0.770726677879177,-1750454.9781639848
2025-06-28 09:00:00,0.7047227173817603,0.13393061964431324,0.7706442348387779,-1697510.8396937537
2025-06-28 10:00:00,0.8631055338664552,0.1371893967414677,0.7705616834303726,-1592096.3528049302
2025-06-28 11:00:00,0.962669134567486,0.14600396652073416,0.7704790236964304,-1669347.1678935196
2025-06-28 12:00:00,0.9966284246337072,0.16768285164480812,0.7703962556794766,-1624346.8302235366
2025-06-28 13:00:00,0.962669134567486,0.13744597747932447,0.7703133794220919,-1571775.501952297
2025-06-28 14:00:00,0.8631055338664553,0.16567587852687737,0.7702303949669128,-1715162.6973887847
2025-06-28 15:00:00,0.7047227173817604,0.10980174033040482,0.7701473023566316,-1686093.6831968783
2025-06-28 16:00:00,0.4983142123168535,0.1287483197829715,0.770064101633996,-1775146.9287964436
2025-06-28 17:00:00,0.2579464171857259,0.13779857815716454,0.7699807928418094,-1806641.2163849103
2025-06-28 18:00:00,1.2205178101669385e-16,0.16632860038139385,0.769897376022931,-1791584.305661638
2025-06-28 19:00:00,0.0,0.13013571729021686,0.7698138512202752,-1760339.009747863
2025-06-28 20:00:00,0.0,0.1529850813764777,0.7697302184768122,-1838946.2695709553
2025-06-28 21:00:00,0.0,0.1562852702389049,0.7696464778355678,-1859954.8118664955
2025-06-28 22:00:00,0.0,0.13319917318495395,0.7695626293396232,-2054260.006189784
2025-06-28 23:00:00,0.0,0.12067566776693346,0.769478673032115,-1817426.5978125315
2025-06-29 00:00:00,0.0,0.13860828488033486,0.7693946089562353,-2052096.605816839
2025-06-29 01:00:00,0.0,0.14763047681794247,0.769310437155232,-2052053.3605316195
2025-06-29 02:00:00,0.0,0.16759894847652548,0.7692261576724077,-1950917.2423124923
2025-06-29 03:00:00,0.0,0.12748272838938376,0.769141770551121,-2081182.1093808385
2025-06-29 04:00:00,0.0,0.1461827729420872,0.7690572758347857,-1900379.295397176
2025-06-29 05:00:00,0.0,0.11301939331772384,0.7689726735668709,-1937115.5704923952
2025-06-29 06:00:00,0.0,0.13208519046807454,0.7688879637909012,-1962092.2252493848
2025-06-29 07:00:00,0.25766912036649264,0.15615476054365107,0.7688031465504562,-1861212.4034818348
2025-06-29 08:00:00,0.4977785159983636,0.13971689590442854,0.768718221889171,-1684550.4228557209
2025-06-29 09:00:00,0.7039651283828384,0.11710275347266824,0.768633189850736,-1731881.6235590815
2025-06-29 10:00:00,0.862177680625403,0.16119500973425943,0.768548050478897,-1903427.7806853584
2025-06-29 11:00:00,0.9616342487493312,0.12174401881794578,0.7684628038174544,-1575625.4063074093
2025-06-29 12:00:00,0.9955570319967273,0.12529967505500045,0.7683774499102642,-1660800.4756710392
2025-06-29 13:00:00,0.9616342487493312,0.1616046201122216,0.7682919888012377,-1745079.0973308533
2025-06-29 14:00:00,0.8621776806254031,0.10973277861487588,0.7682064205343413,-1767470.7674548926
2025-06-29 15:00:00,0.7039651283828385,0.16675992345941604,0.7681207451535963,-1873145.51733436
2025-06-29 16:00:00,0.4977785159983636,0.10750097591534112,0.7680349627030792,-1751807.2691945285
2025-06-29 17:00:00,0.2576691203664929,0.1589739878395482,0.7679490732269219,-1745291.8996712544
2025-06-29 18:00:00,1.2192057326034313e-16,0.1119949562728606,0.7678630767693108,-1749694.9987678647
2025-06-29 19:00:00,0.0,0.1425865448272451,0.7677769733744877,-1833137.8933761944
2025-06-29 20:00:00,0.0,0.1560793599649396,0.7676907630867493,-1904114.0875406356
2025-06-29 21:00:00,0.0,0.1295762260175962,0.7676044459504475,-1907665.6730595955
2025-06-29 22:00:00,0.0,0.12990989627868718,0.767518022009989,-2021118.5477218183
2025-06-29 23:00:00,0.0,0.12741489238561954,0.7674314913098352,-2049584.4900936855
2025-06-30 00:00:00,0.0,0.15230461329258949,0.7673448538945029,-1900042.2043688279
2025-06-30 01:00:00,0.0,0.12446218780746972,0.7672581098085636,-1928392.7392769998
2025-06-30 02:00:00,0.0,0.12382188861710144,0.7671712590966434,-1919337.0141294755
2025-06-30 03:00:00,0.0,0.1367724411121569,0.7670843018034237,-1912310.528868731
2025-06-30 04:00:00,0.0,0.10725095171490749,0.7669972379736404,-1956264.0440349637
2025-06-30 05:00:00,0.0,0.1306767399803088,0.7669100676520846,-1876039.144947657
2025-06-30 06:00:00,0.0,0.11808976993057907,0.7668227908836017,-1885444.548232601
2025-06-30 07:00:00,0.2573538174603582,0.15464767102690435,0.7667354077130922,-1933492.5434040371
2025-06-30 08:00:00,0.49716939755808504,0.14742323024515003,0.7666479181855111,-1766321.4136220268
2025-06-30 09:00:00,0.703103704823505,0.15973946802390215,0.7665603223458686,-1740043.5859502999
2025-06-30 10:00:00,0.8611226565390134,0.11630971817348201,0.7664726202392288,-1783836.375009394
2025-06-30 11:00:00,0.9604575222838633,0.11788924540109613,0.7663848119107112,-1642429.8212187125
2025-06-30 12:00:00,0.9943387951161702,0.14788574629194728,0.7662968974054896,-1683109.287993903
2025-06-30 13:00:00,0.9604575222838633,0.11019500558689194,0.7662088767687923,-1833859.5965346606
2025-06-30 14:00:00,0.8611226565390135,0.12572083304099604,0.7661207500459027,-1624123.5534881272
2025-06-30 15:00:00,0.7031037048235051,0.10872507303496755,0.7660325172821584,-1696189.1307751862
2025-06-30 16:00:00,0.49716939755808504,0.16456514762049265,0.7659441785229514,-1817175.1112117197
2025-06-30 17:00:00,0.25735381746035846,0.10378668479415079,0.7658557338137286,-1709531.9638907947
2025-06-30 18:00:00,1.2177138227070538e-16,0.13916448447229685,0.7657671831999912,-1878098.9392974419
2025-06-30 19:00:00,0.0,0.14580009481249956,0.765678526727295,-1859500.6009766862
2025-06-30 20:00:00,0.0,0.11344483784723423,0.7655897644412502,-1828931.2343368486
2025-06-30 21:00:00,0.0,0.15586311660618268,0.7655008963875213,-1974677.0165866688
2025-06-30 22:00:00,0.0,0.1616158195185826,0.7654119226118274,-1888966.301322855
2025-06-30 23:00:00,0.0,0.1191405449145298,0.7653228431599421,-1937780.9685627227
2025-07-01 00:00:00,0.0,0.14552982684292748,0.7652336580776931,-2110287.247171075
2025-07-01 01:00:00,0.0,0.13528856087029126,0.7651443674109625,-2007831.4035403372
2025-07-01 02:00:00,0.0,0.12728445485120835,0.7650549712056867,-2027193.4837421353
2025-07-01 03:00:00,0.0,0.1546774799779124,0.7649654695078567,-1841880.0399635283
2025-07-01 04:00:00,0.0,0.14255979886614825,0.7648758623635175,-2008141.9051933754
2025-07-01 05:00:00,0.0,0.12583976622521362,0.764786149818768,-1973170.0793214857
2025-07-01 06:00:00,0.0,0.14011191126934872,0.7646963319197622,-1750825.0528178965
2025-07-01 07:00:00,0.2570006018983781,0.12123987502237579,0.7646064087127074,-1775907.0182147776
2025-07-01 08:00:00,0.4964870374909575,0.15541792965187073,0.7645163802438657,-1756654.5645195553
2025-07-01 09:00:00,0.7021387019621514,0.12891384101041753,0.764426246559553,-1640406.7549895053
2025-07-01 10:00:00,0.8599407742336924,0.1394506941715057,0.7643360077061399,-1825001.153665682
2025-07-01 11:00:00,0.9591393038605297,0.13165376412401103,0.76424566373005,-1648692.2833696958
2025-07-01 12:00:00,0.9929740749819151,0.15234367663874854,0.764155214677762,-1735673.6997848973
2025-07-01 13:00:00,0.9591393038605297,0.10978912608192731,0.7640646605958085,-1800493.7071495554
2025-07-01 14:00:00,0.8599407742336925,0.13409345907944167,0.7639740015307755,-1627179.3134513493
2025-07-01 15:00:00,0.7021387019621516,0.12400152497649962,0.7638832375293039,-1684913.915040082
2025-07-01 16:00:00,0.4964870374909575,0.15352580396998775,0.7637923686380879,-1741400.0788646198
2025-07-01 17:00:00,0.25700060189837837,0.12679649572817725,0.7637013949038757,-1836597.6975262354
2025-07-01 18:00:00,1.2160425225629064e-16,0.10886156322116561,0.76361031637347,-1938461.9641432737
2025-07-01 19:00:00,0.0,0.11882203419197608,0.7635191330937268,-1947078.073437925
2025-07-01 20:00:00,0.0,0.13336588218471837,0.7634278451115565,-1982970.4495677312
2025-07-01 21:00:00,0.0,0.10321559712999412,0.7633364524739228,-1838567.2745395058
2025-07-01 22:00:00,0.0,0.13224843527431865,0.7632449552278436,-1939414.2444248896
2025-07-01 23:00:00,0.0,0.13347663929114859,0.7631533534203909,-2029309.797352344
2025-07-02 00:00:00,0.0,0.1528841686925654,0.7630616470986897,-1856679.2918235864
2025-07-02 01:00:00,0.0,0.11942182758613568,0.7629698363099195,-1908889.0073211538
2025-07-02 02:00:00,0.0,0.12351656275087253,0.7628779211013132,-2043030.5836150094
2025-07-02 03:00:00,0.0,0.13706946848633159,0.7627859015201575,-1932275.4668056953
2025-07-02 04:00:00,0.0,0.1123024087475852,0.7626937776137928,-1906863.8630829598
2025-07-02 05:00:00,0.0,0.14339168593640655,0.762601549429613,-1908246.1613314108
2025-07-02 06:00:00,0.0,0.11422988931439637,0.762509217015066,-1823042.7538854613
2025-07-02 07:00:00,0.25660957834594644,0.109683260045486,0.762416780417653,-1849712.5034091272
2025-07-02 08:00:00,0.4957316379949955,0.11369583035848695,0.7623242396849289,-1848564.2936787736
2025-07-02 09:00:00,0.7010704057499522,0.14342088677022838,0.7622315948645023,-1749965.8384685412
2025-07-02 10:00:00,0.8586323839266743,0.15175153777329106,0.7621388460040353,-1649926.2781730243
2025-07-02 11:00:00,0.9576799840958987,0.15500104123452252,0.7620459931512431,-1752662.7669417176
2025-07-02 12:00:00,0.9914632759899911,0.1095641726784326,0.7619530363538951,-1810081.7084250785
2025-07-02 13:00:00,0.9576799840958987,0.13191539981193218,0.7618599756598139,-1682909.5434033265
2025-07-02 14:00:00,0.8586323839266744,0.11331018710657446,0.7617668111168753,-1686086.2590819784
2025-07-02 15:00:00,0.7010704057499523,0.13835153262435765,0.7616735427730088,-1964828.435530455
2025-07-02 16:00:00,0.4957316379949955,0.12078072042911348,0.7615801706761971,-1755047.0604895016
2025-07-02 17:00:00,0.2566095783459467,0.11931000113509503,0.7614866948744766,-1679612.8388007882
2025-07-02 18:00:00,1.2141923274132914e-16,0.11984456889387406,0.7613931154159368,-1747689.3483051439
2025-07-02 19:00:00,0.0,0.1199017682136232,0.7612994323487204,-1919811.3407275402
2025-07-02 20:00:00,0.0,0.11155873515670534,0.7612056457210237,-1913878.7509543262
2025-07-02 21:00:00,0.0,0.10840047555005217,0.7611117555810961,-1896905.8689240196
2025-07-02 22:00:00,0.0,0.14196369512462573,0.7610177619772405,-1999973.832946543
2025-07-02 23:00:00,0.0,0.1504158296062363,0.7609236649578126,-2054186.4961641305
2025-07-03 00:00:00,0.0,0.12889952086191184,0.7608294645712217,-1935720.7936910903
2025-07-03 01:00:00,0.0,0.1297475927823731,0.7607351608659301,-1943142.3257626006
2025-07-03 02:00:00,0.0,0.1262828236071303,0.7606407538904533,-2021164.2571111866
2025-07-03 03:00:00,0.0,0.1238945186737388,0.7605462436933597,-2033218.555837095
2025-07-03 04:00:00,0.0,0.1562086737945103,0.7604516303232711,-1937567.4715871937
2025-07-03 05:00:00,0.0,0.11062396893045867,0.7603569138288625,-1997633.8344679768
2025-07-03 06:00:00,0.0,0.1567760160497987,0.7602620942588615,-1932418.153864792
2025-07-03 07:00:00,0.25618086267178086,0.15321005993557,0.760167171662049,-1946624.612534182
2025-07-03 08:00:00,0.49490342291137246,0.1444128127690776,0.7600721460872588,-1767070.5952031245
2025-07-03 09:00:00,0.6998991327461305,0.1448702957687896,0.7599770175833779,-1710015.8222315754
2025-07-03 10:00:00,0.8571978733222443,0.13197314584768272,0.7598817861993461,-1684983.621371345
2025-07-03 11:00:00,0.9560799954179114,0.12417087013520414,0.759786451984156,-1770966.1496425061
2025-07-03 12:00:00,0.989806845822745,0.14174486363438338,0.7596910149868532,-1724049.0616170876
2025-07-03 13:00:00,0.9560799954179114,0.15269978042136378,0.7595954752565363,-1701982.1000600029
2025-07-03 14:00:00,0.8571978733222444,0.15455331613032047,0.7594998328423567,-1732044.5545303277
2025-07-03 15:00:00,0.6998991327461306,0.11387587333761665,0.7594040877935186,-1745177.7554992742
2025-07-03 16:00:00,0.49490342291137246,0.12871550120861827,0.7593082401592788,-1714247.3143626077
2025-07-03 17:00:00,0.25618086267178114,0.15320440815376102,0.7592122899889472,-1934818.6844146692
2025-07-03 18:00:00,1.2121637855109625e-16,0.14167994337684459,0.7591162373318863,-1840243.9005047958
2025-07-03 19:00:00,0.0,0.11290010585086668,0.7590200822375115,-1826356.6618168126
2025-07-03 20:00:00,0.0,0.12096555224689401,0.7589238247552903,-1691679.501599286
2025-07-03 21:00:00,0.0,0.11713304989447373,0.7588274649347437,-1948991.3680299714
2025-07-03 22:00:00,0.0,0.13558070869926964,0.7587310028254448,-1902513.1021102383
2025-07-03 23:00:00,0.0,0.15140394935795948,0.7586344384770196,-1997347.7922409107
2025-07-04 00:00:00,0.0,0.15087337604980808,0.7585377719391465,-1934192.1691820917
2025-07-04 01:00:00,0.0,0.130686350958092,0.7584410032615566,-2210223.148162812
2025-07-04 02:00:00,0.0,0.10169143485755977,0.7583441324940333,-2132175.1511562252
2025-07-04 03:00:00,0.0,0.12436553642077448,0.758247159686413,-1995128.6758587677
2025-07-04 04:00:00,0.0,0.14620379636793496,0.7581500848885843,-2077587.6431428802
2025-07-04 05:00:00,0.0,0.11750570154500253,0.7580529081504881,-1977570.8179674216
2025-07-04 06:00:00,0.0,0.12177498648232253,0.757955629522118,-1893807.3427745223
2025-07-04 07:00:00,0.25571458191358787,0.1535568838163968,0.7578582490535201,-1941072.0580730238
2025-07-04 08:00:00,0.494002637658092,0.12028454175177082,0.7577607667947924,-1872746.747390192
2025-07-04 09:00:00,0.6986252300241556,0.1500537173204659,0.7576631827960859,-1828109.8529423522
2025-07-04 10:00:00,0.8556376674968538,0.14486186680856614,0.7575654971076036,-1748016.8418062476
2025-07-04 11:00:00,0.9543398119377435,0.09742237857021196,0.757467709779601,-1840834.5195954058
2025-07-04 12:00:00,0.9880052753161841,0.11293721462018358,0.7573698208623854,-1673106.6172973434
2025-07-04 13:00:00,0.9543398119377435,0.11592696110639256,0.757271830406317,-1653951.3055708942
2025-07-04 14:00:00,0.8556376674968539,0.11376773971210186,0.7571737384618079,-1671246.492569763
2025-07-04 15:00:00,0.6986252300241557,0.14004200958066482,0.7570755450793224,-1727525.460985794
2025-07-04 16:00:00,0.494002637658092,0.11044866897561681,0.7569772503093772,-1786786.407623285
2025-07-04 17:00:00,0.25571458191358815,0.13204400349606313,0.7568788542025408,-1844145.1710440626
2025-07-04 18:00:00,1.2099574979566643e-16,0.14496446495244744,0.7567803568094341,-1732084.2590979626
2025-07-04 19:00:00,0.0,0.11713745290079801,0.7566817581807304,-1782030.990731758
2025-07-04 20:00:00,0.0,0.09731150614398186,0.7565830583671542,-1867709.3947112302
2025-07-04 21:00:00,0.0,0.14497954905900348,0.756484257419483,-1933983.0799288356
2025-07-04 22:00:00,0.0,0.10997422150817518,0.7563853553885457,-1936843.2838307074
2025-07-04 23:00:00,0.0,0.10597200149317568,0.7562863523252236,-2012351.5460081964
2025-07-05 00:00:00,0.0,0.11550873355872718,0.7561872482804497,-2007572.7653729252
2025-07-05 01:00:00,0.0,0.10690104625271953,0.756088043305209,-1863021.2031192451
2025-07-05 02:00:00,0.0,0.12115074129134806,0.7559887374505386,-1980973.9322518671
2025-07-05 03:00:00,0.0,0.11355916096839876,0.7558893307675273,-1936740.8063002776
2025-07-05 04:00:00,0.0,0.14484618364247523,0.7557898233073157,-2060057.0287292653
2025-07-05 05:00:00,0.0,0.0983958495031651,0.7556902151210969,-1848098.306762522
2025-07-05 06:00:00,0.0,0.13778763276309985,0.7555905062601147,-1827896.4896454355
2025-07-05 07:00:00,0.25521087424041944,0.13277094714712576,0.7554906967756658,-1855503.6155584205
2025-07-05 08:00:00,0.49302954915726527,0.11974865464566967,0.7553907867190979,-1878754.684681155
2025-07-05 09:00:00,0.6972490750688971,0.13598330571762587,0.7552907761418107,-1776080.3802051947
2025-07-05 10:00:00,0.8539522287731608,0.1512959702017722,0.7551906650952557,-1805318.766834298
2025-07-05 11:00:00,0.9524599493093167,0.12608740190041098,0.7550904536309361,-1742182.6160447698
2025-07-05 12:00:00,0.9860590983145306,0.1161059188086006,0.7549901418004066,-1658767.6463582371
2025-07-05 13:00:00,0.9524599493093167,0.14947010431856916,0.7548897296552735,-1634138.9198810905
2025-07-05 14:00:00,0.8539522287731609,0.14388000377894258,0.754789217247195,-1667128.8805512092
2025-07-05 15:00:00,0.6972490750688972,0.14590033645265302,0.7546886046278807,-1704374.3923568996
2025-07-05 16:00:00,0.49302954915726527,0.09516075565902732,0.7545878918490916,-1660374.070932374
2025-07-05 17:00:00,0.2552108742404197,0.1315579747845326,0.7544870789626404,-1709526.6156108975
2025-07-05 18:00:00,1.2075741185210152e-16,0.10084162834040143,0.7543861660203914,-1861774.5339692857
2025-07-05 19:00:00,0.0,0.11838783534453821,0.7542851530742603,-1825284.2489957688
2025-07-05 20:00:00,0.0,0.09570588985131032,0.7541840401762141,-1852761.9598773813
2025-07-05 21:00:00,0.0,0.1212780463058914,0.7540828273782714,-1926455.3890721411
2025-07-05 22:00:00,0.0,0.10247991001645661,0.753981514732502,-1916389.8705196702
2025-07-05 23:00:00,0.0,0.12326772048616086,0.7538801022910272,-1922926.4383562226
2025-07-06 00:00:00,0.0,0.10819970741377137,0.7537785901060198,-1981955.6722148154
2025-07-06 01:00:00,0.0,0.10816169575751187,0.7536769782297035,-2115541.680899955
2025-07-06 02:00:00,0.0,0.1070679515473193,0.7535752667143538,-1952546.0630371766
2025-07-06 03:00:00,0.0,0.14138716431695927,0.7534734556122971,-2028875.8604937787
2025-07-06 04:00:00,0.0,0.11376277731659266,0.753371544975911,-1857788.2941751138
2025-07-06 05:00:00,0.0,0.11966598579121852,0.7532695348576246,-1867817.2796792204
2025-07-06 06:00:00,0.0,0.09521175502813224,0.7531674253099179,-1724547.0560295505
2025-07-06 07:00:00,0.25466988891173,0.1398437164344616,0.7530652163853221,-1811356.242334353
2025-07-06 08:00:00,0.491984445756016,0.12177150858170555,0.7529629081364198,-1864470.1303719082
2025-07-06 09:00:00,0.6957710756647681,0.10498584069505579,0.7528605006158444,-1862761.4279646366
2025-07-06 10:00:00,0.8521420565830341,0.12067384095487398,0.7527579938762805,-1580692.8590477942
2025-07-06 11:00:00,0.9504409645764983,0.09397703535459188,0.7526553879704636,-1703694.521394138
2025-07-06 12:00:00,0.9839688915120322,0.13326480599779827,0.7525526829511803,-1682871.1274072784
2025-07-06 13:00:00,0.9504409645764983,0.1097365879482275,0.7524498788712684,-1661390.0867510708
2025-07-06 14:00:00,0.8521420565830342,0.13411467450863018,0.7523469757836163,-1681324.694189063
2025-07-06 15:00:00,0.6957710756647683,0.10574466586646053,0.7522439737411634,-1695931.3894897369
2025-07-06 16:00:00,0.491984445756016,0.09779374981062076,0.7521408727969005,-1868724.7174873669
2025-07-06 17:00:00,0.25466988891173026,0.11955242573465662,0.7520376730038686,-1892778.8787803622
2025-07-06 18:00:00,1.2050143534507793e-16,0.12884097943697792,0.7519343744151599,-1933124.7396132636
2025-07-06 19:00:00,0.0,0.13137665447357869,0.7518309770839173,-1907162.6406936413
2025-07-06 20:00:00,0.0,0.11400461883969214,0.751727481063335,-1920994.7403682421
2025-07-06 21:00:00,0.0,0.1335705650587423,0.751623886406657,-2003897.6119149474
2025-07-06 22:00:00,0.0,0.14100797552466823,0.7515201931671789,-2013088.0494458748
2025-07-06 23:00:00,0.0,0.09266676431261851,0.7514164013982466,-1916215.3277102872
2025-07-07 00:00:00,0.0,0.09329188119989523,0.7513125111532569,-1941091.6661802034
2025-07-07 01:00:00,0.0,0.12948278232673158,0.7512085224856571,-2064472.095344016
2025-07-07 02:00:00,0.0,0.12510863552212367,0.7511044354489451,-2003560.5418825138
2025-07-07 03:00:00,0.0,0.12583669464017208,0.7510002500966698,-1807907.7083338776
2025-07-07 04:00:00,0.0,0.12453069577105119,0.75089596648243,-1903499.8007969852
2025-07-07 05:00:00,0.0,0.09738103830628564,0.7507915846598757,-1899396.068548409
2025-07-07 06:00:00,0.0,0.10536343984725881,0.750687104682707,-1875315.0304356997
2025-07-07 07:00:00,0.25409178623314777,0.09477716107820267,0.750582526604675,-1906082.2133572486
2025-07-07 08:00:00,0.49086763714103715,0.12444459147425045,0.7504778504795804,-1893469.2867328138
2025-07-07 09:00:00,0.69419166977489,0.14174051324693754,0.7503730763612753,-1729851.1285055578
2025-07-07 10:00:00,0.8502076873195601,0.09871803393539529,0.7502682043036615,-1697019.4887155932
2025-07-07 11:00:00,0.9482834560080379,0.11277016005963128,0.7501632343606915,-1759486.7595286195
2025-07-07 12:00:00,0.9817352742820744,0.13731984181348383,0.7500581665863684,-1665605.028582362
2025-07-07 13:00:00,0.9482834560080379,0.10006763805480501,0.749953001034745,-1720169.2170774008
2025-07-07 14:00:00,0.8502076873195602,0.1404396048064162,0.749847737759925,-1745036.1239058312
2025-07-07 15:00:00,0.6941916697748901,0.10547980231305176,0.7497423768160619,-1758435.779827815
2025-07-07 16:00:00,0.49086763714103715,0.12368115265714974,0.7496369182573601,-1781120.208917448
2025-07-07 17:00:00,0.25409178623314804,0.11891224043589906,0.7495313621380731,-1853594.2081377422
2025-07-07 18:00:00,1.2022789612595913e-16,0.09553031124517933,0.749425708512506,-1751269.126081659
2025-07-07 19:00:00,0.0,0.1207934731502855,0.7493199574350129,-1823142.741397599
2025-07-07 20:00:00,0.0,0.11149782256013596,0.7492141089599988,-1979618.7724829803
2025-07-07 21:00:00,0.0,0.11117788969462408,0.7491081631419182,-1988814.5270088033
2025-07-07 22:00:00,0.0,0.11675097936046129,0.7490021200352761,-2081532.0145346653
2025-07-07 23:00:00,0.0,0.11004380929601257,0.7488959796946274,-1918160.5530446733
2025-07-08 00:00:00,0.0,0.13170217938229395,0.7487897421745772,-2027339.0434146386
2025-07-08 01:00:00,0.0,0.10711318981353324,0.7486834075297802,-1815448.138102432
2025-07-08 02:00:00,0.0,0.11143189819439892,0.7485769758149415,-1940028.5665956205
2025-07-08 03:00:00,0.0,0.13655203894925907,0.7484704470848158,-2034522.2957778627
2025-07-08 04:00:00,0.0,0.13758183811417654,0.748363821394208,-1990335.4665398733
2025-07-08 05:00:00,0.0,0.09194076454667435,0.7482570987979726,-1989087.4402831409
2025-07-08 06:00:00,0.0,0.10943544714175989,0.7481502793510142,-1826932.2915982923
2025-07-08 07:00:00,0.25347673750897304,0.1286918112890038,0.748043363108287,-1874563.2218456278
2025-07-08 08:00:00,0.4896794542468241,0.09944298033522088,0.7479363501247951,-1842284.0231654115
2025-07-08 09:00:00,0.6925113254113141,0.11155275940572507,0.7478292404555926,-1758804.6694162432
2025-07-08 10:00:00,0.8481496941780988,0.13599493386221984,0.7477220341557831,-1664993.951145672
2025-07-08 11:00:00,0.9459880629202873,0.1387131939263978,0.7476147312805198,-1663518.5971813733
2025-07-08 12:00:00,0.9793589084936483,0.13105432820505128,0.7475073318850057,-1769065.7789835094
2025-07-08 13:00:00,0.9459880629202873,0.10260535985162111,0.7473998360244936,-1734184.815984385
2025-07-08 14:00:00,0.8481496941780989,0.09297230672968411,0.7472922437542857,-1746889.7216052245
2025-07-08 15:00:00,0.6925113254113142,0.11789366412776298,0.747184555129734,-1650308.5796706853
2025-07-08 16:00:00,0.4896794542468241,0.12017399377047965,0.74707677020624,-1714912.8164544883
2025-07-08 17:00:00,0.2534767375089733,0.11793585310683317,0.7469688890392545,-1699631.5210459335
2025-07-08 18:00:00,1.199368752503192e-16,0.1074558032984426,0.7468609116842783,-1907110.7338209718
2025-07-08 19:00:00,0.0,0.11361533189386804,0.7467528381968611,-1828716.6124959749
2025-07-08 20:00:00,0.0,0.10561821268751298,0.7466446686326029,-1818944.7086739573
2025-07-08 21:00:00,0.0,0.1197461970326575,0.746536403047152,-1972826.564990712
2025-07-08 22:00:00,0.0,0.10833896377088924,0.7464280414962071,-1911461.0804448074
2025-07-08 23:00:00,0.0,0.0969060367495855,0.7463195840355157,-1943386.027168329
2025-07-09 00:00:00,0.0,0.10729455551626928,0.7462110307208749,-1970770.5176106389
2025-07-09 01:00:00,0.0,0.13243552680670523,0.7461023816081309,-2053501.354120905
2025-07-09 02:00:00,0.0,0.09990287703206396,0.7459936367531794,-1868794.1926523107
2025-07-09 03:00:00,0.0,0.12580094112144083,0.7458847962119652,-1991918.800087589
2025-07-09 04:00:00,0.0,0.09357216408237529,0.7457758600404826,-1924102.312347255
2025-07-09 05:00:00,0.0,0.13040602622425745,0.7456668282947746,-1996941.0043740089
2025-07-09 06:00:00,0.0,0.1406493569756825,0.745557701030934,-1908955.6262542787
2025-07-09 07:00:00,0.25282492499141646,0.1338208992864869,0.7454484783051019,-1824641.7340001399
2025-07-09 08:00:00,0.48842024915761134,0.09906140699707117,0.7453391601734695,-1896491.3978347282
2025-07-09 09:00:00,0.6907305404963402,0.09165628820823268,0.7452297466922762,-1794068.7676544662
2025-07-09 10:00:00,0.845968686986433,0.10526843948221926,0.7451202379178112,-1880479.0350730522
2025-07-09 11:00:00,0.9435554654877568,0.10093321582132297,0.7450106339064121,-1635899.2317417746
2025-07-09 12:00:00,0.9768404983152228,0.09356608155985835,0.7449009347144658,-1719731.8588463927
2025-07-09 13:00:00,0.9435554654877568,0.13211253311714186,0.7447911403984083,-1587243.2018440661
2025-07-09 14:00:00,0.8459686869864331,0.12373244136107973,0.7446812510147245,-1752447.7486359486
2025-07-09 15:00:00,0.6907305404963403,0.10698739848031245,0.7445712666199475,-1686231.4636045215
2025-07-09 16:00:00,0.48842024915761134,0.11643462462340698,0.7444611872706604,-1758909.463258689
2025-07-09 17:00:00,0.25282492499141673,0.11738295183718693,0.7443510130234943,-1702042.7662934419
2025-07-09 18:00:00,1.196284589539243e-16,0.13222066841446467,0.7442407439351297,-1750238.1627630517
2025-07-09 19:00:00,0.0,0.09993892349955269,0.7441303800622954,-1884093.5339856716
2025-07-09 20:00:00,0.0,0.11264389856027855,0.7440199214617692,-1723333.3975305657
2025-07-09 21:00:00,0.0,0.1263963045024071,0.7439093681903777,-1985174.21767537
2025-07-09 22:00:00,0.0,0.12363452214998577,0.743798720304996,-1847616.8134999366
2025-07-09 23:00:00,0.0,0.13028987525021732,0.7436879778625483,-2044515.602716597
2025-07-10 00:00:00,0.0,0.113038866322483,0.7435771409200067,-2042782.9951142874
2025-07-10 01:00:00,0.0,0.1285297648326169,0.7434662095343927,-1938322.2723388325
2025-07-10 02:00:00,0.0,0.09120238202891005,0.7433551837627759,-2015151.100422899
2025-07-10 03:00:00,0.0,0.13080944793201396,0.7432440636622747,-1852293.5434226983
2025-07-10 04:00:00,0.0,0.12436345110593422,0.7431328492900557,-1880051.4386408161
2025-07-10 05:00:00,0.0,0.09026586768357563,0.7430215407033346,-1860568.0255986247
2025-07-10 06:00:00,0.0,0.08671995564368312,0.742910137959375,-1840824.795996118
2025-07-10 07:00:00,0.2521365418265944,0.13663870638427056,0.7427986411154891,-1848618.782491749
2025-07-10 08:00:00,0.48709039500304285,0.1208552686601892,0.7426870502290375,-1759547.26328172
2025-07-10 09:00:00,0.6888498427149713,0.09600095615494145,0.7425753653574294,-1734385.8464560627
2025-07-10 10:00:00,0.8436653120240638,0.1091996308868472,0.7424635865581222,-1662209.5062243622
2025-07-10 11:00:00,0.9409863845415658,0.08647319471474589,0.7423517138886214,-1730136.2479229474
2025-07-10 12:00:00,0.9741807900060858,0.1213716786655324,0.7422397474064812,-1595608.948995134
2025-07-10 13:00:00,0.9409863845415658,0.1007229237188019,0.7421276871693037,-1734694.2773705714
2025-07-10 14:00:00,0.8436653120240639,0.10674178151578873,0.7420155332347397,-1625985.2170323941
2025-07-10 15:00:00,0.6888498427149714,0.11384457743453742,0.7419032856604875,-1720284.9296762068
2025-07-10 16:00:00,0.48709039500304285,0.11651332599575007,0.7417909445042941,-1929068.8384942163
2025-07-10 17:00:00,0.2521365418265947,0.12786685734672862,0.7416785098239546,-1796854.48927452
2025-07-10 18:00:00,1.1930273862717927e-16,0.13670741173555614,0.7415659816773121,-1864761.4608547846
2025-07-10 19:00:00,0.0,0.12725608376119532,0.741453360122258,-1886161.1674234618
2025-07-10 20:00:00,0.0,0.10632550822287186,0.7413406452167313,-1900125.1406989845
2025-07-10 21:00:00,0.0,0.10339348392019439,0.7412278370187194,-1824045.6721532033
2025-07-10 22:00:00,0.0,0.12144877159308537,0.7411149355862574,-1926531.8247443987
2025-07-10 23:00:00,0.0,0.11819968813067734,0.7410019409774288,-2010842.4985446602
2025-07-11 00:00:00,0.0,0.1305235520893002,0.7408888532503648,-2136123.4390855245
2025-07-11 01:00:00,0.0,0.11952796340535057,0.7407756724632444,-2028675.6438765402
2025-07-11 02:00:00,0.0,0.12203778520973839,0.7406623986742945,-1942294.3511747876
2025-07-11 03:00:00,0.0,0.10264673049841744,0.7405490319417901,-2043061.5243612514
2025-07-11 04:00:00,0.0,0.1057611127450131,0.7404355723240537,-2013761.1118277982
2025-07-11 05:00:00,0.0,0.09203077868457057,0.7403220198794558,-1900213.4766465656
2025-07-11 06:00:00,0.0,0.09592076252390906,0.7402083746664146,-1905742.2771591216
2025-07-11 07:00:00,0.251411791997295,0.09719332355796978,0.7400946367433958,-1647461.4828756533
2025-07-11 08:00:00,0.48569028584760515,0.10838694516592368,0.7399808061689133,-1834500.6459550555
2025-07-11 09:00:00,0.6868697893585485,0.0892098637952403,0.7398668830015281,-1709626.5407932377
2025-07-11 10:00:00,0.8412402518307034,0.13257624964571718,0.7397528672998493,-1712255.6702425468
2025-07-11 11:00:00,0.9382815813558437,0.12859951860057023,0.7396387591225333,-1530439.4450010215
2025-07-11 12:00:00,0.9713805716952104,0.10962768777855668,0.739524558528284,-1745739.8924326128
2025-07-11 13:00:00,0.9382815813558437,0.10057736564928424,0.7394102655758534,-1763899.7637276605
2025-07-11 14:00:00,0.8412402518307035,0.08594272297870917,0.7392958803240405,-1716487.4768415971
2025-07-11 15:00:00,0.6868697893585486,0.12857273416906434,0.7391814028316918,-1700890.8865030666
2025-07-11 16:00:00,0.48569028584760515,0.13129196402134824,0.7390668331577013,-1687282.177272385
2025-07-11 17:00:00,0.2514117919972953,0.10552129325426907,0.7389521713610107,-1857675.5900745112
2025-07-11 18:00:00,1.1895981078804655e-16,0.13201390592032575,0.7388374175006089,-1769927.8155564328
2025-07-11 19:00:00,0.0,0.09102753664687058,0.7387225716355321,-1747569.667419874
2025-07-11 20:00:00,0.0,0.10822594207073209,0.7386076338248639,-1776913.9642312448
2025-07-11 21:00:00,0.0,0.11984675224674193,0.7384926041277351,-1895531.7198989661
2025-07-11 22:00:00,0.0,0.08660166677668171,0.7383774826033239,-1927541.537476771
2025-07-11 23:00:00,0.0,0.09618738835712554,0.7382622693108559,-1835333.839239261
2025-07-12 00:00:00,0.0,0.08561462630326977,0.7381469643096037,-2056158.357267481
2025-07-12 01:00:00,0.0,0.10133715085412323,0.7380315676588867,-2063017.6077411897
2025-07-12 02:00:00,0.0,0.11901361033598708,0.7379160794180721,-2020856.0010277783
2025-07-12 03:00:00,0.0,0.13103730412167208,0.737800499646574,-1922438.7823122002
2025-07-12 04:00:00,0.0,0.1101213506646217,0.7376848284038535,-1920560.8555064357
2025-07-12 05:00:00,0.0,0.11221590931497356,0.7375690657494189,-1778367.7105432057
2025-07-12 06:00:00,0.0,0.09217470707531199,0.7374532117428254,-1838624.4546794859
2025-07-12 07:00:00,0.2506508902625342,0.1077657586504724,0.7373372664436751,-1738702.1175778154
2025-07-12 08:00:00,0.4842203365738578,0.12427446543077957,0.7372212299116173,-1822197.303549028
2025-07-12 09:00:00,0.6847909671596146,0.08915715193214924,0.7371051022063483,-1691125.471231766
2025-07-12 10:00:00,0.838694225004024,0.09273748272966247,0.7369888833876109,-1667917.0306960235
2025-07-12 11:00:00,0.9354418574221489,0.08393052725041739,0.7368725735151952,-1695019.439249278
2025-07-12 12:00:00,0.9684406731477158,0.10541565605753589,0.7367561726489378,-1623077.9975741345
2025-07-12 13:00:00,0.9354418574221489,0.11218431725878,0.7366396808487223,-1554890.1392356602
2025-07-12 14:00:00,0.8386942250040241,0.12279591102193849,0.7365230981744793,-1693707.8794535247
2025-07-12 15:00:00,0.6847909671596147,0.09598426118350104,0.7364064246861856,-1678085.7295177025
2025-07-12 16:00:00,0.4842203365738578,0.13014191756344537,0.7362896604438651,-1876495.4498698555
2025-07-12 17:00:00,0.25065089026253445,0.12174134859408599,0.7361728055075885,-1893594.8487153011
2025-07-12 18:00:00,1.1859977705344582e-16,0.09773292709382313,0.7360558599374727,-1882854.2617732943
2025-07-12 19:00:00,0.0,0.11937321293519543,0.7359388237936817,-1891380.1044354662
2025-07-12 20:00:00,0.0,0.10396893927807256,0.7358216971364259,-1894928.1174414759
2025-07-12 21:00:00,0.0,0.08409788148840812,0.7357044800259621,-2042842.153146234
2025-07-12 22:00:00,0.0,0.099288493325247,0.735587172522594,-1904660.6306796956
2025-07-12 23:00:00,0.0,0.12096008470821394,0.7354697746866714,-1903117.1063414696
2025-07-13 00:00:00,0.0,0.10830702099383704,0.735352286578591,-2053319.793804373
2025-07-13 01:00:00,0.0,0.0936547299094794,0.7352347082587957,-1949592.9689248693
2025-07-13 02:00:00,0.0,0.09948183516417802,0.7351170397877747,-2041883.4498102483
2025-07-13 03:00:00,0.0,0.09014608638190953,0.7349992812260635,-2093456.7095008215
2025-07-13 04:00:00,0.0,0.11105621241192885,0.7348814326342445,-1840173.3834884558
2025-07-13 05:00:00,0.0,0.12314645728776907,0.734763494072946,-2052938.8531722212
2025-07-13 06:00:00,0.0,0.0922213830117581,0.7346454656028427,-2046721.7004075842
2025-07-13 07:00:00,0.24985406209391747,0.12656323459375596,0.7345273472846554,-1814797.8093512738
2025-07-13 08:00:00,0.4826809827594948,0.10492199616312087,0.7344091391791512,-1742195.7964179418
2025-07-13 09:00:00,0.6826139921180516,0.09748739287990943,0.7342908413471435,-1696479.834013853
2025-07-13 10:00:00,0.8360279859867223,0.1153913838728872,0.7341724538494918,-1659038.3569891758
2025-07-13 11:00:00,0.9324680542119692,0.12428562857383829,0.7340539767471017,-1823847.4104070533
2025-07-13 12:00:00,0.9653619655189897,0.1214105461806438,0.733935410100925,-1577247.1378908458
2025-07-13 13:00:00,0.9324680542119692,0.08709610851477845,0.7338167539719592,-1616280.2870548912
2025-07-13 14:00:00,0.8360279859867225,0.0882817614317491,0.7336980084212484,-1637815.8771543568
2025-07-13 15:00:00,0.6826139921180517,0.10183229413776827,0.7335791735098824,-1712029.8607284785
2025-07-13 16:00:00,0.4826809827594948,0.12481180826505876,0.733460249298997,-1808256.8903338767
2025-07-13 17:00:00,0.24985406209391772,0.12163599454713694,0.7333412358497737,-1682296.5152138083
2025-07-13 18:00:00,1.1822274410914283e-16,0.08285647978568571,0.7332221332234403,-1668955.852324342
2025-07-13 19:00:00,0.0,0.08284220739217771,0.7331029414812704,-1791126.7405030092
2025-07-13 20:00:00,0.0,0.0850073845262356,0.7329836606845833,-1823031.5112820484
2025-07-13 21:00:00,0.0,0.11880804122073481,0.732864290894744,-1807308.7699630668
2025-07-13 22:00:00,0.0,0.09386928605494604,0.732744832173164,-1937557.3158259457
2025-07-13 23:00:00,0.0,0.084420806714232,0.7326252845812994,-2074233.2025004618
2025-07-14 00:00:00,0.0,0.09491131585037721,0.732505648180653,-1934482.304753965
2025-07-14 01:00:00,0.0,0.11629190171871634,0.7323859230327727,-2133038.565800373
2025-07-14 02:00:00,0.0,0.10602005527268035,0.7322661091992526,-1957425.4331256622
2025-07-14 03:00:00,0.0,0.08898085990038074,0.7321462067417319,-2008683.9059212578
2025-07-14 04:00:00,0.0,0.11802081134628305,0.7320262157218956,-1804080.0385706858
2025-07-14 05:00:00,0.0,0.1255312612272723,0.7319061362014744,-2012454.7170922633
2025-07-14 06:00:00,0.0,0.10563923244128806,0.7317859682422441,-1909975.2685990569
2025-07-14 07:00:00,0.24902154360882822,0.09213549935156035,0.7316657119060266,-1904859.232093168
2025-07-14 08:00:00,0.4810726805482733,0.08107868769098776,0.7315453672546888,-1763994.1875964417
2025-07-14 09:00:00,0.6803395093185476,0.09978611681743745,0.7314249343501431,-1788931.2296938412
2025-07-14 10:00:00,0.8332423248429613,0.10603028025088808,0.7313044132543477,-1698685.917704318
2025-07-14 11:00:00,0.9293610529273759,0.12119436418712033,0.7311838040293056,-1793478.1600213551
2025-07-14 12:00:00,0.9621453610965467,0.08354540998760603,0.7310631067370656,-1674989.1872991812
2025-07-14 13:00:00,0.9293610529273759,0.09801464017219472,0.7309423214397214,-1720662.1189019007
2025-07-14 14:00:00,0.8332423248429615,0.11346323365198374,0.7308214481994124,-1641182.3855890767
2025-07-14 15:00:00,0.6803395093185477,0.10323413118169818,0.730700487078323,-1679350.6318888594
2025-07-14 16:00:00,0.4810726805482733,0.10385346416407554,0.7305794381386826,-1811065.4770654682
2025-07-14 17:00:00,0.2490215436088285,0.1083380608111229,0.7304583014427664,-1802920.8887775664
2025-07-14 18:00:00,1.1782882367813603e-16,0.1196711573714929,0.730337077052894,-1766074.9608121666
2025-07-14 19:00:00,0.0,0.11500601809066034,0.7302157650314307,-1779226.8301918132
2025-07-14 20:00:00,0.0,0.12574444270023202,0.7300943654407868,-1972088.6722298523
2025-07-14 21:00:00,0.0,0.08441606004758558,0.7299728783434172,-1819490.7142584755
2025-07-14 22:00:00,0.0,0.10685580652727907,0.7298513038018222,-1900031.4433795847
2025-07-14 23:00:00,0.0,0.11611829949189423,0.7297296418785472,-2090858.4009404383
2025-07-15 00:00:00,0.0,0.10168274219554957,0.7296078926361823,-2024631.778885904
2025-07-15 01:00:00,0.0,0.08308184589470971,0.7294860561373625,-2085315.4141941036
2025-07-15 02:00:00,0.0,0.08478859427838376,0.7293641324447679,-1890450.2083789303
2025-07-15 03:00:00,0.0,0.08804779645836516,0.7292421216211232,-1807150.3850934077
2025-07-15 04:00:00,0.0,0.09400535455280852,0.7291200237291984,-1902808.1907469789
2025-07-15 05:00:00,0.0,0.0785904915145537,0.7289978388318077,-1947876.9947846034
2025-07-15 06:00:00,0.0,0.09653800847082929,0.7288755669918103,-1878516.49315823
2025-07-15 07:00:00,0.24815358150046074,0.11044073134625448,0.7287532082721103,-1918526.5411539685
2025-07-15 08:00:00,0.47939590651484837,0.11970375997102352,0.7286307627356564,-1749128.5264904927
2025-07-15 09:00:00,0.677968192739443,0.10581545802338986,0.7285082304454417,-1752116.7517540317
2025-07-15 10:00:00,0.8303380670242572,0.12272109639970295,0.7283856114645042,-1756706.3745757544
2025-07-15 11:00:00,0.9261217742399038,0.07923519787044096,0.7282629058559267,-1724630.0281329844
2025-07-15 12:00:00,0.9587918130296968,0.10331999804707602,0.7281401136828358,-1667907.9686380478
2025-07-15 13:00:00,0.9261217742399038,0.10630169268220709,0.7280172350084037,-1652228.5967749807
2025-07-15 14:00:00,0.8303380670242573,0.12364810786704855,0.7278942698958462,-1628090.8268872208
2025-07-15 15:00:00,0.6779681927394431,0.08088649978049343,0.727771218408424,-1663509.1581681222
2025-07-15 16:00:00,0.47939590651484837,0.09306348324350329,0.7276480806094421,-1722862.4709977412
2025-07-15 17:00:00,0.24815358150046102,0.09942568949355665,0.7275248565622501,-1710053.460675973
2025-07-15 18:00:00,1.1741813248755058e-16,0.08840621638595786,0.7274015463302418,-1724233.287262914
2025-07-15 19:00:00,0.0,0.11669307516743133,0.7272781499768551,-1830745.323674414
2025-07-15 20:00:00,0.0,0.10930101004434739,0.727154667565573,-1904045.8987927693
2025-07-15 21:00:00,0.0,0.12255537208102443,0.7270310991599218,-1990144.2831330055
2025-07-15 22:00:00,0.0,0.09052081222257802,0.7269074448234726,-1841295.9822064645
2025-07-15 23:00:00,0.0,0.08714446593051745,0.7267837046198405,-2089115.760329011
2025-07-16 00:00:00,0.0,0.09199619715222403,0.7266598786126853,-2029895.6403445166
2025-07-16 01:00:00,0.0,0.09884187961730552,0.72653596686571,-1932517.5148503224
2025-07-16 02:00:00,0.0,0.08898865727057524,0.7264119694426624,-1983408.812860308
2025-07-16 03:00:00,0.0,0.10755337390332849,0.7262878864073343,-2130811.40465891
2025-07-16 04:00:00,0.0,0.10783708369823322,0.7261637178235613,-1962572.9518670149
2025-07-16 05:00:00,0.0,0.0853221860861927,0.7260394637552232,-1915502.2309924623
2025-07-16 06:00:00,0.0,0.09032299997235839,0.7259151242662438,-1728688.2102769436
2025-07-16 07:00:00,0.24725043296471996,0.10211027161739457,0.7257906994205907,-1943183.109919567
2025-07-16 08:00:00,0.477651157523554,0.11598439641030021,0.7256661892822756,-1828153.1283981744
2025-07-16 09:00:00,0.6755007450530177,0.10271046491494501,0.7255415939153538,-1770724.6628471133
2025-07-16 10:00:00,0.8273160731248809,0.0788992557004625,0.7254169133839248,-1687100.62695489
2025-07-16 11:00:00,0.9227511780177378,0.1062377275215573,0.7252921477521316,-1680355.8425700562
2025-07-16 12:00:00,0.9553023150471082,0.11466977172930165,0.725167297084161,-1672969.1388707373
2025-07-16 13:00:00,0.9227511780177378,0.11300030048029935,0.7250423614442438,-1726892.993805651
2025-07-16 14:00:00,0.827316073124881,0.09317431344095067,0.7249173408966545,-1580215.0775775397
2025-07-16 15:00:00,0.6755007450530178,0.11174228244592242,0.724792235505711,-1764572.867752596
2025-07-16 16:00:00,0.477651157523554,0.09000482582916186,0.7246670453357751,-1843525.596994515
2025-07-16 17:00:00,0.24725043296472024,0.08426927478028996,0.724541770451252,-1812234.4483638753
2025-07-16 18:00:00,1.1699079223404973e-16,0.11580315790857679,0.7244164109165905,-1810430.5878356858
2025-07-16 19:00:00,0.0,0.09337396827508963,0.7242909667962834,-1887990.2766742862
2025-07-16 20:00:00,0.0,0.0855691045947546,0.7241654381548663,-2022426.2939682547
2025-07-16 21:00:00,0.0,0.08782682798655153,0.724039825056919,-1950659.683663523
2025-07-16 22:00:00,0.0,0.10595115888715674,0.7239141275670642,-1970302.4921804606
2025-07-16 23:00:00,0.0,0.08406720208095099,0.7237883457499681,-1997437.2114604935
2025-07-17 00:00:00,0.0,0.11339759825400436,0.7236624796703405,-2017460.2182259567
2025-07-17 01:00:00,0.0,0.08108302342591268,0.7235365293929347,-2009747.0741916778
2025-07-17 02:00:00,0.0,0.09729525236945083,0.7234104949825467,-1975547.062565401
2025-07-17 03:00:00,0.0,0.07753452088782145,0.7232843765040162,-1947267.7861750368
2025-07-17 04:00:00,0.0,0.10520184110976041,0.7231581740222263,-1950029.8380594137
2025-07-17 05:00:00,0.0,0.11616245464486274,0.723031887602103,-1847738.3238821598
2025-07-17 06:00:00,0.0,0.10653820590973427,0.7229055173086155,-2098245.4086032854
2025-07-17 07:00:00,0.24631236562400852,0.08748621758705644,0.7227790632067764,-1832081.6221552074
2025-07-17 08:00:00,0.47583895058117104,0.1061301698697555,0.7226525253616413,-1842339.457742413
2025-07-17 09:00:00,0.6729378974172731,0.11135660097844252,0.7225259038383085,-1708279.0187947291
2025-07-17 10:00:00,0.8241772386268444,0.08009737909624307,0.7223991987019202,-1801387.878863172
2025-07-17 11:00:00,0.9192502630412817,0.0974233006605639,0.7222724100176606,-1619129.3785214447
2025-07-17 12:00:00,0.9516779011623422,0.08883637519322879,0.7221455378507579,-1704943.3175520974
2025-07-17 13:00:00,0.9192502630412817,0.10901860130342048,0.7220185822664824,-1645156.6299763117
2025-07-17 14:00:00,0.8241772386268446,0.0818378385331437,0.7218915433301476,-1724686.2454856525
2025-07-17 15:00:00,0.6729378974172732,0.11076934858023493,0.72176442110711,-1658186.820861539
2025-07-17 16:00:00,0.47583895058117104,0.09520840768233467,0.7216372156627692,-1912071.1335231876
2025-07-17 17:00:00,0.2463123656240088,0.08243790053152626,0.7215099270625669,-1786062.9999098468
2025-07-17 18:00:00,1.1654692954777336e-16,0.08815153645228621,0.721382555371988,-1888144.745052751
2025-07-17 19:00:00,0.0,0.0773113966318576,0.7212551006565603,-1744101.3891373768
2025-07-17 20:00:00,0.0,0.08156415568960879,0.7211275629818542,-1966127.6222370765
2025-07-17 21:00:00,0.0,0.08464540269905899,0.7209999424134825,-1887813.4772875865
2025-07-17 22:00:00,0.0,0.10712355103011087,0.720872239017101,-1941426.763400832
2025-07-17 23:00:00,0.0,0.0989512851308549,0.7207444528584078,-1952633.1910628858
2025-07-18 00:00:00,0.0,0.09050115788177741,0.720616584003144,-1916966.7988388014
2025-07-18 01:00:00,0.0,0.08189497716195171,0.7204886325170929,-2016121.4519802881
2025-07-18 02:00:00,0.0,0.1104650074083615,0.7203605984660802,-1911295.901037517
2025-07-18 03:00:00,0.0,0.1159599209035938,0.7202324819159746,-2081961.272055726
2025-07-18 04:00:00,0.0,0.09508717703969638,0.7201042829326867,-1932992.039796792
2025-07-18 05:00:00,0.0,0.09385008391804087,0.7199760015821699,-1931616.7609256557
2025-07-18 06:00:00,0.0,0.09897584846043696,0.7198476379304197,-1897192.4434826032
2025-07-18 07:00:00,0.24533965744792469,0.0977020735428411,0.719719192043474,-1933538.0067729277
2025-07-18 08:00:00,0.4739598226837272,0.10718470199214242,0.7195906639874132,-1825283.636924069
2025-07-18 09:00:00,0.6702804092592743,0.09099503065528552,0.7194620538283598,-1892760.3312650456
2025-07-18 10:00:00,0.8209224936345516,0.0785454368873631,0.7193333616324785,-1843426.2259242898
2025-07-18 11:00:00,0.9156200667071991,0.1108566327324718,0.7192045874659763,-1847043.5562169983
2025-07-18 12:00:00,0.9479196453674545,0.07772828101800203,0.7190757313951023,-1683669.3817750865
2025-07-18 13:00:00,0.9156200667071991,0.08073182759705934,0.7189467934861478,-1827734.6923391959
2025-07-18 14:00:00,0.8209224936345517,0.10980730315270966,0.7188177738054462,-1678528.9075402315
2025-07-18 15:00:00,0.6702804092592745,0.07750229764409722,0.7186886724193728,-1571948.9448418892
2025-07-18 16:00:00,0.4739598226837272,0.11145438830545869,0.7185594893943456,-1756020.5625597017
2025-07-18 17:00:00,0.24533965744792494,0.10963193686321354,0.7184302247968234,-1738060.3115874294
2025-07-18 18:00:00,1.1608667595481474e-16,0.07927856299041941,0.7183008786933079,-1822659.6452927862
2025-07-18 19:00:00,0.0,0.11278399826810342,0.7181714511503426,-1822082.4795155735
2025-07-18 20:00:00,0.0,0.11397147101407401,0.7180419422345128,-1854473.332903876
2025-07-18 21:00:00,0.0,0.10061834798739194,0.7179123520124455,-1846714.9351359352
2025-07-18 22:00:00,0.0,0.07708435870602587,0.7177826805508097,-1999251.5196354492
2025-07-18 23:00:00,0.0,0.10916355156480964,0.7176529279163162,-2039538.9496023876
2025-07-19 00:00:00,0.0,0.10936909681480594,0.7175230941757174,-1970072.0070758322
2025-07-19 01:00:00,0.0,0.09190360690237892,0.7173931793958079,-2024271.4475994783
2025-07-19 02:00:00,0.0,0.08868151731703032,0.7172631836434231,-1930513.0259563534
2025-07-19 03:00:00,0.0,0.08197302405252939,0.7171331069854411,-1985025.8591802625
2025-07-19 04:00:00,0.0,0.10679153024744437,0.7170029494887808,-1926769.0356464414
2025-07-19 05:00:00,0.0,0.08737269924887046,0.7168727112204033,-1986336.6186690824
2025-07-19 06:00:00,0.0,0.08174887634558034,0.7167423922473106,-1839300.8868473875
2025-07-19 07:00:00,0.2443325966708937,0.08293810518405043,0.7166119926365467,-1856590.7298609489
2025-07-19 08:00:00,0.47201433065737325,0.10053545742395067,0.7164815124551973,-1903163.9805866769
2025-07-19 09:00:00,0.6675290680501158,0.0876542631412365,0.7163509517703888,-1726128.4757525374
2025-07-19 10:00:00,0.8175528025991865,0.08710671957272434,0.7162203106492897,-1741487.0685811206
2025-07-19 11:00:00,0.9118616647210096,0.07917318411288395,0.7160895891591093,-1616155.393531103
2025-07-19 12:00:00,0.9440286613147466,0.09102224584686679,0.7159587873670988,-1697520.2832401874
2025-07-19 13:00:00,0.9118616647210096,0.08471097065561216,0.7158279053405505,-1624612.248619648
2025-07-19 14:00:00,0.8175528025991866,0.09669632464927996,0.715696943146798,-1739664.2887256027
2025-07-19 15:00:00,0.6675290680501159,0.0714602291718297,0.7155659008532158,-1723043.9779308368
2025-07-19 16:00:00,0.47201433065737325,0.07619191048327492,0.7154347785272201,-1725771.998260556
2025-07-19 17:00:00,0.24433259667089394,0.10721747191703788,0.7153035762362682,-1747295.0891322966
2025-07-19 18:00:00,1.156101678382465e-16,0.09515250129014283,0.7151722940478583,-1986890.603785972
2025-07-19 19:00:00,0.0,0.09217161138885373,0.7150409320295297,-1922650.9176121748
2025-07-19 20:00:00,0.0,0.07212806541513093,0.7149094902488629,-1756921.0776739744
2025-07-19 21:00:00,0.0,0.11101381043732815,0.7147779687734795,-1908447.5934331543
2025-07-19 22:00:00,0.0,0.07354172326392296,0.7146463676710422,-1972264.0407881648
2025-07-19 23:00:00,0.0,0.0713823543779493,0.7145146870092541,-2006984.514476458
2025-07-20 00:00:00,0.0,0.09872509858587247,0.7143829268558598,-2123166.2199711027
2025-07-20 01:00:00,0.0,0.10956909275396098,0.7142510872786448,-2048327.5353381955
2025-07-20 02:00:00,0.0,0.09129926693694829,0.7141191683454351,-2001950.7372082479
2025-07-20 03:00:00,0.0,0.11196361340909577,0.7139871701240976,-1912142.0928636543
2025-07-20 04:00:00,0.0,0.08384502266697935,0.7138550926825402,-1947693.3021090145
2025-07-20 05:00:00,0.0,0.08045288114115105,0.7137229360887114,-1947349.5041324326
2025-07-20 06:00:00,0.0,0.07653623880099729,0.7135907004106006,-1966618.4534053197
2025-07-20 07:00:00,0.24329148170675796,0.08540057329390208,0.7134583857162377,-1803642.2431633985
2025-07-20 08:00:00,0.47000305099338385,0.08685675074876277,0.7133259920736932,-1785814.5732430068
2025-07-20 09:00:00,0.6646846890715769,0.09203345529056756,0.7131935195510781,-1738617.3199286594
2025-07-20 10:00:00,0.8140691640329267,0.08594799898079201,0.7130609682165449,-1805753.6882761868
2025-07-20 11:00:00,0.9079761707783349,0.07078155488249849,0.7129283381382852,-1826471.9006460393
2025-07-20 12:00:00,0.9400061019867678,0.10626638286015964,0.7127956293845323,-1666645.55169041
2025-07-20 13:00:00,0.9079761707783349,0.10696184800330621,0.7126628420235592,-1634059.683329366
2025-07-20 14:00:00,0.8140691640329268,0.09599176980593085,0.7125299761236801,-1646835.5772636214
2025-07-20 15:00:00,0.664684689071577,0.08225983288144804,0.7123970317532489,-1715450.536449916
2025-07-20 16:00:00,0.47000305099338385,0.10500568069131085,0.7122640089806601,-1740306.3254907317
2025-07-20 17:00:00,0.24329148170675824,0.08309922350042011,0.7121309078743487,-1682378.6818776932
2025-07-20 18:00:00,1.1511754639770756e-16,0.09952360127067994,0.7119977285027898,-1867243.5420977818
2025-07-20 19:00:00,0.0,0.08153730909728797,0.7118644709344988,-1758533.808203857
2025-07-20 20:00:00,0.0,0.09910006383986211,0.7117311352380316,-1917121.9156476054
2025-07-20 21:00:00,0.0,0.08928781031346807,0.711597721481984,-1886211.4458411636
2025-07-20 22:00:00,0.0,0.08288374841197878,0.7114642297349917,-2036887.9622510476
2025-07-20 23:00:00,0.0,0.08933163920945345,0.7113306600657311,-2064240.77971624
2025-07-21 00:00:00,0.0,0.07654793335658736,0.7111970125429184,-1949084.2990298988
2025-07-21 01:00:00,0.0,0.09794080088775368,0.7110632872353101,-1908173.1418776258
2025-07-21 02:00:00,0.0,0.07842579967031839,0.7109294842117022,-1956692.0629062268
2025-07-21 03:00:00,0.0,0.08297406481653359,0.7107956035409311,-1831974.0143140324
2025-07-21 04:00:00,0.0,0.09272593020957487,0.7106616452918728,-1858469.9855611771
2025-07-21 05:00:00,0.0,0.08188756704960513,0.710527609533444,-1806418.0305989322
2025-07-21 06:00:00,0.0,0.07186998241564431,0.7103934963346004,-1851246.7944763321
2025-07-21 07:00:00,0.24221662106035052,0.10366801142959603,0.7102593057643376,-1779953.8417285935
2025-07-21 08:00:00,0.4679265796773304,0.10305795060802335,0.7101250378916917,-1730155.2988336892
2025-07-21 09:00:00,0.6617481151745354,0.08943773997059587,0.7099906927857378,-1895957.4383448844
2025-07-21 10:00:00,0.8104726102130628,0.06936398397676073,0.7098562705155913,-1667373.058275264
2025-07-21 11:00:00,0.903964736234886,0.09125024280143902,0.709721771150407,-1734353.281352679
2025-07-21 12:00:00,0.935853159354661,0.09753498013483106,0.7095871947593793,-1683488.5267671817
2025-07-21 13:00:00,0.903964736234886,0.10421343353947819,0.7094525414117425,-1737549.9195170992
2025-07-21 14:00:00,0.8104726102130629,0.1045099345912885,0.7093178111767704,-1710863.2013786603
2025-07-21 15:00:00,0.6617481151745355,0.06818253760678226,0.7091830041237762,-1713879.7751158713
2025-07-21 16:00:00,0.4679265796773304,0.10775646692051327,0.7090481203221126,-1661833.184921061
2025-07-21 17:00:00,0.24221662106035077,0.07922218536848584,0.7089131598411721,-1765325.371850936
2025-07-21 18:00:00,1.1460895760756234e-16,0.07364918464929884,0.7087781227503863,-1757667.7341530556
2025-07-21 19:00:00,0.0,0.0751980813748421,0.7086430091192266,-1908951.5245416611
2025-07-21 20:00:00,0.0,0.0821047412774476,0.7085078190172033,-1902020.6893379425
2025-07-21 21:00:00,0.0,0.093222768755921,0.7083725525138662,-1840861.4353312415
2025-07-21 22:00:00,0.0,0.09406180160195196,0.7082372096788048,-1864700.6202733542
2025-07-21 23:00:00,0.0,0.06772088426482317,0.7081017905816474,-1903856.9669403457
2025-07-22 00:00:00,0.0,0.10248910933481395,0.7079662952920618,-1981026.2296490343
2025-07-22 01:00:00,0.0,0.0775328709420469,0.7078307238797547,-2001551.0537935349
2025-07-22 02:00:00,0.0,0.08491655009946503,0.7076950764144723,-2006568.5712674477
2025-07-22 03:00:00,0.0,0.08206738085566205,0.7075593529659996,-2044792.2268108444
2025-07-22 04:00:00,0.0,0.08631145038644422,0.707423553604161,-1899322.6587081992
2025-07-22 05:00:00,0.0,0.1002566497517225,0.7072876783988198,-1965070.7529750033
2025-07-22 06:00:00,0.0,0.09210130026369467,0.7071517274198785,-1790700.8918406756
2025-07-22 07:00:00,0.24110833323607825,0.07578265272766269,0.7070157007372782,-1878381.6773232997
2025-07-22 08:00:00,0.4657855320124778,0.07715923158119922,0.7068795984209991,-1793336.893297938
2025-07-22 09:00:00,0.6587202165292135,0.10353583151339461,0.7067434205410607,-1773475.1905272827
2025-07-22 10:00:00,0.8067642068761114,0.10086351681038996,0.7066071671675207,-1764008.074409848
2025-07-22 11:00:00,0.8998285497652919,0.10121666018808038,0.7064708383704764,-1792217.6112095732
2025-07-22 12:00:00,0.9315710640249557,0.07680698218530235,0.7063344342200631,-1562451.1075500522
2025-07-22 13:00:00,0.8998285497652919,0.08927748117024088,0.7061979547864555,-1667221.6113710066
2025-07-22 14:00:00,0.8067642068761115,0.07617170208487406,0.7060614001398666,-1758689.3679820586
2025-07-22 15:00:00,0.6587202165292136,0.07002349196198251,0.7059247703505487,-1686021.846156631
2025-07-22 16:00:00,0.4657855320124778,0.10466314921383615,0.7057880654887918,-1753847.0410805023
2025-07-22 17:00:00,0.2411083332360785,0.07765729748450861,0.7056512856249253,-1670581.0119074408
2025-07-22 18:00:00,1.140845521736456e-16,0.07505219857630134,0.7055144308293171,-1823234.046529462
2025-07-22 19:00:00,0.0,0.08101255720331131,0.7053775011723733,-1897396.2310847929
2025-07-22 20:00:00,0.0,0.08907205287579448,0.7052404967245388,-1778302.0259146038
2025-07-22 21:00:00,0.0,0.09382893609396614,0.7051034175562969,-1893888.1118972576
2025-07-22 22:00:00,0.0,0.06759080170888136,0.7049662637381693,-1806350.299965796
2025-07-22 23:00:00,0.0,0.07299454826819676,0.704829035340716,-2054355.428869799
2025-07-23 00:00:00,0.0,0.0840331567032994,0.7046917324345359,-2109585.375223011
2025-07-23 01:00:00,0.0,0.10437393005453817,0.7045543550902654,-2023473.6935156754
2025-07-23 02:00:00,0.0,0.07424704216718249,0.7044169033785798,-2005968.9059462745
2025-07-23 03:00:00,0.0,0.0906737162324371,0.7042793773701926,-1935401.5730618418
2025-07-23 04:00:00,0.0,0.07505201954104439,0.7041417771358554,-1819625.5458491188
2025-07-23 05:00:00,0.0,0.09915628015220704,0.7040041027463577,-1812587.8367257921
2025-07-23 06:00:00,0.0,0.08162033593563058,0.7038663542725279,-1807291.2453559
2025-07-23 07:00:00,0.2399669466435423,0.08047454164483736,0.7037285317852315,-1940098.9721311824
2025-07-23 08:00:00,0.46358054243745667,0.09381035860360211,0.7035906353553731,-1861785.6987056637
2025-07-23 09:00:00,0.6556018903673274,0.10291298162978119,0.7034526650538948,-1844454.053063654
2025-07-23 10:00:00,0.802945052902015,0.09666109808560891,0.7033146209517767,-1638527.8561259564
2025-07-23 11:00:00,0.8955688370108698,0.07908493751542878,0.7031765031200371,-1552755.5248360331
2025-07-23 12:00:00,0.9271610848749134,0.08593432358647601,0.7030383116297317,-1712226.2951068112
2025-07-23 13:00:00,0.8955688370108698,0.07797095363504741,0.7029000465519548,-1663874.1608221966
2025-07-23 14:00:00,0.8029450529020151,0.07216707633705713,0.7027617079578383,-1792441.1902562797
2025-07-23 15:00:00,0.6556018903673275,0.10228210627348938,0.7026232959185518,-1578647.349584511
2025-07-23 16:00:00,0.46358054243745667,0.0659335057216746,0.7024848105053025,-1705223.2801247216
2025-07-23 17:00:00,0.23996694664354254,0.07256533774653699,0.7023462517893357,-1687820.5263473564
2025-07-23 18:00:00,1.13544485488605e-16,0.07475542106916633,0.7022076198419345,-1676843.6903136934
2025-07-23 19:00:00,0.0,0.07333716679040904,0.7020689147344192,-1814367.0211012894
2025-07-23 20:00:00,0.0,0.07538072589613404,0.7019301365381483,-1823458.959826488
2025-07-23 21:00:00,0.0,0.08917554818011801,0.7017912853245174,-1931718.598170667
2025-07-23 22:00:00,0.0,0.07901682200562997,0.7016523611649599,-1963800.9616355172
2025-07-23 23:00:00,0.0,0.0742542609702302,0.7015133641309466,-1801078.4096698097
2025-07-24 00:00:00,0.0,0.0704366667895624,0.7013742942939862,-1933464.1582873028
2025-07-24 01:00:00,0.0,0.08696791808090813,0.7012351517256245,-2092378.8618941812
2025-07-24 02:00:00,0.0,0.08683214552828919,0.7010959364974444,-1964629.0305340479
2025-07-24 03:00:00,0.0,0.08544434459591999,0.7009566486810668,-1971680.7527829742
2025-07-24 04:00:00,0.0,0.07879273965155041,0.7008172883481498,-2077606.2376695296
2025-07-24 05:00:00,0.0,0.06470076533428529,0.7006778555703888,-1888466.6224323313
2025-07-24 06:00:00,0.0,0.08100267738101932,0.7005383504195158,-1819991.7085207512
2025-07-24 07:00:00,0.2387927995002232,0.06672512991471935,0.7003987729673012,-1744170.0909322503
2025-07-24 08:00:00,0.4613122643382658,0.08939242878361156,0.7002591232855516,-1804419.7072579807
2025-07-24 09:00:00,0.6523940607162177,0.06871500916877646,0.7001194014461114,-1844924.5762227315
2025-07-24 10:00:00,0.7990162799885207,0.08447143915033438,0.6999796075208619,-1672422.9485191263
2025-07-24 11:00:00,0.891186860216441,0.08881229641532003,0.6998397415817212,-1700117.8138651007
2025-07-24 12:00:00,0.9226245286765317,0.0781108948998654,0.6996998037006449,-1693586.9708698113
2025-07-24 13:00:00,0.891186860216441,0.08763696262188896,0.6995597939496254,-1568926.1304321808
2025-07-24 14:00:00,0.7990162799885208,0.08440613619582385,0.699419712400692,-1536786.7456327812
2025-07-24 15:00:00,0.6523940607162179,0.09742433252189193,0.6992795591259114,-1731300.4731823488
2025-07-24 16:00:00,0.4613122643382658,0.09072198798643605,0.6991393341973864,-1671215.7466851682
2025-07-24 17:00:00,0.23879279950022345,0.09473928675525482,0.6989990376872572,-1714092.9626233664
2025-07-24 18:00:00,1.12988917585855e-16,0.09854551664753773,0.6988586696677009,-1753947.186292496
2025-07-24 19:00:00,0.0,0.06360478967075867,0.6987182302109312,-1856827.0560170328
2025-07-24 20:00:00,0.0,0.06977340414853278,0.6985777193891982,-1861150.1124218358
2025-07-24 21:00:00,0.0,0.07118636534154486,0.6984371372747896,-1977237.7494260182
2025-07-24 22:00:00,0.0,0.09413953389402287,0.698296483940029,-1992635.658662706
2025-07-24 23:00:00,0.0,0.08665251740393387,0.6981557594572767,-2148445.3252385515
2025-07-25 00:00:00,0.0,0.07235603616837125,0.6980149638989301,-1921740.707338256
2025-07-25 01:00:00,0.0,0.06767785639005364,0.6978740973374229,-1986855.0718602955
2025-07-25 02:00:00,0.0,0.08012951143219917,0.697733159845225,-1999438.207849416
2025-07-25 03:00:00,0.0,0.09016937828294717,0.6975921514948433,-1936765.9530285806
2025-07-25 04:00:00,0.0,0.09089960662176975,0.6974510723588209,-1926405.6703169171
2025-07-25 05:00:00,0.0,0.08928375281120698,0.6973099225097373,-1817633.5406566411
2025-07-25 06:00:00,0.0,0.07885628496027107,0.6971687020202086,-1874136.019011099
2025-07-25 07:00:00,0.23758623973125964,0.071194079602144,0.6970274109628868,-1766833.4193422757
2025-07-25 08:00:00,0.45898136985465926,0.09663510725497622,0.6968860494104608,-1863848.9286582833
2025-07-25 09:00:00,0.6490976781250408,0.0760914941467658,0.6967446174356552,-1808045.3185980965
2025-07-25 10:00:00,0.7949790523158322,0.07271647124054287,0.6966031151112311,-1788348.0510766262
2025-07-25 11:00:00,0.8866839178563005,0.06633320481303971,0.6964615425099859,-1747234.6261113943
2025-07-25 12:00:00,0.9179627397093186,0.06256428493217857,0.6963198997047528,-1469863.4488280183
2025-07-25 13:00:00,0.8866839178563005,0.07198795751590181,0.6961781867684015,-1586649.631950856
2025-07-25 14:00:00,0.7949790523158323,0.09661160862070006,0.6960364037738377,-1582273.6637200983
2025-07-25 15:00:00,0.6490976781250409,0.09646221498970704,0.6958945507940029,-1761479.2858090047
2025-07-25 16:00:00,0.45898136985465926,0.09764581397828344,0.6957526279018749,-1752263.5095760028
2025-07-25 17:00:00,0.2375862397312599,0.08514381441714286,0.6956106351704672,-1758822.8928725475
2025-07-25 18:00:00,1.124180130921552e-16,0.08511700431757763,0.6954685726728292,-1872993.5135939799
2025-07-25 19:00:00,0.0,0.06435243104099934,0.6953264404820468,-1780089.2105979917
2025-07-25 20:00:00,0.0,0.06637351515149469,0.6951842386712412,-1835368.3281452006
2025-07-25 21:00:00,0.0,0.06345077236866967,0.6950419673135692,-1854979.632007644
2025-07-25 22:00:00,0.0,0.0764842115812402,0.694899626482224,-2033593.006850683
2025-07-25 23:00:00,0.0,0.08797218448725361,0.6947572162504341,-1993257.422282638
2025-07-26 00:00:00,0.0,0.07113785319690995,0.6946147366914639,-2196790.978935924
2025-07-26 01:00:00,0.0,0.061489949245371094,0.6944721878786136,-2001349.337871319
2025-07-26 02:00:00,0.0,0.08756105265907932,0.6943295698852185,-2020331.6023070891
2025-07-26 03:00:00,0.0,0.07424515564745604,0.69418688278465,-1937468.428818594
2025-07-26 04:00:00,0.0,0.09505576866879344,0.694044126650315,-1862977.3675582074
2025-07-26 05:00:00,0.0,0.09246563879222358,0.6939013015556557,-1936911.3512247186
2025-07-26 06:00:00,0.0,0.08092950235162535,0.6937584075741499,-1980489.900520499
2025-07-26 07:00:00,0.23634762486635083,0.06449483172270265,0.6936154447793106,-2025815.8404162275
2025-07-26 08:00:00,0.45658854968097734,0.07798109252090929,0.6934724132446867,-1889198.1552120917
2025-07-26 09:00:00,0.6457137193830998,0.06638604788618517,0.6933293130438622,-1649929.0014655832
2025-07-26 10:00:00,0.7908345662016393,0.08831360457253683,0.6931861442504562,-1617240.297935929
2025-07-26 11:00:00,0.8820613442494508,0.08867869525949543,0.6930429069381235,-1719321.057837169
2025-07-26 12:00:00,0.9131770993619548,0.06194065200705156,0.6928996011805539,-1656710.9642001092
2025-07-26 13:00:00,0.8820613442494508,0.08334750735325082,0.6927562270514723,-1730470.2077825738
2025-07-26 14:00:00,0.7908345662016394,0.09503250900704883,0.692612784624639,-1563372.1288991948
2025-07-26 15:00:00,0.6457137193831,0.07783312153821303,0.6924692739738495,-1643134.0029288302
2025-07-26 16:00:00,0.45658854968097734,0.06259558653793373,0.6923256951729343,-1793583.9489506702
2025-07-26 17:00:00,0.23634762486635108,0.08936296867660706,0.6921820482957588,-1846801.4004352582
2025-07-26 18:00:00,1.1183194117882823e-16,0.060247469363268885,0.6920383334162235,-1801224.2121197355
2025-07-26 19:00:00,0.0,0.0813709900003482,0.691894550608264,-1827567.0018014417
2025-07-26 20:00:00,0.0,0.07737942726452902,0.6917506999458509,-1773350.6979316664
2025-07-26 21:00:00,0.0,0.07530429989333659,0.6916067815029895,-1983164.1078805334
2025-07-26 22:00:00,0.0,0.06753621597071328,0.69146279535372,-1940631.64564408
2025-07-26 23:00:00,0.0,0.09371716311288901,0.6913187415721176,-1984676.982530347
2025-07-27 00:00:00,0.0,0.06356293924442168,0.6911746202322921,-1904365.7556892456
2025-07-27 01:00:00,0.0,0.07973563583660963,0.6910304314083884,-1878769.1585107804
2025-07-27 02:00:00,0.0,0.07400424354771128,0.6908861751745854,-1909024.869279548
2025-07-27 03:00:00,0.0,0.07956796849222492,0.6907418516050976,-2043701.4194685211
2025-07-27 04:00:00,0.0,0.06737589968323865,0.6905974607741734,-1953337.0375487523
2025-07-27 05:00:00,0.0,0.06770303021974111,0.6904530027560963,-1870803.3081998462
2025-07-27 06:00:00,0.0,0.07300934003644959,0.6903084776251839,-1901960.7242601074
2025-07-27 07:00:00,0.23507732193381284,0.06456551845954232,0.6901638854557888,-1815553.7886611524
2025-07-27 08:00:00,0.45413451286147893,0.07852545908835391,0.6900192263222977,-1713944.190456396
2025-07-27 09:00:00,0.6422431872304023,0.06543896514577512,0.689874500299132,-1880234.0380475419
2025-07-27 10:00:00,0.7865840497466233,0.07072217701900589,0.6897297074607476,-1654610.4225388856
2025-07-27 11:00:00,0.8773205091642152,0.06997936445162249,0.6895848478816342,-1640566.3178143327
2025-07-27 12:00:00,0.908269025722958,0.0670150500702154,0.6894399216363166,-1769990.0431724987
2025-07-27 13:00:00,0.8773205091642152,0.07785328207598374,0.6892949287993536,-1709251.5494080961
2025-07-27 14:00:00,0.7865840497466234,0.07222682556818626,0.6891498694453378,-1601164.6303699168
2025-07-27 15:00:00,0.6422431872304024,0.08552138611014733,0.6890047436488967,-1708849.2943809677
2025-07-27 16:00:00,0.45413451286147893,0.08179297339708387,0.6888595514846916,-1639012.739442314
2025-07-27 17:00:00,0.2350773219338131,0.07245553383007544,0.688714293027418,-1720072.8589742295
2025-07-27 18:00:00,1.1123087551163056e-16,0.09002368535977054,0.6885689683518058,-1844225.4241044447
2025-07-27 19:00:00,0.0,0.06939347492735137,0.6884235775326184,-1864806.752051604
2025-07-27 20:00:00,0.0,0.07005848959792203,0.6882781206446537,-1989420.2564123303
2025-07-27 21:00:00,0.0,0.06892045037746636,0.6881325977627434,-1827821.475524692
2025-07-27 22:00:00,0.0,0.08322572981185268,0.6879870089617532,-2010224.4510970355
2025-07-27 23:00:00,0.0,0.08102311602403081,0.6878413543165828,-1981336.3512312334
2025-07-28 00:00:00,0.0,0.08954619676390017,0.6876956339021654,-2012780.531760354
2025-07-28 01:00:00,0.0,0.06040782854065038,0.6875498477934685,-1971855.4728332611
2025-07-28 02:00:00,0.0,0.06306654937101282,0.6874039960654932,-1919641.9592212779
2025-07-28 03:00:00,0.0,0.08434741620811878,0.6872580787932743,-1918649.5150684377
2025-07-28 04:00:00,0.0,0.08069299112664215,0.6871120960518804,-1941708.7393556994
2025-07-28 05:00:00,0.0,0.08485207997115429,0.6869660479164139,-1899592.2141246013
2025-07-28 06:00:00,0.0,0.06250275589583375,0.6868199344620104,-1834210.9320269225
2025-07-28 07:00:00,0.2337757073518199,0.08529841488414068,0.6866737557638397,-1763146.4743979087
2025-07-28 08:00:00,0.4516199865802361,0.08837083229341966,0.6865275118971046,-1766525.2628140526
2025-07-28 09:00:00,0.6386871100605251,0.06268897868189699,0.686381202937042,-1773598.0722040469
2025-07-28 10:00:00,0.7822287624705435,0.08607255913009551,0.6862348289589218,-1838867.8620270845
2025-07-28 11:00:00,0.8724628174123451,0.06235914452733809,0.6860883900380477,-1649791.4851181316
2025-07-28 12:00:00,0.9032399731604723,0.06869904637678224,0.6859418862497564,-1732279.9459826984
2025-07-28 13:00:00,0.8724628174123451,0.0654015800190773,0.6857953176694185,-1750697.1731449126
2025-07-28 14:00:00,0.7822287624705436,0.07009491127640098,0.6856486843724374,-1684840.298667628
2025-07-28 15:00:00,0.6386871100605253,0.06504752354424771,0.6855019864342502,-1675995.227862743
2025-07-28 16:00:00,0.4516199865802361,0.08391216838244667,0.6853552239303271,-1861238.5216995624
2025-07-28 17:00:00,0.23377570735182016,0.08170618062447262,0.6852083969361714,-1787896.7497807369
2025-07-28 18:00:00,1.1061499419929137e-16,0.08996287964356386,0.6850615055273198,-1831901.4229458892
2025-07-28 19:00:00,0.0,0.07478108471506753,0.6849145497793421,-1878614.2336423546
2025-07-28 20:00:00,0.0,0.08511581857641286,0.6847675297678409,-1931795.707664674
2025-07-28 21:00:00,0.0,0.06935544199866704,0.6846204455684524,-1789906.6873437935
2025-07-28 22:00:00,0.0,0.06477953156314319,0.6844732972568452,-1880289.911555363
2025-07-28 23:00:00,0.0,0.08254703047752118,0.6843260849087214,-1930990.6805961155
2025-07-29 00:00:00,0.0,0.07088331420218145,0.6841788085998158,-2079025.5458177924
2025-07-29 01:00:00,0.0,0.08140872929119672,0.6840314684058963,-2001799.7955804581
2025-07-29 02:00:00,0.0,0.07981194139718133,0.6838840644027633,-1909772.685280979
2025-07-29 03:00:00,0.0,0.07567457348089622,0.6837365966662503,-1853710.5213536043
2025-07-29 04:00:00,0.0,0.08667230915872108,0.6835890652722235,-2056705.7502112335
2025-07-29 05:00:00,0.0,0.08332206308825729,0.683441470296582,-1932440.6213215517
2025-07-29 06:00:00,0.0,0.08332579724900858,0.6832938118152575,-2005757.4735687282
2025-07-29 07:00:00,0.23244316681686386,0.06971741892718107,0.6831460899042141,-1857999.0959232254
2025-07-29 08:00:00,0.4490457159456539,0.07619345761307475,0.6829983046394491,-1782519.1238577568
2025-07-29 09:00:00,0.6350465416158801,0.06834240380690569,0.6828504560969919,-1711423.109719324
2025-07-29 10:00:00,0.7777699949390146,0.0876220144089269,0.6827025443529049,-1783487.3340286813
2025-07-29 11:00:00,0.8674897084327441,0.0800665354356962,0.6825545694832825,-1821046.0558519785
2025-07-29 12:00:00,0.8980914318913079,0.07594527966865054,0.6824065315642519,-1750860.73025112
2025-07-29 13:00:00,0.8674897084327441,0.08043954451489373,0.6822584306719727,-1849406.8453886914
2025-07-29 14:00:00,0.7777699949390147,0.07851971209737785,0.6821102668826367,-1669451.9921104612
2025-07-29 15:00:00,0.6350465416158803,0.07311161441191133,0.6819620402724687,-1716447.0580015946
2025-07-29 16:00:00,0.4490457159456539,0.05622126165094558,0.6818137509177247,-1683370.5155095607
2025-07-29 17:00:00,0.2324431668168641,0.07006666751383969,0.6816653988946939,-1761907.9697453761
2025-07-29 18:00:00,1.0998447974073534e-16,0.0614626060806897,0.6815169842796976,-1807114.2138894305
2025-07-29 19:00:00,0.0,0.06113278822452223,0.6813685071490894,-1864054.3637662337
2025-07-29 20:00:00,0.0,0.08319967653156603,0.6812199675792541,-1936785.2140583661
2025-07-29 21:00:00,0.0,0.07093964229568006,0.6810713656466099,-1867827.5840337193
2025-07-29 22:00:00,0.0,0.0846124103399463,0.6809227014276061,-1884352.296950581
2025-07-29 23:00:00,0.0,0.07716401521903127,0.680773974998725,-1927772.5409142217
2025-07-30 00:00:00,0.0,0.06505882939081792,0.6806251864364801,-1945983.4206368497
2025-07-30 01:00:00,0.0,0.05603850778496351,0.6804763358174171,-2140506.559600381
2025-07-30 02:00:00,0.0,0.054635391017141655,0.6803274232181137,-1899425.1233050912
2025-07-30 03:00:00,0.0,0.05925358138781134,0.6801784487151795,-1995551.9888758527
2025-07-30 04:00:00,0.0,0.08293326957431656,0.6800294123852559,-2008175.860711054
2025-07-30 05:00:00,0.0,0.07390212609337721,0.6798803143050162,-1933124.1063862161
2025-07-30 06:00:00,0.0,0.06441378295950302,0.6797311545511653,-1810511.4155669266
2025-07-30 07:00:00,0.23108009518946374,0.08256227680330551,0.6795819332004398,-1791187.3909491992
2025-07-30 08:00:00,0.44641246376967864,0.08385225626096679,0.6794326503296082,-1718357.838605021
2025-07-30 09:00:00,0.6313225606754674,0.05397984544753275,0.6792833060154705,-1564354.7366347124
2025-07-30 10:00:00,0.7732090683810842,0.055384941649159074,0.6791339003348584,-1728194.1105027364
2025-07-30 11:00:00,0.8624026558649314,0.08095287905510955,0.6789844333646352,-1699281.8187698
2025-07-30 12:00:00,0.8928249275393574,0.05930015791770742,0.6788349051816955,-1814815.7369384454
2025-07-30 13:00:00,0.8624026558649314,0.07347943365370384,0.6786853158629658,-1755285.8314856677
2025-07-30 14:00:00,0.7732090683810842,0.06998078619949051,0.6785356654854034,-1600061.278060301
2025-07-30 15:00:00,0.6313225606754675,0.06255234003947831,0.6783859541259979,-1764057.338532449
2025-07-30 16:00:00,0.44641246376967864,0.07621627967597731,0.6782361818617693,-1774599.428705078
2025-07-30 17:00:00,0.23108009518946399,0.055549990737081584,0.6780863487697698,-1695233.6116740142
2025-07-30 18:00:00,1.0933951897100416e-16,0.07827040512232786,0.6779364549270823,-1619118.5858209971
2025-07-30 19:00:00,0.0,0.07220956873981038,0.6777865004108213,-1953440.3971258448
2025-07-30 20:00:00,0.0,0.08208623492887442,0.6776364852981323,-1870461.3142021939
2025-07-30 21:00:00,0.0,0.05553097323670604,0.677486409666192,-2046475.7555542404
2025-07-30 22:00:00,0.0,0.07436608811420796,0.6773362735922086,-1953431.2117783774
2025-07-30 23:00:00,0.0,0.06552787891328969,0.6771860771534206,-1947864.9403649655
2025-07-31 00:00:00,0.0,0.06214379744904496,0.6770358204270983,-1870377.567748433
2025-07-31 01:00:00,0.0,0.05776592333846031,0.6768855034905429,-1936784.0856329084
2025-07-31 02:00:00,0.0,0.058921896834994616,0.6767351264210861,-1896836.2973628766
2025-07-31 03:00:00,0.0,0.062367256654316056,0.6765846892960912,-2048513.7832270756
2025-07-31 04:00:00,0.0,0.08203395457808456,0.6764341921929518,-1928678.836732233
2025-07-31 05:00:00,0.0,0.05314119297213291,0.6762836351890926,-1880182.9384356728
2025-07-31 06:00:00,0.0,0.06071566019092416,0.6761330183619696,-1840589.661692207
2025-07-31 07:00:00,0.2296868963771602,0.0706833204005909,0.6759823417890686,-1798819.442117068
2025-07-31 08:00:00,0.4437210103417601,0.06136079086738058,0.6758316055479068,-1824638.4448005336
2025-07-31 09:00:00,0.6275162707352095,0.06253414455229116,0.675680809716032,-1725858.7810024929
2025-07-31 10:00:00,0.7685473342977238,0.06871012573494847,0.6755299543710226,-1687665.8926761644
2025-07-31 11:00:00,0.8572031671123698,0.0567507595315043,0.6753790395904876,-1587001.461999148
2025-07-31 12:00:00,0.8874420206835203,0.07392701087797203,0.6752280654520666,-1723549.5910968177
2025-07-31 13:00:00,0.8572031671123698,0.05514804620545766,0.6750770320334297,-1700729.6969905682
2025-07-31 14:00:00,0.7685473342977238,0.07557168395790499,0.6749259394122776,-1635585.4354422472
2025-07-31 15:00:00,0.6275162707352097,0.06334645318648882,0.6747747876663415,-1761942.3328983819
2025-07-31 16:00:00,0.4437210103417601,0.07291841682201099,0.6746235768733826,-1734892.4597910566
2025-07-31 17:00:00,0.22968689637716042,0.0675230653258513,0.674472307111193,-1817133.1069109733
2025-07-31 18:00:00,1.0868030300589324e-16,0.0743626805281447,0.6743209784575949,-1723165.9922608703
2025-07-31 19:00:00,0.0,0.0772820054656786,0.6741695909904408,-1894212.8038201358
2025-07-31 20:00:00,0.0,0.08172685614199826,0.6740181447876135,-1857737.3701364528
2025-07-31 21:00:00,0.0,0.06097208015870498,0.6738666399270259,-1960935.2612204477
2025-07-31 22:00:00,0.0,0.07396036872355205,0.6737150764866212,-1957688.5615065661
2025-07-31 23:00:00,0.0,0.06008888856419495,0.6735634545443728,-1942530.1227842201
2025-08-01 00:00:00,0.0,0.06309974924277864,0.6734117741782842,-1982409.8075428284
2025-08-01 01:00:00,0.0,0.07519508213781907,0.6732600354663886,-2029733.6589556935
2025-08-01 02:00:00,0.0,0.05827170229095788,0.6731082384867497,-2002944.4265048897
2025-08-01 03:00:00,0.0,0.052280581906190074,0.6729563833174607,-2061093.9931205453
2025-08-01 04:00:00,0.0,0.07425446124791889,0.6728044700366451,-1954481.7134108013
2025-08-01 05:00:00,0.0,0.053556976170130624,0.6726524987224564,-1916148.0820267189
2025-08-01 06:00:00,0.0,0.0797845891756166,0.6725004694530775,-1882157.4217019603
2025-08-01 07:00:00,0.22826398321482913,0.07001015458685948,0.6723483823067213,-1782815.6032861972
2025-08-01 08:00:00,0.44097215319763566,0.07418871146510435,0.6721962373616308,-1713889.1465727165
2025-08-01 09:00:00,0.6236287996809625,0.05672451576095529,0.6720440346960782,-1777018.700931767
2025-08-01 10:00:00,0.7637861740613516,0.07112848123462001,0.6718917743883659,-1917647.453083894
2025-08-01 11:00:00,0.8518927828957918,0.07308221305605964,0.6717394565168258,-1739161.0231271537
2025-08-01 12:00:00,0.8819443063952714,0.06426334829976342,0.6715870811598189,-1706376.1180424283
2025-08-01 13:00:00,0.8518927828957918,0.07141202624182776,0.6714346483957364,-1685356.0056725228
2025-08-01 14:00:00,0.7637861740613516,0.07856152613455382,0.6712821583029991,-1695990.041789995
2025-08-01 15:00:00,0.6236287996809626,0.05435022826667712,0.6711296109600567,-1613645.6667057313
2025-08-01 16:00:00,0.44097215319763566,0.0765485306398059,0.6709770064453888,-1764192.4253142711
2025-08-01 17:00:00,0.22826398321482938,0.07466979542383897,0.6708243448375044,-1729354.2661982938
2025-08-01 18:00:00,1.0800702718532018e-16,0.07878438150544285,0.6706716262149417,-1879838.2088481025
2025-08-01 19:00:00,0.0,0.06112305344156176,0.6705188506562682,-1790697.6678842634
2025-08-01 20:00:00,0.0,0.06414642948012929,0.670366018240081,-1871759.3886910453
2025-08-01 21:00:00,0.0,0.07840498448832567,0.670213129045006,-1935245.5747258812
2025-08-01 22:00:00,0.0,0.07173356961529388,0.6700601831496987,-1928430.6636982586
2025-08-01 23:00:00,0.0,0.07520640560616501,0.6699071806328436,-1840096.5651342256
2025-08-02 00:00:00,0.0,0.055328072627724594,0.6697541215731544,-1941760.462132111
2025-08-02 01:00:00,0.0,0.06942758186705505,0.6696010060493739,-1944699.3069234078
2025-08-02 02:00:00,0.0,0.07097079871416201,0.6694478341402736,-1965547.1128678774
2025-08-02 03:00:00,0.0,0.06219732955320816,0.6692946059246548,-1966933.6742742916
2025-08-02 04:00:00,0.0,0.06940739999032022,0.6691413214813468,-1945621.1262617377
2025-08-02 05:00:00,0.0,0.07162394650755892,0.6689879808892085,-1932709.7644615506
2025-08-02 06:00:00,0.0,0.050136153710161405,0.6688345842271275,-1770209.0042623214
2025-08-02 07:00:00,0.2268117773423494,0.05437603807785383,0.66868113157402,-1814133.2166881994
2025-08-02 08:00:00,0.438166706883002,0.064953572437898,0.6685276230088315,-1765476.242776033
2025-08-02 09:00:00,0.619661299454298,0.0718545033646913,0.6683740586105359,-1635169.6432945686
2025-08-02 10:00:00,0.7589269985064993,0.06836094933123948,0.6682204384581358,-1635644.458172045
2025-08-02 11:00:00,0.8464730767966475,0.07058319448476849,0.668066762630663,-1532582.3347842246
2025-08-02 12:00:00,0.8763334137660042,0.07157949125133263,0.667913031207177,-1698842.5565784173
2025-08-02 13:00:00,0.8464730767966475,0.04944034274871709,0.6677592442667669,-1590475.0522532472
2025-08-02 14:00:00,0.7589269985064994,0.06295963068448124,0.6676054018885496,-1722615.5418482404
2025-08-02 15:00:00,0.6196612994542982,0.051380090421265935,0.6674515041516711,-1655013.9027776823
2025-08-02 16:00:00,0.438166706883002,0.05534225703648715,0.6672975511353054,-1716702.303645549
2025-08-02 17:00:00,0.22681177734234964,0.054103182870019355,0.6671435429186552,-1800045.95859149
2025-08-02 18:00:00,1.07319891015441e-16,0.06073427357504868,0.6669894795809516,-1737964.5642790964
2025-08-02 19:00:00,0.0,0.06597130154366508,0.6668353612014539,-1802438.5140121866
2025-08-02 20:00:00,0.0,0.061203558499667944,0.6666811878594502,-1863641.7983792874
2025-08-02 21:00:00,0.0,0.07084607652346704,0.6665269596342559,-1815332.5091522185
2025-08-02 22:00:00,0.0,0.0684454794767134,0.6663726766052156,-1966171.7540623907
2025-08-02 23:00:00,0.0,0.07706082225132033,0.6662183388517017,-1767104.1749995
2025-08-03 00:00:00,0.0,0.06668063283518355,0.6660639464531147,-1877421.2265107974
2025-08-03 01:00:00,0.0,0.04949762990951538,0.6659094994888833,-1968413.2283596734
2025-08-03 02:00:00,0.0,0.05736721791257576,0.6657549980384644,-2021665.1453052864
2025-08-03 03:00:00,0.0,0.05607786191193186,0.6656004421813426,-1798156.0920784487
2025-08-03 04:00:00,0.0,0.05970278155127049,0.6654458319970308,-1829408.9083973034
2025-08-03 05:00:00,0.0,0.051442963039467916,0.6652911675650697,-2113113.756253951
2025-08-03 06:00:00,0.0,0.04925975017846417,0.6651364489650281,-1864820.6909201546
2025-08-03 07:00:00,0.2253307090796623,0.053507446131097425,0.6649816762765023,-1793941.0369632063
2025-08-03 08:00:00,0.4353055027121489,0.055591951020673616,0.6648268495791166,-1777144.0696324967
2025-08-03 09:00:00,0.6156149457111592,0.05583833583298634,0.6646719689525233,-1654339.0200565602
2025-08-03 10:00:00,0.7539712475117537,0.061968565589673376,0.6645170344764022,-1701518.5637596808
2025-08-03 11:00:00,0.8409456547908215,0.06447048808402937,0.6643620462304609,-1596342.4842574238
2025-08-03 12:00:00,0.8706110054242979,0.056283131857155104,0.6642070042944346,-1678861.5404413303
2025-08-03 13:00:00,0.8409456547908215,0.05516629522460525,0.6640519087480861,-1682611.8604289521
2025-08-03 14:00:00,0.7539712475117538,0.04968666547168411,0.6638967596712058,-1587534.868820113
2025-08-03 15:00:00,0.6156149457111593,0.0710486763379322,0.6637415571436119,-1802627.7786741373
2025-08-03 16:00:00,0.4353055027121489,0.04949310351527278,0.6635863012451497,-1812198.994552182
2025-08-03 17:00:00,0.22533070907966254,0.05550189318562707,0.6634309920556922,-1869939.2825058065
2025-08-03 18:00:00,1.0661909810953254e-16,0.06582826812442137,0.6632756296551396,-1804108.5295546658
2025-08-03 19:00:00,0.0,0.0664414674017843,0.6631202141234199,-1696539.8541074838
2025-08-03 20:00:00,0.0,0.07309642432591718,0.662964745540488,-1718916.1069580032
2025-08-03 21:00:00,0.0,0.05746242294977767,0.6628092239863261,-1907267.1796706917
2025-08-03 22:00:00,0.0,0.06028635222369613,0.662653649540944,-1977412.0961253727
2025-08-03 23:00:00,0.0,0.05953986570540603,0.6624980222843785,-1857811.9657819069
2025-08-04 00:00:00,0.0,0.06169437393409266,0.6623423422966934,-2073385.2388161481
2025-08-04 01:00:00,0.0,0.05326527229700423,0.66218660965798,-1947176.1648249931
2025-08-04 02:00:00,0.0,0.054334957118442655,0.6620308244483564,-2013468.3356759385
2025-08-04 03:00:00,0.0,0.050479279273086944,0.6618749867479679,-1935935.798636073
2025-08-04 04:00:00,0.0,0.05865277930300157,0.6617190966369867,-1945949.5210016149
2025-08-04 05:00:00,0.0,0.07268870581848033,0.6615631541956121,-1917140.2629522523
2025-08-04 06:00:00,0.0,0.04821012718123089,0.66140715950407,-1888160.8926315138
2025-08-04 07:00:00,0.22382121729925808,0.053895350055106275,0.6612511126426135,-1860201.2795324693
2025-08-04 08:00:00,0.4323893885216219,0.06672891435252341,0.6610950136915229,-2022177.9758037713
2025-08-04 09:00:00,0.6114909374734872,0.05497372624122337,0.6609388627311041,-1853577.0052346548
2025-08-04 10:00:00,0.7489203895730883,0.05365403225374421,0.6607826598416908,-1705695.3445014863
2025-08-04 11:00:00,0.8353121547727453,0.04762459267750846,0.6606264051036433,-1640690.7028770067
2025-08-04 12:00:00,0.8647787770432439,0.053611278699007975,0.6604700985973483,-1608981.4816841795
2025-08-04 13:00:00,0.8353121547727453,0.05443589951060282,0.6603137404032191,-1634462.686757267
2025-08-04 14:00:00,0.7489203895730884,0.07134718429727357,0.6601573306016957,-1753323.2657130642
2025-08-04 15:00:00,0.6114909374734873,0.05849462546651507,0.6600008692732449,-1610053.6480599246
2025-08-04 16:00:00,0.4323893885216219,0.06749482797750221,0.6598443564983597,-1742961.476165556
2025-08-04 17:00:00,0.2238212172992583,0.06398405351084441,0.6596877923575595,-1670158.297834619
2025-08-04 18:00:00,1.0590485612765712e-16,0.0560567881756598,0.6595311769313903,-1769947.575792326
2025-08-04 19:00:00,0.0,0.07076482629010875,0.6593745103004246,-1708149.3137406164
2025-08-04 20:00:00,0.0,0.06771786810004564,0.659217792545261,-1956004.878421882
2025-08-04 21:00:00,0.0,0.07271133803255554,0.6590610237465244,-1965307.6438910658
2025-08-04 22:00:00,0.0,0.05715697342786568,0.6589042039848663,-1892356.941664025
2025-08-04 23:00:00,0.0,0.056062875502379,0.6587473333409639,-1996933.1633491868
2025-08-05 00:00:00,0.0,0.06548039150369549,0.658590411895521,-2100644.6559409094
2025-08-05 01:00:00,0.0,0.05627304772046196,0.6584334397292675,-1823752.9291643533
2025-08-05 02:00:00,0.0,0.06223859333206894,0.658276416922959,-2030224.980368826
2025-08-05 03:00:00,0.0,0.05538232390844027,0.6581193435573776,-1935401.9203420347
2025-08-05 04:00:00,0.0,0.06081202534892122,0.6579622197133312,-1995255.7151851614
2025-08-05 05:00:00,0.0,0.06080969532249741,0.6578050454716539,-1878114.1328768318
2025-08-05 06:00:00,0.0,0.053085571743639696,0.6576478209132053,-1913506.0547974056
2025-08-05 07:00:00,0.2222837492961287,0.05066815572665689,0.6574905461188711,-1817530.7924878078
2025-08-05 08:00:00,0.42941922841899044,0.060603516655048206,0.657333221169563,-1819326.761674263
2025-08-05 09:00:00,0.6072904967739263,0.06094382517502255,0.6571758461462184,-1735826.4609982509
2025-08-05 10:00:00,0.7437759213687166,0.05904909118221379,0.6570184211298004,-1697269.9534154588
2025-08-05 11:00:00,0.8295742460700551,0.06588518127792099,0.6568609462012979,-1582077.3784091277
2025-08-05 12:00:00,0.858838456837981,0.06001564296851858,0.6567034214417253,-1721531.5828178006
2025-08-05 13:00:00,0.8295742460700551,0.06670588422532756,0.6565458469321228,-1692298.186059627
2025-08-05 14:00:00,0.7437759213687167,0.0502380274608231,0.6563882227535562,-1711717.9936603643
2025-08-05 15:00:00,0.6072904967739264,0.04831362576959436,0.6562305489871167,-1674924.5549960786
2025-08-05 16:00:00,0.42941922841899044,0.05910591539751451,0.6560728257139214,-1841438.8888664795
2025-08-05 17:00:00,0.22228374929612896,0.06484657904821736,0.6559150530151124,-1747137.4102861655
2025-08-05 18:00:00,1.0517737671512857e-16,0.06330537164089667,0.6557572309718575,-1894876.7211725735
2025-08-05 19:00:00,0.0,0.05430461536666952,0.6555993596653497,-1746507.9843370894
2025-08-05 20:00:00,0.0,0.06548483036317507,0.6554414391768075,-1928977.9592468182
2025-08-05 21:00:00,0.0,0.06129518003777387,0.6552834695874747,-1946376.5849072277
2025-08-05 22:00:00,0.0,0.04974020063667896,0.6551254509786202,-1844531.2633221364
2025-08-05 23:00:00,0.0,0.062074195752719385,0.6549673834315384,-1977240.7640830807
2025-08-06 00:00:00,0.0,0.060140392629240536,0.6548092670275486,-1952089.9570248793
2025-08-06 01:00:00,0.0,0.0685454545140211,0.6546511018479955,-1968103.5434055144
2025-08-06 02:00:00,0.0,0.04630200998459172,0.6544928879742484,-2043652.852040626
2025-08-06 03:00:00,0.0,0.05268581422829416,0.6543346254877024,-2059525.211460481
2025-08-06 04:00:00,0.0,0.060505146825212144,0.6541763144697769,-1967106.9735792743
2025-08-06 05:00:00,0.0,0.05021654878771649,0.6540179550019167,-1969387.61447273
2025-08-06 06:00:00,0.0,0.044033273806668737,0.6538595471655912,-1995261.7587188373
2025-08-06 07:00:00,0.22071876065522492,0.04780711321691171,0.6537010910422952,-1993837.5248197108
2025-08-06 08:00:00,0.42639590252679443,0.04378828215909257,0.6535425867135478,-1773826.6347847998
2025-08-06 09:00:00,0.603014868293709,0.057563494716697285,0.6533840342608932,-1725305.3726661298
2025-08-06 10:00:00,0.7385393673155947,0.06492279665973404,0.6532254337659003,-1875392.166034873
2025-08-06 11:00:00,0.823733628948934,0.0594000905893593,0.6530667853101625,-1613633.2840834288
2025-08-06 12:00:00,0.852791805053589,0.05956806823801284,0.6529080889752982,-1721470.9557552903
2025-08-06 13:00:00,0.823733628948934,0.06066353029792179,0.6527493448429502,-1754721.5328690228
2025-08-06 14:00:00,0.7385393673155948,0.06353882267795273,0.6525905529947864,-1704557.0591617515
2025-08-06 15:00:00,0.6030148682937091,0.049074842025877,0.6524317135124984,-1721239.7053991128
2025-08-06 16:00:00,0.42639590252679443,0.05511824686185094,0.6522728264778028,-1616207.100616719
2025-08-06 17:00:00,0.22071876065522517,0.06274512641667346,0.6521138919724406,-1819422.8971817512
2025-08-06 18:00:00,1.0443687543979714e-16,0.05138310081034293,0.6519549100781773,-1786540.982424706
2025-08-06 19:00:00,0.0,0.049518494088288095,0.6517958808768027,-1871346.9310607037
2025-08-06 20:00:00,0.0,0.05390599797599438,0.6516368044501308,-1833678.5765359758
2025-08-06 21:00:00,0.0,0.051043601224717385,0.6514776808800005,-1971192.6433716645
2025-08-06 22:00:00,0.0,0.06751699520561685,0.6513185102482739,-1910419.0127533535
2025-08-06 23:00:00,0.0,0.0648093056607061,0.6511592926368381,-1905149.1963576516
2025-08-07 00:00:00,0.0,0.052027488899055924,0.6510000281276044,-1955334.8640993068
2025-08-07 01:00:00,0.0,0.04429527443705731,0.6508407168025079,-1974204.2004011797
2025-08-07 02:00:00,0.0,0.06590812860418836,0.6506813587435076,-2060071.1629217973
2025-08-07 03:00:00,0.0,0.05972364017042845,0.6505219540325871,-2115630.3723526816
2025-08-07 04:00:00,0.0,0.04437588854238889,0.6503625027517537,-1777570.3983774495
2025-08-07 05:00:00,0.0,0.061979672078153275,0.6502030049830386,-1793492.7202235793
2025-08-07 06:00:00,0.0,0.04583526750584294,0.6500434608084973,-1920137.8217884584
2025-08-07 07:00:00,0.21912671511645618,0.05333502195686083,0.6498838703102083,-1781894.3869431317
2025-08-07 08:00:00,0.42332030672174437,0.04398245512619112,0.6497242335702751,-1763015.4961021878
2025-08-07 09:00:00,0.5986653189938294,0.045611130502594896,0.6495645506708239,-1851806.7762033436
2025-08-07 10:00:00,0.7332122791177023,0.06380870871707868,0.6494048216940056,-1723565.2254492461
2025-08-07 11:00:00,0.8177920341102857,0.04858045375045173,0.649245046721994,-1607880.0271262706
2025-08-07 12:00:00,0.8466406134434888,0.048801869708592564,0.6490852258369871,-1606106.6926291578
2025-08-07 13:00:00,0.8177920341102857,0.05229760973583181,0.6489253591212063,-1671631.4332981114
2025-08-07 14:00:00,0.7332122791177023,0.0456956715380557,0.6487654466568965,-1670576.253797514
2025-08-07 15:00:00,0.5986653189938295,0.059705685022636026,0.6486054885263264,-1724602.3802963137
2025-08-07 16:00:00,0.42332030672174437,0.05285399233648933,0.6484454848117881,-1709726.1741598274
2025-08-07 17:00:00,0.2191267151164564,0.06403155469915928,0.6482854355955968,-1823638.0142778538
2025-08-07 18:00:00,1.0368357172817202e-16,0.06591878638001752,0.6481253409600916,-1921491.0935028405
2025-08-07 19:00:00,0.0,0.04991769564254605,0.6479652009876347,-1758272.9906682242
2025-08-07 20:00:00,0.0,0.054543429711950434,0.6478050157606116,-1767806.3043581564
2025-08-07 21:00:00,0.0,0.04806825803011952,0.6476447853614314,-1795199.6929013687
2025-08-07 22:00:00,0.0,0.0645885520279386,0.6474845098725261,-1958319.6698463801
2025-08-07 23:00:00,0.0,0.06373101453145077,0.647324189376351,-2037785.5301137026
2025-08-08 00:00:00,0.0,0.05829917159515821,0.6471638239553845,-1911160.7440494841
2025-08-08 01:00:00,0.0,0.04170776101526954,0.6470034136921283,-2061484.0548456116
2025-08-08 02:00:00,0.0,0.06243019923757414,0.6468429586691071,-1984471.06879023
2025-08-08 03:00:00,0.0,0.05900109768499806,0.6466824589688683,-1973389.667272277
2025-08-08 04:00:00,0.0,0.05274504283735763,0.6465219146739827,-1982894.209477038
2025-08-08 05:00:00,0.0,0.058341640929926046,0.646361325867044,-1962677.6888954362
2025-08-08 06:00:00,0.0,0.04845825904111822,0.6462006926306686,-1915686.9885314652
2025-08-08 07:00:00,0.21750808443727476,0.049965732114905945,0.6460400150474959,-1814412.0031204913
2025-08-08 08:00:00,0.4201933523692541,0.05699146359287497,0.6458792932001879,-1749589.3714632695
2025-08-08 09:00:00,0.594243137739616,0.046790488530172286,0.6457185271714296,-1791784.5322361728
2025-08-08 10:00:00,0.7277962353062404,0.04225051456617076,0.645557717043929,-1749213.1517443673
2025-08-08 11:00:00,0.8117512221768909,0.04225483604634063,0.645396862900416,-1640571.2081935615
2025-08-08 12:00:00,0.8403867047385083,0.05317982183913736,0.6452359648236439,-1740200.882739525
2025-08-08 13:00:00,0.8117512221768909,0.04279706992358424,0.6450750228963882,-1858133.1737874856
2025-08-08 14:00:00,0.7277962353062405,0.040897028949249244,0.6449140372014469,-1709267.6362964648
2025-08-08 15:00:00,0.5942431377396161,0.048064059902807606,0.6447530078216411,-1802755.7878228063
2025-08-08 16:00:00,0.4201933523692541,0.04837981611140155,0.6445919348398136,-1766133.749438412
2025-08-08 17:00:00,0.21750808443727498,0.048865752037199006,0.64443081833883,-1801962.4973446266
2025-08-08 18:00:00,1.029176888004006e-16,0.04505291494200362,0.6442696584015785,-1734483.1587608405
2025-08-08 19:00:00,0.0,0.0510812247816656,0.6441084551109694,-1701818.6394165852
2025-08-08 20:00:00,0.0,0.05315460490375356,0.6439472085499349,-1983087.4598675172
2025-08-08 21:00:00,0.0,0.05368342329650393,0.6437859188014304,-1782206.6259322823
2025-08-08 22:00:00,0.0,0.04164538540417504,0.6436245859484327,-1894927.1241110407
2025-08-08 23:00:00,0.0,0.06255793163538018,0.6434632100739412,-1946009.947434803
2025-08-09 00:00:00,0.0,0.049667128250118174,0.6433017912609773,-2062131.1849100753
2025-08-09 01:00:00,0.0,0.062078710735536974,0.6431403295925844,-2038531.0673213995
2025-08-09 02:00:00,0.0,0.04845558000660123,0.6429788251518284,-1992504.2147446466
2025-08-09 03:00:00,0.0,0.04632656508638829,0.6428172780217962,-2041968.1141844355
2025-08-09 04:00:00,0.0,0.048408307945098275,0.6426556882855979,-1904859.2342067743
2025-08-09 05:00:00,0.0,0.06192171759615742,0.6424940560263648,-1938877.8200373831
2025-08-09 06:00:00,0.0,0.04483640164523354,0.6423323813272502,-1971932.5132268053
2025-08-09 07:00:00,0.2158633482528838,0.05030355207804382,0.6421706642714291,-1805212.6908064773
2025-08-09 08:00:00,0.41701596605338337,0.06254921156885503,0.6420089049420985,-1855831.0200062972
2025-08-09 09:00:00,0.589749634918813,0.05322537696070594,0.6418471034224771,-1764648.3007916762
2025-08-09 10:00:00,0.7222928407718783,0.0495150549714693,0.6416852597958055,-1716675.1095769722
2025-08-09 11:00:00,0.8056129831716969,0.04985825522096594,0.6415233741453453,-1712474.2900368879
2025-08-09 12:00:00,0.8340319321067668,0.04007924746497066,0.6413614465543807,-1668753.38895293
2025-08-09 13:00:00,0.8056129831716969,0.040114745769795984,0.6411994771062165,-1509961.0957789142
2025-08-09 14:00:00,0.7222928407718783,0.050881600443725916,0.6410374658841796,-1857700.5318228276
2025-08-09 15:00:00,0.589749634918813,0.054888083974980975,0.6408754129716185,-1647244.516077119
2025-08-09 16:00:00,0.41701596605338337,0.04086463282148867,0.6407133184519027,-1834630.4911824996
2025-08-09 17:00:00,0.21586334825288403,0.04897382377464077,0.6405511824084233,-1669188.6094902987
2025-08-09 18:00:00,1.0213945360412347e-16,0.04557567238133764,0.6403890049245929,-1869746.6813389875
2025-08-09 19:00:00,0.0,0.055578729576507085,0.6402267860838454,-1673497.8762153834
2025-08-09 20:00:00,0.0,0.05008259131371218,0.6400645259696357,-1883726.6134315259
2025-08-09 21:00:00,0.0,0.04124485495405406,0.6399022246654402,-1866206.6260566397
2025-08-09 22:00:00,0.0,0.05317969484318463,0.6397398822547564,-2001322.7460255113
2025-08-09 23:00:00,0.0,0.06111283809046917,0.6395774988211029,-1965524.7186666958
2025-08-10 00:00:00,0.0,0.0592298199816807,0.6394150744480195,-1954229.365564612
2025-08-10 01:00:00,0.0,0.04633971993844482,0.639252609219067,-1914008.668779003
2025-08-10 02:00:00,0.0,0.05447975706802384,0.6390901032178273,-1933397.7970424534
2025-08-10 03:00:00,0.0,0.060576062069863414,0.6389275565279031,-1930646.4473796836
2025-08-10 04:00:00,0.0,0.04430107840486479,0.6387649692329184,-1892893.141996031
2025-08-10 05:00:00,0.0,0.055537938815200805,0.6386023414165175,-1818725.149572051
2025-08-10 06:00:00,0.0,0.05788789494373095,0.6384396731623662,-1780694.8184980452
2025-08-10 07:00:00,0.2141929939341111,0.053974084906850475,0.6382769645541505,-1813851.669989074
2025-08-10 08:00:00,0.41378908930227126,0.05588741157132904,0.6381142156755777,-1771636.8517417123
2025-08-10 09:00:00,0.5851861420532838,0.05211435617316144,0.6379514266103753,-1731286.0234034162
2025-08-10 10:00:00,0.7167037262891893,0.04264328297779427,0.6377885974422921,-1613506.0361460075
2025-08-10 11:00:00,0.799379135987395,0.0540427619847286,0.637625728255097,-1657838.5981180724
2025-08-10 12:00:00,0.8275781786045426,0.039562975025572836,0.6374628191325794,-1503982.1554908862
2025-08-10 13:00:00,0.799379135987395,0.0399741869884567,0.6372998701585499,-1656616.5964424433
2025-08-10 14:00:00,0.7167037262891893,0.03940483447631975,0.637136881416839,-1719856.8686549475
2025-08-10 15:00:00,0.5851861420532839,0.05798900447074804,0.6369738529912982,-1755312.6828252636
2025-08-10 16:00:00,0.41378908930227126,0.046082388611829464,0.6368107849657985,-1762637.587605304
2025-08-10 17:00:00,0.21419299393411131,0.055380643290312406,0.6366476774242322,-1711524.9622789498
2025-08-10 18:00:00,1.0134909674722497e-16,0.05444675337321954,0.6364845304505116,-1722000.9791912246
2025-08-10 19:00:00,0.0,0.056442324532139744,0.6363213441285691,-1897445.5534161734
2025-08-10 20:00:00,0.0,0.051093761361166834,0.6361581185423578,-1826144.8696116416
2025-08-10 21:00:00,0.0,0.05231937308022882,0.6359948537758504,-1948328.1356077858
2025-08-10 22:00:00,0.0,0.05483120511349735,0.6358315499130404,-1956853.0361153567
2025-08-10 23:00:00,0.0,0.05042964143699594,0.6356682070379407,-1865799.3124541366
2025-08-11 00:00:00,0.0,0.042682366327287294,0.635504825234585,-1935138.9108619299
2025-08-11 01:00:00,0.0,0.04457424908782817,0.6353414045870265,-1904338.0084340568
2025-08-11 02:00:00,0.0,0.04898167878439986,0.6351779451793387,-2096165.160578986
2025-08-11 03:00:00,0.0,0.056496117681222396,0.6350144470956147,-1927674.510706701
2025-08-11 04:00:00,0.0,0.04254369675419917,0.6348509104199678,-2016997.2281187228
2025-08-11 05:00:00,0.0,0.04456127696605974,0.634687335236531,-1836153.6781074558
2025-08-11 06:00:00,0.0,0.0497049602432768,0.6345237216294574,-1929601.4097967492
2025-08-11 07:00:00,0.21249751644299048,0.039403089164409766,0.6343600696829194,-1756610.219616844
2025-08-11 08:00:00,0.4105136783091409,0.04782191489740537,0.6341963794811093,-1746265.0738735981
2025-08-11 09:00:00,0.580554011404453,0.04858238675318295,0.6340326511082394,-1735067.0422214821
2025-08-11 10:00:00,0.7110305480334178,0.03676989877529044,0.6338688846485412,-1656968.697323962
2025-08-11 11:00:00,0.7930515278474435,0.04444348760622665,0.633705080186266,-1704502.6472154143
2025-08-11 12:00:00,0.8210273566182819,0.04489197936525832,0.6335412378056848,-1571059.3042542723
2025-08-11 13:00:00,0.7930515278474435,0.047774983813820934,0.6333773575910877,-1609720.1396499977
2025-08-11 14:00:00,0.7110305480334179,0.03935807924199806,0.6332134396267844,-1679879.21015913
2025-08-11 15:00:00,0.580554011404453,0.049554051081889885,0.6330494839971046,-1723232.6310793704
2025-08-11 16:00:00,0.4105136783091409,0.040388819727840336,0.6328854907863963,-1806778.1158916778
2025-08-11 17:00:00,0.2124975164429907,0.041329509703365123,0.6327214600790279,-1731591.2988185114
2025-08-11 18:00:00,1.0054685242949913e-16,0.054852228460510605,0.6325573919593862,-1682644.2051637934
2025-08-11 19:00:00,0.0,0.056610416330183315,0.632393286511878,-1938576.506284348
2025-08-11 20:00:00,0.0,0.041315979728603604,0.632229143820929,-1970107.5645917736
2025-08-11 21:00:00,0.0,0.044329631131883915,0.6320649639709837,-1893731.9216834458
2025-08-11 22:00:00,0.0,0.05601150718162389,0.6319007470465062,-1878367.5526041528
2025-08-11 23:00:00,0.0,0.047961383514572985,0.6317364931319797,-2108181.109072621
2025-08-12 00:00:00,0.0,0.050064916575248565,0.631572202311906,-1950288.7831448223
2025-08-12 01:00:00,0.0,0.04226658743926892,0.6314078746708062,-1981952.2500511804
2025-08-12 02:00:00,0.0,0.05645063128781104,0.6312435102932202,-1984676.751449645
2025-08-12 03:00:00,0.0,0.04860950501133116,0.6310791092637074,-1972322.9076457731
2025-08-12 04:00:00,0.0,0.056366411591085366,0.6309146716668448,-1863905.5902585553
2025-08-12 05:00:00,0.0,0.049241225466978414,0.6307501975872292,-1880840.4032264466
2025-08-12 06:00:00,0.0,0.03693180892204381,0.6305856871094759,-1815627.1515518024
2025-08-12 07:00:00,0.210777418186094,0.056295663271569985,0.6304211403182194,-1929332.5441467941
2025-08-12 08:00:00,0.40719070364895865,0.03871217328213054,0.6302565572981117,-1730457.8574397943
2025-08-12 09:00:00,0.5758546155726011,0.05524711821196187,0.6300919381338246,-1658687.3038096894
2025-08-12 10:00:00,0.7052749870897183,0.04731718473617224,0.6299272829100478,-1794293.525197331
2025-08-12 11:00:00,0.7866320337586952,0.040130488720478405,0.6297625917114902,-1663802.611405593
2025-08-12 12:00:00,0.8143814072979174,0.04136536681023174,0.6295978646228784,-1706336.8246334027
2025-08-12 13:00:00,0.7866320337586952,0.03860131299823457,0.629433101728958,-1737073.8599293602
2025-08-12 14:00:00,0.7052749870897184,0.04391340426709087,0.629268303114493,-1605326.006131556
2025-08-12 15:00:00,0.5758546155726012,0.0470942514608247,0.6291034688642656,-1645682.3207182335
2025-08-12 16:00:00,0.40719070364895865,0.04313542186728382,0.6289385990630765,-1692707.9143751473
2025-08-12 17:00:00,0.21077741818609422,0.04789701829056567,0.6287736937957444,-1844705.5721642617
2025-08-12 18:00:00,9.973295837325115e-17,0.04246769153469263,0.6286087531471066,-1723148.7623131494
2025-08-12 19:00:00,0.0,0.03524450428058823,0.6284437772020184,-1866154.2503381367
2025-08-12 20:00:00,0.0,0.04285835514360792,0.6282787660453534,-1854127.171518713
2025-08-12 21:00:00,0.0,0.046658853978781466,0.628113719762003,-1939772.7219176986
2025-08-12 22:00:00,0.0,0.04922083027491546,0.6279486384368771,-1920955.1942080697
2025-08-12 23:00:00,0.0,0.05102202030115086,0.6277835221549033,-1968451.9268900566
2025-08-13 00:00:00,0.0,0.03645988953219472,0.6276183710010274,-2005533.454190561
2025-08-13 01:00:00,0.0,0.04965885605730299,0.6274531850602129,-1957997.3820938098
2025-08-13 02:00:00,0.0,0.04923048080826193,0.6272879644174414,-1925010.3363958097
2025-08-13 03:00:00,0.0,0.03943564347620255,0.6271227091577122,-1908685.8709228965
2025-08-13 04:00:00,0.0,0.04203913830289659,0.6269574193660428,-1814581.8673651002
2025-08-13 05:00:00,0.0,0.04695821313483336,0.6267920951274679,-1981852.925888536
2025-08-13 06:00:00,0.0,0.04931359858913378,0.6266267365270404,-1896467.4926436413
2025-08-13 07:00:00,0.20903320886565785,0.0451093206717362,0.6264613436498304,-1796216.801307249
2025-08-13 08:00:00,0.4038211499908319,0.04289006174732643,0.626295916580926,-1768503.600244261
2025-08-13 09:00:00,0.5710893470901344,0.03427968352732435,0.6261304554054328,-1832878.081788191
2025-08-13 10:00:00,0.6994387489550132,0.0434312587618874,0.6259649602084738,-1756255.500494828
2025-08-13 11:00:00,0.7801225559557923,0.03395482023723943,0.6257994310751901,-1622170.7196274796
2025-08-13 12:00:00,0.8076422999816639,0.050830642021177964,0.6256338680907393,-1616410.6558905256
2025-08-13 13:00:00,0.7801225559557923,0.04861799372202896,0.625468271340297,-1715219.6599464342
2025-08-13 14:00:00,0.6994387489550132,0.03855395238332966,0.6253026409090563,-1618664.5249026532
2025-08-13 15:00:00,0.5710893470901345,0.04525845219762999,0.6251369768822272,-1611996.4063172576
2025-08-13 16:00:00,0.4038211499908319,0.03887015673367464,0.6249712793450375,-1630569.4671791294
2025-08-13 17:00:00,0.20903320886565807,0.03988832109022933,0.6248055483827315,-1690851.3020200017
2025-08-13 18:00:00,9.890765575285512e-17,0.0528703441408252,0.6246397840805713,-1836509.8554673232
2025-08-13 19:00:00,0.0,0.0528054214340489,0.6244739865238361,-1944437.0544055789
2025-08-13 20:00:00,0.0,0.05193209313475975,0.6243081557978222,-1790596.4676010297
2025-08-13 21:00:00,0.0,0.03669428117540835,0.6241422919878424,-1891111.111546687
2025-08-13 22:00:00,0.0,0.048916604006838844,0.6239763951792274,-1897090.1010657176
2025-08-13 23:00:00,0.0,0.0372108781728916,0.6238104654573241,-1875368.409551413
2025-08-14 00:00:00,0.0,0.04036292974684019,0.6236445029074971,-1966195.658740612
2025-08-14 01:00:00,0.0,0.051926023976561424,0.6234785076151271,-2004016.9582374091
2025-08-14 02:00:00,0.0,0.052306306498774574,0.6233124796656123,-2022374.9828089587
2025-08-14 03:00:00,0.0,0.04968794109093794,0.6231464191443671,-1866197.4121639985
2025-08-14 04:00:00,0.0,0.04391282902989651,0.6229803261368233,-1895012.0474444597
2025-08-14 05:00:00,0.0,0.03324848866350221,0.622814200728429,-1991651.2275067614
2025-08-14 06:00:00,0.0,0.05066175119415901,0.6226480430046488,-1889750.0119306378
2025-08-14 07:00:00,0.2072654053285469,0.04548431307578991,0.6224818530509646,-1754977.9843990828
2025-08-14 08:00:00,0.40040601580623064,0.045237776817692844,0.622315630952874,-1784921.825978497
2025-08-14 09:00:00,0.5662596180089473,0.039821317456248846,0.6221493767958922,-1658568.4042116322
2025-08-14 10:00:00,0.6935235630326185,0.036632316245915134,0.6219830906655497,-1706899.9215275496
2025-08-14 11:00:00,0.7735250233374943,0.03691566112390077,0.6218167726473944,-1710797.8810161354
2025-08-14 12:00:00,0.8008120316124614,0.03769426920637404,0.62165042282699,-1771251.391898027
2025-08-14 13:00:00,0.7735250233374943,0.0368149228492317,0.621484041289917,-1745413.6376841113
2025-08-14 14:00:00,0.6935235630326185,0.049031445541970836,0.6213176281217718,-1707365.5215251264
2025-08-14 15:00:00,0.5662596180089473,0.04245044534518902,0.6211511834081676,-1636352.390487515
2025-08-14 16:00:00,0.40040601580623064,0.04006928808207364,0.6209847072347334,-1750843.1315824278
2025-08-14 17:00:00,0.20726540532854712,0.05136900584642397,0.6208181996871144,-1795194.9246599935
2025-08-14 18:00:00,9.807118912328898e-17,0.0337352402844413,0.6206516608509722,-1868478.6258724188
2025-08-14 19:00:00,0.0,0.048147529277799264,0.6204850908119842,-1818082.4202137096
2025-08-14 20:00:00,0.0,0.032570761499600684,0.6203184896558444,-1847265.7504435629
2025-08-14 21:00:00,0.0,0.04920503072165487,0.6201518574682617,-1908708.5251062054
2025-08-14 22:00:00,0.0,0.047897165336683215,0.6199851943349624,-1935088.7728911657
2025-08-14 23:00:00,0.0,0.03682893809316501,0.6198185003416874,-1827985.1531740825
2025-08-15 00:00:00,0.0,0.0464585853264742,0.6196517755741944,-1903496.3695383836
2025-08-15 01:00:00,0.0,0.03201988015893677,0.6194850201182568,-2030866.7473099942
2025-08-15 02:00:00,0.0,0.04574506409395593,0.619318234059663,-1967828.1913960034
2025-08-15 03:00:00,0.0,0.04692330403769704,0.6191514174842183,-1971781.3274484694
2025-08-15 04:00:00,0.0,0.03580715446445295,0.6189845704777427,-1935711.2879232215
2025-08-15 05:00:00,0.0,0.0440644254108781,0.6188176931260727,-1880640.3458358876
2025-08-15 06:00:00,0.0,0.0494410833632544,0.6186507855150597,-1801807.0449858306
2025-08-15 07:00:00,0.20547453141310146,0.045983861427838446,0.618483847730571,-1981878.3505553745
2025-08-15 08:00:00,0.3969463130731183,0.03168207419429052,0.6183168798584895,-1779222.4296832175
2025-08-15 09:00:00,0.5613668594820005,0.03428529620649006,0.6181498819847134,-1719758.7634762712
2025-08-15 10:00:00,0.6875311821197829,0.03696795446961904,0.6179828541951565,-1589602.7522585825
2025-08-15 11:00:00,0.7668413908951021,0.03690709725482743,0.6178157965757479,-1558074.2126193857
2025-08-15 12:00:00,0.7938926261462367,0.03745046745361567,0.617648709212432,-1638033.2494593353
2025-08-15 13:00:00,0.7668413908951021,0.03348240365249718,0.6174815921911683,-1669227.6441911361
2025-08-15 14:00:00,0.687531182119783,0.038745618758469894,0.6173144455979321,-1663998.4470466867
2025-08-15 15:00:00,0.5613668594820006,0.047919423966267985,0.6171472695187135,-1705541.7733567697
2025-08-15 16:00:00,0.3969463130731183,0.046901198669166,0.616980064039518,-1946083.6447758991
2025-08-15 17:00:00,0.20547453141310168,0.046534292526595605,0.6168128292463658,-1718838.2583962516
2025-08-15 18:00:00,9.722380634766751e-17,0.04894276694249296,0.6166455652252929,-1746533.2997314397
2025-08-15 19:00:00,0.0,0.03998602794537576,0.6164782720623496,-1962414.3664890165
2025-08-15 20:00:00,0.0,0.031102076824430343,0.6163109498436018,-1967477.4402266387
2025-08-15 21:00:00,0.0,0.04859509357833857,0.6161435986551299,-1902972.6828554666
2025-08-15 22:00:00,0.0,0.04285409991831518,0.6159762185830293,-1906851.8429931125
2025-08-15 23:00:00,0.0,0.04878545862891935,0.6158088097134105,-1993108.7097040943
2025-08-16 00:00:00,0.0,0.046935360587609665,0.6156413721323984,-1955605.3920086937
2025-08-16 01:00:00,0.0,0.04852767509074807,0.6154739059261334,-2016765.168448631
2025-08-16 02:00:00,0.0,0.040042239867794684,0.6153064111807697,-2003116.7119588098
2025-08-16 03:00:00,0.0,0.040288165064,0.6151388879824766,-2080781.157055619
2025-08-16 04:00:00,0.0,0.04710915585722761,0.6149713364174384,-1932378.8050653536
2025-08-16 05:00:00,0.0,0.046814237416051084,0.6148037565718534,-1895482.720675793
2025-08-16 06:00:00,0.0,0.04634764294415072,0.6146361485319348,-1821510.9084187844
2025-08-16 07:00:00,0.2036611177939129,0.03999527541352049,0.6144685123839102,-1785857.5999795694
2025-08-16 08:00:00,0.39344306697608117,0.041076601093842355,0.6143008482140216,-1800246.5778199725
2025-08-16 09:00:00,0.55641252133924,0.03929623970724811,0.6141331561085255,-1837843.1287976776
2025-08-16 10:00:00,0.6814633818882974,0.04345079223251291,0.613965436153693,-1705910.3961462937
2025-08-16 11:00:00,0.760073639133153,0.038736892836805314,0.6137976884358091,-1608639.1325277593
2025-08-16 12:00:00,0.7868861339521624,0.03460964581059136,0.6136299130411731,-1725165.4495620958
2025-08-16 13:00:00,0.760073639133153,0.03228244025210268,0.613462110056099,-1540715.751771227
2025-08-16 14:00:00,0.6814633818882974,0.04618223247384453,0.6132942795669146,-1809583.020944863
2025-08-16 15:00:00,0.5564125213392401,0.03800055908977927,0.6131264216599619,-1833186.8062094082
2025-08-16 16:00:00,0.39344306697608117,0.03167920940355682,0.6129585364215971,-1639612.8600436312
2025-08-16 17:00:00,0.20366111779391313,0.03053649419566744,0.6127906239381903,-1654586.7981574847
2025-08-16 18:00:00,9.636575852379511e-17,0.04205953527620082,0.6126226842961259,-1807180.8826685776
2025-08-16 19:00:00,0.0,0.03538644756668385,0.612454717581802,-1800458.53187673
2025-08-16 20:00:00,0.0,0.0387089983097969,0.6122867238816307,-1891859.6475187654
2025-08-16 21:00:00,0.0,0.045877712580826555,0.6121187032820384,-1875873.0682409566
2025-08-16 22:00:00,0.0,0.03343157725720535,0.6119506558694644,-2000785.7819149862
2025-08-16 23:00:00,0.0,0.03886375460554199,0.6117825817303627,-1928069.4035216202
2025-08-17 00:00:00,0.0,0.04241014883095474,0.6116144809512005,-2017581.2021312513
2025-08-17 01:00:00,0.0,0.040055136282259055,0.6114463536184592,-1927901.2131372574
2025-08-17 02:00:00,0.0,0.04211969074562953,0.6112781998186332,-2035968.4964113717
2025-08-17 03:00:00,0.0,0.03773710042172555,0.6111100196382311,-1935096.9442066753
2025-08-17 04:00:00,0.0,0.03749883444373911,0.6109418131637748,-1919231.892447947
2025-08-17 05:00:00,0.0,0.039611002283951285,0.6107735804817999,-1940405.0310460688
2025-08-17 06:00:00,0.0,0.03690266126293911,0.6106053216788552,-1817476.6379785787
2025-08-17 07:00:00,0.20182570182457332,0.040042869025215665,0.6104370368415032,-1813798.0431441837
2025-08-17 08:00:00,0.3898973156025442,0.040523457643070665,0.6102687260563195,-1675878.974407519
2025-08-17 09:00:00,0.551398071657981,0.040642660813148,0.6101003894098935,-1681324.7759672066
2025-08-17 10:00:00,0.6753219603583241,0.045819083685593814,0.6099320269888278,-1707187.8456313366
2025-08-17 11:00:00,0.7532237734825544,0.04593264577765648,0.6097636388797375,-1655085.892678579
2025-08-17 12:00:00,0.7797946312050885,0.030631024859569096,0.609595225169252,-1658646.4789173633
2025-08-17 13:00:00,0.7532237734825544,0.03509911711833038,0.6094267859440132,-1745698.6269382343
2025-08-17 14:00:00,0.6753219603583243,0.030455507198283677,0.6092583212906765,-1559071.705761909
2025-08-17 15:00:00,0.551398071657981,0.03784535589761213,0.6090898312959102,-1672720.26340617
2025-08-17 16:00:00,0.3898973156025442,0.033126454470019696,0.6089213160463954,-1725026.41634132
2025-08-17 17:00:00,0.20182570182457354,0.04505605789898152,0.6087527756288269,-1782340.851014364
2025-08-17 18:00:00,9.549729990976025e-17,0.03737866341009532,0.6085842101299114,-1731969.129432518
2025-08-17 19:00:00,0.0,0.04380848242536256,0.6084156196363693,-1797963.1998808791
2025-08-17 20:00:00,0.0,0.030879963363025145,0.6082470042349337,-1844297.7529037027
2025-08-17 21:00:00,0.0,0.04092681181119645,0.6080783640123507,-2001314.913339105
2025-08-17 22:00:00,0.0,0.03796821885858022,0.6079096990553784,-2063973.7871161234
2025-08-17 23:00:00,0.0,0.033490789597093756,0.6077410094507885,-1791120.17200025
2025-08-18 00:00:00,0.0,0.03316625873318963,0.6075722952853649,-1873420.524906507
2025-08-18 01:00:00,0.0,0.04131959496246836,0.6074035566459046,-2053343.2856049363
2025-08-18 02:00:00,0.0,0.03831253195001139,0.6072347936192164,-1923420.9975320508
2025-08-18 03:00:00,0.0,0.04392641061761893,0.6070660062921223,-1972346.0656094009
2025-08-18 04:00:00,0.0,0.032997926719859516,0.6068971947514565,-1899859.7698695816
2025-08-18 05:00:00,0.0,0.02904958973125781,0.606728359084066,-1891565.3084641672
2025-08-18 06:00:00,0.0,0.04412519384634192,0.60655949937681,-1753281.8377031453
2025-08-18 07:00:00,0.19996882737844587,0.043351328428667825,0.6063906157165596,-1907950.6671440548
2025-08-18 08:00:00,0.38631010963516277,0.04200231327258656,0.606221708190199,-1718894.3614592082
2025-08-18 09:00:00,0.5463249963278844,0.03639425399903939,0.6060527768846243,-1706923.7439599691
2025-08-18 10:00:00,0.6691087373656053,0.027873794168779442,0.6058838218867441,-1574591.2510639832
2025-08-18 11:00:00,0.7462938237063305,0.0348504142053698,0.6057148432834786,-1743753.2914661705
2025-08-18 12:00:00,0.7726202192703256,0.040608708555313566,0.6055458411617606,-1600670.9785989702
2025-08-18 13:00:00,0.7462938237063305,0.0403006278903139,0.605376815608535,-1610625.8320701031
2025-08-18 14:00:00,0.6691087373656054,0.03409377013599941,0.6052077667107585,-1695956.880148182
2025-08-18 15:00:00,0.5463249963278846,0.04230973022320907,0.6050386945554004,-1627930.4013786044
2025-08-18 16:00:00,0.38631010963516277,0.03923877757366723,0.6048695992294411,-1748199.1747047345
2025-08-18 17:00:00,0.1999688273784461,0.04315154138708743,0.6047004808198734,-1694184.6667227347
2025-08-18 18:00:00,9.461868784859305e-17,0.042901299865402115,0.6045313394137021,-1670571.0923741304
2025-08-18 19:00:00,0.0,0.04268560253660608,0.6043621750979437,-1776032.5251016729
2025-08-18 20:00:00,0.0,0.030809069676703257,0.6041929879596263,-1803322.7002007007
2025-08-18 21:00:00,0.0,0.02888156187164801,0.60402377808579,-1926910.312902517
2025-08-18 22:00:00,0.0,0.038279361332756306,0.6038545455634864,-2086918.9932813896
2025-08-18 23:00:00,0.0,0.04244842608512365,0.6036852904797787,-1838343.9568161943
2025-08-19 00:00:00,0.0,0.029624478156088853,0.6035160129217422,-2027577.9933929155
2025-08-19 01:00:00,0.0,0.04057764647190371,0.6033467129764631,-1969778.1951147008
2025-08-19 02:00:00,0.0,0.03644498583309798,0.6031773907310398,-2005250.8674315512
2025-08-19 03:00:00,0.0,0.04136396324884549,0.6030080462725814,-1802616.241560252
2025-08-19 04:00:00,0.0,0.039393381737274885,0.602838679688209,-1808936.3143386773
2025-08-19 05:00:00,0.0,0.0386903682659584,0.602669291065055,-1882067.4929303364
2025-08-19 06:00:00,0.0,0.03592000265697869,0.6024998804902629,-1757777.2441210435
2025-08-19 07:00:00,0.19809104468750363,0.03944987069427234,0.6023304480509878,-1923239.3489254466
2025-08-19 08:00:00,0.38268251204048337,0.03796557227520754,0.6021609938343957,-1930398.5421261233
2025-08-19 09:00:00,0.5411947986106569,0.03478050861444395,0.601991517927664,-1743325.4328267758
2025-08-19 10:00:00,0.6628255540222059,0.032228459738346045,0.6018220204179814,-1714837.6400808003
2025-08-19 11:00:00,0.7392858432981606,0.027524775428298554,0.6016525013925477,-1584283.303118007
2025-08-19 12:00:00,0.7653650240809668,0.03420767365063287,0.6014829609385732,-1779502.7168017784
2025-08-19 13:00:00,0.7392858432981606,0.03215238540179814,0.60131339914328,-1651893.4522729893
2025-08-19 14:00:00,0.662825554022206,0.036593180073155866,0.6011438160939007,-1646575.8340374504
2025-08-19 15:00:00,0.5411947986106569,0.034138611201547986,0.6009742118776792,-1745850.1075142275
2025-08-19 16:00:00,0.38268251204048337,0.027158865720132166,0.6008045865818696,-1671518.2135775082
2025-08-19 17:00:00,0.19809104468750385,0.03228666552417963,0.6006349402937378,-1922424.5699645753
2025-08-19 18:00:00,9.37301826920093e-17,0.04161219554806652,0.6004652731005596,-1730934.6044863283
2025-08-19 19:00:00,0.0,0.02736975436153463,0.6002955850896223,-1945959.6034918749
2025-08-19 20:00:00,0.0,0.03428440702616461,0.6001258763482236,-1968371.8722957522
2025-08-19 21:00:00,0.0,0.03326053971533642,0.5999561469636714,-2010180.2325072594
2025-08-19 22:00:00,0.0,0.027195926611485694,0.5997863970232852,-1979862.9853442456
2025-08-19 23:00:00,0.0,0.04093340159580795,0.599616626614394,-2027954.3219642024
2025-08-20 00:00:00,0.0,0.039000866082910084,0.5994468358243381,-1958184.6703309633
2025-08-20 01:00:00,0.0,0.035393396503577236,0.5992770247404682,-1995062.9064885518
2025-08-20 02:00:00,0.0,0.03720707318472767,0.5991071934501452,-1970321.3561986361
2025-08-20 03:00:00,0.0,0.037176686557505965,0.5989373420407403,-1876551.0169624477
2025-08-20 04:00:00,0.0,0.02763150981176169,0.5987674705996355,-1863313.7316953044
2025-08-20 05:00:00,0.0,0.029128888048920422,0.5985975792142226,-2004203.0780564772
2025-08-20 06:00:00,0.0,0.03473733316895429,0.5984276679719042,-1761678.0300544496
2025-08-20 07:00:00,0.19619291017928372,0.029629947586075997,0.5982577369600925,-1640744.17505146
2025-08-20 08:00:00,0.37901559775396315,0.033980384450819454,0.5980877862662103,-1802745.195660179
2025-08-20 09:00:00,0.5360089986946003,0.03785023605535354,0.5979178159776904,-1765612.2735575882
2025-08-20 10:00:00,0.6564742721709527,0.03731854505398257,0.5977478261819759,-1769561.0534256997
2025-08-20 11:00:00,0.7322019088738841,0.025885834236713114,0.5975778169665195,-1662278.3476884211
2025-08-20 12:00:00,0.7580311955079264,0.0314768221708537,0.5974077884187841,-1680441.8094718216
2025-08-20 13:00:00,0.7322019088738841,0.03951941940999463,0.5972377406262427,-1788953.9097315297
2025-08-20 14:00:00,0.6564742721709528,0.03175780652119383,0.5970676736763779,-1613752.7777233694
2025-08-20 15:00:00,0.5360089986946004,0.03390512663919639,0.5968975876566825,-1747076.8482794708
2025-08-20 16:00:00,0.37901559775396315,0.033814330210051126,0.5967274826546589,-1721641.1228619085
2025-08-20 17:00:00,0.19619291017928395,0.028481666317688194,0.5965573587578192,-1699818.3782737348
2025-08-20 18:00:00,9.283204772326236e-17,0.03553405962640289,0.5963872160536854,-1958163.0625323073
2025-08-20 19:00:00,0.0,0.03466747723336226,0.596217054629789,-1906911.2276319612
2025-08-20 20:00:00,0.0,0.035195463767786324,0.5960468745736714,-1821143.9794529607
2025-08-20 21:00:00,0.0,0.02707004845903657,0.5958766759728833,-1848087.9489312454
2025-08-20 22:00:00,0.0,0.035472956567816114,0.595706458914985,-1997203.5360782428
2025-08-20 23:00:00,0.0,0.03164567341236483,0.5955362234875464,-2062993.693010253
2025-08-21 00:00:00,0.0,0.039367981269329666,0.5953659697781468,-1874593.0026611972
2025-08-21 01:00:00,0.0,0.036695859526899945,0.595195697874375,-2039685.5008093142
2025-08-21 02:00:00,0.0,0.026060915987598285,0.595025407863829,-2076911.4265245164
2025-08-21 03:00:00,0.0,0.030759686955732085,0.594855099834116,-1844400.3872057286
2025-08-21 04:00:00,0.0,0.026939954041902126,0.5946847738728528,-1944066.830345112
2025-08-21 05:00:00,0.0,0.03600332631363877,0.5945144300676651,-1833028.2009669896
2025-08-21 06:00:00,0.0,0.03360131564626539,0.5943440685061883,-1767310.6069511282
2025-08-21 07:00:00,0.19427498631200615,0.03771311010508712,0.5941736892760664,-1779065.737348586
2025-08-21 08:00:00,0.3753104533614439,0.03552068525304887,0.5940032924649525,-1786667.461017246
2025-08-21 09:00:00,0.530769133244149,0.03325307830692985,0.5938328781605094,-1746896.7145477901
2025-08-21 10:00:00,0.6500567738337305,0.02741980781774028,0.5936624464504079,-1837739.637840443
2025-08-21 11:00:00,0.7250441195561552,0.03789692734004599,0.5934919974223284,-1616803.1543684923
2025-08-21 12:00:00,0.750620906722888,0.037494204553474283,0.5933215311639604,-1643632.3512194182
2025-08-21 13:00:00,0.7250441195561552,0.03390337583793246,0.5931510477630015,-1705405.3817893867
2025-08-21 14:00:00,0.6500567738337305,0.03396733544513685,0.5929805473071589,-1747224.01284789
2025-08-21 15:00:00,0.5307691332441491,0.03621278708070995,0.5928100298841481,-1600872.6560179177
2025-08-21 16:00:00,0.3753104533614439,0.03314409762068176,0.5926394955816935,-1688855.2978830545
2025-08-21 17:00:00,0.19427498631200635,0.035541719887582056,0.5924689444875283,-1791279.1361752623
2025-08-21 18:00:00,9.192454907912688e-17,0.03423469999824527,0.5922983766893941,-1665285.8409680917
2025-08-21 19:00:00,0.0,0.03780771488352073,0.5921277922750411,-1989504.5644890051
2025-08-21 20:00:00,0.0,0.029748268003660056,0.591957191332228,-1839084.2232788224
2025-08-21 21:00:00,0.0,0.02792967937554563,0.5917865739487225,-1758140.25686789
2025-08-21 22:00:00,0.0,0.028778036503035793,0.5916159402123,-1961873.7001354476
2025-08-21 23:00:00,0.0,0.026269493880527735,0.5914452902107451,-2014322.4288088526
2025-08-22 00:00:00,0.0,0.032519415179985606,0.5912746240318502,-2022971.7513384707
2025-08-22 01:00:00,0.0,0.02930637031270308,0.5911039417634162,-1999777.8383853838
2025-08-22 02:00:00,0.0,0.024001831408520722,0.5909332434932523,-1873864.9384815835
2025-08-22 03:00:00,0.0,0.026288472971086427,0.5907625293091759,-1956836.9726864717
2025-08-22 04:00:00,0.0,0.026589907195342818,0.5905917992990126,-1823322.6347261379
2025-08-22 05:00:00,0.0,0.034838337583144904,0.5904210535505964,-1822197.3862931998
2025-08-22 06:00:00,0.0,0.026486197683674363,0.5902502921517685,-1860998.0370330312
2025-08-22 07:00:00,0.19233784140790486,0.028363893005578306,0.5900795151903792,-1857151.8149268234
2025-08-22 08:00:00,0.3715681767771725,0.031165984997257576,0.5899087227542864,-1653790.1765139345
2025-08-22 09:00:00,0.5254767549445211,0.02547050480515909,0.5897379149313559,-1784089.3725749466
2025-08-22 10:00:00,0.643574960653797,0.02609297552977104,0.5895670918094613,-1667078.47253056
2025-08-22 11:00:00,0.7178145963524261,0.02589189642470729,0.5893962534764846,-1752111.1901462786
2025-08-22 12:00:00,0.7431363535543452,0.028606445060443454,0.589225400020315,-1678568.431110231
2025-08-22 13:00:00,0.7178145963524261,0.03212188718871852,0.5890545315288501,-1530358.6963032382
2025-08-22 14:00:00,0.6435749606537972,0.030733379841172914,0.5888836480899944,-1699385.4030448573
2025-08-22 15:00:00,0.5254767549445212,0.030409027950073615,0.5887127497916608,-1657101.1081094139
2025-08-22 16:00:00,0.3715681767771725,0.02489320002668135,0.5885418367217695,-1742945.0393250177
2025-08-22 17:00:00,0.19233784140790505,0.03380942348756288,0.5883709089682486,-1644053.4075660459
2025-08-22 18:00:00,9.100795567103647e-17,0.0273206074508713,0.5881999666190335,-1873792.450344827
2025-08-22 19:00:00,0.0,0.025371381347210564,0.5880290097620672,-1832008.0862471962
2025-08-22 20:00:00,0.0,0.02975439110393647,0.5878580384853,-1894510.9913756712
2025-08-22 21:00:00,0.0,0.032404124385707264,0.58768705287669,-1885731.6232883842
2025-08-22 22:00:00,0.0,0.032228894023721005,0.5875160530242025,-2022476.3492184018
2025-08-22 23:00:00,0.0,0.03591963068134198,0.5873450390158096,-1948701.922373823
2025-08-23 00:00:00,0.0,0.03312852600517513,0.5871740109394914,-2010332.0939517405
2025-08-23 01:00:00,0.0,0.026686013858283442,0.587002968883235,-2000547.8930097448
2025-08-23 02:00:00,0.0,0.023213193140231722,0.5868319129350347,-1908506.5293739524
2025-08-23 03:00:00,0.0,0.030316418453356794,0.5866608431828919,-1969418.8085282575
2025-08-23 04:00:00,0.0,0.03404783827760984,0.5864897597148151,-1739783.919185657
2025-08-23 05:00:00,0.0,0.035548666701004004,0.5863186626188199,-1966839.4084360334
2025-08-23 06:00:00,0.0,0.02779127431841479,0.5861475519829291,-1893484.451326767
2025-08-23 07:00:00,0.19038204948482204,0.030131317972343086,0.5859764278951718,-1808434.0071335842
2025-08-23 08:00:00,0.367789876918466,0.02406433966810219,0.5858052904435848,-1844148.7582803234
2025-08-23 09:00:00,0.520133432041626,0.027050809079202983,0.5856341397162116,-1739808.4667167736
2025-08-23 10:00:00,0.6370307533322871,0.03339353824978502,0.5854629758011017,-1525619.03797074
2025-08-23 11:00:00,0.7105154815264481,0.027251868278939575,0.5852917987863128,-1623391.6333933263
2025-08-23 12:00:00,0.7355797538369321,0.02556745361460265,0.5851206087599081,-1690929.482516434
2025-08-23 13:00:00,0.7105154815264481,0.03375195112750836,0.5849494058099584,-1717526.0239314875
2025-08-23 14:00:00,0.6370307533322871,0.03214410356056077,0.5847781900245405,-1883153.0716173875
2025-08-23 15:00:00,0.5201334320416261,0.03300688676403656,0.5846069614917381,-1640793.298324015
2025-08-23 16:00:00,0.367789876918466,0.022213199109533333,0.5844357202996414,-1771704.3744951817
2025-08-23 17:00:00,0.19038204948482224,0.02389836389980308,0.5842644665363472,-1741259.9697994448
2025-08-23 18:00:00,9.008253910539969e-17,0.029083408170024163,0.5840932002899588,-1749766.9200101767
2025-08-23 19:00:00,0.0,0.02853970458151165,0.5839219216485855,-1848374.4452739207
2025-08-23 20:00:00,0.0,0.025626227926795482,0.5837506307003434,-1847531.8614557208
2025-08-23 21:00:00,0.0,0.030213646051517096,0.5835793275333548,-1880659.7160016908
2025-08-23 22:00:00,0.0,0.02672732626378063,0.5834080122357485,-1819082.1196378176
2025-08-23 23:00:00,0.0,0.02254395632490278,0.583236684895659,-1899207.479962712
2025-08-24 00:00:00,0.0,0.03252401270895168,0.5830653456012279,-1985024.6350959353
2025-08-24 01:00:00,0.0,0.033588432096259724,0.5828939944406017,-2071452.1843312609
2025-08-24 02:00:00,0.0,0.031570363671350445,0.5827226315019343,-2053247.2641458488
2025-08-24 03:00:00,0.0,0.022978992599287137,0.5825512568733848,-1990402.9606677364
2025-08-24 04:00:00,0.0,0.02485022004840922,0.5823798706431185,-1990778.5645485274
2025-08-24 05:00:00,0.0,0.03226910393228728,0.5822084728993068,-1912493.4838613726
2025-08-24 06:00:00,0.0,0.03331932640513046,0.5820370637301269,-1885694.4863776139
2025-08-24 07:00:00,0.1884081900861138,0.02556259365209104,0.5818656432237619,-1855036.3927816045
2025-08-24 08:00:00,0.36397667337711465,0.03281862552663053,0.5816942114684011,-1591334.7850919678
2025-08-24 09:00:00,0.5147407478773578,0.029232509903311873,0.581522768552239,-1723841.263321767
2025-08-24 10:00:00,0.630426091059065,0.023238642746979028,0.5813513145634761,-1704097.9171837263
2025-08-24 11:00:00,0.7031489379634717,0.031271503824361356,0.5811798495903185,-1758830.7979393387
2025-08-24 12:00:00,0.7279533467542294,0.022367979376594536,0.5810083737209782,-1738222.67114352
2025-08-24 13:00:00,0.7031489379634717,0.024422095756194154,0.5808368870436728,-1724413.988365888
2025-08-24 14:00:00,0.630426091059065,0.030539923231164015,0.5806653896466253,-1737881.7595001953
2025-08-24 15:00:00,0.5147407478773579,0.03184302426530267,0.5804938816180638,-1693693.8278404349
2025-08-24 16:00:00,0.36397667337711465,0.02881218440518618,0.5803223630462225,-1681523.9442569439
2025-08-24 17:00:00,0.188408190086114,0.031087023894875887,0.5801508340193411,-1649160.1341032195
2025-08-24 18:00:00,8.914857360311703e-17,0.026312241594414157,0.5799792946256641,-1802547.9752048834
2025-08-24 19:00:00,0.0,0.023469588031233776,0.5798077449534417,-1841830.8972646347
2025-08-24 20:00:00,0.0,0.02195009627890314,0.5796361850909294,-1893846.7841838445
2025-08-24 21:00:00,0.0,0.02829528787841319,0.5794646151263878,-1955888.5546727479
2025-08-24 22:00:00,0.0,0.028844489542156855,0.5792930351480828,-2020935.551626848
2025-08-24 23:00:00,0.0,0.031240172626601104,0.5791214452442855,-1890436.400475957
2025-08-25 00:00:00,0.0,0.03146793509809747,0.5789498455032719,-1945412.3920637541
2025-08-25 01:00:00,0.0,0.024494672684741058,0.5787782360133231,-1865519.5697801842
2025-08-25 02:00:00,0.0,0.029126239593695605,0.5786066168627254,-1820925.8035473735
2025-08-25 03:00:00,0.0,0.02764755031613496,0.57843498813977,-1864771.9418294048
2025-08-25 04:00:00,0.0,0.030790872425783423,0.578263349932753,-1859078.527138314
2025-08-25 05:00:00,0.0,0.02620310351683744,0.5780917023299751,-1923130.6638410455
2025-08-25 06:00:00,0.0,0.027284710055193503,0.5779200454197425,-1933548.2518269266
2025-08-25 07:00:00,0.18641684810891956,0.029807055236619664,0.5777483792903656,-1892989.2334230754
2025-08-25 08:00:00,0.3601296960876237,0.028046250405760743,0.5775767040301599,-1634296.6415691602
2025-08-25 09:00:00,0.5093003004204184,0.028538180051273267,0.5774050197274451,-1688811.9217220994
2025-08-25 10:00:00,0.623762930938103,0.020867482328499547,0.5772333264705461,-1646471.8056530047
2025-08-25 11:00:00,0.6957171485293381,0.028958262469605936,0.5770616243477922,-1754395.1142748692
2025-08-25 12:00:00,0.7202593921752475,0.020687844413450507,0.5768899134475174,-1667960.7255963841
2025-08-25 13:00:00,0.6957171485293381,0.02382503014963761,0.5767181938580597,-1758844.1807783681
2025-08-25 14:00:00,0.6237629309381031,0.02133944984252215,0.576546465667762,-1565704.1786269252
2025-08-25 15:00:00,0.5093003004204185,0.02740107217818435,0.5763747289649718,-1751627.5149642786
2025-08-25 16:00:00,0.3601296960876237,0.027115511592928507,0.5762029838380405,-1614452.0486405655
2025-08-25 17:00:00,0.18641684810891976,0.030837342917221275,0.5760312303753242,-1680207.4019731611
2025-08-25 18:00:00,8.82063359183235e-17,0.029848654932574117,0.5758594686651833,-1787078.7157073678
2025-08-25 19:00:00,0.0,0.02902548570976479,0.5756876987959824,-1820095.059351559
2025-08-25 20:00:00,0.0,0.028898116623697442,0.5755159208560896,-1892779.384052509
2025-08-25 21:00:00,0.0,0.019722584349648496,0.5753441349338783,-1803435.753326122
2025-08-25 22:00:00,0.0,0.024097949816144177,0.5751723411177252,-1959428.4136602078
2025-08-25 23:00:00,0.0,0.03069908901774049,0.5750005394960115,-2024040.7136155418
2025-08-26 00:00:00,0.0,0.02183304775839561,0.574828730157122,-1900578.8195390725
2025-08-26 01:00:00,0.0,0.019378292364326186,0.574656913189446,-2098836.5400383086
2025-08-26 02:00:00,0.0,0.024491978600583275,0.5744850886813763,-1967769.8968268728
2025-08-26 03:00:00,0.0,0.021389395532172006,0.57431325672131,-2089932.6260960405
2025-08-26 04:00:00,0.0,0.02901490768713785,0.574141417397647,-1995605.800659172
2025-08-26 05:00:00,0.0,0.02142212085858071,0.5739695707987925,-1917122.3082114242
2025-08-26 06:00:00,0.0,0.023142163325206855,0.5737977170131543,-1867851.1207271852
2025-08-26 07:00:00,0.1844086136308437,0.030092732540791117,0.5736258561291443,-1833330.9089199086
2025-08-26 08:00:00,0.35625008499238847,0.02465881990486197,0.5734539882351782,-1739401.1998788742
2025-08-26 09:00:00,0.5038137017928036,0.023955873440984998,0.5732821134196749,-1769886.3322341654
2025-08-26 10:00:00,0.6170432474075477,0.019510358645259143,0.5731102317710574,-1705182.2748027071
2025-08-26 11:00:00,0.6882223154236474,0.028682711374756906,0.5729383433777516,-1712828.0536705642
2025-08-26 12:00:00,0.712500169984777,0.02494695585190943,0.5727664483281875,-1734930.1062982387
2025-08-26 13:00:00,0.6882223154236474,0.025456011113300033,0.5725945467107979,-1629641.1557521306
2025-08-26 14:00:00,0.6170432474075478,0.02038735351465037,0.5724226386140193,-1727209.4761094945
2025-08-26 15:00:00,0.5038137017928037,0.027763985922524867,0.572250724126292,-1711304.9158992535
2025-08-26 16:00:00,0.35625008499238847,0.02588697104235856,0.5720788033360583,-1777805.4167740433
2025-08-26 17:00:00,0.1844086136308439,0.029188111308842024,0.5719068763317651,-1601769.7895739262
2025-08-26 18:00:00,8.725610525638022e-17,0.02845559988910154,0.5717349432018619,-1709448.0403311807
2025-08-26 19:00:00,0.0,0.0204807906057524,0.5715630040348012,-1741507.4062599514
2025-08-26 20:00:00,0.0,0.023924558526962125,0.571391058919039,-1773761.0841715902
2025-08-26 21:00:00,0.0,0.02892263852863925,0.571219107943034,-1782643.237786258
2025-08-26 22:00:00,0.0,0.020002503408335214,0.5710471511952482,-1858164.091348053
2025-08-26 23:00:00,0.0,0.02841349260840951,0.5708751887641466,-1843927.5674686404
2025-08-27 00:00:00,0.0,0.02200210516380638,0.5707032207381965,-1980446.783652011
2025-08-27 01:00:00,0.0,0.020736215515626908,0.5705312472058689,-1894908.2262754308
2025-08-27 02:00:00,0.0,0.024841219423913433,0.5703592682556372,-2028112.0790078118
2025-08-27 03:00:00,0.0,0.025246451176718927,0.5701872839759777,-1996639.4925512986
2025-08-27 04:00:00,0.0,0.024457380199994216,0.5700152944553694,-1884446.5129912063
2025-08-27 05:00:00,0.0,0.025331340203123803,0.569843299782294,-1916142.102765918
2025-08-27 06:00:00,0.0,0.025568830378862636,0.5696713000452357,-1840262.627459042
2025-08-27 07:00:00,0.18238408173510337,0.027784141157528593,0.5694992953326817,-1786112.4496977841
2025-08-27 08:00:00,0.35233898970390537,0.0265103471187636,0.5693272857331216,-1768342.4672359873
2025-08-27 09:00:00,0.4982825777920973,0.028674320927252524,0.5691552713350472,-1732133.9714706843
2025-08-27 10:00:00,0.6102690316546517,0.018888768835195857,0.568983252226953,-1636996.0506525903
2025-08-27 11:00:00,0.6806666595272007,0.026086564839186893,0.568811228497336,-1644861.3913499233
2025-08-27 12:00:00,0.7046779794078109,0.024522922033863706,0.5686392002346955,-1799296.3884199844
2025-08-27 13:00:00,0.6806666595272007,0.023338295712601247,0.5684671675275331,-1626969.9331131661
2025-08-27 14:00:00,0.6102690316546517,0.025242983147598787,0.5682951304643529,-1684256.2535775874
2025-08-27 15:00:00,0.4982825777920974,0.020194897748780402,0.5681230891336608,-1755332.2309285104
2025-08-27 16:00:00,0.35233898970390537,0.026865926445825902,0.5679510436239654,-1744225.34573234
2025-08-27 17:00:00,0.18238408173510356,0.024729751597345764,0.5677789940237773,-1967268.1447409468
2025-08-27 18:00:00,8.629816319114e-17,0.0262001277652333,0.5676069404216086,-1944515.2003081075
2025-08-27 19:00:00,0.0,0.019015975573609387,0.5674348829059748,-1824422.660511364
2025-08-27 20:00:00,0.0,0.02095187540390343,0.5672628215653915,-1908644.4351290376
2025-08-27 21:00:00,0.0,0.022837471519374843,0.5670907564883783,-1945564.7583688672
2025-08-27 22:00:00,0.0,0.019431994408849865,0.5669186877634552,-1906510.3412146932
2025-08-27 23:00:00,0.0,0.023926101741343672,0.566746615479145,-1957689.5264737774
2025-08-28 00:00:00,0.0,0.019812449197536816,0.5665745397239718,-2091284.953079176
2025-08-28 01:00:00,0.0,0.020888027211019768,0.5664024605864617,-1914961.8601399118
2025-08-28 02:00:00,0.0,0.021882250873653118,0.5662303781551425,-2140245.601777844
2025-08-28 03:00:00,0.0,0.022738704646095797,0.5660582925185439,-1887150.1046976945
2025-08-28 04:00:00,0.0,0.02221499815067007,0.5658862037651969,-1918415.436792435
2025-08-28 05:00:00,0.0,0.02179900045940593,0.5657141119836342,-1786901.8387201028
2025-08-28 06:00:00,0.0,0.018058172860811652,0.5655420172623903,-1883458.623241771
2025-08-28 07:00:00,0.18034385233419226,0.020054170807911942,0.5653699196900006,-1705328.0512906008
2025-08-28 08:00:00,0.34839756916411674,0.01932175705140515,0.5651978193550029,-1811270.1605528358
2025-08-28 09:00:00,0.49270856740971236,0.02520212536279978,0.5650257163459357,-1750796.7375054888
2025-08-28 10:00:00,0.6034422910257422,0.020433498396301382,0.5648536107513391,-1609415.8429220123
2025-08-28 11:00:00,0.6730524197439047,0.023098251143116835,0.5646815026597546,-1562972.8792313058
2025-08-28 12:00:00,0.6967951383282336,0.024490576031392108,0.5645093921597247,-1777248.2117426551
2025-08-28 13:00:00,0.6730524197439047,0.024644188904556667,0.5643372793397938,-1667687.1078719017
2025-08-28 14:00:00,0.6034422910257423,0.022723637100774616,0.5641651642885064,-1551013.0874439175
2025-08-28 15:00:00,0.4927085674097124,0.022149606889224734,0.5639930470944092,-1733661.1558602832
2025-08-28 16:00:00,0.34839756916411674,0.02458689726534812,0.5638209278460494,-1702709.1593698908
2025-08-28 17:00:00,0.18034385233419245,0.02559336259896075,0.5636488066319757,-1759407.232989681
2025-08-28 18:00:00,8.533279358151085e-17,0.0194013285591144,0.5634766835407373,-1743081.2144609864
2025-08-28 19:00:00,0.0,0.01672194750087917,0.5633045586608848,-1793283.4099721485
2025-08-28 20:00:00,0.0,0.02046415739175507,0.5631324320809696,-1891223.2313908741
2025-08-28 21:00:00,0.0,0.02551569534323707,0.5629603038895437,-1916471.1159057813
2025-08-28 22:00:00,0.0,0.0207728400245299,0.5627881741751602,-1902780.2778923372
2025-08-28 23:00:00,0.0,0.017742797156595366,0.5626160430263729,-2045578.34140511
2025-08-29 00:00:00,0.0,0.022494848203708753,0.5624439105317367,-1979377.272294729
2025-08-29 01:00:00,0.0,0.023982546535465003,0.5622717767798064,-1902548.4741150648
2025-08-29 02:00:00,0.0,0.017952603999269075,0.5620996418591381,-2060875.178582939
2025-08-29 03:00:00,0.0,0.020359410191544726,0.5619275058582883,-1959114.1644953438
2025-08-29 04:00:00,0.0,0.020670529142643706,0.561755368865814,-1928852.6077041046
2025-08-29 05:00:00,0.0,0.0234474468419084,0.561583230970273,-1749939.4440795823
2025-08-29 06:00:00,0.0,0.017435209358759734,0.5614110922602231,-1893508.3990314943
2025-08-29 07:00:00,0.1782885299921135,0.01623271244197869,0.5612389528242229,-1850047.6166681105
2025-08-29 08:00:00,0.34442699130099114,0.016810755350798675,0.5610668127508313,-1708319.597398004
2025-08-29 09:00:00,0.48709332234522174,0.01875485079947989,0.5608946721286073,-1722527.0092299483
2025-08-29 10:00:00,0.5965650484314005,0.024662192296002763,0.5607225310461104,-1771823.0002230378
2025-08-29 11:00:00,0.6653818523373353,0.02013233694050436,0.5605503895919001,-1589500.147601029
2025-08-29 12:00:00,0.6888539826019824,0.0247423113143446,0.5603782478545366,-1624781.7191260653
2025-08-29 13:00:00,0.6653818523373353,0.024045479624390163,0.5602061059225797,-1639344.2241765815
2025-08-29 14:00:00,0.5965650484314005,0.023654119466326836,0.5600339638845896,-1581165.0197240964
2025-08-29 15:00:00,0.4870933223452218,0.022274965023374324,0.5598618218291262,-1643668.4495687592
2025-08-29 16:00:00,0.34442699130099114,0.017510235273038074,0.5596896798447503,-1658631.6654848957
2025-08-29 17:00:00,0.1782885299921137,0.022140873401814875,0.5595175380200217,-1706523.006321137
2025-08-29 18:00:00,8.436028248734242e-17,0.02168703735733059,0.5593453964435001,-1766182.2452644322
2025-08-29 19:00:00,0.0,0.023065152303115302,0.559173255203746,-1793565.720700621
2025-08-29 20:00:00,0.0,0.023890466880409567,0.5590011143893188,-1893364.3889329878
2025-08-29 21:00:00,0.0,0.021125216020549054,0.5588289740887781,-2024782.6137009168
2025-08-29 22:00:00,0.0,0.021003009170282198,0.5586568343906834,-1920803.7618516872
2025-08-29 23:00:00,0.0,0.021061633399646566,0.5584846953835936,-1981579.9458378428
2025-08-30 00:00:00,0.0,0.02210897055270666,0.558312557156067,-2029461.998883724
2025-08-30 01:00:00,0.0,0.02177077005702474,0.5581404197966621,-2079192.9901551981
2025-08-30 02:00:00,0.0,0.019928667418652138,0.5579682833939366,-1980774.0820521996
2025-08-30 03:00:00,0.0,0.01624158542707171,0.5577961480364476,-2036930.3209271838
2025-08-30 04:00:00,0.0,0.02153341391422704,0.5576240138127524,-1772129.8020930395
2025-08-30 05:00:00,0.0,0.01693771146429473,0.5574518808114065,-2006168.9303662777
2025-08-30 06:00:00,0.0,0.016275289316833457,0.5572797491209657,-1729689.2672813782
2025-08-30 07:00:00,0.17621872374523478,0.015506912666970267,0.5571076188299847,-1743737.8667188196
2025-08-30 08:00:00,0.3404284326824419,0.020852722291615014,0.5569354900270178,-1842047.505274967
2025-08-30 09:00:00,0.48143850651692555,0.017029893241594478,0.5567633628006184,-1653773.3162935644
2025-08-30 10:00:00,0.5896393417470307,0.019999251649823066,0.5565912372393389,-1700155.6378604325
2025-08-30 11:00:00,0.6576572302621604,0.022205013385515646,0.556419113431731,-1559085.6203294971
2025-08-30 12:00:00,0.6808568653648839,0.02166200132403004,0.5562469914663456,-1630602.9407269296
2025-08-30 13:00:00,0.6576572302621604,0.01622146173679267,0.5560748714317327,-1577517.0139222175
2025-08-30 14:00:00,0.5896393417470308,0.01497838245853609,0.5559027534164408,-1665108.9211884034
2025-08-30 15:00:00,0.4814385065169256,0.021587435896764005,0.5557306375090177,-1710261.4945756362
2025-08-30 16:00:00,0.3404284326824419,0.018835869993007126,0.5555585237980104,-1807748.6874611962
2025-08-30 17:00:00,0.17621872374523495,0.01679970096496597,0.5553864123719644,-1848970.6033113739
2025-08-30 18:00:00,8.338091808466054e-17,0.02366372056439481,0.555214303319424,-1751651.8992047708
2025-08-30 19:00:00,0.0,0.019935669821439992,0.5550421967289326,-1927213.2473019543
2025-08-30 20:00:00,0.0,0.02134678772140437,0.554870092689032,-1889218.5661024125
2025-08-30 21:00:00,0.0,0.019904857445878537,0.5546979912882629,-1890810.3485526564
2025-08-30 22:00:00,0.0,0.015167059197332855,0.5545258926151647,-1848978.1368409987
2025-08-30 23:00:00,0.0,0.01835944500320427,0.5543537967582748,-1699461.5520340037
2025-08-31 00:00:00,0.0,0.021956802227200097,0.55418170380613,-1967989.1252597964
2025-08-31 01:00:00,0.0,0.020963661227162117,0.5540096138472653,-2023830.7721843633
2025-08-31 02:00:00,0.0,0.021910614578530045,0.5538375269702137,-1997744.28932075
2025-08-31 03:00:00,0.0,0.020280166316342538,0.5536654432635072,-1850150.2534979398
2025-08-31 04:00:00,0.0,0.02009886249248076,0.5534933628156758,-1972291.2812793937
2025-08-31 05:00:00,0.0,0.016566848489069197,0.5533212857152483,-1932683.2821649427
2025-08-31 06:00:00,0.0,0.016365025464321708,0.5531492120507513,-1939238.018793869
2025-08-31 07:00:00,0.17413504692181692,0.02254575615565463,0.5529771419107098,-1732640.9795804876
2025-08-31 08:00:00,0.33640307816768333,0.015483742356511038,0.5528050753836469,-1912989.8895653333
2025-08-31 09:00:00,0.47574579556879426,0.0216358902196091,0.5526330125580843,-1757768.3757600952
2025-08-31 10:00:00,0.5826672232089921,0.018234315648463503,0.5524609535225408,-1672669.6684524573
2025-08-31 11:00:00,0.6498808424906112,0.019120285111960903,0.5522888983655342,-1622851.539569033
2025-08-31 12:00:00,0.6728061563353668,0.019638449339802327,0.5521168471755801,-1738626.3299556521
2025-08-31 13:00:00,0.6498808424906112,0.017082009422048374,0.5519448000411916,-1658438.6595479005
2025-08-31 14:00:00,0.5826672232089922,0.01436602207723562,0.5517727570508804,-1676153.9806100149
2025-08-31 15:00:00,0.4757457955687943,0.016610384215609227,0.5516007182931555,-1674653.9912000021
2025-08-31 16:00:00,0.33640307816768333,0.02194017187505298,0.551428683856524,-1693787.0714591101
2025-08-31 17:00:00,0.1741350469218171,0.022071489863567814,0.5512566538294907,-1813253.436147162
2025-08-31 18:00:00,8.239499058027406e-17,0.016270167511248212,0.5510846283005584,-1816230.3944029612
2025-08-31 19:00:00,0.0,0.01610935941828468,0.5509126073582269,-1905141.0080190871
2025-08-31 20:00:00,0.0,0.019893760561615775,0.5507405910909942,-2001892.2154269002
2025-08-31 21:00:00,0.0,0.01973588882750617,0.5505685795873558,-1859553.88466474
2025-08-31 22:00:00,0.0,0.02122042625276223,0.5503965729358048,-1798307.0200916205
2025-08-31 23:00:00,0.0,0.018778631062934193,0.5502245712248316,-1898154.0861174155
2025-09-01 00:00:00,0.0,0.021007354725788276,0.5500525745429243,-1920618.7828376985
2025-09-01 01:00:00,0.0,0.019546555499739753,0.5498805829785682,-1913704.3923137651
2025-09-01 02:00:00,0.0,0.02125253636900952,0.5497085966202462,-2046292.373907705
2025-09-01 03:00:00,0.0,0.013976913064501488,0.5495366155564384,-1984695.3376818348
2025-09-01 04:00:00,0.0,0.014399228025798362,0.5493646398756218,-2028243.9058570769
2025-09-01 05:00:00,0.0,0.016118733941152662,0.5491926696662713,-1898798.1731333374
2025-09-01 06:00:00,0.0,0.016648037182783928,0.5490207050168586,-1892966.1982163042
2025-09-01 07:00:00,0.17203811696027219,0.017383205577406455,0.5488487460158525,-1924384.8941667257
2025-09-01 08:00:00,0.33235212055613256,0.015327862120389519,0.5486767927517192,-1906318.963824256
2025-09-01 09:00:00,0.47001687637394063,0.01928063473518682,0.5485048453129215,-1620768.1278750252
2025-09-01 10:00:00,0.5756507588064783,0.02005196048214157,0.5483329037879197,-1800133.6368167992
2025-09-01 11:00:00,0.6420549933342129,0.013991780389997106,0.5481609682651707,-1645824.1662837616
2025-09-01 12:00:00,0.6647042411122652,0.018668676233115605,0.5479890388331284,-1699563.689508334
2025-09-01 13:00:00,0.6420549933342129,0.019951960988070748,0.5478171155802437,-1736746.7267988431
2025-09-01 14:00:00,0.5756507588064784,0.020153510735928554,0.5476451985949645,-1670551.3510878205
2025-09-01 15:00:00,0.4700168763739407,0.017418976517755636,0.5474732879657345,-1732990.401869757
2025-09-01 16:00:00,0.33235212055613256,0.01915304296353331,0.5473013837809952,-1808728.3895998746
2025-09-01 17:00:00,0.17203811696027238,0.014432465610553733,0.5471294861291843,-1912905.1880019172
2025-09-01 18:00:00,8.140279212578061e-17,0.0137086069330239,0.5469575950987365,-1727980.8804926858
2025-09-01 19:00:00,0.0,0.018293667788354392,0.5467857107780826,-1835768.9075671097
2025-09-01 20:00:00,0.0,0.02017072793596894,0.5466138332556503,-1899236.3696746745
2025-09-01 21:00:00,0.0,0.014491390942560724,0.5464419626198634,-1818893.8697836604
2025-09-01 22:00:00,0.0,0.016375069889035167,0.5462700989591429,-2066834.2615602515
2025-09-01 23:00:00,0.0,0.013071555617939538,0.5460982423619057,-1918361.9553816526
2025-09-02 00:00:00,0.0,0.018861526891662466,0.5459263929165649,-2002556.8662575297
2025-09-02 01:00:00,0.0,0.013402338924301763,0.54575455071153,-1938638.3761338647
2025-09-02 02:00:00,0.0,0.019575060357702314,0.5455827158352071,-1885170.0115017842
2025-09-02 03:00:00,0.0,0.015616485389872266,0.5454108883759985,-1966327.9845163894
2025-09-02 04:00:00,0.0,0.017984421963343877,0.5452390684223024,-1979377.3458156933
2025-09-02 05:00:00,0.0,0.01907381398247923,0.5450672560625133,-2021085.3991562175
2025-09-02 06:00:00,0.0,0.016201729967588226,0.5448954513850216,-1812027.57288445
2025-09-02 07:00:00,0.16992855522620362,0.019924243555695685,0.5447236544782144,-1771594.0156935167
2025-09-02 08:00:00,0.3282767602339566,0.017951092996037005,0.5445518654304736,-1769276.3707666837
2025-09-02 09:00:00,0.46425344653476214,0.019699083850327113,0.5443800843301785,-1827909.333037409
2025-09-02 10:00:00,0.5685920276693193,0.019501615254695362,0.544208311265703,-1623694.9145050473
2025-09-02 11:00:00,0.6341820017609658,0.012978495235378815,0.5440365463254176,-1651342.0200566775
2025-09-02 12:00:00,0.6565535204679133,0.013523206274059044,0.5438647895976886,-1592804.831059748
2025-09-02 13:00:00,0.6341820017609658,0.017241695321099728,0.5436930411708779,-1604984.5379650574
2025-09-02 14:00:00,0.5685920276693194,0.014144603469115197,0.5435213011333432,-1746556.5919998814
2025-09-02 15:00:00,0.46425344653476225,0.016324490172512175,0.5433495695734377,-1662880.2180975897
2025-09-02 16:00:00,0.3282767602339566,0.01814564216281701,0.5431778465795105,-1675433.3296873048
2025-09-02 17:00:00,0.1699285552262038,0.01640097661136881,0.5430061322399062,-1812342.7460131624
2025-09-02 18:00:00,8.040461673099563e-17,0.01528214334637696,0.5428344266429653,-1778114.3864337746
2025-09-02 19:00:00,0.0,0.015257939043665267,0.5426627298770228,-1799649.132659494
2025-09-02 20:00:00,0.0,0.015235926105517522,0.5424910420304101,-1824896.7731533726
2025-09-02 21:00:00,0.0,0.013040783566608552,0.5423193631914536,-1889693.869338546
2025-09-02 22:00:00,0.0,0.0186260536163122,0.5421476934484754,-1941886.903007445
2025-09-02 23:00:00,0.0,0.01499884616974688,0.5419760328897923,-1892749.179757022
2025-09-03 00:00:00,0.0,0.017894774697457164,0.5418043816037172,-1943373.316517863
2025-09-03 01:00:00,0.0,0.01648802899460917,0.5416327396785576,-1906659.7050919563
2025-09-03 02:00:00,0.0,0.014234989755694434,0.5414611072026164,-2109699.07842608
2025-09-03 03:00:00,0.0,0.01218230037280974,0.5412894842641919,-1939526.0860263743
2025-09-03 04:00:00,0.0,0.01341183101904715,0.5411178709515767,-1956927.1980963647
2025-09-03 05:00:00,0.0,0.014137211494386518,0.5409462673530591,-1808706.8622316746
2025-09-03 06:00:00,0.0,0.012955263577673293,0.5407746735569224,-1814011.6059696388
2025-09-03 07:00:00,0.16780698682828116,0.015228141094930536,0.5406030896514448,-1774016.374675767
2025-09-03 08:00:00,0.3241782048183725,0.014250521137343772,0.5404315157248991,-1813513.8526516466
2025-09-03 09:00:00,0.45845721387990546,0.015119251613819449,0.5402599518655536,-1777462.2213575416
2025-09-03 10:00:00,0.5614931214518911,0.017238223720573383,0.5400883981616705,-1807447.892997669
2025-09-03 11:00:00,0.6262642007081867,0.015721325333854154,0.5399168547015076,-1684110.4382611457
2025-09-03 12:00:00,0.6483564096367451,0.012001508124020378,0.5397453215733171,-1593510.7456684369
2025-09-03 13:00:00,0.6262642007081867,0.01656888246325561,0.5395737988653458,-1848985.623535865
2025-09-03 14:00:00,0.5614931214518911,0.01754918453100416,0.5394022866658356,-1648141.3753459414
2025-09-03 15:00:00,0.4584572138799055,0.014908638647273584,0.5392307850630221,-1807824.6911055592
2025-09-03 16:00:00,0.3241782048183725,0.016097544376465565,0.5390592941451363,-1693858.3222276967
2025-09-03 17:00:00,0.16780698682828132,0.015588380712987675,0.5388878140004033,-1693925.277276113
2025-09-03 18:00:00,7.9400760176831e-17,0.016605685301377692,0.5387163447170429,-1837516.2579985189
2025-09-03 19:00:00,0.0,0.013567367051979055,0.5385448863832691,-1818232.846804793
2025-09-03 20:00:00,0.0,0.017478457290022266,0.5383734390872903,-1804368.067570034
2025-09-03 21:00:00,0.0,0.01687610080668191,0.5382020029173092,-1826576.2942922835
2025-09-03 22:00:00,0.0,0.012711831882135538,0.538030577961523,-2035659.7992164036
2025-09-03 23:00:00,0.0,0.01523977412604328,0.537859164308123,-1920486.564528962
2025-09-04 00:00:00,0.0,0.01701843845851325,0.5376877620452943,-2062409.4334078366
2025-09-04 01:00:00,0.0,0.017208981018012593,0.5375163712612168,-1995241.263298741
2025-09-04 02:00:00,0.0,0.014895980687928119,0.5373449920440638,-1851027.5950703882
2025-09-04 03:00:00,0.0,0.013737920593383485,0.5371736244820036,-1856688.2412957223
2025-09-04 04:00:00,0.0,0.01554301954292329,0.5370022686631976,-2128858.761844544
2025-09-04 05:00:00,0.0,0.014868734402392562,0.5368309246758013,-1921231.6044667924
2025-09-04 06:00:00,0.0,0.01438957016625794,0.5366595926079647,-2032663.288306138
2025-09-04 07:00:00,0.16567404043300826,0.01326645824156331,0.5364882725478312,-1887426.6174544676
2025-09-04 08:00:00,0.320057668799804,0.01478668162314454,0.5363169645835381,-1836794.9457103624
2025-09-04 09:00:00,0.4526298959581991,0.014709023663623194,0.5361456688032161,-1808954.016502341
2025-09-04 10:00:00,0.5543561437133129,0.012885791665296412,0.5359743852949904,-1713229.799454967
2025-09-04 11:00:00,0.6183039363912074,0.017215013196101702,0.5358031141469793,-1587893.142205634
2025-09-04 12:00:00,0.6401153375996081,0.013714124949752946,0.5356318554472954,-1643333.6703788675
2025-09-04 13:00:00,0.6183039363912074,0.01655577435180153,0.5354606092840437,-1612388.8618368737
2025-09-04 14:00:00,0.554356143713313,0.01567461756257608,0.5352893757453238,-1660737.024606235
2025-09-04 15:00:00,0.45262989595819914,0.015614007396279581,0.5351181549192285,-1810805.94718254
2025-09-04 16:00:00,0.320057668799804,0.012046694417883681,0.5349469468938441,-1860580.8730661548
2025-09-04 17:00:00,0.16567404043300846,0.013737889778581092,0.5347757517572502,-1740887.321966862
2025-09-04 18:00:00,7.839151992764875e-17,0.016393576756490398,0.5346045695975198,-1732342.4969420368
2025-09-04 19:00:00,0.0,0.01596674161123736,0.5344334005027196,-1855082.5735502667
2025-09-04 20:00:00,0.0,0.014163369063202497,0.5342622445609085,-1926976.9567787887
2025-09-04 21:00:00,0.0,0.01120930809140347,0.53409110186014,-1958718.7614980242
2025-09-04 22:00:00,0.0,0.010978362914940884,0.5339199724884598,-2005590.8998130846
2025-09-04 23:00:00,0.0,0.015006458118797389,0.5337488565339074,-2024336.8463893773
2025-09-05 00:00:00,0.0,0.015243762201894957,0.5335777540845147,-1949855.9092074877
2025-09-05 01:00:00,0.0,0.013149972898728133,0.5334066652283073,-2000420.8595135547
2025-09-05 02:00:00,0.0,0.011164249613126346,0.5332355900533036,-1947065.7035562855
2025-09-05 03:00:00,0.0,0.01421279184716262,0.5330645286475147,-1935825.9721206292
2025-09-05 04:00:00,0.0,0.01626765763131203,0.5328934810989454,-1866387.3056940811
2025-09-05 05:00:00,0.0,0.01412129867207526,0.5327224474955919,-1945132.8098108517
2025-09-05 06:00:00,0.0,0.015802276273184035,0.5325514279254447,-1761951.6310140206
2025-09-05 07:00:00,0.16353034807843464,0.01348190592038921,0.5323804224764864,-1876775.8055035335
2025-09-05 08:00:00,0.31591637318200183,0.014841639338792456,0.5322094312366924,-1871554.7552692287
2025-09-05 09:00:00,0.44677321952970694,0.01446405305501165,0.532038454294031,-1804444.6689506194
2025-09-05 10:00:00,0.5471832092941171,0.015779727661748663,0.5318674917364626,-1731336.4759436266
2025-09-05 11:00:00,0.6103035676081416,0.01550236532677766,0.531696543651941,-1591177.820954581
2025-09-05 12:00:00,0.6318327463640038,0.012569471455908457,0.5315256101284119,-1708639.5382575453
2025-09-05 13:00:00,0.6103035676081416,0.012018176411394282,0.531354691253814,-1706659.9744099495
2025-09-05 14:00:00,0.5471832092941172,0.01448685561006846,0.5311837871160777,-1549787.4209600722
2025-09-05 15:00:00,0.446773219529707,0.012220571985608537,0.5310128978031269,-1770856.6543906766
2025-09-05 16:00:00,0.31591637318200183,0.011461395959706307,0.5308420234028767,-1719978.8183054524
2025-09-05 17:00:00,0.1635303480784348,0.012677313971549909,0.5306711640032354,-1792028.7393144758
2025-09-05 18:00:00,7.737719504311587e-17,0.013807403906320792,0.5305003196921034,-1788479.7105543206
2025-09-05 19:00:00,0.0,0.012949242641930758,0.5303294905573732,-1993475.2998298598
2025-09-05 20:00:00,0.0,0.011344855606362121,0.5301586766869295,-2004444.0770857094
2025-09-05 21:00:00,0.0,0.011022392052857785,0.5299878781686491,-1913486.9613653314
2025-09-05 22:00:00,0.0,0.011057638289704342,0.5298170950904012,-1788631.0155078885
2025-09-05 23:00:00,0.0,0.010972211865273994,0.5296463275400469,-1978542.8207138972
2025-09-06 00:00:00,0.0,0.01179836923021274,0.5294755756054388,-1990208.179705752
2025-09-06 01:00:00,0.0,0.014577086980384762,0.5293048393744221,-2065948.5228188753
2025-09-06 02:00:00,0.0,0.01131945432514371,0.529134118934834,-1955265.458070694
2025-09-06 03:00:00,0.0,0.01497158872385607,0.528963414374503,-1932256.7473169558
2025-09-06 04:00:00,0.0,0.015241211145532289,0.5287927257812499,-1941587.4796473586
2025-09-06 05:00:00,0.0,0.014363167633236182,0.5286220532428872,-1984361.6184482258
2025-09-06 06:00:00,0.0,0.012269792276397653,0.528451396847219,-1837263.057904735
2025-09-06 07:00:00,0.16137654498686954,0.010967498869520614,0.528280756682041,-1813614.6567739935
2025-09-06 08:00:00,0.3117555451202339,0.011991149706592118,0.5281101328351412,-1766655.424976407
2025-09-06 09:00:00,0.44088892005405217,0.014160526776742394,0.5279395253942981,-1641767.1594066573
2025-09-06 10:00:00,0.5399764436895768,0.014181006522912036,0.5277689344472828,-1658147.04690181
2025-09-06 11:00:00,0.6022654650409218,0.009621246414353243,0.5275983600818573,-1753947.9957592983
2025-09-06 12:00:00,0.6235110902404679,0.010512115765722642,0.5274278023857754,-1662366.0108316366
2025-09-06 13:00:00,0.6022654650409218,0.011494090202283386,0.527257261446782,-1684991.739198315
2025-09-06 14:00:00,0.5399764436895769,0.012421086249678092,0.5270867373526138,-1657644.2708255604
2025-09-06 15:00:00,0.4408889200540523,0.012314673459636558,0.5269162301909985,-1604923.2125067904
2025-09-06 16:00:00,0.3117555451202339,0.013487549759960075,0.5267457400496552,-1693311.9776111988
2025-09-06 17:00:00,0.1613765449868697,0.011633524516332951,0.5265752670162945,-1793094.923381297
2025-09-06 18:00:00,7.635808608958655e-17,0.009496260832812286,0.5264048111786174,-1761062.6879626447
2025-09-06 19:00:00,0.0,0.010078100969458697,0.526234372624317,-1861135.3503452411
2025-09-06 20:00:00,0.0,0.01324715085257661,0.5260639514410768,-2031298.5357675161
2025-09-06 21:00:00,0.0,0.011773809546628218,0.5258935477165719,-1787726.3000150507
2025-09-06 22:00:00,0.0,0.011664275656444418,0.525723161538468,-1849575.296468029
2025-09-06 23:00:00,0.0,0.011894859767294413,0.525552792994422,-1847737.8451610494
2025-09-07 00:00:00,0.0,0.009425483698424634,0.5253824421720819,-1893714.3909425673
2025-09-07 01:00:00,0.0,0.009025743430152283,0.5252121091590859,-1932963.91906711
2025-09-07 02:00:00,0.0,0.011599687277806985,0.525041794043064,-1870548.0555778616
2025-09-07 03:00:00,0.0,0.012038476491174122,0.5248714969116363,-1955777.5575234892
2025-09-07 04:00:00,0.0,0.009986339084864113,0.524701217852414,-2049732.0727779386
2025-09-07 05:00:00,0.0,0.014066217867999118,0.5245309569529983,-1912643.024337273
2025-09-07 06:00:00,0.0,0.01140578385752942,0.5243607143009821,-1825798.8517814132
2025-09-07 07:00:00,0.15921326937665192,0.01344250063995278,0.5241904899839483,-1749130.1180907502
2025-09-07 08:00:00,0.307576417557653,0.013814523758844966,0.5240202840894704,-1768360.5716627503
2025-09-07 09:00:00,0.4349787411761631,0.010071392820102151,0.5238500967051126,-1798867.145541849
2025-09-07 10:00:00,0.5327379824198752,0.01200162783417877,0.5236799279184294,-1687875.8005498168
2025-09-07 11:00:00,0.5941920105528151,0.008859015533502752,0.5235097778169658,-1631216.0712582527
2025-09-07 12:00:00,0.6151528351153062,0.010985794040855102,0.5233396464882574,-1729294.9726662128
2025-09-07 13:00:00,0.5941920105528151,0.009182002093466977,0.5231695340198299,-1634868.4106397273
2025-09-07 14:00:00,0.5327379824198752,0.010642005891166775,0.522999440499199,-1634250.839374978
2025-09-07 15:00:00,0.4349787411761632,0.012573017161399991,0.5228293660138713,-1757334.462368592
2025-09-07 16:00:00,0.307576417557653,0.0113069461232779,0.5226593106513432,-1653940.4949013798
2025-09-07 17:00:00,0.1592132693766521,0.009848601846441245,0.5224892744991013,-1810709.4014579393
2025-09-07 18:00:00,7.533449505103792e-17,0.009549336705495867,0.5223192576446226,-1988530.2070319443
2025-09-07 19:00:00,0.0,0.011799872474855316,0.5221492601753738,-1672368.0341359354
2025-09-07 20:00:00,0.0,0.009061751111819779,0.5219792821788118,-1971819.211878968
2025-09-07 21:00:00,0.0,0.0091489911986326,0.5218093237423834,-1914815.6577587156
2025-09-07 22:00:00,0.0,0.012371322135649301,0.5216393849535254,-1936090.605154942
2025-09-07 23:00:00,0.0,0.011867798474400592,0.5214694658996646,-1955871.1943501623
2025-09-08 00:00:00,0.0,0.01068379371421911,0.5212995666682175,-2079387.5841747392
2025-09-08 01:00:00,0.0,0.010908800765281591,0.5211296873465904,-1906232.8268836406
2025-09-08 02:00:00,0.0,0.012699417404942154,0.5209598280221792,-1951702.2354172438
2025-09-08 03:00:00,0.0,0.011551506067868937,0.5207899887823699,-2033257.240216319
2025-09-08 04:00:00,0.0,0.012027359913887535,0.5206201697145381,-1986395.757899471
2025-09-08 05:00:00,0.0,0.008408189195382214,0.5204503709060487,-1886570.8002784373
2025-09-08 06:00:00,0.0,0.010383785134364047,0.5202805924442565,-1870413.2074005941
2025-09-08 07:00:00,0.15704116227303241,0.011450392549487109,0.5201108344165056,-1794138.1769227404
2025-09-08 08:00:00,0.303380228859949,0.008792875703517873,0.5199410969101298,-1742943.8426620087
2025-09-08 09:00:00,0.4290444342095933,0.009892876593648361,0.5197713800124523,-1816736.6290270207
2025-09-08 10:00:00,0.5254699703973055,0.011034966171175038,0.5196016838107853,-1713692.8349449898
2025-09-08 11:00:00,0.5860855964826258,0.011272482709426442,0.5194320083924309,-1873840.5353682076
2025-09-08 12:00:00,0.6067604577198981,0.009440200181398389,0.5192623538446803,-1661889.8098602379
2025-09-08 13:00:00,0.5860855964826258,0.01097445642550995,0.519092720254814,-1738195.8560894693
2025-09-08 14:00:00,0.5254699703973056,0.00902702746557095,0.5189231077101016,-1822585.3109078158
2025-09-08 15:00:00,0.42904443420959343,0.00930454498442504,0.518753516297802,-1776402.2475629037
2025-09-08 16:00:00,0.303380228859949,0.008951601122694127,0.518583946105163,-1774522.3526441264
2025-09-08 17:00:00,0.15704116227303258,0.010516843144863576,0.518414397219422,-1589717.2197384886
2025-09-08 18:00:00,7.430672523958562e-17,0.008074344167956217,0.5182448697278049,-1772170.269592497
2025-09-08 19:00:00,0.0,0.008389539386149447,0.5180753637175267,-1850050.2195522871
2025-09-08 20:00:00,0.0,0.009694797790440112,0.5179058792757916,-1925128.3030609577
2025-09-08 21:00:00,0.0,0.009620239918219819,0.5177364164897924,-1957962.6089250236
2025-09-08 22:00:00,0.0,0.01172227346043069,0.517566975446711,-1913160.52934496
2025-09-08 23:00:00,0.0,0.008889061347103318,0.5173975562337183,-1831118.3791649227
2025-09-09 00:00:00,0.0,0.01046587814161702,0.517228158937973,-1944034.2181302
2025-09-09 01:00:00,0.0,0.011275745406340763,0.5170587836466237,-1925670.7334073011
2025-09-09 02:00:00,0.0,0.010061100199520981,0.5168894304468071,-2133440.4540974116
2025-09-09 03:00:00,0.0,0.009278196557018585,0.5167200994256487,-2117260.0517770452
2025-09-09 04:00:00,0.0,0.008395050930085883,0.5165507906702624,-2009543.5142228547
2025-09-09 05:00:00,0.0,0.008563111022308766,0.5163815042677508,-1835700.862540907
2025-09-09 06:00:00,0.0,0.010300919782658916,0.5162122403052049,-1845295.6293838983
2025-09-09 07:00:00,0.15486086731822377,0.01042736558258326,0.5160429988697043,-1744765.8946629427
2025-09-09 08:00:00,0.2991682224483941,0.009603773608663524,0.5158737800483167,-1735272.2560297716
2025-09-09 09:00:00,0.42308775761757,0.007986265871963293,0.5157045839280988,-1780664.2490692136
2025-09-09 10:00:00,0.5181745612906865,0.00848449919058735,0.515535410596095,-1721454.4558109269
2025-09-09 11:00:00,0.5779486249357938,0.008194490824720041,0.5153662601393381,-1769034.5312964355
2025-09-09 12:00:00,0.5983364448967883,0.007568699857567572,0.5151971326448493,-1749419.0420386072
2025-09-09 13:00:00,0.5779486249357938,0.007285639897795089,0.5150280281996382,-1709676.5028618234
2025-09-09 14:00:00,0.5181745612906866,0.009401917161568116,0.5148589468907018,-1703786.2797519881
2025-09-09 15:00:00,0.42308775761757006,0.007282289000390015,0.5146898888050258,-1769030.8021274484
2025-09-09 16:00:00,0.2991682224483941,0.0095967834506496,0.5145208540295838,-1537368.8140762837
2025-09-09 17:00:00,0.15486086731822393,0.007632655478061712,0.5143518426513375,-1781892.526744489
2025-09-09 18:00:00,7.327508120560584e-17,0.007964445425833595,0.5141828547572364,-1864213.6550128718
2025-09-09 19:00:00,0.0,0.009705611759365287,0.5140138904342179,-1824863.4593388557
2025-09-09 20:00:00,0.0,0.007966671091692001,0.5138449497692074,-1885341.4782518575
2025-09-09 21:00:00,0.0,0.008954720241691758,0.5136760328491183,-1872524.124328587
2025-09-09 22:00:00,0.0,0.009819266323854428,0.5135071397608517,-1936312.7531709068
2025-09-09 23:00:00,0.0,0.008465738539630828,0.5133382705912957,-1990091.417604311
2025-09-10 00:00:00,0.0,0.010938534967654874,0.5131694254273271,-1959273.840541852
2025-09-10 01:00:00,0.0,0.007992703006380455,0.5130006043558101,-2009011.2877663265
2025-09-10 02:00:00,0.0,0.010145707259439484,0.5128318074635961,-1930791.9886601584
2025-09-10 03:00:00,0.0,0.007837751797024114,0.5126630348375244,-1955580.745340224
2025-09-10 04:00:00,0.0,0.008300956702066443,0.5124942865644216,-2000722.3924003986
2025-09-10 05:00:00,0.0,0.009428616199257195,0.5123255627311023,-1858011.9812304429
2025-09-10 06:00:00,0.0,0.010695891501160697,0.5121568634243678,-1788367.9241350049
2025-09-10 07:00:00,0.1526730305806756,0.007458794155613746,0.5119881887310073,-1888602.6237193935
2025-09-10 08:00:00,0.29494164643139054,0.007805272370666157,0.5118195387377971,-1826729.5171182696
2025-09-10 09:00:00,0.41711047649192273,0.010239438628596276,0.5116509135315009,-1856370.6884146738
2025-09-10 10:00:00,0.5108539168871843,0.010402588482223068,0.5114823131988696,-1701173.2263151456
2025-09-10 11:00:00,0.5697835070725984,0.007458217600242624,0.5113137378266411,-1615999.162187655
2025-09-10 12:00:00,0.5898832928627812,0.00995439026342268,0.5111451875015409,-1679850.5702392913
2025-09-10 13:00:00,0.5697835070725984,0.010019310753765848,0.5109766623102813,-1634613.7229430724
2025-09-10 14:00:00,0.5108539168871844,0.009003529488655078,0.5108081623395617,-1660573.2814568814
2025-09-10 15:00:00,0.4171104764919228,0.0066516996771021535,0.5106396876760687,-1802870.452164927
2025-09-10 16:00:00,0.29494164643139054,0.007161204201263616,0.5104712384064757,-1628938.3509876358
2025-09-10 17:00:00,0.15267303058067577,0.009122896990722119,0.510302814617443,-1696199.0519667221
2025-09-10 18:00:00,7.223986864749057e-17,0.007669584880832864,0.5101344163956182,-1778151.437101903
2025-09-10 19:00:00,0.0,0.008257521065344933,0.509966043827635,-1768416.9426309727
2025-09-10 20:00:00,0.0,0.009232045814717942,0.5097976970001145,-1940119.2457205774
2025-09-10 21:00:00,0.0,0.00998022579838908,0.5096293759996644,-1885711.4448812073
2025-09-10 22:00:00,0.0,0.008651571815563083,0.509461080912879,-1837889.6176674315
2025-09-10 23:00:00,0.0,0.007702605952148102,0.5092928118263397,-1905728.1289894972
2025-09-11 00:00:00,0.0,0.007430973880112478,0.5091245688266137,-2067846.73186617
2025-09-11 01:00:00,0.0,0.009120628218624053,0.5089563520002557,-1897019.6403015913
2025-09-11 02:00:00,0.0,0.006595843778691258,0.5087881614338062,-1865379.31308056
2025-09-11 03:00:00,0.0,0.009585149503181619,0.508619997213793,-1988159.6099632985
2025-09-11 04:00:00,0.0,0.007390575607512891,0.5084518594267292,-1976881.2092054237
2025-09-11 05:00:00,0.0,0.0069201773806695415,0.5082837481591155,-1775351.1272236311
2025-09-11 06:00:00,0.0,0.006621745219897286,0.5081156634974379,-1853183.1806648967
2025-09-11 07:00:00,0.15047830036363075,0.008104029338320341,0.5079476055281694,-1845209.0018910968
2025-09-11 08:00:00,0.2907017532346292,0.008317399087232833,0.5077795743377691,-1740949.8260994758
2025-09-11 09:00:00,0.4111143620300494,0.009298680504479951,0.5076115700126824,-1640222.2589801727
2025-09-11 10:00:00,0.5035102064517281,0.008622387937401813,0.5074435926393406,-1676294.9729280276
2025-09-11 11:00:00,0.5615926623936802,0.007884860199977261,0.5072756423041616,-1808706.706343056
2025-09-11 12:00:00,0.5814035064692585,0.007224415197414465,0.5071077190935488,-1759016.3346704866
2025-09-11 13:00:00,0.5615926623936802,0.007212774653355222,0.5069398230938921,-1741823.8267525663
2025-09-11 14:00:00,0.5035102064517282,0.006299929458956716,0.5067719543915675,-1726771.0694231982
2025-09-11 15:00:00,0.4111143620300495,0.007067526178967214,0.5066041130729363,-1616602.5113999886
2025-09-11 16:00:00,0.2907017532346292,0.008446166693348587,0.5064362992243462,-1696591.2100615182
2025-09-11 17:00:00,0.15047830036363088,0.008309385453586096,0.5062685129321308,-1824574.7676695925
2025-09-11 18:00:00,7.12013943210625e-17,0.00656808801263097,0.5061007542826094,-1731478.314338966
2025-09-11 19:00:00,0.0,0.009236284405855933,0.505933023362087,-1744830.5937731422
2025-09-11 20:00:00,0.0,0.009085573946005428,0.5057653202568545,-1886722.5110861568
2025-09-11 21:00:00,0.0,0.0064508609051514565,0.5055976450531885,-1810570.302519193
2025-09-11 22:00:00,0.0,0.007626023126623734,0.5054299978373512,-1998506.3877626935
2025-09-11 23:00:00,0.0,0.00895656462142926,0.5052623786955903,-1903451.4775051682
2025-09-12 00:00:00,0.0,0.007759619959252196,0.5050947877141388,-1881607.0412448451
2025-09-12 01:00:00,0.0,0.008139239861313721,0.5049272249792159,-2027379.4245908358
2025-09-12 02:00:00,0.0,0.009043223953655274,0.504759690577026,-1949915.9352001245
2025-09-12 03:00:00,0.0,0.006992155187853239,0.5045921845937584,-1942764.0006374768
2025-09-12 04:00:00,0.0,0.007963000505076683,0.5044247071155885,-1933046.8091578835
2025-09-12 05:00:00,0.0,0.00821220455229903,0.5042572582286768,-1796003.7129537384
2025-09-12 06:00:00,0.0,0.007950927655499129,0.5040898380191688,-1930150.8652750063
2025-09-12 07:00:00,0.14827732701301855,0.007012655733710557,0.5039224465731958,-1990277.6584046897
2025-09-12 08:00:00,0.2864497992299686,0.008181959619219576,0.5037550839768737,-1817182.2678167867
2025-09-12 09:00:00,0.4051011910100718,0.006162536050800289,0.5035877503163041,-1683950.1559629017
2025-09-12 10:00:00,0.49614560608420993,0.007578830041542324,0.503420445677573,-1607808.4783442921
2025-09-12 11:00:00,0.5533785180230903,0.006503175897508532,0.5032531701467523,-1637640.1782735696
2025-09-12 12:00:00,0.5728995984599373,0.007671616145264723,0.5030859238098984,-1775702.6221631216
2025-09-12 13:00:00,0.5533785180230903,0.005514384459914117,0.5029187067530528,-1551282.684124383
2025-09-12 14:00:00,0.49614560608421004,0.007318251463961619,0.5027515190622421,-1635984.3321965002
2025-09-12 15:00:00,0.40510119101007186,0.00828592542147998,0.5025843608234777,-1557851.5745947845
2025-09-12 16:00:00,0.2864497992299686,0.008457250883820164,0.5024172321227557,-1750766.3569231785
2025-09-12 17:00:00,0.14827732701301868,0.006892936970674663,0.5022501330460569,-1791479.329760091
2025-09-12 18:00:00,7.015996594867661e-17,0.007771036807840865,0.5020830636793477,-1772032.4498290964
2025-09-12 19:00:00,0.0,0.0068362171993887645,0.5019160241085779,-1934873.7919643475
2025-09-12 20:00:00,0.0,0.005679970900566858,0.501749014419683,-1927706.4606045322
2025-09-12 21:00:00,0.0,0.007863002931231945,0.5015820346985826,-1878096.4187529145
2025-09-12 22:00:00,0.0,0.00552514298726301,0.5014150850311813,-2048203.3710465345
2025-09-12 23:00:00,0.0,0.005522780370062,0.5012481655033678,-1817582.960816153
2025-09-13 00:00:00,0.0,0.0059250901303303655,0.5010812762010157,-1951289.2422048305
2025-09-13 01:00:00,0.0,0.007497525494262124,0.5009144172099826,-2028431.057877168
2025-09-13 02:00:00,0.0,0.005464537394989548,0.5007475886161109,-1938637.5605345909
2025-09-13 03:00:00,0.0,0.005396243674998698,0.5005807905052275,-1876349.7446540606
2025-09-13 04:00:00,0.0,0.005484448536935287,0.5004140229631429,-1826743.6507972712
2025-09-13 05:00:00,0.0,0.006406182839652733,0.5002472860756523,-1855812.0018011231
2025-09-13 06:00:00,0.0,0.006402516028226938,0.5000805799285353,-1836405.6016205086
2025-09-13 07:00:00,0.1460707627247438,0.00788006797953899,0.49991390460755547,-1799549.5415144004
2025-09-13 08:00:00,0.2821870443631452,0.005133554513022335,0.4997472601984607,-1834121.175885357
2025-09-13 09:00:00,0.3990727452643382,0.006013543956395102,0.4995806467869828,-1694283.1779111808
2025-09-13 10:00:00,0.48876229807466026,0.007720630314173378,0.49941406445883774,-1778015.540502027
2025-09-13 11:00:00,0.5451435079890821,0.007650085109165392,0.4992475132997252,-1662699.550391376
2025-09-13 12:00:00,0.5643740887262905,0.0050893707495525305,0.49908099339532924,-1611874.5378708974
2025-09-13 13:00:00,0.5451435079890821,0.005628991934501122,0.49891450483131766,-1664281.4892784469
2025-09-13 14:00:00,0.4887622980746603,0.0065410538380930115,0.49874804769334236,-1715422.6752821356
2025-09-13 15:00:00,0.3990727452643383,0.006454200623122481,0.4985816220670383,-1725137.404516452
2025-09-13 16:00:00,0.2821870443631452,0.006909189853486399,0.49841522803802524,-1522630.0226375116
2025-09-13 17:00:00,0.14607076272474398,0.005196407083511244,0.4982488656919061,-1730010.8879332535
2025-09-13 18:00:00,6.911589212803559e-17,0.0067641663794467365,0.49808253511426764,-1847647.9897097414
2025-09-13 19:00:00,0.0,0.005198089805138568,0.4979162363906802,-1875929.5440951618
2025-09-13 20:00:00,0.0,0.005530026457423098,0.49774996960669793,-1916596.4799146198
2025-09-13 21:00:00,0.0,0.006301904286740104,0.49758373484785834,-1836515.0563419864
2025-09-13 22:00:00,0.0,0.007463392200434406,0.49741753219968265,-1954757.4555554313
2025-09-13 23:00:00,0.0,0.006409446588840253,0.4972513617476755,-2098137.7324436517
2025-09-14 00:00:00,0.0,0.005601330920236642,0.49708522357732454,-1981890.8135656393
2025-09-14 01:00:00,0.0,0.005505602332631555,0.49691911777410147,-2036900.3557046186
2025-09-14 02:00:00,0.0,0.005328085416674724,0.496753044423461,-1984044.719865076
2025-09-14 03:00:00,0.0,0.00708113093388187,0.4965870036108413,-2096107.4657329302
2025-09-14 04:00:00,0.0,0.006221614061617748,0.4964209954216636,-1877805.0458649371
2025-09-14 05:00:00,0.0,0.0070819935904986924,0.4962550199413325,-1806665.7343879072
2025-09-14 06:00:00,0.0,0.005090575346157109,0.49608907725523566,-1870017.302564547
2025-09-14 07:00:00,0.14385926135142665,0.004675315648286611,0.49592316744874404,-1828777.4332735245
2025-09-14 08:00:00,0.27791475178042363,0.0045969212412450885,0.4957572906072117,-1774974.3978355625
2025-09-14 09:00:00,0.3930308111514274,0.006111453831678988,0.4955914468159753,-1691555.2915199515
2025-09-14 10:00:00,0.4813624702565869,0.006590433974147704,0.4954256361603549,-1642991.9487722511
2025-09-14 11:00:00,0.5368900725028541,0.005053434888500297,0.49525985872565353,-1571285.6721130596
2025-09-14 12:00:00,0.5558295035608474,0.005821482869450193,0.49509411459715696,-1678449.832825624
2025-09-14 13:00:00,0.5368900725028541,0.004527844171046601,0.49492840386013404,-1595377.4424745007
2025-09-14 14:00:00,0.48136247025658696,0.006252416700426314,0.4947627265998361,-1857548.824846239
2025-09-14 15:00:00,0.39303081115142746,0.005561794817072621,0.4945970829014974,-1615226.9744954386
2025-09-14 16:00:00,0.27791475178042363,0.0064640656254831945,0.49443147285033523,-1724464.5735072773
2025-09-14 17:00:00,0.14385926135142682,0.004360611397875152,0.49426589653154906,-1870263.28379166
2025-09-14 18:00:00,6.806948224074541e-17,0.004872520256843329,0.49410035403032143,-1691716.735342123
2025-09-14 19:00:00,0.0,0.0054732436817316035,0.49393484543181754,-1764019.4128150523
2025-09-14 20:00:00,0.0,0.004616780068659764,0.4937693708211843,-1806318.270179731
2025-09-14 21:00:00,0.0,0.0065614888994616795,0.49360393028355215,-1922799.2551537044
2025-09-14 22:00:00,0.0,0.006091473718376255,0.4934385239040336,-1959934.9363234024
2025-09-14 23:00:00,0.0,0.004704662389418786,0.4932731517677235,-1910250.6724398166
2025-09-15 00:00:00,0.0,0.005381037944735673,0.4931078139596993,-2024201.6926360386
2025-09-15 01:00:00,0.0,0.00534851435730265,0.49294251056502053,-2091254.4877025527
2025-09-15 02:00:00,0.0,0.005744659122787478,0.49277724166872927,-1989985.9230338892
2025-09-15 03:00:00,0.0,0.005319955795209897,0.49261200735584976,-1818535.8571525563
2025-09-15 04:00:00,0.0,0.004499907360409764,0.49244680771138843,-1943163.3441899796
2025-09-15 05:00:00,0.0,0.00461584061199792,0.4922816428203336,-1907355.0751471643
2025-09-15 06:00:00,0.0,0.006064749340379841,0.4921165127676562,-1920974.492273106
2025-09-15 07:00:00,0.1416434782086521,0.0056964425381054225,0.491951417638309,-1828088.9468065307
2025-09-15 08:00:00,0.27363418745429985,0.005041058002310218,0.49178635751722677,-1743295.6127537542
2025-09-15 09:00:00,0.3869771790268127,0.005781554323345713,0.49162133248932643,-1760576.4531763454
2025-09-15 10:00:00,0.47394831535867366,0.005360778259594522,0.49145634263950666,-1712769.4304311736
2025-09-15 11:00:00,0.5286206572354649,0.004960536339154723,0.491291388052648,-1662249.9322015226
2025-09-15 12:00:00,0.5472683749085998,0.006051890317558243,0.4911264688136132,-1833846.7275447089
2025-09-15 13:00:00,0.5286206572354649,0.004924606975442634,0.4909615850072466,-1714812.6749694045
2025-09-15 14:00:00,0.4739483153586737,0.00422711330107885,0.4907967367183741,-1637827.3154036142
2025-09-15 15:00:00,0.3869771790268128,0.004288782283748615,0.49063192403180367,-1603016.2284516525
2025-09-15 16:00:00,0.27363418745429985,0.005846570921603772,0.4904671470323246,-1823662.9007400202
2025-09-15 17:00:00,0.14164347820865228,0.005804623750604517,0.49030240580470813,-1689205.8919937573
2025-09-15 18:00:00,6.702104636063905e-17,0.00526224601357221,0.49013770043370714,-1803822.639796607
2025-09-15 19:00:00,0.0,0.004876057876447299,0.48997303100405587,-1821371.053098701
2025-09-15 20:00:00,0.0,0.004562746660223053,0.4898083976004702,-1925244.323944025
2025-09-15 21:00:00,0.0,0.005627455870611716,0.4896438003076473,-1708605.8454065847
2025-09-15 22:00:00,0.0,0.00427521566322231,0.48947923921026587,-1971726.2629640035
2025-09-15 23:00:00,0.0,0.0038288535341324662,0.48931471439298635,-1933758.266957251
2025-09-16 00:00:00,0.0,0.0041302118226765735,0.48915022594044966,-2071045.2427810759
2025-09-16 01:00:00,0.0,0.004980565182268726,0.48898577393727866,-1891073.8327824487
2025-09-16 02:00:00,0.0,0.005470035689496813,0.4888213584680773,-1894403.9144626611
2025-09-16 03:00:00,0.0,0.004995007539043667,0.48865697961743076,-2022005.982969034
2025-09-16 04:00:00,0.0,0.004565809993724029,0.48849263746990546,-1918215.536854987
2025-09-16 05:00:00,0.0,0.0040083386831127514,0.4883283321100487,-1952477.6177666062
2025-09-16 06:00:00,0.0,0.0053294835688288715,0.48816406362238923,-2026140.0071716383
2025-09-16 07:00:00,0.13942406988078584,0.004820930445453828,0.48799983209143627,-1817874.039830945
2025-09-16 08:00:00,0.2693466198083657,0.005125062537689921,0.48783563760168075,-1752559.6091026561
2025-09-16 09:00:00,0.38091364271234057,0.004127251511226115,0.4876714802375937,-1756748.3739603965
2025-09-16 10:00:00,0.46652203035502726,0.005196533077206036,0.4875073600836277,-1790116.347105373
2025-09-16 11:00:00,0.5203377125931264,0.003832088190880495,0.4873432772242161,-1700300.0097145445
2025-09-16 12:00:00,0.5386932396167315,0.00413699906811211,0.4871792317437727,-1644832.0656306604
2025-09-16 13:00:00,0.5203377125931264,0.004799399978022537,0.48701522372669254,-1743730.8547954569
2025-09-16 14:00:00,0.4665220303550273,0.0051164435548414905,0.48685125325735107,-1758162.778001876
2025-09-16 15:00:00,0.3809136427123406,0.004566811308300823,0.4866873204201045,-1709871.1406634487
2025-09-16 16:00:00,0.2693466198083657,0.004157460087555638,0.4865234252992897,-1713374.3613399079
2025-09-16 17:00:00,0.139424069880786,0.0034852480786596225,0.4863595679792243,-1768668.2531330157
2025-09-16 18:00:00,6.597089516189484e-17,0.004699490678384366,0.48619574854420605,-1853362.7025203623
2025-09-16 19:00:00,0.0,0.003676844565930227,0.4860319670785138,-1817929.5933706833
2025-09-16 20:00:00,0.0,0.0049697021964633945,0.4858682236664061,-1914514.2190488942
2025-09-16 21:00:00,0.0,0.004631612468391914,0.48570451839212264,-1918134.8262825527
2025-09-16 22:00:00,0.0,0.003754459125625477,0.4855408513398831,-2023282.99994713
2025-09-16 23:00:00,0.0,0.003231398820060165,0.48537722259388777,-1911544.0532001625
2025-09-17 00:00:00,0.0,0.004725499796164475,0.4852136322383169,-2075555.7894451658
2025-09-17 01:00:00,0.0,0.004741520477568317,0.4850500803573313,-2028234.3183443623
2025-09-17 02:00:00,0.0,0.0037649829699778706,0.4848865670350718,-2055577.4236240238
2025-09-17 03:00:00,0.0,0.0031954226449368087,0.48472309235565947,-1926876.8730221894
2025-09-17 04:00:00,0.0,0.0037150018147170854,0.4845596564031957,-1927194.1589426128
2025-09-17 05:00:00,0.0,0.004948740417823663,0.48439625926176116,-1906594.0398410899
2025-09-17 06:00:00,0.0,0.004496879999415256,0.4842329010154175,-1822176.942490228
2025-09-17 07:00:00,0.13720169402641427,0.004534508819659505,0.4840695817482059,-1975688.232648323
2025-09-17 08:00:00,0.2650533193414482,0.004241082338788656,0.4839063015441476,-1940735.6929993618
2025-09-17 09:00:00,0.3748419989646831,0.004279635349984734,0.4837430604872437,-1718611.4879896415
2025-09-17 10:00:00,0.45908581581416696,0.003359719086191643,0.48357985866147524,-1768627.389649742
2025-09-17 11:00:00,0.5120436929910974,0.0031203452522884116,0.48341669615080285,-1699862.2300724415
2025-09-17 12:00:00,0.5301066386828965,0.004178962032276078,0.4832535730391673,-1565522.1498952138
2025-09-17 13:00:00,0.5120436929910974,0.004296018152000208,0.48309048941048893,-1777048.769664773
2025-09-17 14:00:00,0.459085815814167,0.004130998067721323,0.48292744534866733,-1681543.0441120134
2025-09-17 15:00:00,0.3748419989646832,0.003937559267509376,0.4827644409375824,-1764181.1975227601
2025-09-17 16:00:00,0.2650533193414482,0.004495916497404741,0.48260147626109334,-1770623.7578036818
2025-09-17 17:00:00,0.1372016940264144,0.0033461000397864483,0.48243855140303893,-1817760.2318510097
2025-09-17 18:00:00,6.491933982697718e-17,0.004284279884788883,0.4822756664472375,-1882342.723634277
2025-09-17 19:00:00,0.0,0.0031551361164790254,0.4821128214774868,-1810763.0350030763
2025-09-17 20:00:00,0.0,0.00447323288011647,0.48195001657756403,-1946497.8084691393
2025-09-17 21:00:00,0.0,0.0033638455972156128,0.48178725183122595,-1889692.4642747627
2025-09-17 22:00:00,0.0,0.004327228860598635,0.4816245273222081,-2039251.3119419839
2025-09-17 23:00:00,0.0,0.00284996582422217,0.481461843134226,-1992469.6393862846
2025-09-18 00:00:00,0.0,0.0030584578536424524,0.48129919935097426,-2018709.9560424755
2025-09-18 01:00:00,0.0,0.003453312652256983,0.48113659605612613,-1974868.5627705785
2025-09-18 02:00:00,0.0,0.0034038817714813737,0.4809740333333348,-1991805.3085585511
2025-09-18 03:00:00,0.0,0.004274950314272725,0.4808115112662321,-2034793.3710780807
2025-09-18 04:00:00,0.0,0.0036182789041274404,0.4806490299384294,-1893950.920618279
2025-09-18 05:00:00,0.0,0.003637060181318123,0.48048658943351646,-1842818.1065461326
2025-09-18 06:00:00,0.0,0.004036394146068205,0.4803241898350627,-1953003.9761450076
2025-09-18 07:00:00,0.13497700918346575,0.0035606466490057456,0.48016183122661604,-1706074.386987837
2025-09-18 08:00:00,0.2607555582511326,0.003908551804560174,0.47999951369170346,-1912829.9278798525
2025-09-18 09:00:00,0.3687640469429194,0.0037580039846989155,0.4798372373138311,-1716937.086037586
2025-09-18 10:00:00,0.4516418752469477,0.004007443222188669,0.47967500217648323,-1576229.63800097
2025-09-18 11:00:00,0.5037410561263852,0.0038144911048657846,0.4795128083631235,-1754028.2503931797
2025-09-18 12:00:00,0.5215111165022653,0.00385147196646483,0.47935065595719406,-1763902.475023614
2025-09-18 13:00:00,0.5037410561263852,0.0035021461799442165,0.479188545042116,-1692544.9470100068
2025-09-18 14:00:00,0.4516418752469478,0.0026189356179765863,0.4790264757012886,-1791621.1207168272
2025-09-18 15:00:00,0.3687640469429195,0.0028998903223012035,0.4788644480180903,-1621449.4506629563
2025-09-18 16:00:00,0.2607555582511326,0.00346836600460475,0.4787024620758777,-1722871.7535835379
2025-09-18 17:00:00,0.13497700918346592,0.0029844386794720032,0.478540517957986,-1710912.1937540711
2025-09-18 18:00:00,6.386669195442617e-17,0.0035992421019464746,0.4783786157477294,-1757470.9653570338
2025-09-18 19:00:00,0.0,0.0030824553996956876,0.47821675552839943,-1889689.6200700046
2025-09-18 20:00:00,0.0,0.0037429148905424783,0.47805493738326704,-1830444.774891165
2025-09-18 21:00:00,0.0,0.0030992465680994286,0.4778931613955811,-1916809.9207489467
2025-09-18 22:00:00,0.0,0.003189714790577887,0.47773142764856885,-1955752.9824104316
2025-09-18 23:00:00,0.0,0.003719143265225354,0.477569736225436,-1861950.960391984
2025-09-19 00:00:00,0.0,0.0030672591894100334,0.477408087209366,-2042199.5404775091
2025-09-19 01:00:00,0.0,0.003027039300278705,0.477246480683521,-2120746.602490992
2025-09-19 02:00:00,0.0,0.003140513920306872,0.4770849167310409,-1941266.3470442726
2025-09-19 03:00:00,0.0,0.003164157275711653,0.476923395435044,-1999293.4186252165
2025-09-19 04:00:00,0.0,0.003282915834114169,0.4767619168786265,-1923706.230530628
2025-09-19 05:00:00,0.0,0.0032445624376041173,0.4766004811448628,-1907540.3071638294
2025-09-19 06:00:00,0.0,0.002410514372305826,0.4764390883168047,-1917872.4563549354
2025-09-19 07:00:00,0.13275067457407191,0.0025817311530403706,0.4762777384774826,-1670271.7585869029
2025-09-19 08:00:00,0.2564546100567832,0.0024674461823376522,0.4761164317099046,-1749362.9534865299
2025-09-19 09:00:00,0.3626815876754064,0.0027298041750076973,0.4759551680970563,-1643904.6562696616
2025-09-19 10:00:00,0.44419241445361296,0.003470142103262832,0.4757939477219016,-1792984.9484000423
2025-09-19 11:00:00,0.4954322622494784,0.0030506079443779247,0.47563277066738174,-1725316.2798260953
2025-09-19 12:00:00,0.5129092201135665,0.0030919944038236957,0.47547163701641604,-1621885.8132436385
2025-09-19 13:00:00,0.4954322622494784,0.0024235336374006412,0.47531054685190127,-1638251.0453357503
2025-09-19 14:00:00,0.444192414453613,0.002621184910194588,0.4751495002567116,-1759947.9154335426
2025-09-19 15:00:00,0.3626815876754065,0.0025758474317368004,0.47498849731369924,-1670138.2668880695
2025-09-19 16:00:00,0.2564546100567832,0.002797868794962903,0.4748275381056936,-1723362.1379786173
2025-09-19 17:00:00,0.13275067457407205,0.0030257341726959448,0.474666622715502,-1714608.3628791918
2025-09-19 18:00:00,6.281326346652446e-17,0.0029582805667833084,0.4745057512259087,-1784818.4186191156
2025-09-19 19:00:00,0.0,0.002845297423455767,0.47434492371967574,-1958587.8395465324
2025-09-19 20:00:00,0.0,0.0030864547721210886,0.4741841402795425,-1924276.7147303792
2025-09-19 21:00:00,0.0,0.0030992653062439346,0.4740234009882254,-1884942.408507145
2025-09-19 22:00:00,0.0,0.0031313340821718335,0.47386270592841867,-1873956.6204034726
2025-09-19 23:00:00,0.0,0.0028045691850134865,0.47370205518279307,-2008232.139876726
2025-09-20 00:00:00,0.0,0.002684380935391954,0.4735414488339972,-1980354.441757378
2025-09-20 01:00:00,0.0,0.0030465467267231246,0.47338088696465647,-2034387.455689907
2025-09-20 02:00:00,0.0,0.00240243743938341,0.47322036965737385,-1976182.034335729
2025-09-20 03:00:00,0.0,0.002745530240864125,0.4730598969947286,-1884611.7992151515
2025-09-20 04:00:00,0.0,0.0029324626697925385,0.4728994690592776,-1946774.1754679447
2025-09-20 05:00:00,0.0,0.0021824454389828313,0.4727390859335547,-2000289.360414558
2025-09-20 06:00:00,0.0,0.002237182246917227,0.4725787477000705,-1926218.645548244
2025-09-20 07:00:00,0.13052334990922573,0.002595094890132324,0.4724184544413126,-1871953.8763001845
2025-09-20 08:00:00,0.2521517492221721,0.002725662161441238,0.47225820623974546,-1790267.8501572856
2025-09-20 09:00:00,0.35659642352609533,0.0022494233144760853,0.4720980031778106,-1750939.237626985
2025-09-20 10:00:00,0.43673964087016826,0.0029799637826311404,0.4719378453379256,-1710728.480066331
2025-09-20 11:00:00,0.48711977343532115,0.0018973723907251766,0.47177773280248536,-1702225.0368485886
2025-09-20 12:00:00,0.5043034984443443,0.0027754410122610602,0.47161766565386154,-1563599.1687571548
2025-09-20 13:00:00,0.48711977343532115,0.0027304956894248795,0.4714576439744022,-1611385.2794770577
2025-09-20 14:00:00,0.4367396408701683,0.0022973643416355515,0.47129766784643207,-1681075.0706827412
2025-09-20 15:00:00,0.3565964235260954,0.0026107870804280547,0.4711377373522524,-1626269.5697305445
2025-09-20 16:00:00,0.2521517492221721,0.002144235378576724,0.470977852574141,-1768958.6071402645
2025-09-20 17:00:00,0.13052334990922587,0.0018766134674153491,0.4708180135943522,-1717607.6168807952
2025-09-20 18:00:00,6.175936651686784e-17,0.0019192037240585592,0.470658220495117,-1823236.0293148647
2025-09-20 19:00:00,0.0,0.0019826436062854876,0.4704984733586421,-1849002.928805736
2025-09-20 20:00:00,0.0,0.00217069241651997,0.4703387722671112,-1843406.0600216773
2025-09-20 21:00:00,0.0,0.002336408572274494,0.470179117302684,-1889547.049861794
2025-09-20 22:00:00,0.0,0.0020453584214237624,0.47001950854749674,-1872341.6775974599
2025-09-20 23:00:00,0.0,0.0023556760724513653,0.46985994608366166,-1926656.386756026
2025-09-21 00:00:00,0.0,0.00199697873490636,0.46970042999326717,-2072671.5463312827
2025-09-21 01:00:00,0.0,0.002702744254324391,0.46954096035837795,-1943835.6232142271
2025-09-21 02:00:00,0.0,0.00245762444405305,0.4693815372610348,-2062579.19009221
2025-09-21 03:00:00,0.0,0.0024628642762438285,0.4692221607832545,-1977940.3201483267
2025-09-21 04:00:00,0.0,0.0017105774794207947,0.4690628310070297,-2016564.5725791147
2025-09-21 05:00:00,0.0,0.002362519410410174,0.4689035480143295,-1935552.0766171059
2025-09-21 06:00:00,0.0,0.002521795417708574,0.4687443118870981,-1724076.741629189
2025-09-21 07:00:00,0.128295695193295,0.0018265734101868556,0.46858512270725633,-1793239.1532077547
2025-09-21 08:00:00,0.24784825077782785,0.0017554433493086616,0.4684259805567008,-1780037.2119956268
2025-09-21 09:00:00,0.35051035766045213,0.0020071801618818225,0.46826688551730355,-1775071.863935538
2025-09-21 10:00:00,0.4292857629142704,0.001702352199093741,0.4681078376709127,-1833089.758035169
2025-09-21 11:00:00,0.4788060528537472,0.002042103763233259,0.467948837099352,-1669910.92558523
2025-09-21 12:00:00,0.49569650155565576,0.0021551447507070945,0.4677898838844208,-1790480.8550904004
2025-09-21 13:00:00,0.4788060528537472,0.0017294448239152064,0.4676309781078941,-1516896.991712945
2025-09-21 14:00:00,0.42928576291427045,0.001766584375678613,0.4674721198515229,-1622984.1511891475
2025-09-21 15:00:00,0.3505103576604522,0.002041644180663916,0.46731330919703296,-1727155.8065628465
2025-09-21 16:00:00,0.24784825077782785,0.0016400175164438709,0.46715454622612607,-1774646.1090399043
2025-09-21 17:00:00,0.12829569519329515,0.0014972477044830935,0.4669958310204796,-1818656.828295863
2025-09-21 18:00:00,6.070531339786748e-17,0.0022607530491522624,0.4668371636617459,-1920753.6504470666
2025-09-21 19:00:00,0.0,0.0022081091858749463,0.4666785442315532,-1832582.9216383959
2025-09-21 20:00:00,0.0,0.002077808732790649,0.4665199728115047,-1829715.3372876705
2025-09-21 21:00:00,0.0,0.0016189742789608028,0.4663614494831791,-1869479.101697104
2025-09-21 22:00:00,0.0,0.0017096186655194202,0.4662029743281303,-1907240.8182812529
2025-09-21 23:00:00,0.0,0.0017679473068136717,0.46604454742788753,-1982040.7343009794
2025-09-22 00:00:00,0.0,0.0018874845647894089,0.4658861688639546,-1945882.7165137946
2025-09-22 01:00:00,0.0,0.002181447509348257,0.46572783871781137,-2028540.0273569976
2025-09-22 02:00:00,0.0,0.0016722232152729722,0.46556955707091224,-2038076.8793918567
2025-09-22 03:00:00,0.0,0.0015258168783425909,0.46541132400468666,-1984770.12616155
2025-09-22 04:00:00,0.0,0.0015166748731263845,0.46525313960053927,-1955474.5966844487
2025-09-22 05:00:00,0.0,0.0014562996815573783,0.4650950039398496,-1841220.3610377428
2025-09-22 06:00:00,0.0,0.002127066423397383,0.4649369171039721,-1827391.9648990517
2025-09-22 07:00:00,0.12606837052844885,0.002058427575545609,0.4647788791742364,-1820655.6033159741
2025-09-22 08:00:00,0.24354538994321676,0.0015964005322415431,0.4646208902319461,-1730820.6916796872
2025-09-22 09:00:00,0.34442519351114115,0.0020033690103350293,0.4644629503583804,-1893107.7735227528
2025-09-22 10:00:00,0.42183298933082575,0.0014283495954673642,0.46430505963479335,-1661575.9331676732
2025-09-22 11:00:00,0.47049356403959003,0.0014638668753148502,0.46414721814241294,-1546308.8054862972
2025-09-22 12:00:00,0.48709077988643357,0.0015296251856704846,0.4639894259624424,-1631947.3333072625
2025-09-22 13:00:00,0.47049356403959003,0.0016899939711014875,0.4638316831760596,-1684209.9008294772
2025-09-22 14:00:00,0.4218329893308258,0.0019166831344444276,0.46367398986441677,-1739396.8991060066
2025-09-22 15:00:00,0.3444251935111412,0.0014977211324281262,0.4635163461086409,-1603145.897923044
2025-09-22 16:00:00,0.24354538994321676,0.0019056533093259145,0.46335875198983323,-1812950.991632598
2025-09-22 17:00:00,0.126068370528449,0.0017254328202652382,0.4632012075890697,-1716818.5383966826
2025-09-22 18:00:00,5.965141644821089e-17,0.0012684713892044087,0.46304371298740055,-1792807.1759583773
2025-09-22 19:00:00,0.0,0.0018046927760087307,0.46288626826585066,-1921647.9525646793
2025-09-22 20:00:00,0.0,0.0012936612885192406,0.4627288735054187,-1946621.9752274046
2025-09-22 21:00:00,0.0,0.0015953853054062235,0.46257152878707797,-1960674.6021618312
2025-09-22 22:00:00,0.0,0.0016421151444902652,0.4624142341917762,-1957658.9096108803
2025-09-22 23:00:00,0.0,0.001685574142435256,0.46225698980043506,-1966636.1194142578
2025-09-23 00:00:00,0.0,0.0012726979620265037,0.4620997956939504,-1888082.4457586918
2025-09-23 01:00:00,0.0,0.0015863558445783018,0.4619426519531924,-1960935.0376003885
2025-09-23 02:00:00,0.0,0.0016847645057046898,0.46178555865900517,-1982958.0478305419
2025-09-23 03:00:00,0.0,0.001415878442502289,0.46162851589220716,-2060412.2639888884
2025-09-23 04:00:00,0.0,0.0016819873967951653,0.46147152373359007,-1870662.6298748
2025-09-23 05:00:00,0.0,0.0013698517116080232,0.4613145822639204,-2012495.903139643
2025-09-23 06:00:00,0.0,0.001165321145215792,0.4611576915639381,-1875726.553437728
2025-09-23 07:00:00,0.12384203591905502,0.0016841431639338736,0.4610008517143571,-1860029.9330234593
2025-09-23 08:00:00,0.2392444417488674,0.001426764076793822,0.4608440627958655,-1740287.9530274346
2025-09-23 09:00:00,0.3383427342436282,0.0013795422084481816,0.46068732488912456,-1706634.250509245
2025-09-23 10:00:00,0.414383528537491,0.0015481193729625078,0.46053063807477007,-1802989.0131527989
2025-09-23 11:00:00,0.4621847701626833,0.0011815820580306665,0.4603740024334106,-1701459.7030067542
2025-09-23 12:00:00,0.47848888349773483,0.0014174128351836731,0.46021741804562916,-1672683.8759469755
2025-09-23 13:00:00,0.4621847701626833,0.0011492706604003234,0.4600608849919821,-1651470.1177184444
2025-09-23 14:00:00,0.41438352853749105,0.001077658986951837,0.4599044033529996,-1634351.4030668405
2025-09-23 15:00:00,0.33834273424362826,0.0011870949646817664,0.45974797320918476,-1695236.0609975369
2025-09-23 16:00:00,0.2392444417488674,0.0011284302959897634,0.45959159464101484,-1699438.2029726976
2025-09-23 17:00:00,0.12384203591905515,0.0014633993137371825,0.4594352677289404,-1768577.0274078492
2025-09-23 18:00:00,5.859798796030917e-17,0.0014639170103045546,0.4592789925533852,-1707631.6500102463
2025-09-23 19:00:00,0.0,0.0010519981009535662,0.45912276919474676,-1740320.7588571424
2025-09-23 20:00:00,0.0,0.001310922739806183,0.45896659773339565,-1926680.309110946
2025-09-23 21:00:00,0.0,0.0012357854348908027,0.4588104782496757,-1966523.849321873
2025-09-23 22:00:00,0.0,0.0011056076355353414,0.4586544108239042,-2029249.6681677494
2025-09-23 23:00:00,0.0,0.0010101203648009763,0.45849839553637173,-1943776.418690187
2025-09-24 00:00:00,0.0,0.0009623471989350194,0.45834243246734163,-2021164.6913477986
2025-09-24 01:00:00,0.0,0.0010093195724756227,0.4581865216970508,-2018878.3129997482
2025-09-24 02:00:00,0.0,0.0010492841052872975,0.45803066330570896,-1967242.8237116917
2025-09-24 03:00:00,0.0,0.0012453238181022262,0.45787485737349914,-1954184.7688202183
2025-09-24 04:00:00,0.0,0.0010562049982914925,0.45771910398057714,-2012883.549504428
2025-09-24 05:00:00,0.0,0.001318040346838411,0.4575634032070719,-1912825.462141915
2025-09-24 06:00:00,0.0,0.0010563326949024107,0.4574077551330851,-1868084.6866021426
2025-09-24 07:00:00,0.12161735107610652,0.0010124248951297566,0.4572521598386916,-1787819.1410255642
2025-09-24 08:00:00,0.2349466806585518,0.0010655662120190152,0.45709661740393903,-1858942.9010180274
2025-09-24 09:00:00,0.3322647822218645,0.001217143622294127,0.45694112790884733,-1718455.8925840757
2025-09-24 10:00:00,0.4069395879702718,0.0008774930544858,0.45678569143340986,-1667667.7524535253
2025-09-24 11:00:00,0.45388213329797106,0.0010798455213875998,0.45663030805759236,-1801514.131469909
2025-09-24 12:00:00,0.46989336131710363,0.001121928834591965,0.4564749778613335,-1741920.1485255563
2025-09-24 13:00:00,0.45388213329797106,0.0009480647241281027,0.45631970092454444,-1700108.9591533127
2025-09-24 14:00:00,0.4069395879702718,0.0007668649786260471,0.4561644773271086,-1745461.918941913
2025-09-24 15:00:00,0.3322647822218645,0.001072024367259318,0.4560093071488825,-1745763.2294577488
2025-09-24 16:00:00,0.2349466806585518,0.0010726544381377786,0.45585419046969505,-1743980.036860213
2025-09-24 17:00:00,0.12161735107610665,0.000831086237550576,0.45569912736934753,-1802513.8400508887
2025-09-24 18:00:00,5.754534008775817e-17,0.0007415733971222469,0.45554411792761357,-1919990.80019518
2025-09-24 19:00:00,0.0,0.0007960580364386497,0.45538916222423964,-1664175.9481594786
2025-09-24 20:00:00,0.0,0.0007635001646232915,0.45523426033894376,-1908463.000485648
2025-09-24 21:00:00,0.0,0.000772032330634582,0.45507941235141686,-1929339.6425192016
2025-09-24 22:00:00,0.0,0.0007854308109194413,0.4549246183413222,-1967528.9990660492
2025-09-24 23:00:00,0.0,0.0010777299229816836,0.45476987838829497,-1983153.8564682985
2025-09-25 00:00:00,0.0,0.0010414571709379482,0.45461519257194266,-2045511.321395822
2025-09-25 01:00:00,0.0,0.0009845231974382725,0.454460560971845,-1977490.3109306812
2025-09-25 02:00:00,0.0,0.0008772662153929668,0.45430598366755365,-2048815.9920077429
2025-09-25 03:00:00,0.0,0.0010098880113777716,0.4541514607385924,-2005847.7847813433
2025-09-25 04:00:00,0.0,0.0008780999744218548,0.45399699226445756,-2117415.648038242
2025-09-25 05:00:00,0.0,0.000998353708612904,0.45384257832461616,-1961707.6226175283
2025-09-25 06:00:00,0.0,0.0006277982554774912,0.4536882189985084,-1653597.965845794
2025-09-25 07:00:00,0.11939497522173492,0.0007814096788632697,0.4535339143655461,-1845544.435560376
2025-09-25 08:00:00,0.23065338019163428,0.0008322138533554097,0.45337966450511247,-1842109.9495581614
2025-09-25 09:00:00,0.326193138474207,0.0006724924115842971,0.4532254694965631,-1726672.9901111638
2025-09-25 10:00:00,0.39950337342941145,0.0008387807824247715,0.4530713294192252,-1756471.9067899617
2025-09-25 11:00:00,0.445588113695942,0.0006363046038346861,0.45291724435239733,-1794341.3030700763
2025-09-25 12:00:00,0.4613067603832686,0.0007282703393640316,0.4527632143753504,-1647513.58853347
2025-09-25 13:00:00,0.445588113695942,0.000825667569852075,0.4526092395673267,-1707111.7312705228
2025-09-25 14:00:00,0.3995033734294115,0.0008930549019690965,0.45245532000753974,-1737230.0393051172
2025-09-25 15:00:00,0.32619313847420706,0.0007731279579032347,0.45230145577517505,-1695392.9590189513
2025-09-25 16:00:00,0.23065338019163428,0.0008669856008222875,0.45214764694938997,-1592838.270523833
2025-09-25 17:00:00,0.11939497522173506,0.0006699062116038452,0.45199389360931247,-1763188.8737353147
2025-09-25 18:00:00,5.64937847528405e-17,0.0005366931222511313,0.45184019583404267,-1917438.610052552
2025-09-25 19:00:00,0.0,0.0008338640491383177,0.451686553702652,-1881357.5437369272
2025-09-25 20:00:00,0.0,0.0008198075477054829,0.451532967294183,-1928058.8867860718
2025-09-25 21:00:00,0.0,0.0007238324344597034,0.4513794366876499,-1846274.3791446362
2025-09-25 22:00:00,0.0,0.000691768790233462,0.45122596196203796,-1934568.8162684592
2025-09-25 23:00:00,0.0,0.0007766104298378802,0.4510725431963037,-1931442.102118614
2025-09-26 00:00:00,0.0,0.0004991514464752065,0.45091918046937524,-1916910.5846412168
2025-09-26 01:00:00,0.0,0.0007256349428224583,0.450765873860151,-1950081.030085367
2025-09-26 02:00:00,0.0,0.0005586498446622265,0.45061262344750147,-1968452.2970813694
2025-09-26 03:00:00,0.0,0.0006167462115446203,0.45045942931026767,-1891710.3466636974
2025-09-26 04:00:00,0.0,0.0007038741622179784,0.450306291527262,-1907542.1424572852
2025-09-26 05:00:00,0.0,0.0005789084717430584,0.4501532101772675,-1982661.2900243215
2025-09-26 06:00:00,0.0,0.0007159286224055643,0.45000018533903846,-1819771.9378499354
2025-09-26 07:00:00,0.11717556689386865,0.0006468528534206322,0.4498472170913001,-1897680.8369975986
2025-09-26 08:00:00,0.22636581254570015,0.000439285414052809,0.4496943055127484,-1790419.8996399941
2025-09-26 09:00:00,0.32012960215973485,0.0005332843946177457,0.4495414506820504,-1850905.7199019825
2025-09-26 10:00:00,0.39207708842576505,0.0005317948571247126,0.44938865267784345,-1707925.0575628963
2025-09-26 11:00:00,0.43730516905360356,0.0005258681411557919,0.4492359115787361,-1706953.6328298042
2025-09-26 12:00:00,0.45273162509140036,0.0005742626167433627,0.4490832274633075,-1627324.6017153212
2025-09-26 13:00:00,0.43730516905360356,0.00046130828698384,0.4489306004101076,-1638228.858537018
2025-09-26 14:00:00,0.3920770884257651,0.0005533607351670592,0.44877803049765685,-1811813.801015365
2025-09-26 15:00:00,0.3201296021597349,0.0005294837874767463,0.44862551780444637,-1755415.6173464903
2025-09-26 16:00:00,0.22636581254570015,0.0005545603009100285,0.44847306240893775,-1795906.2520318816
2025-09-26 17:00:00,0.11717556689386878,0.0005781500303407561,0.4483206643895635,-1722012.5452504877
2025-09-26 18:00:00,5.54436335540963e-17,0.0005031171462671372,0.4481683238247257,-1816178.859355039
2025-09-26 19:00:00,0.0,0.0004096006752169808,0.4480160407927981,-1819468.523438952
2025-09-26 20:00:00,0.0,0.00039785662185397866,0.4478638153721236,-1827777.070096101
2025-09-26 21:00:00,0.0,0.0004736082252986954,0.44771164764101634,-1890393.5282617533
2025-09-26 22:00:00,0.0,0.0005414296506805723,0.4475595376777605,-2015752.637299422
2025-09-26 23:00:00,0.0,0.0003568127304043597,0.4474074855606107,-2051892.2834446046
2025-09-27 00:00:00,0.0,0.0005188649334451359,0.44725549136779136,-2133589.743183787
2025-09-27 01:00:00,0.0,0.00039474308231719475,0.44710355517749767,-1966226.838696674
2025-09-27 02:00:00,0.0,0.00033196680930366553,0.4469516770678945,-2075152.3090057268
2025-09-27 03:00:00,0.0,0.0003378782382537684,0.4467998571171172,-2033842.5161611817
2025-09-27 04:00:00,0.0,0.00036051478333163104,0.44664809540327116,-2024621.7390713252
2025-09-27 05:00:00,0.0,0.000407224415552722,0.4464963920044313,-1937804.1916468763
2025-09-27 06:00:00,0.0,0.0003345394356708087,0.44634474699864307,-1951969.8217553203
2025-09-27 07:00:00,0.11495978375109411,0.0002976875722077712,0.4461931604639219,-1649156.97082721
2025-09-27 08:00:00,0.22208524821957637,0.0003567850025076615,0.44604163247825285,-1785133.502770954
2025-09-27 09:00:00,0.31407597003512017,0.0003096875385661027,0.44589016311959107,-1813008.378662866
2025-09-27 10:00:00,0.38466293352785186,0.00036622549873048293,0.4457387524658614,-1655662.7828911424
2025-09-27 11:00:00,0.42903575378621434,0.000353438399766075,0.44558740059495855,-1942386.1781821523
2025-09-27 12:00:00,0.4441704964391528,0.00039373142422923727,0.44543610758474705,-1752750.8129032005
2025-09-27 13:00:00,0.42903575378621434,0.0003388501050591028,0.4452848735130611,-1830702.744450666
2025-09-27 14:00:00,0.3846629335278519,0.0002654356404658091,0.44513369845770445,-1693204.4397424893
2025-09-27 15:00:00,0.3140759700351202,0.00034176777253998265,0.44498258249645056,-1664958.4035475666
2025-09-27 16:00:00,0.22208524821957637,0.00034581496356049084,0.44483152570704265,-1742881.1444558692
2025-09-27 17:00:00,0.11495978375109424,0.0003863825094809096,0.44468052816719333,-1770809.1383530677
2025-09-27 18:00:00,5.439519767398993e-17,0.0003732995762582636,0.44452958995458475,-1938369.350383249
2025-09-27 19:00:00,0.0,0.0003511590007304952,0.44437871114686867,-1927364.6620345404
2025-09-27 20:00:00,0.0,0.0003040848368460142,0.4442278918216661,-1981800.5276152191
2025-09-27 21:00:00,0.0,0.0002822944981988001,0.44407713205656774,-1749570.8719019808
2025-09-27 22:00:00,0.0,0.00034020076614699234,0.44392643192913295,-1928410.7194399529
2025-09-27 23:00:00,0.0,0.000265515692662163,0.4437757915168913,-1932958.4123692939
2025-09-28 00:00:00,0.0,0.0003294187086958712,0.44362521089734125,-2058190.8481835132
2025-09-28 01:00:00,0.0,0.00022730223701627057,0.44347469014795016,-2048906.0162427775
2025-09-28 02:00:00,0.0,0.00020935002700423172,0.44332422934615523,-1992842.6579752385
2025-09-28 03:00:00,0.0,0.0002234108127985011,0.44317382856936227,-2046506.212405076
2025-09-28 04:00:00,0.0,0.0002279224141964944,0.44302348789494667,-1889902.5601225928
2025-09-28 05:00:00,0.0,0.00021564869044246807,0.44287320740025254,-2092966.5486076311
2025-09-28 06:00:00,0.0,0.0002519442482051394,0.4427229871625931,-1972899.1854181662
2025-09-28 07:00:00,0.11274828237777695,0.00024757930196523824,0.4425728272592509,-1851415.1707661436
2025-09-28 08:00:00,0.2178129556368548,0.00027100790945484306,0.4424227277674769,-1847058.3436671484
2025-09-28 09:00:00,0.30803403592220935,0.00025427282311198026,0.4422726887644916,-1880248.73919381
2025-09-28 10:00:00,0.3772631057097784,0.00017590147647803455,0.4421227103274836,-1820129.375613047
2025-09-28 11:00:00,0.42078231829998636,0.0002426773292360165,0.4419727925336111,-1555655.55766876
2025-09-28 12:00:00,0.43562591127370964,0.0001762799945223055,0.4418229354600007,-1700561.6947666607
2025-09-28 13:00:00,0.42078231829998636,0.00022587452703621592,0.4416731391837478,-1782981.49212812
2025-09-28 14:00:00,0.37726310570977845,0.0001938583780814883,0.4415234037819167,-1754202.2815835404
2025-09-28 15:00:00,0.3080340359222094,0.00020871870400804524,0.44137372933154007,-1614344.9755324258
2025-09-28 16:00:00,0.2178129556368548,0.00021427427185382082,0.4412241159096196,-1829986.357716046
2025-09-28 17:00:00,0.11274828237777708,0.0001448551464093607,0.4410745635931253,-1860735.4032461538
2025-09-28 18:00:00,5.334878778669974e-17,0.00020005561568224833,0.440925072458996,-1762078.4212176178
2025-09-28 19:00:00,0.0,0.00014169812091919062,0.44077564258413865,-1939591.8077371025
2025-09-28 20:00:00,0.0,0.00019030225079027404,0.4406262740454289,-1955992.5110263815
2025-09-28 21:00:00,0.0,0.00014815697350266664,0.44047696691971105,-2076260.0592625127
2025-09-28 22:00:00,0.0,0.00014661262131631313,0.4403277212837976,-2041313.5778383997
2025-09-28 23:00:00,0.0,0.0001286015170254032,0.4401785372144693,-1910031.8954332056
2025-09-29 00:00:00,0.0,0.00013469726333547924,0.4400294147884757,-1910852.0272804918
2025-09-29 01:00:00,0.0,0.0001409725411935092,0.43988035408253384,-2030619.4302550014
2025-09-29 02:00:00,0.0,0.0001613069174662845,0.4397313551733298,-1910851.9271871909
2025-09-29 03:00:00,0.0,0.00012543419215546144,0.4395824181375174,-1907220.615087165
2025-09-29 04:00:00,0.0,0.00015730589708110542,0.43943354305171883,-1814291.5092724373
2025-09-29 05:00:00,0.0,0.00012730654166818745,0.43928472999252444,-1843754.6467145015
2025-09-29 06:00:00,0.0,0.00014533331169840028,0.4391359790364924,-1886344.4173945312
2025-09-29 07:00:00,0.11054171808950224,0.0001312766845369109,0.43898729026014904,-1842079.7906865699
2025-09-29 08:00:00,0.21355020077003137,0.00010511993348694834,0.43883866373998903,-1896979.2965923985
2025-09-29 09:00:00,0.3020055901764757,9.828052550619664e-05,0.4386900995524745,-1687348.981602739
2025-09-29 10:00:00,0.3698797977002287,0.00011131980609014492,0.438541597774036,-1733249.0538816575
2025-09-29 11:00:00,0.412547308265978,0.00010199701805791338,0.4383931584810715,-1650678.6929426582
2025-09-29 12:00:00,0.4271004015400628,0.00011187191627392353,0.4382447817499473,-1765161.649416225
2025-09-29 13:00:00,0.412547308265978,0.00010389263607751083,0.43809646765699717,-1736259.5746344286
2025-09-29 14:00:00,0.3698797977002288,9.491169249224746e-05,0.4379482162785229,-1666942.689504806
2025-09-29 15:00:00,0.30200559017647577,7.202035746885907e-05,0.4378000276907934,-1758101.886863092
2025-09-29 16:00:00,0.21355020077003137,9.183268824465953e-05,0.4376519019700462,-1763955.7394237225
2025-09-29 17:00:00,0.11054171808950235,8.565754130604838e-05,0.4375038391924859,-1693611.2589879183
2025-09-29 18:00:00,5.230471396605872e-17,7.197540105918108e-05,0.43735583943428485,-1737215.1176942606
2025-09-29 19:00:00,0.0,8.914234919954165e-05,0.4372079027715831,-1798806.699136153
2025-09-29 20:00:00,0.0,7.551988464206733e-05,0.43706002928048787,-1802514.238390612
2025-09-29 21:00:00,0.0,7.288723182925639e-05,0.43691221903707445,-1909726.3147653646
2025-09-29 22:00:00,0.0,5.193457093151922e-05,0.436764472117385,-1979759.856202134
2025-09-29 23:00:00,0.0,5.767960458138993e-05,0.43661678859742986,-1956855.0829305344
2025-09-30 00:00:00,0.0,6.384308811513096e-05,0.4364691685531856,-2101209.924048497
2025-09-30 01:00:00,0.0,4.8691297926174553e-05,0.4363216120605972,-1963067.1668232891
2025-09-30 02:00:00,0.0,5.0391148299356e-05,0.43617411919557664,-2030488.9777700815
2025-09-30 03:00:00,0.0,4.348638319692042e-05,0.4360266900340028,-2146616.18115711
2025-09-30 04:00:00,0.0,4.2717030856279335e-05,0.43587932465172213,-1938436.1205569687
2025-09-30 05:00:00,0.0,4.36650873844383e-05,0.4357320231245483,-1884492.1649638026
2025-09-30 06:00:00,0.0,4.912803078437028e-05,0.4355847855282621,-1805840.7014334712
2025-09-30 07:00:00,0.10834074473889009,3.949119989945716e-05,0.43543761193861114,-1773559.4245277198
2025-09-30 08:00:00,0.20929824676537087,4.147115735601459e-05,0.43529050243131046,-1848044.9864153352
2025-09-30 09:00:00,0.29599241915649827,3.943741019910915e-05,0.4351434570820423,-1951550.761992885
2025-09-30 10:00:00,0.3625151973327108,2.9040584023947472e-05,0.434996475966455,-1673701.2943550926
2025-09-30 11:00:00,0.4043331638953884,3.8677363066457685e-05,0.43484955916016477,-1798680.3988917386
2025-09-30 12:00:00,0.4185964935307418,3.120078783976461e-05,0.43470270673875433,-1655513.594283014
2025-09-30 13:00:00,0.4043331638953884,2.4120725273136463e-05,0.43455591877777355,-1623247.5171237881
2025-09-30 14:00:00,0.36251519733271087,2.7519564360552684e-05,0.4344091953527387,-1719681.935085322
2025-09-30 15:00:00,0.2959924191564983,2.9550276633748542e-05,0.43426253653913316,-1737029.4144227237
2025-09-30 16:00:00,0.20929824676537087,2.2047823721604365e-05,0.43411594241240714,-1662460.6412718762
2025-09-30 17:00:00,0.1083407447388902,2.3680991274261046e-05,0.43396941304797726,-1767831.1652647085
2025-09-30 18:00:00,5.1263285593672867e-17,2.1758848048550292e-05,0.43382294852122727,-1891132.4484104381
2025-09-30 19:00:00,0.0,1.5977483334534362e-05,0.43367654890750695,-1815433.2079276713
2025-09-30 20:00:00,0.0,1.9348770987646137e-05,0.4335302142821331,-1949096.4493066722
2025-09-30 21:00:00,0.0,1.2116807564100163e-05,0.4333839447203892,-1980910.3710959756
2025-09-30 22:00:00,0.0,1.4991604996165171e-05,0.43323774029752493,-1807708.419100548
2025-09-30 23:00:00,0.0,1.4444317867058248e-05,0.4330916010887565,-1966489.9558190077
2025-10-01 00:00:00,0.0,8.483898447284018e-06,0.4329455271692669,-2051058.6228336138
2025-10-01 01:00:00,0.0,7.819290990616507e-06,0.4327995186142052,-1860452.5935735984
2025-10-01 02:00:00,0.0,7.192556970860127e-06,0.4326535754986869,-2028882.6549903918
2025-10-01 03:00:00,0.0,6.222966267852731e-06,0.4325076978977941,-2022168.7498583507
2025-10-01 04:00:00,0.0,6.052433868814358e-06,0.43236188588657454,-1982896.5003591822
2025-10-01 05:00:00,0.0,4.8823703982793926e-06,0.4322161395400431,-1885501.627178326
2025-10-01 06:00:00,0.0,4.017013033923423e-06,0.43207045893318013,-1836676.1564787389
2025-10-01 07:00:00,0.10614601452184516,3.332084561410711e-06,0.4319248441409325,-1851730.680537519
2025-10-01 08:00:00,0.20505835356860944,4.0661196050713e-06,0.4317792952382131,-1873552.3848035291
2025-10-01 09:00:00,0.28999630469462484,2.2982379043305425e-06,0.4316338122999013,-1670977.5212805837
2025-10-01 10:00:00,0.35517148689725436,2.131224056108489e-06,0.431488395400842,-1787550.132805308
2025-10-01 11:00:00,0.39614231921647003,1.7600003407140073e-06,0.43134304461584644,-1903823.135238817
2025-10-01 12:00:00,0.4101167071372189,1.4291139308699197e-06,0.4311977600196917,-1707555.542550056
2025-10-01 13:00:00,0.39614231921647003,7.728952525040461e-07,0.4310525416871209,-1614690.8284171275
2025-10-01 14:00:00,0.3551714868972544,6.230350315175824e-07,0.43090738969284326,-1820107.0523347247
2025-10-01 15:00:00,0.2899963046946249,2.5007829360742705e-07,0.4307623041115333,-1747369.243048918
2025-10-01 16:00:00,0.20505835356860944,1.0483659619310708e-07,0.4306172850178319,-1749213.0441278873
2025-10-01 17:00:00,0.10614601452184527,3.9112667546237887e-08,0.43047233248634553,-1824184.571632791
2025-10-01 18:00:00,5.022481126724476e-17,0.0,0.43032744659164646,-1858939.2437605557
2025-10-01 19:00:00,0.0,3.8791048407334473e-08,0.43018262740827273,-1769139.460621949
2025-10-01 20:00:00,0.0,1.5113050862251143e-07,0.4300378750107279,-1879323.2613508226
2025-10-01 21:00:00,0.0,3.4163023357352614e-07,0.42989318947348143,-2068616.4784860313
2025-10-01 22:00:00,0.0,5.45764503249933e-07,0.42974857087096796,-2018694.5464867325
2025-10-01 23:00:00,0.0,6.584738898408832e-07,0.4296040192775884,-1982387.5790193607
2025-10-02 00:00:00,0.0,1.2939808853606571e-06,0.4294595347677082,-1876877.816010893
2025-10-02 01:00:00,0.0,1.5090954867571164e-06,0.42931511741565914,-2018425.2410113208
2025-10-02 02:00:00,0.0,1.739261105990844e-06,0.4291707672957381,-2004751.281844152
2025-10-02 03:00:00,0.0,3.301649911306464e-06,0.4290264844822074,-2098251.050950142
2025-10-02 04:00:00,0.0,3.9503716906483935e-06,0.4288822690492949,-2050318.892728529
2025-10-02 05:00:00,0.0,4.561042096173049e-06,0.4287381210711935,-1928120.1596304134
2025-10-02 06:00:00,0.0,4.976216738099792e-06,0.4285940406220616,-1836525.2331482242
2025-10-02 07:00:00,0.10395817778429703,4.530596958474832e-06,0.4284500277760228,-1929499.9821166985
2025-10-02 08:00:00,0.20083177755160592,6.4040604258604696e-06,0.42830608260716607,-1757919.9403419371
2025-10-02 09:00:00,0.2840190235689776,8.338985755622996e-06,0.4281622051895451,-1840221.919495951
2025-10-02 10:00:00,0.3478508424937522,8.772910806049252e-06,0.4280183955971795,-1676195.6378670577
2025-10-02 11:00:00,0.3879772013532747,8.10008438716751e-06,0.42787465390405305,-1796189.5346696656
2025-10-02 12:00:00,0.4016635551032119,8.776958740507845e-06,0.4277309801841154,-1780703.3293330772
2025-10-02 13:00:00,0.3879772013532747,1.2400424607563353e-05,0.4275873745112807,-1663122.6105500683
2025-10-02 14:00:00,0.3478508424937522,1.5062729421004235e-05,0.42744383695942845,-1683597.8742032615
2025-10-02 15:00:00,0.2840190235689776,1.5288104215972955e-05,0.4273003676024029,-1741420.5133882202
2025-10-02 16:00:00,0.20083177755160592,1.799307380867437e-05,0.42715696651401336,-1869655.128815038
2025-10-02 17:00:00,0.10395817778429714,1.8440588414304673e-05,0.427013633768034,-1857918.2187418637
2025-10-02 18:00:00,4.9189598709129495e-17,2.2243240737881524e-05,0.4268703694382035,-1792295.2011146273
2025-10-02 19:00:00,0.0,1.7910933812540565e-05,0.42672717359822593,-1762418.8001787106
2025-10-02 20:00:00,0.0,2.2354537661165853e-05,0.4265840463217696,-1972104.137622446
2025-10-02 21:00:00,0.0,2.8330894866378408e-05,0.4264409876824677,-1880693.4570063758
2025-10-02 22:00:00,0.0,2.2485430425335645e-05,0.4262979977539183,-1891876.4849055838
2025-10-02 23:00:00,0.0,2.9996197245499172e-05,0.4261550766096838,-1989908.383676739
2025-10-03 00:00:00,0.0,3.4740065012769015e-05,0.42601222432329167,-1956681.5816478145
2025-10-03 01:00:00,0.0,2.9155569887007123e-05,0.4258694409682335,-1970723.3099690299
2025-10-03 02:00:00,0.0,2.728148952699606e-05,0.4257267266179655,-2000938.5299599324
2025-10-03 03:00:00,0.0,3.457762277969856e-05,0.4255840813459088,-2011583.0547434946
2025-10-03 04:00:00,0.0,3.200399828800515e-05,0.42544150522544855,-2091926.445966814
2025-10-03 05:00:00,0.0,3.9714868499573765e-05,0.42529899832993423,-1851661.0245392248
2025-10-03 06:00:00,0.0,4.4691612545961934e-05,0.42515656073267993,-1954540.1893607306
2025-10-03 07:00:00,0.10177788282948834,3.598441291798401e-05,0.42501419250696426,-1920419.2734472614
2025-10-03 08:00:00,0.196619771140051,4.5960724004125505e-05,0.42487189372603,-1967822.6783485594
2025-10-03 09:00:00,0.2780623469769542,4.8867169891652495e-05,0.424729664463084,-1836157.8380608333
2025-10-03 10:00:00,0.3405554333871332,5.143260919359313e-05,0.4245875047912975,-1841339.0092382124
2025-10-03 11:00:00,0.3798402298064426,6.770728203304143e-05,0.4244454147838063,-1715974.771998694
2025-10-03 12:00:00,0.39323954228010205,5.549471896172273e-05,0.42430339451370946,-1709891.113179048
2025-10-03 13:00:00,0.3798402298064426,5.999870048857252e-05,0.4241614440540711,-1735665.3511885067
2025-10-03 14:00:00,0.34055543338713323,5.853608741424496e-05,0.424019563477919,-1639482.8974508797
2025-10-03 15:00:00,0.27806234697695426,7.817516158208723e-05,0.4238777528582448,-1751419.8756591524
2025-10-03 16:00:00,0.196619771140051,8.152395699429571e-05,0.4237360122680045,-1795641.7798858047
2025-10-03 17:00:00,0.10177788282948845,5.748763327880618e-05,0.42359434178011796,-1691741.1231891478
2025-10-03 18:00:00,4.8157954675149724e-17,7.361174809634003e-05,0.4234527414674689,-1779684.9222358507
2025-10-03 19:00:00,0.0,8.266406509544693e-05,0.42331121140290506,-2042690.3103512388
2025-10-03 20:00:00,0.0,9.102256779521491e-05,0.42316975165923804,-2040720.7904154323
2025-10-03 21:00:00,0.0,8.929176816306963e-05,0.4230283623092431,-1928939.0277332992
2025-10-03 22:00:00,0.0,9.704144956955855e-05,0.4228870434256594,-1955999.8983386373
2025-10-03 23:00:00,0.0,7.882994368466226e-05,0.4227457950811901,-1886970.5092961378
2025-10-04 00:00:00,0.0,0.00010280884419767586,0.42260461734850135,-2047581.6675002153
2025-10-04 01:00:00,0.0,0.00010235065332172085,0.42246351030022355,-1917271.5758591124
2025-10-04 02:00:00,0.0,8.885085849923668e-05,0.42232247400895084,-2132540.0553594586
2025-10-04 03:00:00,0.0,0.0001046534095559797,0.42218150854724057,-1990313.5671568415
2025-10-04 04:00:00,0.0,0.00010205494567354598,0.42204061398761383,-1963601.568151703
2025-10-04 05:00:00,0.0,9.825070050804559e-05,0.42189979040255515,-1889128.91863802
2025-10-04 06:00:00,0.0,9.845314319654128e-05,0.42175903786451285,-1845262.9649967914
2025-10-04 07:00:00,0.09960577572586886,0.00012116947126045151,0.4216183564458982,-1790880.0914302699
2025-10-04 08:00:00,0.19242358244234697,0.00010364129515582702,0.42147774621908635,-1899235.112262064
2025-10-04 09:00:00,0.2721280400103845,0.00010494648677212149,0.42133720725641544,-1804227.7420922467
2025-10-04 10:00:00,0.3332874213645635,0.0001450507004577007,0.4211967396301872,-1811146.5709160676
2025-10-04 11:00:00,0.37173381573625336,0.00016716028203326446,0.4210563434126666,-1829706.5075801185
2025-10-04 12:00:00,0.384847164884694,0.00013474837889237471,0.42091601867608186,-1763691.114125652
2025-10-04 13:00:00,0.37173381573625336,0.00012724712070737114,0.4207757654926246,-1701523.5776000957
2025-10-04 14:00:00,0.3332874213645636,0.0001486892444692416,0.42063558393444905,-1644808.115588466
2025-10-04 15:00:00,0.27212804001038454,0.00016738252120470357,0.42049547407367327,-1892819.8620373849
2025-10-04 16:00:00,0.19242358244234697,0.00016934996805619552,0.420355435982378,-1877828.9024753864
2025-10-04 17:00:00,0.09960577572586896,0.00020076518643585094,0.4202154697326075,-1686276.2344819433
2025-10-04 18:00:00,4.713018486369742e-17,0.0002116036565118814,0.4200755753963685,-1812050.9442884647
2025-10-04 19:00:00,0.0,0.00019238640329662386,0.4199357530456313,-1851860.538699242
2025-10-04 20:00:00,0.0,0.00017003068738242978,0.41979600275232865,-1932210.4512862614
2025-10-04 21:00:00,0.0,0.0002221882597622355,0.41965632458835644,-1897572.4521157024
2025-10-04 22:00:00,0.0,0.00016324359760829118,0.4195167186255737,-2024176.7681613665
2025-10-04 23:00:00,0.0,0.00017320055130336338,0.4193771849358019,-2048608.4449401095
2025-10-05 00:00:00,0.0,0.00021164283500830938,0.4192377235908256,-2082124.4045818918
2025-10-05 01:00:00,0.0,0.00019462676247825476,0.4190983346623922,-2020916.2665976924
2025-10-05 02:00:00,0.0,0.0002576917516178413,0.4189590182222115,-2061340.0180575165
2025-10-05 03:00:00,0.0,0.00025413696765823167,0.4188197743419562,-1886839.585051817
2025-10-05 04:00:00,0.0,0.0002628144125146294,0.4186806030932621,-1965667.6356313936
2025-10-05 05:00:00,0.0,0.00024052875247474733,0.41854150454772676,-2008793.1885275955
2025-10-05 06:00:00,0.0,0.00022919888093454624,0.4184024787769109,-1886694.819004918
2025-10-05 07:00:00,0.09744250011565121,0.00019350185073671903,0.4182635258523377,-1875673.3159199336
2025-10-05 08:00:00,0.18824445487976604,0.00023166404165379567,0.418124645845493,-1882007.3204904834
2025-10-05 09:00:00,0.2662178611324953,0.00019491319320801898,0.4179858388278248,-1853102.3680180213
2025-10-05 10:00:00,0.3260489600948619,0.0003056171063284094,0.417847104870744,-1785229.3775510548
2025-10-05 11:00:00,0.36366036124814655,0.0002435466782772754,0.4177084440456234,-1667783.9132316813
2025-10-05 12:00:00,0.37648890975953214,0.00025503074256375474,0.4175698564237986,-1600709.9695798792
2025-10-05 13:00:00,0.36366036124814655,0.0002798818389605319,0.41743134207656746,-1756721.9107525141
2025-10-05 14:00:00,0.32604896009486195,0.00033240713567137523,0.41729290107518974,-1779381.957364433
2025-10-05 15:00:00,0.26621786113249535,0.0003246395567757815,0.4171545334908879,-1819386.7892790257
2025-10-05 16:00:00,0.18824445487976604,0.0003422316583012513,0.4170162393948467,-1709468.1915216823
2025-10-05 17:00:00,0.09744250011565131,0.00033135343427056726,0.41687801885821263,-1797057.2260347984
2025-10-05 18:00:00,4.610659382514877e-17,0.0003530805677479503,0.41673987195209466,-1917066.6664954624
2025-10-05 19:00:00,0.0,0.0002709055258638031,0.41660179874756403,-1792749.970648228
2025-10-05 20:00:00,0.0,0.0003313116781106949,0.4164637993156536,-1977590.059386472
2025-10-05 21:00:00,0.0,0.00039351804518067656,0.41632587372735874,-1993164.6151261088
2025-10-05 22:00:00,0.0,0.0002924250177583899,0.41618802205363653,-2018632.6102804292
2025-10-05 23:00:00,0.0,0.0002977270904535505,0.4160502443654062,-2058273.0063811906
2025-10-06 00:00:00,0.0,0.00041574776734719257,0.41591254073354894,-1958936.2876427714
2025-10-06 01:00:00,0.0,0.0003979061720108301,0.4157749112289074,-1870087.4298767087
2025-10-06 02:00:00,0.0,0.0004015401357475856,0.4156373559222867,-2031147.516076274
2025-10-06 03:00:00,0.0,0.0003238860597898488,0.4154998748844534,-1985511.3196402094
2025-10-06 04:00:00,0.0,0.00040975532704590645,0.4153624681861361,-1994312.445406959
2025-10-06 05:00:00,0.0,0.0003030726623185154,0.415225135898025,-1959265.9610154107
2025-10-06 06:00:00,0.0,0.00047022457837369295,0.41508787809077197,-1944883.792339494
2025-10-06 07:00:00,0.09528869702408614,0.00038762068120419405,0.4149506948349908,-1866556.1692674854
2025-10-06 08:00:00,0.18408362681799817,0.0003754476202837795,0.4148135862012565,-1841997.8220471886
2025-10-06 09:00:00,0.26033356165684063,0.00037078438007332685,0.4146765522601064,-1819490.2113342725
2025-10-06 10:00:00,0.3188421944903216,0.0005117371108912597,0.4145395930820385,-1838248.2861048586
2025-10-06 11:00:00,0.3556222586809268,0.0004280829083513931,0.41440270873751306,-1616530.5197290324
2025-10-06 12:00:00,0.3681672536359964,0.0005304528582378166,0.41426589929695146,-1746211.1088701389
2025-10-06 13:00:00,0.3556222586809268,0.0004401199360355061,0.4141291648307368,-1806171.5383078628
2025-10-06 14:00:00,0.31884219449032164,0.0004099345036760856,0.4139925054092133,-1736346.224166843
2025-10-06 15:00:00,0.2603335616568407,0.0003814615571928765,0.4138559211026869,-1839200.4950822196
2025-10-06 16:00:00,0.18408362681799817,0.0004330919587431105,0.4137194119814247,-1736554.6634596994
2025-10-06 17:00:00,0.09528869702408625,0.00045154271715487344,0.41358297811565514,-1886001.9937893006
2025-10-06 18:00:00,4.508748487161947e-17,0.0005177487332201474,0.41344661957556816,-1847867.3008508997
2025-10-06 19:00:00,0.0,0.0005250332589415033,0.41331033643131443,-1922768.53245277
2025-10-06 20:00:00,0.0,0.0005344503580686741,0.41317412875300646,-1890863.783571322
2025-10-06 21:00:00,0.0,0.000504029451593004,0.4130379966107174,-1936800.0540956582
2025-10-06 22:00:00,0.0,0.00041709646863346823,0.4129019400744818,-2023853.695735647
2025-10-06 23:00:00,0.0,0.0005325842809640124,0.4127659592142953,-2173826.337766834
2025-10-07 00:00:00,0.0,0.0006222491005224201,0.4126300541001148,-2119178.656763436
2025-10-07 01:00:00,0.0,0.00047991269212452765,0.4124942248018577,-2128012.869476986
2025-10-07 02:00:00,0.0,0.0005784177593227297,0.41235847138940307,-2063310.019494144
2025-10-07 03:00:00,0.0,0.0005843549502960857,0.4122227939325903,-2073555.0696431107
2025-10-07 04:00:00,0.0,0.0006622995090410207,0.41208719250122033,-1992277.2507130732
2025-10-07 05:00:00,0.0,0.00046031516928622787,0.4119516671650543,-1990229.6490325746
2025-10-07 06:00:00,0.0,0.0006877166814757986,0.41181621799381474,-1974968.1602199061
2025-10-07 07:00:00,0.09314500466951249,0.0006849585329158224,0.41168084505718466,-1985905.0828998236
2025-10-07 08:00:00,0.17994233120019595,0.0006048075569538354,0.4115455484248083,-1880673.911334106
2025-10-07 09:00:00,0.25447688522834844,0.0007004800374003435,0.41141032816629,-1888311.484939596
2025-10-07 10:00:00,0.31166926007112583,0.0005662701427082195,0.4112751843511953,-2035994.6536625728
2025-10-07 11:00:00,0.347621889897861,0.0006819128693129769,0.41114011704905046,-1851664.1869338714
2025-10-07 12:00:00,0.35988466240039196,0.0006933236592552216,0.41100512632934194,-1845862.8106075118
2025-10-07 13:00:00,0.347621889897861,0.0005341285428489223,0.41087021226151726,-1716486.7743276542
2025-10-07 14:00:00,0.31166926007112583,0.0007136699197771797,0.4107353749149841,-1757330.6381366923
2025-10-07 15:00:00,0.2544768852283485,0.0006733482641404822,0.41060061435911077,-1735954.5185061935
2025-10-07 16:00:00,0.17994233120019595,0.0005878657503702112,0.41046593066322656,-1802687.866854449
2025-10-07 17:00:00,0.0931450046695126,0.0005644243561265188,0.4103313238966204,-1802343.1189278602
2025-10-07 18:00:00,4.4073159987086586e-17,0.0008283507223873538,0.4101967941285423,-1877176.188595881
2025-10-07 19:00:00,0.0,0.000641807533991628,0.41006234142820247,-1875543.698204415
2025-10-07 20:00:00,0.0,0.000609180353441477,0.40992796586477126,-1813347.7391780547
2025-10-07 21:00:00,0.0,0.0006762034720544549,0.4097936675073799,-2036763.9616808812
2025-10-07 22:00:00,0.0,0.0007322040934785463,0.40965944642511887,-1935114.1526267612
2025-10-07 23:00:00,0.0,0.0008540468218710822,0.40952530268704,-2056071.5923077231
2025-10-08 00:00:00,0.0,0.0008199910665538367,0.4093912363621548,-2122438.321007424
2025-10-08 01:00:00,0.0,0.0007505096310098136,0.40925724751943476,-1934814.9358428372
2025-10-08 02:00:00,0.0,0.000919569193769718,0.40912333622781194,-1895615.8147639441
2025-10-08 03:00:00,0.0,0.000758316260661328,0.40898950255617844,-2102728.017369524
2025-10-08 04:00:00,0.0,0.0008950714065546555,0.40885574657338614,-1957016.6746844368
2025-10-08 05:00:00,0.0,0.0006513755891260952,0.4087220683482471,-2031688.1995764137
2025-10-08 06:00:00,0.0,0.0009187394608240638,0.4085884679495336,-2020319.0297393913
2025-10-08 07:00:00,0.09101205827423962,0.0007817875759122002,0.4084549454459776,-2001662.3958972364
2025-10-08 08:00:00,0.17582179518162747,0.0008430744483074767,0.4083215009062709,-1804871.082078222
2025-10-08 09:00:00,0.24864956730664206,0.0010167280462060498,0.40818813439906576,-1949690.559364903
2025-10-08 10:00:00,0.30453228233254764,0.0006821376901275809,0.4080548459929735,-1770338.072454387
2025-10-08 11:00:00,0.33966162558088175,0.0008597575450582317,0.4079216357565658,-1751180.944605043
2025-10-08 12:00:00,0.351643590363255,0.0007727746236775975,0.40778850375837394,-1776480.7363333504
2025-10-08 13:00:00,0.33966162558088175,0.0007533858552079336,0.40765545006688897,-1788422.481050524
2025-10-08 14:00:00,0.30453228233254764,0.0010699266804410999,0.4075224747505618,-1740798.3886043676
2025-10-08 15:00:00,0.24864956730664212,0.0009480234303680447,0.40738957787780283,-1803005.142520651
2025-10-08 16:00:00,0.17582179518162747,0.0007853205768498594,0.40725675951698226,-1697515.5569902929
2025-10-08 17:00:00,0.09101205827423972,0.000888943147384679,0.40712401973642953,-1671606.6099312254
2025-10-08 18:00:00,4.306391973790433e-17,0.0009621915013602692,0.40699135860443436,-1830798.242211669
2025-10-08 19:00:00,0.0,0.0010523888777071832,0.40685877618924526,-1892958.8018326948
2025-10-08 20:00:00,0.0,0.0008563800040960149,0.40672627255907046,-1951422.1249731316
2025-10-08 21:00:00,0.0,0.0011619051284125115,0.4065938477820781,-1967857.327997232
2025-10-08 22:00:00,0.0,0.001002943527382311,0.40646150192639513,-1943288.235884195
2025-10-08 23:00:00,0.0,0.0008164291809907326,0.4063292350601083,-2175587.7993490496
2025-10-09 00:00:00,0.0,0.0011831927806404887,0.4061970472512639,-1975061.1641253245
2025-10-09 01:00:00,0.0,0.0009282384270079863,0.4060649385678667,-1995633.126760897
2025-10-09 02:00:00,0.0,0.0008182742019085851,0.4059329090778816,-2030863.8400682183
2025-10-09 03:00:00,0.0,0.0009031540178994232,0.40580095884923245,-2145196.9873212376
2025-10-09 04:00:00,0.0,0.0012043583999202705,0.4056690879498024,-1987229.205391593
2025-10-09 05:00:00,0.0,0.0010655952966363402,0.40553729644743375,-1913475.676765346
2025-10-09 06:00:00,0.0,0.0011674012037946678,0.4054055844099278,-1854985.3493388367
2025-10-09 07:00:00,0.08889048987631715,0.001298848550250528,0.40527395190504506,-1787629.8837708463
2025-10-09 08:00:00,0.1717232397660434,0.0009866874559233865,0.4051423990005054,-1880297.5866709398
2025-10-09 09:00:00,0.24285333465178538,0.0013252641163728296,0.4050109257639874,-1891988.7773403926
2025-10-09 10:00:00,0.29743337611511944,0.0013161075862639434,0.4048795322631287,-1739869.393038026
2025-10-09 11:00:00,0.3317438245281026,0.0010918445698463407,0.4047482185655262,-1720441.392662955
2025-10-09 12:00:00,0.34344647953208685,0.0011468622814342212,0.40461698473873525,-1831140.0661298328
2025-10-09 13:00:00,0.3317438245281026,0.0012161958790744079,0.40448583085027057,-1805759.7205862915
2025-10-09 14:00:00,0.2974333761151195,0.000984996186829143,0.4043547569676056,-1739902.063741876
2025-10-09 15:00:00,0.24285333465178544,0.0013418378340797825,0.4042237631581725,-1711013.8150466634
2025-10-09 16:00:00,0.1717232397660434,0.0013962653947144138,0.40409284948936225,-1757614.7291586853
2025-10-09 17:00:00,0.08889048987631724,0.0013245329039942636,0.4039620160285248,-1838523.2640659227
2025-10-09 18:00:00,4.206006318373971e-17,0.0012547443475934951,0.40383126284296866,-1870824.866260845
2025-10-09 19:00:00,0.0,0.0012894875129637786,0.40370058999996117,-1907329.3482510368
2025-10-09 20:00:00,0.0,0.0014627720286880704,0.40356999756672823,-2034191.3922391706
2025-10-09 21:00:00,0.0,0.0011461629781515403,0.4034394856104544,-1995357.2134420488
2025-10-09 22:00:00,0.0,0.0013951869975443929,0.4033090541982827,-2016193.0107734925
2025-10-09 23:00:00,0.0,0.0014469742314402248,0.4031787033973153,-2160387.377174998
2025-10-10 00:00:00,0.0,0.0012982743900725768,0.40304843327461204,-1993845.994352486
2025-10-10 01:00:00,0.0,0.0015160525530340519,0.40291824389719166,-2128766.95208066
2025-10-10 02:00:00,0.0,0.001518142483409984,0.4027881353320315,-2154090.7101482027
2025-10-10 03:00:00,0.0,0.0015230823818822203,0.40265810764606746,-1984016.0800851667
2025-10-10 04:00:00,0.0,0.0016475499562529341,0.40252816090619303,-1974195.8789188024
2025-10-10 05:00:00,0.0,0.0015085030809630041,0.40239829517926096,-2144949.4730147137
2025-10-10 06:00:00,0.0,0.0013204244125312097,0.4022685105320818,-1976465.6908453475
2025-10-10 07:00:00,0.08678092814224864,0.001474845531188885,0.4021388070314246,-1906095.8092271362
2025-10-10 08:00:00,0.16764787944386753,0.0014728413687720386,0.4020091847440166,-1974621.8293706512
2025-10-10 09:00:00,0.23708990481260708,0.0014058494366427983,0.4018796437365433,-1795573.9087394446
2025-10-10 10:00:00,0.29037464497796056,0.0011803863280582848,0.40175018407564844,-1828635.1345574115
2025-10-10 11:00:00,0.32387083295485575,0.001186823904689466,0.4016208058279336,-1800701.7890316723
2025-10-10 12:00:00,0.3352957588877351,0.001633501053321688,0.4014915090599588,-1699504.13492474
2025-10-10 13:00:00,0.32387083295485575,0.0012122656577067152,0.40136229383824196,-1721265.177362627
2025-10-10 14:00:00,0.2903746449779606,0.0015364364763667624,0.40123316022925926,-1822633.7942807453
2025-10-10 15:00:00,0.2370899048126071,0.0015469288293614072,0.40110410829944476,-1736901.311527347
2025-10-10 16:00:00,0.16764787944386753,0.0018361953050667222,0.40097513811519037,-1811697.237157387
2025-10-10 17:00:00,0.08678092814224872,0.001492377732187797,0.4008462497428462,-1771187.921440362
2025-10-10 18:00:00,4.106188778895475e-17,0.0013369398758215152,0.40071744324872016,-1860555.048844379
2025-10-10 19:00:00,0.0,0.001314207927840886,0.4005887186990779,-1903841.2954891946
2025-10-10 20:00:00,0.0,0.0012618587174234189,0.4004600761601431,-1912852.4250652967
2025-10-10 21:00:00,0.0,0.0014752702423374167,0.40033151569809705,-1992937.3391443095
2025-10-10 22:00:00,0.0,0.0017447691295815627,0.4002030373790792,-1837467.9879981847
2025-10-10 23:00:00,0.0,0.0015269514728675055,0.40007464126918624,-2039127.9692649157
2025-10-11 00:00:00,0.0,0.0013935712893945287,0.39994632743447306,-1812154.595628969
2025-10-11 01:00:00,0.0,0.0017896523935071072,0.39981809594095186,-2009266.3057226213
2025-10-11 02:00:00,0.0,0.0014279462812425078,0.3996899468545926,-2003074.2667671558
2025-10-11 03:00:00,0.0,0.001356079337487709,0.39956188024132294,-2141209.113742009
2025-10-11 04:00:00,0.0,0.002039620133220585,0.3994338961670278,-2174185.1132771126
2025-10-11 05:00:00,0.0,0.0016801053284116027,0.3993059946975499,-1995885.4752413684
2025-10-11 06:00:00,0.0,0.0018925657022704442,0.3991781758986897,-1884135.5657986344
2025-10-11 07:00:00,0.08468399818070385,0.0015373524404732372,0.3990504398362045,-1925071.245742702
2025-10-11 08:00:00,0.16359692183231664,0.001875634473308834,0.3989227865758094,-1868540.4445864912
2025-10-11 09:00:00,0.2313609856177533,0.0021673737086036816,0.39879521618317704,-1800323.0819305535
2025-10-11 10:00:00,0.28335818057544654,0.0017279064812939279,0.39866772872393713,-1885246.7868451003
2025-10-11 11:00:00,0.3160449837984572,0.0020613795118141014,0.398540324263677,-1789831.4626617117
2025-10-11 12:00:00,0.32719384366463333,0.0014517305393866309,0.3984130028679411,-1831165.3284179901
2025-10-11 13:00:00,0.3160449837984572,0.0018518160330247024,0.3982857646022311,-1660722.1042445444
2025-10-11 14:00:00,0.2833581805754466,0.0015609662019232225,0.39815860953200616,-1749997.546073052
2025-10-11 15:00:00,0.23136098561775334,0.001763872859914771,0.39803153772268224,-1653107.8481180412
2025-10-11 16:00:00,0.16359692183231664,0.002072382349271258,0.3979045492396327,-1878171.713269891
2025-10-11 17:00:00,0.08468399818070395,0.0015224096213533286,0.3977776441481881,-1901149.8402095716
2025-10-11 18:00:00,4.006968933446127e-17,0.0018013100215082452,0.39765082251363604,-1887633.3002225005
2025-10-11 19:00:00,0.0,0.0020588464440509623,0.3975240844012211,-2026740.9690985403
2025-10-11 20:00:00,0.0,0.002112637069123627,0.39739742987614496,-2093046.619377088
2025-10-11 21:00:00,0.0,0.002115206196118917,0.3972708590035664,-1941390.179168105
2025-10-11 22:00:00,0.0,0.0016255510997176315,0.39714437184860096,-2143591.3925487227
2025-10-11 23:00:00,0.0,0.00160573802914643,0.3970179684763213,-1977008.609767574
2025-10-12 00:00:00,0.0,0.0020061204042452793,0.39689164895175666,-2104501.320074094
2025-10-12 01:00:00,0.0,0.0022858912681996807,0.3967654133398935,-1974796.7615496838
2025-10-12 02:00:00,0.0,0.002307981510836459,0.396639261705675,-1992162.686352765
2025-10-12 03:00:00,0.0,0.0021319510907734183,0.3965131941140011,-1902998.1720538016
2025-10-12 04:00:00,0.0,0.0018303607215486946,0.39638721062972854,-2069605.9560474749
2025-10-12 05:00:00,0.0,0.0023484207073292533,0.3962613113176707,-2014578.192871907
2025-10-12 06:00:00,0.0,0.0020495114696764943,0.3961354962425977,-1807100.173929438
2025-10-12 07:00:00,0.08260032135728601,0.002551130554186555,0.3960097654692365,-1877836.7107451526
2025-10-12 08:00:00,0.15957156731755812,0.0024274160400107408,0.39588411906227056,-1904830.896621168
2025-10-12 09:00:00,0.22566827466962203,0.002294413485910133,0.39575855708633967,-1802460.4428859563
2025-10-12 10:00:00,0.276386062037408,0.0017467635696859869,0.3956330796060407,-1817365.3883860689
2025-10-12 11:00:00,0.3082685960269081,0.0022157542812938544,0.39550768668592645,-1749465.2795238737
2025-10-12 12:00:00,0.3191431346351163,0.002459216985741511,0.39538237839050683,-1888061.9992921108
2025-10-12 13:00:00,0.3082685960269081,0.0024269516665335867,0.3952571547842478,-1820426.3820192502
2025-10-12 14:00:00,0.27638606203740806,0.0025360091711642842,0.3951320159315719,-1655431.1614747036
2025-10-12 15:00:00,0.22566827466962205,0.002223199723291773,0.39500696189685797,-1875283.5103599082
2025-10-12 16:00:00,0.15957156731755812,0.0021671538344989875,0.3948819927444415,-1763976.5322342713
2025-10-12 17:00:00,0.0826003213572861,0.0022339103742088947,0.394757108538614,-1771960.4217993289
2025-10-12 18:00:00,3.9083761830074796e-17,0.001998815628704904,0.39463230934362326,-1872460.7428390277
2025-10-12 19:00:00,0.0,0.0022949969467260848,0.39450759522367385,-1937576.1337087546
2025-10-12 20:00:00,0.0,0.002104354892475834,0.3943829662429257,-1815009.7569689986
2025-10-12 21:00:00,0.0,0.0019511645669788706,0.39425842246549564,-1987381.9859965143
2025-10-12 22:00:00,0.0,0.002751016796819007,0.39413396395545636,-1956842.947049055
2025-10-12 23:00:00,0.0,0.0029239347017889676,0.39400959077683684,-2032883.5147429488
2025-10-13 00:00:00,0.0,0.0022849438959315154,0.3938853029936222,-2158241.5501001845
2025-10-13 01:00:00,0.0,0.0029242853099974674,0.3937611006697533,-2124733.8318414297
2025-10-13 02:00:00,0.0,0.0028529475896542957,0.3936369838691274,-2151151.095276509
2025-10-13 03:00:00,0.0,0.003015910936478886,0.3935129526555975,-1986681.9937655944
2025-10-13 04:00:00,0.0,0.002451568517930372,0.393389007092973,-2083704.4441725546
2025-10-13 05:00:00,0.0,0.002053871365901671,0.39326514724501843,-1882812.6047447538
2025-10-13 06:00:00,0.0,0.002135599106969024,0.393141373175455,-1954384.0616767793
2025-10-13 07:00:00,0.08053051511040724,0.002116055446268333,0.39301768494795947,-1881624.6945859008
2025-10-13 08:00:00,0.1555730086990088,0.002772803709254701,0.39289408262616443,-1845121.8308303554
2025-10-13 09:00:00,0.22001345884132578,0.002393339161634011,0.39277056627365825,-1720694.380674167
2025-10-13 10:00:00,0.2694603553530382,0.0030631504098348286,0.39264713595398537,-1698448.8223773607
2025-10-13 11:00:00,0.30054397395173305,0.002094318930486193,0.3925237917306456,-1843946.0346761737
2025-10-13 12:00:00,0.31114601739801767,0.0031978079886150475,0.39240053366709454,-1846927.7807860784
2025-10-13 13:00:00,0.30054397395173305,0.002349748716274654,0.3922773618267435,-1787871.9737242195
2025-10-13 14:00:00,0.26946035535303825,0.002311138570266709,0.3921542762729595,-1843693.6241669776
2025-10-13 15:00:00,0.2200134588413258,0.002913049138085271,0.3920312770690653,-1907011.2387004255
2025-10-13 16:00:00,0.1555730086990088,0.0024674187083526702,0.39190836427833875,-1804456.6857874822
2025-10-13 17:00:00,0.08053051511040732,0.003260210223188623,0.39178553796401366,-1926677.0593295323
2025-10-13 18:00:00,3.81043974273929e-17,0.00223435580104989,0.3916627981892793,-1936707.367164362
2025-10-13 19:00:00,0.0,0.0031804606789531745,0.3915401450172803,-1974461.2554099006
2025-10-13 20:00:00,0.0,0.0030737358097597564,0.39141757851111675,-1968524.821996656
2025-10-13 21:00:00,0.0,0.003140366875469914,0.3912950987338444,-2025532.6639990297
2025-10-13 22:00:00,0.0,0.0029857083632949056,0.39117270574847396,-2018058.1908142555
2025-10-13 23:00:00,0.0,0.0029357939983387185,0.3910503996179718,-1970802.6625829868
2025-10-14 00:00:00,0.0,0.003376394333470663,0.3909281804052596,-2048830.233402701
2025-10-14 01:00:00,0.0,0.0034050822414551257,0.39080604817321407,-2022475.3371223672
2025-10-14 02:00:00,0.0,0.0025003417690635642,0.39068400298466743,-2112516.407949414
2025-10-14 03:00:00,0.0,0.002489088287333304,0.39056204490240704,-2143379.0086505744
2025-10-14 04:00:00,0.0,0.0029964937379964637,0.3904401739891754,-2089128.5600911884
2025-10-14 05:00:00,0.0,0.0035710270350522997,0.3903183903076702,-2030283.1702167173
2025-10-14 06:00:00,0.0,0.0036377619500727945,0.39019669392054435,-1994543.2224386563
2025-10-14 07:00:00,0.0784751927683285,0.0024991163164401245,0.39007508489040565,-1966798.339940359
2025-10-14 08:00:00,0.15160243083588323,0.0031237326603482333,0.3899535632798173,-1897753.287743103
2025-10-14 09:00:00,0.2143982137768352,0.002459516200243184,0.38983212915129695,-1881136.9395948383
2025-10-14 10:00:00,0.26258311275869645,0.0024138637837892215,0.3897107825673177,-1751859.92027453
2025-10-14 11:00:00,0.29287340654516375,0.0024258798162308925,0.3895895235903075,-1743191.9852137396
2025-10-14 12:00:00,0.3032048616717665,0.0027419031613418947,0.3894683522826494,-1732321.2755431465
2025-10-14 13:00:00,0.29287340654516375,0.002975067822932966,0.38934726870668096,-1742771.2360492514
2025-10-14 14:00:00,0.2625831127586965,0.0027059464381031105,0.3892262729246951,-1674568.5680691972
2025-10-14 15:00:00,0.21439821377683524,0.0028859068909672762,0.3891053649989389,-1742387.2947361812
2025-10-14 16:00:00,0.15160243083588323,0.0026829709106268654,0.38898454499161483,-1820089.6838573832
2025-10-14 17:00:00,0.07847519276832858,0.0035724912832560806,0.3888638129648799,-1764888.8967312118
2025-10-14 18:00:00,3.7131886333224485e-17,0.0029602418128610985,0.388743168980846,-1919805.4595897554
2025-10-14 19:00:00,0.0,0.002606318474297228,0.3886226131015797,-1923636.1258359146
2025-10-14 20:00:00,0.0,0.002870730897815331,0.3885021453891018,-1898454.8232060007
2025-10-14 21:00:00,0.0,0.0033594635165851354,0.3883817659053884,-2038946.9775895097
2025-10-14 22:00:00,0.0,0.0028827263170367787,0.38826147471236977,-2026656.8723585869
2025-10-14 23:00:00,0.0,0.003192882819193981,0.38814127187193104,-2184832.3559278473
2025-10-15 00:00:00,0.0,0.004120725179402577,0.3880211574459116,-2133293.462118228
2025-10-15 01:00:00,0.0,0.0035667485053484157,0.3879011314961056,-2126912.180576638
2025-10-15 02:00:00,0.0,0.003500388951693529,0.3877811940842615,-2029632.08393811
2025-10-15 03:00:00,0.0,0.00415748447595582,0.38766134527208235,-1915066.3304006937
2025-10-15 04:00:00,0.0,0.002671973156388483,0.3875415851212258,-1995744.8068235605
2025-10-15 05:00:00,0.0,0.0034178554917909786,0.38742191369330303,-2164258.161609888
2025-10-15 06:00:00,0.0,0.003252040146202788,0.38730233104988065,-1904888.2645522144
2025-10-15 07:00:00,0.0764349633674174,0.0030531556425182783,0.38718283725247904,-1943509.3890617746
2025-10-15 08:00:00,0.1476610102960946,0.0035530202501934207,0.3870634323625729,-1975001.7748436104
2025-10-15 09:00:00,0.20882420339445024,0.0033665404971932344,0.3869441164415913,-1739614.6740419616
2025-10-15 10:00:00,0.25575637212978697,0.0033089065339358494,0.3868248895509176,-1815671.1498504633
2025-10-15 11:00:00,0.28525916676186763,0.004254423767383927,0.38670575175188904,-1722281.011471609
2025-10-15 12:00:00,0.29532202059218926,0.004231315323461826,0.3865867031057973,-1781600.995911819
2025-10-15 13:00:00,0.28525916676186763,0.0033637782735709055,0.38646774367388836,-1791863.8044993924
2025-10-15 14:00:00,0.255756372129787,0.0033635175695711558,0.38634887351736175,-1704764.1485673306
2025-10-15 15:00:00,0.20882420339445026,0.003037982235055706,0.3862300926973715,-1834579.9104991246
2025-10-15 16:00:00,0.1476610102960946,0.004240993151282629,0.38611140127502575,-1675187.4040257172
2025-10-15 17:00:00,0.07643496336741747,0.003810203498425181,0.38599279931138625,-1772145.3357563294
2025-10-15 18:00:00,3.616651672359533e-17,0.003455588730585149,0.38587428686746894,-1938687.6245709062
2025-10-15 19:00:00,0.0,0.0040072127365942765,0.3857558640042439,-1930165.6252134193
2025-10-15 20:00:00,0.0,0.003791540301563285,0.38563753078263474,-2079294.5223962811
2025-10-15 21:00:00,0.0,0.004543287704684426,0.38551928726351936,-2018193.5973109743
2025-10-15 22:00:00,0.0,0.004665549327728201,0.38540113350772914,-2003006.7732846104
2025-10-15 23:00:00,0.0,0.0035234646792962317,0.3852830695760496,-2079368.551515841
2025-10-16 00:00:00,0.0,0.0037923120847815255,0.38516509552921985,-2148459.3832399766
2025-10-16 01:00:00,0.0,0.0030432485773316045,0.38504721142793263,-2037236.892274183
2025-10-16 02:00:00,0.0,0.0034982281701782347,0.3849294173328348,-2245794.2866337304
2025-10-16 03:00:00,0.0,0.003376114393676542,0.3848117133045265,-2014760.6769821965
2025-10-16 04:00:00,0.0,0.0035678958720512205,0.3846940994035619,-2062816.2356570726
2025-10-16 05:00:00,0.0,0.004308253899536911,0.38457657569044856,-1978054.230187677
2025-10-16 06:00:00,0.0,0.00482152392758486,0.38445914222564775,-2008847.25968338
2025-10-16 07:00:00,0.07441043147167706,0.0035017946780278027,0.3843417990695742,-1727271.9639951857
2025-10-16 08:00:00,0.1437499150076115,0.0040019551252856705,0.3842245462825964,-1928011.255759903
2025-10-16 09:00:00,0.20329307939374391,0.0035221539033357726,0.38410738392503607,-1898892.0008465035
2025-10-16 10:00:00,0.248982156376891,0.0037650721630516555,0.3839903120571686,-1842061.1649089234
2025-10-16 11:00:00,0.277703510865421,0.003659442471138719,0.3838733307392227,-1821429.6217529199
2025-10-16 12:00:00,0.28749983001522306,0.003948846820564132,0.3837564400313806,-1784237.6554393938
2025-10-16 13:00:00,0.277703510865421,0.0037704730809930823,0.38363963999377787,-1860429.9023050144
2025-10-16 14:00:00,0.24898215637689103,0.003783756067290648,0.3835229306865035,-1920430.405871114
2025-10-16 15:00:00,0.20329307939374394,0.0038628661669567765,0.38340631216959964,-1831225.98127435
2025-10-16 16:00:00,0.1437499150076115,0.0038315772448648307,0.383289784503062,-1842108.3072754375
2025-10-16 17:00:00,0.07441043147167714,0.003950879423536543,0.38317334774683925,-1931441.631474549
2025-10-16 18:00:00,3.5208574658355103e-17,0.0034598199663152525,0.3830570019608336,-1951030.6193384293
2025-10-16 19:00:00,0.0,0.004554225120325645,0.3829407472049,-1910191.3088212302
2025-10-16 20:00:00,0.0,0.0035292665483712808,0.38282458353884724,-1965667.844684226
2025-10-16 21:00:00,0.0,0.004699069282151604,0.3827085110224364,-1868835.0123195404
2025-10-16 22:00:00,0.0,0.004327930053766294,0.3825925297153825,-2159912.556142705
2025-10-16 23:00:00,0.0,0.004508785328737756,0.382476639677353,-2104304.2413879787
2025-10-17 00:00:00,0.0,0.005409118682429165,0.38236084096796896,-2212298.1137523074
2025-10-17 01:00:00,0.0,0.0037262517668677254,0.38224513364680396,-2057008.9985307702
2025-10-17 02:00:00,0.0,0.004177214965177319,0.38212951777338483,-2143645.0816580714
2025-10-17 03:00:00,0.0,0.0038759259252099092,0.3820139934071913,-1970403.3885957021
2025-10-17 04:00:00,0.0,0.005192762808228073,0.38189856060765603,-2113937.8026463115
2025-10-17 05:00:00,0.0,0.004141060140877314,0.3817832194341647,-2138488.9202481247
2025-10-17 06:00:00,0.0,0.003739495057199363,0.38166796994605545,-1931535.7992966834
2025-10-17 07:00:00,0.07240219699360122,0.004020780252317003,0.38155281220261966,-1974363.597184334
2025-10-17 08:00:00,0.1398703039123763,0.0035802496165589595,0.38143774626310134,-2030014.1052557116
2025-10-17 09:00:00,0.19780648076612914,0.005322953604692745,0.3813227721866973,-1910370.376852
2025-10-17 10:00:00,0.24226247284633567,0.004113124894180988,0.3812078900325571,-1826185.7500149894
2025-10-17 11:00:00,0.2702086777597304,0.004769371305682998,0.381093099859783,-1761113.5529419552
2025-10-17 12:00:00,0.27974060782475263,0.004601921619821199,0.3809784017274299,-1884575.156397474
2025-10-17 13:00:00,0.2702086777597304,0.005181854843528029,0.3808637956945055,-1788735.2138245564
2025-10-17 14:00:00,0.2422624728463357,0.00481001841442391,0.38074928181997003,-1708281.6974296144
2025-10-17 15:00:00,0.19780648076612917,0.004438634315878154,0.38063486016273607,-1799000.1501320577
2025-10-17 16:00:00,0.1398703039123763,0.004374875169274529,0.38052053078166903,-1854875.024571039
2025-10-17 17:00:00,0.0724021969936013,0.003820908380523217,0.3804062937355869,-1755580.213832575
2025-10-17 18:00:00,3.425834399641183e-17,0.004146840152042669,0.3802921490832599,-1796720.1135078187
2025-10-17 19:00:00,0.0,0.004236325940455972,0.38017809688341103,-1794881.6326559086
2025-10-17 20:00:00,0.0,0.0048942257000581186,0.3800641371947155,-1952815.7707227212
2025-10-17 21:00:00,0.0,0.004212679886361665,0.37995027007580107,-2006147.661595882
2025-10-17 22:00:00,0.0,0.004153650245020055,0.3798364955852478,-2092582.2903698187
2025-10-17 23:00:00,0.0,0.005903996172666834,0.3797228137815879,-2123707.7641600976
2025-10-18 00:00:00,0.0,0.005525202945613566,0.3796092247233064,-2019533.8488745051
2025-10-18 01:00:00,0.0,0.005144071065642616,0.37949572846884,-2033655.3632806488
2025-10-18 02:00:00,0.0,0.004037941672584106,0.37938232507657815,-2053879.7735234404
2025-10-18 03:00:00,0.0,0.005864958280625526,0.3792690146048623,-2167328.085763474
2025-10-18 04:00:00,0.0,0.006054501065657236,0.3791557971119861,-2044691.945923316
2025-10-18 05:00:00,0.0,0.005068967365253878,0.3790426726561955,-2007493.3452218855
2025-10-18 06:00:00,0.0,0.004149914758400717,0.37892964129568846,-1922259.475322166
2025-10-18 07:00:00,0.07041085501640695,0.004196569201028599,0.37881670308861504,-1867513.3457628351
2025-10-18 08:00:00,0.13602332662288533,0.004483125355004422,0.3787038580930775,-2067173.120828174
2025-10-18 09:00:00,0.19236603330918975,0.004347336484376695,0.3785911063671301,-1972320.5612761953
2025-10-18 10:00:00,0.23559931272537374,0.005040910754449635,0.3784784479687789,-1807096.5227475488
2025-10-18 11:00:00,0.2627768883255967,0.006474921091658293,0.37836588295598217,-1842955.196097285
2025-10-18 12:00:00,0.2720466532457707,0.0061649308207467396,0.37825341138665014,-1756938.1994718523
2025-10-18 13:00:00,0.2627768883255967,0.004534814519099476,0.37814103331864496,-1772011.5372647736
2025-10-18 14:00:00,0.23559931272537377,0.005214440495268672,0.37802874880978055,-1848268.4924059324
2025-10-18 15:00:00,0.19236603330918978,0.0057005287577258515,0.3779165579178228,-1713719.5964553445
2025-10-18 16:00:00,0.13602332662288533,0.005115683057082153,0.3778044607004895,-1947616.4200509246
2025-10-18 17:00:00,0.07041085501640702,0.005065696823078742,0.3776924572154501,-1822372.9878492493
2025-10-18 18:00:00,3.33161063116183e-17,0.006568216381970481,0.37758054752032605,-1916849.4574429202
2025-10-18 19:00:00,0.0,0.004368417682038705,0.3774687316726901,-1998711.5792080094
2025-10-18 20:00:00,0.0,0.006551873096226939,0.3773570097300672,-1929050.9717995701
2025-10-18 21:00:00,0.0,0.005650286618386848,0.37724538174993383,-2011378.3423330302
2025-10-18 22:00:00,0.0,0.004867139703036555,0.37713384778971804,-2070410.7252705428
2025-10-18 23:00:00,0.0,0.005666661371029651,0.3770224079067996,-2026369.7858584113
2025-10-19 00:00:00,0.0,0.005193992486985745,0.37691106215850995,-2138017.9243883574
2025-10-19 01:00:00,0.0,0.006819108897844857,0.37679981060213186,-2276523.18462865
2025-10-19 02:00:00,0.0,0.005216753356869311,0.3766886532948998,-2019566.801227978
2025-10-19 03:00:00,0.0,0.004692933882284936,0.37657759029399984,-2155714.5971160517
2025-10-19 04:00:00,0.0,0.006303062345801505,0.3764666216565693,-2104877.195642328
2025-10-19 05:00:00,0.0,0.005125099170161945,0.3763557474396974,-2012979.169958839
2025-10-19 06:00:00,0.0,0.005303772005304763,0.37624496770042404,-1897922.0967276099
2025-10-19 07:00:00,0.0684369956176988,0.006681354107367716,0.3761342824957412,-1973332.4835590404
2025-10-19 08:00:00,0.1322101230815341,0.005345819488859301,0.376023691882592,-1876583.7169058924
2025-10-19 09:00:00,0.18697334914492172,0.00506286964067902,0.37591319591787076,-1842575.3612777654
2025-10-19 10:00:00,0.22899465045215184,0.004783943630855828,0.3758027946584233,-1860079.4187760975
2025-10-19 11:00:00,0.25541034476262053,0.004950365585086783,0.3756924881610466,-1704134.4580806794
2025-10-19 12:00:00,0.26442024616306825,0.004824814218563725,0.375582276482489,-1826870.886955148
2025-10-19 13:00:00,0.25541034476262053,0.005673530918328077,0.37547215967944986,-1789986.078297812
2025-10-19 14:00:00,0.22899465045215187,0.004826358879802855,0.3753621378085801,-1856262.0001387973
2025-10-19 15:00:00,0.18697334914492175,0.006256395990714767,0.3752522109264812,-1720040.7308300894
2025-10-19 16:00:00,0.1322101230815341,0.0066665148842978104,0.3751423790897064,-1826126.3797471325
2025-10-19 17:00:00,0.06843699561769886,0.0065771091288626266,0.3750326423547596,-1856938.647856548
2025-10-19 18:00:00,3.238214080933567e-17,0.006633996937916108,0.374923000778096,-1891247.3643505059
2025-10-19 19:00:00,0.0,0.006228208491484086,0.3748134544161219,-1887678.4446089233
2025-10-19 20:00:00,0.0,0.007591269659528995,0.3747040033251944,-1983186.9989890326
2025-10-19 21:00:00,0.0,0.005287755624913459,0.3745946475616217,-2074672.012285042
2025-10-19 22:00:00,0.0,0.005665290103386417,0.374485387181663,-1962988.7279050625
2025-10-19 23:00:00,0.0,0.005494714950030707,0.3743762222415285,-1970603.6989249531
2025-10-20 00:00:00,0.0,0.004978244300467846,0.3742671527973789,-2079107.3825508691
2025-10-20 01:00:00,0.0,0.005261809377225484,0.3741581789053262,-2097252.5500551076
2025-10-20 02:00:00,0.0,0.006738909375346313,0.37404930062143305,-2265966.0183371548
2025-10-20 03:00:00,0.0,0.005786543482225353,0.3739405180017132,-2036751.21200269
2025-10-20 04:00:00,0.0,0.00562156119816532,0.3738318311021305,-2112214.186779023
2025-10-20 05:00:00,0.0,0.005910189737199155,0.37372323997860035,-2085402.468516119
2025-10-20 06:00:00,0.0,0.005673884388296833,0.3736147446869883,-1992085.4862370996
2025-10-20 07:00:00,0.06648120369461594,0.0067605222870653105,0.373506345283111,-2058817.543688454
2025-10-20 08:00:00,0.1284318232228275,0.006121774544421735,0.3733980418227355,-2050820.2717383609
2025-10-20 09:00:00,0.1816300262420265,0.007461181529585928,0.3732898343615796,-1808369.9378019706
2025-10-20 10:00:00,0.22245044313064172,0.00558253474911385,0.3731817229553118,-1805927.508045136
2025-10-20 11:00:00,0.24811122993664247,0.005188652690039049,0.37307370765955095,-1836744.8509226984
2025-10-20 12:00:00,0.25686364644565507,0.0051928508733236275,0.3729657885298666,-1790383.6212500576
2025-10-20 13:00:00,0.24811122993664247,0.007896401577785216,0.37285796562177886,-1725795.8949346442
2025-10-20 14:00:00,0.22245044313064175,0.005428094798904306,0.3727502389907582,-1699947.6943130246
2025-10-20 15:00:00,0.18163002624202654,0.005801010419944184,0.3726426086922258,-1933569.1171058016
2025-10-20 16:00:00,0.1284318232228275,0.0062328028771270125,0.37253507478155296,-1882027.8645365501
2025-10-20 17:00:00,0.066481203694616,0.005834439092187772,0.3724276373140617,-1953518.1800374764
2025-10-20 18:00:00,3.1456724243698887e-17,0.00534915657096682,0.3723202963450242,-1978554.7685712695
2025-10-20 19:00:00,0.0,0.007728887817766446,0.37221305192966325,-1876993.8961156139
2025-10-20 20:00:00,0.0,0.007542793038566489,0.3721059041231516,-1959163.2122206073
2025-10-20 21:00:00,0.0,0.0059663001709773416,0.3719988529806124,-1975363.8175324854
2025-10-20 22:00:00,0.0,0.008625980535473999,0.3718918985571194,-1893286.2548442823
2025-10-20 23:00:00,0.0,0.0055107345588620476,0.3717850409076964,-2097102.9791905861
2025-10-21 00:00:00,0.0,0.006009682414668171,0.37167828008731707,-2181621.260120034
2025-10-21 01:00:00,0.0,0.008285800672538122,0.3715716161509059,-2106054.0615702434
2025-10-21 02:00:00,0.0,0.008514710589041333,0.37146504915333695,-2040755.9587768672
2025-10-21 03:00:00,0.0,0.005782068914970726,0.3713585791494349,-2107317.4646133874
2025-10-21 04:00:00,0.0,0.0063954197901163,0.3712522061939742,-2060999.7971408258
2025-10-21 05:00:00,0.0,0.0063759939507698595,0.3711459303416793,-2084050.3177003067
2025-10-21 06:00:00,0.0,0.008859767128219231,0.3710397516472252,-1909240.7592902961
2025-10-21 07:00:00,0.06454405879051463,0.007400791294497404,0.37093367016523615,-2022005.225350669
2025-10-21 08:00:00,0.1246895466385561,0.005688564721528568,0.37082768595028714,-1865532.6364411546
2025-10-21 09:00:00,0.1763376479423986,0.006762036564325405,0.3707217990569026,-1887265.9920694397
2025-10-21 10:00:00,0.21596862995070829,0.007559646538551093,0.37061600953955726,-1843384.615139225
2025-10-21 11:00:00,0.24088170673291326,0.008459348258160892,0.37051031745267543,-1889417.6472215462
2025-10-21 12:00:00,0.24937909327711222,0.008741156972761755,0.37040472285063164,-1776137.3734138513
2025-10-21 13:00:00,0.24088170673291326,0.006638055589953314,0.3702992257877499,-1896275.6985815535
2025-10-21 14:00:00,0.2159686299507083,0.008623486210347092,0.3701938263183044,-1916236.1789658214
2025-10-21 15:00:00,0.17633764794239862,0.008814566173380648,0.37008852449651863,-1970719.8002736997
2025-10-21 16:00:00,0.1246895466385561,0.006932534361935756,0.3699833203765664,-1827611.7333761898
2025-10-21 17:00:00,0.0645440587905147,0.00929552446207541,0.3698782140125709,-1955162.2985979505
2025-10-21 18:00:00,3.054013083560847e-17,0.008735685408238563,0.36977320545860526,-1820713.9973553887
2025-10-21 19:00:00,0.0,0.0076486118154919834,0.369668294768692,-1951057.206056083
2025-10-21 20:00:00,0.0,0.006550537257759562,0.36956348199680356,-1837782.0316380684
2025-10-21 21:00:00,0.0,0.007845058542332613,0.3694587671968619,-2125873.212167131
2025-10-21 22:00:00,0.0,0.006590555656221471,0.3693541504227386,-1990351.0597820159
2025-10-21 23:00:00,0.0,0.007746738022934824,0.36924963172825487,-2018686.6168429996
2025-10-22 00:00:00,0.0,0.009027352008844665,0.36914521116718113,-2132859.879344361
2025-10-22 01:00:00,0.0,0.009006048656664798,0.3690408887932377,-2177763.493711182
2025-10-22 02:00:00,0.0,0.00954584989953637,0.36893666466009434,-2043125.1248105355
2025-10-22 03:00:00,0.0,0.009711328502827778,0.3688325388213701,-2084139.8041222868
2025-10-22 04:00:00,0.0,0.007279523239239275,0.36872851133063356,-2145210.2472789055
2025-10-22 05:00:00,0.0,0.007981313766680513,0.3686245822414027,-1991703.9376944317
2025-10-22 06:00:00,0.0,0.009149243055253128,0.3685207516071449,-1878731.9946065897
2025-10-22 07:00:00,0.06262613492323704,0.008805200763295851,0.3684170194812767,-1817161.7309889093
2025-10-22 08:00:00,0.12098440224603683,0.00889015002733896,0.36831338591716445,-1856073.076098916
2025-10-22 09:00:00,0.17109778249194724,0.008098603166208649,0.3682098509681231,-1754913.5673616913
2025-10-22 10:00:00,0.209551131613486,0.0065142271235412545,0.3681064146874175,-1916473.2985629034
2025-10-22 11:00:00,0.2337239174151843,0.008695350348220634,0.3680030771282612,-1773279.840383669
2025-10-22 12:00:00,0.2419688044920737,0.007336509998132748,0.3678998383438173,-1860520.683702709
2025-10-22 13:00:00,0.2337239174151843,0.00804957170159225,0.3677966983871981,-1756797.386779632
2025-10-22 14:00:00,0.20955113161348604,0.009004692826628061,0.36769365731146497,-1948759.5437353868
2025-10-22 15:00:00,0.17109778249194726,0.009323937650752798,0.3675907151696284,-1772594.0629089961
2025-10-22 16:00:00,0.12098440224603683,0.00895003260885925,0.36748787201464794,-1867898.1044287335
2025-10-22 17:00:00,0.06262613492323711,0.009267441452754514,0.3673851278994323,-1934058.4942809385
2025-10-22 18:00:00,2.9632632191472976e-17,0.009410503086081871,0.36728248287683923,-1974130.9281107658
2025-10-22 19:00:00,0.0,0.009309201896497844,0.36717993699967555,-1981542.941991673
2025-10-22 20:00:00,0.0,0.006702905893436842,0.36707749032069675,-1920948.4626723025
2025-10-22 21:00:00,0.0,0.008042929374560867,0.3669751428926077,-2196908.526845129
2025-10-22 22:00:00,0.0,0.008624837607600999,0.366872894768062,-2032938.4218944788
2025-10-22 23:00:00,0.0,0.007670393251764296,0.3667707459996623,-2052057.3397349434
2025-10-23 00:00:00,0.0,0.009040010830158455,0.36666869663995993,-2167937.8916563583
2025-10-23 01:00:00,0.0,0.00760819184312371,0.36656674674145523,-2060956.0663335028
2025-10-23 02:00:00,0.0,0.007932963904546071,0.36646489635659735,-1981121.7014240294
2025-10-23 03:00:00,0.0,0.008577527909932181,0.3663631455377842,-2030380.0151110606
2025-10-23 04:00:00,0.0,0.009128797663878944,0.36626149433736266,-2082040.8688114393
2025-10-23 05:00:00,0.0,0.008543491125201785,0.3661599428076279,-2023296.3514933083
2025-10-23 06:00:00,0.0,0.009010144165224316,0.3660584910008242,-1930354.691953331
2025-10-23 07:00:00,0.060728000415017136,0.009202426946615104,0.3659571389691446,-1868300.8303175638
2025-10-23 08:00:00,0.11731748795951662,0.009791838088221816,0.3658558867647305,-1872847.988274338
2025-10-23 09:00:00,0.16591198257589068,0.008758698705355386,0.3657547344396721,-1832841.5108312487
2025-10-23 10:00:00,0.20319984976223282,0.00972829767341801,0.36565368204600834,-1859748.9213012003
2025-10-23 11:00:00,0.22663998299090785,0.008640437515581367,0.3655527296357266,-1780203.4870017732
2025-10-23 12:00:00,0.23463497591903326,0.010101338892366063,0.36545187726076267,-1849198.9248523922
2025-10-23 13:00:00,0.22663998299090785,0.009827446956505064,0.3653511249730011,-1812833.011668785
2025-10-23 14:00:00,0.20319984976223282,0.008492267886916881,0.36525047282427503,-1871858.5226282594
2025-10-23 15:00:00,0.1659119825758907,0.009920994735713605,0.365149920866366,-1746250.379910228
2025-10-23 16:00:00,0.11731748795951662,0.00987547842283025,0.36504946915100367,-1974166.3541117043
2025-10-23 17:00:00,0.060728000415017205,0.007253179615797279,0.3649491177298666,-1722237.4734667994
2025-10-23 18:00:00,2.873449722272604e-17,0.009042232916975184,0.36484886665458155,-1879557.536725766
2025-10-23 19:00:00,0.0,0.00907424775882828,0.3647487159767237,-2043045.954019153
2025-10-23 20:00:00,0.0,0.009408522113892792,0.3646486657478165,-2027762.1018100209
2025-10-23 21:00:00,0.0,0.009590934938466425,0.36454871601933186,-2167377.2477796134
2025-10-23 22:00:00,0.0,0.009476925665898011,0.36444886684268984,-2060524.6034611799
2025-10-23 23:00:00,0.0,0.010992581633296639,0.36434911826925886,-2044261.8155617532
2025-10-24 00:00:00,0.0,0.009991854471405617,0.36424947035035565,-2135846.077003072
2025-10-24 01:00:00,0.0,0.008066744936230543,0.36414992313724487,-1946061.8965812183
2025-10-24 02:00:00,0.0,0.01055261412283511,0.3640504766811396,-2028940.134831827
2025-10-24 03:00:00,0.0,0.008389335530956173,0.36395113103320115,-2118750.359658637
2025-10-24 04:00:00,0.0,0.008164537390330576,0.36385188624453885,-2071517.6632455352
2025-10-24 05:00:00,0.0,0.011461112138434593,0.36375274236621014,-1946004.05051613
2025-10-24 06:00:00,0.0,0.00926475204779458,0.36365369944922055,-1937806.5995156644
2025-10-24 07:00:00,0.058850217724074894,0.008138735178564655,0.3635547575445237,-1960293.717726081
2025-10-24 08:00:00,0.11368989036483722,0.010727124514332671,0.3634559167030213,-1953465.703875058
2025-10-24 09:00:00,0.16078178485866307,0.011665156011013304,0.363357176975563,-1979737.531762289
2025-10-24 10:00:00,0.19691666641883343,0.007668099998519995,0.36325853841294625,-1859015.7619208214
2025-10-24 11:00:00,0.219632002582738,0.011386259073681565,0.3631600010659167,-1831037.6187158772
2025-10-24 12:00:00,0.22737978072967446,0.00757237304399095,0.36306156498516795,-1941573.0274094732
2025-10-24 13:00:00,0.219632002582738,0.008312491633073503,0.36296323022134136,-1792778.9894607824
2025-10-24 14:00:00,0.19691666641883346,0.009175714010178726,0.3628649968250264,-1767187.510971486
2025-10-24 15:00:00,0.1607817848586631,0.011959964572226854,0.3627668648467598,-1904093.8895062024
2025-10-24 16:00:00,0.11368989036483722,0.009524682411389426,0.36266883433702685,-1920702.4691845868
2025-10-24 17:00:00,0.058850217724074956,0.01010282218262481,0.36257090534626024,-1855243.542037243
2025-10-24 18:00:00,2.7845992066142285e-17,0.008396705933525858,0.36247307792484046,-1876115.0286216957
2025-10-24 19:00:00,0.0,0.010381431903337618,0.36237535212309596,-1878415.2283250769
2025-10-24 20:00:00,0.0,0.011045755645177222,0.3622777279913025,-1974531.5041913972
2025-10-24 21:00:00,0.0,0.009534225904700894,0.36218020557968383,-1915259.2168685207
2025-10-24 22:00:00,0.0,0.011420120292844213,0.3620827849384114,-2026053.1051934853
2025-10-24 23:00:00,0.0,0.010378462872040785,0.36198546611760424,-2053112.305952117
2025-10-25 00:00:00,0.0,0.009323738072254095,0.36188824916732887,-2176633.547937107
2025-10-25 01:00:00,0.0,0.010582182781954306,0.3617911341375996,-2161096.1817492265
2025-10-25 02:00:00,0.0,0.010093095118332493,0.3616941210783782,-2120527.0108925723
2025-10-25 03:00:00,0.0,0.011973147122679655,0.36159721003957396,-2007146.8846639737
2025-10-25 04:00:00,0.0,0.011706819150775798,0.36150040107104386,-2058472.6650065046
2025-10-25 05:00:00,0.0,0.01253292891457143,0.36140369422259205,-2128730.295644576
2025-10-25 06:00:00,0.0,0.012479289102231405,0.36130708954397034,-2086089.4024695843
2025-10-25 07:00:00,0.05699334327794745,0.009446925454069053,0.3612105870848781,-1920991.5294458412
2025-10-25 08:00:00,0.11010268439745581,0.009783145291494653,0.3611141868949618,-1741017.1282061522
2025-10-25 09:00:00,0.15570870952856658,0.01077736737222118,0.36101788902381554,-1880003.2955014792
2025-10-25 10:00:00,0.1907034434261146,0.009794753318623145,0.36092169352098075,-2016306.1953697214
2025-10-25 11:00:00,0.21270205280651405,0.011384230078835857,0.36082560043594614,-2049141.9670929036
2025-10-25 12:00:00,0.22020536879491165,0.012401217037365558,0.3607296098181477,-1866940.599690699
2025-10-25 13:00:00,0.21270205280651405,0.010458251806867443,0.36063372171696895,-1785692.5359165315
2025-10-25 14:00:00,0.1907034434261146,0.012772245306907716,0.3605379361817401,-1785391.6879694103
2025-10-25 15:00:00,0.1557087095285666,0.009502862614663356,0.3604422532617393,-1800070.7925694142
2025-10-25 16:00:00,0.11010268439745581,0.009770243482751344,0.36034667300619133,-1749351.093861921
2025-10-25 17:00:00,0.056993343277947514,0.012411974324663923,0.36025119546426865,-1811666.8432274067
2025-10-25 18:00:00,2.69673800049751e-17,0.009779694470147864,0.36015582068509044,-2035641.8428613783
2025-10-25 19:00:00,0.0,0.010217886542319126,0.3600605487177232,-1991278.3741850597
2025-10-25 20:00:00,0.0,0.009825843055624651,0.3599653796111806,-2003087.080120978
2025-10-25 21:00:00,0.0,0.009190385332156551,0.3598703134144232,-2199987.00342573
2025-10-25 22:00:00,0.0,0.009810158050009414,0.3597753501763589,-1958126.9674857734
2025-10-25 23:00:00,0.0,0.013366954006026317,0.35968048994584245,-1990202.7866778094
2025-10-26 00:00:00,0.0,0.01095722209472735,0.3595857327716757,-2149717.776584706
2025-10-26 01:00:00,0.0,0.011296929618266994,0.35949107870260716,-2094963.7588609653
2025-10-26 02:00:00,0.0,0.011442707293406395,0.3593965277873328,-2148614.3116979226
2025-10-26 03:00:00,0.0,0.011150686096419383,0.35930208007449504,-2105410.716836978
2025-10-26 04:00:00,0.0,0.009849166171946934,0.3592077356126837,-2157929.1720203683
2025-10-26 05:00:00,0.0,0.013553563403668215,0.35911349445043506,-2164225.529139246
2025-10-26 06:00:00,0.0,0.00951130003392093,0.3590193566362324,-2085386.8025433326
2025-10-26 07:00:00,0.05515792730860784,0.013483481050913435,0.358925322218506,-1955543.2461808578
2025-10-26 08:00:00,0.10655693302391879,0.010284095916775883,0.35883139124563257,-1995981.4734453065
2025-10-26 09:00:00,0.1506942598473075,0.013614702913021174,0.35873756376593613,-1933493.6446170316
2025-10-26 10:00:00,0.18456202189614132,0.01043337224170894,0.3586438398276869,-1901890.623882894
2025-10-26 11:00:00,0.20585218715591536,0.010889187005664238,0.3585502194791021,-1746761.8287359062
2025-10-26 12:00:00,0.2131138660478376,0.011234596300530548,0.3584567027683457,-1992415.7811332373
2025-10-26 13:00:00,0.20585218715591536,0.010281060039761545,0.3583632897435283,-1785683.11952097
2025-10-26 14:00:00,0.18456202189614135,0.012544984330774143,0.3582699804527072,-1866323.6144104516
2025-10-26 15:00:00,0.15069425984730753,0.012653335119086477,0.3581767749438862,-1660495.2255586274
2025-10-26 16:00:00,0.10655693302391879,0.01072215625112112,0.35808367326501583,-2081741.6273488936
2025-10-26 17:00:00,0.055157927308607906,0.013306684881433096,0.35799067546399316,-1945309.270277957
2025-10-26 18:00:00,2.609892139094021e-17,0.012379220780451684,0.3578977815886619,-1911936.0484066023
2025-10-26 19:00:00,0.0,0.014468041868156745,0.3578049916868122,-1902811.5082820589
2025-10-26 20:00:00,0.0,0.013437533267011094,0.35771230580618063,-1946839.830349958
2025-10-26 21:00:00,0.0,0.009741865494742683,0.3576197239944504,-1910758.4363187053
2025-10-26 22:00:00,0.0,0.010918026379010163,0.35752724629925114,-2085669.2815717733
2025-10-26 23:00:00,0.0,0.011764003727170224,0.35743487276815894,-2034872.0157739583
2025-10-27 00:00:00,0.0,0.013939308921182534,0.3573426034486963,-2125585.9642175343
2025-10-27 01:00:00,0.0,0.014365484621705156,0.35725043838833204,-2111803.4797091465
2025-10-27 02:00:00,0.0,0.01445197492057111,0.3571583776344813,-2086492.2717481235
2025-10-27 03:00:00,0.0,0.012247780048107393,0.3570664212345058,-2187758.720875383
2025-10-27 04:00:00,0.0,0.013040169370227528,0.3569745692357134,-1854063.0655682296
2025-10-27 05:00:00,0.0,0.012536276821097203,0.35688282168535834,-1988425.0276626702
2025-10-27 06:00:00,0.0,0.014351861287436707,0.3567911786306408,-1999244.4358824599
2025-10-27 07:00:00,0.053344513689419316,0.014855485239430796,0.3566996401187076,-1854443.179409364
2025-10-27 08:00:00,0.10305368692688173,0.010591892104268552,0.35660820619665157,-1813095.7018505286
2025-10-27 09:00:00,0.14573992170454708,0.01049403763132574,0.3565168769115119,-1828702.2407807664
2025-10-27 10:00:00,0.17849422166465576,0.012317884293124514,0.3564256523102738,-1737781.5262640086
2025-10-27 11:00:00,0.19908443539396642,0.013269658917454286,0.3563345324398686,-1843253.1229007884
2025-10-27 12:00:00,0.2061073738537635,0.01238292050598055,0.3562435173471739,-1876746.2545644355
2025-10-27 13:00:00,0.19908443539396642,0.013980591143305843,0.3561526070790133,-1806768.8250395341
2025-10-27 14:00:00,0.17849422166465578,0.013872644338641719,0.3560618016821566,-1775712.0138015372
2025-10-27 15:00:00,0.14573992170454708,0.012691754151911865,0.35597110120331926,-1774454.7014393143
2025-10-27 16:00:00,0.10305368692688173,0.011716652919324114,0.3558805056891632,-1862948.6601496506
2025-10-27 17:00:00,0.05334451368941937,0.013831295877939824,0.35579001518629616,-1875149.0745052951
2025-10-27 18:00:00,2.5240873567067832e-17,0.013861555397869664,0.35569962974127184,-1953704.1590416338
2025-10-27 19:00:00,0.0,0.011503201633557935,0.35560934940058997,-1995318.6285602378
2025-10-27 20:00:00,0.0,0.015438561392976469,0.3555191742106962,-2052583.1342598845
2025-10-27 21:00:00,0.0,0.014144175016809497,0.3554291042179819,-1979181.6408771728
2025-10-27 22:00:00,0.0,0.01057096999605005,0.3553391394687847,-2103148.6099922326
2025-10-27 23:00:00,0.0,0.011247972747689579,0.3552492800093876,-2191512.5203775354
2025-10-28 00:00:00,0.0,0.014282730122723361,0.35515952588601996,-2126610.6217987207
2025-10-28 01:00:00,0.0,0.010398536636119612,0.3550698771448564,-2159365.1922777686
2025-10-28 02:00:00,0.0,0.01540779203597554,0.35498033383201766,-2254552.312894326
2025-10-28 03:00:00,0.0,0.010645096610849739,0.35489089599357027,-2172371.341293354
2025-10-28 04:00:00,0.0,0.01276475481420677,0.3548015636755264,-1960158.9761821262
2025-10-28 05:00:00,0.0,0.014641703112378167,0.35471233692384385,-2176771.5631470154
2025-10-28 06:00:00,0.0,0.015394410263176967,0.35462321578442635,-2090537.365513399
2025-10-28 07:00:00,0.05155363977397389,0.010469093171782776,0.35453420030312305,-1988929.849314595
2025-10-28 08:00:00,0.0995939841937694,0.011836238906093352,0.3544452905257288,-1986658.4523376254
2025-10-28 09:00:00,0.14084716317760035,0.011219415861487616,0.3543564864979844,-1964603.1054186807
2025-10-28 10:00:00,0.1725018407518203,0.013312649301851326,0.35426778826557553,-1936574.9871886042
2025-10-28 11:00:00,0.19240080295157427,0.013453491635267115,0.3541791958741341,-1949707.408171227
2025-10-28 12:00:00,0.19918796838753883,0.012512790607652547,0.35409070936923737,-1988739.9383104688
2025-10-28 13:00:00,0.19240080295157427,0.012420167730091816,0.354002328796408,-1844442.129550314
2025-10-28 14:00:00,0.17250184075182032,0.014611405203562758,0.35391405420111427,-1830026.2011593124
2025-10-28 15:00:00,0.14084716317760038,0.015069048357776739,0.35382588562876993,-1876077.4939870017
2025-10-28 16:00:00,0.0995939841937694,0.012041962840088469,0.3537378231247343,-1812364.9192603005
2025-10-28 17:00:00,0.051553639773973946,0.013183938992017502,0.35364986673431176,-1889149.9082771218
2025-10-28 18:00:00,2.439349079144636e-17,0.016450369174042113,0.35356201650275265,-1841947.36950838
2025-10-28 19:00:00,0.0,0.012561026842670135,0.35347427247525204,-2057505.085026096
2025-10-28 20:00:00,0.0,0.015738894020868827,0.3533866346969509,-2029401.3051429181
2025-10-28 21:00:00,0.0,0.015055343937770983,0.35329910321293534,-2034832.1813742735
2025-10-28 22:00:00,0.0,0.011645256996250512,0.35321167806823683,-2090718.0306955494
2025-10-28 23:00:00,0.0,0.010770829537692763,0.353124359307832,-2113164.5747864796
2025-10-29 00:00:00,0.0,0.011687567870830414,0.3530371469766429,-2167090.9072271404
2025-10-29 01:00:00,0.0,0.015678353132766186,0.35295004111953693,-2148007.1549835964
2025-10-29 02:00:00,0.0,0.015564365923019236,0.35286304178132627,-2217243.017322637
2025-10-29 03:00:00,0.0,0.015902085049572103,0.3527761490067687,-1938691.59099502
2025-10-29 04:00:00,0.0,0.011797916043303061,0.3526893628405672,-2130318.15463097
2025-10-29 05:00:00,0.0,0.014584867146875109,0.35260268332736966,-2091041.4297688375
2025-10-29 06:00:00,0.0,0.014965576691000626,0.3525161105117691,-1976107.2602365538
2025-10-29 07:00:00,0.04978583623686294,0.017574793858643804,0.35242964443830394,-2001736.6078254262
2025-10-29 08:00:00,0.09617885000916813,0.017597541095829027,0.35234328515145735,-1999950.4120971502
2025-10-29 09:00:00,0.13601743409641326,0.016734412151421112,0.35225703269565783,-1743239.6326781125
2025-10-29 10:00:00,0.1665866548294256,0.014515694765162165,0.3521708871152789,-2020277.4070405946
2025-10-29 11:00:00,0.18580327033327623,0.016175139198943908,0.3520848484546387,-1877492.814754682
2025-10-29 12:00:00,0.1923577000183363,0.013791542002414205,0.351998916758001,-1883337.1955700365
2025-10-29 13:00:00,0.18580327033327623,0.01738285131944464,0.351913092069574,-1908770.775610946
2025-10-29 14:00:00,0.1665866548294256,0.013231166034720474,0.3518273744335112,-1953618.0212472691
2025-10-29 15:00:00,0.1360174340964133,0.017709217421931017,0.3517417638939108,-1934965.9320524824
2025-10-29 16:00:00,0.09617885000916813,0.012951672480180698,0.3516562604948159,-2008283.453743037
2025-10-29 17:00:00,0.04978583623686299,0.012141837880555674,0.35157086428021467,-1969131.8345687867
2025-10-29 18:00:00,2.3557024161880232e-17,0.013857695476721141,0.35148557529404006,-1951623.3918953394
2025-10-29 19:00:00,0.0,0.015981959813271555,0.35140039358016983,-1925548.0382919535
2025-10-29 20:00:00,0.0,0.01807113921431132,0.35131531918242653,-1987892.0074564589
2025-10-29 21:00:00,0.0,0.013299946480406628,0.35123035214457743,-2123482.770427908
2025-10-29 22:00:00,0.0,0.016795794706443743,0.3511454925103348,-2194978.92208555
2025-10-29 23:00:00,0.0,0.0124150001000978,0.35106074032335555,-2049600.1953139715
2025-10-30 00:00:00,0.0,0.015284577280572507,0.3509760956272411,-2009238.8427614514
2025-10-30 01:00:00,0.0,0.015171403174652022,0.3508915584655378,-2092950.6937446906
2025-10-30 02:00:00,0.0,0.015731531541952996,0.3508071288817367,-2110010.644980433
2025-10-30 03:00:00,0.0,0.015934948545640853,0.35072280691927343,-2159632.6096079717
2025-10-30 04:00:00,0.0,0.015993210276810284,0.3506385926215283,-2043360.665822212
2025-10-30 05:00:00,0.0,0.017614996156823697,0.35055448603182604,-2012020.4860419573
2025-10-30 06:00:00,0.0,0.014200614185486094,0.3504704871934362,-2127045.134823612
2025-10-30 07:00:00,0.048041626916426786,0.015539273853305339,0.35038659614957274,-2087176.7333767302
2025-10-30 08:00:00,0.09280929635104136,0.01650759317508199,0.3503028129433944,-1881388.1974346815
2025-10-30 09:00:00,0.1312521656139465,0.013343263342852999,0.3502191376180041,-2014303.34171626
2025-10-30 10:00:00,0.16075041669472045,0.01587480311336391,0.3501355702164496,-1862636.7979443562
2025-10-30 11:00:00,0.1792937925303733,0.013349205711163149,0.3500521107817228,-1851225.4291992618
2025-10-30 12:00:00,0.18561859270208275,0.01264915539018876,0.3499687593567604,-2032290.179065624
2025-10-30 13:00:00,0.1792937925303733,0.018581496263337365,0.3498855159844432,-1695972.2406443788
2025-10-30 14:00:00,0.16075041669472048,0.012198401617837584,0.34980238070759667,-1914908.3983872682
2025-10-30 15:00:00,0.13125216561394654,0.017087895944172288,0.3497193535689906,-1847126.0002365592
2025-10-30 16:00:00,0.09280929635104136,0.014487332622521339,0.349636434611339,-2022518.966547346
2025-10-30 17:00:00,0.048041626916426834,0.01840869576832065,0.3495536238773005,-1811604.6753755538
2025-10-30 18:00:00,2.273172154148419e-17,0.019281919969058654,0.3494709214094778,-1995876.3296394465
2025-10-30 19:00:00,0.0,0.016459602889846315,0.34938832725041813,-1894229.6575164788
2025-10-30 20:00:00,0.0,0.014808905310753516,0.3493058414426127,-1872715.7178664396
2025-10-30 21:00:00,0.0,0.013627738208185823,0.3492234640284972,-2008840.7250538429
2025-10-30 22:00:00,0.0,0.01596392557740305,0.3491411950504515,-2115028.4676249158
2025-10-30 23:00:00,0.0,0.017170399934848285,0.34905903455079973,-2035898.566848885
2025-10-31 00:00:00,0.0,0.017905197361477714,0.3489769825718101,-2158187.511759621
2025-10-31 01:00:00,0.0,0.01935192354684713,0.34889503915569514,-2225463.8503023246
2025-10-31 02:00:00,0.0,0.01324723240912975,0.34881320434461144,-1996387.863949483
2025-10-31 03:00:00,0.0,0.018557952431648126,0.3487314781806597,-2305213.1505953427
2025-10-31 04:00:00,0.0,0.015051383522240691,0.3486498607058849,-2107806.7703761
2025-10-31 05:00:00,0.0,0.013734913824367728,0.34856835196227565,-2114010.4920313945
2025-10-31 06:00:00,0.0,0.012739987520846414,0.3484869519917652,-2071128.85364831
2025-10-31 07:00:00,0.046321528659530285,0.013928489971437353,0.34840566083623037,-1955250.1874304593
2025-10-31 08:00:00,0.08948632169085909,0.019167022033585886,0.3483244785374923,-1957604.0057486603
2025-10-31 09:00:00,0.1265527697820946,0.015269518219833285,0.348243405137316,-1909115.3160832676
2025-10-31 10:00:00,0.15499485575102084,0.016393874878198985,0.3481624406774105,-1926850.5446766128
2025-10-31 11:00:00,0.1728742984416249,0.016015290842808394,0.3480815851994288,-1869546.8760044307
2025-10-31 12:00:00,0.1789726433817182,0.017060132609008564,0.3480008387449677,-1935513.8842315539
2025-10-31 13:00:00,0.1728742984416249,0.015587275133180934,0.347920201355568,-1871956.70924318
2025-10-31 14:00:00,0.15499485575102084,0.016009290016080972,0.3478396730727147,-1903329.0749900285
2025-10-31 15:00:00,0.12655276978209462,0.014686020199136016,0.347759253937836,-1949695.2866972478
2025-10-31 16:00:00,0.08948632169085909,0.013290355677827654,0.3476789439923045,-1939954.625600028
2025-10-31 17:00:00,0.046321528659530334,0.016979913102235285,0.34759874327743634,-2010553.1629417823
2025-10-31 18:00:00,2.191782748523619e-17,0.013261339812919588,0.3475186518344916,-1998781.0972704107
2025-10-31 19:00:00,0.0,0.01658403034075882,0.3474386697046742,-1959570.1444801663
2025-10-31 20:00:00,0.0,0.020296629532017024,0.3473587969291317,-2018375.1226928653
2025-10-31 21:00:00,0.0,0.01991729921561208,0.34727903354895534,-2159864.480958176
2025-10-31 22:00:00,0.0,0.01680684439150844,0.3471993796051803,-2153234.880690219
2025-10-31 23:00:00,0.0,0.01904898312921309,0.3471198351387854,-2118011.9423902826
2025-11-01 00:00:00,0.0,0.016200370252312475,0.34704040019069293,-1995113.5948612012
2025-11-01 01:00:00,0.0,0.020380860404326573,0.34696107480176896,-2141438.9772716155
2025-11-01 02:00:00,0.0,0.01462678972560124,0.3468818590128233,-2149190.2540840404
2025-11-01 03:00:00,0.0,0.01853638590553572,0.34680275286460926,-2157228.235925853
2025-11-01 04:00:00,0.0,0.017992737486351003,0.3467237563978238,-2065642.2448733086
2025-11-01 05:00:00,0.0,0.018402110614285806,0.3466448696531075,-2022798.6685392726
2025-11-01 06:00:00,0.0,0.020426707900971376,0.3465660926710443,-2071498.4672716968
2025-11-01 07:00:00,0.04462605116840968,0.0142106123410225,0.3464874254921619,-2079069.4871055656
2025-11-01 08:00:00,0.08621091069772872,0.014503000361951776,0.3464088681569314,-2071019.3525823373
2025-11-01 09:00:00,0.12192063913326372,0.02150874142379504,0.34633042070576725,-1796464.5030284505
2025-11-01 10:00:00,0.1493216774952494,0.015736833537818892,0.3462520831790277,-1792884.901024302
2025-11-01 11:00:00,0.1665466903016734,0.020101966010646524,0.34617385561701414,-1865332.9336545712
2025-11-01 12:00:00,0.17242182139545748,0.02152296454746463,0.34609573805997157,-1916810.157982771
2025-11-01 13:00:00,0.1665466903016734,0.014295317012800896,0.34601773054808826,-1681758.6097176878
2025-11-01 14:00:00,0.14932167749524944,0.015401587646913746,0.345939833121496,-1815620.4531795885
2025-11-01 15:00:00,0.12192063913326373,0.020643020743574523,0.34586204582026997,-1881526.5985455746
2025-11-01 16:00:00,0.08621091069772872,0.01432608934996879,0.3457843686844285,-1937431.4101274777
2025-11-01 17:00:00,0.04462605116840973,0.01924917874554852,0.3457068017539335,-1908074.5549324113
2025-11-01 18:00:00,2.1115583167510363e-17,0.015410260276326965,0.3456293450686898,-1891553.4137699455
2025-11-01 19:00:00,0.0,0.019406710644149616,0.3455519986685461,-1909087.3529054855
2025-11-01 20:00:00,0.0,0.021060375779174703,0.3454747625932937,-2031026.9029590173
2025-11-01 21:00:00,0.0,0.016182532189798052,0.34539763688266756,-2020368.0964368368
2025-11-01 22:00:00,0.0,0.018689456169334356,0.3453206215763458,-2083687.678937559
2025-11-01 23:00:00,0.0,0.020457349363137946,0.3452437167139497,-2156763.231798946
2025-11-02 00:00:00,0.0,0.01856986824082104,0.34516692233504376,-2023670.30196076
2025-11-02 01:00:00,0.0,0.014810935554684249,0.3450902384791355,-2190123.5885521723
2025-11-02 02:00:00,0.0,0.017519259568020903,0.3450136651856758,-2020364.111608078
2025-11-02 03:00:00,0.0,0.01689285360948119,0.34493720249405846,-2146461.7976172073
2025-11-02 04:00:00,0.0,0.019741514367887528,0.3448608504436206,-2138734.6480607223
2025-11-02 05:00:00,0.0,0.016856505465759373,0.34478460907364206,-2024222.1508303992
2025-11-02 06:00:00,0.0,0.014516600575216771,0.3447084784233462,-1945923.7579389084
2025-11-02 07:00:00,0.04295569684963695,0.021625117885788126,0.34463245853189894,-1778949.084793296
2025-11-02 08:00:00,0.08298403394661659,0.019329568352847045,0.34455654943840974,-1794465.9541572533
2025-11-02 09:00:00,0.11735714626773451,0.020341369559039812,0.34448075118193056,-1854917.5777607022
2025-11-02 10:00:00,0.1437325630125604,0.016083603934918898,0.3444050638014567,-1790511.4855165938
2025-11-02 11:00:00,0.16031284311737148,0.019762071028354224,0.34432948733592617,-1931237.1469283479
2025-11-02 12:00:00,0.1659680678932332,0.01643116770967343,0.3442540218242202,-1781627.9958954304
2025-11-02 13:00:00,0.16031284311737148,0.017345023631201002,0.3441786673051626,-1965738.5416896036
2025-11-02 14:00:00,0.14373256301256043,0.02158082603050803,0.34410342381752024,-1866778.1390290519
2025-11-02 15:00:00,0.11735714626773452,0.018793338820825557,0.3440282914000031,-2016082.9845374364
2025-11-02 16:00:00,0.08298403394661659,0.022149306589222702,0.34395327009126353,-1851357.2659945854
2025-11-02 17:00:00,0.042955696849636994,0.01562827131431503,0.343878359929897,-1867684.173640389
2025-11-02 18:00:00,2.0325226310611864e-17,0.02179666248898464,0.3438035609544419,-1991849.2385990114
2025-11-02 19:00:00,0.0,0.022369334782248146,0.34372887320337936,-1964098.449676534
2025-11-02 20:00:00,0.0,0.01633566432736917,0.34365429671513303,-1963726.4540474718
2025-11-02 21:00:00,0.0,0.015942575968878225,0.34357983152806965,-2054901.9910543095
2025-11-02 22:00:00,0.0,0.016586782766006516,0.34350547768049855,-2155069.1816988327
2025-11-02 23:00:00,0.0,0.019210712900181462,0.34343123521067187,-2071180.8860123558
2025-11-03 00:00:00,0.0,0.023758489470574726,0.3433571041567843,-2123089.9484225297
2025-11-03 01:00:00,0.0,0.016989810690439516,0.3432830845569732,-2068759.9304876076
2025-11-03 02:00:00,0.0,0.02229540932037811,0.34320917644931886,-2152538.3803003277
2025-11-03 03:00:00,0.0,0.023464089455223304,0.34313537987184395,-2132778.8192526726
2025-11-03 04:00:00,0.0,0.0180233911564958,0.34306169486251387,-2200167.4868665957
2025-11-03 05:00:00,0.0,0.023331775566512194,0.3429881214592366,-2016334.4184104798
2025-11-03 06:00:00,0.0,0.016261018552720562,0.3429146596998627,-1951786.2012326843
2025-11-03 07:00:00,0.04131096066524601,0.01886607932191092,0.3428413096221852,-2052487.6145727076
2025-11-03 08:00:00,0.0798066476307459,0.019563308319513237,0.34276807126393993,-2015412.203243274
2025-11-03 09:00:00,0.11286364344693149,0.02071253441756331,0.3426949446628051,-1963113.1568839662
2025-11-03 10:00:00,0.13822916847819827,0.022121561593887323,0.3426219298564013,-1805656.2712853434
2025-11-03 11:00:00,0.1541746041121775,0.01663794929729289,0.34254902688229166,-1907941.8262560333
2025-11-03 12:00:00,0.15961329526149182,0.02465525573777333,0.3424762357779819,-1899201.0141383396
2025-11-03 13:00:00,0.1541746041121775,0.017890421209546023,0.34240355658092025,-1845111.741461513
2025-11-03 14:00:00,0.1382291684781983,0.015815243694832292,0.34233098932849715,-1845962.8048048157
2025-11-03 15:00:00,0.1128636434469315,0.021907797463866632,0.3422585340580455,-1886733.7632194732
2025-11-03 16:00:00,0.0798066476307459,0.021770825915995818,0.34218619080684065,-1909516.5520167607
2025-11-03 17:00:00,0.04131096066524605,0.019713330256350966,0.3421139596121003,-1896049.265243432
2025-11-03 18:00:00,1.9546991114334735e-17,0.02475226230083286,0.34204184051098446,-2001255.5787170704
2025-11-03 19:00:00,0.0,0.023934452920005636,0.3419698335405956,-2037198.0407360008
2025-11-03 20:00:00,0.0,0.01909882491123139,0.34189793873797847,-1968574.5659551362
2025-11-03 21:00:00,0.0,0.02053046022743107,0.34182615614011985,-2050299.691092875
2025-11-03 22:00:00,0.0,0.018134290614494626,0.3417544857839492,-2197979.3769770465
2025-11-03 23:00:00,0.0,0.02469913325926061,0.34168292770633785,-2173862.9859726913
2025-11-04 00:00:00,0.0,0.022624850740863973,0.34161148194409974,-2164432.5752368453
2025-11-04 01:00:00,0.0,0.01681380406974069,0.3415401485339908,-2102571.7314523077
2025-11-04 02:00:00,0.0,0.0252869972662116,0.3414689275127092,-2144854.722222373
2025-11-04 03:00:00,0.0,0.024048420364918072,0.3413978189168952,-2257290.8593194396
2025-11-04 04:00:00,0.0,0.018385250731707888,0.3413268227831316,-2122593.4361822656
2025-11-04 05:00:00,0.0,0.020372523206625335,0.3412559391479427,-2091223.0092953243
2025-11-04 06:00:00,0.0,0.024897727626816555,0.34118516804779553,-2123026.9281258103
2025-11-04 07:00:00,0.0396923299860646,0.01957041922815292,0.34111450951909883,-1996886.2271563357
2025-11-04 08:00:00,0.07667969327825562,0.019577196692122753,0.3410439635982037,-2001009.6029855604
2025-11-04 09:00:00,0.10844146219271816,0.025425091409413333,0.34097353032140315,-2015778.1594505955
2025-11-04 10:00:00,0.13281312466673648,0.02297975504601437,0.34090320972493227,-2009968.3511938103
2025-11-04 11:00:00,0.14813379217878278,0.020721718074009122,0.3408330018449681,-1935233.5684946706
2025-11-04 12:00:00,0.15335938655651127,0.02121152075631457,0.34076290671762993,-1790707.2455530309
2025-11-04 13:00:00,0.14813379217878278,0.025648076220396485,0.3406929243789789,-1881886.0031558606
2025-11-04 14:00:00,0.1328131246667365,0.018849812656162354,0.340623054865018,-1878712.5709305734
2025-11-04 15:00:00,0.10844146219271818,0.021535911522354793,0.3405532982116922,-1899222.1325309263
2025-11-04 16:00:00,0.07667969327825562,0.02443498007197125,0.3404836544548887,-1886790.4996294822
2025-11-04 17:00:00,0.039692329986064645,0.023549615842700343,0.34041412363043644,-1906556.8250930717
2025-11-04 18:00:00,1.8781108186563316e-17,0.022452712043444997,0.340344705774106,-1937613.6360512206
2025-11-04 19:00:00,0.0,0.026025354240746208,0.34027540092161024,-1941132.1765963323
2025-11-04 20:00:00,0.0,0.021237723525196636,0.3402062091086037,-2132262.5360431485
2025-11-04 21:00:00,0.0,0.024067242431634606,0.3401371303706828,-2184525.179234088
2025-11-04 22:00:00,0.0,0.026841965432739645,0.3400681647433858,-2190500.902937799
2025-11-04 23:00:00,0.0,0.017733600207345598,0.3399993122621927,-2028386.191654664
2025-11-05 00:00:00,0.0,0.022217727879609867,0.3399305729625255,-2160212.143947192
2025-11-05 01:00:00,0.0,0.023386641311142594,0.3398619468797475,-2085823.512216333
2025-11-05 02:00:00,0.0,0.020236995461578897,0.3397934340491643,-2039299.8881211004
2025-11-05 03:00:00,0.0,0.023279488739344656,0.3397250345060229,-2149052.4463987057
2025-11-05 04:00:00,0.0,0.026596299522179352,0.33965674828551223,-2002220.3201362686
2025-11-05 05:00:00,0.0,0.021268424346055866,0.3395885754227627,-2061489.8932612985
2025-11-05 06:00:00,0.0,0.02053081502854245,0.33952051595284655,-2035683.936047563
2025-11-05 07:00:00,0.03810028444729585,0.022614069238348005,0.33945256991077766,-2168220.543874251
2025-11-05 08:00:00,0.07360409747320555,0.023354620765968243,0.33938473733151153,-2010233.728924223
2025-11-05 09:00:00,0.10409191289283856,0.02556685666366115,0.3393170182499454,-2103885.867930388
2025-11-05 10:00:00,0.12748603646884404,0.018457103374302723,0.33924941270091785,-1970258.7426479417
2025-11-05 11:00:00,0.1421921973401344,0.019733172667965537,0.3391819207192093,-1860804.321669452
2025-11-05 12:00:00,0.14720819494641113,0.02253553924513863,0.33911454233954164,-1867296.2914519312
2025-11-05 13:00:00,0.1421921973401344,0.018584569222902202,0.3390472775965784,-1946054.4864294038
2025-11-05 14:00:00,0.12748603646884407,0.02297155270713823,0.3389801265249245,-1938206.2158691713
2025-11-05 15:00:00,0.10409191289283858,0.026495330941097198,0.33891308915912655,-1846732.41080065
2025-11-05 16:00:00,0.07360409747320555,0.026518601086628103,0.3388461655336725,-1891601.5300890293
2025-11-05 17:00:00,0.038100284447295886,0.021126189018683447,0.33877935568299206,-1959349.752646704
2025-11-05 18:00:00,1.8027804474938198e-17,0.021488040202551743,0.3387126596414561,-1854899.8367844329
2025-11-05 19:00:00,0.0,0.017738366203938812,0.33864607744337694,-1965273.293695458
2025-11-05 20:00:00,0.0,0.02564864678813817,0.33857960912300866,-2173363.459786399
2025-11-05 21:00:00,0.0,0.02176056264532336,0.3385132547145464,-2061198.9979659324
2025-11-05 22:00:00,0.0,0.02435082866024161,0.33844701425212687,-2189813.257034849
2025-11-05 23:00:00,0.0,0.02339002994779345,0.33838088776982805,-2183397.3337013437
2025-11-06 00:00:00,0.0,0.022329831234999476,0.33831487530166954,-2034736.6863242055
2025-11-06 01:00:00,0.0,0.02546100414108396,0.338248976881612,-2207916.3334720223
2025-11-06 02:00:00,0.0,0.026271900095146624,0.33818319254355755,-2207029.529220116
2025-11-06 03:00:00,0.0,0.02069953401761563,0.3381175223213495,-2099462.4428813397
2025-11-06 04:00:00,0.0,0.02367262618082085,0.33805196624877276,-2154900.1228661397
2025-11-06 05:00:00,0.0,0.02142657858025592,0.3379865243595532,-2086032.83102581
2025-11-06 06:00:00,0.0,0.024674738459070557,0.33792119668735787,-2024098.6789032023
2025-11-06 07:00:00,0.03653529580639205,0.02002554495032181,0.3378559832657954,-1937426.4237131933
2025-11-06 08:00:00,0.07058077158100955,0.025913177825531205,0.33779088412841546,-1948149.4551855
2025-11-06 09:00:00,0.09981628441262123,0.01884586264105048,0.33772589930870894,-1966276.8275460687
2025-11-06 10:00:00,0.12224948241572206,0.022347923267764518,0.33766102884010796,-1809574.353144152
2025-11-06 11:00:00,0.1363515802190133,0.02160983020771155,0.3375962727559857,-1968647.153534981
2025-11-06 12:00:00,0.14116154316201912,0.025555039076842024,0.3375316310896566,-1832622.6984137862
2025-11-06 13:00:00,0.1363515802190133,0.025078041049728984,0.33746710387437623,-1948725.971430952
2025-11-06 14:00:00,0.12224948241572209,0.019809302722749115,0.33740269114334126,-1904760.6528926445
2025-11-06 15:00:00,0.09981628441262125,0.02085899118391588,0.33733839292968937,-1774565.3458492847
2025-11-06 16:00:00,0.07058077158100955,0.026751126755804697,0.3372742092664995,-1941781.3268204527
2025-11-06 17:00:00,0.036535295806392094,0.02750068514630781,0.3372101401867915,-1921253.5730487788
2025-11-06 18:00:00,1.7287303199606765e-17,0.019722073726389396,0.33714618572352634,-1976693.4313952366
2025-11-06 19:00:00,0.0,0.024077095347570757,0.3370823459096061,-2039495.9470949813
2025-11-06 20:00:00,0.0,0.023299392903003285,0.3370186207778738,-1997743.1264706575
2025-11-06 21:00:00,0.0,0.023986977766952355,0.33695501036111336,-2226617.315914321
2025-11-06 22:00:00,0.0,0.02933944973687272,0.3368915146920499,-2176508.2358559794
2025-11-06 23:00:00,0.0,0.02488836886800176,0.33682813380334936,-2216052.456033716
2025-11-07 00:00:00,0.0,0.02745615881490254,0.33676486772761854,-2083226.2090583076
2025-11-07 01:00:00,0.0,0.01979192291429387,0.33670171649740555,-2172443.702116403
2025-11-07 02:00:00,0.0,0.02313242821670982,0.33663868014519893,-2131685.3295318056
2025-11-07 03:00:00,0.0,0.02774776950300241,0.3365757587034285,-2261539.265943189
2025-11-07 04:00:00,0.0,0.025553985189284412,0.3365129522044647,-2070265.414541532
2025-11-07 05:00:00,0.0,0.02004361062547093,0.336450260680619,-2097641.34389513
2025-11-07 06:00:00,0.0,0.02463587689808261,0.3363876841641438,-2139919.2320736707
2025-11-07 07:00:00,0.03499782780326272,0.026067481867418946,0.3363252226872319,-1985068.4523929714
2025-11-07 08:00:00,0.06761061147837814,0.02030396345440158,0.33626287628201756,-1999181.7915076804
2025-11-07 09:00:00,0.09561584371306044,0.025921290859541347,0.33620064498057534,-1986056.3978326267
2025-11-07 10:00:00,0.11710501421135049,0.025997333102465894,0.3361385288149208,-1900874.28083428
2025-11-07 11:00:00,0.13061367151632317,0.0262050668690404,0.33607652781701014,-1974492.9235987475
2025-11-07 12:00:00,0.13522122295675632,0.02757365295070536,0.33601464201874043,-1952397.5569314074
2025-11-07 13:00:00,0.13061367151632317,0.026403995944911548,0.3359528714519494,-1775434.3001829959
2025-11-07 14:00:00,0.1171050142113505,0.02617022588341644,0.3358912161484156,-1947690.2850842015
2025-11-07 15:00:00,0.09561584371306045,0.021539752746249873,0.33582967613985815,-2009530.610472598
2025-11-07 16:00:00,0.06761061147837814,0.02223110120481632,0.335768251457937,-1994745.8200540112
2025-11-07 17:00:00,0.034997827803262764,0.02418180600005554,0.33570694213425245,-2036219.1333654902
2025-11-07 18:00:00,1.655982378707822e-17,0.031107214123915317,0.33564574820034604,-1871216.1800749684
2025-11-07 19:00:00,0.0,0.028531216320352788,0.3355846696876993,-2084702.0358992855
2025-11-07 20:00:00,0.0,0.026994659645245164,0.3355237066277348,-2039074.3126183664
2025-11-07 21:00:00,0.0,0.023952934584053273,0.33546285905181555,-2152966.7084175465
2025-11-07 22:00:00,0.0,0.025806442780319534,0.3354021269912452,-2171818.8068600786
2025-11-07 23:00:00,0.0,0.029035502626072053,0.335341510477268,-2225190.4471030864
2025-11-08 00:00:00,0.0,0.02823342672496384,0.33528100954106865,-2036042.1642750397
2025-11-08 01:00:00,0.0,0.02356442417983214,0.3352206242137725,-2070456.3879695742
2025-11-08 02:00:00,0.0,0.029293570373555556,0.3351603545264454,-2140674.7988986466
2025-11-08 03:00:00,0.0,0.024990492998312644,0.3351002005100936,-2171768.264587552
2025-11-08 04:00:00,0.0,0.02165482074450405,0.3350401621956639,-2180355.229230931
2025-11-08 05:00:00,0.0,0.024920397640276294,0.3349802396140438,-2261152.9374285913
2025-11-08 06:00:00,0.0,0.028597947288973774,0.3349204327960609,-2047272.2908930462
2025-11-08 07:00:00,0.03348833602285849,0.026046069467306306,0.3348607417724834,-1932872.8117751325
2025-11-08 08:00:00,0.06469449728785111,0.023273475575502977,0.33480116657402,-1990361.4757799709
2025-11-08 09:00:00,0.09149183547538846,0.02545434455829594,0.3347417072313197,-1986732.3549415136
2025-11-08 10:00:00,0.11205415627268507,0.029701966585040752,0.33468236377497196,-2014028.2041181752
2025-11-08 11:00:00,0.12498017149824697,0.02281835249156541,0.33462313623550666,-1932746.989467807
2025-11-08 12:00:00,0.12938899457570224,0.03141764819518233,0.33456402464339396,-1896484.9489422645
2025-11-08 13:00:00,0.12498017149824697,0.026589078461083382,0.3345050290290444,-1802559.196172181
2025-11-08 14:00:00,0.11205415627268508,0.02078967773541301,0.3344461494228089,-1920729.036946531
2025-11-08 15:00:00,0.09149183547538847,0.026564992187020964,0.3343873858549786,-1941918.484404538
2025-11-08 16:00:00,0.06469449728785111,0.023590626394117103,0.3343287383557849,-1879247.0270752194
2025-11-08 17:00:00,0.03348833602285853,0.03159083273147934,0.3342702069553998,-1908990.957421846
2025-11-08 18:00:00,1.58455818052028e-17,0.021304867539211444,0.3342117916839352,-2103035.849765254
2025-11-08 19:00:00,0.0,0.031948452807200454,0.3341534925714435,-2011869.2533817997
2025-11-08 20:00:00,0.0,0.030830383451895888,0.33409530964791717,-2249321.0301374374
2025-11-08 21:00:00,0.0,0.029887432948640408,0.33403724294328907,-2090006.031960618
2025-11-08 22:00:00,0.0,0.030155536600446467,0.3339792924874321,-2038936.4609604224
2025-11-08 23:00:00,0.0,0.032527088583194294,0.3339214583101596,-2094125.3573988606
2025-11-09 00:00:00,0.0,0.02518989725620062,0.3338637404412248,-2258309.305486383
2025-11-09 01:00:00,0.0,0.023333892829298347,0.33380613891032124,-2202035.875817598
2025-11-09 02:00:00,0.0,0.031179918347461068,0.33374865374708257,-2215223.774967226
2025-11-09 03:00:00,0.0,0.028979223524319666,0.3336912849810827,-2125675.1618091697
2025-11-09 04:00:00,0.0,0.026559582418972483,0.33363403264183555,-2092405.9341029325
2025-11-09 05:00:00,0.0,0.02330156313621989,0.33357689675879504,-2103167.8585312897
2025-11-09 06:00:00,0.0,0.023865970682332593,0.33351987736135535,-2060298.0422539553
2025-11-09 07:00:00,0.03200726776017134,0.03159770569411803,0.33346297447885065,-1974903.4544904088
2025-11-09 08:00:00,0.061833293116997916,0.031089049653825612,0.3334061881405552,-2084618.1625052344
2025-11-09 09:00:00,0.0874454817322494,0.030623751094270374,0.3333495183756834,-2003025.6217142984
2025-11-09 10:00:00,0.10709840527793935,0.024547144592774323,0.3332929652133895,-1978605.4521057662
2025-11-09 11:00:00,0.11945274949242075,0.024453270651157835,0.33323652868276776,-1906595.4885342289
2025-11-09 12:00:00,0.12366658623399585,0.02604814996692823,0.33318020881285254,-1828266.1811412785
2025-11-09 13:00:00,0.11945274949242075,0.03037063681515227,0.3331240056326182,-1908457.0619056805
2025-11-09 14:00:00,0.10709840527793936,0.0218947275394534,0.33306791917097894,-1926109.6232310417
2025-11-09 15:00:00,0.08744548173224942,0.022845767691354667,0.33301194945678914,-1966624.5540269807
2025-11-09 16:00:00,0.061833293116997916,0.033523178131116084,0.3329560965188428,-1990971.2697439753
2025-11-09 17:00:00,0.032007267760171376,0.02445364459312581,0.3329003603858741,-2008545.1685949476
2025-11-09 18:00:00,1.5144788899294313e-17,0.025598782617854057,0.3328447410865571,-2043609.2408406548
2025-11-09 19:00:00,0.0,0.03376408975436509,0.33278923864950566,-2140405.4591115997
2025-11-09 20:00:00,0.0,0.02855744544215312,0.33273385310327347,-2101989.808583028
2025-11-09 21:00:00,0.0,0.03364754461059379,0.33267858447635423,-2083689.3915775702
2025-11-09 22:00:00,0.0,0.022946122463651755,0.33262343279718143,-2163531.5331628174
2025-11-09 23:00:00,0.0,0.03394494482382472,0.3325683980941284,-2042695.1096705624
2025-11-10 00:00:00,0.0,0.032936219984844785,0.3325134803955083,-2216168.165070999
2025-11-10 01:00:00,0.0,0.029343955889264348,0.3324586797295741,-2194780.617959367
2025-11-10 02:00:00,0.0,0.024224494753237586,0.3324039961245185,-2100703.8191790963
2025-11-10 03:00:00,0.0,0.031234915422621343,0.332349429608474,-2114747.742547024
2025-11-10 04:00:00,0.0,0.02565352259388967,0.33229498020951304,-2163533.3875305937
2025-11-10 05:00:00,0.0,0.031911954655416325,0.33224064795564745,-2224786.582408817
2025-11-10 06:00:00,0.0,0.02503204112177736,0.332186432874829,-2024871.8005613193
2025-11-10 07:00:00,0.030555061887691613,0.03394830843234296,0.33213233499494943,-2077542.0962220235
2025-11-10 08:00:00,0.059027846802364274,0.023648481592783117,0.3320783543438396,-1945143.2358845088
2025-11-10 09:00:00,0.08347798150558489,0.02921502344700165,0.33202449094927056,-1948385.3018237432
2025-11-10 10:00:00,0.10223922972308702,0.023303156980853862,0.33197074483895284,-2105454.0924513256
2025-11-10 11:00:00,0.11403304339327651,0.032813746067302,0.3319171160405366,-1806948.8424295087
2025-11-10 12:00:00,0.11805569360472856,0.03340637100251749,0.33186360458161185,-1871374.2527597556
2025-11-10 13:00:00,0.11403304339327651,0.027207688696689047,0.33181021048970794,-1836507.927177602
2025-11-10 14:00:00,0.10223922972308704,0.026456704092739865,0.3317569337922941,-1871249.365986094
2025-11-10 15:00:00,0.0834779815055849,0.03479395092729163,0.331703774516779,-1990388.5952045878
2025-11-10 16:00:00,0.059027846802364274,0.023943905200738396,0.33165073269051093,-2000025.0002800417
2025-11-10 17:00:00,0.030555061887691644,0.03330278897479773,0.3315978083407778,-1989545.6258650834
2025-11-10 18:00:00,1.445765272941515e-17,0.02440028606633271,0.33154500149480703,-2112932.9512520395
2025-11-10 19:00:00,0.0,0.022984612671449564,0.3314923121797657,-2061430.8295050776
2025-11-10 20:00:00,0.0,0.03551821939734189,0.3314397404227603,-2148724.1810837616
2025-11-10 21:00:00,0.0,0.031262964798418016,0.3313872862508369,-2125799.2969571035
2025-11-10 22:00:00,0.0,0.03101545450537928,0.3313349496909811,-2113750.7906585396
2025-11-10 23:00:00,0.0,0.03642915192005443,0.3312827307701179,-2110203.3345533567
2025-11-11 00:00:00,0.0,0.027991184989172826,0.33123062951511195,-2137875.8011860633
2025-11-11 01:00:00,0.0,0.03408465376081926,0.331178645952767,-2205354.5706314044
2025-11-11 02:00:00,0.0,0.03330164036164908,0.3311267801098268,-2284059.4858048325
2025-11-11 03:00:00,0.0,0.026857640217238146,0.3310750320129741,-2234165.0543926368
2025-11-11 04:00:00,0.0,0.026380985597708653,0.33102340168883126,-2093672.0389980497
2025-11-11 05:00:00,0.0,0.025528484440774674,0.3309718891639599,-2129869.491870124
2025-11-11 06:00:00,0.0,0.0237211465384437,0.3309204944648614,-2067025.6537003121
2025-11-11 07:00:00,0.029132148725360556,0.02959176956231231,0.33086921761797594,-2051591.9388630495
2025-11-11 08:00:00,0.056278989658239846,0.037043344382946035,0.3308180586496837,-2055414.5326525997
2025-11-11 09:00:00,0.07959051045133796,0.0373794070612555,0.3307670175863038,-1970178.9761784936
2025-11-11 10:00:00,0.09747806948671482,0.03163696714083526,0.3307160944540948,-2044440.839400489
2025-11-11 11:00:00,0.10872265917669852,0.02752387979823076,0.33066528927925454,-1903876.4517561074
2025-11-11 12:00:00,0.1125579793164797,0.025608569625519453,0.3306146020879203,-1996091.4281786606
2025-11-11 13:00:00,0.10872265917669852,0.02620368041679009,0.33056403290616865,-1910256.589363958
2025-11-11 14:00:00,0.09747806948671484,0.028034497888041233,0.3305135817600154,-2069700.053333129
2025-11-11 15:00:00,0.07959051045133796,0.03430484584765272,0.33046324867541554,-1981281.3548827365
2025-11-11 16:00:00,0.056278989658239846,0.025387474874666735,0.3304130336782636,-1938736.4194421726
2025-11-11 17:00:00,0.029132148725360588,0.027831438725650373,0.330362936794393,-2054763.6719740145
2025-11-11 18:00:00,1.3784376908842087e-17,0.026915548450173618,0.3303129580495767,-1943562.3667870539
2025-11-11 19:00:00,0.0,0.02447487134247836,0.33026309746952676,-2118260.5949481195
2025-11-11 20:00:00,0.0,0.03148353955019611,0.33021335507989436,-1979539.7749045128
2025-11-11 21:00:00,0.0,0.02788404149727529,0.33016373090627,-2202783.3775095255
2025-11-11 22:00:00,0.0,0.031646256796382104,0.33011422497418336,-2262084.4263932696
2025-11-11 23:00:00,0.0,0.03496173291885103,0.3300648373091032,-2232594.218613896
2025-11-12 00:00:00,0.0,0.02533647732729563,0.3300155679364375,-2205457.9172757864
2025-11-12 01:00:00,0.0,0.03772555763599689,0.32996641688153344,-2307286.378011562
2025-11-12 02:00:00,0.0,0.030596936809306103,0.3299173841696772,-2159351.360442798
2025-11-12 03:00:00,0.0,0.03521371100942983,0.32986846982609414,-2043452.7609775364
2025-11-12 04:00:00,0.0,0.03494662166343612,0.32981967387594885,-2064149.1644664737
2025-11-12 05:00:00,0.0,0.032074367760238344,0.3297709963443447,-2108256.066435435
2025-11-12 06:00:00,0.0,0.033793518368716136,0.32972243725632444,-2013706.705634967
2025-11-12 07:00:00,0.02773894991305703,0.03868518510433076,0.32967399663686975,-2067903.0314411095
2025-11-12 08:00:00,0.053587536230321385,0.027067327937732078,0.3296256745109014,-1980849.0415018958
2025-11-12 09:00:00,0.07578422051108011,0.028822696696807162,0.3295774709032791,-1884637.6929336223
2025-11-12 10:00:00,0.09281633540335463,0.033796727534507125,0.3295293858388018,-1926100.113456753
2025-11-12 11:00:00,0.10352317042413715,0.036420935635689475,0.3294814193422073,-1962616.8024652905
2025-11-12 12:00:00,0.10717507246064278,0.02719923880842657,0.3294335714381724,-2027726.8303671603
2025-11-12 13:00:00,0.10352317042413715,0.035462852988374094,0.32938584215131295,-1877766.9774994939
2025-11-12 14:00:00,0.09281633540335464,0.03756187975941281,0.3293382315061837,-1880677.756672662
2025-11-12 15:00:00,0.07578422051108012,0.03950745295414531,0.3292907395272785,-1778615.161651215
2025-11-12 16:00:00,0.053587536230321385,0.03346542294002517,0.32924336623903,-1945399.1454348946
2025-11-12 17:00:00,0.027738949913057063,0.03651667165981537,0.32919611166580987,-1932381.2059475314
2025-11-12 18:00:00,1.3125160943731182e-17,0.030704981001151717,0.3291489758319287,-1936244.9040193597
2025-11-12 19:00:00,0.0,0.03854064323136712,0.329101958761636,-2061805.5815889211
2025-11-12 20:00:00,0.0,0.03722464917374969,0.3290550604791202,-2270639.8404075247
2025-11-12 21:00:00,0.0,0.026503203376588447,0.32900828100850843,-2233938.0800417415
2025-11-12 22:00:00,0.0,0.03586023372729828,0.32896162037386706,-2165084.3473421154
2025-11-12 23:00:00,0.0,0.03258305619181703,0.328915078599201,-2194758.7948413603
2025-11-13 00:00:00,0.0,0.03140072881348551,0.32886865570845414,-2276124.6020065886
2025-11-13 01:00:00,0.0,0.03677298163143311,0.32882235172550917,-2229284.8731048084
2025-11-13 02:00:00,0.0,0.02575378167769385,0.3287761666741877,-2313355.1663949722
2025-11-13 03:00:00,0.0,0.027555272137654203,0.32873010057825,-2305167.8367890744
2025-11-13 04:00:00,0.0,0.03485195357271192,0.3286841534613953,-2263996.407000524
2025-11-13 05:00:00,0.0,0.0352723812528797,0.32863832534726145,-2086269.452851358
2025-11-13 06:00:00,0.0,0.030628820611255766,0.32859261625942526,-2057936.7038148642
2025-11-13 07:00:00,0.02637587828565694,0.026572947991704923,0.32854702622140225,-2010905.1430031764
2025-11-13 08:00:00,0.05095428405434615,0.038412064796350155,0.3285015552566466,-1982360.7859056392
2025-11-13 09:00:00,0.07206023957066746,0.025894882912107255,0.32845620338855136,-1830824.5328019075
2025-11-13 10:00:00,0.08825540884542422,0.027036880400983163,0.32841097064044816,-2119243.6766010025
2025-11-13 11:00:00,0.09843611785632442,0.03449231070643816,0.3283658570356075,-1786558.018631426
2025-11-13 12:00:00,0.10190856810869231,0.03191431838037379,0.32832086259723847,-1926767.021420232
2025-11-13 13:00:00,0.09843611785632442,0.03012638259464109,0.3282759873484889,-1872127.2274029278
2025-11-13 14:00:00,0.08825540884542424,0.03846015753198562,0.32823123131244536,-1992922.9115607427
2025-11-13 15:00:00,0.07206023957066747,0.030909296989846194,0.32818659451213306,-2080482.785198918
2025-11-13 16:00:00,0.05095428405434615,0.03597627457081561,0.32814207697051573,-1922033.8143401677
2025-11-13 17:00:00,0.02637587828565697,0.03563733314307748,0.32809767871049594,-1873673.09131689
2025-11-13 18:00:00,1.2480200174000007e-17,0.03801160024482725,0.3280533997549148,-2033039.1258545306
2025-11-13 19:00:00,0.0,0.03313861040535818,0.328009240126552,-2181699.192234845
2025-11-13 20:00:00,0.0,0.037188817830704816,0.32796519984812605,-2095131.626790008
2025-11-13 21:00:00,0.0,0.02937669696696567,0.3279212789422937,-2102381.79016728
2025-11-13 22:00:00,0.0,0.03852113041314522,0.32787747743165063,-2199498.821740393
2025-11-13 23:00:00,0.0,0.034662848928900446,0.3278337953387309,-2254250.644058213
2025-11-14 00:00:00,0.0,0.0400313026867854,0.32779023268600727,-2337240.416955376
2025-11-14 01:00:00,0.0,0.0360689441922585,0.32774678949589087,-2208522.112816303
2025-11-14 02:00:00,0.0,0.03789818579028311,0.3277034657907316,-2141255.76186398
2025-11-14 03:00:00,0.0,0.03780339548682454,0.32766026159281764,-2175681.390438642
2025-11-14 04:00:00,0.0,0.030036705166307007,0.32761717692437586,-2146121.956565745
2025-11-14 05:00:00,0.0,0.03695853542440243,0.32757421180757174,-2077076.400375393
2025-11-14 06:00:00,0.0,0.032605512619156,0.32753136626450885,-2124474.336565921
2025-11-14 07:00:00,0.02504333775070083,0.04066375428767738,0.3274886403172297,-2048715.9415898407
2025-11-14 08:00:00,0.04838001341976383,0.03400098182129609,0.327446033987715,-1902271.3772941849
2025-11-14 09:00:00,0.06841967112602235,0.03604294632515896,0.3274035472978839,-2056674.961976977
2025-11-14 10:00:00,0.08379664131389507,0.03583309508134552,0.32736118026959427,-1907817.8839113282
2025-11-14 11:00:00,0.0934630088767232,0.03866195417956216,0.3273189329246422,-2000757.2990351673
2025-11-14 12:00:00,0.09676002683952767,0.031980610216015386,0.3272768052847622,-1929646.4264002661
2025-11-14 13:00:00,0.0934630088767232,0.04313037086418333,0.3272347973716273,-1937507.3262358154
2025-11-14 14:00:00,0.08379664131389508,0.0430085130079495,0.3271929092068489,-1917323.9120923765
2025-11-14 15:00:00,0.06841967112602236,0.03393553121944989,0.3271511408119767,-1967594.8940716088
2025-11-14 16:00:00,0.04838001341976383,0.03164914562170748,0.32710949220849894,-2067071.266353361
2025-11-14 17:00:00,0.025043337750700854,0.04217210879822014,0.32706796341784217,-2022558.3146668451
2025-11-14 18:00:00,1.1849685715443954e-17,0.028364297469636476,0.32702655446137113,-1915220.0805173274
2025-11-14 19:00:00,0.0,0.03368922803022644,0.32698526536038924,-2031715.952409693
2025-11-14 20:00:00,0.0,0.043294735418163005,0.326944096136138,-2041035.0979028705
2025-11-14 21:00:00,0.0,0.0344261159175112,0.3269030468097973,-2059492.425366813
2025-11-14 22:00:00,0.0,0.03223201189821632,0.3268621174024855,-2187382.3289446933
2025-11-14 23:00:00,0.0,0.04311560090281564,0.32682130793525904,-2241969.97013165
2025-11-15 00:00:00,0.0,0.031540863551432756,0.3267806184291128,-2299974.2165622795
2025-11-15 01:00:00,0.0,0.04295532882180724,0.3267400489049798,-2181012.279150906
2025-11-15 02:00:00,0.0,0.030880814925301644,0.32669959938373155,-2225873.487001961
2025-11-15 03:00:00,0.0,0.04081448120389539,0.32665926988617766,-2286252.453163456
2025-11-15 04:00:00,0.0,0.03412620183416238,0.32661906043306593,-2184768.0686701844
2025-11-15 05:00:00,0.0,0.03938320181790505,0.3265789710450827,-2369479.8807804612
2025-11-15 06:00:00,0.0,0.04429808423732815,0.3265390017428522,-2086240.100912663
2025-11-15 07:00:00,0.023741723168707936,0.04258279699321677,0.3264991525469372,-2061328.5209920723
2025-11-15 08:00:00,0.04586548713852106,0.03882390375560374,0.3264594234778383,-2086962.1682798231
2025-11-15 09:00:00,0.06486359395614524,0.04074375887603885,0.3264198145559947,-1985630.4503299177
2025-11-15 10:00:00,0.07944135403781537,0.04045226998113868,0.32638032580178356,-1926754.7388044994
2025-11-15 11:00:00,0.08860531712485319,0.04327377544358881,0.3263409572355201,-2057027.3494438652
2025-11-15 12:00:00,0.09173097427704213,0.035036261250635574,0.3263017088774581,-1975204.2221494287
2025-11-15 13:00:00,0.08860531712485319,0.029145420419425017,0.3262625807477891,-1938763.401087083
2025-11-15 14:00:00,0.07944135403781537,0.03867602688185262,0.32622357286664294,-1968328.0558138045
2025-11-15 15:00:00,0.06486359395614526,0.04445481710196281,0.3261846852540878,-1947711.9406206396
2025-11-15 16:00:00,0.04586548713852106,0.044721464117059406,0.3261459179301296,-1954982.7929751328
2025-11-15 17:00:00,0.023741723168707964,0.03829275527922342,0.32610727091471264,-2063102.4669586075
2025-11-15 18:00:00,1.1233804403104785e-17,0.040091605893307236,0.3260687442277193,-2114442.9889531564
2025-11-15 19:00:00,0.0,0.029824688891800816,0.32603033788896996,-2141182.649358347
2025-11-15 20:00:00,0.0,0.030411757826232177,0.3259920519182232,-2087187.7861753686
2025-11-15 21:00:00,0.0,0.03382518989429085,0.3259538863351756,-2177837.973495521
2025-11-15 22:00:00,0.0,0.0302232299046101,0.3259158411594617,-2199828.424346926
2025-11-15 23:00:00,0.0,0.04124924556988999,0.32587791641065433,-2303949.790753327
2025-11-16 00:00:00,0.0,0.04328922867745372,0.3258401121082642,-2245456.69827186
2025-11-16 01:00:00,0.0,0.03999507061658819,0.3258024282717402,-2285957.728613004
2025-11-16 02:00:00,0.0,0.038821204039468364,0.3257648649204691,-2358650.810143277
2025-11-16 03:00:00,0.0,0.04119629819231614,0.32572742207377564,-2265921.1307961703
2025-11-16 04:00:00,0.0,0.03631981154114307,0.32569009975092283,-2143916.4800192653
2025-11-16 05:00:00,0.0,0.035840313968050146,0.32565289797111147,-2139081.7046705196
2025-11-16 06:00:00,0.0,0.03999706297436775,0.3256158167534802,-2122120.902142043
2025-11-16 07:00:00,0.02247142023616993,0.03192611129019537,0.3255788561171061,-2022289.8436614703
2025-11-16 08:00:00,0.04341145031902265,0.04395131022708114,0.3255420160810037,-2155978.9022278343
2025-11-16 09:00:00,0.06139306180344766,0.04060965820837186,0.32550529666412586,-2215449.0212078034
2025-11-16 10:00:00,0.07519083758279939,0.04168867173518781,0.32546869788536315,-2058952.9796829957
2025-11-16 11:00:00,0.0838644820396176,0.046925328019164235,0.32543221976354425,-2007008.7597000755
2025-11-16 12:00:00,0.08682290063804532,0.03557316952759687,0.32539586231743567,-1850662.817100775
2025-11-16 13:00:00,0.0838644820396176,0.03348242223174194,0.32535962556574183,-1924603.810467593
2025-11-16 14:00:00,0.0751908375827994,0.045695845512330996,0.3253235095271052,-1907055.6472899045
2025-11-16 15:00:00,0.061393061803447675,0.03657667615531377,0.3252875142201059,-1977934.08284967
2025-11-16 16:00:00,0.04341145031902265,0.035124062313250735,0.32525163966326204,-2015879.849133427
2025-11-16 17:00:00,0.022471420236169954,0.042225737406603486,0.3252158858750297,-2037968.0581203229
2025-11-16 18:00:00,1.0632738735907089e-17,0.03301137541236051,0.3251802528738028,-2120836.7558448385
2025-11-16 19:00:00,0.0,0.04091282352906902,0.3251447406779131,-1965362.5671911382
2025-11-16 20:00:00,0.0,0.04261301479292179,0.3251093493056301,-1986091.4360086357
2025-11-16 21:00:00,0.0,0.03525354207977133,0.32507407877516137,-2156500.77029686
2025-11-16 22:00:00,0.0,0.03887054200984691,0.3250389291046521,-2362749.297828819
2025-11-16 23:00:00,0.0,0.03143952320259767,0.3250039003121854,-2252338.195586941
2025-11-17 00:00:00,0.0,0.03983504655180762,0.3249689924157822,-2134960.267951705
2025-11-17 01:00:00,0.0,0.032339484562797643,0.32493420543340124,-2192198.2780018407
2025-11-17 02:00:00,0.0,0.03449038564262091,0.3248995393829389,-2182015.256420153
2025-11-17 03:00:00,0.0,0.042822599389642786,0.32486499428222965,-2216268.415512517
2025-11-17 04:00:00,0.0,0.04541746131334821,0.3248305701490454,-2053153.9054677961
2025-11-17 05:00:00,0.0,0.04364472110082707,0.324796267001096,-2133473.6668713447
2025-11-17 06:00:00,0.0,0.03867310827053352,0.3247620848560291,-2054693.0403555334
2025-11-17 07:00:00,0.021232805371261196,0.040080801683719525,0.32472802373143006,-2102188.0379382516
2025-11-17 08:00:00,0.04101863014534087,0.038324486040063076,0.32469408364482194,-2037858.9548700016
2025-11-17 09:00:00,0.058009103061506945,0.046709750314535385,0.3246602646136656,-1947189.2341989933
2025-11-17 10:00:00,0.07104635146860676,0.032347783251125604,0.32462656665535944,-1930183.8829234676
2025-11-17 11:00:00,0.07924190843276815,0.0411203684978213,0.3245929897872398,-1860014.5562154972
2025-11-17 12:00:00,0.08203726029068176,0.03991022662516579,0.32455953402658066,-1908483.7428354768
2025-11-17 13:00:00,0.07924190843276815,0.03411672913292262,0.3245261993905936,-1941604.7588162937
2025-11-17 14:00:00,0.07104635146860677,0.04707578878637423,0.32449298589642794,-1832727.414150036
2025-11-17 15:00:00,0.05800910306150695,0.04697147652823866,0.3244598935611708,-2112825.0721157836
2025-11-17 16:00:00,0.04101863014534087,0.042979009202573915,0.32442692240184673,-1938184.9385480755
2025-11-17 17:00:00,0.021232805371261217,0.0330620863817767,0.3243940724354181,-1919424.127845583
2025-11-17 18:00:00,1.0046666822580167e-17,0.04578467551952274,0.324361343678785,-2123305.972386021
2025-11-17 19:00:00,0.0,0.04640501476893203,0.324328736148785,-2207505.8661074773
2025-11-17 20:00:00,0.0,0.03137594032302613,0.3242962498621933,-2208812.3469883287
2025-11-17 21:00:00,0.0,0.039137167190371934,0.3242638848357228,-2346774.2586902427
2025-11-17 22:00:00,0.0,0.03994757928988252,0.32423164108602415,-2034503.0254394293
2025-11-17 23:00:00,0.0,0.04278413924926942,0.3241995186296853,-2169750.2853077
2025-11-18 00:00:00,0.0,0.03852683280029931,0.324167517483232,-2290844.8159221946
2025-11-18 01:00:00,0.0,0.04031460904646093,0.3241356376631277,-2253170.527973552
2025-11-18 02:00:00,0.0,0.040466830238787076,0.3241038791857731,-2190969.5270091835
2025-11-18 03:00:00,0.0,0.035083890967772584,0.3240722420675068,-2219716.5196877588
2025-11-18 04:00:00,0.0,0.04653130784649781,0.3240407263246047,-2121663.041277441
2025-11-18 05:00:00,0.0,0.04322586236886372,0.32400933197328047,-2104667.261662184
2025-11-18 06:00:00,0.0,0.04463019357900976,0.32397805902968524,-2149757.0991771184
2025-11-18 07:00:00,0.02002624560229761,0.04327803761912163,0.3239469075099076,-2110155.8876051526
2025-11-18 08:00:00,0.03868773566173427,0.038218671728597386,0.3239158774299739,-2005690.8004107412
2025-11-18 09:00:00,0.05471272047032986,0.04788205905818169,0.3238849688058477,-1988409.4631967095
2025-11-18 10:00:00,0.06700912379591811,0.03347661216944263,0.32385418165343044,-2071878.864822363
2025-11-18 11:00:00,0.07473896607262748,0.04844467321721609,0.32382351598856074,-1990645.9951855228
2025-11-18 12:00:00,0.07737547132346856,0.03998978102987716,0.3237929718270149,-1847541.1832037552
2025-11-18 13:00:00,0.07473896607262748,0.0419963943125222,0.32376254918450664,-2019078.4552233098
2025-11-18 14:00:00,0.06700912379591811,0.04168683784415325,0.3237322480766873,-1817585.5060052513
2025-11-18 15:00:00,0.05471272047032987,0.03758750165499662,0.3237020685191454,-2040646.4966285415
2025-11-18 16:00:00,0.03868773566173427,0.04574976931258051,0.3236720105274072,-2029938.1600279857
2025-11-18 17:00:00,0.02002624560229763,0.04652606417909334,0.32364207411693635,-1981885.358714792
2025-11-18 18:00:00,9.47576232888036e-18,0.04904032692833133,0.32361225930313386,-1984277.2414412731
2025-11-18 19:00:00,0.0,0.03904000847495589,0.3235825661013384,-2097178.8439035835
2025-11-18 20:00:00,0.0,0.034349922855358164,0.3235529945268258,-2105551.1325056106
2025-11-18 21:00:00,0.0,0.044766124486763814,0.3235235445948095,-2175395.0842757635
2025-11-18 22:00:00,0.0,0.03705081323931657,0.32349421632044023,-2190784.9805174763
2025-11-18 23:00:00,0.0,0.04721288401408044,0.3234650097188064,-2217437.8965706164
2025-11-19 00:00:00,0.0,0.04440967921627952,0.32343592480493344,-2357410.293128475
2025-11-19 01:00:00,0.0,0.04884396886475903,0.32340696159378446,-2149037.8823425113
2025-11-19 02:00:00,0.0,0.05156293301812988,0.3233781201002598,-2102075.6344495052
2025-11-19 03:00:00,0.0,0.04936171339302332,0.3233494003391973,-2380652.1283440185
2025-11-19 04:00:00,0.0,0.035302755843913514,0.3233208023253722,-2260093.7212555897
2025-11-19 05:00:00,0.0,0.04455474514015189,0.32329232607349695,-2152003.1662447667
2025-11-19 06:00:00,0.0,0.03988420103787857,0.32326397159822146,-1975552.2685389267
2025-11-19 07:00:00,0.018852098458978457,0.04926183173247036,0.32323573891413293,-2041639.3961389142
2025-11-19 08:00:00,0.03641945756254327,0.042751285681402684,0.3232076280357559,-2028518.0157268362
2025-11-19 09:00:00,0.051504890819220085,0.05074715270783753,0.3231796389775524,-2066407.84798401
2025-11-19 10:00:00,0.06308035088242353,0.03562532494242467,0.32315177175392173,-2061433.6745752706
2025-11-19 11:00:00,0.07035698927819854,0.03566138225742533,0.3231240263792003,-1941739.62608477
2025-11-19 12:00:00,0.07283891512508656,0.04183411361782729,0.323096402867662,-1942519.628098969
2025-11-19 13:00:00,0.07035698927819854,0.04807709708268411,0.32306890123351817,-1941081.3274209911
2025-11-19 14:00:00,0.06308035088242354,0.03789091118043484,0.32304152149091714,-1934742.8067491348
2025-11-19 15:00:00,0.05150489081922009,0.049055474338098704,0.3230142636539448,-1980265.2177482194
2025-11-19 16:00:00,0.03641945756254327,0.04566436358944237,0.3229871277366241,-1959846.035382543
2025-11-19 17:00:00,0.018852098458978478,0.047127709375044145,0.32296011375291545,-2077906.5286404486
2025-11-19 18:00:00,8.920194426130298e-18,0.05065073185584821,0.3229332217167165,-2089159.3782897058
2025-11-19 19:00:00,0.0,0.0416539788602998,0.3229064516418621,-2144873.746839718
2025-11-19 20:00:00,0.0,0.05238241486543371,0.3228798035421243,-1947947.3040088224
2025-11-19 21:00:00,0.0,0.03862759214058682,0.3228532774312126,-2229081.041779582
2025-11-19 22:00:00,0.0,0.05365696842283815,0.3228268733227735,-2289112.478457686
2025-11-19 23:00:00,0.0,0.039417858315323386,0.3228005912303909,-2255242.9531366923
2025-11-20 00:00:00,0.0,0.04346214448328183,0.322774431167586,-2255743.2829461154
2025-11-20 01:00:00,0.0,0.039896064320000285,0.32274839314781684,-2155715.8848796096
2025-11-20 02:00:00,0.0,0.043495260043153676,0.3227224771844792,-2287482.035229524
2025-11-20 03:00:00,0.0,0.053734029101648186,0.3226966832909056,-2143647.1741134375
2025-11-20 04:00:00,0.0,0.05304473719654518,0.3226710114803662,-2173751.565266062
2025-11-20 05:00:00,0.0,0.04148586828442741,0.3226454617660679,-2126828.0583937615
2025-11-20 06:00:00,0.0,0.04096843171901514,0.32262003416115503,-2119775.7331884303
2025-11-20 07:00:00,0.017710711866442477,0.036280155325465684,0.3225947286787092,-2078807.9632295747
2025-11-20 08:00:00,0.03421446798752211,0.048013601784461235,0.322569545331749,-1984345.4443421396
2025-11-20 09:00:00,0.04838656465733387,0.042187368718743255,0.3225444841332301,-1856663.9405390236
2025-11-20 10:00:00,0.05926119690832718,0.044601558748125415,0.3225195450960457,-1872569.519876585
2025-11-20 11:00:00,0.06609727652377635,0.05378955891768986,0.3224947282330259,-2079841.4812413156
2025-11-20 12:00:00,0.06842893597504424,0.036387498773250114,0.3224700335569378,-1859622.8014871888
2025-11-20 13:00:00,0.06609727652377635,0.037320229956359106,0.32244546108048605,-1896787.5096270114
2025-11-20 14:00:00,0.059261196908327186,0.04391972314487322,0.3224210108163121,-2096335.5818461105
2025-11-20 15:00:00,0.048386564657333875,0.03793388841047758,0.3223966827769946,-1991733.666342766
2025-11-20 16:00:00,0.03421446798752211,0.04582413952223308,0.3223724769750494,-1974128.825677779
2025-11-20 17:00:00,0.017710711866442498,0.04554751561981807,0.3223483934229294,-1926992.68840472
2025-11-20 18:00:00,8.380127741089709e-18,0.03830182564352735,0.32232443213302464,-2077670.8478976772
2025-11-20 19:00:00,0.0,0.054367398018810145,0.3223005931176621,-1990767.5843441738
2025-11-20 20:00:00,0.0,0.04358994291917154,0.3222768763891063,-2221685.4964651205
2025-11-20 21:00:00,0.0,0.05306337606495605,0.32225328195955827,-2282991.255185008
2025-11-20 22:00:00,0.0,0.03957331589860918,0.32222980984115646,-2114415.2974822023
2025-11-20 23:00:00,0.0,0.045897637528485837,0.3222064600459764,-2191627.6834869226
2025-11-21 00:00:00,0.0,0.035943616779320474,0.32218323258603065,-2158360.8630917165
2025-11-21 01:00:00,0.0,0.0466976438562513,0.32216012747326866,-2233448.833805549
2025-11-21 02:00:00,0.0,0.03798260802051066,0.32213714471957716,-2232133.757141344
2025-11-21 03:00:00,0.0,0.03845889101447978,0.3221142843367799,-2212803.0437171496
2025-11-21 04:00:00,0.0,0.04623233325615016,0.3220915463366376,-2072844.1070646874
2025-11-21 05:00:00,0.0,0.04586877524225363,0.32206893073084797,-2327739.9887976535
2025-11-21 06:00:00,0.0,0.05594003079414,0.32204643753104595,-2181855.4071015147
2025-11-21 07:00:00,0.016602424042170244,0.04498561797974707,0.3220240667488033,-2067566.9417208163
2025-11-21 08:00:00,0.03207342032266957,0.05302421619562617,0.32200181839562897,-1993840.190958968
2025-11-21 09:00:00,0.04535866601201216,0.04017260649063695,0.3219796924829688,-2107038.2143436177
2025-11-21 10:00:00,0.05555279357137588,0.03893653414089229,0.3219576890222057,-1996972.1420120401
2025-11-21 11:00:00,0.06196109005418241,0.03999396329949724,0.32193580802465954,-1903455.76814156
2025-11-21 12:00:00,0.06414684064533915,0.04073109603773536,0.32191404950158725,-1953835.7514939585
2025-11-21 13:00:00,0.06196109005418241,0.05344658729713434,0.3218924134641827,-1932342.1975946105
2025-11-21 14:00:00,0.05555279357137589,0.04541807495555697,0.32187089992357665,-1991923.550144892
2025-11-21 15:00:00,0.04535866601201217,0.0397965681561731,0.32184950889083713,-1932417.7075030466
2025-11-21 16:00:00,0.03207342032266957,0.050818554936042516,0.32182824037696894,-2060758.404739825
2025-11-21 17:00:00,0.01660242404217026,0.051930349705083305,0.32180709439291383,-2041639.4040280827
2025-11-21 18:00:00,7.855722307172994e-18,0.05172511050716429,0.32178607094955053,-2167882.966600644
2025-11-21 19:00:00,0.0,0.03959099857273382,0.3217651700576949,-2179323.8867554977
2025-11-21 20:00:00,0.0,0.05436531375404126,0.3217443917280993,-2191410.8237360665
2025-11-21 21:00:00,0.0,0.05523240985813134,0.32172373597145376,-2159694.681000917
2025-11-21 22:00:00,0.0,0.05402337000528701,0.32170320279838455,-2183627.714465239
2025-11-21 23:00:00,0.0,0.036625155573290484,0.3216827922194552,-2295727.9425805802
2025-11-22 00:00:00,0.0,0.05111400281245551,0.32166250424516624,-2323031.8176147505
2025-11-22 01:00:00,0.0,0.03979526062357167,0.32164233888595495,-2276816.4040468056
2025-11-22 02:00:00,0.0,0.04854271045348214,0.3216222961521956,-2188004.653854612
2025-11-22 03:00:00,0.0,0.04020058811430588,0.3216023760541994,-2206226.558801796
2025-11-22 04:00:00,0.0,0.05710548066650772,0.3215825786022144,-2270203.0611468144
2025-11-22 05:00:00,0.0,0.055320506973100425,0.3215629038064256,-2153423.3073118357
2025-11-22 06:00:00,0.0,0.04095873259157327,0.3215433516769549,-2223042.2796874936
2025-11-22 07:00:00,0.01552756339576277,0.056654841045398745,0.3215239222238611,-2137814.5501839654
2025-11-22 08:00:00,0.029996949006616088,0.05496320572727884,0.3215046154571399,-2083899.9032883414
2025-11-22 09:00:00,0.04242209211497061,0.03852559799769841,0.32148543138672375,-2071941.4329831493
2025-11-22 10:00:00,0.05195623975151183,0.04137447432097307,0.32146637002248224,-2008029.4481930118
2025-11-22 11:00:00,0.05794965551073339,0.05733975470904717,0.32144743137422155,-1948055.4481328498
2025-11-22 12:00:00,0.05999389801323218,0.0591217365810807,0.32142861545168494,-1907009.079158172
2025-11-22 13:00:00,0.05794965551073339,0.040696038057891105,0.3214099222645524,-2054489.3546840304
2025-11-22 14:00:00,0.05195623975151183,0.05160951906406716,0.3213913518224408,-1999691.3700526238
2025-11-22 15:00:00,0.04242209211497062,0.04639176200022823,0.32137290413490394,-1986933.7104578824
2025-11-22 16:00:00,0.029996949006616088,0.040387817897107464,0.3213545792114324,-2072101.4581457265
2025-11-22 17:00:00,0.015527563395762787,0.04018974619614729,0.32133637706145357,-1973324.16231197
2025-11-22 18:00:00,7.347133517027755e-18,0.04307534509416838,0.3213182976943318,-2127878.8040149515
2025-11-22 19:00:00,0.0,0.04836555359356194,0.3213003411193681,-2051069.1609769594
2025-11-22 20:00:00,0.0,0.04963692128473155,0.32128250734580055,-2215878.7662686417
2025-11-22 21:00:00,0.0,0.04216246776117181,0.3212647963828038,-2114416.8939516963
2025-11-22 22:00:00,0.0,0.039437234878930805,0.3212472082394895,-2277908.8835113537
2025-11-22 23:00:00,0.0,0.04765551025641285,0.32122974292490597,-2279638.4557913905
2025-11-23 00:00:00,0.0,0.04309921240668657,0.3212124004480385,-2393235.5868368335
2025-11-23 01:00:00,0.0,0.04915549571402337,0.321195180817809,-2302111.683765465
2025-11-23 02:00:00,0.0,0.04101176266183003,0.32117808404307635,-2157140.629964853
2025-11-23 03:00:00,0.0,0.05527038647861257,0.32116111013263615,-2155279.618813399
2025-11-23 04:00:00,0.0,0.04215803065338686,0.3211442590952207,-2216927.09303946
2025-11-23 05:00:00,0.0,0.04295065989515458,0.3211275309394993,-2087463.0012858664
2025-11-23 06:00:00,0.0,0.041541576398199206,0.3211109256740779,-2119138.1619806825
2025-11-23 07:00:00,0.01448644843162709,0.0554616498383393,0.32109444330749926,-2109809.4300354975
2025-11-23 08:00:00,0.027985669342626748,0.053667142177525856,0.32107808384824277,-2179711.583488808
2025-11-23 09:00:00,0.039577713136431686,0.04054304545250697,0.32106184730472487,-1965279.8408385112
2025-11-23 10:00:00,0.048472601185252234,0.048510446869580226,0.32104573368529854,-2006521.2137580246
2025-11-23 11:00:00,0.05406416156805879,0.05843919176289315,0.32102974299825354,-2123885.8702299474
2025-11-23 12:00:00,0.0559713386852535,0.04907491776194772,0.3210138752518165,-2042005.2072344793
2025-11-23 13:00:00,0.05406416156805879,0.04320431063854504,0.3209981304541507,-1976191.7265444885
2025-11-23 14:00:00,0.04847260118525224,0.04701396468255514,0.3209825086133563,-1933660.209661452
2025-11-23 15:00:00,0.03957771313643169,0.0448853458936897,0.32096700973747,-1895545.5898191312
2025-11-23 16:00:00,0.027985669342626748,0.06042136334031763,0.32095163383446546,-2042190.0975427437
2025-11-23 17:00:00,0.014486448431627106,0.04458171075829647,0.3209363809122528,-2084448.174540197
2025-11-23 18:00:00,6.854512076488813e-18,0.04691743463667869,0.3209212509786792,-2128152.424229799
2025-11-23 19:00:00,0.0,0.048466145483460434,0.3209062440415283,-2117964.5639167065
2025-11-23 20:00:00,0.0,0.052534885924947206,0.32089136010852065,-2097673.321640574
2025-11-23 21:00:00,0.0,0.049293401615242004,0.3208765991873133,-2328059.792735706
2025-11-23 22:00:00,0.0,0.046641771961190834,0.3208619612855004,-2238080.827468512
2025-11-23 23:00:00,0.0,0.04387421248980466,0.32084744641061225,-2180985.4522159044
2025-11-24 00:00:00,0.0,0.0504134388748735,0.3208330545701164,-2359725.5089473906
2025-11-24 01:00:00,0.0,0.04221012360969418,0.3208187857714168,-2308315.325842266
2025-11-24 02:00:00,0.0,0.0555478445086684,0.32080464002185416,-2332514.236671416
2025-11-24 03:00:00,0.0,0.04665541313426009,0.32079061732870595,-2246638.057444157
2025-11-24 04:00:00,0.0,0.0470032661626768,0.32077671769918625,-2215054.6080694348
2025-11-24 05:00:00,0.0,0.050654702290114734,0.3207629411404458,-2245639.0941039007
2025-11-24 06:00:00,0.0,0.06149193356545235,0.3207492876595722,-2227087.5081709907
2025-11-24 07:00:00,0.013479387654596086,0.041548993606151184,0.32073575726358955,-2113611.333959
2025-11-24 08:00:00,0.02604017731627278,0.0606476948638235,0.3207223499594587,-2125967.491122263
2025-11-24 09:00:00,0.03682637192727319,0.0434441724918484,0.3207090657540772,-2060689.898105801
2025-11-24 10:00:00,0.04510291014988703,0.044622705288049555,0.3206959046542792,-2049093.3622277603
2025-11-24 11:00:00,0.05030575958186928,0.04545447090868884,0.3206828666668356,-1946016.5553655303
2025-11-24 12:00:00,0.05208035463254557,0.04064468336305584,0.3206699517984539,-1987760.0052157498
2025-11-24 13:00:00,0.05030575958186928,0.05344290304097296,0.3206571600557783,-1980235.2940376985
2025-11-24 14:00:00,0.045102910149887036,0.05462366195155053,0.32064449144538965,-1892910.2599201642
2025-11-24 15:00:00,0.0368263719272732,0.062408206357522325,0.32063194597380534,-1931901.5017812299
2025-11-24 16:00:00,0.02604017731627278,0.043625756956692754,0.3206195236474796,-2078021.2104907355
2025-11-24 17:00:00,0.0134793876545961,0.048274292815455006,0.3206072244728032,-2241375.241759387
2025-11-24 18:00:00,6.378003959920596e-18,0.04787503389979445,0.3205950484561036,-1963756.1606126365
2025-11-24 19:00:00,0.0,0.04203527491909993,0.32058299560364484,-2037590.6288758276
2025-11-24 20:00:00,0.0,0.050724180686516934,0.32057106592162765,-2141558.7760431357
2025-11-24 21:00:00,0.0,0.04758501170954901,0.32055925941618935,-2228406.7035104004
2025-11-24 22:00:00,0.0,0.05590735309829284,0.3205475760934039,-2223686.2327963063
2025-11-24 23:00:00,0.0,0.04912746978826696,0.3205360159592819,-2330743.11190064
2025-11-25 00:00:00,0.0,0.04150426110440456,0.32052457901977066,-2328072.5411635176
2025-11-25 01:00:00,0.0,0.05536540646374222,0.32051326528075397,-2279777.8659134894
2025-11-25 02:00:00,0.0,0.045014825107945425,0.32050207474805226,-2207102.681067974
2025-11-25 03:00:00,0.0,0.04135494196753361,0.3204910074274226,-2211997.3122303206
2025-11-25 04:00:00,0.0,0.042880549282362415,0.32048006332455875,-2283154.2949667615
2025-11-25 05:00:00,0.0,0.06021804999304005,0.320469242445091,-2156748.698690384
2025-11-25 06:00:00,0.0,0.05830072827728483,0.32045854479458624,-2155793.473279916
2025-11-25 07:00:00,0.01250667947851225,0.05019508016628741,0.32044797037854794,-2001183.861093381
2025-11-25 08:00:00,0.024161049418828958,0.04204744311825893,0.32043751920241625,-1982812.9330757754
2025-11-25 09:00:00,0.0341688837692745,0.04410493306646793,0.32042719127156793,-2033727.6484560375
2025-11-25 10:00:00,0.04184816515759426,0.055915251153745765,0.32041698659131623,-2031084.9523725866
2025-11-25 11:00:00,0.04667556324778676,0.04885432358541971,0.3204069051669111,-1905974.3476055353
2025-11-25 12:00:00,0.04832209883765792,0.055048646823588045,0.320396947003539,-1943857.0892428532
2025-11-25 13:00:00,0.04667556324778676,0.04969744279339441,0.3203871121063229,-2190705.931544957
2025-11-25 14:00:00,0.04184816515759426,0.05290560396408522,0.3203774004803226,-2093710.7845540852
2025-11-25 15:00:00,0.0341688837692745,0.04515361463525859,0.32036781213053434,-2164113.2038502237
2025-11-25 16:00:00,0.024161049418828958,0.043307803201802275,0.32035834706189087,-2047529.489502851
2025-11-25 17:00:00,0.012506679478512264,0.057960884872331746,0.3203490052792616,-1925939.4645435482
2025-11-25 18:00:00,5.9177503669619815e-18,0.04718477434121246,0.3203397867874525,-2130712.2074106457
2025-11-25 19:00:00,0.0,0.043144473067286006,0.32033069159120614,-2125363.6494660396
2025-11-25 20:00:00,0.0,0.04403330737233635,0.3203217196952017,-2102973.3020232907
2025-11-25 21:00:00,0.0,0.044951333738599455,0.3203128711040547,-2194706.719641365
2025-11-25 22:00:00,0.0,0.048299665295254306,0.3203041458223175,-2116531.1339284386
2025-11-25 23:00:00,0.0,0.04772905236248272,0.3202955438544789,-2248733.9178924533
2025-11-26 00:00:00,0.0,0.06348769224907254,0.3202870652049642,-2381069.635345411
2025-11-26 01:00:00,0.0,0.04349591500524924,0.3202787098781354,-2212403.571255603
2025-11-26 02:00:00,0.0,0.05637565796158015,0.320270477878291,-2207837.776073036
2025-11-26 03:00:00,0.0,0.05801853755782639,0.3202623692096659,-2237455.3347153757
2025-11-26 04:00:00,0.0,0.06117015974510211,0.3202543838764318,-2234250.0866543925
2025-11-26 05:00:00,0.0,0.055761868331319714,0.3202465218826968,-2234227.6136619486
2025-11-26 06:00:00,0.0,0.06187654394022875,0.32023878323250554,-2088214.2310996838
2025-11-26 07:00:00,0.011568612137800789,0.04790252695108656,0.32023116792983936,-2127739.7921392666
2025-11-26 08:00:00,0.022348842476445942,0.062395587206162534,0.32022367597861595,-1941828.9425688072
2025-11-26 09:00:00,0.03160603613352976,0.059862929236988494,0.3202163073826896,-2075593.9491761096
2025-11-26 10:00:00,0.038709330659557825,0.05376204493930477,0.3202090621458512,-2036001.6684068039
2025-11-26 11:00:00,0.04317464827133056,0.04457245915691625,0.32020194027182813,-1927716.0912329543
2025-11-26 12:00:00,0.04469768495289189,0.05029452715664215,0.32019494176428426,-2053673.6834532125
2025-11-26 13:00:00,0.04317464827133056,0.0437505723399884,0.32018806662682003,-1935211.553268787
2025-11-26 14:00:00,0.03870933065955783,0.06378321453831276,0.3201813148629726,-1831985.1777624218
2025-11-26 15:00:00,0.03160603613352977,0.04939134550068137,0.3201746864762152,-2024704.5193741864
2025-11-26 16:00:00,0.022348842476445942,0.0481959874796587,0.3201681814699581,-2097335.849722537
2025-11-26 17:00:00,0.011568612137800801,0.05111855897099084,0.3201617998475478,-2206975.1996187214
2025-11-26 18:00:00,5.473887680685587e-18,0.0546005590383611,0.3201555416122673,-2021242.7171300575
2025-11-26 19:00:00,0.0,0.04560026710333118,0.32014940676733633,-2144166.9839821844
2025-11-26 20:00:00,0.0,0.06309778835638032,0.32014339531591096,-2257308.4075681684
2025-11-26 21:00:00,0.0,0.046377044169984276,0.32013750726108386,-2177821.1026519677
2025-11-26 22:00:00,0.0,0.046153496204089754,0.3201317426058842,-2235501.49155817
2025-11-26 23:00:00,0.0,0.05675261270164239,0.3201261013532776,-2203659.3968426236
2025-11-27 00:00:00,0.0,0.053947600676161646,0.3201205835061664,-2290737.8208626467
2025-11-27 01:00:00,0.0,0.06638734866395672,0.32011518906738917,-2213852.7748482563
2025-11-27 02:00:00,0.0,0.06303399557530963,0.32010991803972116,-2212896.110181311
2025-11-27 03:00:00,0.0,0.06136816316770569,0.3201047704258742,-2274463.7943802453
2025-11-27 04:00:00,0.0,0.051796983804893976,0.3200997462284964,-2208819.824392412
2025-11-27 05:00:00,0.0,0.05900714557374838,0.32009484545017264,-2233525.0718410783
2025-11-27 06:00:00,0.0,0.06201186727486357,0.320090068093424,-2111362.065227524
2025-11-27 07:00:00,0.010665463602060042,0.06229874718326805,0.3200854141607084,-2114548.3893287415
2025-11-27 08:00:00,0.020604093485151655,0.05814214718390912,0.32008088365442006,-1994116.5748609507
2025-11-27 09:00:00,0.029138588447104603,0.0541486420561078,0.3200764765768897,-2000617.8930167991
2025-11-27 10:00:00,0.03568733676018157,0.05730484626087815,0.32007219293038464,-2126681.1068969513
2025-11-27 11:00:00,0.03980405204916465,0.058604068444988056,0.3200680327171086,-2092032.6988651403
2025-11-27 12:00:00,0.04120818697030332,0.04694839351076299,0.3200639959392018,-2039278.510053891
2025-11-27 13:00:00,0.03980405204916465,0.0561244655880941,0.3200600825987411,-1953715.790659555
2025-11-27 14:00:00,0.03568733676018158,0.05301094413674648,0.3200562926977397,-1947321.4549051302
2025-11-27 15:00:00,0.02913858844710461,0.05510613557492297,0.32005262623814734,-1940734.8864755905
2025-11-27 16:00:00,0.020604093485151655,0.052124020176188494,0.32004908322185033,-1982242.9179332757
2025-11-27 17:00:00,0.010665463602060053,0.06429448287441208,0.32004566365067144,-2020952.887934286
2025-11-27 18:00:00,5.046547427184763e-18,0.06072246895616734,0.3200423675263697,-2014537.0402568767
2025-11-27 19:00:00,0.0,0.04501913334962841,0.3200391948506411,-2180257.5152200134
2025-11-27 20:00:00,0.0,0.06734856942105293,0.3200361456251176,-2172642.9454710847
2025-11-27 21:00:00,0.0,0.06283681700520007,0.3200332198513681,-2110977.8658003714
2025-11-27 22:00:00,0.0,0.051816259398693804,0.32003041753089767,-2244432.0701165013
2025-11-27 23:00:00,0.0,0.0496669102417899,0.3200277386651481,-2228887.0830209344
2025-11-28 00:00:00,0.0,0.05663177908945304,0.32002518325549745,-2190534.4748487603
2025-11-28 01:00:00,0.0,0.06105984940961038,0.32002275130326047,-2271530.9871224486
2025-11-28 02:00:00,0.0,0.055106400764932374,0.3200204428096882,-2323385.9424061654
2025-11-28 03:00:00,0.0,0.04722535065801518,0.3200182577759684,-2190712.5673437566
2025-11-28 04:00:00,0.0,0.04789430607704041,0.3200161962032251,-2240947.339179958
2025-11-28 05:00:00,0.0,0.05254628383845631,0.3200142580925188,-2298454.0455515855
2025-11-28 06:00:00,0.0,0.06224074742879637,0.3200124434448468,-2217130.8883957276
2025-11-28 07:00:00,0.009797501493692561,0.05593750902044969,0.32001075226114245,-2157493.198096164
2025-11-28 08:00:00,0.018927319451726734,0.050785884790720714,0.32000918454227595,-2218747.0449587004
2025-11-28 09:00:00,0.026767271868000042,0.06407037231577288,0.32000774028905377,-1998061.94553516
2025-11-28 10:00:00,0.03278307894147741,0.046982671169930844,0.3200064195022189,-2067942.8394465726
2025-11-28 11:00:00,0.03656477336169261,0.06324011114122606,0.32000522218245087,-2037205.272131787
2025-11-28 12:00:00,0.037854638903453475,0.05156448286723593,0.32000414833036567,-2043444.3635584004
2025-11-28 13:00:00,0.03656477336169261,0.04773994445674726,0.32000319794651566,-1957302.1947536983
2025-11-28 14:00:00,0.03278307894147742,0.05206599438985415,0.32000237103138984,-2023463.434322293
2025-11-28 15:00:00,0.026767271868000046,0.06951257062491309,0.32000166758541365,-2050845.3544122046
2025-11-28 16:00:00,0.018927319451726734,0.06732126867463353,0.32000108760894896,-1998325.1119241188
2025-11-28 17:00:00,0.009797501493692571,0.05910182788216112,0.32000063110229404,-2121622.89084751
2025-11-28 18:00:00,4.635856236599317e-18,0.05867865330523874,0.320000298065684,-2017486.0022180798
2025-11-28 19:00:00,0.0,0.06523883431152909,0.3200000884992899,-2136356.443376542
2025-11-28 20:00:00,0.0,0.05845357688039471,0.3200000024032197,-2242861.851764464
2025-11-28 21:00:00,0.0,0.06933887955997152,0.3200000397775177,-2208989.8192660585
2025-11-28 22:00:00,0.0,0.06258542996022028,0.32000020062216455,-2250012.711055558
2025-11-28 23:00:00,0.0,0.04842155169567054,0.32000048493707767,-2217527.7629192146
2025-11-29 00:00:00,0.0,0.04648235722489179,0.3200008927221107,-2278302.0065165865
2025-11-29 01:00:00,0.0,0.06468529582159134,0.32000142397705383,-2337767.545405963
2025-11-29 02:00:00,0.0,0.06420026978691168,0.3200020787016338,-2243943.378306524
2025-11-29 03:00:00,0.0,0.0714619989173028,0.3200028568955138,-2343048.9831370516
2025-11-29 04:00:00,0.0,0.0610473205814731,0.3200037585582933,-2216233.5504361643
2025-11-29 05:00:00,0.0,0.0663767702175531,0.32000478368950874,-2155409.8237082
2025-11-29 06:00:00,0.0,0.06920799144754979,0.3200059322886325,-2247808.3619457446
2025-11-29 07:00:00,0.00896498300860328,0.05113273763891729,0.3200072043550737,-2181980.555536662
2025-11-29 08:00:00,0.01731901724050516,0.06484833521060569,0.320008599888178,-2184449.3714224435
2025-11-29 09:00:00,0.024492789068495856,0.06473337896585812,0.32001011888722736,-2052356.9780229253
2025-11-29 10:00:00,0.029997417797716277,0.046857497518616745,0.3200117613514404,-1905468.68926892
2025-11-29 11:00:00,0.033457772077099136,0.059996263652438,0.320013527279972,-2065454.2021107846
2025-11-29 12:00:00,0.03463803448101033,0.05457437511670017,0.32001541667191385,-2029159.2299821286
2025-11-29 13:00:00,0.033457772077099136,0.07403441112587959,0.32001742952629386,-1996774.7149900778
2025-11-29 14:00:00,0.02999741779771628,0.05142549679681149,0.3200195658420764,-2091872.8513318042
2025-11-29 15:00:00,0.02449278906849586,0.05539648979264827,0.32002182561816256,-2123866.191065545
2025-11-29 16:00:00,0.01731901724050516,0.07492308938544767,0.3200242088533897,-2187442.369651252
2025-11-29 17:00:00,0.00896498300860329,0.07351416704153936,0.3200267155465317,-1994794.1294562502
2025-11-29 18:00:00,4.241935805592495e-18,0.07031091827147387,0.3200293456962991,-2108606.452915192
2025-11-29 19:00:00,0.0,0.05875201087091825,0.3200320993013387,-1990682.769448449
2025-11-29 20:00:00,0.0,0.057696407068726585,0.32003497636023387,-2106586.863320122
2025-11-29 21:00:00,0.0,0.06643015573092637,0.32003797687150454,-2294372.1768840686
2025-11-29 22:00:00,0.0,0.05302590860780957,0.32004110083360704,-2283139.9101594877
2025-11-29 23:00:00,0.0,0.07038727921553832,0.32004434824493416,-2178134.517936458
2025-11-30 00:00:00,0.0,0.05917199379310892,0.3200477191038153,-2193891.113679785
2025-11-30 01:00:00,0.0,0.07417249701171214,0.3200512134085163,-2409592.889656006
2025-11-30 02:00:00,0.0,0.07462890350032324,0.32005483115723943,-2270718.75063361
2025-11-30 03:00:00,0.0,0.055443301435057504,0.3200585723481235,-2311007.54719274
2025-11-30 04:00:00,0.0,0.060733483350459194,0.3200624369792439,-2280619.1453527855
2025-11-30 05:00:00,0.0,0.053587586803765325,0.3200664250486124,-2222415.6482688626
2025-11-30 06:00:00,0.0,0.07235401446873967,0.3200705365541772,-2223133.33650573
2025-11-30 07:00:00,0.00816815483998655,0.07662697612759986,0.32007477149382324,-2117697.8750122846
2025-11-30 08:00:00,0.015779663426142117,0.048230671093204946,0.32007912986537174,-2144453.71418483
2025-11-30 09:00:00,0.022315814026932886,0.06604276218470193,0.3200836116665805,-2079265.045317936
2025-11-30 10:00:00,0.027331178780414536,0.06726036476184595,0.3200882168951438,-2022847.2886996258
2025-11-30 11:00:00,0.03048396886691944,0.052887943897680895,0.32009294554869244,-2109089.262768518
2025-11-30 12:00:00,0.03155932685228424,0.06301046361952696,0.32009779762479373,-1884766.9489457144
2025-11-30 13:00:00,0.03048396886691944,0.04932712402770472,0.3201027731209514,-1829812.177956454
2025-11-30 14:00:00,0.02733117878041454,0.06549473698049596,0.32010787203460594,-1936928.862937268
2025-11-30 15:00:00,0.02231581402693289,0.057286542785842415,0.320113094363134,-1922388.5515727766
2025-11-30 16:00:00,0.015779663426142117,0.056492932580795255,0.32011844010384893,-2028186.3609885895
2025-11-30 17:00:00,0.008168154839986558,0.07559656127431828,0.3201239092540006,-2028104.3856953224
2025-11-30 18:00:00,3.864902861289501e-18,0.07050020065531518,0.3201295018107753,-2059492.296840178
2025-11-30 19:00:00,0.0,0.058289258190514996,0.32013521777129594,-2208216.9871788733
2025-11-30 20:00:00,0.0,0.05205227953098346,0.32014105713262186,-2169751.7406110154
2025-11-30 21:00:00,0.0,0.05475359945641174,0.320147019891749,-2212759.056610742
2025-11-30 22:00:00,0.0,0.064374954727351,0.3201531060456096,-2290436.9818282
2025-11-30 23:00:00,0.0,0.0639958336178114,0.32015931559107275,-2234495.6247858326
2025-12-01 00:00:00,0.0,0.06058404393564726,0.3201656485249438,-2381102.9994159928
2025-12-01 01:00:00,0.0,0.049387284011781746,0.32017210484396474,-2285184.0591384023
2025-12-01 02:00:00,0.0,0.07802291112277755,0.320178684544814,-2378715.64188544
2025-12-01 03:00:00,0.0,0.06644556443957292,0.3201853876241067,-2363823.2272682027
2025-12-01 04:00:00,0.0,0.050654657520356444,0.32019221407839427,-2294306.784540132
2025-12-01 05:00:00,0.0,0.06814628811159223,0.3201991639041648,-2339747.902151418
2025-12-01 06:00:00,0.0,0.05925506406166912,0.3202062370978429,-2219950.4248741283
2025-12-01 07:00:00,0.007407253105225723,0.06875788532712779,0.3202134336557897,-2152281.3328075237
2025-12-01 08:00:00,0.014309714152394846,0.07757268704117619,0.32022075357430285,-2098063.0960946637
2025-12-01 09:00:00,0.02023699182799901,0.06767425580549082,0.32022819684961656,-2092622.2584237782
2025-12-01 10:00:00,0.024785151953735287,0.06300447162394011,0.3202357634779015,-2063424.582061617
2025-12-01 11:00:00,0.027644244933224735,0.07536648121965588,0.320243453455265,-2096576.7943151733
2025-12-01 12:00:00,0.028619428304789696,0.05835254433188434,0.3202512667777509,-2047001.7935487914
2025-12-01 13:00:00,0.027644244933224735,0.05749412133787879,0.3202592034413395,-2120430.864820202
2025-12-01 14:00:00,0.02478515195373529,0.07082613997762331,0.3202672634419477,-2022889.0874502626
2025-12-01 15:00:00,0.020236991827999012,0.07946142984405447,0.3202754467754291,-2118077.1574343843
2025-12-01 16:00:00,0.014309714152394846,0.05094696798885038,0.3202837534375735,-1922778.698339211
2025-12-01 17:00:00,0.007407253105225731,0.05437183325660514,0.32029218342410753,-2082648.4513186757
2025-12-01 18:00:00,3.504869126688786e-18,0.06987567672806273,0.3203007367306943,-2036051.5888836668
2025-12-01 19:00:00,0.0,0.08049237465987065,0.32030941335293356,-2117242.3053432675
2025-12-01 20:00:00,0.0,0.08054895179751642,0.3203182132863614,-2154497.0523213213
2025-12-01 21:00:00,0.0,0.05591685177925959,0.32032713652645073,-2217780.5930796224
2025-12-01 22:00:00,0.0,0.07630945639067446,0.32033618306861084,-2351616.966813827
2025-12-01 23:00:00,0.0,0.05517769049252297,0.3203453529081876,-2405817.78699843
2025-12-02 00:00:00,0.0,0.07511307000640577,0.3203546460404636,-2217585.4113628683
2025-12-02 01:00:00,0.0,0.06076699494564341,0.3203640624606578,-2377141.72326846
2025-12-02 02:00:00,0.0,0.061101915458359246,0.32037360216392585,-2264054.2159152827
2025-12-02 03:00:00,0.0,0.06032326872700773,0.32038326514536003,-2270483.54033865
2025-12-02 04:00:00,0.0,0.060439885554211675,0.3203930513999891,-2309908.3271386256
2025-12-02 05:00:00,0.0,0.06773640664520725,0.3204029609227783,-2283552.986975254
2025-12-02 06:00:00,0.0,0.0795278785135803,0.32041299370862975,-2170812.8885417883
2025-12-02 07:00:00,0.006682503275926329,0.0722037037159672,0.3204231497523819,-2130019.137272335
2025-12-02 08:00:00,0.01290960499695709,0.06747053952052831,0.3204334290488099,-2081342.1466716973
2025-12-02 09:00:00,0.018256938471576195,0.07269679947585195,0.3204438315926254,-2045044.7349413778
2025-12-02 10:00:00,0.02236009176037474,0.061679770053738585,0.3204543573784768,-2059641.699145229
2025-12-02 11:00:00,0.02493944174750253,0.06937174527007083,0.3204650064009489,-1972000.7859868915
2025-12-02 12:00:00,0.025819209993914183,0.07496985323948241,0.32047577865456334,-2056704.0132741872
2025-12-02 13:00:00,0.02493944174750253,0.06812913675728817,0.32048667413377807,-1948309.483030449
2025-12-02 14:00:00,0.022360091760374744,0.056948325751148755,0.3204976928329879,-1944945.928566491
2025-12-02 15:00:00,0.0182569384715762,0.05901614220525168,0.32050883474652414,-1915973.7918903257
2025-12-02 16:00:00,0.01290960499695709,0.05762401246507137,0.3205200998686548,-2098737.767866248
2025-12-02 17:00:00,0.006682503275926337,0.077237287688206,0.3205314881935843,-1971524.0441711408
2025-12-02 18:00:00,3.1619412875560357e-18,0.08231339810955218,0.32054299971545386,-2182105.3857135978
2025-12-02 19:00:00,0.0,0.06462015925117263,0.3205546344283412,-2151376.7431242354
2025-12-02 20:00:00,0.0,0.06452591565507042,0.32056639232626083,-2289741.8570288755
2025-12-02 21:00:00,0.0,0.07286686926372105,0.3205782734031637,-2168514.2645872696
2025-12-02 22:00:00,0.0,0.05469496941417906,0.32059027765293757,-2278638.2732320246
2025-12-02 23:00:00,0.0,0.07148431596512847,0.3206024050694067,-2291651.828084941
2025-12-03 00:00:00,0.0,0.07867984397673877,0.32061465564633185,-2397626.6004261817
2025-12-03 01:00:00,0.0,0.05904787558803697,0.32062702937741083,-2152510.164962181
2025-12-03 02:00:00,0.0,0.06513133370148932,0.3206395262562778,-2353956.186606152
2025-12-03 03:00:00,0.0,0.08324669223220457,0.3206521462765035,-2204478.0497894967
2025-12-03 04:00:00,0.0,0.08374303227789685,0.32066488943159555,-2200876.412397969
2025-12-03 05:00:00,0.0,0.0664322904177559,0.320677755714998,-2276968.3961545397
2025-12-03 06:00:00,0.0,0.0765684127668963,0.3206907451200918,-2124810.714553349
2025-12-03 07:00:00,0.005994120111104271,0.05976868734983803,0.3207038576401944,-2170982.5145513113
2025-12-03 08:00:00,0.011579750842388629,0.08237214190149106,0.32071709326855974,-2134544.925825665
2025-12-03 09:00:00,0.016376240690207274,0.08271509545919406,0.3207304519983789,-1969137.1225533693
2025-12-03 10:00:00,0.020056716798005615,0.058393879036402044,0.3207439338227791,-2033987.5410125614
2025-12-03 11:00:00,0.022370360801311547,0.07589494177228052,0.3207575387348247,-2070626.7404051796
2025-12-03 12:00:00,0.02315950168477726,0.05891853587784657,0.3207712667275164,-2141682.1561500677
2025-12-03 13:00:00,0.022370360801311547,0.07124207148204718,0.3207851177937917,-1970043.5478149059
2025-12-03 14:00:00,0.020056716798005615,0.06382277300203902,0.3207990919265248,-2057884.298870639
2025-12-03 15:00:00,0.016376240690207274,0.08442055775936275,0.3208131891185266,-2064381.666775977
2025-12-03 16:00:00,0.011579750842388629,0.06835194301941148,0.32082740936254456,-2176474.574703707
2025-12-03 17:00:00,0.005994120111104277,0.06686971316458186,0.320841752651263,-2045988.3680770579
2025-12-03 18:00:00,2.836220960811021e-18,0.0820131713150434,0.320856218977303,-2096063.891183815
2025-12-03 19:00:00,0.0,0.08003160181814663,0.32087080833322196,-2075404.1682408876
2025-12-03 20:00:00,0.0,0.07204992462774489,0.32088552071151444,-2052054.5021040002
2025-12-03 21:00:00,0.0,0.06180213563756054,0.3209003561046115,-2144397.3304534256
2025-12-03 22:00:00,0.0,0.0806735977468753,0.32091531450488076,-2407874.987008299
2025-12-03 23:00:00,0.0,0.059495022788840016,0.32093039590462685,-2363665.085028375
2025-12-04 00:00:00,0.0,0.05559123137096692,0.3209456002960911,-2290057.708584856
2025-12-04 01:00:00,0.0,0.0604849775611209,0.32096092767145123,-2119706.100400488
2025-12-04 02:00:00,0.0,0.08244092151452213,0.3209763780228221,-2290784.8476571366
2025-12-04 03:00:00,0.0,0.08446468543846469,0.320991951342255,-2212115.2621961525
2025-12-04 04:00:00,0.0,0.06148085827155008,0.3210076476217381,-2355392.5536286393
2025-12-04 05:00:00,0.0,0.06562718586633579,0.32102346685319644,-2190479.6934304126
2025-12-04 06:00:00,0.0,0.08199874336598566,0.3210394090284915,-2296752.6894366294
2025-12-04 07:00:00,0.005342307593547722,0.07551984656459754,0.32105547413942176,-2135659.623002835
2025-12-04 08:00:00,0.010320545753175895,0.07899617325110815,0.32107166217772226,-2020496.648909793
2025-12-04 09:00:00,0.014595455775233402,0.07029742891023363,0.32108797313506504,-2115702.1423822735
2025-12-04 10:00:00,0.017875709606339857,0.07641197549574252,0.32110440700305865,-2049481.0262024077
2025-12-04 11:00:00,0.019937763368781128,0.07270353764689844,0.3211209637732486,-2017107.1687789205
2025-12-04 12:00:00,0.020641091506351794,0.07470843504657673,0.3211376434371171,-1984820.6040744064
2025-12-04 13:00:00,0.019937763368781128,0.059081786687799426,0.321154445986083,-2065320.1837029394
2025-12-04 14:00:00,0.01787570960633986,0.05525805256955516,0.32117137141150226,-2169658.43844553
2025-12-04 15:00:00,0.014595455775233404,0.06322705607315246,0.32118841970466727,-1949722.1824904187
2025-12-04 16:00:00,0.010320545753175895,0.062003388271355944,0.32120559085680744,-2126259.0507218237
2025-12-04 17:00:00,0.0053423075935477285,0.05576856440022241,0.32122288485908895,-2149876.799152093
2025-12-04 18:00:00,2.5278046644161342e-18,0.06209675108162676,0.32124030170261464,-2098272.844007992
2025-12-04 19:00:00,0.0,0.08373465071856837,0.3212578413784242,-2084978.7481080187
2025-12-04 20:00:00,0.0,0.07360915931839727,0.3212755038774944,-2232040.116154804
2025-12-04 21:00:00,0.0,0.06672938096272868,0.3212932891907383,-2210571.350929537
2025-12-04 22:00:00,0.0,0.07329358325298439,0.32131119730900626,-2425797.17509022
2025-12-04 23:00:00,0.0,0.056493850925528825,0.32132922822308524,-2158217.8965999493
2025-12-05 00:00:00,0.0,0.06770299872587204,0.321347381923699,-2278030.852057626
2025-12-05 01:00:00,0.0,0.08217403154658813,0.3213656584015082,-2226996.4788355054
2025-12-05 02:00:00,0.0,0.05993098496932975,0.3213840576471104,-2205842.6968024047
2025-12-05 03:00:00,0.0,0.056382995818731456,0.3214025796510399,-2137315.1165467002
2025-12-05 04:00:00,0.0,0.05791602235962143,0.3214212244037678,-2287765.340324389
2025-12-05 05:00:00,0.0,0.06315284594484859,0.32143999189570227,-2166095.0817263117
2025-12-05 06:00:00,0.0,0.05712992226988517,0.321458882117188,-2354657.836892975
2025-12-05 07:00:00,0.004727258869372982,0.07430563026647591,0.3214778950585068,-2149580.697361038
2025-12-05 08:00:00,0.009132362858962849,0.07681843718837203,0.32149703070987734,-2342162.9615513356
2025-12-05 09:00:00,0.012915111411657595,0.07744540884957246,0.3215162890614551,-2099083.308351076
2025-12-05 10:00:00,0.015817716464878624,0.08883052549905407,0.3215356701033323,-2035735.7892847853
2025-12-05 11:00:00,0.017642370281030578,0.06492984826006329,0.3215551738255383,-1970648.512871432
2025-12-05 12:00:00,0.0182647257179257,0.07458366319890034,0.32157480021803914,-1980473.9767463293
2025-12-05 13:00:00,0.017642370281030578,0.07056367951129897,0.3215945492707379,-2044225.8240313923
2025-12-05 14:00:00,0.015817716464878628,0.08549499703401468,0.3216144209734744,-2020920.1492089303
2025-12-05 15:00:00,0.012915111411657597,0.07951548586565178,0.32163441531602555,-2064434.7520383934
2025-12-05 16:00:00,0.009132362858962849,0.06308826451889107,0.3216545322881049,-2079553.1922590493
2025-12-05 17:00:00,0.0047272588693729875,0.05809644709711214,0.32167477187936333,-2167941.2529709805
2025-12-05 18:00:00,2.2367837887762053e-18,0.07983785021705475,0.3216951340793881,-2252648.235222933
2025-12-05 19:00:00,0.0,0.06688241434173202,0.3217156188777039,-2212864.387658377
2025-12-05 20:00:00,0.0,0.07934225461285482,0.32173622626377196,-2184902.163755878
2025-12-05 21:00:00,0.0,0.05932531907376392,0.32175695622699063,-2179006.1582563226
2025-12-05 22:00:00,0.0,0.06943962243685207,0.32177780875669537,-2251188.4924654644
2025-12-05 23:00:00,0.0,0.0779638488539956,0.32179878384215815,-2379172.5206893124
2025-12-06 00:00:00,0.0,0.09044327892494236,0.3218198814725883,-2339113.097351306
2025-12-06 01:00:00,0.0,0.0587813513338886,0.32184110163713175,-2287005.487172822
2025-12-06 02:00:00,0.0,0.059973340730382275,0.32186244432487177,-2333705.6694381386
2025-12-06 03:00:00,0.0,0.07608559947589624,0.32188390952482826,-2331328.8740590354
2025-12-06 04:00:00,0.0,0.08707634752884374,0.32190549722595835,-2177186.857179959
2025-12-06 05:00:00,0.0,0.0823238218703118,0.32192720741715597,-2138470.573986909
2025-12-06 06:00:00,0.0,0.07161812468093715,0.32194904008725206,-2234215.2101641092
2025-12-06 07:00:00,0.004149156190790783,0.0882804454863733,0.3219709952250147,-2073297.523297528
2025-12-06 08:00:00,0.008015554243983978,0.08873761855160932,0.32199307281914874,-2204731.404262108
2025-12-06 09:00:00,0.011335705521779364,0.08022418612753006,0.32201527285829623,-2011893.0998798187
2025-12-06 10:00:00,0.013883347201404593,0.08550763926200461,0.3220375953310361,-2207437.738151861
2025-12-06 11:00:00,0.015484861712570148,0.07318154755563007,0.3220600402258843,-1981991.0038591933
2025-12-06 12:00:00,0.01603110848796796,0.05794330179531222,0.3220826075312939,-2044024.3033309388
2025-12-06 13:00:00,0.015484861712570148,0.070405201006892,0.32210529723565484,-2078123.067193539
2025-12-06 14:00:00,0.013883347201404595,0.07795959289625162,0.3221281093272943,-2135005.555568594
2025-12-06 15:00:00,0.011335705521779366,0.06509372325687156,0.32215104379447623,-1985588.0845150598
2025-12-06 16:00:00,0.008015554243983978,0.05800083084944877,0.3221741006254019,-1992859.1859679457
2025-12-06 17:00:00,0.004149156190790787,0.07650187086714792,0.32219727980820945,-2207116.697743477
2025-12-06 18:00:00,1.9632445696573928e-18,0.07692028757278657,0.3222205813309741,-2010043.0912991362
2025-12-06 19:00:00,0.0,0.07549744993584924,0.32224400518170815,-2122081.218379226
2025-12-06 20:00:00,0.0,0.0863017522920289,0.322267551348361,-2161342.3968470637
2025-12-06 21:00:00,0.0,0.06331022086532463,0.32229121981881903,-2123870.6306845653
2025-12-06 22:00:00,0.0,0.06560689931306894,0.32231501058090584,-2252685.623284692
2025-12-06 23:00:00,0.0,0.07144759159617307,0.322338923622382,-2323076.4932154017
2025-12-07 00:00:00,0.0,0.09196507857989508,0.32236295893094513,-2354091.2914337
2025-12-07 01:00:00,0.0,0.06726739971555433,0.32238711649423024,-2434203.5726772435
2025-12-07 02:00:00,0.0,0.07794403816625105,0.32241139629980897,-2276569.249059195
2025-12-07 03:00:00,0.0,0.06325532938213423,0.3224357983351906,-2345005.815675384
2025-12-07 04:00:00,0.0,0.07571616575763873,0.32246032258782104,-2241323.7998758024
2025-12-07 05:00:00,0.0,0.08490049568052364,0.32248496904508367,-2263482.1471048417
2025-12-07 06:00:00,0.0,0.0858416776112393,0.32250973769429886,-2325868.038540668
2025-12-07 07:00:00,0.0036081708621013143,0.08938922083835549,0.3225346285227241,-2217747.684948778
2025-12-07 08:00:00,0.006970450842734704,0.08128800519359726,0.322559641517554,-2035294.2925905297
2025-12-07 09:00:00,0.009857706117650388,0.0603730336832254,0.32258477666592056,-2078278.1335354315
2025-12-07 10:00:00,0.012073175011277805,0.08789640767193309,0.32261003395489257,-2072977.1634315173
2025-12-07 11:00:00,0.013465876979751703,0.07770334401548762,0.3226354133714763,-1866340.3490342181
2025-12-07 12:00:00,0.013940901685469409,0.06850203303270785,0.32266091490261495,-2071699.25074196
2025-12-07 13:00:00,0.013465876979751703,0.06259048511308718,0.3226865385351891,-2036637.7343996523
2025-12-07 14:00:00,0.012073175011277807,0.07555351977940468,0.32271228425601634,-2122628.4182710405
2025-12-07 15:00:00,0.00985770611765039,0.0695164353652884,0.3227381520518516,-1895353.8201400253
2025-12-07 16:00:00,0.006970450842734704,0.08904917014993935,0.3227641419093869,-2125993.890833969
2025-12-07 17:00:00,0.0036081708621013182,0.06195605405783679,0.3227902538152515,-2112183.668422901
2025-12-07 18:00:00,1.7072680626338054e-18,0.06451359922043862,0.32281648775601185,-2009991.4310452878
2025-12-07 19:00:00,0.0,0.07271513873587084,0.3228428437181717,-2232377.917615103
2025-12-07 20:00:00,0.0,0.09005407133242391,0.32286932168817195,-2155075.176082498
2025-12-07 21:00:00,0.0,0.06967727329060178,0.32289592165239067,-2167399.943211657
2025-12-07 22:00:00,0.0,0.0778161172208083,0.32292264359714334,-2147658.0810607513
2025-12-07 23:00:00,0.0,0.08145077326226809,0.3229494875086826,-2311932.026258892
2025-12-08 00:00:00,0.0,0.0707660105036172,0.32297645337319825,-2322975.612925346
2025-12-08 01:00:00,0.0,0.08979647884819178,0.3230035411768175,-2385625.743340802
2025-12-08 02:00:00,0.0,0.06757407461068364,0.3230307509056047,-2297420.2318844954
2025-12-08 03:00:00,0.0,0.08088585387558923,0.32305808254556156,-2144820.733132346
2025-12-08 04:00:00,0.0,0.0775448703091453,0.3230855360826271,-2266559.492642823
2025-12-08 05:00:00,0.0,0.0673344902983166,0.3231131115026775,-2330184.6356600216
2025-12-08 06:00:00,0.0,0.08559032954973111,0.3231408087915264,-2299799.3124240874
2025-12-08 07:00:00,0.0031044631889328676,0.07244437454993,0.3231686279349246,-2204176.365001814
2025-12-08 08:00:00,0.005997362341907952,0.08693888420485671,0.32319656891856025,-2047336.5180791747
2025-12-08 09:00:00,0.008481551162391892,0.09661830212720186,0.32322463172805893,-2155505.1569519076
2025-12-08 10:00:00,0.010387736287584841,0.06471672638848429,0.3232528163489833,-2100821.7013482223
2025-12-08 11:00:00,0.011586014351324761,0.09009696349698212,0.32328112276683363,-1889345.667680061
2025-12-08 12:00:00,0.011994724683815905,0.08016743125375964,0.3233095509670474,-2035673.7883057639
2025-12-08 13:00:00,0.011586014351324761,0.06730889033363467,0.3233381009349994,-2027338.4720000105
2025-12-08 14:00:00,0.010387736287584843,0.09271546837280997,0.32336677265600167,-1905746.9506693382
2025-12-08 15:00:00,0.008481551162391894,0.07147168157167819,0.323395566115304,-2049089.7402576257
2025-12-08 16:00:00,0.005997362341907952,0.07920437791348027,0.32342448129809326,-2003147.3974724025
2025-12-08 17:00:00,0.0031044631889328707,0.0869993450169056,0.32345351818949364,-2105522.0579472096
2025-12-08 18:00:00,1.4689301190688896e-18,0.08698622411891498,0.32348267677456694,-2077853.0998219363
2025-12-08 19:00:00,0.0,0.06375346491730363,0.3235119570383122,-2063263.7608618636
2025-12-08 20:00:00,0.0,0.08558059866335999,0.3235413589656659,-2310158.2022412987
2025-12-08 21:00:00,0.0,0.08695017046218977,0.32357088254150185,-2261981.505767211
2025-12-08 22:00:00,0.0,0.08766523116623193,0.3236005277506315,-2353789.386394848
2025-12-08 23:00:00,0.0,0.08928163879373974,0.32363029457780346,-2158083.690560067
2025-12-09 00:00:00,0.0,0.0678652779993701,0.3236601830077039,-2382032.526818167
2025-12-09 01:00:00,0.0,0.09718656632227979,0.3236901930249565,-2245685.454740179
2025-12-09 02:00:00,0.0,0.08791896977283159,0.32372032461412226,-2270876.9254973866
2025-12-09 03:00:00,0.0,0.08992558181411137,0.3237505777596997,-2276820.0493666013
2025-12-09 04:00:00,0.0,0.07893255525859633,0.32378095244612476,-2135916.8472316205
2025-12-09 05:00:00,0.0,0.07909829230882244,0.3238114486577709,-2357610.3157153116
2025-12-09 06:00:00,0.0,0.09716574676946918,0.323842066378949,-2220510.5103207757
2025-12-09 07:00:00,0.002638182430739902,0.08849721466161103,0.32387280559390763,-2055689.4639058672
2025-12-09 08:00:00,0.005096577088627484,0.08200247300720735,0.3239036662868326,-2196168.0949704265
2025-12-09 09:00:00,0.0072076484404169725,0.08446926453732272,0.3239346484418473,-2209217.4316868926
2025-12-09 10:00:00,0.008827530462194273,0.09729122095120192,0.32396575204301253,-1931873.9032198223
2025-12-09 11:00:00,0.009845830871156876,0.08628067996595286,0.32399697707432695,-1994066.4404651031
2025-12-09 12:00:00,0.01019315417725497,0.06556121302184668,0.32402832351972644,-2146258.5049063624
2025-12-09 13:00:00,0.009845830871156876,0.06452178762294855,0.32405979136308455,-2030106.9841454395
2025-12-09 14:00:00,0.008827530462194274,0.09549407394080206,0.32409138058821235,-2077381.9456343339
2025-12-09 15:00:00,0.007207648440416973,0.09289720304733555,0.3241230911788584,-2104590.7060544803
2025-12-09 16:00:00,0.005096577088627484,0.09063692661189442,0.32415492311870886,-2092184.3632451247
2025-12-09 17:00:00,0.002638182430739905,0.06715053848747614,0.3241868763913875,-2079270.4163614858
2025-12-09 18:00:00,1.2483013636390772e-18,0.07548581913657836,0.3242189509804556,-2025046.3752055834
2025-12-09 19:00:00,0.0,0.0897173124643051,0.3242511468694122,-2165263.756003325
2025-12-09 20:00:00,0.0,0.08429069921888777,0.32428346404169367,-2044878.0851814754
2025-12-09 21:00:00,0.0,0.09428305082090194,0.3243159024806742,-2425214.7648165934
2025-12-09 22:00:00,0.0,0.10023694170717996,0.3243484621696655,-2336553.1447779904
2025-12-09 23:00:00,0.0,0.0744379436322864,0.32438114309191685,-2336508.148173572
2025-12-10 00:00:00,0.0,0.09172554955737866,0.3244139452306154,-2311678.574623574
2025-12-10 01:00:00,0.0,0.06551193223132089,0.3244468685688855,-2306567.448668616
2025-12-10 02:00:00,0.0,0.07256459329248763,0.3244799130897897,-2304530.8690255685
2025-12-10 03:00:00,0.0,0.07497550190524076,0.32451307877632773,-2280863.3015480307
2025-12-10 04:00:00,0.0,0.09254226786324349,0.3245463656114371,-2298948.6977721937
2025-12-10 05:00:00,0.0,0.08865302039300631,0.3245797735779934,-2230410.6502890047
2025-12-10 06:00:00,0.0,0.08278397993882852,0.3246133026588093,-2161599.163318894
2025-12-10 07:00:00,0.0022094667565742596,0.0750372430543152,0.32464695283663547,-2208853.130283442
2025-12-10 08:00:00,0.004268362005004438,0.09770851868096027,0.32468072409416027,-2068850.375260787
2025-12-10 09:00:00,0.006036375436595294,0.09804553452464382,0.3247146164140097,-2115010.4358798526
2025-12-10 10:00:00,0.007393019857764251,0.08628931086228779,0.3247486297787477,-2056892.1703963235
2025-12-10 11:00:00,0.008245842193169555,0.10136876761501167,0.3247827641708756,-2105052.1842372506
2025-12-10 12:00:00,0.008536724010008878,0.08704296566958805,0.3248170195728326,-1987678.2015884528
2025-12-10 13:00:00,0.008245842193169555,0.10162595964858451,0.32485139596699575,-1941908.089900385
2025-12-10 14:00:00,0.007393019857764252,0.09320486043260275,0.32488589333567974,-1915050.168598167
2025-12-10 15:00:00,0.006036375436595295,0.09608731924127836,0.324920511661137,-2119157.4594920087
2025-12-10 16:00:00,0.004268362005004438,0.06562351113928917,0.324955250925558,-2104041.662530829
2025-12-10 17:00:00,0.0022094667565742618,0.07620082783136409,0.32499011111107057,-2033016.3514258557
2025-12-10 18:00:00,1.045447173406173e-18,0.09265648978968888,0.32502509219974063,-2076277.6516583539
2025-12-10 19:00:00,0.0,0.07391017111926865,0.3250601941735718,-2286011.215760993
2025-12-10 20:00:00,0.0,0.08209003619881165,0.32509541701450545,-2149402.18826768
2025-12-10 21:00:00,0.0,0.07398028085355927,0.325130760704421,-2272030.4516457664
2025-12-10 22:00:00,0.0,0.08898405357637684,0.3251662252251354,-2292815.512802298
2025-12-10 23:00:00,0.0,0.08947848110885837,0.32520181055840364,-2388263.667325803
2025-12-11 00:00:00,0.0,0.07511524049165905,0.3252375166859185,-2252373.8903994546
2025-12-11 01:00:00,0.0,0.10076694868481682,0.32527334358931054,-2277449.8658826803
2025-12-11 02:00:00,0.0,0.06878304912561221,0.32530929125014835,-2242818.3034171117
2025-12-11 03:00:00,0.0,0.07018381757150126,0.32534535964993827,-2326133.009818649
2025-12-11 04:00:00,0.0,0.07375246640393382,0.32538154877012454,-2160274.2668698463
2025-12-11 05:00:00,0.0,0.07224719182116651,0.3254178585920893,-2233790.9117603805
2025-12-11 06:00:00,0.0,0.09972061979410922,0.3254542890971527,-2239114.152962193
2025-12-11 07:00:00,0.001818443204142633,0.08071882555281618,0.32549084026657255,-2177011.1349876616
2025-12-11 08:00:00,0.0035129625090424272,0.09286218329507279,0.32552751208154485,-2242762.4775091535
2025-12-11 09:00:00,0.004968079224396018,0.06820899449345724,0.3255643045232033,-2042184.0480711893
2025-12-11 10:00:00,0.006084629550746126,0.09187285199988329,0.3256012175726198,-1999914.401589265
2025-12-11 11:00:00,0.006786522428538651,0.09586924784774208,0.32563825121080403,-2034947.8789552408
2025-12-11 12:00:00,0.007025925018084855,0.09281365079709837,0.32567540541870366,-2034322.0941076488
2025-12-11 13:00:00,0.006786522428538651,0.08455614017357532,0.32571268017720434,-1936775.0788571022
2025-12-11 14:00:00,0.006084629550746127,0.07036716369630913,0.32575007546712975,-2041011.5195072505
2025-12-11 15:00:00,0.0049680792243960185,0.07011375903328644,0.3257875912692414,-1926092.1534430226
2025-12-11 16:00:00,0.0035129625090424272,0.07385323549840764,0.32582522756423904,-2129754.546125372
2025-12-11 17:00:00,0.001818443204142635,0.08033312798468145,0.32586298433276023,-2097210.592691357
2025-12-11 18:00:00,8.604276584446928e-19,0.07397255876977986,0.32590086155538067,-2228905.214040893
2025-12-11 19:00:00,0.0,0.07186726888021004,0.325938859212614,-2234182.2178693847
2025-12-11 20:00:00,0.0,0.08960143013137777,0.32597697728491193,-2232527.3995953677
2025-12-11 21:00:00,0.0,0.10433242301473884,0.32601521575266434,-2209588.1652929676
2025-12-11 22:00:00,0.0,0.08232368301485318,0.326053574596199,-2229056.66413466
2025-12-11 23:00:00,0.0,0.07115625638777548,0.3260920537957819,-2321039.9919839767
2025-12-12 00:00:00,0.0,0.10314866319841241,0.3261306533316169,-2266183.7832375965
2025-12-12 01:00:00,0.0,0.07016316896795996,0.3261693731838462,-2296477.7912844648
2025-12-12 02:00:00,0.0,0.08162993182442879,0.32620821333255,-2343557.058441742
2025-12-12 03:00:00,0.0,0.090332779867483,0.32624717375774653,-2342541.6974611417
2025-12-12 04:00:00,0.0,0.09264850736120842,0.32628625443939224,-2296030.995171051
2025-12-12 05:00:00,0.0,0.09378925508329483,0.3263254553573816,-2327374.3122252612
2025-12-12 06:00:00,0.0,0.06818590904285565,0.32636477649154755,-2108806.605944318
2025-12-12 07:00:00,0.0014652276421625603,0.07207662223998994,0.32640421782166074,-2294839.56742525
2025-12-12 08:00:00,0.0028306024419149085,0.06959295640969551,0.32644377932743024,-2051426.5339062547
2025-12-12 09:00:00,0.0040030763630424645,0.10536747813956936,0.3264834609885033,-2244531.201552604
2025-12-12 10:00:00,0.004902747245425154,0.0777299205036267,0.3265232627844652,-2131213.3828790816
2025-12-12 11:00:00,0.005468304005205026,0.09675550356566533,0.3265631846948396,-2035984.1433334907
2025-12-12 12:00:00,0.005661204883829818,0.09534058222453541,0.32660322669908814,-2052384.8923280083
2025-12-12 13:00:00,0.005468304005205026,0.0728700698347911,0.3266433887766109,-1920550.6283519347
2025-12-12 14:00:00,0.004902747245425155,0.10677730787724626,0.32668367090674627,-2036094.8356674924
2025-12-12 15:00:00,0.004003076363042465,0.08112207786256376,0.3267240730687704,-1889624.8717771915
2025-12-12 16:00:00,0.0028306024419149085,0.0773680054044114,0.32676459524189827,-2115068.454531102
2025-12-12 17:00:00,0.001465227642162562,0.10237322805443375,0.3268052374052827,-2069823.7852331002
2025-12-12 18:00:00,6.93297644029955e-19,0.08198754443557854,0.32684599953801496,-2081388.4127616205
2025-12-12 19:00:00,0.0,0.06911282256027615,0.3268868816191246,-2261537.1335754334
2025-12-12 20:00:00,0.0,0.0735184508537976,0.32692788362757935,-2231985.091953422
2025-12-12 21:00:00,0.0,0.10608455260391013,0.3269690055422854,-2310454.748664234
2025-12-12 22:00:00,0.0,0.07421143942843532,0.32701024734208717,-2287358.237413871
2025-12-12 23:00:00,0.0,0.08226148628693931,0.32705160900576735,-2317680.2597432574
2025-12-13 00:00:00,0.0,0.07380450683787307,0.32709309051204705,-2123496.1923767393
2025-12-13 01:00:00,0.0,0.09591180317612649,0.3271346918395857,-2273678.3569293595
2025-12-13 02:00:00,0.0,0.08378194824968153,0.3271764129669812,-2262871.761680198
2025-12-13 03:00:00,0.0,0.103853069054238,0.3272182538727695,-2278488.826874141
2025-12-13 04:00:00,0.0,0.09650571911631232,0.32726021453542525,-2366978.969479
2025-12-13 05:00:00,0.0,0.09277720472204326,0.3273022949333613,-2312677.631436468
2025-12-13 06:00:00,0.0,0.07094738267115741,0.32734449504492913,-2144643.3087067143
2025-12-13 07:00:00,0.0011499247360280953,0.08317695193235697,0.3273868148484183,-2113232.9238364194
2025-12-13 08:00:00,0.002221484001636353,0.09491360361693868,0.32742925432205716,-2207067.849696698
2025-12-13 09:00:00,0.0031416528037089856,0.09935109909239176,0.327471813444012,-2064041.6682309762
2025-12-13 10:00:00,0.003847723159035587,0.08498190733060751,0.3275144921923882,-2128992.4784554597
2025-12-13 11:00:00,0.004291577539737082,0.09500539732092612,0.3275572905452291,-2110781.1432053624
2025-12-13 12:00:00,0.004442968003272707,0.07993957867750617,0.3276002084805166,-2057267.209416595
2025-12-13 13:00:00,0.004291577539737082,0.09425026063294793,0.3276432459761712,-2113638.766297131
2025-12-13 14:00:00,0.0038477231590355876,0.07854856086048398,0.3276864030100519,-1846284.2333327816
2025-12-13 15:00:00,0.003141652803708986,0.07193126171013438,0.32772967955995613,-1999358.910746823
2025-12-13 16:00:00,0.002221484001636353,0.09789837952760579,0.3277730756036197,-2126835.802525347
2025-12-13 17:00:00,0.0011499247360280964,0.09928783870884175,0.3278165911187172,-2133856.7544906223
2025-12-13 18:00:00,5.441066543922027e-19,0.08221609571267567,0.3278602260828617,-2079675.8114979824
2025-12-13 19:00:00,0.0,0.08151517088203646,0.32790398047360464,-2140736.04465937
2025-12-13 20:00:00,0.0,0.09893722712500774,0.3279478542684362,-2246118.8835296845
2025-12-13 21:00:00,0.0,0.08344643109838694,0.32799184744478505,-2316223.9121334925
2025-12-13 22:00:00,0.0,0.10638584376935821,0.3280359599800185,-2368798.384063861
2025-12-13 23:00:00,0.0,0.10365822346557574,0.32808019185144244,-2407586.8301550276
2025-12-14 00:00:00,0.0,0.1093199940151422,0.3281245430363013,-2377679.0540667307
2025-12-14 01:00:00,0.0,0.07716748804277428,0.32816901351177813,-2486581.055502002
2025-12-14 02:00:00,0.0,0.09456476729294352,0.32821360325499477,-2275177.007265166
2025-12-14 03:00:00,0.0,0.07344780377426834,0.3282583122430115,-2334975.3934365427
2025-12-14 04:00:00,0.0,0.09809091693820188,0.3283031404528274,-2108451.7030742886
2025-12-14 05:00:00,0.0,0.07562988988817004,0.32834808786138003,-2217671.9675465515
2025-12-14 06:00:00,0.0,0.08022603536939882,0.32839315444554584,-2215578.4193199705
2025-12-14 07:00:00,0.0008726279167950957,0.11087074478788664,0.32843834018214,-2197132.620732712
2025-12-14 08:00:00,0.0016857876831464222,0.10297964716039783,0.32848364504791605,-2143998.8299657223
2025-12-14 09:00:00,0.0023840638047871883,0.09295077735478947,0.3285290690195666,-2098520.4170669545
2025-12-14 10:00:00,0.0029198699179834274,0.11076701765783817,0.3285746120737228,-2005844.2334364413
2025-12-14 11:00:00,0.0032566917215822843,0.08724431660355342,0.32862027418695455,-2038595.1813233925
2025-12-14 12:00:00,0.003371575366292845,0.10850878511546058,0.32866605533577053,-2093738.776544752
2025-12-14 13:00:00,0.0032566917215822843,0.11086886946157959,0.32871195549661825,-2051458.1142144445
2025-12-14 14:00:00,0.002919869917983428,0.09564231702926235,0.32875797464588374,-2026166.793035731
2025-12-14 15:00:00,0.0023840638047871888,0.09190665955604069,0.3288041127598922,-2051643.575627737
2025-12-14 16:00:00,0.0016857876831464222,0.07668270869135015,0.32885036981490723,-1933809.0533764414
2025-12-14 17:00:00,0.0008726279167950966,0.09749617917769504,0.32889674578713163,-2138069.758956238
2025-12-14 18:00:00,4.1289889804145974e-19,0.1021411838299544,0.3289432406527067,-2130158.202745417
2025-12-14 19:00:00,0.0,0.09221114629105333,0.32898985438771267,-2192447.7204452055
2025-12-14 20:00:00,0.0,0.07918659511511439,0.32903658696816873,-2285209.599612883
2025-12-14 21:00:00,0.0,0.09606795405112721,0.32908343837003284,-2211649.2506481335
2025-12-14 22:00:00,0.0,0.08540561593767175,0.32913040856920184,-2342401.9167777295
2025-12-14 23:00:00,0.0,0.10458217104780594,0.3291774975415114,-2415923.2256699847
2025-12-15 00:00:00,0.0,0.07769800262862647,0.32922470526273606,-2331485.516858995
2025-12-15 01:00:00,0.0,0.11273083846168225,0.32927203170858943,-2303595.422961025
2025-12-15 02:00:00,0.0,0.07914099026730721,0.329319476854724,-2185178.71753602
2025-12-15 03:00:00,0.0,0.11258498551071049,0.32936704067673106,-2348698.6577444756
2025-12-15 04:00:00,0.0,0.10247127256213895,0.32941472315014103,-2165856.294262012
2025-12-15 05:00:00,0.0,0.11106055689824122,0.32946252425042316,-2365025.941642182
2025-12-15 06:00:00,0.0,0.0893956622609247,0.32951044395298557,-2332057.478985374
2025-12-15 07:00:00,0.0006334193534956981,0.11252076504300637,0.32955848223317563,-2230130.4087617714
2025-12-15 08:00:00,0.001223672224825639,0.10693022725636772,0.32960663906627957,-2064346.037600638
2025-12-15 09:00:00,0.001730533856247678,0.08248668385395486,0.32965491442752254,-2166601.1064202604
2025-12-15 10:00:00,0.002119462465208853,0.09277660104410537,0.32970330829206884,-2147485.1584824277
2025-12-15 11:00:00,0.0023639532097433765,0.11080681800199517,0.3297518206350219,-1898904.446335017
2025-12-15 12:00:00,0.0024473444496512786,0.07275688099766402,0.3298004514314239,-2048331.666358314
2025-12-15 13:00:00,0.0023639532097433765,0.09807258825128037,0.32984920065625634,-1924621.7196718326
2025-12-15 14:00:00,0.0021194624652088536,0.0747313132874663,0.3298980682844396,-2089163.5741702039
2025-12-15 15:00:00,0.0017305338562476783,0.09757783834158586,0.3299470542908334,-2126188.009133477
2025-12-15 16:00:00,0.001223672224825639,0.10548831886915766,0.32999615865023624,-2060112.8801121498
2025-12-15 17:00:00,0.0006334193534956987,0.11149204613673006,0.33004538133738603,-2086086.807555137
2025-12-15 18:00:00,2.997132546676479e-19,0.0892477799504555,0.3300947223269596,-2076587.1828879856
2025-12-15 19:00:00,0.0,0.08224176491802401,0.33014418159357295,-2219940.9027101775
2025-12-15 20:00:00,0.0,0.07698560119203661,0.3301937591117814,-2253851.214183328
2025-12-15 21:00:00,0.0,0.07309716974958176,0.33024345485607914,-2268237.2616191544
2025-12-15 22:00:00,0.0,0.11507743242430082,0.33029326880089993,-2338972.1066082777
2025-12-15 23:00:00,0.0,0.09258507912133096,0.33034320092061625,-2287582.152724831
2025-12-16 00:00:00,0.0,0.08655733538615266,0.3303932511895402,-2370535.448323919
2025-12-16 01:00:00,0.0,0.08895474613693237,0.3304434195819229,-2411672.5504730563
2025-12-16 02:00:00,0.0,0.08920168351424193,0.33049370607195466,-2308539.198120242
2025-12-16 03:00:00,0.0,0.08571745811396393,0.3305441106337652,-2383695.265474891
2025-12-16 04:00:00,0.0,0.11223573780045373,0.33059463324142324,-2220874.4047133527
2025-12-16 05:00:00,0.0,0.08719789976519461,0.330645273868937,-2147518.2498695934
2025-12-16 06:00:00,0.0,0.1055171163554636,0.330696032490254,-2062006.513395539
2025-12-16 07:00:00,0.00043236992878970795,0.1049383538942787,0.3307469090792608,-2181998.024653961
2025-12-16 08:00:00,0.0008352745614574885,0.08082078091847567,0.3307979036097836,-2218061.7253799187
2025-12-16 09:00:00,0.0011812566131184194,0.10345552376127823,0.3308490160555877,-2226509.066814873
2025-12-16 10:00:00,0.0014467379787141829,0.1033802658536517,0.33090024639037774,-2116506.5689436328
2025-12-16 11:00:00,0.0016136265419081277,0.10051317020864609,0.3309515945877978,-2134717.751533245
2025-12-16 12:00:00,0.0016705491229149771,0.11765907920025612,0.3310030606214313,-2060543.2616045836
2025-12-16 13:00:00,0.0016136265419081277,0.10643136015070803,0.3310546444648011,-2112011.4354005144
2025-12-16 14:00:00,0.001446737978714183,0.07490591191318982,0.33110634609136924,-2028623.7828500997
2025-12-16 15:00:00,0.0011812566131184196,0.11034883009664005,0.3311581654745374,-2064645.5653645452
2025-12-16 16:00:00,0.0008352745614574885,0.07968422954677623,0.3312101025876466,-2052260.218831096
2025-12-16 17:00:00,0.0004323699287897084,0.10128642665312063,0.33126215740397724,-1987244.890289647
2025-12-16 18:00:00,2.0458326361962452e-19,0.0895741595580726,0.3313143298967492,-2206680.138564437
2025-12-16 19:00:00,0.0,0.08743380023675856,0.3313666200391219,-2149334.3330967245
2025-12-16 20:00:00,0.0,0.10657470384134196,0.331419027804194,-2217846.700337059
2025-12-16 21:00:00,0.0,0.08367231720649226,0.33147155316500404,-2268423.6058426667
2025-12-16 22:00:00,0.0,0.11193324168097263,0.33152419609452966,-2187296.0708483625
2025-12-16 23:00:00,0.0,0.08432868222298615,0.3315769565656881,-2291213.6641228385
2025-12-17 00:00:00,0.0,0.10602080488701796,0.3316298345513365,-2200579.8835606747
2025-12-17 01:00:00,0.0,0.0785079001818872,0.33168283002427096,-2375712.7787794922
2025-12-17 02:00:00,0.0,0.11456883475999974,0.3317359429572277,-2370664.899904095
2025-12-17 03:00:00,0.0,0.09978477233494332,0.3317891733228821,-2257413.4582660333
2025-12-17 04:00:00,0.0,0.11123917711456183,0.33184252109384926,-2273382.6819891175
2025-12-17 05:00:00,0.0,0.09221249399547342,0.33189598624268396,-2373802.4008874996
2025-12-17 06:00:00,0.0,0.07731389798961713,0.33194956874188053,-2216283.837180132
2025-12-17 07:00:00,0.00026953921796067935,0.11648311765064212,0.3320032685638728,-2045056.9810943103
2025-12-17 08:00:00,0.0005207097836519569,0.11828413121728121,0.3320570856810345,-2167582.9826701987
2025-12-17 09:00:00,0.0007363948381009576,0.0891247897761307,0.33211102006567883,-2031457.5783439549
2025-12-17 10:00:00,0.0009018958012833874,0.08280245904797195,0.33216507169005866,-2126792.3305042353
2025-12-17 11:00:00,0.001005934056061637,0.09325768675973682,0.3322192405263667,-2104710.2352670976
2025-12-17 12:00:00,0.001041419567303914,0.1090859531452118,0.33227352654673525,-1966023.5819955196
2025-12-17 13:00:00,0.001005934056061637,0.08124481171417341,0.3323279297232363,-1930693.0427284774
2025-12-17 14:00:00,0.0009018958012833875,0.09697208216135886,0.3323824500278816,-2028583.6472018443
2025-12-17 15:00:00,0.0007363948381009577,0.10378360546696051,0.3324370874326226,-2108671.966443802
2025-12-17 16:00:00,0.0005207097836519569,0.10065846264241118,0.3324918419093506,-2058637.656794067
2025-12-17 17:00:00,0.0002695392179606796,0.0858381881810953,0.33254671342989667,-2105045.6435335563
2025-12-17 18:00:00,1.2753711396681597e-19,0.1051144116378715,0.33260170196603145,-2148208.0581547115
2025-12-17 19:00:00,0.0,0.07623778054719492,0.33265680748946563,-2170329.4951322516
2025-12-17 20:00:00,0.0,0.09032994859723945,0.33271202997184973,-2221774.015127031
2025-12-17 21:00:00,0.0,0.11549691014213258,0.33276736938477386,-2277146.969679844
2025-12-17 22:00:00,0.0,0.09085125031147531,0.3328228256997682,-2264671.0560618434
2025-12-17 23:00:00,0.0,0.12126985475012012,0.3328783988883026,-2180983.4898739867
2025-12-18 00:00:00,0.0,0.10474988967345529,0.33293408892178705,-2207099.740693464
2025-12-18 01:00:00,0.0,0.08206028521840344,0.33298989577157107,-2411426.1333155027
2025-12-18 02:00:00,0.0,0.09795796761636244,0.3330458194089444,-2300766.943515045
2025-12-18 03:00:00,0.0,0.1195527237769152,0.3331018598051365,-2274057.6245807894
2025-12-18 04:00:00,0.0,0.11744735178448383,0.3331580169313169,-2189829.6534594293
2025-12-18 05:00:00,0.0,0.09349536411141428,0.333214290758595,-2171088.501911713
2025-12-18 06:00:00,0.0,0.0864351270795191,0.3332706812580201,-2196264.5187171977
2025-12-18 07:00:00,0.00014497547126242984,0.09929717781674109,0.3333271884005817,-2091349.270209722
2025-12-18 08:00:00,0.0002800711037416192,0.0808105538690844,0.333383812157209,-2051538.2756888866
2025-12-18 09:00:00,0.0003960803533402,0.10718338665271054,0.33344055249877147,-1988803.042706797
2025-12-18 10:00:00,0.0004850973814123784,0.1199283616669247,0.33349740939607836,-1981178.0362450897
2025-12-18 11:00:00,0.0005410558246026299,0.1074418789330057,0.33355438281987915,-1990949.8525316573
2025-12-18 12:00:00,0.0005601422074832385,0.10743201348718545,0.33361147274086334,-2139106.809023391
2025-12-18 13:00:00,0.0005410558246026299,0.11030764370894452,0.3336686791296603,-2094068.3202825298
2025-12-18 14:00:00,0.0004850973814123785,0.10837217062119518,0.33372600195683977,-2033124.094273729
2025-12-18 15:00:00,0.0003960803533402001,0.10759956979338935,0.3337834411929114,-2006512.1937767435
2025-12-18 16:00:00,0.0002800711037416192,0.09080694775228045,0.3338409968083251,-2012895.9836373932
2025-12-18 17:00:00,0.00014497547126243,0.08334583804691019,0.3338986687734707,-2050968.261201934
2025-12-18 18:00:00,6.859763614616806e-20,0.11764888735538548,0.3339564570586783,-2038358.7934174356
2025-12-18 19:00:00,0.0,0.09692029179566182,0.33401436163421827,-2133191.9535348327
2025-12-18 20:00:00,0.0,0.08321622546882013,0.3340723824703009,-2216340.9403172373
2025-12-18 21:00:00,0.0,0.09936598252495382,0.33413051953707684,-2231012.3110347637
2025-12-18 22:00:00,0.0,0.11674919310282939,0.3341887728046369,-2306542.659236981
2025-12-18 23:00:00,0.0,0.09426103185303886,0.3342471422430121,-2362829.254228176
2025-12-19 00:00:00,0.0,0.08581823438098224,0.33430562782217366,-2339921.488039664
2025-12-19 01:00:00,0.0,0.08333960025185429,0.33436422951203326,-2283493.30952675
2025-12-19 02:00:00,0.0,0.08350179306681688,0.3344229472824425,-2394586.302286572
2025-12-19 03:00:00,0.0,0.09000734857559234,0.33448178110319354,-2465560.739084356
2025-12-19 04:00:00,0.0,0.11631776889313483,0.3345407309440187,-2580599.8700202424
2025-12-19 05:00:00,0.0,0.07836877677081824,0.3345997967745907,-2177140.3197870427
2025-12-19 06:00:00,0.0,0.10827691948776388,0.33465897856452254,-2310485.0385531895
2025-12-19 07:00:00,5.871559962137895e-05,0.12083454210708011,0.33471827628336753,-2105997.8263172368
2025-12-19 08:00:00,0.00011342982816067714,0.0940189075255351,0.33477768990061935,-2386432.995598904
2025-12-19 09:00:00,0.00016041400136247922,0.10399469254238128,0.3348372193857121,-2056574.6484671775
2025-12-19 10:00:00,0.00019646622546809982,0.08146453254346436,0.33489686470802027,-2059595.258056037
2025-12-19 11:00:00,0.0002191296009838582,0.08284986517918977,0.3349566258368587,-2193773.600901723
2025-12-19 12:00:00,0.0002268596563213543,0.08394220730731336,0.3350165027414827,-2025289.6343131561
2025-12-19 13:00:00,0.0002191296009838582,0.10375654126973283,0.3350764953910881,-2046829.6828339465
2025-12-19 14:00:00,0.00019646622546809985,0.12560148222010306,0.3351366037548109,-1981612.146380858
2025-12-19 15:00:00,0.00016041400136247925,0.08373454988712843,0.33519682780172794,-2056501.5349387345
2025-12-19 16:00:00,0.00011342982816067714,0.12301548206844733,0.3352571675008563,-2076680.8786675236
2025-12-19 17:00:00,5.8715599621379014e-05,0.11810418363881368,0.33531762282115357,-2139951.6475170734
2025-12-19 18:00:00,2.7782295196961514e-20,0.07941561398087187,0.33537819373151795,-2160612.3256130964
2025-12-19 19:00:00,0.0,0.0878665454240105,0.3354388802007881,-2210633.795829086
2025-12-19 20:00:00,0.0,0.12146368674839872,0.3354996821977434,-2225803.729548856
2025-12-19 21:00:00,0.0,0.08599137198619732,0.3355605996911035,-2296649.756692036
2025-12-19 22:00:00,0.0,0.11943573803859611,0.33562163264952893,-2196927.5876675174
2025-12-19 23:00:00,0.0,0.12613103709117632,0.33568278104162064,-2269644.8850360066
2025-12-20 00:00:00,0.0,0.09053213024923051,0.33574404483592013,-2236977.2396196793
2025-12-20 01:00:00,0.0,0.10063138316008009,0.3358054240009098,-2368861.600779712
2025-12-20 02:00:00,0.0,0.0967603634798429,0.3358669185050124,-2416512.110585987
2025-12-20 03:00:00,0.0,0.1267104241467375,0.33592852831659153,-2335096.005211691
2025-12-20 04:00:00,0.0,0.10514235672368044,0.3359902534039514,-2329231.820004697
2025-12-20 05:00:00,0.0,0.0920243666402902,0.33605209373533695,-2269117.8786288756
2025-12-20 06:00:00,0.0,0.09131822742967183,0.33611404927893385,-2254154.9510565954
2025-12-20 07:00:00,1.078516369914956e-05,0.10955907157882208,0.33617612000286834,-2256093.4529207028
2025-12-20 08:00:00,2.0835336315527805e-05,0.09112830553457525,0.3362383058752076,-2257026.8571174014
2025-12-20 09:00:00,2.9465615194024097e-05,0.08041283418144814,0.3363006068639595,-2022860.8015922427
2025-12-20 10:00:00,3.608786109127909e-05,0.08166060346594567,0.33636302293707265,-2061879.1154924785
2025-12-20 11:00:00,4.025077889317366e-05,0.0952934412411803,0.33642555406243657,-2057969.9398421142
2025-12-20 12:00:00,4.1670672631055616e-05,0.09812107406564372,0.3364882002078815,-2018830.1558877584
2025-12-20 13:00:00,4.025077889317366e-05,0.08943750721872049,0.33655096134117835,-2041383.2896033616
2025-12-20 14:00:00,3.60878610912791e-05,0.11164411863552795,0.33661383743003914,-2005688.4001386838
2025-12-20 15:00:00,2.94656151940241e-05,0.09537147818836998,0.33667682844211666,-1991758.533390068
2025-12-20 16:00:00,2.0835336315527805e-05,0.12549568716615433,0.33673993434500454,-2167196.793840893
2025-12-20 17:00:00,1.0785163699149572e-05,0.11810812060576728,0.3368031551062374,-2141897.256703452
2025-12-20 18:00:00,5.1031855855939474e-21,0.10183555135383689,0.33686649069329055,-2160261.177093577
2025-12-20 19:00:00,0.0,0.08134490263917783,0.33692994107358043,-2146374.5250128815
2025-12-20 20:00:00,0.0,0.12390386098173678,0.33699350621446444,-2322380.79677155
2025-12-20 21:00:00,0.0,0.12408073120047587,0.3370571860832408,-2322728.531795413
2025-12-20 22:00:00,0.0,0.08273889902339535,0.3371209806471488,-2162247.9899213356
2025-12-20 23:00:00,0.0,0.10140838667226958,0.33718488987336864,-2190066.4662868464
2025-12-21 00:00:00,0.0,0.09954553141435592,0.33724891372902155,-2253935.9509397172
2025-12-21 01:00:00,0.0,0.11690980117223473,0.33731305218117,-2353209.5051823948
2025-12-21 02:00:00,0.0,0.10340396490071467,0.33737730519681725,-2381001.430226518
2025-12-21 03:00:00,0.0,0.11764924976322971,0.33744167274290765,-2294613.549934401
2025-12-21 04:00:00,0.0,0.08794719187403494,0.33750615478632673,-2341380.52772882
2025-12-21 05:00:00,0.0,0.0877866125994114,0.337570751293901,-2052318.1182237845
2025-12-21 06:00:00,0.0,0.09813985938473262,0.33763546223239826,-2137045.1730178716
2025-12-21 07:00:00,1.1983663183344798e-06,0.1303234797038979,0.3377002875685273,-2086285.6685299387
2025-12-21 08:00:00,2.315065952468442e-06,0.11452621943757064,0.337765227268938,-2065833.3279338973
2025-12-21 09:00:00,3.273997667769058e-06,0.11377251991129678,0.33783028130022147,-2287637.110894259
2025-12-21 10:00:00,4.009811852548178e-06,0.12417996521087948,0.33789544962891016,-2036318.6124089933
2025-12-21 11:00:00,4.472363986103539e-06,0.1252418754326024,0.3379607322214775,-2047735.970563748
2025-12-21 12:00:00,4.630131904936885e-06,0.1159499238878498,0.33802612904433826,-2169797.059541098
2025-12-21 13:00:00,4.472363986103539e-06,0.10562907689706176,0.33809164006384834,-2061311.8167287686
2025-12-21 14:00:00,4.009811852548178e-06,0.0878325837290245,0.338157265246305,-2177744.546610081
2025-12-21 15:00:00,3.2739976677690585e-06,0.09496799345740511,0.33822300455794674,-1989638.2031752057
2025-12-21 16:00:00,2.315065952468442e-06,0.10613739533554055,0.3382888579649532,-2147339.2873942885
2025-12-21 17:00:00,1.1983663183344813e-06,0.12268976844593493,0.33835482543344564,-2152741.5961260856
2025-12-21 18:00:00,5.670276217010993e-22,0.13042323213582008,0.33842090692948623,-2192136.1352222795
2025-12-21 19:00:00,0.0,0.08278678415254885,0.33848710241907887,-2141783.4951673015
2025-12-21 20:00:00,0.0,0.12243937971871466,0.33855341186816834,-2053242.995849651
2025-12-21 21:00:00,0.0,0.11453016836663883,0.3386198352426415,-2314355.8972511035
2025-12-21 22:00:00,0.0,0.1309439587961225,0.338686372508326,-2381423.720755223
2025-12-21 23:00:00,0.0,0.1303894629794976,0.338753023630991,-2292475.397058781
2025-12-22 00:00:00,0.0,0.09267958820339205,0.3388197885763473,-2397932.0070051597
2025-12-22 01:00:00,0.0,0.09805024760390835,0.338886667310047,-2538240.8116476084
2025-12-22 02:00:00,0.0,0.12478217154153746,0.3389536597976836,-2335082.4254943794
2025-12-22 03:00:00,0.0,0.09792723636680799,0.3390207660047922,-2316045.4388127094
2025-12-22 04:00:00,0.0,0.08835059660970641,0.3390879858968494,-2259651.1383516104
2025-12-22 05:00:00,0.0,0.13236772439771674,0.3391553194392731,-2206844.6704171263
2025-12-22 06:00:00,0.0,0.12113187213466348,0.339222766597423,-2217026.93712888
2025-12-22 07:00:00,2.9958048253885002e-05,0.12229464382327056,0.33929032733660036,-2260484.010921877
2025-12-22 08:00:00,5.78745050272833e-05,0.0881140198964329,0.3393580016220477,-2224705.063497643
2025-12-22 09:00:00,8.184690992521391e-05,0.09881754980122391,0.3394257894189494,-2209375.7405448323
2025-12-22 10:00:00,0.0001002415831701551,0.09350597782910074,0.3394936906924314,-2114571.715893098
2025-12-22 11:00:00,0.00011180495817909893,0.10647365441304919,0.3395617054075612,-2099951.651347118
2025-12-22 12:00:00,0.00011574901005456661,0.10842444840089366,0.33962983352934784,-2097530.8323673005
2025-12-22 13:00:00,0.00011180495817909893,0.12256772840440695,0.3396980750227422,-2093619.8669058033
2025-12-22 14:00:00,0.0001002415831701551,0.09325545387986972,0.33976642985263683,-1944774.0762878987
2025-12-22 15:00:00,8.184690992521393e-05,0.11384911665194129,0.3398348979838659,-1971412.849683871
2025-12-22 16:00:00,5.78745050272833e-05,0.12170706670500685,0.33990347938120524,-2095215.7872936402
2025-12-22 17:00:00,2.9958048253885036e-05,0.11792561893851775,0.3399721740093726,-2086106.0554874078
2025-12-22 18:00:00,1.417516546677998e-20,0.10434406590072864,0.34004098183302717,-2120148.981733172
2025-12-22 19:00:00,0.0,0.11620263499755945,0.3401099028167702,-2137009.159269594
2025-12-22 20:00:00,0.0,0.11477202962053978,0.34017893692514467,-2178386.603434288
2025-12-22 21:00:00,0.0,0.11983052099257752,0.3402480841226352,-2153249.5890443274
2025-12-22 22:00:00,0.0,0.09098488482066391,0.34031734437366834,-2323025.4812284354
2025-12-22 23:00:00,0.0,0.08464578589194537,0.34038671764261247,-2359248.6081925966
2025-12-23 00:00:00,0.0,0.0986801924559722,0.34045620389377784,-2336957.00839355
2025-12-23 01:00:00,0.0,0.11904236815125442,0.3405258030914165,-2312966.701464644
2025-12-23 02:00:00,0.0,0.09857631174257336,0.3405955151997226,-2426388.2391655017
2025-12-23 03:00:00,0.0,0.11673172274184629,0.34066534018283195,-2435047.3354450744
2025-12-23 04:00:00,0.0,0.0861691268481109,0.34073527800482245,-2379210.1832499155
2025-12-23 05:00:00,0.0,0.13244225325548317,0.34080532862971386,-2349057.307081691
2025-12-23 06:00:00,0.0,0.10312179159292488,0.34087549202146794,-2199964.568835004
2025-12-23 07:00:00,9.705568739137136e-05,0.11727637757982433,0.34094576814398847,-2310525.8717207164
2025-12-23 08:00:00,0.00018749719007912777,0.12697356521852932,0.3410161569611212,-2134060.646923857
2025-12-23 09:00:00,0.00026516106911674865,0.11776298579153388,0.3410866584366538,-2079270.316560907
2025-12-23 10:00:00,0.0003247546594934486,0.13055386890538734,0.3411572725343163,-2064192.7586694227
2025-12-23 11:00:00,0.00036221675650812004,0.10317646782206036,0.34122799921778046,-2087656.1482068824
2025-12-23 12:00:00,0.0003749943801582556,0.10696670206625405,0.3412988384506602,-2035403.2868135963
2025-12-23 13:00:00,0.00036221675650812004,0.10184031660985758,0.3413697901965117,-2049818.002114179
2025-12-23 14:00:00,0.00032475465949344864,0.1281805156258196,0.341440854418833,-2031631.3943223571
2025-12-23 15:00:00,0.00026516106911674865,0.12047260852679838,0.34151203108106454,-2094693.5760213763
2025-12-23 16:00:00,0.00018749719007912777,0.12089378382317646,0.34158332014658854,-1994054.78476262
2025-12-23 17:00:00,9.705568739137147e-05,0.12925128540432815,0.34165472157873,-2145405.12482732
2025-12-23 18:00:00,4.592356673590535e-20,0.10462484472927039,0.34172623534075547,-2175046.225164858
2025-12-23 19:00:00,0.0,0.12367455180254872,0.3417978613958741,-2097668.685263065
2025-12-23 20:00:00,0.0,0.1032454252532604,0.341869599707237,-2329633.545800851
2025-12-23 21:00:00,0.0,0.10051386863609557,0.34194145023793804,-2297054.117782565
2025-12-23 22:00:00,0.0,0.13034421823429862,0.3420134129510127,-2254142.245059099
2025-12-23 23:00:00,0.0,0.09397470938782143,0.3420854878094391,-2235580.555176748
2025-12-24 00:00:00,0.0,0.13534306476536376,0.34215767477613773,-2411177.0075406497
2025-12-24 01:00:00,0.0,0.09452146053902456,0.34222997381397113,-2387080.843479231
2025-12-24 02:00:00,0.0,0.09607840828439056,0.34230238488574455,-2347494.0730826785
2025-12-24 03:00:00,0.0,0.09223810600114561,0.3423749079542052,-2232012.993242014
2025-12-24 04:00:00,0.0,0.13456724264402203,0.34244754298204305,-2162032.110317502
2025-12-24 05:00:00,0.0,0.0866573467134562,0.34252028993189004,-2454037.7603789377
2025-12-24 06:00:00,0.0,0.10710459642751975,0.342593148766321,-2298107.0058789486
2025-12-24 07:00:00,0.00020247140125223006,0.10422485181045385,0.34266611944785297,-2137259.9601719715
2025-12-24 08:00:00,0.0003911447111089316,0.09798486490050946,0.34273920193894547,-2252440.640275424
2025-12-24 09:00:00,0.0005531621553007573,0.13699427220595836,0.3428123962020004,-2133781.089246149
2025-12-24 10:00:00,0.0006774825127525203,0.09442344246033853,0.34288570219936226,-2255253.073930451
2025-12-24 11:00:00,0.0007556335565529875,0.1368052840688651,0.34295911989331807,-2028397.3630234213
2025-12-24 12:00:00,0.0007822894222178634,0.10219577534040747,0.34303264924609744,-1988245.665209012
2025-12-24 13:00:00,0.0007556335565529875,0.11441689845055412,0.3431062902198724,-2075457.9559028598
2025-12-24 14:00:00,0.0006774825127525203,0.10144065003169299,0.3431800427767575,-2042808.2866460872
2025-12-24 15:00:00,0.0005531621553007574,0.1263558640042065,0.3432539068788103,-2210376.110461578
2025-12-24 16:00:00,0.0003911447111089316,0.12730541907537168,0.3433278824880305,-2078080.9710058225
2025-12-24 17:00:00,0.00020247140125223027,0.10080838288686547,0.34340196956636065,-2181008.9104901995
2025-12-24 18:00:00,9.580282369259387e-20,0.09436536959991161,0.34347616807568593,-2297646.8427693713
2025-12-24 19:00:00,0.0,0.09004282420391559,0.34355047797783406,-2277397.469623299
2025-12-24 20:00:00,0.0,0.09072566894647882,0.34362489923457584,-2274036.663581706
2025-12-24 21:00:00,0.0,0.13081886316151062,0.3436994318076243,-2301870.736833816
2025-12-24 22:00:00,0.0,0.09201756291659957,0.3437740756586356,-2373685.691364677
2025-12-24 23:00:00,0.0,0.13622689319797937,0.34384883074920825,-2404540.5881434917
2025-12-25 00:00:00,0.0,0.128329512368937,0.34392369704088394,-2194389.0125127146
2025-12-25 01:00:00,0.0,0.11679921117429343,0.34399867449514676,-2313911.5428791856
2025-12-25 02:00:00,0.0,0.09182549779618211,0.3440737630734241,-2187519.3046331075
2025-12-25 03:00:00,0.0,0.11017053198633767,0.34414896273708573,-2300105.889894528
2025-12-25 04:00:00,0.0,0.11291424835646313,0.3442242734474445,-2323749.7357565463
2025-12-25 05:00:00,0.0,0.13191626016212954,0.34429969516575604,-2131203.852934543
2025-12-25 06:00:00,0.0,0.11816816463327624,0.34437522785321883,-2222122.6447670837
2025-12-25 07:00:00,0.00034617395288536596,0.13974338555375285,0.3444508714709745,-2238843.746233921
2025-12-25 08:00:00,0.0006687567229611001,0.11440752156277334,0.3445266259801073,-2020904.304728327
2025-12-25 09:00:00,0.0009457648275397744,0.10296491627357268,0.3446024913416446,-2068580.049217628
2025-12-25 10:00:00,0.0011583206220718895,0.09667882237774965,0.34467846751655673,-2048537.190289565
2025-12-25 11:00:00,0.0012919387804251406,0.12995010938862914,0.34475455446575703,-2032874.9077492212
2025-12-25 12:00:00,0.0013375134459222005,0.1210234970691237,0.34483075215010184,-1949688.2339628348
2025-12-25 13:00:00,0.0012919387804251406,0.10536982095523006,0.34490706053039044,-2052912.9305355563
2025-12-25 14:00:00,0.0011583206220718897,0.13610171463480755,0.34498347956736525,-2168786.914904847
2025-12-25 15:00:00,0.0009457648275397746,0.1171550468608555,0.34506000922171176,-2211906.629341503
2025-12-25 16:00:00,0.0006687567229611001,0.10114981229190989,0.3451366494540585,-2004794.9965503258
2025-12-25 17:00:00,0.0003461739528853663,0.11971296800116348,0.34521340022497715,-2178793.716468891
2025-12-25 18:00:00,1.6379815603651693e-19,0.10591695955705663,0.34529026149498265,-2184367.859890366
2025-12-25 19:00:00,0.0,0.1277161372010649,0.3453672332245326,-2146222.911732366
2025-12-25 20:00:00,0.0,0.09651978722415494,0.34544431537402853,-2231680.183774222
2025-12-25 21:00:00,0.0,0.13429020554285773,0.3455215079038147,-2263930.0222012224
2025-12-25 22:00:00,0.0,0.10669483447119199,0.34559881077417837,-2266217.9451579317
2025-12-25 23:00:00,0.0,0.13544446226618476,0.34567622394535064,-2353055.285732851
2025-12-26 00:00:00,0.0,0.1224364901146027,0.3457537473775054,-2396186.567983069
2025-12-26 01:00:00,0.0,0.09165904251854418,0.34583138103076,-2399887.6462702425
2025-12-26 02:00:00,0.0,0.12827722522590557,0.34590912486517494,-2428368.5679083993
2025-12-26 03:00:00,0.0,0.09643456787835233,0.3459869788407543,-2453299.3926434857
2025-12-26 04:00:00,0.0,0.10475283335351754,0.34606494291744516,-2294578.615189361
2025-12-26 05:00:00,0.0,0.13264114758138099,0.3461430170551383,-2264027.8103556824
2025-12-26 06:00:00,0.0,0.12455189901615733,0.3462212012136674,-2198960.457017939
2025-12-26 07:00:00,0.0005281207601233991,0.10054165747997433,0.34629949535281024,-2193735.3440318336
2025-12-26 08:00:00,0.0010202509632052101,0.13683026478998703,0.3463778994322874,-2179429.58487249
2025-12-26 09:00:00,0.001442852749189022,0.09825960673237154,0.34645641341176325,-2067393.6482874828
2025-12-26 10:00:00,0.0017671265047425094,0.09607866050695654,0.3465350372508454,-2172972.181232403
2025-12-26 11:00:00,0.0019709735093124212,0.13201291704405824,0.3466137709090851,-2254786.919484529
2025-12-26 12:00:00,0.0020405019264104207,0.14373444440153493,0.346692614345977,-2107962.672582904
2025-12-26 13:00:00,0.0019709735093124212,0.14031781281526937,0.3467715675209593,-1976370.649682812
2025-12-26 14:00:00,0.0017671265047425097,0.13457468417304133,0.34685063039341374,-2107280.013636346
2025-12-26 15:00:00,0.0014428527491890221,0.13724896400063555,0.3469298029226657,-2046530.0363252088
2025-12-26 16:00:00,0.0010202509632052101,0.13169320234588652,0.3470090850679841,-2034402.2885592685
2025-12-26 17:00:00,0.0005281207601233997,0.09722719834012539,0.34708847678858146,-2059306.9341452355
2025-12-26 18:00:00,2.49889415283253e-19,0.11039040686439457,0.3471679780436139,-2231532.376163806
2025-12-26 19:00:00,0.0,0.14134576291558767,0.3472475887921812,-2279739.021214015
2025-12-26 20:00:00,0.0,0.1323438429567882,0.34732730899332687,-2273829.489264429
2025-12-26 21:00:00,0.0,0.09895599080001707,0.34740713860603806,-2362062.8754739263
2025-12-26 22:00:00,0.0,0.1301148282566841,0.3474870775892456,-2349883.4601993384
2025-12-26 23:00:00,0.0,0.10405491755313633,0.34756712590182404,-2339752.3242770755
2025-12-27 00:00:00,0.0,0.10430768954703738,0.34764728350259183,-2331262.0343628656
2025-12-27 01:00:00,0.0,0.1396439656847301,0.347727550350311,-2305219.7695932705
2025-12-27 02:00:00,0.0,0.11745920120431755,0.3478079264036877,-2528408.570186564
2025-12-27 03:00:00,0.0,0.10406337909551613,0.34788841162137146,-2407462.037646632
2025-12-27 04:00:00,0.0,0.11599762751950633,0.347969005961956,-2197596.2401228948
2025-12-27 05:00:00,0.0,0.10780353693451979,0.3480497093839786,-2276072.6237827325
2025-12-27 06:00:00,0.0,0.10381980974904131,0.3481305218459208,-2208182.0084116356
2025-12-27 07:00:00,0.0007482579082005975,0.13887303932712355,0.3482114433062077,-2316735.1179600996
2025-12-27 08:00:00,0.0014455232765119839,0.11943471446249204,0.3482924737232084,-2160903.747796092
2025-12-27 09:00:00,0.0020442786223692413,0.1150236080369814,0.3483736130552361,-2160409.072797356
2025-12-27 10:00:00,0.0025037197584421916,0.09573498330178068,0.3484548612605478,-2152775.5347681674
2025-12-27 11:00:00,0.0027925365305698393,0.10830434701932029,0.34853621829734466,-2185050.5703508635
2025-12-27 12:00:00,0.002891046553023968,0.12667013074943928,0.3486176841237717,-2046270.5699410369
2025-12-27 13:00:00,0.0027925365305698393,0.09833358865643685,0.348699258697918,-1918790.6114085421
2025-12-27 14:00:00,0.0025037197584421916,0.12461435084770961,0.3487809419778167,-2003396.5515337593
2025-12-27 15:00:00,0.0020442786223692417,0.11461295531230525,0.3488627339214452,-2115670.1443846514
2025-12-27 16:00:00,0.0014455232765119839,0.1348263176664398,0.3489446344867245,-2087231.6721703396
2025-12-27 17:00:00,0.0007482579082005984,0.14693457849416688,0.34902664363152036,-2024744.2333498728
2025-12-27 18:00:00,3.5405109073467915e-19,0.11062457713426897,0.34910876131364216,-2163067.7777243797
2025-12-27 19:00:00,0.0,0.13537259269793808,0.34919098749084365,-2323655.0944556114
2025-12-27 20:00:00,0.0,0.09833229714337072,0.34927332212082296,-2290663.4468694185
2025-12-27 21:00:00,0.0,0.1027768842148864,0.3493557651612221,-2259227.7983551184
2025-12-27 22:00:00,0.0,0.12159906526097748,0.3494383165696274,-2251723.0002855477
2025-12-27 23:00:00,0.0,0.12492370142785694,0.3495209763035696,-2355716.280006941
2025-12-28 00:00:00,0.0,0.13847081977784745,0.3496037443205234,-2391933.1528724423
2025-12-28 01:00:00,0.0,0.10526635912611511,0.3496866205779081,-2329846.032229202
2025-12-28 02:00:00,0.0,0.1038602915733543,0.3497696050330872,-2275126.861761491
2025-12-28 03:00:00,0.0,0.10183346760923905,0.34985269764336835,-2330799.184944201
2025-12-28 04:00:00,0.0,0.14123849232224667,0.349935898366004,-2294535.4662882322
2025-12-28 05:00:00,0.0,0.11095424276748833,0.35001920715819057,-2246858.087359729
2025-12-28 06:00:00,0.0,0.147540391785068,0.3501026239770689,-2324890.211169392
2025-12-28 07:00:00,0.0010065201657290606,0.09573691148028451,0.35018614877972476,-2187773.8229389
2025-12-28 08:00:00,0.0019444476455169055,0.12082581613193599,0.3502697815231877,-2147493.1653939444
2025-12-28 09:00:00,0.00274986423161444,0.13849364311659715,0.3503535221644321,-2141160.250386708
2025-12-28 10:00:00,0.0033678821146929582,0.13043036227875618,0.3504373706603768,-2021142.198299472
2025-12-28 11:00:00,0.003756384397343501,0.11041948785668199,0.350521326967885,-1881751.4045263424
2025-12-28 12:00:00,0.0038888952910338115,0.09835437848233376,0.35060539104376465,-2118179.5166137265
2025-12-28 13:00:00,0.003756384397343501,0.14387808530591883,0.3506895628447681,-2000154.3534232085
2025-12-28 14:00:00,0.0033678821146929587,0.09501211393308695,0.3507738423275924,-2130467.1085355314
2025-12-28 15:00:00,0.0027498642316144406,0.14085526566023818,0.35085822944887896,-2065523.1087063584
2025-12-28 16:00:00,0.0019444476455169055,0.09503910456717714,0.3509427241652143,-2144257.629094332
2025-12-28 17:00:00,0.0010065201657290617,0.1436732723832551,0.35102732643312906,-2081386.906034917
2025-12-28 18:00:00,4.762523170383772e-19,0.1157824454972126,0.3511120362090988,-2333652.239891962
2025-12-28 19:00:00,0.0,0.11080536497072502,0.35119685344954377,-2121722.0277771824
2025-12-28 20:00:00,0.0,0.13489208106587408,0.35128177811082895,-2237896.291140571
2025-12-28 21:00:00,0.0,0.13307790327500033,0.3513668101492639,-2295603.7498571756
2025-12-28 22:00:00,0.0,0.1322974743158814,0.3514519495211031,-2256320.857511966
2025-12-28 23:00:00,0.0,0.11060311571292758,0.35153719618254575,-2356495.962367374
2025-12-29 00:00:00,0.0,0.1472591555804683,0.3516225500897358,-2341665.9127090974
2025-12-29 01:00:00,0.0,0.1412351328305113,0.35170801119876227,-2333695.494253446
2025-12-29 02:00:00,0.0,0.11098570308874918,0.35179357946565876,-2391348.265660987
2025-12-29 03:00:00,0.0,0.11317585495750125,0.35187925484640376,-2315316.9920654683
2025-12-29 04:00:00,0.0,0.14129151399674594,0.35196503729692075,-2410902.293576515
2025-12-29 05:00:00,0.0,0.10827774502948283,0.3520509267730782,-2301104.643464261
2025-12-29 06:00:00,0.0,0.13383470369702355,0.35213692323068924,-2111662.826730096
2025-12-29 07:00:00,0.0013028310040281118,0.09926344724562801,0.3522230266255123,-2279156.9211614975
2025-12-29 08:00:00,0.0025168762281617403,0.14561704313251064,0.3523092369132506,-2113282.5829617023
2025-12-29 09:00:00,0.0035594004966807737,0.11202085591874318,0.3523955540495524,-2170867.278219901
2025-12-29 10:00:00,0.004359357503538453,0.10544762337624797,0.352481977990011,-2053972.6167923755
2025-12-29 11:00:00,0.004862231500708886,0.12693610582044978,0.35256850869016465,-2021196.897699276
2025-12-29 12:00:00,0.0050337524563234815,0.13743672529736078,0.35265514610549703,-2084422.7834147625
2025-12-29 13:00:00,0.004862231500708886,0.14837942398019488,0.3527418901914365,-2075875.744845702
2025-12-29 14:00:00,0.0043593575035384535,0.14655929972466963,0.3528287409033566,-2010574.9958458892
2025-12-29 15:00:00,0.0035594004966807745,0.13547057873867616,0.3529156981965763,-2105992.3904580455
2025-12-29 16:00:00,0.0025168762281617403,0.10769142893208677,0.35300276202635955,-1969010.4922846383
2025-12-29 17:00:00,0.001302831004028113,0.11171055886782243,0.3530899323479154,-2081460.8535694734
2025-12-29 18:00:00,6.164568833336679e-19,0.14340536083386443,0.35317720911639827,-2160355.0896047293
2025-12-29 19:00:00,0.0,0.1313751417473205,0.3532645922869078,-2268759.728250272
2025-12-29 20:00:00,0.0,0.11585543514165147,0.35335208181448874,-2245908.259379218
2025-12-29 21:00:00,0.0,0.09734623303641468,0.35343967765413137,-2297553.0842184043
2025-12-29 22:00:00,0.0,0.14390143075465672,0.35352737976077114,-2188942.3041200014
2025-12-29 23:00:00,0.0,0.13262934339205676,0.35361518808928877,-2331255.5933864582
2025-12-30 00:00:00,0.0,0.12795894304042016,0.35370310259451043,-2384307.6385262124
2025-12-30 01:00:00,0.0,0.13325453794386158,0.35379112323120765,-2312681.3655746495
2025-12-30 02:00:00,0.0,0.10447200619845176,0.35387924995409725,-2455838.7009036425
2025-12-30 03:00:00,0.0,0.10337551873016489,0.3539674827178417,-2254184.864225128
2025-12-30 04:00:00,0.0,0.12338277029167039,0.35405582147704867,-2206116.1255795215
2025-12-30 05:00:00,0.0,0.1069677251747948,0.35414426618627143,-2349614.3160660286
2025-12-30 06:00:00,0.0,0.11076171243317041,0.35423281680000884,-2135737.855061852
2025-12-30 07:00:00,0.0016371026198014399,0.15462385286654456,0.354321473272705,-2220089.601643637
2025-12-30 08:00:00,0.0031626394015034083,0.09821919421394038,0.3544102355587498,-2218930.4320419594
2025-12-30 09:00:00,0.004472647534501648,0.13122306100230938,0.35449910361247866,-2177675.5462975865
2025-12-30 10:00:00,0.005477852129423129,0.10493731704782927,0.35458807738817244,-2083127.5710083465
2025-12-30 11:00:00,0.006109750154303089,0.11143481506874431,0.3546771568400578,-2165774.667951537
2025-12-30 12:00:00,0.0063252788030068174,0.11297837851254998,0.3547663419223069,-2019573.142382092
2025-12-30 13:00:00,0.006109750154303089,0.13059682870074918,0.3548556325890375,-2117060.3766766046
2025-12-30 14:00:00,0.00547785212942313,0.14348721555886468,0.3549450287943132,-2100313.38848221
2025-12-30 15:00:00,0.004472647534501649,0.1151898802122145,0.3550345304921432,-2143789.2967843697
2025-12-30 16:00:00,0.0031626394015034083,0.13675181813524465,0.35512413763648254,-2091575.4554396363
2025-12-30 17:00:00,0.0016371026198014416,0.1344060010790083,0.3552138501812319,-2162414.378130837
2025-12-30 18:00:00,7.7462324398169e-19,0.1531816911144854,0.3553036680802379,-2209379.452770231
2025-12-30 19:00:00,0.0,0.1113300326527324,0.3553935912872926,-2123464.2953643156
2025-12-30 20:00:00,0.0,0.14087027057238263,0.3554836197561343,-2351464.1475005867
2025-12-30 21:00:00,0.0,0.15045487474125893,0.3555737534404469,-2231106.645613828
2025-12-30 22:00:00,0.0,0.12026731430529634,0.35566399229386025,-2339373.138930778
2025-12-30 23:00:00,0.0,0.12378005368708828,0.35575433626995,-2317224.3771006013
2025-12-31 00:00:00,0.0,0.15331923470807135,0.35584478532223784,-2360916.98193944
2025-12-31 01:00:00,0.0,0.1160617638611746,0.3559353394041915,-2482861.6073349267
2025-12-31 02:00:00,0.0,0.14760498339137,0.3560259984692244,-2294293.489976797
2025-12-31 03:00:00,0.0,0.15583950251647924,0.3561167624706961,-2469381.813068942
2025-12-31 04:00:00,0.0,0.1258204791908268,0.35620763136191225,-2308630.0576247536
2025-12-31 05:00:00,0.0,0.11015609346349359,0.3562986050961243,-2283965.498870474
2025-12-31 06:00:00,0.0,0.13755564648380456,0.3563896836265301,-2248864.9426253075
2025-12-31 07:00:00,0.002009235961155108,0.12010892194869048,0.35648086690627323,-2189251.7109752344
2025-12-31 08:00:00,0.003881545811976916,0.1529352609376036,0.3565721548884437,-2153795.396964446
2025-12-31 09:00:00,0.005489334730270242,0.0991088568100994,0.3566635475260772,-2146901.8997599226
2025-12-31 10:00:00,0.006723034558250211,0.13039404838924853,0.3567550447721563,-1958100.3782146305
2025-12-31 11:00:00,0.007498570691425351,0.12169124663900444,0.356846646579609,-2194428.882828723
2025-12-31 12:00:00,0.007763091623953833,0.12424583483609308,0.35693835290131015,-2067205.1592138603
2025-12-31 13:00:00,0.007498570691425351,0.11066099807027399,0.35703016369008034,-2052709.1882556174
2025-12-31 14:00:00,0.006723034558250212,0.11795128508633859,0.35712207889868663,-2090622.8863176242
2025-12-31 15:00:00,0.005489334730270243,0.10263675326931139,0.3572140984798424,-2033183.2723525544
2025-12-31 16:00:00,0.003881545811976916,0.1367766811683408,0.3573062223862072,-2099469.276327475
2025-12-31 17:00:00,0.00200923596115511,0.13219136830709835,0.357398450570387,-2133340.750669728
2025-12-31 18:00:00,9.507045308762689e-19,0.14521937523344217,0.3574907829849341,-2137881.14295351
2025-12-31 19:00:00,0.0,0.10117717922821867,0.35758321958234707,-2122240.4541128515
2025-12-31 20:00:00,0.0,0.12123344458985703,0.35767576031507103,-2293958.212572908
2025-12-31 21:00:00,0.0,0.1354575765584347,0.3577684051354977,-2272131.193091417
2025-12-31 22:00:00,0.0,0.15222615047507027,0.3578611539959648,-2385962.8211912583
2025-12-31 23:00:00,0.0,0.1156202295652121,0.35795400684875683,-2318417.69282552
