time,pv,wind,hydro,demand
2025-01-01 00:00:00,0.0,0.10343008619837346,0.3132910931903417,-806115.8670581024
2025-01-01 01:00:00,0.0,0.11119164728884903,0.3133725212976628,-777915.1949208794
2025-01-01 02:00:00,0.0,0.14986520615338958,0.31345404027273405,-814353.6207645586
2025-01-01 03:00:00,0.0,0.12774115763067198,0.3135356500736173,-798749.4781358361
2025-01-01 04:00:00,0.0,0.15102987275047297,0.31361735065832747,-773580.1876154314
2025-01-01 05:00:00,0.0,0.15408200165031485,0.31369914198483295,-766535.1010565569
2025-01-01 06:00:00,0.0,0.15119648103455952,0.31378102401105534,-725901.617231392
2025-01-01 07:00:00,0.0021772086812539455,0.14812596787547627,0.31386299669486967,-782862.1580100671
2025-01-01 08:00:00,0.004206044188887899,0.10689394949114789,0.31394505999410427,-710102.2841224581
2025-01-01 09:00:00,0.005948244735865812,0.1608507164157474,0.3140272138665408,-674190.4659832871
2025-01-01 10:00:00,0.007285082234033672,0.12176145594922472,0.3141094582699145,-711602.6416715536
2025-01-01 11:00:00,0.008125453417119758,0.1505522089826949,0.31419179316191387,-641086.1876642365
2025-01-01 12:00:00,0.0084120883777758,0.10969512705051364,0.3142742185001809,-743379.0642450674
2025-01-01 13:00:00,0.008125453417119758,0.14656873074131968,0.3143567342423111,-680071.0897926227
2025-01-01 14:00:00,0.007285082234033672,0.10425369648264855,0.31443934034585336,-659022.7683240693
2025-01-01 15:00:00,0.005948244735865813,0.10625106966658085,0.31452203676831025,-683344.6179548788
2025-01-01 16:00:00,0.004206044188887899,0.12512811070122287,0.31460482346713775,-706557.9070187694
2025-01-01 17:00:00,0.0021772086812539477,0.149128305601701,0.3146877003997453,-715301.6483272401
2025-01-01 18:00:00,1.0301837105987786e-18,0.1334983594537233,0.31477066752349625,-711243.3373383578
2025-01-01 19:00:00,0.0,0.10148873184766545,0.31485372479570717,-762711.3028420119
2025-01-01 20:00:00,0.0,0.10588208963067934,0.3149368721736486,-746353.5917066588
2025-01-01 21:00:00,0.0,0.1619243917908409,0.31502010961454435,-735848.9910794586
2025-01-01 22:00:00,0.0,0.12138777063787859,0.31510343707557226,-787263.8007933634
2025-01-01 23:00:00,0.0,0.15017272810198842,0.31518685451386363,-749607.0051088016
2025-01-02 00:00:00,0.0,0.16049054701761328,0.31527036188650354,-755779.6254346564
2025-01-02 01:00:00,0.0,0.15262193563342608,0.31535395915053077,-821384.2146116807
2025-01-02 02:00:00,0.0,0.12191628829164934,0.3154376462629379,-826832.7219900761
2025-01-02 03:00:00,0.0,0.15122003557157887,0.3155214231806713,-801318.1861522192
2025-01-02 04:00:00,0.0,0.14787160830685425,0.315605289860631,-767270.0171825205
2025-01-02 05:00:00,0.0,0.1506819247759984,0.31568924625967115,-760509.9199683901
2025-01-02 06:00:00,0.0,0.16324416859243768,0.31577329233459944,-701980.1732108477
2025-01-02 07:00:00,0.0025799719945243716,0.15017923438592923,0.3158574280421775,-716259.0876215482
2025-01-02 08:00:00,0.004984123161227218,0.14797127000687318,0.31594165333912094,-724898.0554305743
2025-01-02 09:00:00,0.0070486145711453965,0.15486853159171574,0.3160259681820992,-696036.9610835777
2025-01-02 10:00:00,0.00863275454642635,0.14498210910487758,0.3161103725277357,-687803.667698171
2025-01-02 11:00:00,0.00962858656566977,0.15704121147917485,0.31619486633260774,-675922.8331620441
2025-01-02 12:00:00,0.009968246322454438,0.10693738944450622,0.3162794495532467,-693172.751518524
2025-01-02 13:00:00,0.00962858656566977,0.1505472558857895,0.31636412214613796,-683958.1235344247
2025-01-02 14:00:00,0.008632754546426352,0.15470503725819879,0.31644888406772076,-705265.8770008811
2025-01-02 15:00:00,0.007048614571145398,0.1128164686557171,0.31653373527438855,-711634.3365673048
2025-01-02 16:00:00,0.004984123161227218,0.12099511576667066,0.31661867572248875,-730548.110620932
2025-01-02 17:00:00,0.0025799719945243742,0.12931726003512647,0.31670370536832293,-686583.0363995184
2025-01-02 18:00:00,1.2207580951906203e-18,0.12299192701861515,0.31678882416814674,-718372.5262906789
2025-01-02 19:00:00,0.0,0.13851350733239254,0.31687403207817,-784075.5508308039
2025-01-02 20:00:00,0.0,0.13894526008621194,0.31695932905455665,-730671.4259784039
2025-01-02 21:00:00,0.0,0.13452554880200415,0.31704471505342474,-757108.0745540705
2025-01-02 22:00:00,0.0,0.10988176662230138,0.3171301900308468,-705473.5021906551
2025-01-02 23:00:00,0.0,0.14274895234872162,0.3172157539428492,-766856.880430242
2025-01-03 00:00:00,0.0,0.14949619869392783,0.3173014067454128,-785081.8955867066
2025-01-03 01:00:00,0.0,0.12587228510380696,0.3173871483944726,-748731.3973922879
2025-01-03 02:00:00,0.0,0.11709929297110654,0.3174729788459181,-769698.2633478532
2025-01-03 03:00:00,0.0,0.12061745131537278,0.3175588980555929,-788671.8024979862
2025-01-03 04:00:00,0.0,0.13187747022638016,0.317644905979295,-768426.7207362868
2025-01-03 05:00:00,0.0,0.12622005902124545,0.31773100257277676,-728139.5806567005
2025-01-03 06:00:00,0.0,0.15922104868410392,0.31781718779174506,-758378.2022325477
2025-01-03 07:00:00,0.003016482957388826,0.13821781109679485,0.31790346159186095,-781675.0176391253
2025-01-03 08:00:00,0.005827397586205387,0.12180748316310724,0.31798982392874003,-745191.8352381561
2025-01-03 09:00:00,0.008241184699751897,0.12729063885209327,0.31807627475795236,-694529.6918169268
2025-01-03 10:00:00,0.010093348695211968,0.14315987182418857,0.3181628140350224,-753299.427092913
2025-01-03 11:00:00,0.011257667657140724,0.12135697560157184,0.3182494417154293,-709963.473905097
2025-01-03 12:00:00,0.011654795172410776,0.16309512889524158,0.3183361577546065,-649127.313078885
2025-01-03 13:00:00,0.011257667657140724,0.13989919949869856,0.3184229621079421,-715773.7295557443
2025-01-03 14:00:00,0.01009334869521197,0.16422702076925697,0.3185098547307787,-708135.8446211094
2025-01-03 15:00:00,0.008241184699751897,0.14476632658548302,0.3185968355784136,-663338.5349836554
2025-01-03 16:00:00,0.005827397586205387,0.15864583470749605,0.3186839046060986,-708789.6755513693
2025-01-03 17:00:00,0.003016482957388829,0.15299730132137376,0.3187710617690402,-720164.3053773527
2025-01-03 18:00:00,1.4273007602610881e-18,0.13330069864532898,0.31885830702239953,-742924.0234693551
2025-01-03 19:00:00,0.0,0.15236486426838527,0.3189456403212924,-730154.851721732
2025-01-03 20:00:00,0.0,0.1403577139137537,0.31903306162078937,-794678.9240453306
2025-01-03 21:00:00,0.0,0.1507740293218157,0.31912057087591567,-725530.0732024908
2025-01-03 22:00:00,0.0,0.15323954795906705,0.3192081680416512,-743679.5866143684
2025-01-03 23:00:00,0.0,0.11257204021671895,0.3192958530729309,-757835.1995937056
2025-01-04 00:00:00,0.0,0.14401092194593124,0.31938362592464425,-790462.0275178865
2025-01-04 01:00:00,0.0,0.10929830371591892,0.31947148655163565,-739964.133009158
2025-01-04 02:00:00,0.0,0.16501693079538673,0.3195594349087043,-791719.1848953636
2025-01-04 03:00:00,0.0,0.13096156676900064,0.3196474709506044,-810247.1404062073
2025-01-04 04:00:00,0.0,0.12217958549703659,0.3197355946320449,-746446.9031283521
2025-01-04 05:00:00,0.0,0.14484400933652325,0.3198238059076896,-764703.696168006
2025-01-04 06:00:00,0.0,0.15583250473389088,0.3199121047321574,-716439.9597965339
2025-01-04 07:00:00,0.0034866122222283248,0.11175767302901828,0.3200004910600222,-712747.5718435907
2025-01-04 08:00:00,0.006735617583410918,0.16195724080376359,0.3200889648458126,-746784.2055557088
2025-01-04 09:00:00,0.009525601737418413,0.16428923474382295,0.32017752604401256,-688014.7102085219
2025-01-04 10:00:00,0.011666431874822011,0.15284769065072545,0.32026617460906076,-699128.434550276
2025-01-04 11:00:00,0.013012213959646739,0.13520302555664426,0.3203549104953512,-701446.7137111173
2025-01-04 12:00:00,0.013471235166821837,0.16279604165977812,0.32044373365723267,-708975.2600633407
2025-01-04 13:00:00,0.013012213959646739,0.1321099566731696,0.3205326440490094,-667727.2169850606
2025-01-04 14:00:00,0.011666431874822013,0.14119289064277382,0.3206216416249404,-670560.2339746937
2025-01-04 15:00:00,0.009525601737418414,0.14005685335055923,0.32071072633924,-692210.9862437379
2025-01-04 16:00:00,0.006735617583410918,0.11674730396202376,0.32079989814607784,-675657.3159559956
2025-01-04 17:00:00,0.0034866122222283287,0.1382916616643598,0.3208891569995785,-765924.8080197223
2025-01-04 18:00:00,1.6497505027609625e-18,0.15845538459513708,0.32097850285382185,-683714.8537551094
2025-01-04 19:00:00,0.0,0.13339263473126314,0.3210679356628431,-726382.8287746722
2025-01-04 20:00:00,0.0,0.13224063833192098,0.3211574553806326,-749319.6306699694
2025-01-04 21:00:00,0.0,0.16812965374240857,0.3212470619611361,-724635.7514586443
2025-01-04 22:00:00,0.0,0.1213654889005444,0.32133675535825457,-771067.5944629723
2025-01-04 23:00:00,0.0,0.12620804248203477,0.3214265355258444,-746022.4287090944
2025-01-05 00:00:00,0.0,0.1273683387298562,0.3215164024177172,-785246.1351879771
2025-01-05 01:00:00,0.0,0.12293684771779877,0.3216063559876402,-790268.4249754071
2025-01-05 02:00:00,0.0,0.14154762295631093,0.3216963961893358,-772363.414609519
2025-01-05 03:00:00,0.0,0.11665934232517804,0.32178652297648197,-824659.0744383731
2025-01-05 04:00:00,0.0,0.13328376673091846,0.3218767363027121,-767521.9359649986
2025-01-05 05:00:00,0.0,0.1398529836691318,0.321967036121615,-780848.5101503645
2025-01-05 06:00:00,0.0,0.14167750931611903,0.32205742238673507,-695516.1696577239
2025-01-05 07:00:00,0.003990220479595479,0.16513767867177362,0.32214789505157226,-655712.2307217676
2025-01-05 08:00:00,0.007708514027657649,0.14036428103913762,0.3222384540695819,-719914.9174355097
2025-01-05 09:00:00,0.0109014850836567,0.1690264381358621,0.3223290993941751,-747255.1803326192
2025-01-05 10:00:00,0.013351537946760451,0.14823248524511187,0.32241983097871846,-691948.309022937
2025-01-05 11:00:00,0.014891705563252181,0.12081744706155516,0.3225106487765341,-709365.2125597855
2025-01-05 12:00:00,0.015417028055315302,0.14676811251776184,0.3226015527409002,-646140.0943709095
2025-01-05 13:00:00,0.014891705563252181,0.1673039544224539,0.32269254282505,-706690.9668442316
2025-01-05 14:00:00,0.013351537946760453,0.143529960883342,0.32278361898217295,-642078.7161773137
2025-01-05 15:00:00,0.010901485083656702,0.13388335914917768,0.3228747811654139,-709198.9894607232
2025-01-05 16:00:00,0.007708514027657649,0.15398902948198767,0.32296602932787366,-673924.8672343454
2025-01-05 17:00:00,0.003990220479595483,0.13305392320005316,0.32305736342260866,-692227.9217574846
2025-01-05 18:00:00,1.888041406030683e-18,0.11400870531326107,0.3231487834026312,-751622.1215512946
2025-01-05 19:00:00,0.0,0.13696441052285338,0.3232402892209094,-686062.8509507545
2025-01-05 20:00:00,0.0,0.11278337090377973,0.32333188083036707,-759706.3023385565
2025-01-05 21:00:00,0.0,0.1715728416573703,0.32342355818388413,-780951.5337389623
2025-01-05 22:00:00,0.0,0.14997354488783451,0.32351532123429616,-772247.801823531
2025-01-05 23:00:00,0.0,0.14580644812103172,0.3236071699343948,-787806.0153133003
2025-01-06 00:00:00,0.0,0.1364819895150294,0.32369910423692766,-803074.3367244471
2025-01-06 01:00:00,0.0,0.11047610940471575,0.3237911240945981,-710382.1600562478
2025-01-06 02:00:00,0.0,0.15015307526019347,0.32388322946006565,-798000.3003749934
2025-01-06 03:00:00,0.0,0.15910052980157408,0.3239754202859457,-785927.7291345163
2025-01-06 04:00:00,0.0,0.15708524762753476,0.32406769652481,-751541.1260570314
2025-01-06 05:00:00,0.0,0.16275365267134798,0.3241600581291859,-764145.4769466593
2025-01-06 06:00:00,0.0,0.11268556880704275,0.3242525050515572,-743138.0530402312
2025-01-06 07:00:00,0.004527158499494875,0.14644156402118302,0.32434503724436364,-696497.2053420779
2025-01-06 08:00:00,0.008745798628732331,0.16086750920408688,0.324437654660001,-720138.6835075394
2025-01-06 09:00:00,0.012368427034537279,0.11017556777141134,0.3245303572508216,-706357.9909695962
2025-01-06 10:00:00,0.015148167577730616,0.15022804511944127,0.32462314496913336,-736474.2765710733
2025-01-06 11:00:00,0.016895585534032156,0.15801125559093057,0.32471601776720094,-701292.1066525526
2025-01-06 12:00:00,0.017491597257464665,0.11122402973689519,0.32480897559724486,-654503.3591238471
2025-01-06 13:00:00,0.016895585534032156,0.1680760648241903,0.3249020184114423,-747163.5716265022
2025-01-06 14:00:00,0.015148167577730616,0.1618473312214438,0.32499514616192615,-706856.0220234229
2025-01-06 15:00:00,0.012368427034537282,0.14004675019351143,0.3250883588007861,-674753.7821524921
2025-01-06 16:00:00,0.008745798628732331,0.13310051801316133,0.325181656280068,-750119.244875324
2025-01-06 17:00:00,0.004527158499494879,0.17014684149141326,0.3252750385517739,-730656.4945117797
2025-01-06 18:00:00,2.1421028593328726e-18,0.1200131282292628,0.32536850556786256,-700646.2619246156
2025-01-06 19:00:00,0.0,0.13758344880348794,0.32546205728024885,-777002.1373637065
2025-01-06 20:00:00,0.0,0.13853299360558774,0.3255556936408041,-718605.5948548154
2025-01-06 21:00:00,0.0,0.11826625213033826,0.32564941460135627,-808956.1379844878
2025-01-06 22:00:00,0.0,0.1682662005117893,0.3257432201136897,-716345.583277686
2025-01-06 23:00:00,0.0,0.16349862928006872,0.32583711012954514,-756624.8473601922
2025-01-07 00:00:00,0.0,0.14076395406301737,0.32593108460062,-739998.1060755029
2025-01-07 01:00:00,0.0,0.16554597978476748,0.3260251434785681,-826626.8685762638
2025-01-07 02:00:00,0.0,0.13142844422501102,0.32611928671499996,-775614.9752480005
2025-01-07 03:00:00,0.0,0.16028856188002835,0.3262135142614827,-791016.7799780748
2025-01-07 04:00:00,0.0,0.16392717108375082,0.32630782606954,-788719.8665816345
2025-01-07 05:00:00,0.0,0.16905390321981642,0.3264022220906523,-763834.7741597567
2025-01-07 06:00:00,0.0,0.15307187555079693,0.32649670227625655,-762404.7197670855
2025-01-07 07:00:00,0.005097267175603149,0.12338386669772172,0.32659126657774645,-722017.0674165424
2025-01-07 08:00:00,0.009847164016821234,0.13670674086781684,0.32668591494647253,-692983.59964775
2025-01-07 09:00:00,0.013925992903500915,0.11489884241450361,0.326780647333742,-696746.2784412971
2025-01-07 10:00:00,0.01705578838759841,0.15934183881330147,0.32687546369081877,-738880.3956857233
2025-01-07 11:00:00,0.019023260079104067,0.15279433518518168,0.32697036396892376,-723539.6356326981
2025-01-07 12:00:00,0.01969432803364247,0.14721744950160917,0.3270653481192345,-699486.9838160444
2025-01-07 13:00:00,0.019023260079104067,0.14240595746370574,0.32716041609288543,-695627.3652910043
2025-01-07 14:00:00,0.017055788387598414,0.1714005812029297,0.327255567840968,-657551.3222893941
2025-01-07 15:00:00,0.013925992903500916,0.1592419817171314,0.32735080331453037,-683994.711291366
2025-01-07 16:00:00,0.009847164016821234,0.17032314493924394,0.32744612246457766,-696644.5426037612
2025-01-07 17:00:00,0.005097267175603155,0.15015019655930373,0.32754152524207214,-660361.0083546594
2025-01-07 18:00:00,2.411859578775824e-18,0.15690193929461657,0.32763701159793285,-737405.3724570328
2025-01-07 19:00:00,0.0,0.1701588183942826,0.3277325814830358,-717948.2827864342
2025-01-07 20:00:00,0.0,0.1784275965825477,0.3278282348482142,-763888.9864267289
2025-01-07 21:00:00,0.0,0.17284618038132493,0.3279239716442583,-777673.7786273389
2025-01-07 22:00:00,0.0,0.131969421621876,0.3280197918219152,-817182.8494130268
2025-01-07 23:00:00,0.0,0.1527237850535577,0.3281156953318894,-799940.3183837325
2025-01-08 00:00:00,0.0,0.17744264246763963,0.3282116821248423,-780924.760056639
2025-01-08 01:00:00,0.0,0.14667154594178866,0.3283077521513926,-787728.7399935605
2025-01-08 02:00:00,0.0,0.1446685965723414,0.32840390536211606,-732935.5640598319
2025-01-08 03:00:00,0.0,0.1735743060616101,0.3285001417075459,-829861.9852100568
2025-01-08 04:00:00,0.0,0.12236199655676412,0.3285964611381721,-774928.1655860711
2025-01-08 05:00:00,0.0,0.1415825921895416,0.3286928636044424,-772390.0023783148
2025-01-08 06:00:00,0.0,0.17722527345294747,0.3287893490567615,-740315.1992962483
2025-01-08 07:00:00,0.005700377572415616,0.15825571522738469,0.32888591744549156,-718928.6397032392
2025-01-08 08:00:00,0.011012283833590455,0.14124626143240468,0.32898256872095194,-717471.0080296097
2025-01-08 09:00:00,0.0155737211501656,0.16253217922265778,0.3290793028334195,-690582.1945389298
2025-01-08 10:00:00,0.019073835107148038,0.1182572913915228,0.32917611973312844,-651073.8176174095
2025-01-08 11:00:00,0.02127409872258122,0.1552383249911439,0.3292730193702703,-678087.3051777887
2025-01-08 12:00:00,0.022024567667180913,0.12247653890635367,0.3293700016949941,-707981.864508021
2025-01-08 13:00:00,0.02127409872258122,0.14254333919405748,0.3294670666574064,-689374.9318009033
2025-01-08 14:00:00,0.01907383510714804,0.12662563257498188,0.3295642142075711,-700473.2109721313
2025-01-08 15:00:00,0.015573721150165603,0.1278959175996894,0.32966144429550964,-669577.3100497595
2025-01-08 16:00:00,0.011012283833590455,0.16441785534044398,0.3297587568712012,-670753.3559338144
2025-01-08 17:00:00,0.005700377572415623,0.11877032444133069,0.32985615188458217,-741527.4953817339
2025-01-08 18:00:00,2.697231629621739e-18,0.13670250710711185,0.3299536292855469,-740649.8150212632
2025-01-08 19:00:00,0.0,0.15509143514770618,0.3300511890239471,-709063.4690184846
2025-01-08 20:00:00,0.0,0.11506523575027766,0.33014883104959214,-747972.7011419721
2025-01-08 21:00:00,0.0,0.1786541905068952,0.3302465553122492,-761107.904805506
2025-01-08 22:00:00,0.0,0.1707522648988532,0.33034436176164306,-745300.0748405404
2025-01-08 23:00:00,0.0,0.17499019989060627,0.33044225034745617,-735051.7051223939
2025-01-09 00:00:00,0.0,0.1582465873986703,0.3305402210193289,-797146.8791780301
2025-01-09 01:00:00,0.0,0.1548761949119468,0.33063827372685917,-760699.3536611645
2025-01-09 02:00:00,0.0,0.1331179890550499,0.3307364084196028,-797002.1575851261
2025-01-09 03:00:00,0.0,0.1449599279809271,0.33083462504707345,-759543.6129286672
2025-01-09 04:00:00,0.0,0.15945677184497958,0.3309329235587426,-784330.4108261899
2025-01-09 05:00:00,0.0,0.18006511691978178,0.3310313039040396,-729079.6818905423
2025-01-09 06:00:00,0.0,0.16600027340973042,0.3311297660323518,-740705.9875470389
2025-01-09 07:00:00,0.006336310975305515,0.11458923352461231,0.3312283098930242,-718328.666847055
2025-01-09 08:00:00,0.012240812828892942,0.16834109785196236,0.3313269354353601,-713209.334708304
2025-01-09 09:00:00,0.017311123517090972,0.1506519349618358,0.3314256426086206,-645210.2743863554
2025-01-09 10:00:00,0.021201709745583497,0.16745661063374997,0.33152443136202475,-694644.0183993867
2025-01-09 11:00:00,0.02364743449239649,0.1281705042813754,0.33162330164474974,-700588.7036713501
2025-01-09 12:00:00,0.024481625657785888,0.1455288907960963,0.3317222534059308,-748228.2454963094
2025-01-09 13:00:00,0.02364743449239649,0.14580372909824726,0.33182128659466115,-668602.6265093859
2025-01-09 14:00:00,0.0212017097455835,0.14385865569392522,0.3319204011599922,-636409.898135011
2025-01-09 15:00:00,0.017311123517090975,0.13314003452722165,0.33201959705093365,-733027.7140488768
2025-01-09 16:00:00,0.012240812828892942,0.14562159691780002,0.332118874216453,-717101.1648463225
2025-01-09 17:00:00,0.006336310975305522,0.12713638591745893,0.3322182326054761,-704753.7842880862
2025-01-09 18:00:00,2.9981344499731203e-18,0.1781332203743015,0.33231767216688723,-729627.0293062802
2025-01-09 19:00:00,0.0,0.12256344119826051,0.3324171928495286,-748250.7675559287
2025-01-09 20:00:00,0.0,0.1336515522079685,0.3325167946022008,-754637.3949175185
2025-01-09 21:00:00,0.0,0.12035070014008982,0.3326164773736628,-763839.8332959872
2025-01-09 22:00:00,0.0,0.17250373207621944,0.3327162411126318,-769543.7676278335
2025-01-09 23:00:00,0.0,0.1160198699642088,0.3328160857677834,-739332.3823219311
2025-01-10 00:00:00,0.0,0.142407514662669,0.3329160112877514,-795865.0073377695
2025-01-10 01:00:00,0.0,0.14658635265002257,0.3330160176211282,-764022.7671651458
2025-01-10 02:00:00,0.0,0.15487394757134404,0.3331161047164646,-757780.3128505612
2025-01-10 03:00:00,0.0,0.13975470550184718,0.33321627252226976,-737507.2118404572
2025-01-10 04:00:00,0.0,0.13207392542127447,0.3333165209870113,-775993.0425207604
2025-01-10 05:00:00,0.0,0.11799389639067102,0.33341685005911553,-769105.8480328438
2025-01-10 06:00:00,0.0,0.1198162754507737,0.3335172596869671,-740153.925599025
2025-01-10 07:00:00,0.007004878943480983,0.12028212285659373,0.33361774981890935,-724712.0663648578
2025-01-10 08:00:00,0.01353238696307353,0.13955444354427016,0.333718320403244,-741253.5341888763
2025-01-10 09:00:00,0.01913768517445945,0.13661598540582073,0.3338189713882317,-690224.7907383495
2025-01-10 10:00:00,0.023438781767726055,0.13905641636973207,0.3339197027220914,-696542.1580658841
2025-01-10 11:00:00,0.026142564117940435,0.11937644515021573,0.33402051435300095,-694014.8358354912
2025-01-10 12:00:00,0.027064773926147062,0.12084367243532586,0.33412140622909686,-636651.4968870805
2025-01-10 13:00:00,0.026142564117940435,0.12376864031126514,0.3342223782984742,-656238.6320893165
2025-01-10 14:00:00,0.02343878176772606,0.17422768839480515,0.3343234305091869,-644719.6579349677
2025-01-10 15:00:00,0.01913768517445945,0.1550995950772307,0.33442456280924776,-682408.745907601
2025-01-10 16:00:00,0.01353238696307353,0.14168704150634054,0.3345257751466282,-699412.1922860435
2025-01-10 17:00:00,0.007004878943480991,0.15192092235070057,0.33462706746925847,-688079.5374826684
2025-01-10 18:00:00,3.3144788758302742e-18,0.15083330745515522,0.33472843972502786,-679961.8458634324
2025-01-10 19:00:00,0.0,0.13472141591300332,0.3348298918617843,-736872.4899964955
2025-01-10 20:00:00,0.0,0.13988288287070433,0.33493142382733476,-768114.6766111734
2025-01-10 21:00:00,0.0,0.16804303835605366,0.33503303556944525,-745253.6222820685
2025-01-10 22:00:00,0.0,0.13383860131887199,0.33513472703584046,-748349.2381635155
2025-01-10 23:00:00,0.0,0.12767295262202025,0.33523649817420426,-768383.6117941699
2025-01-11 00:00:00,0.0,0.1819071217869795,0.3353383489321794,-722146.2327165487
2025-01-11 01:00:00,0.0,0.1271952283371259,0.3354402792573679,-745927.574770414
2025-01-11 02:00:00,0.0,0.15306843131808404,0.33554228909733064,-854955.8354266807
2025-01-11 03:00:00,0.0,0.1567719128476494,0.33564437839958766,-750821.077780936
2025-01-11 04:00:00,0.0,0.13515455595362924,0.335746547111618,-775473.4958628695
2025-01-11 05:00:00,0.0,0.14875872925221523,0.3358487951808601,-756643.0943331138
2025-01-11 06:00:00,0.0,0.16261019261196485,0.3359511225547114,-714309.4139618488
2025-01-11 07:00:00,0.0077058833658242,0.13298045725901986,0.33605352918052844,-738657.1783849098
2025-01-11 08:00:00,0.014886623514841855,0.13885753972973644,0.33615601500562736,-721437.835821113
2025-01-11 09:00:00,0.021052864872631586,0.14477566114067134,0.33625857997728315,-686390.2278530786
2025-01-11 10:00:00,0.025784388280855677,0.15388295097131147,0.3363612240427302,-690472.1984035254
2025-01-11 11:00:00,0.02875874823845579,0.13362224277379128,0.33646394714916245,-669852.3588005069
2025-01-11 12:00:00,0.029773247029683713,0.1641465911671964,0.33656674924373275,-654374.5339241978
2025-01-11 13:00:00,0.02875874823845579,0.18015064295729852,0.3366696302735538,-655278.1245144509
2025-01-11 14:00:00,0.025784388280855677,0.18826499504433428,0.3367725901856973,-642526.6789560921
2025-01-11 15:00:00,0.02105286487263159,0.1745357666066851,0.3368756289271944,-711664.684078753
2025-01-11 16:00:00,0.014886623514841855,0.16251817888277956,0.336978746445036,-700139.5058658647
2025-01-11 17:00:00,0.00770588336582421,0.1784964593304567,0.3370819426861722,-701056.06718739
2025-01-11 18:00:00,3.64617116751256e-18,0.18836287782112435,0.33718521759751263,-722641.4730093894
2025-01-11 19:00:00,0.0,0.1454485166330375,0.33728857112592653,-730458.112239562
2025-01-11 20:00:00,0.0,0.15429265947414628,0.3373920032182427,-752064.8089007849
2025-01-11 21:00:00,0.0,0.17388861596979469,0.3374955138212494,-755474.197416591
2025-01-11 22:00:00,0.0,0.13562982167559684,0.33759910288169465,-763054.5197882579
2025-01-11 23:00:00,0.0,0.1530501721356581,0.337702770346286,-783631.1824626167
2025-01-12 00:00:00,0.0,0.14359062283675336,0.3378065161616907,-783690.3428071166
2025-01-12 01:00:00,0.0,0.15824696963766768,0.33791034027453565,-756374.4222580234
2025-01-12 02:00:00,0.0,0.12867157840179919,0.3380142426314076,-746468.7525288687
2025-01-12 03:00:00,0.0,0.12299095039404673,0.3381182231788529,-748505.7604720567
2025-01-12 04:00:00,0.0,0.175909445714297,0.3382222818633777,-808168.7043883922
2025-01-12 05:00:00,0.0,0.18915683745980674,0.3383264186314481,-770895.6683891456
2025-01-12 06:00:00,0.0,0.13760321689727675,0.3384306334294897,-740376.1314581237
2025-01-12 07:00:00,0.008439116519595882,0.16781961116788563,0.33853492620388836,-746390.0164508421
2025-01-12 08:00:00,0.016303121194680754,0.156974861077098,0.3386392969009896,-699757.5482751153
2025-01-12 09:00:00,0.02305609510252978,0.16676445991038358,0.33874374546709884,-711873.249134943
2025-01-12 10:00:00,0.028237834231140083,0.14670074400706265,0.3388482718484815,-644707.4844025982
2025-01-12 11:00:00,0.031495211622125666,0.12183569951872031,0.3389528759913629,-683933.0629847862
2025-01-12 12:00:00,0.032606242389361516,0.1646625017054661,0.33905755784192854,-660111.8221266055
2025-01-12 13:00:00,0.031495211622125666,0.18358935899960643,0.3391623173463237,-679875.6191878937
2025-01-12 14:00:00,0.028237834231140083,0.12400135346095803,0.3392671544506539,-670669.3887809914
2025-01-12 15:00:00,0.023056095102529782,0.12366915018013767,0.33937206910098455,-667639.0046400746
2025-01-12 16:00:00,0.016303121194680754,0.17371663435436924,0.3394770612433413,-710995.7385994436
2025-01-12 17:00:00,0.008439116519595889,0.17306173410544445,0.33958213082370997,-712904.2262525865
2025-01-12 18:00:00,3.993113037435432e-18,0.12218948279084157,0.3396872777880364,-672141.0899708322
2025-01-12 19:00:00,0.0,0.15796394583701126,0.33979250208222683,-718778.5722083657
2025-01-12 20:00:00,0.0,0.12312954576187439,0.3398978036521474,-722456.6353127633
2025-01-12 21:00:00,0.0,0.140100996654754,0.34000318244362476,-786032.0307982112
2025-01-12 22:00:00,0.0,0.1509896504170149,0.34010863840244576,-790663.2315497771
2025-01-12 23:00:00,0.0,0.1767870975425948,0.3402141714743576,-810289.5972684511
2025-01-13 00:00:00,0.0,0.13766186092105465,0.34031978160506765,-783893.1074532444
2025-01-13 01:00:00,0.0,0.19087994010933745,0.3404254687402437,-791268.671532402
2025-01-13 02:00:00,0.0,0.13596103903990148,0.3405312328255141,-827357.3624143719
2025-01-13 03:00:00,0.0,0.15073872400784924,0.3406370738064674,-786013.4987181178
2025-01-13 04:00:00,0.0,0.14294044634052924,0.3407429916286527,-732244.5426100849
2025-01-13 05:00:00,0.0,0.1384051256495886,0.3408489862375794,-777476.2796424343
2025-01-13 06:00:00,0.0,0.18126415728006795,0.3409550575787177,-713582.6918211082
2025-01-13 07:00:00,0.009204361131988118,0.15201051246533548,0.3410612055974981,-759169.4660564655
2025-01-13 08:00:00,0.01778146026375721,0.13141808378550018,0.34116743023931156,-678107.3615627731
2025-01-13 09:00:00,0.02514678226380372,0.16888424765447713,0.34127373144951,-686613.7344158294
2025-01-13 10:00:00,0.03079839260959458,0.17788576767312292,0.34138010917340555,-692986.1528179891
2025-01-13 11:00:00,0.034351143395791844,0.14583399818476867,0.34148656335627114,-664924.8365618978
2025-01-13 12:00:00,0.035562920527514426,0.12438463017606656,0.3415930939433405,-675631.0670230752
2025-01-13 13:00:00,0.034351143395791844,0.15000067737063594,0.34169970087980783,-646338.2029231824
2025-01-13 14:00:00,0.030798392609594587,0.16885280767800856,0.34180638411082803,-677221.2450158392
2025-01-13 15:00:00,0.025146782263803725,0.12957002476036655,0.34191314358151703,-753002.6854534703
2025-01-13 16:00:00,0.01778146026375721,0.16053661940955666,0.3420199792369513,-719419.5008476438
2025-01-13 17:00:00,0.009204361131988126,0.1576669683095183,0.3421268910221682,-700007.3837581921
2025-01-13 18:00:00,4.355201679235224e-18,0.14993760278727686,0.3422338788821659,-678525.2621289715
2025-01-13 19:00:00,0.0,0.17404385780874243,0.34234094276190336,-714385.8007898263
2025-01-13 20:00:00,0.0,0.13773042021601817,0.34244808260630066,-802525.926703515
2025-01-13 21:00:00,0.0,0.12869190227621996,0.34255529836023846,-755670.6470808042
2025-01-13 22:00:00,0.0,0.14951794861519893,0.3426625899685588,-742185.613846867
2025-01-13 23:00:00,0.0,0.15485569466694674,0.34276995737606425,-828576.9028469484
2025-01-14 00:00:00,0.0,0.19464862856411874,0.34287740052751864,-773292.2249964223
2025-01-14 01:00:00,0.0,0.17002025275282603,0.34298491936764686,-811290.4154054233
2025-01-14 02:00:00,0.0,0.12860930414075397,0.34309251384113465,-801387.4596050271
2025-01-14 03:00:00,0.0,0.17309542425407165,0.3432001838926291,-792814.7466641308
2025-01-14 04:00:00,0.0,0.13185784747912777,0.34330792946673816,-774179.5309871696
2025-01-14 05:00:00,0.0,0.17316817662948875,0.34341575050803114,-788984.4667833335
2025-01-14 06:00:00,0.0,0.14699168536180518,0.3435236469610385,-753796.7378450041
2025-01-14 07:00:00,0.01000139044450694,0.18089889935056733,0.34363161877025167,-766744.5294821425
2025-01-14 08:00:00,0.019321202658299917,0.15307919227912653,0.3437396658801236,-734814.2133348756
2025-01-14 09:00:00,0.027324306840726842,0.18135512179258523,0.3438477882350684,-677502.6963339045
2025-01-14 10:00:00,0.03346530466751031,0.13007210653766701,0.3439559857794614,-717554.8868693098
2025-01-14 11:00:00,0.037325697285233786,0.12397659841683382,0.3440642584576394,-698792.0280133229
2025-01-14 12:00:00,0.03864240531659984,0.17874095401425152,0.3441726062139004,-669157.2995103487
2025-01-14 13:00:00,0.037325697285233786,0.19586243994474725,0.34428102899250373,-666239.8238472446
2025-01-14 14:00:00,0.03346530466751031,0.19320063571851187,0.3443895267376703,-673934.8303053456
2025-01-14 15:00:00,0.027324306840726845,0.13045209607714567,0.34449809939358245,-705778.0029758002
2025-01-14 16:00:00,0.019321202658299917,0.1698501194067437,0.3446067469043838,-663048.6235520599
2025-01-14 17:00:00,0.010001390444506951,0.15416195669261773,0.3447154692141796,-724242.201890977
2025-01-14 18:00:00,4.732329798232865e-18,0.14041428618990903,0.3448242662670366,-701336.9646944377
2025-01-14 19:00:00,0.0,0.19209904258761276,0.34493313800698305,-716388.7241068664
2025-01-14 20:00:00,0.0,0.19726392925267033,0.3450420843780088,-734630.7509725827
2025-01-14 21:00:00,0.0,0.16443905412205184,0.3451511053240654,-740327.9824094069
2025-01-14 22:00:00,0.0,0.13806317257789405,0.34526020078906583,-760811.7579752206
2025-01-14 23:00:00,0.0,0.15419522128156238,0.34536937071688495,-757343.8685759394
2025-01-15 00:00:00,0.0,0.13115527145905154,0.34547861505135913,-778342.0713185861
2025-01-15 01:00:00,0.0,0.18531864374239743,0.3455879337362866,-771307.8989552438
2025-01-15 02:00:00,0.0,0.17621848366758064,0.3456973267154273,-797647.9007548583
2025-01-15 03:00:00,0.0,0.19212275094288123,0.34580679393250285,-805708.9957964048
2025-01-15 04:00:00,0.0,0.1607377063461775,0.3459163353311968,-784421.9223870806
2025-01-15 05:00:00,0.0,0.14878918519831372,0.3460259508551546,-746963.8554325502
2025-01-15 06:00:00,0.0,0.17000071005921166,0.3461356404479833,-738943.8905175504
2025-01-15 07:00:00,0.010829968280165704,0.1889089142307897,0.34624540405325205,-781951.748228906
2025-01-15 08:00:00,0.020921892119406912,0.1967519921021659,0.3463552416144919,-759943.4374916501
2025-01-15 09:00:00,0.029588023585772033,0.15986627458089667,0.3464651530751959,-714451.7154001193
2025-01-15 10:00:00,0.03623778014128767,0.12685628130152243,0.3465751383788189,-722628.0165236328
2025-01-15 11:00:00,0.040417991865937745,0.13539174795330455,0.3466851974687779,-702989.3632753032
2025-01-15 12:00:00,0.04184378423881383,0.17381549156165674,0.346795330288452,-705445.8240234791
2025-01-15 13:00:00,0.040417991865937745,0.1287605919732153,0.3469055367811822,-699896.2468960366
2025-01-15 14:00:00,0.03623778014128768,0.19705007787040849,0.34701581689027167,-706370.1126791454
2025-01-15 15:00:00,0.02958802358577204,0.17872548878774142,0.34712617055898576,-755467.4823465691
2025-01-15 16:00:00,0.020921892119406912,0.19822393240955127,0.34723659773055193,-644254.0439591785
2025-01-15 17:00:00,0.010829968280165714,0.14556291543951436,0.34734709834815986,-710362.567250646
2025-01-15 18:00:00,5.124385643227582e-18,0.1343923468022303,0.34745767235496133,-713478.4554976017
2025-01-15 19:00:00,0.0,0.15907650045574495,0.34756831969407054,-771607.9628446811
2025-01-15 20:00:00,0.0,0.1750952790314246,0.3476790403085639,-737458.6163847812
2025-01-15 21:00:00,0.0,0.18115534882206652,0.34778983414147996,-747052.4965574882
2025-01-15 22:00:00,0.0,0.14242168975200759,0.3479007011358198,-798568.4413049239
2025-01-15 23:00:00,0.0,0.14432533839474507,0.34801164123454686,-766920.1775434726
2025-01-16 00:00:00,0.0,0.1855205613391984,0.34812265438058687,-765957.7105326568
2025-01-16 01:00:00,0.0,0.19805797545244141,0.348233740516828,-789867.2268639138
2025-01-16 02:00:00,0.0,0.1366719115394783,0.34834489958612086,-808779.217981803
2025-01-16 03:00:00,0.0,0.1264613389348684,0.34845613153127863,-756762.8895433485
2025-01-16 04:00:00,0.0,0.1879488601078203,0.348567436295077,-772149.516213526
2025-01-16 05:00:00,0.0,0.1382306437191046,0.34867881382025406,-717504.9474317766
2025-01-16 06:00:00,0.0,0.17645482803718454,0.3487902640495105,-753725.5050868324
2025-01-16 07:00:00,0.011689849113469576,0.14498011783005685,0.34890178692550966,-719310.6005954494
2025-01-16 08:00:00,0.022583054328245263,0.18269372039224457,0.34901338239087765,-693015.0729686023
2025-01-16 09:00:00,0.031937261710812875,0.15288894235738157,0.3491250503882028,-678827.6531907549
2025-01-16 10:00:00,0.03911499748660904,0.19013427629299465,0.34923679086003667,-707038.1348991928
2025-01-16 11:00:00,0.04362711082428246,0.1756269143415986,0.34934860374889315,-670689.3051105622
2025-01-16 12:00:00,0.04516610865649053,0.14147319871322925,0.34946048899724896,-617893.517340053
2025-01-16 13:00:00,0.04362711082428246,0.1378387490496171,0.34957244654754377,-668807.9679824709
2025-01-16 14:00:00,0.03911499748660905,0.19834539572244034,0.34968447634217975,-695264.4804591327
2025-01-16 15:00:00,0.03193726171081288,0.14220288286984306,0.3497965783235222,-685796.5537973669
2025-01-16 16:00:00,0.022583054328245263,0.13760643140743128,0.3499087524338991,-693572.6410216304
2025-01-16 17:00:00,0.011689849113469588,0.20115941454558106,0.35002099861560126,-730705.9059899603
2025-01-16 18:00:00,5.53125303961127e-18,0.1756911513629285,0.3501333168108827,-738762.0432745455
2025-01-16 19:00:00,0.0,0.17905112067547102,0.35024570696196017,-729861.6929321896
2025-01-16 20:00:00,0.0,0.15406161178294883,0.35035816901101335,-723703.6686928347
2025-01-16 21:00:00,0.0,0.18225928272956127,0.3504707029001851,-783279.4649669301
2025-01-16 22:00:00,0.0,0.1487407304781694,0.3505833085715812,-787756.3970114308
2025-01-16 23:00:00,0.0,0.16779839007664976,0.3506959859672707,-723972.5795500156
2025-01-17 00:00:00,0.0,0.1646156387961003,0.3508087350292855,-789186.469401117
2025-01-17 01:00:00,0.0,0.14751405013686453,0.35092155569962064,-777957.9480357781
2025-01-17 02:00:00,0.0,0.15695225131032786,0.3510344479202345,-785938.7296983198
2025-01-17 03:00:00,0.0,0.1716219224023768,0.3511474116330487,-728781.9980254
2025-01-17 04:00:00,0.0,0.15153998596079465,0.35126044677994767,-765487.9147502478
2025-01-17 05:00:00,0.0,0.13119015878599713,0.3513735533027796,-735543.8603287673
2025-01-17 06:00:00,0.0,0.1866070518559909,0.35148673114335555,-705509.5536466585
2025-01-17 07:00:00,0.012580778143169854,0.1491655518667523,0.3515999802434502,-742235.8315634683
2025-01-17 08:00:00,0.02430419704660158,0.17075871762967038,0.35171330054480127,-730716.0879021421
2025-01-17 09:00:00,0.03437132508589208,0.18884769950441072,0.35182669198911015,-697157.4834854996
2025-01-17 10:00:00,0.0420961041218794,0.16305450637184815,0.3519401545180415,-720534.9084002834
2025-01-17 11:00:00,0.04695210322906194,0.16521914630997317,0.35205368807322335,-687820.3057935445
2025-01-17 12:00:00,0.04860839409320317,0.19927878485763806,0.35216729259624724,-687752.1188945839
2025-01-17 13:00:00,0.04695210322906194,0.19180876333327318,0.35228096802866815,-669663.772098417
2025-01-17 14:00:00,0.0420961041218794,0.17240800564907366,0.35239471431200475,-676061.2982458137
2025-01-17 15:00:00,0.034371325085892086,0.1645981126282713,0.35250853138773897,-715599.6647626912
2025-01-17 16:00:00,0.02430419704660158,0.1591951224680018,0.35262241919731674,-723817.7174642063
2025-01-17 17:00:00,0.012580778143169867,0.19962886624562964,0.35273637768214716,-693867.0705990248
2025-01-17 18:00:00,5.952811423793437e-18,0.20168871784632572,0.3528504067836032,-695661.7728333194
2025-01-17 19:00:00,0.0,0.14340187311743388,0.3529645064430215,-748046.9862696554
2025-01-17 20:00:00,0.0,0.1606298619897708,0.35307867660170233,-759275.6382129336
2025-01-17 21:00:00,0.0,0.2003127381380035,0.3531929172009098,-725242.2490154366
2025-01-17 22:00:00,0.0,0.1373907281150834,0.3533072281818716,-739500.074773391
2025-01-17 23:00:00,0.0,0.1474713126252967,0.35342160948577933,-774225.3717963541
2025-01-18 00:00:00,0.0,0.15584635228821592,0.35353606105378843,-791129.6785974877
2025-01-18 01:00:00,0.0,0.14639764798607388,0.3536505828270182,-763768.7883876687
2025-01-18 02:00:00,0.0,0.15909565620229849,0.35376517474655167,-796184.5148860344
2025-01-18 03:00:00,0.0,0.13123028894498798,0.3538798367534361,-766856.9080657294
2025-01-18 04:00:00,0.0,0.18082587913767326,0.3539945687886823,-770196.2230156026
2025-01-18 05:00:00,0.0,0.20535236905370313,0.3541093707932652,-768208.6630035714
2025-01-18 06:00:00,0.0,0.18538209570794983,0.354224242708124,-703356.766565737
2025-01-18 07:00:00,0.013502491367767253,0.19172078212138097,0.3543391844741615,-744352.4851191194
2025-01-18 08:00:00,0.02608481026274319,0.1716388689441927,0.354454196032245,-715947.9118202908
2025-01-18 09:00:00,0.03688949244550032,0.15686075545550143,0.3545692773232054,-708737.9226554857
2025-01-18 10:00:00,0.04518021668086528,0.15253205891006782,0.3546844282878382,-692377.921604796
2025-01-18 11:00:00,0.05039198381326758,0.1655201786683964,0.3547996488669027,-729679.4657322109
2025-01-18 12:00:00,0.05216962052548639,0.13824477162555004,0.3549149390011226,-669992.266216951
2025-01-18 13:00:00,0.05039198381326758,0.15915987901713435,0.3550302986311858,-676366.2265572812
2025-01-18 14:00:00,0.04518021668086529,0.1442343105820821,0.3551457276977443,-663583.105045152
2025-01-18 15:00:00,0.03688949244550033,0.18235720683901646,0.3552612261414146,-648772.624999811
2025-01-18 16:00:00,0.02608481026274319,0.1903219800416701,0.3553767939027773,-743397.6646573222
2025-01-18 17:00:00,0.013502491367767266,0.15012373459472556,0.3554924309223774,-689544.0562173985
2025-01-18 18:00:00,6.388935878926897e-18,0.1985362054405357,0.3556081371407244,-690301.9315881244
2025-01-18 19:00:00,0.0,0.1496038407058628,0.35572391249829205,-690076.0998536813
2025-01-18 20:00:00,0.0,0.15665585622650569,0.35583975693551856,-747928.6572551262
2025-01-18 21:00:00,0.0,0.20772316166711288,0.35595567039280657,-744600.7069433565
2025-01-18 22:00:00,0.0,0.13846197628110177,0.3560716528105233,-735523.7118612429
2025-01-18 23:00:00,0.0,0.1612120284344059,0.3561877041290004,-773701.4395505688
2025-01-19 00:00:00,0.0,0.17522722960707035,0.3563038242885342,-770988.5049951107
2025-01-19 01:00:00,0.0,0.1427990459469097,0.3564200132293855,-691372.3567073579
2025-01-19 02:00:00,0.0,0.1535732174853262,0.35653627089177975,-771244.9975863141
2025-01-19 03:00:00,0.0,0.1318635558198081,0.3566525972159072,-747154.6342325411
2025-01-19 04:00:00,0.0,0.14033069227429248,0.3567689921419223,-795856.2648012143
2025-01-19 05:00:00,0.0,0.15217914633863802,0.35688545560994483,-705086.3289112949
2025-01-19 06:00:00,0.0,0.14965321204074675,0.35700198756005896,-714302.3536771106
2025-01-19 07:00:00,0.014454715663741118,0.17670616221492363,0.3571185879323135,-753273.1268046743
2025-01-19 08:00:00,0.027924366342545352,0.18413217523996392,0.3572352566667223,-730825.4536443627
2025-01-19 09:00:00,0.03949101760230242,0.15690291301682735,0.35735199370326415,-694530.3071808006
2025-01-19 10:00:00,0.04836642127445486,0.17356144303387944,0.35746879898188233,-680659.1476222383
2025-01-19 11:00:00,0.053945733266043544,0.13547442865701437,0.3575856724424853,-672864.807019653
2025-01-19 12:00:00,0.05584873268509071,0.1653622694790974,0.35770261402494635,-704178.9686975772
2025-01-19 13:00:00,0.053945733266043544,0.14636424017741478,0.35781962366910375,-673771.1808085283
2025-01-19 14:00:00,0.04836642127445487,0.137126941235546,0.3579367013147607,-664446.1121380813
2025-01-19 15:00:00,0.039491017602302426,0.1757139146855064,0.3580538469016854,-685312.1241069242
2025-01-19 16:00:00,0.027924366342545352,0.1692478082830294,0.3581710603696112,-679586.0822333627
2025-01-19 17:00:00,0.014454715663741133,0.17143251442953392,0.35828834165823653,-665348.2242700963
2025-01-19 18:00:00,6.8394971719232506e-18,0.2067374327205601,0.3584056907072248,-685055.0258614168
2025-01-19 19:00:00,0.0,0.1950258347262423,0.3585231074562046,-761600.6419294069
2025-01-19 20:00:00,0.0,0.19909428376034957,0.3586405918447699,-758465.6796369248
2025-01-19 21:00:00,0.0,0.14849041814806876,0.3587581438124794,-729583.2711838785
2025-01-19 22:00:00,0.0,0.1816167828352782,0.3588757632988576,-797458.8023841928
2025-01-19 23:00:00,0.0,0.18375403927990677,0.3589934502433939,-750575.014994978
2025-01-20 00:00:00,0.0,0.18671519355170296,0.3591112045855431,-801114.8503321466
2025-01-20 01:00:00,0.0,0.13984071928782177,0.3592290262647252,-798093.2052403202
2025-01-20 02:00:00,0.0,0.13515949079926998,0.35934691522032586,-797920.3690978523
2025-01-20 03:00:00,0.0,0.17865742367681753,0.3594648713916958,-807341.9073063339
2025-01-20 04:00:00,0.0,0.13808034514257775,0.3595828947181514,-723289.6624985898
2025-01-20 05:00:00,0.0,0.17295095077440092,0.3597009851389744,-771722.8597536876
2025-01-20 06:00:00,0.0,0.19604684514483042,0.35981914259341186,-742178.7125196666
2025-01-20 07:00:00,0.015437168866481847,0.13680024081687048,0.3599373670206768,-706259.902183289
2025-01-20 08:00:00,0.02982232018584071,0.207862869505812,0.36005565835994713,-683635.2333610994
2025-01-20 09:00:00,0.04217512966824886,0.1927287540787487,0.360174016550367,-739917.3787970991
2025-01-20 10:00:00,0.051653773761463045,0.17733840703677947,0.3602924415310457,-667427.8832139198
2025-01-20 11:00:00,0.05761229853473072,0.18176619953590234,0.3604109332410585,-657791.8656014316
2025-01-20 12:00:00,0.059644640371681434,0.19937323302174537,0.3605294916194459,-689144.7029483464
2025-01-20 13:00:00,0.05761229853473072,0.13930835794288843,0.3606481166052147,-664734.271752126
2025-01-20 14:00:00,0.05165377376146305,0.2119358287188413,0.36076680813733686,-670750.201616608
2025-01-20 15:00:00,0.042175129668248865,0.17085784492972783,0.36088556615475037,-716346.4478368647
2025-01-20 16:00:00,0.02982232018584071,0.13844645864219388,0.36100439059635914,-652600.2709691399
2025-01-20 17:00:00,0.015437168866481863,0.13609859909729408,0.3611232814010326,-656460.3406312709
2025-01-20 18:00:00,7.304361791747467e-18,0.14982954429710643,0.36124223850760634,-760623.8618137529
2025-01-20 19:00:00,0.0,0.20744638033820473,0.3613612618548816,-735012.6599684412
2025-01-20 20:00:00,0.0,0.18289127686961218,0.36148035138162576,-729924.9975122964
2025-01-20 21:00:00,0.0,0.20185503978633446,0.36159950702657184,-760333.5034638245
2025-01-20 22:00:00,0.0,0.21244982390235725,0.3617187287284193,-805269.5823870471
2025-01-20 23:00:00,0.0,0.2100915324048489,0.3618380164258332,-767725.569688108
2025-01-21 00:00:00,0.0,0.18856216724411962,0.36195737005744477,-755179.5764228504
2025-01-21 01:00:00,0.0,0.19964696887332023,0.36207678956185146,-750127.4000849638
2025-01-21 02:00:00,0.0,0.1604084753531825,0.36219627487761663,-750529.4803937549
2025-01-21 03:00:00,0.0,0.17768191746829542,0.36231582594327,-792466.1901228579
2025-01-21 04:00:00,0.0,0.15914737004368534,0.36243544269730715,-714544.3358545722
2025-01-21 05:00:00,0.0,0.15106501958874996,0.3625551250781903,-720516.2223944134
2025-01-21 06:00:00,0.0,0.17801400961898797,0.3626748730243475,-727004.1044313246
2025-01-21 07:00:00,0.016449559853902417,0.21458426485540777,0.3627946864741733,-762122.2402149674
2025-01-21 08:00:00,0.03177810938794435,0.21289856763353435,0.36291456536602856,-703920.4292127723
2025-01-21 09:00:00,0.04494103328300667,0.18905918979709763,0.3630345096382402,-664053.2411105031
2025-01-21 10:00:00,0.05504130002840114,0.17764843208945444,0.36315451922910186,-673839.9636242307
2025-01-21 11:00:00,0.0613905931369091,0.20215624980728775,0.3632745940768734,-688583.4800752056
2025-01-21 12:00:00,0.06355621877588871,0.15084283507487561,0.36339473411978107,-650744.500943164
2025-01-21 13:00:00,0.0613905931369091,0.14130589644066988,0.36351493929601775,-707176.1430983075
2025-01-21 14:00:00,0.055041300028401144,0.1824098459240551,0.36363520954374257,-680293.9873564878
2025-01-21 15:00:00,0.044941033283006686,0.1473798313280544,0.36375554480108147,-692423.170456288
2025-01-21 16:00:00,0.03177810938794435,0.1452645171808493,0.3638759450061266,-672718.170072738
2025-01-21 17:00:00,0.01644955985390243,0.19248874151935816,0.363996410096937,-697001.8981037833
2025-01-21 18:00:00,7.783391988980102e-18,0.16658435754566583,0.36411694001153827,-697717.9330867974
2025-01-21 19:00:00,0.0,0.14148161225159614,0.3642375346879224,-699894.9443977681
2025-01-21 20:00:00,0.0,0.13584502923518368,0.36435819406404846,-746597.5491014026
2025-01-21 21:00:00,0.0,0.14976261883029787,0.364478918077842,-731119.7702006008
2025-01-21 22:00:00,0.0,0.1972831190792103,0.3645997066671954,-763641.258962202
2025-01-21 23:00:00,0.0,0.18087369445081425,0.36472055976996764,-778700.4019799919
2025-01-22 00:00:00,0.0,0.17536037215541517,0.36484147732398475,-701434.5146636504
2025-01-22 01:00:00,0.0,0.16585189686734644,0.36496245926703946,-759543.5681287703
2025-01-22 02:00:00,0.0,0.1679948625440965,0.36508350553689145,-759971.2219407682
2025-01-22 03:00:00,0.0,0.14456333795312293,0.36520461607126725,-742010.300325859
2025-01-22 04:00:00,0.0,0.16060987605707785,0.3653257908078604,-773350.5726965803
2025-01-22 05:00:00,0.0,0.15127473069494357,0.3654470296843312,-768711.0097973037
2025-01-22 06:00:00,0.0,0.16244600826247604,0.3655683326383073,-699597.0207974791
2025-01-22 07:00:00,0.017491588632704034,0.1685566414545839,0.3656896996073831,-717940.4413098802
2025-01-22 08:00:00,0.033791154406306236,0.1651696459279105,0.36581113052912023,-714968.2589257703
2025-01-22 09:00:00,0.04778790884964165,0.138232969235603,0.36593262534104726,-692433.0947647584
2025-01-22 10:00:00,0.05852799627812735,0.1649698997977223,0.3660541839806601,-695487.4011526755
2025-01-22 11:00:00,0.0652794974823457,0.16513372525878223,0.3661758063854216,-685570.5563882022
2025-01-22 12:00:00,0.06758230881261248,0.21035248135681384,0.366297492492762,-665829.6788972878
2025-01-22 13:00:00,0.0652794974823457,0.2157209489632091,0.3664192422400786,-683845.1587066812
2025-01-22 14:00:00,0.05852799627812735,0.1369041807513248,0.36654105556473615,-657339.1823907892
2025-01-22 15:00:00,0.04778790884964166,0.15255339560908243,0.3666629324040664,-682752.1006590077
2025-01-22 16:00:00,0.033791154406306236,0.20944263808532085,0.36678487269536886,-712772.1455010109
2025-01-22 17:00:00,0.01749158863270405,0.17159960813505218,0.36690687637590985,-693182.7470050082
2025-01-22 18:00:00,8.276445816635383e-18,0.1738027744148597,0.36702894338292363,-707196.7305322118
2025-01-22 19:00:00,0.0,0.17998620550652844,0.3671510736536115,-692261.277063392
2025-01-22 20:00:00,0.0,0.2162667723071473,0.36727326712514236,-694186.7679979344
2025-01-22 21:00:00,0.0,0.14052023910142203,0.3673955237346525,-773817.4834024983
2025-01-22 22:00:00,0.0,0.1621965158853969,0.3675178434192459,-767673.1984601719
2025-01-22 23:00:00,0.0,0.19192606446108618,0.367640226115994,-805556.063944816
2025-01-23 00:00:00,0.0,0.21052556355513363,0.3677626717619358,-765341.3818029707
2025-01-23 01:00:00,0.0,0.185698117725959,0.36788518029407774,-793987.428479057
2025-01-23 02:00:00,0.0,0.1993966014554126,0.3680077516493944,-753678.4439999381
2025-01-23 03:00:00,0.0,0.1907365464989489,0.36813038576482754,-756520.7449701708
2025-01-23 04:00:00,0.0,0.1723221991814886,0.3682530825772869,-747843.2204278255
2025-01-23 05:00:00,0.0,0.19576463937438868,0.36837584202364987,-757084.8864204091
2025-01-23 06:00:00,0.0,0.18345608451930917,0.3684986640407617,-779984.5064746696
2025-01-23 07:00:00,0.018562946427270743,0.16495154821616748,0.3686215485654352,-750997.9579769252
2025-01-23 08:00:00,0.0358608587322424,0.18959999390059137,0.3687444955344515,-708403.4466128058
2025-01-23 09:00:00,0.05071491277748284,0.1430927990047329,0.3688675048845591,-668468.7890373982
2025-01-23 10:00:00,0.062112829327293874,0.203360450128637,0.36899057655247464,-644641.8062232757
2025-01-23 11:00:00,0.0692778592047536,0.15105372229214156,0.36911371047488284,-641628.7013871856
2025-01-23 12:00:00,0.07172171746448482,0.19359572120769553,0.36923690658843605,-696995.3960785008
2025-01-23 13:00:00,0.0692778592047536,0.19690681284568398,0.3693601648297549,-611808.7659184175
2025-01-23 14:00:00,0.06211282932729389,0.1400147777319319,0.36948348513542806,-684054.9225976004
2025-01-23 15:00:00,0.05071491277748284,0.20109222596027135,0.369606867442012,-624234.7247371792
2025-01-23 16:00:00,0.0358608587322424,0.16109908792213498,0.3697303116860316,-709162.8173536434
2025-01-23 17:00:00,0.018562946427270764,0.2190220020176561,0.3698538178039797,-694096.1913797444
2025-01-23 18:00:00,8.783377172223214e-18,0.1435198203411678,0.3699773857323174,-709220.5385173534
2025-01-23 19:00:00,0.0,0.16398248069581148,0.3701010154074739,-739722.4002084445
2025-01-23 20:00:00,0.0,0.1682491478623279,0.3702247067658468,-666287.0817494788
2025-01-23 21:00:00,0.0,0.15200037319821968,0.3703484597438017,-785263.5564621981
2025-01-23 22:00:00,0.0,0.1722249790084961,0.3704722742776728,-764530.8498495206
2025-01-23 23:00:00,0.0,0.19127774399412145,0.37059615030376236,-741183.2340322352
2025-01-24 00:00:00,0.0,0.1406402635726523,0.37072008775834125,-782972.2330827846
2025-01-24 01:00:00,0.0,0.18641466828095168,0.3708440865776486,-796255.9933331286
2025-01-24 02:00:00,0.0,0.196759005709214,0.370968146697892,-746964.34461423
2025-01-24 03:00:00,0.0,0.15155063484052445,0.3710922680552475,-731125.8545196254
2025-01-24 04:00:00,0.0,0.19052827040415116,0.3712164505858595,-767246.4539403068
2025-01-24 05:00:00,0.0,0.16855048144271778,0.3713406942258413,-730313.9802529843
2025-01-24 06:00:00,0.0,0.21048122453644483,0.3714649989112743,-706173.5153978707
2025-01-24 07:00:00,0.019663315771166225,0.21559776363259098,0.371589364578209,-727928.8441016894
2025-01-24 08:00:00,0.0379866090676932,0.20958482377048115,0.371713791162664,-698089.3386434313
2025-01-24 09:00:00,0.053721177732096524,0.1595493090377369,0.3718382786006269,-733444.0283488351
2025-01-24 10:00:00,0.06579473691250126,0.16707301395419272,0.371962826828054,-723402.2523514157
2025-01-24 11:00:00,0.07338449350326276,0.14324368518719294,0.3720874357808701,-728816.1440134699
2025-01-24 12:00:00,0.07597321813538642,0.1913184394539461,0.372212105394969,-661593.6583399978
2025-01-24 13:00:00,0.07338449350326276,0.21164353427440952,0.3723368356062131,-648704.096957406
2025-01-24 14:00:00,0.06579473691250126,0.20095254437015375,0.3724616263504337,-675604.7702026853
2025-01-24 15:00:00,0.05372117773209653,0.19892709656034124,0.37258647756343116,-687258.0529519862
2025-01-24 16:00:00,0.0379866090676932,0.20014206623632216,0.3727113891809743,-655080.3503300943
2025-01-24 17:00:00,0.019663315771166243,0.15832268091832746,0.37283636113880125,-709400.3214904749
2025-01-24 18:00:00,9.304035841042462e-18,0.210132697316353,0.37296139337261885,-702111.3741071876
2025-01-24 19:00:00,0.0,0.16294995086035596,0.37308648581810316,-678438.9957341071
2025-01-24 20:00:00,0.0,0.20617838043257666,0.37321163841089905,-737942.0137954265
2025-01-24 21:00:00,0.0,0.15939966648679613,0.3733368510866205,-751279.8342733314
2025-01-24 22:00:00,0.0,0.1430041745176976,0.3734621237808508,-721105.2531578797
2025-01-24 23:00:00,0.0,0.14527872585393387,0.37358745642914193,-742211.9967042027
2025-01-25 00:00:00,0.0,0.20708882950956134,0.3737128489670154,-781885.2175408907
2025-01-25 01:00:00,0.0,0.1994192411408213,0.37383830132996176,-793941.4247460724
2025-01-25 02:00:00,0.0,0.14690881208624074,0.3739638134534408,-772618.152410658
2025-01-25 03:00:00,0.0,0.21512772536771363,0.3740893852728816,-714582.279371026
2025-01-25 04:00:00,0.0,0.20697702536993795,0.3742150167236825,-788058.414982719
2025-01-25 05:00:00,0.0,0.20488147349138794,0.37434070774121114,-721141.9471496177
2025-01-25 06:00:00,0.0,0.21727275591884185,0.3744664582608045,-731486.4861883188
2025-01-25 07:00:00,0.02079237060120596,0.19968377689159367,0.37459226821776903,-743936.3474402692
2025-01-25 08:00:00,0.0401677755069568,0.20548497919630448,0.3747181375473804,-745591.5227532231
2025-01-25 09:00:00,0.05680581289229613,0.19110339526827314,0.37484406618488425,-680892.25441095
2025-01-25 10:00:00,0.0695726280050699,0.1731699696897645,0.37497005406549494,-710100.0937845833
2025-01-25 11:00:00,0.0775981834935021,0.19681234505586864,0.37509610112439706,-684638.1160415829
2025-01-25 12:00:00,0.08033555101391361,0.16173788977186326,0.3752222072967443,-728212.8854721551
2025-01-25 13:00:00,0.0775981834935021,0.20160371745394556,0.3753483725176602,-682171.2143035599
2025-01-25 14:00:00,0.0695726280050699,0.1439971878360235,0.3754745967222377,-691064.1390432098
2025-01-25 15:00:00,0.056805812892296144,0.17485839150788982,0.3756008798455396,-695893.2148947562
2025-01-25 16:00:00,0.0401677755069568,0.201907471505295,0.3757272218225982,-676668.7694266476
2025-01-25 17:00:00,0.020792370601205985,0.1512950052327826,0.3758536225884157,-688109.9370138324
2025-01-25 18:00:00,9.838267540692822e-18,0.19663297422161247,0.375980082077964,-713987.312031316
2025-01-25 19:00:00,0.0,0.19634812042156036,0.37610660022618475,-755322.4673699442
2025-01-25 20:00:00,0.0,0.20101196848433076,0.37623317696798947,-719195.0806287349
2025-01-25 21:00:00,0.0,0.21457390107602028,0.37635981223825943,-761688.9226275072
2025-01-25 22:00:00,0.0,0.1730510018084907,0.37648650597184585,-720146.6280302979
2025-01-25 23:00:00,0.0,0.1820273656853261,0.37661325810357,-768384.2018298948
2025-01-26 00:00:00,0.0,0.21009566982275465,0.37674006856822284,-769127.4560718532
2025-01-26 01:00:00,0.0,0.16763766284954829,0.37686693730056564,-789882.2694369112
2025-01-26 02:00:00,0.0,0.15578085327138472,0.37699386423532943,-800390.9388983209
2025-01-26 03:00:00,0.0,0.22246472120750083,0.3771208493072154,-789697.4155882908
2025-01-26 04:00:00,0.0,0.1828165856357563,0.37724789245089485,-789320.1558453058
2025-01-26 05:00:00,0.0,0.19599260932584642,0.37737499360100923,-739402.8543746494
2025-01-26 06:00:00,0.0,0.2040912479667946,0.37750215269216997,-722313.8842882935
2025-01-26 07:00:00,0.0219497763540768,0.170374989321042,0.3776293696589589,-705651.9369157149
2025-01-26 08:00:00,0.04240371172334377,0.21899342177473638,0.37775664443592805,-702648.2956518936
2025-01-26 09:00:00,0.05996790421411177,0.18437212010300272,0.37788397695759945,-697209.5682337937
2025-01-26 10:00:00,0.07344538313433545,0.22342674563768572,0.3780113671584659,-662832.3712272091
2025-01-26 11:00:00,0.08191768056818857,0.21889546147605896,0.3781388149729901,-696059.1292579639
2025-01-26 12:00:00,0.08480742344668755,0.21595159727043065,0.37826632033560526,-683480.7702350277
2025-01-26 13:00:00,0.08191768056818857,0.15109278590041927,0.37839388318071504,-669017.7494928412
2025-01-26 14:00:00,0.07344538313433546,0.17553430282118984,0.3785215034426934,-646091.8301823282
2025-01-26 15:00:00,0.05996790421411178,0.16317629372777986,0.37864918105588496,-709615.1775280834
2025-01-26 16:00:00,0.04240371172334377,0.18320676905558747,0.3787769159546046,-741346.5603308594
2025-01-26 17:00:00,0.021949776354076824,0.18267043835758565,0.3789047080731379,-699184.372360353
2025-01-26 18:00:00,1.038591396679201e-17,0.18020332788813642,0.3790325573457408,-675304.0867759152
2025-01-26 19:00:00,0.0,0.22518404758615396,0.3791604637066403,-724216.3957157464
2025-01-26 20:00:00,0.0,0.1699712054193534,0.3792884270900334,-703174.9078273205
2025-01-26 21:00:00,0.0,0.15764540296421492,0.3794164474300882,-767597.5144780967
2025-01-26 22:00:00,0.0,0.18698642352328398,0.3795445246609433,-755344.7152133828
2025-01-26 23:00:00,0.0,0.2218300479817674,0.37967265871670824,-790043.2508118817
2025-01-27 00:00:00,0.0,0.14412668878861848,0.3798008495314631,-797796.5928767292
2025-01-27 01:00:00,0.0,0.20586191500580653,0.37992909703925876,-739617.6131914099
2025-01-27 02:00:00,0.0,0.18094638885996095,0.3800574011741172,-775205.8075139128
2025-01-27 03:00:00,0.0,0.19857330683961205,0.380185761870031,-755772.5637742977
2025-01-27 04:00:00,0.0,0.21412143739270728,0.38031417906096376,-739733.1662081429
2025-01-27 05:00:00,0.0,0.16572724433757782,0.38044265268085004,-779863.4420385181
2025-01-27 06:00:00,0.0,0.1894089284276829,0.3805711826635952,-739151.231646206
2025-01-27 07:00:00,0.023135190065475313,0.1608176253495253,0.3806997689430758,-735788.529875626
2025-01-27 08:00:00,0.04469375516069777,0.16042208866825658,0.3808284114531392,-692185.6463124467
2025-01-27 09:00:00,0.0632065147016413,0.21346192033646655,0.3809571101276042,-677891.6997708176
2025-01-27 10:00:00,0.07741185471937226,0.22848191160528458,0.3810858649002604,-658574.3545659094
2025-01-27 11:00:00,0.08634170476711663,0.15707138156259137,0.3812146757048687,-702731.5878798177
2025-01-27 12:00:00,0.08938751032139555,0.19517138019730187,0.38134354247516117,-687029.0410657413
2025-01-27 13:00:00,0.08634170476711663,0.15073100709655743,0.3814724651448408,-679922.4441262017
2025-01-27 14:00:00,0.07741185471937227,0.17429831892348147,0.38160144364758214,-640179.9984110771
2025-01-27 15:00:00,0.0632065147016413,0.20492348930813886,0.3817304779170311,-663672.5765620308
2025-01-27 16:00:00,0.04469375516069777,0.16465349236398005,0.3818595678868044,-761656.728189559
2025-01-27 17:00:00,0.02313519006547534,0.1754434810027277,0.3819887134904907,-681820.5049825666
2025-01-27 18:00:00,1.0946812839884806e-17,0.1493822520402679,0.38211791466164974,-713493.8200562007
2025-01-27 19:00:00,0.0,0.18125374103064862,0.3822471713338126,-719813.0719522574
2025-01-27 20:00:00,0.0,0.22387358237748295,0.3823764834404819,-745233.0765972404
2025-01-27 21:00:00,0.0,0.16661093805981417,0.3825058509151319,-777939.503828131
2025-01-27 22:00:00,0.0,0.21876704357912147,0.38263527369120814,-763734.9338477221
2025-01-27 23:00:00,0.0,0.23044114083876843,0.3827647517021277,-808638.0267866171
2025-01-28 00:00:00,0.0,0.2183802800434477,0.3828942848812796,-745166.5993527279
2025-01-28 01:00:00,0.0,0.17386161903188216,0.3830238731620239,-750486.0980707036
2025-01-28 02:00:00,0.0,0.2012848411171854,0.38315351647769275,-758923.5851314261
2025-01-28 03:00:00,0.0,0.1844096844015538,0.38328321476158994,-766432.102954925
2025-01-28 04:00:00,0.0,0.2062700691133459,0.38341296794699087,-753570.611373612
2025-01-28 05:00:00,0.0,0.21622871857363585,0.38354277596714265,-732518.2209711522
2025-01-28 06:00:00,0.0,0.21552797669523913,0.3836726387552644,-742620.5245401792
2025-01-28 07:00:00,0.02434826047173549,0.17821466678672263,0.3838025562445469,-711993.230244891
2025-01-28 08:00:00,0.04703722722972513,0.17543357129305498,0.38393252836815267,-687778.0904718208
2025-01-28 09:00:00,0.06652068468470232,0.16157858683940662,0.3840625550592164,-703577.2514427939
2025-01-28 10:00:00,0.0814708674090462,0.17978884186449082,0.38419263625084454,-680300.7487777619
2025-01-28 11:00:00,0.09086894515643783,0.1504973751749077,0.38432277187611563,-670987.0261533089
2025-01-28 12:00:00,0.09407445445945027,0.15037090314794302,0.3844529618680799,-670963.7870071512
2025-01-28 13:00:00,0.09086894515643783,0.18393234206341397,0.38458320615976016,-673159.9278599448
2025-01-28 14:00:00,0.0814708674090462,0.22771690251154367,0.38471350468415055,-630007.8443440652
2025-01-28 15:00:00,0.06652068468470233,0.21543358913562471,0.38484385737421795,-624040.1541897763
2025-01-28 16:00:00,0.04703722722972513,0.22654737657659135,0.38497426416290104,-658386.0961817385
2025-01-28 17:00:00,0.02434826047173552,0.22656087207484923,0.38510472498311077,-700439.9149142231
2025-01-28 18:00:00,1.1520797953529923e-17,0.18362490727990444,0.3852352397677304,-732068.5984274485
2025-01-28 19:00:00,0.0,0.21133921042971077,0.38536580844961515,-745894.9037028659
2025-01-28 20:00:00,0.0,0.2096770269848622,0.3854964309615929,-775328.0800823651
2025-01-28 21:00:00,0.0,0.15445523301630293,0.3856271072364633,-750453.7123521334
2025-01-28 22:00:00,0.0,0.21919913963838208,0.3857578372069988,-733387.0729485083
2025-01-28 23:00:00,0.0,0.16660553527099675,0.3858886208059441,-730757.2894298445
2025-01-29 00:00:00,0.0,0.22824673062050907,0.38601945796601633,-746722.3745396045
2025-01-29 01:00:00,0.0,0.1562858416586934,0.38615034861990494,-793829.8593966146
2025-01-29 02:00:00,0.0,0.16635171347230615,0.3862812927002719,-760162.0825738306
2025-01-29 03:00:00,0.0,0.21166750252623176,0.38641229013975187,-754686.6042055552
2025-01-29 04:00:00,0.0,0.233481309923859,0.3865433408709518,-774450.6725904563
2025-01-29 05:00:00,0.0,0.22205436297631748,0.3866744448264514,-740871.405386927
2025-01-29 06:00:00,0.0,0.22064928531540315,0.38680560193880287,-760441.7197150108
2025-01-29 07:00:00,0.025588628113915754,0.16985168979564197,0.3869368121405313,-738206.6793619014
2025-01-29 08:00:00,0.04943343350907551,0.1716966944601956,0.38706807536413423,-712854.2077192586
2025-01-29 09:00:00,0.06990943210320322,0.22113740057255052,0.3871993915420819,-746419.4378647859
2025-01-29 10:00:00,0.08562121843029664,0.23036344597679054,0.3873307606068175,-683494.7131016498
2025-01-29 11:00:00,0.09549806021711897,0.210869343161131,0.387462182490757,-663802.9480972849
2025-01-29 12:00:00,0.09886686701815103,0.20069388908044716,0.38759365712628896,-648451.7011279834
2025-01-29 13:00:00,0.09549806021711897,0.18764855763994434,0.38772518444577503,-660784.7267526302
2025-01-29 14:00:00,0.08562121843029666,0.17696845266149808,0.38785676438154965,-672856.3907557533
2025-01-29 15:00:00,0.06990943210320323,0.2238943699359608,0.38798839686592024,-659092.7447259254
2025-01-29 16:00:00,0.04943343350907551,0.1894545241157506,0.3881200818311672,-696285.1001006669
2025-01-29 17:00:00,0.025588628113915782,0.15145884763203146,0.3882518192095439,-705965.3430032991
2025-01-29 18:00:00,1.2107699223550569e-17,0.15474549045208097,0.3883836089332766,-702306.7902486572
2025-01-29 19:00:00,0.0,0.19396958192814306,0.388515450934565,-676834.9174637523
2025-01-29 20:00:00,0.0,0.18249820090012253,0.3886473451455815,-729228.8091498044
2025-01-29 21:00:00,0.0,0.16556154211954202,0.38877929149847196,-730069.8228391447
2025-01-29 22:00:00,0.0,0.169210667744843,0.38891128992535523,-771030.1146268839
2025-01-29 23:00:00,0.0,0.22616935094646876,0.38904334035832333,-715830.8711876761
2025-01-30 00:00:00,0.0,0.17906683350189545,0.3891754427294417,-774208.9325163104
2025-01-30 01:00:00,0.0,0.21295968600040852,0.3893075969707489,-763210.2699277654
2025-01-30 02:00:00,0.0,0.21837340441739606,0.38943980301425707,-793661.3223887393
2025-01-30 03:00:00,0.0,0.19694231984452834,0.38957206079195117,-766541.7773886011
2025-01-30 04:00:00,0.0,0.2330916068210839,0.3897043702357902,-750120.9895626294
2025-01-30 05:00:00,0.0,0.17998491746646786,0.38983673127770613,-724307.5989946121
2025-01-30 06:00:00,0.0,0.2144972730846241,0.3899691438496044,-716021.460467632
2025-01-30 07:00:00,0.026855925444314397,0.1611373809756814,0.39010160788336423,-693086.390189916
2025-01-30 08:00:00,0.05188166395111399,0.22511851327576632,0.3902341233108382,-677433.9384448063
2025-01-30 09:00:00,0.0733717527981487,0.22555112889525286,0.39036669006385233,-687045.347456527
2025-01-30 10:00:00,0.0898616779445441,0.19592135816085177,0.39049930807420635,-674490.0134915039
2025-01-30 11:00:00,0.1002276782424631,0.17245581250906383,0.39063197727367366,-691489.1579614079
2025-01-30 12:00:00,0.10376332790222799,0.22881945484562852,0.39076469759400134,-640921.0431156977
2025-01-30 13:00:00,0.1002276782424631,0.2122114800959241,0.3908974689669099,-618011.2603362622
2025-01-30 14:00:00,0.08986167794454411,0.1735036816704654,0.3910302913240941,-664478.0042255908
2025-01-30 15:00:00,0.07337175279814871,0.198621434180551,0.39116316459722195,-623429.3282045166
2025-01-30 16:00:00,0.05188166395111399,0.1945385834884064,0.39129608871793553,-706575.0134789833
2025-01-30 17:00:00,0.026855925444314425,0.2104680061943255,0.3914290636178507,-702046.0053676637
2025-01-30 18:00:00,1.2707342738434075e-17,0.1838732837214923,0.39156208922855723,-669334.7199934545
2025-01-30 19:00:00,0.0,0.1521225378870539,0.3916951654816188,-716292.2237965973
2025-01-30 20:00:00,0.0,0.20740444632719,0.391828292308573,-749885.2547642147
2025-01-30 21:00:00,0.0,0.2072954933867556,0.3919614696409315,-737557.378695059
2025-01-30 22:00:00,0.0,0.1959546871206973,0.39209469741017977,-756358.1638588868
2025-01-30 23:00:00,0.0,0.1844524604023815,0.39222797554777755,-744543.397149073
2025-01-31 00:00:00,0.0,0.22910890883813795,0.39236130398515845,-753016.7657648567
2025-01-31 01:00:00,0.0,0.23403809194629066,0.39249468265373055,-724642.444346406
2025-01-31 02:00:00,0.0,0.22193791501887217,0.39262811148487575,-798804.4390296859
2025-01-31 03:00:00,0.0,0.21751546753243886,0.39276159040995035,-788103.1144503759
2025-01-31 04:00:00,0.0,0.20158019020977913,0.3928951193602847,-730016.3899256585
2025-01-31 05:00:00,0.0,0.20852345345872403,0.3930286982671836,-761412.33650776
2025-01-31 06:00:00,0.0,0.23816631589599124,0.393162327061926,-679838.9295378187
2025-01-31 07:00:00,0.028149776935381905,0.16079182534182024,0.3932960056757653,-730135.6247570952
2025-01-31 08:00:00,0.05438119309232345,0.1741363828566112,0.3934297340399292,-663386.2367104996
2025-01-31 09:00:00,0.0769066208091939,0.15921910044248905,0.39356351208561974,-663275.3021294493
2025-01-31 10:00:00,0.09419098941211787,0.17080044885007425,0.3936973397440136,-690344.5805884749
2025-01-31 11:00:00,0.10505639774457581,0.1800261050472812,0.3938312169462618,-698449.7560942374
2025-01-31 12:00:00,0.10876238618464691,0.19685761760922965,0.39396514362348983,-639766.5283812884
2025-01-31 13:00:00,0.10505639774457581,0.1945021278207063,0.39409911970679784,-702772.2343045531
2025-01-31 14:00:00,0.09419098941211788,0.16407765986448214,0.3942331451272605,-632440.8889663401
2025-01-31 15:00:00,0.07690662080919392,0.23090019689489047,0.3943672198159271,-662741.5921376933
2025-01-31 16:00:00,0.05438119309232345,0.19397870713021767,0.3945013437038215,-669314.0994155041
2025-01-31 17:00:00,0.028149776935381936,0.18550546072947646,0.39463551672194264,-717782.7976471211
2025-01-31 18:00:00,1.3319550810865613e-17,0.17074972170653868,0.39476973880126354,-711525.6672663143
2025-01-31 19:00:00,0.0,0.19074043993112993,0.3949040098727325,-665964.6615531447
2025-01-31 20:00:00,0.0,0.17147919897235397,0.39503832986727255,-746899.2095780387
2025-01-31 21:00:00,0.0,0.23781627510038256,0.39517269871578115,-733721.7188105716
2025-01-31 22:00:00,0.0,0.17054174431180402,0.3953071163491311,-769870.6820791173
2025-01-31 23:00:00,0.0,0.15548063818880817,0.3954415826981699,-759014.0266709246
2025-02-01 00:00:00,0.0,0.18546798286616897,0.3955760976937201,-716159.492141911
2025-02-01 01:00:00,0.0,0.1515022804131673,0.395710661266579,-759339.2417170545
2025-02-01 02:00:00,0.0,0.2163527028334761,0.39584527334751907,-743765.4136443294
2025-02-01 03:00:00,0.0,0.23900231339076006,0.3959799338672878,-795021.6524251418
2025-02-01 04:00:00,0.0,0.15407545592290894,0.39611464275660774,-732090.2558519552
2025-02-01 05:00:00,0.0,0.17331377796700392,0.39624939994617664,-707810.7945730118
2025-02-01 06:00:00,0.0,0.21092437204245196,0.39638420536666724,-745736.0664531233
2025-02-01 07:00:00,0.029469799190997875,0.16368498643078133,0.39651905894872763,-741277.3444223341
2025-02-01 08:00:00,0.05693128026827507,0.19472643130305956,0.3966539606229811,-736494.1461923192
2025-02-01 09:00:00,0.08051298867865839,0.24158869935894597,0.396788910320026,-658799.006570996
2025-02-01 10:00:00,0.09860786996459593,0.1694998018632663,0.3969239079704363,-664525.0403752043
2025-02-01 11:00:00,0.10998278786965628,0.1639672643382809,0.39705895350476095,-674943.1669149476
2025-02-01 12:00:00,0.11386256053655015,0.18639079624049612,0.3971940468535246,-686313.9352539573
2025-02-01 13:00:00,0.10998278786965628,0.24049205253077477,0.397329187947227,-714434.9324054564
2025-02-01 14:00:00,0.09860786996459595,0.18478785106940362,0.39746437671634366,-622870.3044644443
2025-02-01 15:00:00,0.0805129886786584,0.19718804769969037,0.3975996130913252,-677803.9868110789
2025-02-01 16:00:00,0.05693128026827507,0.17369819069471715,0.39773489700259795,-690514.4451914524
2025-02-01 17:00:00,0.029469799190997906,0.17762630573078322,0.39787022838056385,-700101.4962083807
2025-02-01 18:00:00,1.3944142030380788e-17,0.219654013291205,0.3980056071556004,-689853.1667510477
2025-02-01 19:00:00,0.0,0.18885136460429888,0.39814103325806055,-708660.8008398083
2025-02-01 20:00:00,0.0,0.19326702349486913,0.39827650661827296,-737818.103979247
2025-02-01 21:00:00,0.0,0.24229658233060059,0.39841202716654217,-688720.7382623404
2025-02-01 22:00:00,0.0,0.21057173414064848,0.39854759483314806,-755144.5257816626
2025-02-01 23:00:00,0.0,0.1832572164240952,0.3986832095483468,-743190.2967727305
2025-02-02 00:00:00,0.0,0.23782682433593536,0.39881887124236975,-788022.1686121647
2025-02-02 01:00:00,0.0,0.1685904596618502,0.3989545798454247,-763695.348341496
2025-02-02 02:00:00,0.0,0.15906922998482287,0.3990903352876949,-751551.4428112844
2025-02-02 03:00:00,0.0,0.18437537340776658,0.39922613749933955,-768689.6578800901
2025-02-02 04:00:00,0.0,0.2189813347511713,0.399361986410494,-727011.8280280447
2025-02-02 05:00:00,0.0,0.2280286084983788,0.3994978819512693,-739372.633352679
2025-02-02 06:00:00,0.0,0.2099006656958022,0.39963382405175274,-738563.6099599533
2025-02-02 07:00:00,0.03081560106007955,0.1853799647027973,0.39976981264200745,-709776.804414462
2025-02-02 08:00:00,0.059531169833103255,0.20000769044212136,0.39990584765207304,-685619.728639241
2025-02-02 09:00:00,0.0841897877619107,0.2393575216458416,0.4000419290119646,-669518.7909943844
2025-02-02 10:00:00,0.10311101078494649,0.19386458922154456,0.40017805665167394,-654050.4131874428
2025-02-02 11:00:00,0.11500538882199025,0.2182129156757812,0.4003142305011688,-712974.689741752
2025-02-02 12:00:00,0.11906233966620654,0.1745758132024865,0.4004504504903932,-686960.554546466
2025-02-02 13:00:00,0.11500538882199025,0.1793322689360765,0.4005867165492674,-641317.7807950109
2025-02-02 14:00:00,0.1031110107849465,0.24203459734458452,0.4007230286076881,-634914.234867616
2025-02-02 15:00:00,0.08418978776191072,0.17478659414727638,0.40085938659552794,-656609.9469295125
2025-02-02 16:00:00,0.059531169833103255,0.1684356798244765,0.4009957904426365,-646151.3909697316
2025-02-02 17:00:00,0.03081560106007959,0.22021368511993403,0.40113224007883935,-669728.1868077492
2025-02-02 18:00:00,1.4580931317121478e-17,0.17981105365184033,0.40126873543393865,-669893.5882271735
2025-02-02 19:00:00,0.0,0.17853871226441703,0.401405276437713,-731085.2982108402
2025-02-02 20:00:00,0.0,0.20161934143742077,0.40154186301991757,-708961.5257715163
2025-02-02 21:00:00,0.0,0.1653170900926333,0.401678495110284,-745681.993186299
2025-02-02 22:00:00,0.0,0.22687215177676442,0.4018151726385205,-729326.5801653424
2025-02-02 23:00:00,0.0,0.18131822453137128,0.4019518955343121,-784793.1928115778
2025-02-03 00:00:00,0.0,0.2070406284510824,0.4020886637273203,-748554.4680018399
2025-02-03 01:00:00,0.0,0.19290442805693583,0.4022254771471834,-752179.0303163109
2025-02-03 02:00:00,0.0,0.21481013577863692,0.4023623357235162,-774220.8799884886
2025-02-03 03:00:00,0.0,0.20246913050562299,0.4024992393859107,-732447.8851631462
2025-02-03 04:00:00,0.0,0.20511940983129617,0.4026361880639353,-736868.028902709
2025-02-03 05:00:00,0.0,0.17692899765875483,0.40277318168713544,-733692.5521143209
2025-02-03 06:00:00,0.0,0.21069721281810339,0.4029102201850334,-721935.3145314038
2025-02-03 07:00:00,0.03218678375248834,0.2285229832611315,0.40304730348712847,-717066.1041190488
2025-02-03 08:00:00,0.0621800913834197,0.1732878336565628,0.4031844315228966,-726611.5632493376
2025-02-03 09:00:00,0.08793592854403057,0.21997469421178295,0.4033216042217911,-711955.393977161
2025-02-03 10:00:00,0.10769907749535869,0.21706051945994975,0.40345882151324197,-629752.2661035024
2025-02-03 11:00:00,0.12012271229651891,0.23427346412903904,0.40359608332665653,-714887.9272871246
2025-02-03 12:00:00,0.12436018276683942,0.2088356750372126,0.403733389591419,-639075.5489920405
2025-02-03 13:00:00,0.12012271229651891,0.2025223862700441,0.40387074023689096,-683098.8506936685
2025-02-03 14:00:00,0.1076990774953587,0.16307152364501273,0.40400813519241086,-647409.9485822655
2025-02-03 15:00:00,0.0879359285440306,0.18792902826855987,0.40414557438729454,-686683.5034762598
2025-02-03 16:00:00,0.0621800913834197,0.20088373327740028,0.4042830577508351,-700270.2238010032
2025-02-03 17:00:00,0.032186783752488374,0.15780512871209088,0.4044205852123028,-729803.4033323438
2025-02-03 18:00:00,1.5229729976678972e-17,0.23826032306763123,0.40455815670094536,-691639.6051179358
2025-02-03 19:00:00,0.0,0.16327790093271333,0.40469577214598773,-671688.9066919998
2025-02-03 20:00:00,0.0,0.17994895397402494,0.4048334314766323,-724408.3807668224
2025-02-03 21:00:00,0.0,0.20416855800426348,0.4049711346220588,-688053.5251974452
2025-02-03 22:00:00,0.0,0.19045659022175573,0.4051088815114246,-767361.044471246
2025-02-03 23:00:00,0.0,0.16244370791492468,0.4052466720738644,-763042.2874364657
2025-02-04 00:00:00,0.0,0.2123094036935234,0.4053845062384904,-759392.351426335
2025-02-04 01:00:00,0.0,0.21844632170259232,0.40552238393439255,-765893.783676066
2025-02-04 02:00:00,0.0,0.19042396397166803,0.4056603050906384,-750861.8793256205
2025-02-04 03:00:00,0.0,0.24399273293231474,0.4057982696362728,-750716.690585518
2025-02-04 04:00:00,0.0,0.17610782839259753,0.40593627750031874,-743183.9229386915
2025-02-04 05:00:00,0.0,0.18642465713016676,0.4060743286117766,-728771.641984977
2025-02-04 06:00:00,0.0,0.24375084914376455,0.4062124228996247,-749289.3072507504
2025-02-04 07:00:00,0.033582940957199936,0.16710779309460036,0.4063505602928191,-663158.0541036627
2025-02-04 08:00:00,0.06487725998660067,0.17317681876997812,0.4064887407202935,-684550.6097915363
2025-02-04 09:00:00,0.091750300962656,0.24549786393068238,0.4066269641109596,-669530.9116063464
2025-02-04 10:00:00,0.11237071055264772,0.16367071660685195,0.40676523039370727,-674598.2812802264
2025-02-04 11:00:00,0.12533324191985595,0.16982017716913148,0.4069035394974039,-679575.7394259495
2025-02-04 12:00:00,0.12975451997320137,0.24225108589739938,0.40704189135089486,-674804.734774341
2025-02-04 13:00:00,0.12533324191985595,0.23844975734990195,0.4071802858830039,-695276.6555933218
2025-02-04 14:00:00,0.11237071055264773,0.20740613421471796,0.4073187230225326,-685178.6694612433
2025-02-04 15:00:00,0.09175030096265602,0.1666259371293531,0.4074572026982604,-669325.5378242523
2025-02-04 16:00:00,0.06487725998660067,0.1985510702037799,0.40759572483894524,-651144.9883058175
2025-02-04 17:00:00,0.03358294095719997,0.22398042001167018,0.40773428937332284,-662494.9904599783
2025-02-04 18:00:00,1.5890345756008236e-17,0.19401565677336122,0.4078728962301076,-699046.2080818155
2025-02-04 19:00:00,0.0,0.18300775698591656,0.40801154533799167,-679199.3652610155
2025-02-04 20:00:00,0.0,0.16584294683749534,0.4081502366256456,-739725.3045474289
2025-02-04 21:00:00,0.0,0.17247829534126624,0.4082889700217184,-754162.8444987173
2025-02-04 22:00:00,0.0,0.16889100208753283,0.40842774545483723,-772375.9033327946
2025-02-04 23:00:00,0.0,0.19045468909561178,0.4085665628536078,-753114.2710159546
2025-02-05 00:00:00,0.0,0.20672781726493455,0.408705422146614,-781373.5774525909
2025-02-05 01:00:00,0.0,0.19762992428535736,0.4088443232624184,-775185.6939456704
2025-02-05 02:00:00,0.0,0.23087408004807197,0.4089832661295619,-757092.7709045594
2025-02-05 03:00:00,0.0,0.22289802193316777,0.4091222506765639,-761168.2694816143
2025-02-05 04:00:00,0.0,0.1652300414265704,0.40926127683192254,-769699.874144529
2025-02-05 05:00:00,0.0,0.1888615887625412,0.4094003445241145,-772050.7191368483
2025-02-05 06:00:00,0.0,0.24237104984216318,0.4095394536815949,-705248.8696783067
2025-02-05 07:00:00,0.03500365896270305,0.18852532918183076,0.4096786042327976,-709485.1612866691
2025-02-05 08:00:00,0.06762187641337938,0.22443590166381752,0.40981779610613545,-717442.4200196756
2025-02-05 09:00:00,0.09563177473691845,0.20700083817654513,0.4099570292299996,-662525.1051801209
2025-02-05 10:00:00,0.1171245256511166,0.1873188177837631,0.41009630353276033,-687733.2906176492
2025-02-05 11:00:00,0.13063543369962152,0.16241688917190175,0.41023561894276656,-662182.4832027958
2025-02-05 12:00:00,0.1352437528267588,0.2420019839709661,0.41037497538834616,-676157.2087567858
2025-02-05 13:00:00,0.13063543369962152,0.237734151047888,0.4105143727978056,-647488.9151705202
2025-02-05 14:00:00,0.1171245256511166,0.1576691465477514,0.41065381109943083,-650293.9732120351
2025-02-05 15:00:00,0.09563177473691846,0.1724782368901012,0.41079329022148625,-634671.5932328679
2025-02-05 16:00:00,0.06762187641337938,0.16241481573138092,0.4109328100922155,-646208.7233106119
2025-02-05 17:00:00,0.03500365896270309,0.24582940411201673,0.4110723706398411,-655235.9338940654
2025-02-05 18:00:00,1.6562582900396594e-17,0.23394032956903787,0.41121197179256486,-718396.2285407407
2025-02-05 19:00:00,0.0,0.2040361262387036,0.41135161347856763,-745391.6962994102
2025-02-05 20:00:00,0.0,0.20288369882715723,0.4114912956260093,-692915.8090824678
2025-02-05 21:00:00,0.0,0.2175030906790747,0.41163101816302894,-739949.2468913356
2025-02-05 22:00:00,0.0,0.1783605508806949,0.41177078101774506,-730061.7773239843
2025-02-05 23:00:00,0.0,0.23675638300564283,0.41191058411825515,-762351.2117332388
2025-02-06 00:00:00,0.0,0.17230608545528536,0.41205042739263625,-734210.0799038734
2025-02-06 01:00:00,0.0,0.2215206911475486,0.41219031076894447,-769979.2271517904
2025-02-06 02:00:00,0.0,0.22291934504555766,0.41233023417521547,-769105.7014587587
2025-02-06 03:00:00,0.0,0.17632368272093032,0.41247019753946434,-723024.3003829786
2025-02-06 04:00:00,0.0,0.23567055923612173,0.41261020078968547,-758100.1743240732
2025-02-06 05:00:00,0.0,0.17606070344481253,0.41275024385385284,-678409.5056147224
2025-02-06 06:00:00,0.0,0.23977982670677211,0.41289032665992,-720927.1058933376
2025-02-06 07:00:00,0.03644851677959105,0.2468875260996026,0.41303044913581977,-667755.717634022
2025-02-06 08:00:00,0.07041312737467491,0.21734721918991326,0.4131706112094649,-671826.5219406732
2025-02-06 09:00:00,0.0995791997023695,0.2071014588923481,0.41331081280874754,-693229.9793212248
2025-02-06 10:00:00,0.12195911413275591,0.17473409999522882,0.41345105386153963,-688573.9667808941
2025-02-06 11:00:00,0.13602771648196058,0.2201357316956985,0.41359133429569284,-698172.642913411
2025-02-06 12:00:00,0.14082625474934984,0.25259540091778265,0.4137316540390385,-679152.9288990685
2025-02-06 13:00:00,0.13602771648196058,0.23928542798024757,0.4138720130193877,-643788.4940878965
2025-02-06 14:00:00,0.12195911413275591,0.2279118088735249,0.41401241116453136,-626338.6326088698
2025-02-06 15:00:00,0.09957919970236952,0.2422336874225827,0.41415284840224026,-672402.8218863483
2025-02-06 16:00:00,0.07041312737467491,0.2167021297014348,0.4142933246602651,-633255.1456494892
2025-02-06 17:00:00,0.03644851677959109,0.2542166923156021,0.4144338398663365,-678097.5355134589
2025-02-06 18:00:00,1.7246242211470104e-17,0.1984278122337717,0.414574393948165,-729789.3886341508
2025-02-06 19:00:00,0.0,0.21493638516530755,0.4147149868334412,-675287.838708334
2025-02-06 20:00:00,0.0,0.17123391682473504,0.4148556184498356,-666501.7185096211
2025-02-06 21:00:00,0.0,0.235932718857487,0.414996288724999,-743953.3248501294
2025-02-06 22:00:00,0.0,0.1846542707751067,0.4151369975865621,-784972.8600226651
2025-02-06 23:00:00,0.0,0.2188798029394406,0.41527774496213593,-747296.8732926596
2025-02-07 00:00:00,0.0,0.17766183638755859,0.41541853077931157,-762923.3829648411
2025-02-07 01:00:00,0.0,0.19212160459032476,0.4155593549656603,-739952.7866757164
2025-02-07 02:00:00,0.0,0.1802185694129314,0.4157002174487338,-789853.1078287759
2025-02-07 03:00:00,0.0,0.24313152472010424,0.415841118156064,-745832.3989378678
2025-02-07 04:00:00,0.0,0.1857541866263085,0.4159820570151631,-699025.8095210785
2025-02-07 05:00:00,0.0,0.2481839509023551,0.4161230339535236,-730007.1147259686
2025-02-07 06:00:00,0.0,0.1950723325990931,0.41626404889861873,-718196.9078849698
2025-02-07 07:00:00,0.0379170862653102,0.23736004199649885,0.41640510177790185,-733507.0708520917
2025-02-07 08:00:00,0.07325018576258727,0.1854964162335993,0.4165461925188069,-740215.9744104332
2025-02-07 09:00:00,0.10359140615179951,0.22654026897283994,0.41668732104874845,-722827.5829002995
2025-02-07 10:00:00,0.12687304340465955,0.17559493475990448,0.4168284872951214,-649059.3588017467
2025-02-07 11:00:00,0.14150849241710972,0.23898546213517294,0.4169696911853014,-631824.9642573935
2025-02-07 12:00:00,0.14650037152517456,0.1820529115999746,0.41711093264664484,-620568.2088746295
2025-02-07 13:00:00,0.14150849241710972,0.19364240370306707,0.4172522116064886,-640806.9828432417
2025-02-07 14:00:00,0.12687304340465957,0.23949328446803012,0.4173935279921503,-684227.1979312064
2025-02-07 15:00:00,0.10359140615179951,0.17710803634712374,0.4175348817309283,-650144.5630202143
2025-02-07 16:00:00,0.07325018576258727,0.21267940852947215,0.4176762727501017,-683483.0500674545
2025-02-07 17:00:00,0.037917086265310235,0.246866435921027,0.4178177009769308,-685041.6620278598
2025-02-07 18:00:00,1.7941121106220304e-17,0.167609410147153,0.4179591663386561,-684490.1477640803
2025-02-07 19:00:00,0.0,0.2538799716737754,0.4181006687624996,-699508.8881005842
2025-02-07 20:00:00,0.0,0.2430607638747937,0.4182422081756638,-691318.1673969397
2025-02-07 21:00:00,0.0,0.2304108102792397,0.4183837845053325,-729624.1043085558
2025-02-07 22:00:00,0.0,0.1823080884585462,0.41852539767867025,-754143.3725134935
2025-02-07 23:00:00,0.0,0.20185996674073584,0.41866704762282275,-760597.3528083264
2025-02-08 00:00:00,0.0,0.2270349048133519,0.41880873426491694,-788082.224591768
2025-02-08 01:00:00,0.0,0.1630635315776328,0.41895045753206056,-715715.5405502302
2025-02-08 02:00:00,0.0,0.23437025946371956,0.4190922173513427,-745245.9741079357
2025-02-08 03:00:00,0.0,0.1940057152336806,0.41923401364983376,-740158.0143500656
2025-02-08 04:00:00,0.0,0.18890825653055132,0.4193758463545851,-757890.412937431
2025-02-08 05:00:00,0.0,0.17008048258334305,0.4195177153926295,-686689.3430264565
2025-02-08 06:00:00,0.0,0.1918886356909489,0.41965962069098106,-755678.6094262691
2025-02-08 07:00:00,0.03940893225102754,0.20039737935333524,0.41980156217663517,-710728.118412716
2025-02-08 08:00:00,0.07613221089548737,0.24352968840902367,0.4199435397765687,-703703.2740887091
2025-02-08 09:00:00,0.10766720518184697,0.16274049673078606,0.4200855534177398,-692597.9846101302
2025-02-08 10:00:00,0.13186485736353298,0.16438299261308265,0.4202276030270881,-608700.6152525262
2025-02-08 11:00:00,0.1470761374328745,0.22418419041747445,0.42036968853153495,-645942.5943710676
2025-02-08 12:00:00,0.15226442179097477,0.16491977335590846,0.420511809857983,-675044.6953774038
2025-02-08 13:00:00,0.1470761374328745,0.23827223805161954,0.4206539669333164,-661997.5597318978
2025-02-08 14:00:00,0.131864857363533,0.2401358602798423,0.4207961596844011,-607532.8857909671
2025-02-08 15:00:00,0.10766720518184698,0.22162579892685796,0.42093838803808475,-604622.8401978061
2025-02-08 16:00:00,0.07613221089548737,0.22953859591037534,0.4210806519211965,-679189.4068987631
2025-02-08 17:00:00,0.03940893225102758,0.21494875543266675,0.4212229512605472,-667087.0508394011
2025-02-08 18:00:00,1.8647013677033972e-17,0.16675174100309753,0.42136528598292966,-682078.0303300562
2025-02-08 19:00:00,0.0,0.22275438908490564,0.4215076560151183,-701536.2743933424
2025-02-08 20:00:00,0.0,0.23474024344023792,0.4216500612838695,-694972.1635053195
2025-02-08 21:00:00,0.0,0.1624565167022164,0.42179250171592153,-755125.4369400684
2025-02-08 22:00:00,0.0,0.2226790390711813,0.4219349772379944,-728612.5997158864
2025-02-08 23:00:00,0.0,0.24382889886602974,0.4220774877767902,-736893.2540986463
2025-02-09 00:00:00,0.0,0.2562824531649639,0.42222003325899293,-764385.2106241869
2025-02-09 01:00:00,0.0,0.20975535308261184,0.42236261361126876,-757347.9144970668
2025-02-09 02:00:00,0.0,0.16855169325513575,0.4225052287602658,-770366.8561887274
2025-02-09 03:00:00,0.0,0.22930162289050343,0.42264787863261416,-729619.5428571776
2025-02-09 04:00:00,0.0,0.20831337310603615,0.4227905631549263,-733591.8283963419
2025-02-09 05:00:00,0.0,0.2581677106741624,0.4229332822537968,-724931.94154554
2025-02-09 06:00:00,0.0,0.1971792665394513,0.42307603585580233,-741108.3918224468
2025-02-09 07:00:00,0.04092361267058083,0.22530847056718628,0.4232188238875019,-687688.7168903796
2025-02-09 08:00:00,0.07905834876712915,0.2338306234832559,0.4233616462754368,-666722.6821845752
2025-02-09 09:00:00,0.11180538904529631,0.20172011702237752,0.4235045029461308,-651386.0435986251
2025-02-09 10:00:00,0.13693307682716802,0.23129316929706387,0.4236473938260897,-651828.6338206581
2025-02-09 11:00:00,0.15272900171587717,0.24381198657479985,0.4237903188418018,-623357.291039798
2025-02-09 12:00:00,0.15811669753425833,0.2095463253640948,0.42393327791973806,-654288.9869259299
2025-02-09 13:00:00,0.15272900171587717,0.22636647806484655,0.4240762709863518,-631323.0167072818
2025-02-09 14:00:00,0.13693307682716804,0.19359366083158996,0.42421929796807867,-677238.5164023418
2025-02-09 15:00:00,0.11180538904529634,0.18525626979766663,0.4243623587913372,-641452.094209053
2025-02-09 16:00:00,0.07905834876712915,0.23357885472564446,0.4245054533825282,-643807.3828876942
2025-02-09 17:00:00,0.04092361267058089,0.251909392081385,0.4246485816680354,-674647.8288605049
2025-02-09 18:00:00,1.9363710752707967e-17,0.22696377719995875,0.42479174357422483,-710827.9317440192
2025-02-09 19:00:00,0.0,0.22304924469382792,0.4249349390274456,-674007.902183201
2025-02-09 20:00:00,0.0,0.1958398062721197,0.4250781679540294,-739551.0496991761
2025-02-09 21:00:00,0.0,0.22942338048731017,0.42522143028029047,-715261.5986248772
2025-02-09 22:00:00,0.0,0.20170792948800137,0.42536472593252644,-812929.8899371125
2025-02-09 23:00:00,0.0,0.22309349474384998,0.4255080548370172,-750902.9114199161
2025-02-10 00:00:00,0.0,0.18065874570367846,0.4256514169200258,-723969.9590850003
2025-02-10 01:00:00,0.0,0.23797115623083048,0.42579481210779835,-772766.520911691
2025-02-10 02:00:00,0.0,0.2229840082720613,0.4259382403265635,-751746.5490041872
2025-02-10 03:00:00,0.0,0.19462858197368915,0.4260817015025335,-782285.9974572166
2025-02-10 04:00:00,0.0,0.22480390336031975,0.42622519556190314,-699577.9291342375
2025-02-10 05:00:00,0.0,0.17197151992012788,0.4263687224308506,-743638.4089785565
2025-02-10 06:00:00,0.0,0.2546369923933568,0.4265122820355369,-728385.0325267365
2025-02-10 07:00:00,0.042460678691472326,0.20024134613983155,0.42665587430210666,-681044.4834400697
2025-02-10 08:00:00,0.08202773229971007,0.24503659981258324,0.42679949915668713,-716808.4172339144
2025-02-10 09:00:00,0.11600473150895958,0.2478668523959074,0.4269431565253892,-730365.8254319724
2025-02-10 10:00:00,0.14207619997275653,0.24982932532147065,0.42708684633430694,-710189.1527318817
2025-02-10 11:00:00,0.15846541020043192,0.23118399030647568,0.4272305685095178,-651806.5280956265
2025-02-10 12:00:00,0.16405546459942016,0.22697853569121373,0.4273743229770822,-650732.0060969088
2025-02-10 13:00:00,0.15846541020043192,0.22666504760529113,0.4275181096630446,-637674.6337904327
2025-02-10 14:00:00,0.14207619997275653,0.16736308195348765,0.42766192849343215,-673669.9178180532
2025-02-10 15:00:00,0.11600473150895958,0.1739156240547473,0.42780577939425607,-671008.4631287022
2025-02-10 16:00:00,0.08202773229971007,0.18006590106082548,0.42794966229151093,-675643.1401741644
2025-02-10 17:00:00,0.04246067869147237,0.2366407270685172,0.42809357711117446,-648503.2513225946
2025-02-10 18:00:00,2.0090999960431183e-17,0.1873951947168309,0.4282375237792085,-664991.8381226333
2025-02-10 19:00:00,0.0,0.2246277163617402,0.42838150222155813,-695932.8001434406
2025-02-10 20:00:00,0.0,0.2535296174940812,0.42852551236415226,-725552.3353924181
2025-02-10 21:00:00,0.0,0.1654330246830357,0.4286695541329035,-702352.7185684142
2025-02-10 22:00:00,0.0,0.23467803208524365,0.42881362745370816,-780789.3960124376
2025-02-10 23:00:00,0.0,0.24952713430027945,0.4289577322524461,-754117.5126732837
2025-02-11 00:00:00,0.0,0.25623728541983737,0.42910186845498144,-721976.8402978674
2025-02-11 01:00:00,0.0,0.206581745459263,0.4292460359871617,-785916.3806541153
2025-02-11 02:00:00,0.0,0.24675167626468505,0.4293902347748186,-758914.1424546916
2025-02-11 03:00:00,0.0,0.25110883395310457,0.42953446474376755,-711900.2700128789
2025-02-11 04:00:00,0.0,0.25791379524152175,0.42967872581980804,-768796.9219382482
2025-02-11 05:00:00,0.0,0.24801912695432185,0.42982301792872357,-733602.9144227033
2025-02-11 06:00:00,0.0,0.16774034573360694,0.4299673409962817,-675656.0069972525
2025-02-11 07:00:00,0.04401967484786737,0.2456863792623536,0.43011169494823387,-704334.5402735759
2025-02-11 08:00:00,0.08503948160080481,0.24135562068443894,0.4302560797103158,-698985.5519897859
2025-02-11 09:00:00,0.12026398821703543,0.22046397970592135,0.4304004952082473,-668807.2120159274
2025-02-11 10:00:00,0.14729270278191264,0.23013784894553344,0.4305449413677325,-625556.3048656243
2025-02-11 11:00:00,0.16428366306490283,0.21382203615641232,0.4306894181144596,-609207.7814411242
2025-02-11 12:00:00,0.17007896320160965,0.18341671575250262,0.4308339253741011,-637394.2204351967
2025-02-11 13:00:00,0.16428366306490283,0.19774099409097518,0.43097846307231374,-651547.7424381878
2025-02-11 14:00:00,0.14729270278191267,0.185932280697833,0.43112303113473877,-643813.413678168
2025-02-11 15:00:00,0.12026398821703545,0.22754504845947815,0.4312676294870017,-630944.7577823568
2025-02-11 16:00:00,0.08503948160080481,0.18512093891541748,0.4314122580547125,-686596.9218944149
2025-02-11 17:00:00,0.04401967484786742,0.17173996999242347,0.4315569167634655,-684281.1073998945
2025-02-11 18:00:00,2.082866578871517e-17,0.2013161442170441,0.4317016055388397,-726096.0754430168
2025-02-11 19:00:00,0.0,0.18144645138413396,0.43184632430639847,-748671.8380777411
2025-02-11 20:00:00,0.0,0.21791992069232058,0.4319910729916898,-773184.1785671868
2025-02-11 21:00:00,0.0,0.17815764927599875,0.4321358515202464,-706632.0681857362
2025-02-11 22:00:00,0.0,0.22083396924794896,0.43228065981758534,-715489.6846637942
2025-02-11 23:00:00,0.0,0.255865156665129,0.43242549780920875,-723554.2919515264
2025-02-12 00:00:00,0.0,0.24130126659310136,0.4325703654206032,-746943.9060925421
2025-02-12 01:00:00,0.0,0.19771401879051412,0.4327152625772401,-742933.282809432
2025-02-12 02:00:00,0.0,0.23763700629417392,0.4328601892045757,-714721.2731571164
2025-02-12 03:00:00,0.0,0.22523938241309716,0.4330051452280511,-707580.3268594841
2025-02-12 04:00:00,0.0,0.2205494093928278,0.4331501305730922,-785744.5773027241
2025-02-12 05:00:00,0.0,0.17671195616905633,0.4332951451651099,-687762.5388914353
2025-02-12 06:00:00,0.0,0.17579757434479168,0.43344018892950004,-704431.0380722361
2025-02-12 07:00:00,0.04560013917555897,0.21094060316611715,0.4335852617916433,-697106.3320157267
2025-02-12 08:00:00,0.08809270422409662,0.23498460441982885,0.43373036367690565,-703323.1476473676
2025-02-12 09:00:00,0.1245818970598391,0.1990635522349152,0.4338754945106379,-676221.257631359
2025-02-12 10:00:00,0.1525810394922728,0.17325488696673735,0.4340206542181761,-663004.3083548816
2025-02-12 11:00:00,0.17018203623539807,0.19025008972864815,0.4341658427248413,-625638.8463794088
2025-02-12 12:00:00,0.17618540844819328,0.17412698019830397,0.43431105995594005,-649392.6904078298
2025-02-12 13:00:00,0.17018203623539807,0.255036740950812,0.43445630583676376,-585827.97091446
2025-02-12 14:00:00,0.15258103949227284,0.24152090631538498,0.4346015802925892,-664886.942124055
2025-02-12 15:00:00,0.1245818970598391,0.23072855116294752,0.43474688324867866,-639986.6396775802
2025-02-12 16:00:00,0.08809270422409662,0.2621224429195773,0.4348922146302795,-683227.8269943286
2025-02-12 17:00:00,0.045600139175559024,0.2575694043365567,0.43503757436262463,-664927.2706885199
2025-02-12 18:00:00,2.1576489651254893e-17,0.18715881991196892,0.4351829623709322,-696155.0504730835
2025-02-12 19:00:00,0.0,0.2629247038856714,0.43532837858040596,-696734.1663292168
2025-02-12 20:00:00,0.0,0.20014722394422835,0.4354738229162351,-713192.1188544128
2025-02-12 21:00:00,0.0,0.22574851150826136,0.4356192953035944,-680531.370443315
2025-02-12 22:00:00,0.0,0.21429205718539057,0.435764795667644,-688645.3929290107
2025-02-12 23:00:00,0.0,0.2316604456586361,0.43591032393352996,-690978.6827617767
2025-02-13 00:00:00,0.0,0.18544771522374398,0.4360558800263838,-787881.1887623409
2025-02-13 01:00:00,0.0,0.16973652459893718,0.43620146387132275,-773848.3999828015
2025-02-13 02:00:00,0.0,0.2156081179250108,0.43634707539344963,-721233.6063989593
2025-02-13 03:00:00,0.0,0.21205595317902995,0.4364927145178534,-762144.1235735483
2025-02-13 04:00:00,0.0,0.23866441423844567,0.43663838116960835,-742229.8795306603
2025-02-13 05:00:00,0.0,0.2537629158239361,0.43678407527377483,-691122.3192758183
2025-02-13 06:00:00,0.0,0.18121547215700595,0.4369297967553993,-694321.4683034887
2025-02-13 07:00:00,0.047201603348857604,0.16887022420162598,0.4370755455395137,-698367.1014317236
2025-02-13 08:00:00,0.09118649543382826,0.18143656317451026,0.43722132155113624,-672161.7626264958
2025-02-13 09:00:00,0.12895717854779223,0.22796516670200112,0.437367124715271,-686130.9562166311
2025-02-13 10:00:00,0.15793964305553798,0.23656647348612073,0.43751295495690795,-700188.100601645
2025-02-13 11:00:00,0.17615878189664985,0.2049774529465879,0.4376588122010235,-636063.4636074874
2025-02-13 12:00:00,0.18237299086765654,0.1911430068733362,0.43780469637257985,-617291.5356804043
2025-02-13 13:00:00,0.17615878189664985,0.2448505808481315,0.43795060739652536,-633211.5654079898
2025-02-13 14:00:00,0.157939643055538,0.19145393430371094,0.4380965451977948,-646210.6197040787
2025-02-13 15:00:00,0.12895717854779226,0.2385338032142631,0.43824250970130896,-658692.9662087125
2025-02-13 16:00:00,0.09118649543382826,0.22171136386848367,0.438388500831975,-685509.8804617584
2025-02-13 17:00:00,0.04720160334885765,0.1941492555945796,0.43853451851468633,-670180.598177344
2025-02-13 18:00:00,2.2334249951700505e-17,0.23911524219140562,0.4386805626743227,-704653.5425323006
2025-02-13 19:00:00,0.0,0.2208167546666117,0.4388266332357502,-715417.6997218372
2025-02-13 20:00:00,0.0,0.24018725078395559,0.43897273012382154,-668343.3031643272
2025-02-13 21:00:00,0.0,0.23455788868543792,0.43911885326337563,-746454.9850810608
2025-02-13 22:00:00,0.0,0.21748174083862648,0.4392650025792379,-728074.0259077896
2025-02-13 23:00:00,0.0,0.2146676612764949,0.4394111779962206,-779159.9557962698
2025-02-14 00:00:00,0.0,0.20876511052683094,0.4395573794391221,-726118.8429569533
2025-02-14 01:00:00,0.0,0.2572340499571119,0.43970360683272774,-764932.2522843174
2025-02-14 02:00:00,0.0,0.20173428980597075,0.43984986010180943,-787908.0910794111
2025-02-14 03:00:00,0.0,0.18280703452814456,0.43999613917112573,-804214.5969161713
2025-02-14 04:00:00,0.0,0.2605544747502438,0.4401424439654218,-707125.827775273
2025-02-14 05:00:00,0.0,0.26966479064713433,0.44028877440942993,-688858.766150281
2025-02-14 06:00:00,0.0,0.25818771048779005,0.4404351304278687,-742769.7456971083
2025-02-14 07:00:00,0.04882359281936629,0.1975072330616776,0.44058151194544404,-683983.2233612421
2025-02-14 08:00:00,0.09431993847289481,0.22939765518579255,0.44072791888684837,-703689.1557271511
2025-02-14 09:00:00,0.1333885361905637,0.1938371138462367,0.4408743511767614,-648856.6943322135
2025-02-14 10:00:00,0.16336692560182428,0.24532077600079286,0.44102080873984933,-662215.0490309095
2025-02-14 11:00:00,0.18221212900993003,0.21424532814931496,0.4411672915007658,-652764.9181660777
2025-02-14 12:00:00,0.18863987694578965,0.19890802509955824,0.4413137993841513,-634366.1007357419
2025-02-14 13:00:00,0.18221212900993003,0.23114230694435178,0.4414603323146333,-625995.3450208355
2025-02-14 14:00:00,0.1633669256018243,0.1780739136185691,0.4416068902168266,-661136.5233425223
2025-02-14 15:00:00,0.13338853619056373,0.26079025356523106,0.4417534730153329,-637129.3560603408
2025-02-14 16:00:00,0.09431993847289481,0.24630352370708175,0.44190008063474134,-689682.2113420919
2025-02-14 17:00:00,0.048823592819366345,0.23491287984413023,0.4420467129996283,-701097.6734710516
2025-02-14 18:00:00,2.3101722149321188e-17,0.21652104157992197,0.44219337003455705,-668407.8519772307
2025-02-14 19:00:00,0.0,0.18440138376606707,0.4423400516640785,-667772.8478233042
2025-02-14 20:00:00,0.0,0.2513952693438423,0.442486757812731,-782903.1683839569
2025-02-14 21:00:00,0.0,0.23839187274719809,0.44263348840504,-700038.3838986658
2025-02-14 22:00:00,0.0,0.17096675777232206,0.4427802433655185,-736729.4053558396
2025-02-14 23:00:00,0.0,0.27129852492525636,0.442927022618667,-748377.1130344451
2025-02-15 00:00:00,0.0,0.23206265055040642,0.4430738260889735,-731468.6678324116
2025-02-15 01:00:00,0.0,0.22362137653505454,0.4432206537009133,-784077.7138226886
2025-02-15 02:00:00,0.0,0.2549205925216267,0.44336750537894976,-710097.8943034506
2025-02-15 03:00:00,0.0,0.2697791912027336,0.4435143810475334,-733771.0964753065
2025-02-15 04:00:00,0.0,0.22364955701604483,0.4436612806311026,-726641.5045439323
2025-02-15 05:00:00,0.0,0.22842935919508123,0.44380820405408355,-758408.4866475088
2025-02-15 06:00:00,0.0,0.183913623939859,0.4439551512408899,-694858.9387228206
2025-02-15 07:00:00,0.05046562695659953,0.19884195116031897,0.44410212211592326,-673470.2776429594
2025-02-15 08:00:00,0.09749210483449855,0.21568596489430344,0.4442491166035731,-692806.1502527687
2025-02-15 09:00:00,0.13787465688124745,0.258922312288997,0.4443961346282165,-676416.1174682035
2025-02-15 10:00:00,0.16886127891018285,0.23645176408945884,0.4445431761142187,-680358.0657947479
2025-02-15 11:00:00,0.18834028383784698,0.26238657369956825,0.4446902409859327,-657367.5634032972
2025-02-15 12:00:00,0.19498420966899713,0.25141484218305327,0.4448373291676995,-632316.6517607929
2025-02-15 13:00:00,0.18834028383784698,0.18969735624608913,0.44498444058384823,-663908.972428875
2025-02-15 14:00:00,0.16886127891018288,0.17853161120501934,0.44513157515869595,-612052.638266745
2025-02-15 15:00:00,0.13787465688124748,0.17441935287125376,0.44527873281654773,-654670.491150817
2025-02-15 16:00:00,0.09749210483449855,0.23906172650839858,0.44542591348169697,-705610.1923244379
2025-02-15 17:00:00,0.05046562695659958,0.20650565216777306,0.445573117078425,-692165.1734614894
2025-02-15 18:00:00,2.3878678825541373e-17,0.23484126292491753,0.4457203435310017,-645343.6775465414
2025-02-15 19:00:00,0.0,0.17392988263372763,0.44586759276368465,-665913.3910903507
2025-02-15 20:00:00,0.0,0.20884258822941165,0.4460148647007203,-758301.1877519287
2025-02-15 21:00:00,0.0,0.25324734944447336,0.446162159266343,-704197.7653033192
2025-02-15 22:00:00,0.0,0.20829466286409307,0.44630947638477575,-735644.8997922647
2025-02-15 23:00:00,0.0,0.224951547085105,0.4464568159802296,-796383.2572725521
2025-02-16 00:00:00,0.0,0.18184212128122473,0.44660417797690444,-778068.1620004618
2025-02-16 01:00:00,0.0,0.217815923941098,0.44675156229898827,-714527.191923112
2025-02-16 02:00:00,0.0,0.21760570858580466,0.44689896887065794,-736879.619516655
2025-02-16 03:00:00,0.0,0.2645233117028211,0.44704639761607845,-735512.0062624317
2025-02-16 04:00:00,0.0,0.1942229548485347,0.44719384845940385,-710507.8390949564
2025-02-16 05:00:00,0.0,0.2351129862621391,0.4473413213247765,-720933.0478085793
2025-02-16 06:00:00,0.0,0.21633269655738485,0.44748881613632757,-734218.9612820424
2025-02-16 07:00:00,0.052127219190404445,0.2153480242894673,0.4476363328181769,-644711.1375752839
2025-02-16 08:00:00,0.10070205453728558,0.197567416908572,0.4477838712944329,-671942.0100003039
2025-02-16 09:00:00,0.14241421128546433,0.22024075999200876,0.44793143148919323,-699348.9258717512
2025-02-16 10:00:00,0.17442107488515063,0.25690453272795066,0.44807901332654393,-630049.6138346514
2025-02-16 11:00:00,0.1945414304758688,0.2719414523683229,0.44822661673056,-667756.5040998736
2025-02-16 12:00:00,0.20140410907457118,0.1735921015974497,0.4483742416253056,-665646.9100857142
2025-02-16 13:00:00,0.1945414304758688,0.23966852622486742,0.4485218879348335,-639078.2916481355
2025-02-16 14:00:00,0.17442107488515063,0.22091292992732844,0.44866955558318566,-627608.8671367819
2025-02-16 15:00:00,0.14241421128546436,0.2520579442920832,0.448817244494393,-634848.77871679
2025-02-16 16:00:00,0.10070205453728558,0.1750131586701502,0.4489649545924755,-607649.2792048419
2025-02-16 17:00:00,0.0521272191904045,0.18728600378473753,0.4491126858014422,-645361.0430309831
2025-02-16 18:00:00,2.4664889751329796e-17,0.17406537112925913,0.4492604380452913,-663422.6845285562
2025-02-16 19:00:00,0.0,0.17662875093163508,0.4494082112480103,-718614.3092072827
2025-02-16 20:00:00,0.0,0.19835580473971082,0.4495560053335758,-662258.6203463984
2025-02-16 21:00:00,0.0,0.2128044966631594,0.4497038202259536,-705252.4043983733
2025-02-16 22:00:00,0.0,0.18609087887575143,0.44985165584909886,-718772.5638127578
2025-02-16 23:00:00,0.0,0.26835795774088467,0.44999951212695616,-723965.5650728984
2025-02-17 00:00:00,0.0,0.1926064775192789,0.4501473889834594,-739874.3609386793
2025-02-17 01:00:00,0.0,0.198776502687124,0.4502952863425318,-719930.4127204894
2025-02-17 02:00:00,0.0,0.27219349090759803,0.45044320412808614,-729490.6056379227
2025-02-17 03:00:00,0.0,0.2635433465954746,0.4505911422640247,-759420.2995599752
2025-02-17 04:00:00,0.0,0.22483433207280432,0.450739100674239,-724878.6434575912
2025-02-17 05:00:00,0.0,0.22149183911697487,0.4508870792826107,-725479.9832025039
2025-02-17 06:00:00,0.0,0.22955077741686064,0.45103507801301057,-681312.1118766144
2025-02-17 07:00:00,0.05380787715514207,0.2529619536286036,0.45118309678929924,-676083.5518045517
2025-02-17 08:00:00,0.10394883640388257,0.2373479043272861,0.45133113553532694,-656937.4592573362
2025-02-17 09:00:00,0.14700585423527285,0.27071745552662974,0.4514791941749339,-720720.7599572819
2025-02-17 10:00:00,0.18004466603918992,0.1917293468916814,0.4516272726319495,-635872.0689003963
2025-02-17 11:00:00,0.20081373139041492,0.2596228104498945,0.4517753708301936,-604459.047314062
2025-02-17 12:00:00,0.20789767280776517,0.2363218199904126,0.45192348869347554,-641282.2418387427
2025-02-17 13:00:00,0.20081373139041492,0.17328675285283698,0.4520716261455947,-643671.4475845936
2025-02-17 14:00:00,0.18004466603918995,0.18190598827525153,0.45221978311034017,-692809.1954250762
2025-02-17 15:00:00,0.14700585423527288,0.2020484235790576,0.4523679595114913,-590959.2234990696
2025-02-17 16:00:00,0.10394883640388257,0.20397047501405893,0.4525161552728171,-644591.5106905903
2025-02-17 17:00:00,0.05380787715514213,0.26641070327025135,0.4526643703180768,-664530.4169195115
2025-02-17 18:00:00,2.5460121955421338e-17,0.25101826754702516,0.45281260457101996,-700006.5397310483
2025-02-17 19:00:00,0.0,0.2496507163934946,0.4529608579553857,-687151.6036985384
2025-02-17 20:00:00,0.0,0.22197027830343088,0.45310913039490375,-689244.6796553953
2025-02-17 21:00:00,0.0,0.19215721857264476,0.4532574218132939,-702420.9660147692
2025-02-17 22:00:00,0.0,0.17993533399551212,0.4534057321342662,-659890.8481524354
2025-02-17 23:00:00,0.0,0.26849179118956407,0.4535540612815208,-747606.6476147881
2025-02-18 00:00:00,0.0,0.17453209543740436,0.4537024091787484,-795878.1900388857
2025-02-18 01:00:00,0.0,0.19737660062404538,0.45385077574962995,-754927.8500354685
2025-02-18 02:00:00,0.0,0.23327767038868102,0.45399916091783676,-738005.5336318238
2025-02-18 03:00:00,0.0,0.22602723974654948,0.45414756460703076,-702389.8943979719
2025-02-18 04:00:00,0.0,0.21024236144069228,0.454295986740864,-736553.4866963811
2025-02-18 05:00:00,0.0,0.2683520595123629,0.4544444272429794,-670500.1048293073
2025-02-18 06:00:00,0.0,0.25142531798951817,0.4545928860370102,-715398.8139338469
2025-02-18 07:00:00,0.055507102835585895,0.24789956497749388,0.4547413630465803,-672417.3659165548
2025-02-18 08:00:00,0.10723148834275117,0.26239048547759447,0.45488985819530436,-647257.699798545
2025-02-18 09:00:00,0.15164822512777118,0.26037839338837376,0.4550383714067875,-640128.1795614725
2025-02-18 10:00:00,0.18573038598087485,0.27166524545549475,0.4551869026046255,-690626.4907408244
2025-02-18 11:00:00,0.2071553279633571,0.24827911593645854,0.4553354517124053,-616888.3861759863
2025-02-18 12:00:00,0.21446297668550238,0.1965361921967248,0.4554840186537041,-680384.8657438302
2025-02-18 13:00:00,0.2071553279633571,0.2760091005855066,0.45563260335209027,-641451.5691054357
2025-02-18 14:00:00,0.18573038598087488,0.18219808156255676,0.4557812057311229,-632650.3326621916
2025-02-18 15:00:00,0.1516482251277712,0.2316138775347906,0.45592982571435214,-620258.5454836722
2025-02-18 16:00:00,0.10723148834275117,0.21780524556782274,0.4560784632253189,-649169.6476359606
2025-02-18 17:00:00,0.05550710283558596,0.2233901544785075,0.4562271181875552,-641971.5338396779
2025-02-18 18:00:00,2.6264139793351394e-17,0.24922007929247494,0.4563757905245839,-684673.4319968491
2025-02-18 19:00:00,0.0,0.27805353159386587,0.45652448015991903,-698451.462027497
2025-02-18 20:00:00,0.0,0.20071352961695088,0.4566731870170659,-689572.53537659
2025-02-18 21:00:00,0.0,0.19931828983371427,0.45682191101952074,-717083.8663285249
2025-02-18 22:00:00,0.0,0.251155599084988,0.45697065209077103,-725571.0379658532
2025-02-18 23:00:00,0.0,0.2679717960818978,0.4571194101542954,-723727.8619140569
2025-02-19 00:00:00,0.0,0.2536007315184277,0.4572681851335639,-718929.4542194204
2025-02-19 01:00:00,0.0,0.2443996050516205,0.4574169769520376,-726721.1371003307
2025-02-19 02:00:00,0.0,0.2646386490964902,0.45756578553316923,-709602.4242636339
2025-02-19 03:00:00,0.0,0.2564418266152566,0.45771461080040265,-740492.7255820599
2025-02-19 04:00:00,0.0,0.18727283291334812,0.4578634526771734,-703311.7768778272
2025-02-19 05:00:00,0.0,0.23304542605268824,0.4580123110869081,-705046.6635007365
2025-02-19 06:00:00,0.0,0.27529862959986373,0.45816118595302513,-674915.7338311974
2025-02-19 07:00:00,0.05722439271449451,0.2744930204726932,0.45831007719893446,-682810.1838290895
2025-02-19 08:00:00,0.11054903763327649,0.23450790155409884,0.4584589847480374,-687512.1001837917
2025-02-19 09:00:00,0.1563399483282733,0.2768899636711584,0.45860790852372707,-658566.5292757142
2025-02-19 10:00:00,0.19147654990867877,0.22635970845260878,0.45875684844938797,-635202.383360619
2025-02-19 11:00:00,0.21356434104276784,0.2639015898612649,0.45890580444839674,-643274.4240335705
2025-02-19 12:00:00,0.221098075266553,0.19082314429077452,0.45905477644412146,-670828.7348711578
2025-02-19 13:00:00,0.21356434104276784,0.20963393576471182,0.45920376435992183,-650890.3677923002
2025-02-19 14:00:00,0.1914765499086788,0.1920413296721791,0.4593527681191497,-635873.5536609933
2025-02-19 15:00:00,0.1563399483282733,0.2410219448563914,0.45950178764514854,-685759.9216342581
2025-02-19 16:00:00,0.11054903763327649,0.21404926007091998,0.45965082286125386,-662542.67503512
2025-02-19 17:00:00,0.057224392714494574,0.26946752804572477,0.45979987369079295,-641006.6359904975
2025-02-19 18:00:00,2.7076705017282475e-17,0.21148014210479793,0.4599489400570852,-668522.24953892
2025-02-19 19:00:00,0.0,0.20110395081972673,0.46009802188344195,-686763.1274387941
2025-02-19 20:00:00,0.0,0.2476305581791039,0.4602471190931665,-707808.5506361284
2025-02-19 21:00:00,0.0,0.19403854477632876,0.46039623160955434,-690409.0329130815
2025-02-19 22:00:00,0.0,0.22560077373906365,0.46054535935589314,-726456.9568097149
2025-02-19 23:00:00,0.0,0.22247191906343666,0.4606945022554626,-703989.2681887525
2025-02-20 00:00:00,0.0,0.19010759558228418,0.46084366023153467,-719501.8196573379
2025-02-20 01:00:00,0.0,0.27937664057503037,0.4609928332073736,-698210.4658477164
2025-02-20 02:00:00,0.0,0.2317158742974238,0.46114202110623587,-705155.6265493211
2025-02-20 03:00:00,0.0,0.18617344641059208,0.46129122385137034,-730882.5766399081
2025-02-20 04:00:00,0.0,0.2745829920418394,0.46144044136601803,-706451.4774969599
2025-02-20 05:00:00,0.0,0.24610553392834267,0.46158967357341263,-723809.4122816407
2025-02-20 06:00:00,0.0,0.18202356198212014,0.4617389203967801,-706934.9678868523
2025-02-20 07:00:00,0.05895923792181462,0.22383311464142508,0.4618881817593391,-658169.6856431786
2025-02-20 08:00:00,0.1139005012140051,0.2549019256623843,0.4620374575843004,-682429.150515177
2025-02-20 09:00:00,0.16107963357793922,0.25543597424211056,0.4621867477948678,-621649.4293400296
2025-02-20 10:00:00,0.19728145511021744,0.1801934569280027,0.4623360523142374,-627019.4004311865
2025-02-20 11:00:00,0.22003887149975385,0.193507274523082,0.4624853710655979,-643467.467308567
2025-02-20 12:00:00,0.22780100242801027,0.2133193791789284,0.46263470397213097,-610903.916540713
2025-02-20 13:00:00,0.22003887149975385,0.20973676616622916,0.4627840509570107,-642100.3855762526
2025-02-20 14:00:00,0.19728145511021747,0.23735999118437257,0.4629334119434041,-664506.7928326897
2025-02-20 15:00:00,0.16107963357793925,0.20484206427664145,0.46308278685447096,-625241.268285847
2025-02-20 16:00:00,0.1139005012140051,0.21500945028634205,0.4632321756133639,-668006.5989611208
2025-02-20 17:00:00,0.058959237921814685,0.2114454329152555,0.4633815781432283,-655539.954360771
2025-02-20 18:00:00,2.789757684660212e-17,0.20988373731020415,0.4635309943672027,-637304.0726400812
2025-02-20 19:00:00,0.0,0.2640224448898701,0.46368042420841826,-664658.3255704478
2025-02-20 20:00:00,0.0,0.261053500172658,0.46382986758999944,-721228.2780747772
2025-02-20 21:00:00,0.0,0.2038731298700642,0.4639793244350637,-693518.4791476403
2025-02-20 22:00:00,0.0,0.20161855068895057,0.4641287946667213,-719761.8512640232
2025-02-20 23:00:00,0.0,0.21290458997148118,0.4642782782080759,-764272.6914780163
2025-02-21 00:00:00,0.0,0.27217064188964474,0.4644277749822242,-739806.00121229
2025-02-21 01:00:00,0.0,0.2015072492198472,0.46457728491225625,-697023.7167956907
2025-02-21 02:00:00,0.0,0.22700020800674714,0.4647268079212549,-766400.3301062298
2025-02-21 03:00:00,0.0,0.2764917043829792,0.46487634393229676,-719070.3211093349
2025-02-21 04:00:00,0.0,0.23207671073207337,0.4650258928684516,-716105.8305570802
2025-02-21 05:00:00,0.0,0.17983372080179896,0.46517545465278237,-711817.1805985133
2025-02-21 06:00:00,0.0,0.18844503656288913,0.46532502920834556,-642363.1291781369
2025-02-21 07:00:00,0.060711124385470286,0.22236938350783664,0.4654746164581911,-728572.1841607522
2025-02-21 08:00:00,0.11728488597394758,0.24307507194117012,0.4656242163253623,-633454.678955878
2025-02-21 09:00:00,0.16586587640573866,0.2639076672764499,0.4657738287328961,-704591.1558872798
2025-02-21 10:00:00,0.2031433814667996,0.25782528074268096,0.4659234536038228,-644554.7224943469
2025-02-21 11:00:00,0.226577000791209,0.2587562090597896,0.46607309086116655,-630873.6571220321
2025-02-21 12:00:00,0.2345697719478952,0.18575002318519054,0.466222740427945,-653334.0815273608
2025-02-21 13:00:00,0.226577000791209,0.26553183458105584,0.4663724022271693,-651497.2527318562
2025-02-21 14:00:00,0.20314338146679964,0.2382697594004292,0.46652207618184455,-665270.2216083502
2025-02-21 15:00:00,0.1658658764057387,0.24889154266966132,0.4666717622149694,-646848.7150301064
2025-02-21 16:00:00,0.11728488597394758,0.19192180322582209,0.4668214602495366,-707390.7182734299
2025-02-21 17:00:00,0.06071112438547036,0.26320373168477706,0.46697117020853235,-677613.5137552911
2025-02-21 18:00:00,2.8726512039271446e-17,0.258094387929276,0.467120892014937,-703279.2306723179
2025-02-21 19:00:00,0.0,0.24624265599700912,0.4672706255917246,-759811.0513330513
2025-02-21 20:00:00,0.0,0.27279365681361967,0.4674203708618633,-687846.0918687482
2025-02-21 21:00:00,0.0,0.2700182357705789,0.4675701277483151,-703337.1832531889
2025-02-21 22:00:00,0.0,0.27767851201289256,0.46771989617403603,-737876.2925620431
2025-02-21 23:00:00,0.0,0.1855954219065351,0.4678696760619764,-767804.1756320458
2025-02-22 00:00:00,0.0,0.21609223904552982,0.4680194673350804,-691985.8354926442
2025-02-22 01:00:00,0.0,0.20613940356505825,0.4681692699162864,-754066.2723020271
2025-02-22 02:00:00,0.0,0.28392183880812233,0.46831908372852704,-714703.8508680335
2025-02-22 03:00:00,0.0,0.25095019158385495,0.4684689086947291,-748475.8382989392
2025-02-22 04:00:00,0.0,0.2461769654086044,0.4686187447378137,-784316.0145017691
2025-02-22 05:00:00,0.0,0.2333157682650529,0.46876859178069613,-679727.466241592
2025-02-22 06:00:00,0.0,0.21757553453691642,0.46891844974628605,-665253.9906031077
2025-02-22 07:00:00,0.06247953298369352,0.2217270961133375,0.46906831855748776,-664422.5456731772
2025-02-22 08:00:00,0.12070118904685852,0.23547379622837325,0.46921819813719956,-725052.7361077315
2025-02-22 09:00:00,0.1706972585446262,0.1989993827426876,0.46936808840831445,-673855.4704156184
2025-02-22 10:00:00,0.20906059196313506,0.2760728835537521,0.46951798929372,-633392.005867718
2025-02-22 11:00:00,0.23317679152831974,0.2164216161869421,0.46966790071629816,-647935.8797214958
2025-02-22 12:00:00,0.2414023780937171,0.22456143086335514,0.4698178225989255,-624569.3431617781
2025-02-22 13:00:00,0.23317679152831974,0.22362195038978952,0.4699677548644733,-616125.9409121845
2025-02-22 14:00:00,0.2090605919631351,0.22212969595219031,0.47011769743580734,-620898.4640319246
2025-02-22 15:00:00,0.17069725854462622,0.18839793994165002,0.47026765023578826,-641775.8501221912
2025-02-22 16:00:00,0.12070118904685852,0.2606931126414184,0.4704176131872713,-617174.6218717158
2025-02-22 17:00:00,0.062479532983693596,0.2246754162735264,0.4705675862131065,-649799.8293473714
2025-02-22 18:00:00,2.956326496390298e-17,0.19084650312638934,0.47071756923613894,-656777.2641474588
2025-02-22 19:00:00,0.0,0.20449790365667067,0.47086756217920817,-688458.0216643305
2025-02-22 20:00:00,0.0,0.23492388242672063,0.47101756496514896,-720978.6454322784
2025-02-22 21:00:00,0.0,0.19100134183097564,0.47116757751679084,-725064.0914307006
2025-02-22 22:00:00,0.0,0.2684092406290602,0.4713175997569584,-754275.1523134225
2025-02-22 23:00:00,0.0,0.21834498614672404,0.4714676316084712,-739617.2889419718
2025-02-23 00:00:00,0.0,0.2705028372043618,0.4716176729941439,-747011.5957365282
2025-02-23 01:00:00,0.0,0.2237963413270101,0.47176772383678617,-704733.4827290822
2025-02-23 02:00:00,0.0,0.2446599294874989,0.4719177840592029,-685702.260652673
2025-02-23 03:00:00,0.0,0.19377451569891171,0.4720678535841942,-709762.8452770982
2025-02-23 04:00:00,0.0,0.2669276830038491,0.4722179323345552,-718233.5098191067
2025-02-23 05:00:00,0.0,0.20083557336842806,0.47236802023307656,-702516.4341643866
2025-02-23 06:00:00,0.0,0.27617420608510385,0.4725181172025439,-656059.0816138895
2025-02-23 07:00:00,0.0642639396988513,0.1970414267646306,0.4726682231657384,-662842.0773352303
2025-02-23 08:00:00,0.12414839810840758,0.20556264222885284,0.47281833804543666,-702378.3856612436
2025-02-23 09:00:00,0.17557234835180432,0.26977184860347486,0.4729684617644106,-680459.9876369238
2025-02-23 10:00:00,0.21503133320204987,0.2554387151406454,0.4731185942454274,-666588.9426150168
2025-02-23 11:00:00,0.23983628805065565,0.25734356868209457,0.4732687354112501,-650534.4815709693
2025-02-23 12:00:00,0.24829679621681522,0.2625864852324684,0.47341888518463704,-618480.1455975756
2025-02-23 13:00:00,0.23983628805065565,0.2281078195586019,0.4735690434883423,-633570.8309854588
2025-02-23 14:00:00,0.2150313332020499,0.2792312841314012,0.47371921024511515,-618962.2127556463
2025-02-23 15:00:00,0.17557234835180435,0.20474726897279855,0.4738693853777012,-678904.7841268234
2025-02-23 16:00:00,0.12414839810840758,0.23802367474893865,0.4740195688088411,-613505.6328291148
2025-02-23 17:00:00,0.06426393969885137,0.2542523548841791,0.4741697604612716,-670050.6840145901
2025-02-23 18:00:00,3.040758767254654e-17,0.25191804753182223,0.47431996025772516,-642220.8016348683
2025-02-23 19:00:00,0.0,0.21674082092014296,0.47447016812092996,-665572.0620839391
2025-02-23 20:00:00,0.0,0.26322708843291664,0.47462038397361,-641374.0319311449
2025-02-23 21:00:00,0.0,0.18548910924813736,0.47477060773848545,-715805.1052949866
2025-02-23 22:00:00,0.0,0.20629438217530136,0.474920839338272,-709334.4332749379
2025-02-23 23:00:00,0.0,0.2505400209007264,0.47507107869568177,-698265.3217344626
2025-02-24 00:00:00,0.0,0.22995792000372772,0.4752213257334224,-762898.0921194019
2025-02-24 01:00:00,0.0,0.2578572131134608,0.4753715803741979,-705277.6686726933
2025-02-24 02:00:00,0.0,0.24407634077075993,0.4755218425407083,-710254.8549590798
2025-02-24 03:00:00,0.0,0.19592193633007315,0.47567211215564964,-725616.0696193919
2025-02-24 04:00:00,0.0,0.2684036166272063,0.47582238914171454,-693564.1317105234
2025-02-24 05:00:00,0.0,0.24104665663349994,0.47597267342159116,-686137.08847769
2025-02-24 06:00:00,0.0,0.2831142630502313,0.4761229649179645,-660478.5519019761
2025-02-24 07:00:00,0.06606381577272324,0.27364188273884393,0.4762732635535155,-685604.120684539
2025-02-24 08:00:00,0.12762549167615297,0.2572513579440631,0.4764235692509216,-682992.1933865157
2025-02-24 09:00:00,0.18048970123295008,0.1921994060971827,0.4765738819328566,-707670.6416443812
2025-02-24 10:00:00,0.2210538359240558,0.24503949164770158,0.47672420152199046,-643374.7687427711
2025-02-24 11:00:00,0.24655351700567338,0.18982513230382708,0.47687452794099,-621676.6407755144
2025-02-24 12:00:00,0.25525098335230595,0.24790205610272664,0.4770248611125182,-630897.5389646972
2025-02-24 13:00:00,0.24655351700567338,0.23815396842322314,0.47717520095923466,-637029.7014554
2025-02-24 14:00:00,0.22105383592405584,0.22339464806800013,0.4773255474037956,-646662.5904290929
2025-02-24 15:00:00,0.18048970123295013,0.21036529215772237,0.4774759003688539,-593237.6552267452
2025-02-24 16:00:00,0.12762549167615297,0.28762745256076017,0.47762625977705875,-655600.3698913316
2025-02-24 17:00:00,0.06606381577272333,0.28901676293112005,0.4777766255510565,-699021.3268545854
2025-02-24 18:00:00,3.125922997416158e-17,0.2149266144895433,0.47792699761348995,-699638.2332303541
2025-02-24 19:00:00,0.0,0.2499923684912395,0.47807737588699867,-686992.2134031291
2025-02-24 20:00:00,0.0,0.23442390619834375,0.478227760294219,-692591.3974151679
2025-02-24 21:00:00,0.0,0.2761380315456331,0.47837815075778434,-672197.281722327
2025-02-24 22:00:00,0.0,0.2305097847676606,0.4785285472003247,-684220.275022997
2025-02-24 23:00:00,0.0,0.19011179698894776,0.4786789495444672,-689701.5177227109
2025-02-25 00:00:00,0.0,0.24596099749908334,0.4788293577128359,-714126.9071869722
2025-02-25 01:00:00,0.0,0.2523970801287019,0.4789797716280518,-785841.2610868893
2025-02-25 02:00:00,0.0,0.23648979170913598,0.479130191212733,-709463.2830682029
2025-02-25 03:00:00,0.0,0.19812084060492782,0.47928061638949465,-689265.7446266286
2025-02-25 04:00:00,0.0,0.22175578654628342,0.479431047080949,-706028.2145267085
2025-02-25 05:00:00,0.0,0.19779851057996514,0.4795814832097055,-701159.8977770444
2025-02-25 06:00:00,0.0,0.22549711476211962,0.47973192469837084,-713813.614196941
2025-02-25 07:00:00,0.06787862786318417,0.2109952395456321,0.47988237146954893,-643367.2677693481
2025-02-25 08:00:00,0.13113143941222868,0.20380430746008132,0.48003282344584086,-648676.8546990223
2025-02-25 09:00:00,0.18544786007027964,0.22166910614115787,0.4801832805498452,-696122.7771895396
2025-02-25 10:00:00,0.22712631553162002,0.23718984325903245,0.4803337427041578,-716736.3148008765
2025-02-25 11:00:00,0.2533264879334638,0.2596474881182559,0.4804842098313718,-625292.9969632296
2025-02-25 12:00:00,0.2622628788244574,0.19031111108779405,0.48063468185407804,-666318.9064561954
2025-02-25 13:00:00,0.2533264879334638,0.1848866949233063,0.48078515869486466,-606707.7475952943
2025-02-25 14:00:00,0.22712631553162008,0.2045224893712566,0.48093564027631736,-649119.7059526094
2025-02-25 15:00:00,0.18544786007027964,0.2660097245240688,0.4810861265210195,-649690.4992012024
2025-02-25 16:00:00,0.13113143941222868,0.29089747752645456,0.48123661735155177,-648073.8369347913
2025-02-25 17:00:00,0.06787862786318424,0.23410883078367278,0.4813871126904927,-649519.7502484733
2025-02-25 18:00:00,3.2117939508754195e-17,0.21226669121367894,0.48153761246041865,-657933.8972775155
2025-02-25 19:00:00,0.0,0.26635641833770407,0.4816881165839033,-649755.8797508621
2025-02-25 20:00:00,0.0,0.2731721522430191,0.4818386249835185,-676032.0706106193
2025-02-25 21:00:00,0.0,0.2901790791069556,0.4819891375818337,-686720.6513726378
2025-02-25 22:00:00,0.0,0.2886298424668963,0.48213965430141614,-678672.6387039684
2025-02-25 23:00:00,0.0,0.19596575472596756,0.4822901750648309,-705044.2797372269
2025-02-26 00:00:00,0.0,0.19004022725200334,0.4824406997946413,-776733.4238503458
2025-02-26 01:00:00,0.0,0.21798355798088456,0.4825912284134084,-784835.2556927108
2025-02-26 02:00:00,0.0,0.2362983771618412,0.4827417608436911,-716948.5436035325
2025-02-26 03:00:00,0.0,0.25142370526741964,0.4828922970080466,-751021.3441538038
2025-02-26 04:00:00,0.0,0.1900640271814672,0.48304283682903004,-745085.7659757186
2025-02-26 05:00:00,0.0,0.20034951636502574,0.4831933802291948,-677626.6916627936
2025-02-26 06:00:00,0.0,0.2691367654342109,0.48334392713109237,-680745.03618946
2025-02-26 07:00:00,0.06970783820224484,0.27235755918666826,0.48349447745727225,-668491.9249777873
2025-02-26 08:00:00,0.13466520242865604,0.22589850180370147,0.48364503113028245,-661942.7966277279
2025-02-26 09:00:00,0.19044535565432363,0.26080767770013336,0.48379558807266904,-691306.6413863486
2025-02-26 10:00:00,0.23324697261798008,0.1966637741456463,0.48394614820697673,-659544.6427776678
2025-02-26 11:00:00,0.26015319385656854,0.2123325937855999,0.4840967114557482,-628398.0237788542
2025-02-26 12:00:00,0.26933040485731213,0.26447665607854814,0.48424727774152476,-638353.8590878876
2025-02-26 13:00:00,0.26015319385656854,0.230186690743753,0.484397846986846,-639732.3970192731
2025-02-26 14:00:00,0.23324697261798008,0.193593848702078,0.48454841911425023,-653117.0099703099
2025-02-26 15:00:00,0.1904453556543237,0.29015246022239066,0.484698994046274,-610826.424621843
2025-02-26 16:00:00,0.13466520242865604,0.20346206409884351,0.4848495717054526,-657688.3688814396
2025-02-26 17:00:00,0.06970783820224492,0.2544889058998582,0.48500015201432006,-657232.9607876688
2025-02-26 18:00:00,3.2983461822156803e-17,0.28686115701904696,0.48515073489540855,-645043.7525364243
2025-02-26 19:00:00,0.0,0.2768447611721869,0.4853013202712494,-639531.5915481419
2025-02-26 20:00:00,0.0,0.18480322383168635,0.4854519080643724,-644518.8767363784
2025-02-26 21:00:00,0.0,0.27348425786319114,0.48560249819730616,-675132.41067428
2025-02-26 22:00:00,0.0,0.19127644019864662,0.4857530905925781,-727700.7795360715
2025-02-26 23:00:00,0.0,0.2164602437153844,0.48590368517271465,-696497.7384503777
2025-02-27 00:00:00,0.0,0.2065502646454073,0.48605428186024074,-731816.885020912
2025-02-27 01:00:00,0.0,0.24100979438221432,0.4862048805776804,-722475.90850788
2025-02-27 02:00:00,0.0,0.25785084182935514,0.48635548124755684,-709058.8478841577
2025-02-27 03:00:00,0.0,0.23962112120011247,0.4865060837923919,-750529.937765087
2025-02-27 04:00:00,0.0,0.23624877910199113,0.48665668813470664,-730534.9626130662
2025-02-27 05:00:00,0.0,0.2242673272852508,0.4868072941970211,-688087.0508777186
2025-02-27 06:00:00,0.0,0.24044915200625697,0.4869579019018547,-716363.980879669
2025-02-27 07:00:00,0.07155090475540417,0.28387117823572056,0.48710851117172554,-704116.8231874682
2025-02-27 08:00:00,0.1382257335951884,0.19753707302318424,0.48725912192915155,-693337.534201526
2025-02-27 09:00:00,0.19548070711928578,0.22417109961685633,0.4874097340966492,-635231.3451361997
2025-02-27 10:00:00,0.2394139935003466,0.2531476134298098,0.48756034759673483,-657721.5376799525
2025-02-27 11:00:00,0.26703161187469,0.28263843808790046,0.4877109623519236,-624968.0500257043
2025-02-27 12:00:00,0.27645146719037683,0.2348499982576287,0.4878615782847304,-622165.4159365327
2025-02-27 13:00:00,0.26703161187469,0.1885177880739989,0.4880121953176695,-613880.4986980534
2025-02-27 14:00:00,0.2394139935003466,0.2910633016362616,0.48816281337325423,-624207.0334044225
2025-02-27 15:00:00,0.19548070711928583,0.2795081029569659,0.48831343237399777,-653212.0420142125
2025-02-27 16:00:00,0.1382257335951884,0.29271717103944506,0.4884640522424127,-622585.5667675327
2025-02-27 17:00:00,0.07155090475540425,0.2473635871524775,0.48861467290101107,-602846.8000786105
2025-02-27 18:00:00,3.385554044142845e-17,0.23742766235076582,0.4887652942723047,-663667.8371219798
2025-02-27 19:00:00,0.0,0.20280219200587718,0.4889159162788048,-695119.4975452058
2025-02-27 20:00:00,0.0,0.25490400451001793,0.48906653884302254,-699531.5129085385
2025-02-27 21:00:00,0.0,0.19502271426360085,0.4892171618874686,-689025.9645491901
2025-02-27 22:00:00,0.0,0.2692812756378556,0.4893677853346534,-710365.2759463888
2025-02-27 23:00:00,0.0,0.24302033806067047,0.4895184091070873,-686676.7677644299
2025-02-28 00:00:00,0.0,0.19679075000443,0.4896690331272805,-713157.8780701795
2025-02-28 01:00:00,0.0,0.2087233524516952,0.4898196573177427,-716467.7668267153
2025-02-28 02:00:00,0.0,0.28906280813980495,0.48997028160098405,-755438.8971047505
2025-02-28 03:00:00,0.0,0.28210727575770245,0.49012090589951435,-701059.6209974763
2025-02-28 04:00:00,0.0,0.2671557773120848,0.4902715301358434,-693427.5367312272
2025-02-28 05:00:00,0.0,0.23763148472527879,0.49042215423248103,-668680.9992247605
2025-02-28 06:00:00,0.0,0.1877050216094125,0.49057277811193734,-648197.3591122935
2025-02-28 07:00:00,0.07340728138226583,0.1974075961774989,0.49072340169672224,-678055.4385189653
2025-02-28 08:00:00,0.14181197784959854,0.2467829553094609,0.490874024909346,-668995.4714373274
2025-02-28 09:00:00,0.20055242238185517,0.28507112331745194,0.49102464767231907,-663205.6447061094
2025-02-28 10:00:00,0.24562555075733686,0.28608133469242286,0.4911752699081519,-639584.3630290278
2025-02-28 11:00:00,0.2739597037641211,0.2811212860662923,0.49132589153935563,-639787.8125164065
2025-02-28 12:00:00,0.2836239556991971,0.23699643143417495,0.4914765124884414,-583515.0902361263
2025-02-28 13:00:00,0.2739597037641211,0.20219916152938439,0.49162713267792063,-661420.8684219276
2025-02-28 14:00:00,0.2456255507573369,0.2890205267411871,0.4917777520303055,-633214.8737547889
2025-02-28 15:00:00,0.20055242238185522,0.27867856262251095,0.49192837046810817,-640598.6141144689
2025-02-28 16:00:00,0.14181197784959854,0.24731173594302877,0.4920789879138417,-680558.3079727242
2025-02-28 17:00:00,0.07340728138226592,0.1979776201270732,0.49222960429001933,-649617.4972304162
2025-02-28 18:00:00,3.4733916950853244e-17,0.2484427475347955,0.49238021951915506,-660103.4193219064
2025-02-28 19:00:00,0.0,0.2299450746367926,0.4925308335237633,-656437.943695795
2025-02-28 20:00:00,0.0,0.24991753143229845,0.49268144622635934,-744114.3029109827
2025-02-28 21:00:00,0.0,0.2512863762042069,0.4928320575494588,-692792.7703698867
2025-02-28 22:00:00,0.0,0.21375691227962668,0.4929826674155784,-745632.0160508641
2025-02-28 23:00:00,0.0,0.19938444066130767,0.49313327574723526,-726355.7975905151
2025-03-01 00:00:00,0.0,0.22213924223274017,0.49328388246694743,-707233.0299234637
2025-03-01 01:00:00,0.0,0.2889920680091377,0.4934344874972339,-677168.7139774782
2025-03-01 02:00:00,0.0,0.2263977816532449,0.49358509076061435,-753416.9162071941
2025-03-01 03:00:00,0.0,0.20609224916258928,0.4937356921796094,-703012.8092392279
2025-03-01 04:00:00,0.0,0.26367713531369186,0.4938862916767408,-769562.222050074
2025-03-01 05:00:00,0.0,0.25254970960958784,0.49403688917453104,-677148.3690770768
2025-03-01 06:00:00,0.0,0.23853529331707723,0.4941874845955039,-685187.1104069612
2025-03-01 07:00:00,0.07527641799837141,0.1884387134164404,0.4943380778621838,-634250.0148704466
2025-03-01 08:00:00,0.14542287251031638,0.21307965616254554,0.49448866889709686,-693257.8175391138
2025-03-01 09:00:00,0.20565899858334297,0.2613455874982916,0.49463925762276983,-649879.7180737073
2025-03-01 10:00:00,0.2518798037704794,0.22598256218286591,0.4947898439617309,-631711.9940283096
2025-03-01 11:00:00,0.2809354165817144,0.21625346289897168,0.4949404278365095,-630006.1982805982
2025-03-01 12:00:00,0.2908457450206328,0.23274101861283958,0.49509100916963616,-546965.9794644319
2025-03-01 13:00:00,0.2809354165817144,0.21531608197962143,0.4952415878836429,-617942.377047517
2025-03-01 14:00:00,0.2518798037704794,0.26874177151108714,0.49539216390106305,-636588.3049148069
2025-03-01 15:00:00,0.205658998583343,0.2686440630985582,0.4955427371444313,-651523.5872515509
2025-03-01 16:00:00,0.14542287251031638,0.24306249871544994,0.49569330753628366,-622492.5956943285
2025-03-01 17:00:00,0.07527641799837148,0.28254739695086367,0.49584387499915766,-653965.0305032936
2025-03-01 18:00:00,3.5618331068514517e-17,0.19008750678339806,0.4959944394555926,-682553.5985375204
2025-03-01 19:00:00,0.0,0.2701291020557399,0.49614500082812885,-700154.2414673177
2025-03-01 20:00:00,0.0,0.1955368142280991,0.49629555903930883,-707695.6069382314
2025-03-01 21:00:00,0.0,0.18757378774584985,0.4964461140116764,-719459.969504702
2025-03-01 22:00:00,0.0,0.27055562041480846,0.4965966656677769,-683361.5613630912
2025-03-01 23:00:00,0.0,0.20094417304483025,0.4967472139301575,-686410.9811902881
2025-03-02 00:00:00,0.0,0.21025339251555164,0.4968977587213674,-767087.1836498589
2025-03-02 01:00:00,0.0,0.29255234419701276,0.4970482999639573,-701567.632447684
2025-03-02 02:00:00,0.0,0.2534619578722576,0.4971988375804796,-712589.8295189359
2025-03-02 03:00:00,0.0,0.24026896372418938,0.4973493714934888,-694051.7752172762
2025-03-02 04:00:00,0.0,0.22770679860106144,0.4974999016255414,-689277.4572540319
2025-03-02 05:00:00,0.0,0.29308324181051154,0.49765042789919545,-654161.0484093626
2025-03-02 06:00:00,0.0,0.2765223530767595,0.49780095023701143,-658411.722464211
2025-03-02 07:00:00,0.07715776073820226,0.27921191299207965,0.4979514685615515,-645981.6796001408
2025-03-02 08:00:00,0.1490573475913245,0.28792045921423165,0.4981019827953801,-688186.4645678601
2025-03-02 09:00:00,0.2107989225350117,0.2450650924764291,0.4982524928610636,-665237.0109019438
2025-03-02 10:00:00,0.2581748992696285,0.22291299570314782,0.4984029986811707,-641606.8439932537
2025-03-02 11:00:00,0.287956683273214,0.2027928529920865,0.4985535001782722,-612292.8422732
2025-03-02 12:00:00,0.29811469518264905,0.28001102433556174,0.49870399727494114,-628006.085758521
2025-03-02 13:00:00,0.287956683273214,0.2944971650446534,0.4988544898937526,-635491.1881652387
2025-03-02 14:00:00,0.2581748992696285,0.2687490746287366,0.49900497795728443,-633534.4727912936
2025-03-02 15:00:00,0.21079892253501173,0.2150496820061658,0.49915546138811634,-628879.5927099141
2025-03-02 16:00:00,0.1490573475913245,0.23470533467258275,0.4993059401088309,-601164.9325379112
2025-03-02 17:00:00,0.07715776073820235,0.22146400016488654,0.49945641404201263,-681255.4775487282
2025-03-02 18:00:00,3.6508520723422005e-17,0.2894610289178653,0.4996068831102488,-654172.2830138536
2025-03-02 19:00:00,0.0,0.28123679926787143,0.4997573472361291,-675023.0082751035
2025-03-02 20:00:00,0.0,0.20010003331612614,0.49990780634224574,-672359.483671529
2025-03-02 21:00:00,0.0,0.2243874250768835,0.5000582603511937,-687656.2590699226
2025-03-02 22:00:00,0.0,0.28754622416641323,0.5002087091855703,-708039.5829203728
2025-03-02 23:00:00,0.0,0.24181324288695458,0.5003591527679756,-725045.2572989956
2025-03-03 00:00:00,0.0,0.29145171256104596,0.5005095910210126,-725525.9614788918
2025-03-03 01:00:00,0.0,0.27931350197235055,0.5006600238672867,-737383.978338895
2025-03-03 02:00:00,0.0,0.28673624553334637,0.5008104512294062,-688258.922397748
2025-03-03 03:00:00,0.0,0.26060274860671895,0.5009608730299824,-728913.8399319251
2025-03-03 04:00:00,0.0,0.2926863432086404,0.5011112891916292,-739371.7324012867
2025-03-03 05:00:00,0.0,0.2155719605523604,0.5012616996369637,-729800.7784277871
2025-03-03 06:00:00,0.0,0.23506470415169567,0.5014121042886055,-632702.1695912211
2025-03-03 07:00:00,0.07905075211930189,0.26359731262124675,0.5015625030691776,-635572.2274779786
2025-03-03 08:00:00,0.15271432611921798,0.19272620072270963,0.501712895901306,-698781.2669180741
2025-03-03 09:00:00,0.21597067116646584,0.2608383538030179,0.5018632827076193,-686619.1623844557
2025-03-03 10:00:00,0.2645089718821284,0.2563949631263583,0.5020136634107497,-580274.9991980084
2025-03-03 11:00:00,0.2950214232857678,0.2378986142647424,0.5021640379333324,-627652.5967665111
2025-03-03 12:00:00,0.305428652238436,0.24810474912018995,0.5023144061980057,-623215.7580788878
2025-03-03 13:00:00,0.2950214232857678,0.19974813273220365,0.5024647681274111,-597706.448960212
2025-03-03 14:00:00,0.2645089718821284,0.2831809581533139,0.5026151236441937,-646192.4406775191
2025-03-03 15:00:00,0.21597067116646587,0.2470324899630983,0.5027654726710011,-584371.3278193083
2025-03-03 16:00:00,0.15271432611921798,0.26370972284250493,0.5029158151304853,-605018.1469694409
2025-03-03 17:00:00,0.07905075211930196,0.21306408630749163,0.5030661509453008,-657055.3404658439
2025-03-03 18:00:00,3.740422213316907e-17,0.2690907768239682,0.5032164800381059,-662095.100364699
2025-03-03 19:00:00,0.0,0.239764187609445,0.5033668023315624,-671199.0645978638
2025-03-03 20:00:00,0.0,0.2745916921086901,0.5035171177483355,-638024.2716518902
2025-03-03 21:00:00,0.0,0.22404084272799715,0.503667426211094,-730657.1767115897
2025-03-03 22:00:00,0.0,0.2558538431340928,0.50381772764251,-682036.6368880771
2025-03-03 23:00:00,0.0,0.23070352284410012,0.5039680219652597,-723909.5969994189
2025-03-04 00:00:00,0.0,0.2634589065075181,0.5041183091020225,-717870.6051928743
2025-03-04 01:00:00,0.0,0.28223032115047464,0.5042685889754819,-709836.3147972503
2025-03-04 02:00:00,0.0,0.2250912054132853,0.5044188615083247,-711869.7645944031
2025-03-04 03:00:00,0.0,0.2908778273132537,0.504569126623242,-726836.0065566472
2025-03-04 04:00:00,0.0,0.20419715213987236,0.5047193842429283,-727846.7199891836
2025-03-04 05:00:00,0.0,0.23520609054253222,0.5048696342900819,-678295.315015306
2025-03-04 06:00:00,0.0,0.19892075863623607,0.5050198766874053,-682874.5271421226
2025-03-04 07:00:00,0.08095483120746996,0.25157661698648165,0.505170111357605,-717547.9534255099
2025-03-04 08:00:00,0.15639272445233496,0.2612455234902227,0.5053203382233912,-617605.5884703597
2025-03-04 09:00:00,0.2211727119769705,0.22305269464745014,0.505470557207478,-675130.8694053965
2025-03-04 10:00:00,0.2708801446855637,0.2086695347454014,0.5056207682325841,-641755.9419877317
2025-03-04 11:00:00,0.30212754318444046,0.25568219664141434,0.5057709712214317,-603773.5849564781
2025-03-04 12:00:00,0.31278544890466997,0.25257015060260274,0.5059211660967473,-586442.7722750261
2025-03-04 13:00:00,0.30212754318444046,0.2939727260569016,0.5060713527812619,-631290.5736083876
2025-03-04 14:00:00,0.2708801446855637,0.2809664900588675,0.5062215311977104,-603876.3838172515
2025-03-04 15:00:00,0.2211727119769705,0.21656007238981134,0.5063717012688321,-660968.3017887346
2025-03-04 16:00:00,0.15639272445233496,0.23684735792608264,0.5065218629173704,-639313.8927853098
2025-03-04 17:00:00,0.08095483120747005,0.24717213021855336,0.5066720160660733,-651828.2495335792
2025-03-04 18:00:00,3.83051698820972e-17,0.22215702266947443,0.5068221606376928,-643051.2160231984
2025-03-04 19:00:00,0.0,0.21417482143110222,0.5069722965549857,-666022.0701774129
2025-03-04 20:00:00,0.0,0.20420673063371983,0.5071224237407131,-710843.9718644193
2025-03-04 21:00:00,0.0,0.24323216339002574,0.5072725421176406,-717439.2318817799
2025-03-04 22:00:00,0.0,0.24025010297260563,0.5074226516085383,-713152.867730344
2025-03-04 23:00:00,0.0,0.21001741869469664,0.5075727521361808,-726799.4114783476
2025-03-05 00:00:00,0.0,0.2599486630706296,0.5077228436233475,-662616.6204703449
2025-03-05 01:00:00,0.0,0.2527257039840956,0.5078729259928223,-727168.1117589811
2025-03-05 02:00:00,0.0,0.256713951825411,0.508022999167394,-719772.7658071986
2025-03-05 03:00:00,0.0,0.28107020634139707,0.5081730630698558,-700434.1119525798
2025-03-05 04:00:00,0.0,0.25622359620777185,0.5083231176230059,-699356.4853781702
2025-03-05 05:00:00,0.0,0.28794643245511,0.508473162749647,-711475.2926964647
2025-03-05 06:00:00,0.0,0.288048200362971,0.5086231983725875,-646969.3367908082
2025-03-05 07:00:00,0.08286943378297927,0.2417927713769307,0.5087732244146395,-657947.8486066882
2025-03-05 08:00:00,0.16009145260186294,0.21896321163740598,0.508923240798621,-649039.8145283463
2025-03-05 09:00:00,0.2264035034895641,0.23809904059858764,0.5090732474473544,-642928.0555554661
2025-03-05 10:00:00,0.27728652976393137,0.2380550169608053,0.5092232442836673,-633045.6832541189
2025-03-05 11:00:00,0.3092729372725434,0.2089661656583194,0.5093732312303925,-601441.7853076267
2025-03-05 12:00:00,0.32018290520372594,0.2652687535857556,0.5095232082103675,-574651.5900318675
2025-03-05 13:00:00,0.3092729372725434,0.2516162656954368,0.5096731751464354,-625211.8868967326
2025-03-05 14:00:00,0.2772865297639314,0.2661729390737022,0.509823131961444,-634287.048262306
2025-03-05 15:00:00,0.22640350348956415,0.2076875959733597,0.5099730785782468,-621131.6947351315
2025-03-05 16:00:00,0.16009145260186294,0.2488041583305486,0.5101230149197021,-619954.5156427772
2025-03-05 17:00:00,0.08286943378297935,0.22637049048814553,0.5102729409086737,-666524.2212532535
2025-03-05 18:00:00,3.921109699994434e-17,0.2867705424173492,0.5104228564680308,-645493.2607549289
2025-03-05 19:00:00,0.0,0.2768145803617143,0.5105727615206476,-646595.5135939176
2025-03-05 20:00:00,0.0,0.2554243542094785,0.5107226559894041,-659985.320344832
2025-03-05 21:00:00,0.0,0.2251035844366779,0.5108725397971858,-677086.6014878534
2025-03-05 22:00:00,0.0,0.23882781420995136,0.5110224128668833,-703198.663897448
2025-03-05 23:00:00,0.0,0.2915740444103918,0.5111722751213928,-690527.4727923773
2025-03-06 00:00:00,0.0,0.24794764227924812,0.5113221264836165,-726522.7685954109
2025-03-06 01:00:00,0.0,0.24653215517186777,0.5114719668764618,-708059.8670092265
2025-03-06 02:00:00,0.0,0.26013387098070667,0.5116217962228417,-734887.011770883
2025-03-06 03:00:00,0.0,0.2572353014447111,0.5117716144456751,-715558.5614667663
2025-03-06 04:00:00,0.0,0.21916486525607182,0.5119214214678863,-683669.2098931064
2025-03-06 05:00:00,0.0,0.28902677384748626,0.512071217212406,-763052.3833991482
2025-03-06 06:00:00,0.0,0.29341978902629434,0.51222100160217,-670388.287301873
2025-03-06 07:00:00,0.0847939925077662,0.23130158483385108,0.5123707745601205,-647588.0557765036
2025-03-06 08:00:00,0.16380941455482625,0.2639446317799318,0.512520536009205,-659951.085627546
2025-03-06 09:00:00,0.23166149570783195,0.20787286852536307,0.5126702858723776,-626665.4913536184
2025-03-06 10:00:00,0.2837262287670718,0.2547298964302027,0.5128200240725976,-600137.5521896158
2025-03-06 11:00:00,0.3164554882155982,0.29458364796754055,0.5129697505328311,-637880.482104818
2025-03-06 12:00:00,0.32761882910965257,0.28145026629653763,0.5131194651760496,-614545.2171846847
2025-03-06 13:00:00,0.3164554882155982,0.2612173467017741,0.513269167925231,-570096.8428489517
2025-03-06 14:00:00,0.2837262287670719,0.23505941798047147,0.5134188587033592,-591772.6266378069
2025-03-06 15:00:00,0.231661495707832,0.29989124822595,0.5135685374334245,-609955.7815783647
2025-03-06 16:00:00,0.16380941455482625,0.23767565597652915,0.5137182040384228,-668174.3691962432
2025-03-06 17:00:00,0.08479399250776629,0.2453519278044321,0.513867858441357,-659807.7792041483
2025-03-06 18:00:00,4.012173504095397e-17,0.21191222297373524,0.5140175005652358,-631539.393685128
2025-03-06 19:00:00,0.0,0.2785226178203299,0.5141671303330743,-662633.1003596676
2025-03-06 20:00:00,0.0,0.2213306383743877,0.514316747667894,-714360.1259101871
2025-03-06 21:00:00,0.0,0.2629984259020837,0.5144663524927229,-725328.2379038002
2025-03-06 22:00:00,0.0,0.2667516886632763,0.514615944730595,-743148.842415778
2025-03-06 23:00:00,0.0,0.3027615542113736,0.5147655243045515,-721051.4208226269
2025-03-07 00:00:00,0.0,0.21042576685811523,0.5149150911376393,-723572.45745723
2025-03-07 01:00:00,0.0,0.20220594918012136,0.5150646451529127,-719240.3500184341
2025-03-07 02:00:00,0.0,0.2821491508361624,0.515214186273432,-675959.3068947922
2025-03-07 03:00:00,0.0,0.20883352631917274,0.5153637144222641,-708181.9725591819
2025-03-07 04:00:00,0.0,0.21217649049599535,0.5155132295224829,-677359.3580702803
2025-03-07 05:00:00,0.0,0.2806863193984056,0.515662731497169,-717199.8460120166
2025-03-07 06:00:00,0.0,0.2749317983479191,0.5158122202694095,-682821.7626055507
2025-03-07 07:00:00,0.08672793709354518,0.2738714463086391,0.5159616957622983,-727375.396365016
2025-03-07 08:00:00,0.16754550859885792,0.2424322715610519,0.5161111578989366,-668785.6178891998
2025-03-07 09:00:00,0.23694513057520286,0.20340940312612693,0.5162606066024319,-665320.894506031
2025-03-07 10:00:00,0.29019733347319016,0.21311521894477578,0.5164100417958989,-626543.2302152527
2025-03-07 11:00:00,0.3236730676687481,0.2070430623669724,0.5165594634024592,-629365.7107166603
2025-03-07 12:00:00,0.3350910171977159,0.2452917613862483,0.5167088713452411,-603234.3963066709
2025-03-07 13:00:00,0.3236730676687481,0.2954756241807985,0.5168582655473806,-606622.9614822713
2025-03-07 14:00:00,0.29019733347319016,0.2874627962292857,0.5170076459320203,-624042.4344934841
2025-03-07 15:00:00,0.23694513057520292,0.2626592001514014,0.5171570124223098,-553243.2848444326
2025-03-07 16:00:00,0.16754550859885792,0.2605539480078475,0.5173063649414062,-648537.9052590638
2025-03-07 17:00:00,0.08672793709354527,0.19060492853871358,0.5174557034124736,-627357.9964737502
2025-03-07 18:00:00,4.1036814163421346e-17,0.27653697395031357,0.5176050277586833,-605903.9885772034
2025-03-07 19:00:00,0.0,0.30264041529160224,0.5177543379032139,-646625.2797236261
2025-03-07 20:00:00,0.0,0.23994638730429904,0.5179036337692514,-721334.6282313154
2025-03-07 21:00:00,0.0,0.20068898553082526,0.5180529152799891,-628254.442396923
2025-03-07 22:00:00,0.0,0.29017466773452727,0.5182021823586275,-663587.7562688879
2025-03-07 23:00:00,0.0,0.20151937178701657,0.5183514349283748,-688432.9421000445
2025-03-08 00:00:00,0.0,0.2953342045597272,0.5185006729124465,-725618.4918668701
2025-03-08 01:00:00,0.0,0.26901946928830656,0.5186498962340655,-714268.9777869844
2025-03-08 02:00:00,0.0,0.23769029480271678,0.5187991048164627,-656833.9649302133
2025-03-08 03:00:00,0.0,0.28824287798725007,0.518948298582876,-690698.0776644606
2025-03-08 04:00:00,0.0,0.23125907724615444,0.5190974774565514,-691954.1538631681
2025-03-08 05:00:00,0.0,0.19647518637356207,0.5192466413607423,-710430.9862601201
2025-03-08 06:00:00,0.0,0.3015100705085533,0.5193957902187097,-640965.5865273017
2025-03-08 07:00:00,0.08867069447079752,0.22756275907043344,0.5195449239537226,-708787.1216472193
2025-03-08 08:00:00,0.17129862764866122,0.21818578429095853,0.5196940424890579,-662052.6977112399
2025-03-08 09:00:00,0.24225284243663553,0.28928785554135916,0.5198431457479997,-641839.2698375155
2025-03-08 10:00:00,0.2966979263543041,0.19398223332339792,0.5199922336538405,-606190.212479115
2025-03-08 11:00:00,0.3309235369074331,0.2530203934823986,0.5201413061298807,-622435.038769499
2025-03-08 12:00:00,0.34259725529732243,0.2328974386292928,0.5202903630994284,-659440.0611809747
2025-03-08 13:00:00,0.3309235369074331,0.24778447453719804,0.5204394044857997,-605000.5357174625
2025-03-08 14:00:00,0.2966979263543041,0.25343137439763586,0.5205884302123188,-612728.1649842762
2025-03-08 15:00:00,0.24225284243663556,0.2673697941543246,0.5207374402023182,-579936.2883802879
2025-03-08 16:00:00,0.17129862764866122,0.22757996611519574,0.5208864343791378,-580632.9213274452
2025-03-08 17:00:00,0.0886706944707976,0.21646070727023684,0.5210354126661265,-660995.3014503524
2025-03-08 18:00:00,4.1956063209653454e-17,0.2111337729284084,0.5211843749866407,-651829.070701406
2025-03-08 19:00:00,0.0,0.2028745297617919,0.5213333212640452,-676301.2060910275
2025-03-08 20:00:00,0.0,0.2975065235510094,0.5214822514217133,-684284.6242926442
2025-03-08 21:00:00,0.0,0.28293239716761426,0.5216311653830265,-643756.5922090352
2025-03-08 22:00:00,0.0,0.2044932722644071,0.5217800630713741,-711265.5492348301
2025-03-08 23:00:00,0.0,0.23954016989789678,0.5219289444101547,-697325.2126379159
2025-03-09 00:00:00,0.0,0.21995756399631425,0.5220778093227746,-711220.7270952377
2025-03-09 01:00:00,0.0,0.28312296005843635,0.5222266577326489,-753886.2039741834
2025-03-09 02:00:00,0.0,0.2629152655041308,0.5223754895632009,-695131.8606500276
2025-03-09 03:00:00,0.0,0.22355582860347245,0.5225243047378626,-624276.7526226412
2025-03-09 04:00:00,0.0,0.23188537083864144,0.5226731031800746,-735148.7408840619
2025-03-09 05:00:00,0.0,0.23148433950995898,0.5228218848132862,-714948.6977809154
2025-03-09 06:00:00,0.0,0.280389885717609,0.5229706495609551,-654103.8094360991
2025-03-09 07:00:00,0.0906216889585842,0.24498146245843933,0.5231193973465479,-611761.4223004372
2025-03-09 08:00:00,0.17506765957406273,0.2612627897046441,0.5232681280935396,-650318.3060285007
2025-03-09 09:00:00,0.24758305850255558,0.28225433638434705,0.5234168417254145,-647361.7303720391
2025-03-09 10:00:00,0.3032260811444487,0.30430280640480495,0.5235655381656652,-643677.1586821404
2025-03-09 11:00:00,0.3382047474611398,0.27298019984459726,0.5237142173377936,-613691.2964277101
2025-03-09 12:00:00,0.3501353191481255,0.20333055911304437,0.5238628791653097,-687061.4186886293
2025-03-09 13:00:00,0.3382047474611398,0.20283235908767755,0.5240115235717335,-601505.1670828799
2025-03-09 14:00:00,0.3032260811444487,0.2255482272888096,0.5241601504805933,-557485.1889932179
2025-03-09 15:00:00,0.24758305850255563,0.2072521985407097,0.5243087598154264,-603249.5889102569
2025-03-09 16:00:00,0.17506765957406273,0.29771010795686637,0.5244573514997791,-624946.0815253719
2025-03-09 17:00:00,0.09062168895858429,0.29841102605808567,0.5246059254572073,-627557.2200522409
2025-03-09 18:00:00,4.2879209786318887e-17,0.26237594623606536,0.5247544816112755,-651849.0489240823
2025-03-09 19:00:00,0.0,0.3006328674616837,0.5249030198855575,-681707.9870373899
2025-03-09 20:00:00,0.0,0.26816772302525355,0.5250515402036363,-675263.5550621018
2025-03-09 21:00:00,0.0,0.2661028690585032,0.5252000424891042,-674327.883144606
2025-03-09 22:00:00,0.0,0.21018162423127948,0.5253485266655629,-725820.8545781572
2025-03-09 23:00:00,0.0,0.258529263832945,0.525496992656623,-751892.7088004715
2025-03-10 00:00:00,0.0,0.23256929031706752,0.5256454403859047,-637817.1049801207
2025-03-10 01:00:00,0.0,0.20906837221675226,0.5257938697770376,-674104.8322345352
2025-03-10 02:00:00,0.0,0.20017619386734178,0.525942280753661,-691730.0470932445
2025-03-10 03:00:00,0.0,0.24675911838895007,0.5260906732394232,-685854.7418418549
2025-03-10 04:00:00,0.0,0.21282477212278972,0.5262390471579822,-714782.3480875922
2025-03-10 05:00:00,0.0,0.296905033502429,0.5263874024330056,-662306.5643768826
2025-03-10 06:00:00,0.0,0.2155383736694153,0.5265357389881706,-652010.5247258403
2025-03-10 07:00:00,0.09258034243513258,0.2946121977756693,0.526684056747164,-650164.6062937719
2025-03-10 08:00:00,0.17885148752956065,0.2544937114212151,0.5268323556336822,-626912.7683553243
2025-03-10 09:00:00,0.2529341993149072,0.29686499721390003,0.5269806355714315,-662960.6133053338
2025-03-10 10:00:00,0.30977986341047054,0.21477250119065736,0.5271288964841276,-604746.5312561844
2025-03-10 11:00:00,0.34551454175003976,0.2736192027755026,0.5272771382954966,-615522.8074584255
2025-03-10 12:00:00,0.35770297505912135,0.2850875720865866,0.5274253609292736,-605861.4084072406
2025-03-10 13:00:00,0.34551454175003976,0.2173167817357347,0.5275735643092042,-646021.9222183813
2025-03-10 14:00:00,0.3097798634104706,0.2003503972729399,0.5277217483590437,-590775.6227997824
2025-03-10 15:00:00,0.25293419931490724,0.2158528586851615,0.5278699130025574,-607904.4336943161
2025-03-10 16:00:00,0.17885148752956065,0.27219190085523876,0.5280180581635204,-609392.0592838181
2025-03-10 17:00:00,0.09258034243513269,0.21022032744570757,0.5281661837657181,-656295.9222617627
2025-03-10 18:00:00,4.380598034516385e-17,0.2791335130794018,0.5283142897329458,-618224.8300426612
2025-03-10 19:00:00,0.0,0.19982292571935267,0.5284623759890088,-665524.3453540533
2025-03-10 20:00:00,0.0,0.2356783594182857,0.5286104424577228,-652317.2742695634
2025-03-10 21:00:00,0.0,0.2797840601263015,0.5287584890629136,-690156.9535492837
2025-03-10 22:00:00,0.0,0.3074751702460596,0.5289065157284168,-648785.7526436917
2025-03-10 23:00:00,0.0,0.3033146413699239,0.5290545223780792,-704264.8794204121
2025-03-11 00:00:00,0.0,0.2924097634283657,0.5292025089357567,-723616.4199315468
2025-03-11 01:00:00,0.0,0.22400715046797792,0.5293504753253166,-746870.2496076254
2025-03-11 02:00:00,0.0,0.26703044381594204,0.529498421470636,-757536.6641281137
2025-03-11 03:00:00,0.0,0.19535051716707613,0.5296463472956024,-727372.1842136538
2025-03-11 04:00:00,0.0,0.2737500809808962,0.5297942527241142,-689740.5867463308
2025-03-11 05:00:00,0.0,0.2747770776498672,0.5299421376800797,-673060.2042665881
2025-03-11 06:00:00,0.0,0.2818913200669457,0.5300900020874182,-634239.6995016006
2025-03-11 07:00:00,0.09454607450914637,0.19894376001917216,0.5302378458700593,-685151.9001385731
2025-03-11 08:00:00,0.18264899028527004,0.2469207784626756,0.5303856689519434,-631269.4741008817
2025-03-11 09:00:00,0.2583046792151806,0.22427983868970733,0.5305334712570213,-670993.6121276048
2025-03-11 10:00:00,0.316357331125242,0.22864425066649308,0.5306812527092548,-600448.5474703349
2025-03-11 11:00:00,0.352850753724327,0.19401283473455094,0.5308290132326162,-620888.4411336737
2025-03-11 12:00:00,0.36529798057054014,0.20990670059984945,0.5309767527510887,-652160.0532469507
2025-03-11 13:00:00,0.352850753724327,0.30124401811585394,0.5311244711886661,-562050.915003528
2025-03-11 14:00:00,0.31635733112524206,0.25984876623419584,0.5312721684693534,-595251.6366482589
2025-03-11 15:00:00,0.25830467921518063,0.2279274703690932,0.5314198445171662,-641790.5507205335
2025-03-11 16:00:00,0.18264899028527004,0.2915825162847291,0.531567499256131,-620621.7500988137
2025-03-11 17:00:00,0.09454607450914647,0.2678545165987682,0.5317151326102854,-630563.3327270823
2025-03-11 18:00:00,4.47361002640704e-17,0.2759825450808489,0.5318627445036781,-637609.0127707112
2025-03-11 19:00:00,0.0,0.26640204004689283,0.5320103348603685,-665747.1323905785
2025-03-11 20:00:00,0.0,0.24348893163169302,0.5321579036044275,-666196.8276453782
2025-03-11 21:00:00,0.0,0.29489068117722683,0.5323054506599367,-666753.7367114059
2025-03-11 22:00:00,0.0,0.23135937767487064,0.5324529759509892,-627336.3503032222
2025-03-11 23:00:00,0.0,0.2594943965879008,0.5326004794016891,-692613.3385246686
2025-03-12 00:00:00,0.0,0.29170796637486185,0.5327479609361516,-726239.991190868
2025-03-12 01:00:00,0.0,0.23249006930941174,0.5328954204785038,-748269.8168780542
2025-03-12 02:00:00,0.0,0.3003996238256754,0.5330428579528834,-695460.0908938088
2025-03-12 03:00:00,0.0,0.23150999330039906,0.5331902732834397,-722625.0153176241
2025-03-12 04:00:00,0.0,0.2760175673050446,0.5333376663943337,-695819.8909562214
2025-03-12 05:00:00,0.0,0.2815418274104243,0.5334850372097372,-680080.8828770649
2025-03-12 06:00:00,0.0,0.30538162482081493,0.5336323856538341,-693581.5139391692
2025-03-12 07:00:00,0.09651830269178804,0.23533063281935146,0.5337797116508194,-655772.6546616264
2025-03-12 08:00:00,0.18645904255916754,0.24969703840896051,0.5339270151248998,-670653.1117443636
2025-03-12 09:00:00,0.2636929068142769,0.29919628868136655,0.5340742960002937,-594673.3370881199
2025-03-12 10:00:00,0.32295653524312584,0.29489870748888614,0.5342215542012307,-601022.0468477554
2025-03-12 11:00:00,0.36021120950606494,0.2747049759358149,0.5343687896519528,-597261.2863802231
2025-03-12 12:00:00,0.37291808511833513,0.2099719204483574,0.5345160022767128,-618496.6148684167
2025-03-12 13:00:00,0.36021120950606494,0.2317898385536945,0.5346631919997761,-648923.0274998293
2025-03-12 14:00:00,0.32295653524312584,0.30696708565095665,0.5348103587454194,-526096.0101714653
2025-03-12 15:00:00,0.26369290681427693,0.27706428830367696,0.534957502437931,-584750.9967521796
2025-03-12 16:00:00,0.18645904255916754,0.1995406146033587,0.5351046230016119,-658149.9531846747
2025-03-12 17:00:00,0.09651830269178814,0.25110188612236706,0.5352517203607741,-665156.5868087049
2025-03-12 18:00:00,4.566929392843293e-17,0.23827124264992824,0.535398794439742,-649307.4235294957
2025-03-12 19:00:00,0.0,0.2789800786105407,0.5355458451628519,-659156.5817573275
2025-03-12 20:00:00,0.0,0.20097274194398698,0.535692872454452,-653881.4735382586
2025-03-12 21:00:00,0.0,0.2647620254701745,0.535839876238903,-692676.6545251387
2025-03-12 22:00:00,0.0,0.24864363500634867,0.5359868564405769,-707354.153848465
2025-03-12 23:00:00,0.0,0.28728011019700295,0.5361338129838585,-708120.2822389571
2025-03-13 00:00:00,0.0,0.2849508697257565,0.5362807457931448,-691928.8029813681
2025-03-13 01:00:00,0.0,0.29369210030391585,0.5364276547928443,-680059.6118348166
2025-03-13 02:00:00,0.0,0.21471120829718707,0.5365745399073785,-701192.6250593787
2025-03-13 03:00:00,0.0,0.27839807102126396,0.5367214010611807,-712552.5176187713
2025-03-13 04:00:00,0.0,0.3071775596507441,0.5368682381786971,-702734.9885544915
2025-03-13 05:00:00,0.0,0.2839052747049838,0.5370150511843855,-711259.1432976411
2025-03-13 06:00:00,0.0,0.2474801372392746,0.5371618400027168,-702037.4859777895
2025-03-13 07:00:00,0.09849644256928293,0.24318539876203907,0.5373086045581738,-642193.2698818055
2025-03-13 08:00:00,0.19028051535053672,0.25916124517183364,0.5374553447752521,-605135.3446341417
2025-03-13 09:00:00,0.26909728546407097,0.20657886337413173,0.5376020605784599,-595847.4901800012
2025-03-13 10:00:00,0.3295755202775193,0.2748570021264639,0.5377487518923175,-620901.2705106138
2025-03-13 11:00:00,0.36759372803335394,0.2837763409346985,0.5378954186413585,-585950.0103083478
2025-03-13 12:00:00,0.3805610307010735,0.19733563255596065,0.5380420607501284,-618164.5741012885
2025-03-13 13:00:00,0.36759372803335394,0.27009618665569674,0.5381886781431859,-589300.242467777
2025-03-13 14:00:00,0.32957552027751935,0.29533796271071794,0.5383352707451022,-572594.5850774725
2025-03-13 15:00:00,0.269097285464071,0.23317377972549416,0.5384818384804613,-568481.6001562974
2025-03-13 16:00:00,0.19028051535053672,0.2364734534101007,0.5386283812738599,-591156.587538583
2025-03-13 17:00:00,0.09849644256928303,0.277770348978313,0.5387748990499076,-646957.8062887848
2025-03-13 18:00:00,4.660528481282873e-17,0.23880922833868953,0.5389213917332271,-621391.1177918657
2025-03-13 19:00:00,0.0,0.19582279740230513,0.5390678592484535,-641382.6655600901
2025-03-13 20:00:00,0.0,0.27827777730373565,0.5392143015202354,-652153.4868852115
2025-03-13 21:00:00,0.0,0.28515022101899745,0.5393607184732341,-660849.5063501409
2025-03-13 22:00:00,0.0,0.23592821323303467,0.5395071100321236,-707101.4304003268
2025-03-13 23:00:00,0.0,0.20509910386467403,0.5396534761215918,-743061.6676597832
2025-03-14 00:00:00,0.0,0.291945065171915,0.5397998166663389,-681070.1493215951
2025-03-14 01:00:00,0.0,0.22586705663125697,0.5399461315910787,-722060.4261282358
2025-03-14 02:00:00,0.0,0.2791736898651476,0.5400924208205381,-671799.1304487096
2025-03-14 03:00:00,0.0,0.22975480053940833,0.540238684279457,-682971.3815126371
2025-03-14 04:00:00,0.0,0.23993750554890145,0.5403849218925888,-679771.4166905952
2025-03-14 05:00:00,0.0,0.30298774363012426,0.5405311335847001,-647271.0118582416
2025-03-14 06:00:00,0.0,0.2753583573768911,0.5406773192805707,-678134.2488235328
2025-03-14 07:00:00,0.10047990797609355,0.290212888716683,0.5408234789049943,-668933.8019480609
2025-03-14 08:00:00,0.1941122762745154,0.2057571051837136,0.5409696123827773,-622342.1324871456
2025-03-14 09:00:00,0.27451621373053287,0.19833828533675965,0.5411157196387402,-583875.3297881305
2025-03-14 10:00:00,0.33621232488030744,0.292015358257102,0.5412618005977162,-620691.5326650776
2025-03-14 11:00:00,0.3749961217066265,0.21367951371941776,0.541407855184553,-620037.3011332741
2025-03-14 12:00:00,0.3882245525490309,0.30789660294321197,0.5415538833241111,-588859.9150037585
2025-03-14 13:00:00,0.3749961217066265,0.19949670708938042,0.5416998849412651,-570461.3607547926
2025-03-14 14:00:00,0.33621232488030744,0.2359667947945826,0.5418458599609027,-624636.2697980446
2025-03-14 15:00:00,0.2745162137305329,0.25202845853986505,0.5419918083079259,-571569.9499501568
2025-03-14 16:00:00,0.1941122762745154,0.30716598517907445,0.5421377299072501,-588966.9157041427
2025-03-14 17:00:00,0.10047990797609366,0.2904900976444977,0.5422836246838042,-608999.5941765982
2025-03-14 18:00:00,4.7543795562958406e-17,0.2896647976065891,0.5424294925625316,-649448.9838009287
2025-03-14 19:00:00,0.0,0.246325009713225,0.5425753334683888,-619144.0025836907
2025-03-14 20:00:00,0.0,0.2601903733913694,0.5427211473263467,-643722.3237294306
2025-03-14 21:00:00,0.0,0.20155842144659875,0.54286693406139,-682003.8558764616
2025-03-14 22:00:00,0.0,0.28048037887613325,0.543012693598517,-673344.1428328787
2025-03-14 23:00:00,0.0,0.25330758882552146,0.5431584258627404,-698132.5564108256
2025-03-15 00:00:00,0.0,0.2710378308542323,0.5433041307790868,-672097.7566474953
2025-03-15 01:00:00,0.0,0.2978688243213115,0.5434498082725969,-688563.2698461418
2025-03-15 02:00:00,0.0,0.2581461162556358,0.5435954582683256,-669818.6970493783
2025-03-15 03:00:00,0.0,0.19958576738339093,0.5437410806913414,-715547.1949291488
2025-03-15 04:00:00,0.0,0.2640714878342622,0.543886675466728,-659578.235701658
2025-03-15 05:00:00,0.0,0.19752570009925485,0.5440322425195822,-716111.5705855018
2025-03-15 06:00:00,0.0,0.23596752858635017,0.5441777817750159,-657771.5154858058
2025-03-15 07:00:00,0.10246811116861321,0.21381830908725985,0.5443232931581548,-656544.5589211192
2025-03-15 08:00:00,0.19795318989764563,0.2573003118287886,0.5444687765941392,-649408.5593728757
2025-03-15 09:00:00,0.2799480858682672,0.2392732859745472,0.5446142320081238,-647771.4961821378
2025-03-15 10:00:00,0.3428649824230524,0.2619795512150726,0.5447596593252776,-597258.1978065129
2025-03-15 11:00:00,0.38241619703688046,0.28882769317189444,0.544905058470784,-572037.3427450546
2025-03-15 12:00:00,0.3959063797952913,0.2063337154893742,0.545050429369841,-637598.7146614763
2025-03-15 13:00:00,0.38241619703688046,0.23397087885501092,0.5451957719476612,-639541.12945818
2025-03-15 14:00:00,0.34286498242305247,0.2612163434331903,0.5453410861294715,-579590.6974731672
2025-03-15 15:00:00,0.27994808586826725,0.26270404985032586,0.5454863718405137,-558367.6603276544
2025-03-15 16:00:00,0.19795318989764563,0.21509174105127604,0.5456316290060442,-613988.7370478868
2025-03-15 17:00:00,0.10246811116861332,0.2060573717231287,0.545776857551334,-627417.1148848046
2025-03-15 18:00:00,4.8484548077831987e-17,0.24834535883167033,0.5459220574016687,-641226.4839715664
2025-03-15 19:00:00,0.0,0.23537175728193757,0.5460672284823488,-621057.4555328608
2025-03-15 20:00:00,0.0,0.2069697000799775,0.5462123707186898,-694380.5312792537
2025-03-15 21:00:00,0.0,0.2894504664390826,0.5463574840360216,-682571.3122428552
2025-03-15 22:00:00,0.0,0.20783579872750801,0.5465025683596894,-684506.4175106141
2025-03-15 23:00:00,0.0,0.2434340674096013,0.546647623615053,-721307.5239254534
2025-03-16 00:00:00,0.0,0.3110283052818593,0.5467926497274875,-684806.3784553077
2025-03-16 01:00:00,0.0,0.28968741682489635,0.5469376466223826,-675207.3033777102
2025-03-16 02:00:00,0.0,0.2521766408613734,0.5470826142251435,-712550.4472862965
2025-03-16 03:00:00,0.0,0.24703737321519897,0.5472275524611897,-710010.7909602616
2025-03-16 04:00:00,0.0,0.3017353298690817,0.5473724612559566,-616771.6874222835
2025-03-16 05:00:00,0.0,0.23627381013468562,0.5475173405348944,-676744.4104396566
2025-03-16 06:00:00,0.0,0.24704052249775432,0.5476621902234686,-678033.0133985357
2025-03-16 07:00:00,0.104460462999327,0.23102187631943863,0.5478070102471597,-623448.78614182
2025-03-16 08:00:00,0.20180211807432716,0.25509819907718473,0.5479518005314638,-663859.513137754
2025-03-16 09:00:00,0.28539129229633015,0.31283230726788885,0.5480965610018919,-612381.2215043241
2025-03-16 10:00:00,0.34953152157974826,0.29745017718362,0.5482412915839706,-635214.9581122007
2025-03-16 11:00:00,0.3898517552956572,0.2726230002728335,0.5483859922032418,-613850.3258834921
2025-03-16 12:00:00,0.40360423614865437,0.23399857652439726,0.548530662785263,-607954.1325144097
2025-03-16 13:00:00,0.3898517552956572,0.29359358588030876,0.548675303255607,-569971.4180516592
2025-03-16 14:00:00,0.3495315215797483,0.22717606939022522,0.5488199135398618,-568822.6987890468
2025-03-16 15:00:00,0.2853912922963302,0.28822747307201807,0.5489644935636313,-599754.1352827031
2025-03-16 16:00:00,0.20180211807432716,0.2485454912631343,0.5491090432525352,-615973.0954811687
2025-03-16 17:00:00,0.10446046299932711,0.21689823548287201,0.549253562532208,-570967.9503231111
2025-03-16 18:00:00,4.94272635921762e-17,0.26666219230579635,0.5493980513283008,-674888.7842279478
2025-03-16 19:00:00,0.0,0.24390294316392686,0.5495425095664795,-668581.511557571
2025-03-16 20:00:00,0.0,0.28889537549927696,0.5496869371724264,-686228.0499812285
2025-03-16 21:00:00,0.0,0.2256046382997488,0.5498313340718393,-677719.3174522714
2025-03-16 22:00:00,0.0,0.2801621843029198,0.5499757001904315,-647330.6083867018
2025-03-16 23:00:00,0.0,0.2246379378515509,0.5501200354539328,-670101.3158672361
2025-03-17 00:00:00,0.0,0.29371018821467326,0.5502643397880882,-731210.3147139349
2025-03-17 01:00:00,0.0,0.31336493367409657,0.5504086131186592,-734893.9973751454
2025-03-17 02:00:00,0.0,0.21719899870302606,0.5505528553714227,-661879.6593816391
2025-03-17 03:00:00,0.0,0.27898513139434145,0.550697066472172,-686047.8692348445
2025-03-17 04:00:00,0.0,0.31078103977911575,0.550841246346716,-676244.7827404275
2025-03-17 05:00:00,0.0,0.2517457364199162,0.5509853949208804,-671755.843454174
2025-03-17 06:00:00,0.0,0.22100237430802433,0.5511295121205062,-649230.4804285893
2025-03-17 07:00:00,0.10645637309138901,0.2500081725349358,0.551273597871451,-684189.4667381609
2025-03-17 08:00:00,0.20565792028407454,0.2077370226502686,0.5514176520995885,-661836.3990917763
2025-03-17 09:00:00,0.290844220075183,0.24779830653967705,0.5515616747308085,-607548.3007482989
2025-03-17 10:00:00,0.3562099669109671,0.24761907339241637,0.5517056656910172,-653247.4551989572
2025-03-17 11:00:00,0.39730059316657207,0.20739509458946737,0.551849624906137,-645960.6907062184
2025-03-17 12:00:00,0.4113158405681491,0.2904088018563424,0.5519935523021067,-558663.3849330615
2025-03-17 13:00:00,0.39730059316657207,0.20446266426700946,0.5521374478048812,-585250.0373740843
2025-03-17 14:00:00,0.3562099669109672,0.22938781622843077,0.5522813113404323,-632920.702028628
2025-03-17 15:00:00,0.29084422007518307,0.2781686814003349,0.552425142834748,-629967.7060514287
2025-03-17 16:00:00,0.20565792028407454,0.3083239980156127,0.5525689422138327,-553642.1857785631
2025-03-17 17:00:00,0.10645637309138914,0.23421128706398733,0.5527127094037072,-652636.8907799888
2025-03-17 18:00:00,5.037166275903869e-17,0.19725541649039866,0.5528564443304094,-631241.0519224125
2025-03-17 19:00:00,0.0,0.20600171221130742,0.5530001469199931,-656924.950236593
2025-03-17 20:00:00,0.0,0.23525733890482023,0.5531438170985292,-643917.1645000424
2025-03-17 21:00:00,0.0,0.2784796959305627,0.5532874547921055,-706444.9134522573
2025-03-17 22:00:00,0.0,0.24469461191237937,0.5534310599268256,-660254.5723805205
2025-03-17 23:00:00,0.0,0.2814138526439189,0.5535746324288109,-715557.4118823978
2025-03-18 00:00:00,0.0,0.26098493833962794,0.5537181722241987,-695651.6546942813
2025-03-18 01:00:00,0.0,0.2956114264503222,0.553861679239144,-693918.2339407541
2025-03-18 02:00:00,0.0,0.23324951312192438,0.5540051533998176,-717436.1212359099
2025-03-18 03:00:00,0.0,0.24923503543452827,0.5541485946324084,-710174.7099384348
2025-03-18 04:00:00,0.0,0.2898132862356383,0.5542920028631213,-670908.5959083509
2025-03-18 05:00:00,0.0,0.29111678095130245,0.5544353780181787,-672222.5775592099
2025-03-18 06:00:00,0.0,0.26761589666386165,0.5545787200238196,-661128.4612849879
2025-03-18 07:00:00,0.10845525001356371,0.29543044992046685,0.5547220288063005,-639044.1497064733
2025-03-18 08:00:00,0.20951945396947802,0.2437704935800472,0.5548653042918947,-642185.7824832818
2025-03-18 09:00:00,0.29630525338464125,0.2714173004408497,0.5550085464068928,-599474.9502678561
2025-03-18 10:00:00,0.3628983394492246,0.2554602490376759,0.5551517550776023,-585073.4150126154
2025-03-18 11:00:00,0.40476050339820496,0.19739936825427518,0.5552949302303481,-618481.0856873179
2025-03-18 12:00:00,0.4190389079389561,0.30917351302799856,0.5554380717914726,-584310.2486753183
2025-03-18 13:00:00,0.40476050339820496,0.27793540113451465,0.555581179687335,-586199.9933864394
2025-03-18 14:00:00,0.36289833944922467,0.2508734985726296,0.5557242538443121,-629558.769833245
2025-03-18 15:00:00,0.2963052533846413,0.2581401798564124,0.5558672941887978,-578877.0421398409
2025-03-18 16:00:00,0.20951945396947802,0.21532479078445227,0.5560103006472038,-598419.4078612989
2025-03-18 17:00:00,0.10845525001356382,0.21460384285839917,0.556153273145959,-627143.1043083663
2025-03-18 18:00:00,5.13174657325645e-17,0.2962279314449861,0.5562962116115097,-643282.3435406034
2025-03-18 19:00:00,0.0,0.27360397377281875,0.5564391159703197,-643386.2130275341
2025-03-18 20:00:00,0.0,0.3078005992106967,0.5565819861488708,-647094.874571475
2025-03-18 21:00:00,0.0,0.19809597955426775,0.5567248220736617,-659848.0429824509
2025-03-18 22:00:00,0.0,0.30148254852543893,0.5568676236712091,-668948.7173143652
2025-03-18 23:00:00,0.0,0.2919252399974948,0.5570103908680474,-681577.8542030981
2025-03-19 00:00:00,0.0,0.1977426178832533,0.5571531235907284,-653105.8152201693
2025-03-19 01:00:00,0.0,0.28411266153127657,0.5572958217658222,-659864.1720087649
2025-03-19 02:00:00,0.0,0.22925060997376823,0.5574384853199161,-695512.2459815576
2025-03-19 03:00:00,0.0,0.2392404470579683,0.5575811141796153,-675478.3177207382
2025-03-19 04:00:00,0.0,0.22820270676326243,0.5577237082715433,-695345.7570865718
2025-03-19 05:00:00,0.0,0.26872419605546904,0.5578662675223408,-641383.9400695759
2025-03-19 06:00:00,0.0,0.2732716270815434,0.558008791858667,-618473.4703374602
2025-03-19 07:00:00,0.11045650145547974,0.29557032676545164,0.5581512812071989,-671100.6104230987
2025-03-19 08:00:00,0.2133855748747679,0.24865318900865843,0.5582937354946312,-604042.3106356116
2025-03-19 09:00:00,0.3017727740026763,0.30267909533830567,0.5584361546476773,-572080.6801067344
2025-03-19 10:00:00,0.36959465728539087,0.26708493278081274,0.5585785385930678,-600247.6283399599
2025-03-19 11:00:00,0.4122292754581561,0.2574280969794673,0.5587208872575522,-561274.1690575776
2025-03-19 12:00:00,0.42677114974953584,0.27016502175571777,0.5588632005678976,-602428.2851816623
2025-03-19 13:00:00,0.4122292754581561,0.3056427970052329,0.5590054784508897,-586309.1615310209
2025-03-19 14:00:00,0.3695946572853909,0.22233204095913167,0.5591477208333321,-576673.8128711367
2025-03-19 15:00:00,0.3017727740026764,0.2686271657717882,0.5592899276420469,-576092.3037623481
2025-03-19 16:00:00,0.2133855748747679,0.1996349017207924,0.5594320988038743,-590430.5869036855
2025-03-19 17:00:00,0.11045650145547986,0.3084002152902074,0.559574234245673,-570024.2458205377
2025-03-19 18:00:00,5.226439225092048e-17,0.23211446921751208,0.5597163338943201,-640331.712005932
2025-03-19 19:00:00,0.0,0.24942275895382596,0.5598583976767109,-637755.6801604172
2025-03-19 20:00:00,0.0,0.20152779248651168,0.5600004255197594,-661709.9621324518
2025-03-19 21:00:00,0.0,0.1994809194233566,0.5601424173503977,-615214.2971485105
2025-03-19 22:00:00,0.0,0.2053461941311487,0.5602843730955772,-677841.303895812
2025-03-19 23:00:00,0.0,0.22688551782788477,0.560426292682267,-666152.5376673775
2025-03-20 00:00:00,0.0,0.29262108568557277,0.5605681760374551,-667076.4654492888
2025-03-20 01:00:00,0.0,0.24623917795785674,0.5607100230881484,-685357.4537252937
2025-03-20 02:00:00,0.0,0.2510670738628351,0.5608518337613723,-715991.6630021641
2025-03-20 03:00:00,0.0,0.31140554744132176,0.5609936079841709,-690078.165605658
2025-03-20 04:00:00,0.0,0.21011221692265486,0.5611353456836069,-665143.8295626362
2025-03-20 05:00:00,0.0,0.25482401674293503,0.561277046786762,-697213.2647180603
2025-03-20 06:00:00,0.0,0.275914045428931,0.5614187112207368,-669191.0251725392
2025-03-20 07:00:00,0.11245953440314435,0.3053968000349172,0.5615603389126504,-646089.4671348687
2025-03-20 08:00:00,0.2172551373848822,0.313290728006042,0.5617019297896413,-662200.6594506077
2025-03-20 09:00:00,0.30724516178493044,0.3068671973222854,0.5618434837788665,-623578.5946411819
2025-03-20 10:00:00,0.3762969361559726,0.23099419656742418,0.5619850008075021,-557950.2537305434
2025-03-20 11:00:00,0.4197046961880748,0.2818568456542881,0.5621264808027435,-567752.3100116974
2025-03-20 12:00:00,0.43451027476976445,0.20126122989302236,0.5622679236918047,-582353.9189888261
2025-03-20 13:00:00,0.4197046961880748,0.2584248330631388,0.5624093294019191,-519864.7298619007
2025-03-20 14:00:00,0.37629693615597265,0.2496596079448887,0.5625506978603392,-630106.1498531498
2025-03-20 15:00:00,0.3072451617849305,0.22051412689203378,0.5626920289943363,-578604.7118616063
2025-03-20 16:00:00,0.2172551373848822,0.21088054480775809,0.5628333227312017,-601582.0168193748
2025-03-20 17:00:00,0.11245953440314446,0.2318278737945395,0.5629745789982451,-616122.8210265688
2025-03-20 18:00:00,5.3212161719342895e-17,0.30529315282006975,0.5631157977227959,-602444.7703914138
2025-03-20 19:00:00,0.0,0.23418743127599384,0.5632569788322027,-647051.4116708757
2025-03-20 20:00:00,0.0,0.24914315229786183,0.5633981222538335,-612142.2793710034
2025-03-20 21:00:00,0.0,0.2983444728368918,0.5635392279150757,-601501.734148
2025-03-20 22:00:00,0.0,0.30069235147057705,0.563680295743336,-698612.9103885165
2025-03-20 23:00:00,0.0,0.198037248783916,0.5638213256660408,-661605.5615437902
2025-03-21 00:00:00,0.0,0.3066140719476345,0.5639623176106359,-678642.0984908197
2025-03-21 01:00:00,0.0,0.2700392248079199,0.5641032715045865,-696679.713142
2025-03-21 02:00:00,0.0,0.2632126540515563,0.5642441872753774,-671340.5500118126
2025-03-21 03:00:00,0.0,0.231053249330325,0.5643850648505132,-646548.2066488004
2025-03-21 04:00:00,0.0,0.2926584074653996,0.564525904157518,-688984.9799697251
2025-03-21 05:00:00,0.0,0.2666213146800615,0.5646667051239357,-638926.5902929588
2025-03-21 06:00:00,0.0,0.30806617787845797,0.5648074676773298,-662963.2304618658
2025-03-21 07:00:00,0.11446375531466611,0.2127883190924279,0.5649481917452837,-674283.7203547232
2025-03-21 08:00:00,0.2211269948649372,0.270920096583401,0.5650888772554002,-636482.4617960599
2025-03-21 09:00:00,0.31272079514479995,0.2091774290685894,0.5652295241353027,-636163.5124254192
2025-03-21 10:00:00,0.38300319003109345,0.307654436616896,0.5653701323126337,-605442.7705051609
2025-03-21 11:00:00,0.4271845504594661,0.29359624984449345,0.565510701715056,-612405.3268173339
2025-03-21 12:00:00,0.4422539897298744,0.29453950090589737,0.5656512322702524,-576322.2728900487
2025-03-21 13:00:00,0.4271845504594661,0.26794689054742976,0.5657917239059255,-615026.0525879378
2025-03-21 14:00:00,0.3830031900310935,0.2548507295085417,0.565932176549798,-554272.1687248462
2025-03-21 15:00:00,0.3127207951448,0.26345698549090457,0.5660725901296125,-599556.6351435521
2025-03-21 16:00:00,0.2211269948649372,0.21035970150073943,0.5662129645731321,-570619.7691584381
2025-03-21 17:00:00,0.11446375531466624,0.28726883251066987,0.5663532998081395,-627090.342398829
2025-03-21 18:00:00,5.416049329328371e-17,0.28546009076075557,0.5664935957624383,-597254.5402261673
2025-03-21 19:00:00,0.0,0.22115204561871993,0.5666338523638514,-699406.5364217941
2025-03-21 20:00:00,0.0,0.2984163148725153,0.5667740695402226,-605696.3194605076
2025-03-21 21:00:00,0.0,0.25659793297528405,0.5669142472194159,-658292.4450550337
2025-03-21 22:00:00,0.0,0.2978455022436473,0.5670543853293152,-675229.8798283718
2025-03-21 23:00:00,0.0,0.21132728564628694,0.5671944837978253,-720213.802147298
2025-03-22 00:00:00,0.0,0.22510047472651357,0.5673345425528711,-679421.70567585
2025-03-22 01:00:00,0.0,0.31492659753389335,0.567474561522398,-683871.9744838744
2025-03-22 02:00:00,0.0,0.24833365816922545,0.5676145406343719,-708147.8697919404
2025-03-22 03:00:00,0.0,0.21307952595274757,0.5677544798167791,-706829.7742811209
2025-03-22 04:00:00,0.0,0.30258806298858043,0.5678943789976265,-643575.5445922959
2025-03-22 05:00:00,0.0,0.23814234385428734,0.5680342381049417,-641181.5989810287
2025-03-22 06:00:00,0.0,0.2764766755308354,0.5681740570667726,-599442.8870169257
2025-03-22 07:00:00,0.11646857029613433,0.23010557029186815,0.5683138358111882,-627548.9598634435
2025-03-22 08:00:00,0.22499999999999998,0.3054467112249158,0.5684535742662776,-618156.6584132437
2025-03-22 09:00:00,0.31819805153394637,0.29689895907725633,0.5685932723601514,-640998.205229753
2025-03-22 10:00:00,0.3897114317029974,0.2765142138556825,0.5687329300209403,-582293.4230518851
2025-03-22 11:00:00,0.43466662183008076,0.2406773565236894,0.5688725471767959,-607247.3863294331
2025-03-22 12:00:00,0.45,0.3147418131560826,0.569012123755891,-623593.8148206596
2025-03-22 13:00:00,0.43466662183008076,0.2130181147406053,0.5691516596864191,-568968.3622484572
2025-03-22 14:00:00,0.38971143170299744,0.299591156114119,0.5692911548965944,-576050.3525862882
2025-03-22 15:00:00,0.3181980515339464,0.22173968342661327,0.5694306093146522,-598914.6059499016
2025-03-22 16:00:00,0.22499999999999998,0.21072284929640583,0.569570022868849,-645887.0625958584
2025-03-22 17:00:00,0.11646857029613446,0.20028702891790318,0.5697093954874618,-605043.0047244007
2025-03-22 18:00:00,5.5109105961630896e-17,0.19845912754843878,0.5698487270987892,-653024.152708122
2025-03-22 19:00:00,0.0,0.28404171792918215,0.5699880176311507,-595527.91241196
2025-03-22 20:00:00,0.0,0.2454265536203152,0.5701272670128869,-631357.9158510765
2025-03-22 21:00:00,0.0,0.21292438242581638,0.5702664751723594,-683938.7136754021
2025-03-22 22:00:00,0.0,0.30527889701579386,0.5704056420379513,-722442.0097653623
2025-03-22 23:00:00,0.0,0.2942466564079888,0.570544767538067,-653346.970206618
2025-03-23 00:00:00,0.0,0.26291857748287206,0.5706838516011318,-671182.4745998706
2025-03-23 01:00:00,0.0,0.2865627136147976,0.5708228941555926,-716240.2815054778
2025-03-23 02:00:00,0.0,0.23006430372623665,0.5709618951299175,-679830.0505365666
2025-03-23 03:00:00,0.0,0.25871583473974874,0.5711008544525962,-679412.9326583339
2025-03-23 04:00:00,0.0,0.25036238685521606,0.5712397720521397,-601588.7119446556
2025-03-23 05:00:00,0.0,0.2050385350391252,0.5713786478570804,-653781.540732971
2025-03-23 06:00:00,0.0,0.2332823199535115,0.5715174817959723,-687296.1671112872
2025-03-23 07:00:00,0.11847338527760257,0.20425983836580464,0.5716562737973908,-621097.5622958329
2025-03-23 08:00:00,0.22887300513506278,0.22147261377741512,0.5717950237899332,-624954.4110796398
2025-03-23 09:00:00,0.32367530792309285,0.2814750748547125,0.5719337317022182,-628816.6031474721
2025-03-23 10:00:00,0.39641967337490136,0.2133088089600134,0.5720723974628859,-572415.7133002117
2025-03-23 11:00:00,0.4421486932006955,0.26176275780784186,0.5722110210005984,-566973.0185097789
2025-03-23 12:00:00,0.4577460102701256,0.2195613037901513,0.5723496022440396,-616920.9558680829
2025-03-23 13:00:00,0.4421486932006955,0.31542852448221054,0.5724881411219149,-602147.6306475062
2025-03-23 14:00:00,0.3964196733749014,0.27679981415778626,0.5726266375629517,-572946.2185301614
2025-03-23 15:00:00,0.3236753079230929,0.2782436801517681,0.572765091495899,-606283.1490987851
2025-03-23 16:00:00,0.22887300513506278,0.27115436111823155,0.572903502849528,-596425.7513845874
2025-03-23 17:00:00,0.1184733852776027,0.2223552002115818,0.5730418715526314,-642685.6206778509
2025-03-23 18:00:00,5.605771862997809e-17,0.26587341353312244,0.5731801975340242,-619181.9967036681
2025-03-23 19:00:00,0.0,0.24985824695900632,0.5733184807225432,-628163.1988374514
2025-03-23 20:00:00,0.0,0.21646804854066193,0.5734567210470471,-607186.6355185076
2025-03-23 21:00:00,0.0,0.31715247701908383,0.5735949184364171,-692887.1445857619
2025-03-23 22:00:00,0.0,0.2613878529721117,0.5737330728195559,-681178.6649126672
2025-03-23 23:00:00,0.0,0.24071094531939508,0.5738711841253887,-688874.8850772355
2025-03-24 00:00:00,0.0,0.3049159264647753,0.5740092522828628,-686811.2875156052
2025-03-24 01:00:00,0.0,0.27201973291398257,0.5741472772209478,-707924.4404241885
2025-03-24 02:00:00,0.0,0.2065754306377625,0.5742852588686354,-632599.0047712255
2025-03-24 03:00:00,0.0,0.21677389683821466,0.5744231971549393,-650114.370362622
2025-03-24 04:00:00,0.0,0.2616956171481995,0.5745610920088959,-681075.1126535927
2025-03-24 05:00:00,0.0,0.31542123379412734,0.574698943359564,-684113.7231477385
2025-03-24 06:00:00,0.0,0.29169196074094467,0.5748367511360244,-660247.286867111
2025-03-24 07:00:00,0.12047760618912436,0.2954044162389022,0.5749745152673806,-640000.8815115995
2025-03-24 08:00:00,0.23274486261511776,0.29451596353809545,0.5751122356827587,-608327.9780060854
2025-03-24 09:00:00,0.32915094128296235,0.20485018365011706,0.5752499123113067,-580354.4357846181
2025-03-24 10:00:00,0.40312592725002216,0.2647885143687621,0.5753875450821958,-632637.5272864872
2025-03-24 11:00:00,0.44962854747208675,0.26647819025392855,0.5755251339246193,-555759.6721696327
2025-03-24 12:00:00,0.46548972523023563,0.2669174519368099,0.5756626787677933,-605120.3312299352
2025-03-24 13:00:00,0.44962854747208675,0.26211230848384537,0.5758001795409565,-567267.4515375606
2025-03-24 14:00:00,0.4031259272500222,0.2055797100507346,0.5759376361733703,-616076.2099330416
2025-03-24 15:00:00,0.3291509412829624,0.30604469003408663,0.5760750485943187,-583970.4218441788
2025-03-24 16:00:00,0.23274486261511776,0.29455376762961033,0.5762124167331086,-563596.5483527512
2025-03-24 17:00:00,0.12047760618912448,0.2665238977391295,0.5763497405190696,-601234.1275833829
2025-03-24 18:00:00,5.70060502039189e-17,0.2765437228682641,0.576487019881554,-645358.5368592604
2025-03-24 19:00:00,0.0,0.3136011610630405,0.5766242547499374,-633305.6353152319
2025-03-24 20:00:00,0.0,0.23172706611792315,0.5767614450536175,-632032.0142294095
2025-03-24 21:00:00,0.0,0.20075256409653136,0.5768985907220159,-662693.6329097103
2025-03-24 22:00:00,0.0,0.20980713485908092,0.5770356916845761,-660577.2755745521
2025-03-24 23:00:00,0.0,0.288538615639549,0.5771727478707658,-653342.608368204
2025-03-25 00:00:00,0.0,0.31331711372038046,0.5773097592100744,-706472.6427172376
2025-03-25 01:00:00,0.0,0.27162866782684697,0.5774467256320156,-696552.9515359473
2025-03-25 02:00:00,0.0,0.31181788062750493,0.5775836470661254,-661609.0090571595
2025-03-25 03:00:00,0.0,0.24641480466269836,0.5777205234419633,-654134.6486779584
2025-03-25 04:00:00,0.0,0.30860960600796317,0.577857354689112,-669411.0943091335
2025-03-25 05:00:00,0.0,0.27311589591239516,0.5779941407371771,-634015.7310459143
2025-03-25 06:00:00,0.0,0.2591404438214998,0.5781308815157878,-665133.8983872067
2025-03-25 07:00:00,0.12248063913678893,0.28913894278451263,0.5782675769545965,-623586.9567801828
2025-03-25 08:00:00,0.23661442512523206,0.25026087981047873,0.5784042269832788,-605077.4060127558
2025-03-25 09:00:00,0.33462332906521647,0.2919763452679943,0.5785408315315337,-607041.5789982671
2025-03-25 10:00:00,0.4098282061206039,0.20615963712163698,0.5786773905290836,-591683.3633165733
2025-03-25 11:00:00,0.45710396820200544,0.30384247008163134,0.5788139039056747,-621212.1378553878
2025-03-25 12:00:00,0.47322885025046424,0.21946806387734066,0.578950371591076,-593821.8809484146
2025-03-25 13:00:00,0.45710396820200544,0.22534188391970683,0.5790867935150805,-581381.8822744803
2025-03-25 14:00:00,0.40982820612060394,0.29280946497171817,0.5792231696075045,-606317.1378434274
2025-03-25 15:00:00,0.3346233290652165,0.23643892952601353,0.5793594997981881,-563049.4522843874
2025-03-25 16:00:00,0.23661442512523206,0.26878561874058143,0.5794957840169949,-631504.0689691794
2025-03-25 17:00:00,0.12248063913678908,0.2735222957863929,0.5796320221938119,-602392.7509372755
2025-03-25 18:00:00,5.795381967234132e-17,0.249359876328329,0.5797682142585503,-651260.4927839237
2025-03-25 19:00:00,0.0,0.21059003557229597,0.5799043601411447,-606549.5003559923
2025-03-25 20:00:00,0.0,0.24316425153947085,0.5800404597715533,-671695.1035485957
2025-03-25 21:00:00,0.0,0.3038663244461628,0.5801765130797586,-691227.6614564996
2025-03-25 22:00:00,0.0,0.2063528459990782,0.5803125199957663,-670268.4912546626
2025-03-25 23:00:00,0.0,0.2506264619387152,0.5804484804496065,-724370.5883232064
2025-03-26 00:00:00,0.0,0.22921080493000115,0.5805843943713331,-699517.7125006586
2025-03-26 01:00:00,0.0,0.20711620021144794,0.5807202616910236,-653613.700736128
2025-03-26 02:00:00,0.0,0.28763657990404246,0.58085608233878,-674249.4623464094
2025-03-26 03:00:00,0.0,0.29868107328812044,0.5809918562447278,-677640.9830124456
2025-03-26 04:00:00,0.0,0.2883374296888308,0.5811275833390167,-674165.3200665978
2025-03-26 05:00:00,0.0,0.21937999228419425,0.5812632635518208,-685969.2992482671
2025-03-26 06:00:00,0.0,0.27893847750528855,0.581398896813338,-648446.5615283055
2025-03-26 07:00:00,0.12448189057870496,0.3057390819598269,0.5815344830537904,-636678.8576292343
2025-03-26 08:00:00,0.24048054603052194,0.297375822372661,0.5816700222034242,-572707.284637189
2025-03-26 09:00:00,0.34009084968325154,0.22973727635089972,0.5818055141925103,-618874.2838532426
2025-03-26 10:00:00,0.41652452395677014,0.2907732519646382,0.5819409589513431,-571006.3864308853
2025-03-26 11:00:00,0.4645727402619566,0.2893808566786484,0.5820763564102418,-595118.0780751901
2025-03-26 12:00:00,0.480961092061044,0.2604935081236639,0.5822117064995501,-547761.5263313985
2025-03-26 13:00:00,0.4645727402619566,0.30422181311204993,0.5823470091496356,-568736.6658579486
2025-03-26 14:00:00,0.41652452395677025,0.21891175647681405,0.5824822642908905,-548318.8549960261
2025-03-26 15:00:00,0.3400908496832516,0.31609474996414644,0.5826174718537315,-617499.5822912956
2025-03-26 16:00:00,0.24048054603052194,0.26833087508870984,0.5827526317685997,-624927.458771875
2025-03-26 17:00:00,0.12448189057870511,0.2379103408205309,0.5828877439659609,-618241.1217361841
2025-03-26 18:00:00,5.89007461906973e-17,0.20138650979660883,0.583022808376305,-594604.2773826583
2025-03-26 19:00:00,0.0,0.2670766595285056,0.5831578249301472,-630836.69604517
2025-03-26 20:00:00,0.0,0.3074150216343753,0.5832927935580264,-637279.8428835152
2025-03-26 21:00:00,0.0,0.3041725792403705,0.5834277141905071,-702617.1949936667
2025-03-26 22:00:00,0.0,0.31405251934724304,0.5835625867581778,-695682.4260689584
2025-03-26 23:00:00,0.0,0.2448376561315273,0.5836974111916522,-691508.484995203
2025-03-27 00:00:00,0.0,0.3053496775566945,0.5838321874215683,-666898.7014615203
2025-03-27 01:00:00,0.0,0.22064888753093503,0.583966915378589,-692498.0559713844
2025-03-27 02:00:00,0.0,0.279819689969446,0.5841015949934028,-653730.1333601426
2025-03-27 03:00:00,0.0,0.29497937283696923,0.5842362261967218,-642273.1255659215
2025-03-27 04:00:00,0.0,0.2620350025112916,0.5843708089192838,-663939.4386199366
2025-03-27 05:00:00,0.0,0.3139046959569349,0.5845053430918516,-680638.0800036065
2025-03-27 06:00:00,0.0,0.3009569672981986,0.5846398286452127,-631188.435566755
2025-03-27 07:00:00,0.12648076750087967,0.21997082295322154,0.5847742655101795,-619097.200762334
2025-03-27 08:00:00,0.24434207971592542,0.2844619674594215,0.5849086536175898,-597908.4115475486
2025-03-27 09:00:00,0.34555188299270967,0.2674464788672618,0.5850429928983063,-622548.3768159557
2025-03-27 10:00:00,0.4232128964950277,0.299514105139071,0.5851772832832167,-618610.055770101
2025-03-27 11:00:00,0.47203265049358945,0.2621050725957957,0.5853115247032342,-567897.7088230113
2025-03-27 12:00:00,0.48868415943185095,0.29383991820500394,0.5854457170892967,-574949.4323418885
2025-03-27 13:00:00,0.47203265049358945,0.30005852856555626,0.5855798603723679,-592455.8803290618
2025-03-27 14:00:00,0.42321289649502775,0.25765203301011014,0.5857139544834362,-595949.5408680589
2025-03-27 15:00:00,0.3455518829927097,0.26850112404320886,0.5858479993535157,-566441.614185274
2025-03-27 16:00:00,0.24434207971592542,0.30389497183356656,0.5859819949136458,-619896.8434213118
2025-03-27 17:00:00,0.1264807675008798,0.2182867202997546,0.5861159410948908,-602301.445828396
2025-03-27 18:00:00,5.984654916422311e-17,0.2874521410462027,0.5862498378283412,-630921.1961004516
2025-03-27 19:00:00,0.0,0.2729636813786558,0.5863836850451123,-631207.3986390831
2025-03-27 20:00:00,0.0,0.22646598096168283,0.586517482676345,-689966.90895738
2025-03-27 21:00:00,0.0,0.26019339110966416,0.5866512306532059,-659200.7158245347
2025-03-27 22:00:00,0.0,0.3117180374749911,0.586784928906887,-674692.0649699477
2025-03-27 23:00:00,0.0,0.2538873603791528,0.586918577368606,-687849.2867430092
2025-03-28 00:00:00,0.0,0.31118447119125103,0.5870521759696059,-699025.6639145768
2025-03-28 01:00:00,0.0,0.20431103400511758,0.5871857246411557,-653547.9246326913
2025-03-28 02:00:00,0.0,0.2155223587616437,0.5873192233145502,-644367.7087932182
2025-03-28 03:00:00,0.0,0.26593815130758497,0.5874526719211093,-659571.9382906398
2025-03-28 04:00:00,0.0,0.28666580679003995,0.5875860703921792,-652799.626110439
2025-03-28 05:00:00,0.0,0.2647306406869544,0.5877194186591319,-633156.8559934103
2025-03-28 06:00:00,0.0,0.30840680521805275,0.5878527166533649,-641691.4789715356
2025-03-28 07:00:00,0.12847667759294168,0.2125019779448406,0.5879859643063018,-657006.0558240571
2025-03-28 08:00:00,0.2481978819256728,0.24995557951500672,0.5881191615493919,-637134.1419327694
2025-03-28 09:00:00,0.3510048107715626,0.3077556258790674,0.5882523083141108,-569518.9915379923
2025-03-28 10:00:00,0.4298913418262465,0.2054190756371389,0.5883854045319594,-573459.1331591245
2025-03-28 11:00:00,0.4794814883645043,0.2047500132175667,0.5885184501344657,-570001.4578389751
2025-03-28 12:00:00,0.49639576385134565,0.2274779413152478,0.5886514450531825,-617696.6717577564
2025-03-28 13:00:00,0.4794814883645043,0.2921694629848574,0.5887843892196895,-581126.6190107418
2025-03-28 14:00:00,0.4298913418262465,0.23332934221753115,0.5889172825655922,-561235.3530289204
2025-03-28 15:00:00,0.35100481077156265,0.29801742622761396,0.5890501250225223,-556143.0361427536
2025-03-28 16:00:00,0.2481978819256728,0.302229673337278,0.5891829165221377,-610113.9632718776
2025-03-28 17:00:00,0.12847667759294182,0.2114929122223729,0.5893156569961226,-616695.7786293101
2025-03-28 18:00:00,6.07909483310856e-17,0.3009859396049428,0.5894483463761873,-590823.0481651723
2025-03-28 19:00:00,0.0,0.23346356085122008,0.5895809845940683,-634852.3398683384
2025-03-28 20:00:00,0.0,0.28453529490987733,0.5897135715815287,-608011.2968607211
2025-03-28 21:00:00,0.0,0.20709251096336453,0.5898461072703577,-677483.8128852425
2025-03-28 22:00:00,0.0,0.30001256756518024,0.5899785915923712,-686083.5947750886
2025-03-28 23:00:00,0.0,0.22210577567716677,0.5901110244794111,-647571.8670292222
2025-03-29 00:00:00,0.0,0.27830418261512613,0.5902434058633462,-699788.670206271
2025-03-29 01:00:00,0.0,0.3001526790178797,0.5903757356760715,-696082.4958097078
2025-03-29 02:00:00,0.0,0.3130217433233955,0.5905080138495086,-664980.433630812
2025-03-29 03:00:00,0.0,0.21447743863648663,0.5906402403156057,-663265.6165752097
2025-03-29 04:00:00,0.0,0.24206368563311464,0.5907724150063376,-619075.6517718112
2025-03-29 05:00:00,0.0,0.24292554328536475,0.5909045378537058,-636464.4340978441
2025-03-29 06:00:00,0.0,0.2807613037715512,0.5910366087897382,-613633.717463741
2025-03-29 07:00:00,0.13046902942365549,0.3033203977029882,0.5911686277464898,-603408.6817409537
2025-03-29 08:00:00,0.25204681010235436,0.2434152566967753,0.591300594656042,-609514.9296995103
2025-03-29 09:00:00,0.35644801719962554,0.22298660653304664,0.5914325094505033,-579415.2385077928
2025-03-29 10:00:00,0.4365578809829423,0.26500104009279474,0.5915643720620086,-598161.8300213949
2025-03-29 11:00:00,0.4869170466232811,0.23952977724311972,0.59169618242272,-636148.4838426878
2025-03-29 12:00:00,0.5040936202047087,0.29977928832209894,0.5918279404648265,-515222.7654304128
2025-03-29 13:00:00,0.4869170466232811,0.2573127778148217,0.5919596461205436,-602199.6251347249
2025-03-29 14:00:00,0.43655788098294235,0.25533429565997967,0.5920912993221142,-623805.4296592011
2025-03-29 15:00:00,0.3564480171996256,0.24613125575682135,0.592222900001808,-569304.1457696907
2025-03-29 16:00:00,0.25204681010235436,0.26662998193393705,0.5923544480919216,-576001.816061889
2025-03-29 17:00:00,0.13046902942365562,0.24184276987494557,0.5924859435247789,-573640.7938743264
2025-03-29 18:00:00,6.173366384542981e-17,0.27145130693914465,0.592617386232731,-596456.2222983091
2025-03-29 19:00:00,0.0,0.24606719863926674,0.5927487761481554,-603595.8379374474
2025-03-29 20:00:00,0.0,0.30019312934264253,0.5928801132034576,-651816.2510174923
2025-03-29 21:00:00,0.0,0.3090337415251828,0.5930113973310699,-656205.3309111274
2025-03-29 22:00:00,0.0,0.22596568374557335,0.5931426284634518,-653299.72706582
2025-03-29 23:00:00,0.0,0.21845487081465517,0.5932738065330903,-661761.4138867535
2025-03-30 00:00:00,0.0,0.2064355371158627,0.5934049314724993,-711060.4714637826
2025-03-30 01:00:00,0.0,0.26695913240463426,0.5935360032142206,-713256.0382131948
2025-03-30 02:00:00,0.0,0.2739565938337855,0.5936670216908229,-673758.6587811875
2025-03-30 03:00:00,0.0,0.2618201131719362,0.5937979868349023,-690302.7196545601
2025-03-30 04:00:00,0.0,0.3112424536568885,0.5939288985790827,-620995.2702811259
2025-03-30 05:00:00,0.0,0.26183755788277957,0.5940597568560152,-696798.9982513159
2025-03-30 06:00:00,0.0,0.28755566182087955,0.5941905615983785,-643280.8929120536
2025-03-30 07:00:00,0.1324572326161751,0.3132131864298979,0.5943213127388786,-584209.1291021985
2025-03-30 08:00:00,0.2558877237254845,0.31772978314543754,0.5944520102102496,-641949.7516677047
2025-03-30 09:00:00,0.3618798893373599,0.2689116643122903,0.5945826539452528,-601801.5380467143
2025-03-30 10:00:00,0.44321053852568726,0.3044822776658081,0.594713243876677,-638412.9802110572
2025-03-30 11:00:00,0.49433712195353496,0.2822944219381672,0.5948437799373392,-579249.8147834186
2025-03-30 12:00:00,0.5117754474509691,0.21225952139380133,0.5949742620600837,-598101.8624733827
2025-03-30 13:00:00,0.49433712195353496,0.2399391083583479,0.5951046901777828,-518529.7471776205
2025-03-30 14:00:00,0.4432105385256873,0.2219701674988584,0.5952350642233364,-563138.8592581857
2025-03-30 15:00:00,0.36187988933735993,0.2179167320443338,0.5953653841296722,-605259.1168910452
2025-03-30 16:00:00,0.2558877237254845,0.23408734929212824,0.5954956498297459,-586130.7293469986
2025-03-30 17:00:00,0.13245723261617526,0.2557338714286595,0.595625861256541,-573844.8286337301
2025-03-30 18:00:00,6.267441636030339e-17,0.27511332663881627,0.5957560183430692,-583623.6173121176
2025-03-30 19:00:00,0.0,0.31489969643168203,0.5958861210223696,-651086.3408444709
2025-03-30 20:00:00,0.0,0.21111169588838058,0.5960161692275097,-674323.7224629575
2025-03-30 21:00:00,0.0,0.3188566503197105,0.5961461628915847,-656590.5292926494
2025-03-30 22:00:00,0.0,0.21331571364312452,0.5962761019477184,-628431.5690090102
2025-03-30 23:00:00,0.0,0.22868076969581175,0.5964059863290623,-607860.1221148104
2025-03-31 00:00:00,0.0,0.21855812780988854,0.596535815968796,-667832.3664420008
2025-03-31 01:00:00,0.0,0.28845990162963003,0.5966655908001274,-637888.4037235888
2025-03-31 02:00:00,0.0,0.20121762183148728,0.5967953107562926,-723599.771964025
2025-03-31 03:00:00,0.0,0.31347286968271465,0.5969249757705557,-682015.691125189
2025-03-31 04:00:00,0.0,0.21637346999193194,0.5970545857762095,-705457.7027243768
2025-03-31 05:00:00,0.0,0.2709287245613871,0.5971841407065748,-706798.2733792809
2025-03-31 06:00:00,0.0,0.20473829376793284,0.5973136404950006,-705273.4085504899
2025-03-31 07:00:00,0.13444069802298575,0.29335325142276497,0.5974430850748647,-628891.440619977
2025-03-31 08:00:00,0.2597194846494632,0.28465930632853687,0.597572474379573,-611801.6856722229
2025-03-31 09:00:00,0.36729881760382177,0.30650510040715123,0.5977018083425597,-580087.3613297238
2025-03-31 10:00:00,0.44984734312847546,0.2604403173377656,0.5978310868972879,-587001.1595031258
2025-03-31 11:00:00,0.5017395156268076,0.3140574248136493,0.5979603099772489,-604182.5806787938
2025-03-31 12:00:00,0.5194389692989265,0.21643542843101035,0.5980894775159625,-606057.9683886814
2025-03-31 13:00:00,0.5017395156268076,0.29600790623864376,0.5982185894469774,-593465.0696832784
2025-03-31 14:00:00,0.44984734312847546,0.21614168363703615,0.5983476457038706,-544244.4323932735
2025-03-31 15:00:00,0.3672988176038218,0.26414991460858855,0.5984766462202475,-552838.5340585941
2025-03-31 16:00:00,0.2597194846494632,0.30709556450908404,0.5986055909297431,-572177.8089764998
2025-03-31 17:00:00,0.1344406980229859,0.20232946481186384,0.5987344797660201,-525612.0551553554
2025-03-31 18:00:00,6.361292711043306e-17,0.2500097016030817,0.5988633126627707,-648908.5912899242
2025-03-31 19:00:00,0.0,0.21322723477359876,0.5989920895537152,-605438.0401800193
2025-03-31 20:00:00,0.0,0.2275013771108883,0.5991208103726032,-633022.2992107648
2025-03-31 21:00:00,0.0,0.29643367603419374,0.599249475053213,-648133.7134314168
2025-03-31 22:00:00,0.0,0.2017764270679967,0.5993780835293518,-686204.2051590546
2025-03-31 23:00:00,0.0,0.24667166098601598,0.5995066357348559,-669039.4022053716
2025-04-01 00:00:00,0.0,0.2879881707524827,0.5996351316035898,-647932.0111509962
2025-04-01 01:00:00,0.0,0.30152749173367094,0.5997635710694481,-690630.7630471494
2025-04-01 02:00:00,0.0,0.25965031696376134,0.5998919540663535,-710963.1835618438
2025-04-01 03:00:00,0.0,0.3062316373078206,0.6000202805282583,-655843.1982086394
2025-04-01 04:00:00,0.0,0.2418431967704021,0.6001485503891437,-664481.3975915922
2025-04-01 05:00:00,0.0,0.24668188974368294,0.6002767635830197,-689049.3015020932
2025-04-01 06:00:00,0.0,0.24788080670756238,0.6004049200439262,-610032.2861378241
2025-04-01 07:00:00,0.13641883790048062,0.21861441638244458,0.6005330197059314,-641672.0382182389
2025-04-01 08:00:00,0.2635409574408324,0.26232547692241254,0.6006610625031334,-622346.8054690517
2025-04-01 09:00:00,0.37270319625361586,0.28135521446203743,0.6007890483696594,-633407.8508992187
2025-04-01 10:00:00,0.456466328162869,0.24683209607130002,0.6009169772396656,-557385.3592833721
2025-04-01 11:00:00,0.5091220341540966,0.2931535144969555,0.601044849047338,-564495.3835250073
2025-04-01 12:00:00,0.5270819148816649,0.2155328192777406,0.6011726637268913,-541692.307707342
2025-04-01 13:00:00,0.5091220341540966,0.21633057145463908,0.6013004212125703,-600153.1454425231
2025-04-01 14:00:00,0.456466328162869,0.2319965524653246,0.6014281214386489,-622581.8137784358
2025-04-01 15:00:00,0.3727031962536159,0.20279164410042877,0.6015557643394301,-567732.9274654166
2025-04-01 16:00:00,0.2635409574408324,0.2974790911787745,0.6016833498492472,-573241.6225961547
2025-04-01 17:00:00,0.13641883790048076,0.27347713663702694,0.6018108779024622,-611568.9205449481
2025-04-01 18:00:00,6.454891799482886e-17,0.28766855903342775,0.6019383484334675,-636619.2997004756
2025-04-01 19:00:00,0.0,0.31670897604161485,0.6020657613766841,-660244.4032851959
2025-04-01 20:00:00,0.0,0.2188729252634805,0.6021931166665634,-642092.6378154741
2025-04-01 21:00:00,0.0,0.26148468450896173,0.6023204142375863,-683149.4059113502
2025-04-01 22:00:00,0.0,0.2711921319082222,0.6024476540242631,-640288.9969241387
2025-04-01 23:00:00,0.0,0.2885165078204967,0.6025748359611344,-637444.3610356146
2025-04-02 00:00:00,0.0,0.27253107595768133,0.6027019599827697,-665411.1632634929
2025-04-02 01:00:00,0.0,0.28050957242158,0.6028290260237691,-676445.5512148534
2025-04-02 02:00:00,0.0,0.2795060357369834,0.6029560340187621,-727273.1437740852
2025-04-02 03:00:00,0.0,0.21125535157183478,0.6030829839024082,-635386.0696781006
2025-04-02 04:00:00,0.0,0.23460586398179087,0.6032098756093971,-648069.118064132
2025-04-02 05:00:00,0.0,0.2719397640506864,0.6033367090744476,-646183.7585535373
2025-04-02 06:00:00,0.0,0.30033728388242364,0.6034634842323092,-571241.1715230497
2025-04-02 07:00:00,0.1383910660831223,0.26470824006142085,0.6035902010177613,-663723.7930681497
2025-04-02 08:00:00,0.2673510097147299,0.30664101323421844,0.6037168593656129,-595708.9186721141
2025-04-02 09:00:00,0.37809142385271216,0.26392257924368967,0.6038434592107037,-585397.4483481128
2025-04-02 10:00:00,0.46306553228075276,0.228742670578799,0.6039700004879028,-584229.9814876573
2025-04-02 11:00:00,0.5164824899358345,0.29926697086026555,0.6040964831321102,-544043.9642277812
2025-04-02 12:00:00,0.5347020194294599,0.20236322024783693,0.6042229070782553,-597124.8297035075
2025-04-02 13:00:00,0.5164824899358345,0.2827446010468525,0.6043492722612982,-596419.5911197042
2025-04-02 14:00:00,0.46306553228075287,0.2013365874515977,0.604475578616229,-532785.2780143084
2025-04-02 15:00:00,0.3780914238527122,0.2937138074570354,0.6046018260780683,-564369.8363142058
2025-04-02 16:00:00,0.2673510097147299,0.2498984861543368,0.6047280145818668,-583924.3896084791
2025-04-02 17:00:00,0.13839106608312246,0.3106328763122038,0.6048541440627055,-611981.4322195422
2025-04-02 18:00:00,6.548211165919139e-17,0.3166431622227928,0.6049802144556959,-624642.7971335418
2025-04-02 19:00:00,0.0,0.2771444942029994,0.6051062256959799,-629528.4649576559
2025-04-02 20:00:00,0.0,0.2902780297550939,0.6052321777187296,-659731.2917107961
2025-04-02 21:00:00,0.0,0.3118936820578719,0.6053580704591479,-707159.7955045652
2025-04-02 22:00:00,0.0,0.31606105887254865,0.605483903852468,-639229.3116988577
2025-04-02 23:00:00,0.0,0.3055891521706435,0.6056096778339537,-667053.5460803281
2025-04-03 00:00:00,0.0,0.2892913983122876,0.6057353923388991,-667366.6520552208
2025-04-03 01:00:00,0.0,0.25102690682360845,0.6058610473026294,-674646.157414972
2025-04-03 02:00:00,0.0,0.26313473429744544,0.6059866426605001,-687512.7046643652
2025-04-03 03:00:00,0.0,0.22433761305480165,0.6061121783478973,-641458.3885998058
2025-04-03 04:00:00,0.0,0.3159978021862436,0.6062376543002381,-644888.4608743703
2025-04-03 05:00:00,0.0,0.2112866017974566,0.6063630704529702,-686046.846191631
2025-04-03 06:00:00,0.0,0.20394710609658537,0.6064884267415719,-656409.051601734
2025-04-03 07:00:00,0.1403567981571361,0.20188853225394898,0.6066137231015523,-627920.8988314376
2025-04-03 08:00:00,0.27114851247043925,0.2631179675566257,0.6067389594684516,-581629.5169407668
2025-04-03 09:00:00,0.38346190375298556,0.20585862866535096,0.6068641357778408,-575021.7844394689
2025-04-03 10:00:00,0.46964299999552417,0.2638227029720045,0.6069892519653215,-582440.6773057053
2025-04-03 11:00:00,0.5238187019101216,0.22909662655590932,0.6071143079665265,-618567.966301308
2025-04-03 12:00:00,0.5422970249408786,0.23013775280162224,0.6072393037171198,-559849.7415489433
2025-04-03 13:00:00,0.5238187019101216,0.20019223040460413,0.6073642391527956,-588159.9492928837
2025-04-03 14:00:00,0.4696429999955243,0.2778011270514666,0.6074891142092801,-567101.2115379064
2025-04-03 15:00:00,0.3834619037529856,0.29286508131040734,0.6076139288223297,-582046.5641118294
2025-04-03 16:00:00,0.27114851247043925,0.22988489590251482,0.6077386829277325,-592078.7380637635
2025-04-03 17:00:00,0.14035679815713623,0.2154690137792311,0.6078633764613076,-577500.3707272634
2025-04-03 18:00:00,6.641223157809795e-17,0.26815349884170925,0.607988009358905,-648636.1758243343
2025-04-03 19:00:00,0.0,0.2936122688891682,0.6081125815564061,-649709.3046065118
2025-04-03 20:00:00,0.0,0.3105765849503908,0.6082370929897236,-659005.6041757253
2025-04-03 21:00:00,0.0,0.2619726302074914,0.6083615435948014,-657565.3406937078
2025-04-03 22:00:00,0.0,0.25706483089247206,0.6084859333076146,-629002.8131864517
2025-04-03 23:00:00,0.0,0.23059322116773917,0.6086102620641695,-693932.2495670995
2025-04-04 00:00:00,0.0,0.23784670435546898,0.6087345298005041,-643071.0642009269
2025-04-04 01:00:00,0.0,0.3023938762517011,0.6088587364526877,-680982.6948126402
2025-04-04 02:00:00,0.0,0.25032873847620657,0.608982881956821,-716899.6639806026
2025-04-04 03:00:00,0.0,0.3113174144917892,0.6091069662490358,-698575.6235828318
2025-04-04 04:00:00,0.0,0.2268860035783694,0.6092309892654961,-646645.0744683251
2025-04-04 05:00:00,0.0,0.27554352329488785,0.6093549509423968,-620954.0083228792
2025-04-04 06:00:00,0.0,0.20760924066832245,0.6094788512159647,-637571.3294286255
2025-04-04 07:00:00,0.14231545163368445,0.31824890347692336,0.609602690022458,-645645.1045270435
2025-04-04 08:00:00,0.27493234042593717,0.23178628099556292,0.6097264672981666,-642393.3431098756
2025-04-04 09:00:00,0.38881304456533716,0.20402009438192412,0.6098501829794122,-621357.694706588
2025-04-04 10:00:00,0.476196782261546,0.24205974401336292,0.6099738370025478,-577076.8358447676
2025-04-04 11:00:00,0.5311284961990217,0.29837174644898184,0.6100974293039587,-611130.4511346531
2025-04-04 12:00:00,0.5498646808518745,0.23812173870800316,0.6102209598200613,-549660.4871007066
2025-04-04 13:00:00,0.5311284961990217,0.24238690838574742,0.6103444284873043,-578217.7595331091
2025-04-04 14:00:00,0.4761967822615461,0.24741792203223595,0.6104678352421681,-580555.2723743846
2025-04-04 15:00:00,0.3888130445653372,0.28348716025980236,0.6105911800211644,-591894.391282424
2025-04-04 16:00:00,0.27493234042593717,0.2893178673203469,0.6107144627608379,-576138.8368656974
2025-04-04 17:00:00,0.14231545163368461,0.2416034469529124,0.6108376833977641,-594593.5207654997
2025-04-04 18:00:00,6.73390021369429e-17,0.2755476795936095,0.6109608418685512,-598236.9694820226
2025-04-04 19:00:00,0.0,0.25356965644952145,0.611083938109839,-612188.0937613227
2025-04-04 20:00:00,0.0,0.2107766373174862,0.6112069720582993,-601430.0889959104
2025-04-04 21:00:00,0.0,0.2926604362824116,0.6113299436506364,-633538.739071463
2025-04-04 22:00:00,0.0,0.2285798959215257,0.6114528528235861,-694106.459616683
2025-04-04 23:00:00,0.0,0.310846346908489,0.6115756995139167,-640411.5535188705
2025-04-05 00:00:00,0.0,0.23249167727758704,0.6116984836584283,-684858.2516989853
2025-04-05 01:00:00,0.0,0.297109682508172,0.6118212051939536,-676458.1905546192
2025-04-05 02:00:00,0.0,0.313709182930739,0.6119438640573571,-652928.6634698916
2025-04-05 03:00:00,0.0,0.20340816562912392,0.6120664601855359,-697261.1076049001
2025-04-05 04:00:00,0.0,0.2313886758666123,0.6121889935154192,-625891.0839406862
2025-04-05 05:00:00,0.0,0.2896044202028379,0.6123114639839684,-717949.339463125
2025-04-05 06:00:00,0.0,0.2750008067011924,0.6124338715281775,-580053.5373012275
2025-04-05 07:00:00,0.14426644612147113,0.2092380162312445,0.6125562160850726,-625739.4993390371
2025-04-05 08:00:00,0.2787013723513387,0.2778540134787328,0.6126784975917124,-624636.4094284391
2025-04-05 09:00:00,0.39414326063125715,0.23838122155975766,0.612800715985188,-579641.5690903435
2025-04-05 10:00:00,0.4827249370516906,0.22540347800860402,0.612922871202623,-539638.8503112132
2025-04-05 11:00:00,0.5384097067527284,0.2389655020027317,0.6130449631811733,-593157.1835309959
2025-04-05 12:00:00,0.5574027447026775,0.26770222949928685,0.6131669918580275,-578619.9627670421
2025-04-05 13:00:00,0.5384097067527284,0.22218132205234534,0.6132889571704068,-563144.8851956503
2025-04-05 14:00:00,0.48272493705169073,0.2782610389221932,0.6134108590555649,-578601.3702423522
2025-04-05 15:00:00,0.3941432606312572,0.2378061171690737,0.6135326974507881,-578868.3024445744
2025-04-05 16:00:00,0.2787013723513387,0.2900810899949417,0.6136544722933956,-624208.4142656006
2025-04-05 17:00:00,0.1442664461214713,0.2712670821709677,0.6137761835207391,-639181.429448357
2025-04-05 18:00:00,6.826214871360834e-17,0.3047099648846314,0.613897831070203,-641667.7213621694
2025-04-05 19:00:00,0.0,0.2520069830746228,0.6140194148792044,-629816.140510508
2025-04-05 20:00:00,0.0,0.24244550607340629,0.6141409348851935,-619825.945149115
2025-04-05 21:00:00,0.0,0.22018686583164915,0.614262391025653,-626094.6980685246
2025-04-05 22:00:00,0.0,0.2086188920550606,0.6143837832380988,-634141.7491743314
2025-04-05 23:00:00,0.0,0.2950250611475685,0.6145051114600792,-673203.9933217791
2025-04-06 00:00:00,0.0,0.2760036209880588,0.6146263756291761,-705643.689383031
2025-04-06 01:00:00,0.0,0.22850954930807899,0.6147475756830034,-664971.6931354719
2025-04-06 02:00:00,0.0,0.27760446654176446,0.6148687115592089,-665130.0872941912
2025-04-06 03:00:00,0.0,0.22244798420686182,0.6149897831954729,-668895.3547601443
2025-04-06 04:00:00,0.0,0.29400800102791347,0.6151107905295092,-617687.6750143731
2025-04-06 05:00:00,0.0,0.22569845656205306,0.615231733499064,-634303.4227073098
2025-04-06 06:00:00,0.0,0.21839360916641357,0.6153526120419172,-616354.7505831831
2025-04-06 07:00:00,0.1462092034987235,0.20425302699849818,0.6154734260958815,-657021.030406269
2025-04-06 08:00:00,0.28245449140114204,0.21780778375914367,0.615594175598803,-635946.1804468121
2025-04-06 09:00:00,0.39945097249268985,0.22149461940320958,0.615714860488561,-618103.7099012575
2025-04-06 10:00:00,0.4892255299328046,0.22702078231116626,0.6158354807030679,-596289.0677919199
2025-04-06 11:00:00,0.5456601759914135,0.23011405295370146,0.6159560361802695,-586322.9236793626
2025-04-06 12:00:00,0.5649089828022842,0.3063922533398569,0.6160765268581447,-512892.67275794834
2025-04-06 13:00:00,0.5456601759914135,0.27037806565701794,0.616196952674706,-516487.94136866473
2025-04-06 14:00:00,0.4892255299328047,0.22706961538180567,0.6163173135679991,-565181.2286911536
2025-04-06 15:00:00,0.3994509724926899,0.2600828261731149,0.6164376094761032,-554326.6502132567
2025-04-06 16:00:00,0.28245449140114204,0.22855430319511175,0.6165578403371308,-567800.5611063669
2025-04-06 17:00:00,0.14620920349872366,0.21177111491507566,0.6166780060892281,-624677.1043009489
2025-04-06 18:00:00,6.918139775984046e-17,0.21548099044174374,0.6167981066705744,-594104.6515634878
2025-04-06 19:00:00,0.0,0.20263397263922964,0.616918142019383,-636489.462061972
2025-04-06 20:00:00,0.0,0.24753779577607868,0.6170381120739005,-633072.7882388061
2025-04-06 21:00:00,0.0,0.23476362385009475,0.6171580167724069,-669533.2172680976
2025-04-06 22:00:00,0.0,0.2882001728444689,0.6172778560532163,-611308.7797397505
2025-04-06 23:00:00,0.0,0.20029662535917808,0.617397629854676,-661690.187070388
2025-04-07 00:00:00,0.0,0.27567188992529773,0.6175173381151674,-703838.8839578833
2025-04-07 01:00:00,0.0,0.2420329235877443,0.6176369807731052,-685017.3828104
2025-04-07 02:00:00,0.0,0.2898345899756183,0.6177565577669383,-648925.6891233817
2025-04-07 03:00:00,0.0,0.24508414066762693,0.6178760690351488,-679841.8792698889
2025-04-07 04:00:00,0.0,0.30860530367137723,0.6179955145162532,-626658.4709171421
2025-04-07 05:00:00,0.0,0.2449891392311228,0.6181148941488016,-656371.3858571514
2025-04-07 06:00:00,0.0,0.23417239573206136,0.6182342078713778,-650249.2136381335
2025-04-07 07:00:00,0.1481431480845025,0.2649384550291135,0.6183534556225998,-587816.9632022883
2025-04-07 08:00:00,0.2861905854451737,0.28861838844822774,0.6184726373411195,-638557.5111852902
2025-04-07 09:00:00,0.4047346073600608,0.2825509163470602,0.6185917529656224,-570512.4028860835
2025-04-07 10:00:00,0.49569663463892294,0.262306834228745,0.6187108024348285,-580106.1189489512
2025-04-07 11:00:00,0.5528777554445633,0.21709285710275017,0.6188297856874916,-574971.4294571829
2025-04-07 12:00:00,0.5723811708903475,0.27106401566723987,0.6189487026623995,-540400.5118228619
2025-04-07 13:00:00,0.5528777554445633,0.27273079524580035,0.6190675532983744,-561727.7379823108
2025-04-07 14:00:00,0.49569663463892305,0.30266235920212037,0.6191863375342722,-586105.0466851153
2025-04-07 15:00:00,0.40473460736006084,0.2314051455835532,0.6193050553089834,-548128.769917837
2025-04-07 16:00:00,0.2861905854451737,0.23288874187241362,0.6194237065614322,-607839.5760571994
2025-04-07 17:00:00,0.14814314808450263,0.2274782589553329,0.6195422912305775,-578408.8879284969
2025-04-07 18:00:00,7.009647688230782e-17,0.2018327894795025,0.6196608092554121,-598834.547178844
2025-04-07 19:00:00,0.0,0.2179737952904767,0.6197792605749634,-593911.9794171149
2025-04-07 20:00:00,0.0,0.2219518693985183,0.6198976451282928,-637457.830168003
2025-04-07 21:00:00,0.0,0.2623938083293234,0.6200159628544962,-673597.5461853899
2025-04-07 22:00:00,0.0,0.21421388224962598,0.6201342136927039,-703092.6498630239
2025-04-07 23:00:00,0.0,0.27032433430320557,0.6202523975820807,-721872.6151772707
2025-04-08 00:00:00,0.0,0.2678422395521611,0.6203705144618257,-655962.1754226617
2025-04-08 01:00:00,0.0,0.29870996746542694,0.6204885642711724,-678919.6591706136
2025-04-08 02:00:00,0.0,0.21736463432854838,0.6206065469493889,-702749.762359286
2025-04-08 03:00:00,0.0,0.22875932537608562,0.620724462435778,-654907.3927156056
2025-04-08 04:00:00,0.0,0.2904204223603709,0.6208423106696767,-617744.4216575151
2025-04-08 05:00:00,0.0,0.275209243974116,0.6209600915904571,-637801.7841287954
2025-04-08 06:00:00,0.0,0.3098391897366627,0.6210778051375253,-622352.6814886665
2025-04-08 07:00:00,0.1500677068092894,0.3160907905681256,0.6211954512503227,-626834.713730758
2025-04-08 08:00:00,0.289908547398137,0.21808579569746123,0.6213130298683249,-626026.1190627265
2025-04-08 09:00:00,0.4099925995783286,0.3082661920482372,0.6214305409310427,-589730.6592670734
2025-04-08 10:00:00,0.5021363336420634,0.2747471578618035,0.621547984378021,-573697.375090259
2025-04-08 11:00:00,0.5600603063876181,0.21162504781961494,0.62166536014884,-620436.2925701345
2025-04-08 12:00:00,0.5798170947962741,0.263782345711531,0.6217826681831147,-595654.1176277463
2025-04-08 13:00:00,0.5600603063876181,0.24733893102415855,0.6218999084204947,-560100.5638409142
2025-04-08 14:00:00,0.5021363336420634,0.2743673672356369,0.6220170808006645,-625994.133677022
2025-04-08 15:00:00,0.4099925995783287,0.20671358315409505,0.6221341852633439,-554480.6037055235
2025-04-08 16:00:00,0.289908547398137,0.3128821420031324,0.6222512217482871,-593546.5152741985
2025-04-08 17:00:00,0.15006770680928955,0.2584392088976148,0.6223681901952837,-623044.7751811206
2025-04-08 18:00:00,7.100711492331745e-17,0.3071361646883617,0.6224850905441579,-606329.3588055423
2025-04-08 19:00:00,0.0,0.24538812561972906,0.6226019227347696,-572478.7711114794
2025-04-08 20:00:00,0.0,0.2272367757298992,0.6227186867070128,-651408.3062068946
2025-04-08 21:00:00,0.0,0.22723047353647582,0.6228353824008175,-623111.2234745377
2025-04-08 22:00:00,0.0,0.3092121381225823,0.6229520097561482,-677250.0753457302
2025-04-08 23:00:00,0.0,0.26532762970000995,0.623068568713005,-657423.0390373872
2025-04-09 00:00:00,0.0,0.2958068602113125,0.6231850592114228,-691438.310224053
2025-04-09 01:00:00,0.0,0.23819580249036593,0.6233014811914721,-656277.5972272115
2025-04-09 02:00:00,0.0,0.25407084000341984,0.6234178345932584,-714831.9358820966
2025-04-09 03:00:00,0.0,0.3119654168445032,0.6235341193569225,-635961.2066090369
2025-04-09 04:00:00,0.0,0.21522519662291995,0.6236503354226405,-674152.7272014897
2025-04-09 05:00:00,0.0,0.20850401036083457,0.623766482730624,-648900.0133586588
2025-04-09 06:00:00,0.0,0.25995643917104705,0.6238825612211198,-603647.6031502369
2025-04-09 07:00:00,0.1519823093847987,0.21402958163169417,0.6239985708344105,-639639.643528392
2025-04-09 08:00:00,0.29360727554766497,0.29740864383204507,0.6241145115108132,-630657.8949293612
2025-04-09 09:00:00,0.41522339109092227,0.2622412056856311,0.6242303831906816,-615202.9504633428
2025-04-09 10:00:00,0.508542718720431,0.2398785862082499,0.624346185814404,-569666.2602960351
2025-04-09 11:00:00,0.5672057004757209,0.20554700340033785,0.624461919322405,-595195.8339241514
2025-04-09 12:00:00,0.58721455109533,0.2723651407120135,0.6245775836551442,-577370.6965734337
2025-04-09 13:00:00,0.5672057004757209,0.2030181293173405,0.6246931787531167,-550629.6344006741
2025-04-09 14:00:00,0.5085427187204311,0.25021538139777055,0.6248087045568537,-613478.5825942189
2025-04-09 15:00:00,0.41522339109092227,0.31635630797477243,0.6249241610069216,-632053.4483055685
2025-04-09 16:00:00,0.29360727554766497,0.22174531156294097,0.6250395480439229,-583322.0374795194
2025-04-09 17:00:00,0.15198230938479884,0.23799111094966632,0.6251548656084955,-599592.371844027
2025-04-09 18:00:00,7.191304204116458e-17,0.2678652042831697,0.6252701136413132,-636974.4145814081
2025-04-09 19:00:00,0.0,0.3159000655974975,0.6253852920830856,-628719.0737422578
2025-04-09 20:00:00,0.0,0.2704229586276778,0.6255004008745577,-612395.0480137857
2025-04-09 21:00:00,0.0,0.23146179375416281,0.625615439956511,-628905.9023379565
2025-04-09 22:00:00,0.0,0.2906692374337404,0.6257304092697623,-620155.8368028775
2025-04-09 23:00:00,0.0,0.26217682315257934,0.6258453087551645,-639051.6688296244
2025-04-10 00:00:00,0.0,0.2799743715155562,0.6259601383536065,-675437.8264398926
2025-04-10 01:00:00,0.0,0.31710357594411337,0.6260748980060131,-670738.3751689531
2025-04-10 02:00:00,0.0,0.23719903380167603,0.6261895876533451,-677160.1710656619
2025-04-10 03:00:00,0.0,0.22981073565809199,0.6263042072365991,-598548.5982739854
2025-04-10 04:00:00,0.0,0.2606159407440145,0.6264187566968079,-618286.0236075503
2025-04-10 05:00:00,0.0,0.30760341747371267,0.6265332359750407,-670907.3384383739
2025-04-10 06:00:00,0.0,0.20857088834371063,0.6266476450124023,-603662.8465120023
2025-04-10 07:00:00,0.1538863884729668,0.24072562489748153,0.6267619837500339,-625493.0165062761
2025-04-10 08:00:00,0.297285673880782,0.2016390175808938,0.6268762521291126,-609841.1827184381
2025-04-10 09:00:00,0.4204254319014269,0.2623246092469719,0.6269904500908523,-629156.2913466835
2025-04-10 10:00:00,0.5149138915238664,0.25996640476912997,0.6271045775765024,-539905.1684648811
2025-04-10 11:00:00,0.5743118203743938,0.29815113356973477,0.627218634527349,-592128.1133690357
2025-04-10 12:00:00,0.5945713477615641,0.2622428800856407,0.6273326208847145,-591292.1963067333
2025-04-10 13:00:00,0.5743118203743938,0.20330933493518383,0.6274465365899572,-569134.4153533233
2025-04-10 14:00:00,0.5149138915238665,0.2900169985754043,0.6275603815844722,-576126.1247289535
2025-04-10 15:00:00,0.42042543190142695,0.26879936580960123,0.627674155809691,-550791.044888505
2025-04-10 16:00:00,0.297285673880782,0.23472747771447935,0.627787859207081,-591973.8736909664
2025-04-10 17:00:00,0.15388638847296696,0.2620589348986379,0.6279014917181467,-605546.1961582209
2025-04-10 18:00:00,7.281398979009272e-17,0.2302001299817986,0.6280150532844284,-579706.3324473127
2025-04-10 19:00:00,0.0,0.2585394091619626,0.6281285438475034,-592057.1663252577
2025-04-10 20:00:00,0.0,0.2661777663155022,0.6282419633489854,-624344.8455868997
2025-04-10 21:00:00,0.0,0.29527580373822127,0.6283553117305245,-628012.6885540358
2025-04-10 22:00:00,0.0,0.23209509677847226,0.6284685889338076,-620727.2101995727
2025-04-10 23:00:00,0.0,0.24976263832064208,0.6285817949005581,-652975.2801905219
2025-04-11 00:00:00,0.0,0.2664819989834044,0.628694929572536,-658323.6555313361
2025-04-11 01:00:00,0.0,0.3111008819996255,0.6288079928915382,-679474.5481950998
2025-04-11 02:00:00,0.0,0.2582431504628225,0.6289209847993981,-627487.6880796821
2025-04-11 03:00:00,0.0,0.27362349452453744,0.6290339052379857,-625706.2925450057
2025-04-11 04:00:00,0.0,0.2067208030531179,0.6291467541492084,-653270.6454543109
2025-04-11 05:00:00,0.0,0.24072261481222654,0.6292595314750095,-628502.6420750275
2025-04-11 06:00:00,0.0,0.2363211289437134,0.6293722371573698,-644183.2698198191
2025-04-11 07:00:00,0.15577937985406642,0.20432958915253696,0.6294848711383069,-620781.2137712362
2025-04-11 08:00:00,0.30094265240867546,0.2543365440517283,0.6295974333598748,-629381.4901900034
2025-04-11 09:00:00,0.42559718053288104,0.2463656384722105,0.629709923764165,-619553.7056251958
2025-04-11 10:00:00,0.5212479641363663,0.20880956997721187,0.6298223422933056,-619196.685040221
2025-04-11 11:00:00,0.5813765603869475,0.28284577889714524,0.6299346888894619,-578106.3336173008
2025-04-11 12:00:00,0.601885304817351,0.27494812636412597,0.6300469634948359,-558718.3921603636
2025-04-11 13:00:00,0.5813765603869475,0.2585789140540351,0.630159166051667,-509058.4199973083
2025-04-11 14:00:00,0.5212479641363664,0.24762162789767495,0.6302712965022313,-552726.5328160085
2025-04-11 15:00:00,0.4255971805328811,0.28093506639297816,0.6303833547888424,-559586.2974755454
2025-04-11 16:00:00,0.30094265240867546,0.2738242094948574,0.6304953408538507,-609427.0299954193
2025-04-11 17:00:00,0.1557793798540666,0.2806095246133967,0.6306072546396437,-629655.733698154
2025-04-11 18:00:00,7.37096911998398e-17,0.31274441435202704,0.6307190960886466,-612361.963617253
2025-04-11 19:00:00,0.0,0.19878589927962506,0.6308308651433212,-644823.828198113
2025-04-11 20:00:00,0.0,0.22209828560133135,0.6309425617461668,-644894.016060699
2025-04-11 21:00:00,0.0,0.21197939159740398,0.6310541858397201,-669098.991498808
2025-04-11 22:00:00,0.0,0.24908872619858322,0.631165737366555,-634180.0680374029
2025-04-11 23:00:00,0.0,0.2970576553957321,0.6312772162692826,-664725.3151105766
2025-04-12 00:00:00,0.0,0.25078014241254604,0.6313886224905514,-648554.9494824371
2025-04-12 01:00:00,0.0,0.2913281283976399,0.6314999559730476,-652646.0560832566
2025-04-12 02:00:00,0.0,0.2532848233390092,0.6316112166594946,-700899.7579959035
2025-04-12 03:00:00,0.0,0.2601998724543315,0.631722404492653,-608429.262445718
2025-04-12 04:00:00,0.0,0.28480728324360743,0.6318335194153213,-701938.0946542424
2025-04-12 05:00:00,0.0,0.293349712339449,0.6319445613703353,-635720.2521342726
2025-04-12 06:00:00,0.0,0.2787040737466009,0.6320555303005684,-632856.1775908183
2025-04-12 07:00:00,0.15766072259389727,0.30444779536525757,0.6321664261489315,-651073.2802085779
2025-04-12 08:00:00,0.3045771274896836,0.2674991144191367,0.632277248858373,-583064.2970706854
2025-04-12 09:00:00,0.43073710448454977,0.2621325475893825,0.6323879983718793,-594823.7983521408
2025-04-12 10:00:00,0.5275430596355154,0.2052519879681988,0.6324986746324741,-589612.4659151527
2025-04-12 11:00:00,0.5883978270784471,0.2000166700477017,0.6326092775832189,-570176.4419580044
2025-04-12 12:00:00,0.6091542549793673,0.25566870716790513,0.6327198071672129,-546788.996529556
2025-04-12 13:00:00,0.5883978270784471,0.2535370441438263,0.6328302633275932,-590636.7475805352
2025-04-12 14:00:00,0.5275430596355154,0.20328286914577284,0.6329406460075343,-577199.0377133301
2025-04-12 15:00:00,0.4307371044845498,0.27939633431432714,0.6330509551502489,-563097.3924091503
2025-04-12 16:00:00,0.3045771274896836,0.2358403953643919,0.6331611906989875,-555658.6324070275
2025-04-12 17:00:00,0.15766072259389743,0.308793371047118,0.633271352597038,-569822.2503765667
2025-04-12 18:00:00,7.459988085474726e-17,0.22708689823459427,0.6333814407877268,-580180.6954929985
2025-04-12 19:00:00,0.0,0.25285812774290956,0.633491455214418,-628506.4500663741
2025-04-12 20:00:00,0.0,0.26618096300876687,0.6336013958205132,-608333.9295482521
2025-04-12 21:00:00,0.0,0.25569220505677265,0.6337112625494528,-636392.451388514
2025-04-12 22:00:00,0.0,0.25858186653124826,0.6338210553447144,-645702.120916924
2025-04-12 23:00:00,0.0,0.2390789442162071,0.6339307741498144,-680037.00300868
2025-04-13 00:00:00,0.0,0.19891960501075215,0.6340404189083065,-644552.3660105544
2025-04-13 01:00:00,0.0,0.3121574455370426,0.6341499895637832,-621792.103149053
2025-04-13 02:00:00,0.0,0.2513133777276167,0.6342594860598747,-628664.6426048236
2025-04-13 03:00:00,0.0,0.30911620323624334,0.6343689083402492,-656545.6986881711
2025-04-13 04:00:00,0.0,0.21766582998393608,0.6344782563486135,-642004.3277726986
2025-04-13 05:00:00,0.0,0.20599399199676857,0.6345875300287127,-651004.7099297779
2025-04-13 06:00:00,0.0,0.2858407780385871,0.6346967293243295,-682035.8227481004
2025-04-13 07:00:00,0.15952985921000282,0.28545801230203355,0.6348058541792854,-660123.9273330168
2025-04-13 08:00:00,0.30818802215040136,0.2984822131896047,0.6349149045374399,-560852.1496437481
2025-04-13 09:00:00,0.4358436806860375,0.281402968676099,0.6350238803426913,-570446.9173131944
2025-04-13 10:00:00,0.5337973126486578,0.25576038273669377,0.6351327815389756,-619951.7309653342
2025-04-13 11:00:00,0.5953735398960405,0.27276189639394594,0.6352416080702676,-560424.070113845
2025-04-13 12:00:00,0.6163760443008028,0.26515831612795304,0.6353503598805804,-600193.0367617154
2025-04-13 13:00:00,0.5953735398960405,0.31332919209551346,0.6354590369139657,-566838.0956346965
2025-04-13 14:00:00,0.5337973126486579,0.24994062633081968,0.6355676391145134,-585174.2130262223
2025-04-13 15:00:00,0.43584368068603757,0.286769955801928,0.635676166426352,-599932.7700164964
2025-04-13 16:00:00,0.30818802215040136,0.24603390877745165,0.6357846187936486,-621994.8529047938
2025-04-13 17:00:00,0.15952985921000298,0.2639257889394477,0.6358929961606088,-614025.5052230792
2025-04-13 18:00:00,7.548429497240854e-17,0.27778058715456416,0.6360012984714768,-610717.3248811448
2025-04-13 19:00:00,0.0,0.30591980801948226,0.6361095256705354,-616388.5005895869
2025-04-13 20:00:00,0.0,0.25256209996749296,0.636217677702106,-621743.6054481209
2025-04-13 21:00:00,0.0,0.2880987013178414,0.6363257545105488,-664010.977933317
2025-04-13 22:00:00,0.0,0.25065631505992186,0.6364337560402626,-652288.4597770323
2025-04-13 23:00:00,0.0,0.22813621223880493,0.636541682235685,-693338.8559710924
2025-04-14 00:00:00,0.0,0.23706014796830527,0.6366495330412922,-659796.9073130394
2025-04-14 01:00:00,0.0,0.23091598818296186,0.6367573084015994,-640390.5001189614
2025-04-14 02:00:00,0.0,0.24034169563581062,0.6368650082611603,-673414.2217811338
2025-04-14 03:00:00,0.0,0.29490913646113803,0.6369726325645678,-630241.0454497023
2025-04-14 04:00:00,0.0,0.2184010632495443,0.6370801812564536,-662349.158978901
2025-04-14 05:00:00,0.0,0.30354418347919904,0.637187654281488,-656514.0663007674
2025-04-14 06:00:00,0.0,0.31566978668088974,0.6372950515843805,-638966.4282283359
2025-04-14 07:00:00,0.1613862358368645,0.25710107868949666,0.6374023731098797,-618274.9238703354
2025-04-14 08:00:00,0.31177426640481154,0.26302973230453497,0.6375096188027727,-616086.7698111397
2025-04-14 09:00:00,0.44091539594860696,0.29188569713978085,0.6376167886078861,-573098.0933069104
2025-04-14 10:00:00,0.5400088699056481,0.2892816481178441,0.6377238824700852,-617242.4928873975
2025-04-14 11:00:00,0.6023016317854715,0.20057542118580363,0.6378309003342746,-549998.8218204442
2025-04-14 12:00:00,0.6235485328096232,0.22685877554219713,0.6379378421453978,-593010.2841160573
2025-04-14 13:00:00,0.6023016317854715,0.2539108107413202,0.6380447078484376,-564091.3621852003
2025-04-14 14:00:00,0.5400088699056482,0.2384523158681903,0.6381514973884159,-573374.0235444074
2025-04-14 15:00:00,0.440915395948607,0.23076986109185535,0.6382582107103938,-567512.6446582787
2025-04-14 16:00:00,0.31177426640481154,0.22645228008821552,0.6383648477594714,-567870.2443657208
2025-04-14 17:00:00,0.16138623583686465,0.30211406072212227,0.6384714084807884,-613142.2026405329
2025-04-14 18:00:00,7.636267148183334e-17,0.22131700832374168,0.6385778928195236,-602151.0395840919
2025-04-14 19:00:00,0.0,0.23271441190465791,0.6386843007208949,-622903.6239148255
2025-04-14 20:00:00,0.0,0.23336121834930498,0.6387906321301599,-609751.4123104957
2025-04-14 21:00:00,0.0,0.24530816833576508,0.6388968869926152,-576152.880728311
2025-04-14 22:00:00,0.0,0.20862319018054848,0.639003065253597,-686119.0885887756
2025-04-14 23:00:00,0.0,0.30846558228286924,0.6391091668584808,-659569.1832470932
2025-04-15 00:00:00,0.0,0.27825024168899865,0.6392151917526817,-626429.2880899668
2025-04-15 01:00:00,0.0,0.22004630891617194,0.6393211398816541,-665341.0251255251
2025-04-15 02:00:00,0.0,0.25165761508983625,0.6394270111908918,-654257.3360479492
2025-04-15 03:00:00,0.0,0.20719356547241904,0.6395328056259284,-656540.1463941026
2025-04-15 04:00:00,0.0,0.24951839292171557,0.639638523132337,-657611.0468263198
2025-04-15 05:00:00,0.0,0.26964537454693777,0.6397441636557301,-659204.1350317292
2025-04-15 06:00:00,0.0,0.26257306452725193,0.6398497271417597,-606244.3135190149
2025-04-15 07:00:00,0.16322930239002384,0.21222803081746708,0.6399552135361178,-638366.9069875332
2025-04-15 08:00:00,0.3153347975713439,0.2944435445488444,0.6400606227845359,-598986.6306303702
2025-04-15 09:00:00,0.4459507474135691,0.2868862629638206,0.6401659548327852,-599008.3513818937
2025-04-15 10:00:00,0.5461758907880148,0.24236362986481896,0.6402712096266764,-604244.171908489
2025-04-15 11:00:00,0.609180049803593,0.2595136065349968,0.6403763871120604,-549180.4084339741
2025-04-15 12:00:00,0.6306695951426879,0.3048529788706009,0.6404814872348273,-583907.9492410521
2025-04-15 13:00:00,0.609180049803593,0.2561858848128805,0.6405865099409075,-579585.9144051969
2025-04-15 14:00:00,0.5461758907880148,0.23061472547811573,0.6406914551762711,-617624.6480709253
2025-04-15 15:00:00,0.44595074741356916,0.2807324709658111,0.6407963228869278,-568911.553958907
2025-04-15 16:00:00,0.3153347975713439,0.21459691633014832,0.6409011130189275,-578024.6573391831
2025-04-15 17:00:00,0.163229302390024,0.290810952660955,0.6410058255183598,-547881.5754644955
2025-04-15 18:00:00,7.723475010110498e-17,0.3059185603260382,0.6411104603313543,-574882.80403859
2025-04-15 19:00:00,0.0,0.2533957084432027,0.6412150174040808,-636124.1116886644
2025-04-15 20:00:00,0.0,0.23722900191746407,0.6413194966827487,-627612.641652181
2025-04-15 21:00:00,0.0,0.26005772884363026,0.6414238981136076,-648204.5909568476
2025-04-15 22:00:00,0.0,0.24481684627202704,0.641528221642947,-649925.7105944238
2025-04-15 23:00:00,0.0,0.2776416031417891,0.641632467217097,-665592.7493640117
2025-04-16 00:00:00,0.0,0.30680142469316135,0.6417366347824272,-687571.9287297295
2025-04-16 01:00:00,0.0,0.2311687837597748,0.6418407242853477,-616467.2088140561
2025-04-16 02:00:00,0.0,0.21712087251860146,0.6419447356723085,-683253.6026418133
2025-04-16 03:00:00,0.0,0.3018289157307211,0.6420486688897998,-640126.932168599
2025-04-16 04:00:00,0.0,0.2381005780772122,0.6421525238843524,-635206.7963247626
2025-04-16 05:00:00,0.0,0.25528057815736804,0.642256300602537,-613762.6137868674
2025-04-16 06:00:00,0.0,0.22581566197436362,0.6423599989909646,-616948.163398634
2025-04-16 07:00:00,0.16505851272908448,0.2952324948648799,0.6424636189962866,-582091.1834305673
2025-04-16 08:00:00,0.31886856058777124,0.2722203385257703,0.6425671605651945,-550408.8859406468
2025-04-16 09:00:00,0.45094824299761305,0.2630905470257636,0.6426706236444206,-621917.4195669363
2025-04-16 10:00:00,0.5522965478743747,0.20883872139570597,0.6427740081807369,-582272.801735481
2025-04-16 11:00:00,0.6160067557266976,0.24808603370002477,0.6428773141209565,-552613.9493595451
2025-04-16 12:00:00,0.6377371211755426,0.2951225925113436,0.6429805414119326,-559591.6187022672
2025-04-16 13:00:00,0.6160067557266976,0.20160407097575203,0.6430836900005589,-615760.0933589771
2025-04-16 14:00:00,0.5522965478743748,0.31298244468155223,0.6431867598337696,-606795.6033527225
2025-04-16 15:00:00,0.45094824299761316,0.2976328181109982,0.6432897508585392,-549722.8034255907
2025-04-16 16:00:00,0.31886856058777124,0.29839614783291085,0.6433926630218832,-553182.8133549737
2025-04-16 17:00:00,0.16505851272908467,0.21334941633746116,0.6434954962708573,-566040.6008144262
2025-04-16 18:00:00,7.81002724145076e-17,0.2603005269855709,0.6435982505525581,-607149.4886843812
2025-04-16 19:00:00,0.0,0.20812220071257484,0.6437009258141225,-588759.4811407226
2025-04-16 20:00:00,0.0,0.23061301706716242,0.6438035220027281,-632722.876693796
2025-04-16 21:00:00,0.0,0.22341188472490475,0.6439060390655934,-653555.6179563213
2025-04-16 22:00:00,0.0,0.26025338294318207,0.6440084769499775,-615053.3003498266
2025-04-16 23:00:00,0.0,0.28157985116669937,0.6441108356031802,-663401.4242009014
2025-04-17 00:00:00,0.0,0.3036592140663329,0.6442131149725419,-688140.5366615336
2025-04-17 01:00:00,0.0,0.2759657093552707,0.6443153150054443,-652640.0312118846
2025-04-17 02:00:00,0.0,0.25616692994111145,0.6444174356493093,-677005.0351465592
2025-04-17 03:00:00,0.0,0.19912524286848285,0.6445194768516,-679740.3239099422
2025-04-17 04:00:00,0.0,0.2742770932663457,0.6446214385598206,-642648.0228429445
2025-04-17 05:00:00,0.0,0.21079140693247422,0.6447233207215155,-626325.277170903
2025-04-17 06:00:00,0.0,0.21197922631115432,0.6448251232842704,-610201.2210704811
2025-04-17 07:00:00,0.16687332481954542,0.2291865348119249,0.6449268461957124,-599965.8887872901
2025-04-17 08:00:00,0.322374508323847,0.3136488260286199,0.6450284894035087,-611312.2426034685
2025-04-17 09:00:00,0.45590640183494263,0.2301376760629681,0.6451300528553681,-594978.6272074139
2025-04-17 10:00:00,0.5583690274819391,0.2644168622252886,0.6452315364990404,-556967.1301068859
2025-04-17 11:00:00,0.6227797266544882,0.21472465245383124,0.6453329402823161,-588682.9133126633
2025-04-17 12:00:00,0.6447490166476941,0.20492465790026457,0.6454342641530272,-593838.5247334149
2025-04-17 13:00:00,0.6227797266544882,0.20655808849174526,0.6455355080590466,-543860.0307914696
2025-04-17 14:00:00,0.5583690274819391,0.23870782368463012,0.6456366719482882,-614441.8409924249
2025-04-17 15:00:00,0.45590640183494274,0.2862338059400755,0.6457377557687075,-599995.7266210511
2025-04-17 16:00:00,0.322374508323847,0.22476771829124506,0.6458387594683009,-611869.0922395036
2025-04-17 17:00:00,0.16687332481954562,0.27281155576335697,0.6459396829951058,-564823.5609426751
2025-04-17 18:00:00,7.895898194910021e-17,0.295784319920981,0.6460405262972014,-611980.836496342
2025-04-17 19:00:00,0.0,0.22318132773407046,0.6461412893227078,-587752.4933764588
2025-04-17 20:00:00,0.0,0.2320121824968688,0.6462419720197863,-654893.07969725
2025-04-17 21:00:00,0.0,0.2543302931249481,0.6463425743366398,-688291.6430562163
2025-04-17 22:00:00,0.0,0.2775379610282554,0.6464430962215124,-665766.093079305
2025-04-17 23:00:00,0.0,0.24785159115703684,0.6465435376226898,-656640.1635675905
2025-04-18 00:00:00,0.0,0.22928353763337786,0.6466438984884987,-642538.0636656921
2025-04-18 01:00:00,0.0,0.22798126572198113,0.6467441787673075,-674416.2506350479
2025-04-18 02:00:00,0.0,0.22370782160504155,0.6468443784075263,-686316.8609827461
2025-04-18 03:00:00,0.0,0.29754447328253525,0.6469444973576058,-685509.1442961466
2025-04-18 04:00:00,0.0,0.2825402800362102,0.6470445355660395,-606292.869036287
2025-04-18 05:00:00,0.0,0.2580333335628891,0.6471444929813615,-668415.2705230475
2025-04-18 06:00:00,0.0,0.19742374969444826,0.6472443695521475,-628911.8348777833
2025-04-18 07:00:00,0.16867320089341736,0.2758247291741673,0.6473441652270152,-617943.968944052
2025-04-18 08:00:00,0.32585160189159235,0.26275300784783656,0.6474438799546238,-550432.7341529321
2025-04-18 09:00:00,0.4608237547160884,0.2993073193840342,0.647543513683674,-549182.2165194289
2025-04-18 10:00:00,0.5643915302039448,0.24760846313622453,0.6476430663629081,-608815.896340707
2025-04-18 11:00:00,0.6294969556095058,0.20174437508843554,0.6477425379411106,-562835.0535380356
2025-04-18 12:00:00,0.6517032037831848,0.2309162651902472,0.647841928367107,-579274.538509877
2025-04-18 13:00:00,0.6294969556095058,0.2474441383873296,0.6479412375897651,-555389.4064239012
2025-04-18 14:00:00,0.564391530203945,0.29292285198206797,0.6480404655579942,-589586.5786484994
2025-04-18 15:00:00,0.4608237547160885,0.2507669626755488,0.6481396122207456,-561624.7314999305
2025-04-18 16:00:00,0.32585160189159235,0.2429208606829259,0.648238677527012,-568454.2686832162
2025-04-18 17:00:00,0.16867320089341756,0.2820887257051868,0.6483376614258288,-587185.3967084354
2025-04-18 18:00:00,7.981062425071526e-17,0.2726966740914966,0.6484365638662725,-581053.8915456801
2025-04-18 19:00:00,0.0,0.28534724761445224,0.6485353847974618,-678068.5237074131
2025-04-18 20:00:00,0.0,0.25523870975373986,0.648634124168557,-593849.549348817
2025-04-18 21:00:00,0.0,0.2023457358101148,0.6487327819287612,-663761.6753831698
2025-04-18 22:00:00,0.0,0.20179344328493115,0.6488313580273184,-662321.9824252718
2025-04-18 23:00:00,0.0,0.31095504432297955,0.6489298524135155,-633889.2516162988
2025-04-19 00:00:00,0.0,0.2329738520897376,0.6490282650366811,-666857.7769985257
2025-04-19 01:00:00,0.0,0.3029771524519778,0.6491265958461857,-662686.4235116752
2025-04-19 02:00:00,0.0,0.20977979609888622,0.6492248447914419,-675860.4464920469
2025-04-19 03:00:00,0.0,0.30610793330168695,0.649323011821905,-665335.6522725784
2025-04-19 04:00:00,0.0,0.265550427495502,0.6494210968870716,-612450.694167675
2025-04-19 05:00:00,0.0,0.2594251592749125,0.649519099936481,-601177.9166332787
2025-04-19 06:00:00,0.0,0.2811145293029477,0.6496170209197146,-659903.5637646263
2025-04-19 07:00:00,0.17045760760857515,0.24421549364885964,0.6497148597863961,-611573.6841595266
2025-04-19 08:00:00,0.3292988109531414,0.2007969691450042,0.6498126164861912,-640488.914955261
2025-04-19 09:00:00,0.46569884452326654,0.2986166358447353,0.6499102909688078,-585009.1095881278
2025-04-19 10:00:00,0.5703622714428598,0.22529654300893692,0.6500078831839966,-594103.5025726242
2025-04-19 11:00:00,0.6361564521318417,0.2705335186621909,0.6501053930815502,-542854.1025302236
2025-04-19 12:00:00,0.6585976219062829,0.2092499884959542,0.6502028206113037,-581888.7575223836
2025-04-19 13:00:00,0.6361564521318417,0.3093508998255732,0.6503001657231346,-524639.1580337419
2025-04-19 14:00:00,0.5703622714428598,0.24680038802308535,0.6503974283669627,-583917.699413795
2025-04-19 15:00:00,0.46569884452326654,0.25452979615624227,0.6504946084927501,-606711.6626478323
2025-04-19 16:00:00,0.3292988109531414,0.22508099191746225,0.6505917060505018,-589639.1898962758
2025-04-19 17:00:00,0.1704576076085753,0.2808888214736731,0.6506887209902649,-546734.9266556364
2025-04-19 18:00:00,8.065494695935881e-17,0.23415507373525762,0.6507856532621289,-602218.7776519861
2025-04-19 19:00:00,0.0,0.279700631618575,0.6508825028162264,-656619.2574406696
2025-04-19 20:00:00,0.0,0.2756852201620245,0.650979269602732,-674073.7744794898
2025-04-19 21:00:00,0.0,0.24113150836550812,0.651075953571863,-644845.8445077376
2025-04-19 22:00:00,0.0,0.25936858951063585,0.6511725546738796,-626983.0850668015
2025-04-19 23:00:00,0.0,0.27950310658621824,0.6512690728590841,-659820.8865885324
2025-04-20 00:00:00,0.0,0.24004981831965,0.651365508077822,-606660.4690949728
2025-04-20 01:00:00,0.0,0.2828348219837727,0.6514618602804813,-657464.198604351
2025-04-20 02:00:00,0.0,0.19846428370181665,0.6515581294174924,-675407.2596162405
2025-04-20 03:00:00,0.0,0.21153386609664127,0.651654315439329,-657229.4310601553
2025-04-20 04:00:00,0.0,0.26011307709848613,0.6517504182965069,-642639.3600296583
2025-04-20 05:00:00,0.0,0.2788928668623854,0.6518464379395854,-646287.5096806706
2025-04-20 06:00:00,0.0,0.3108379623323158,0.6519423743191659,-613126.4052117141
2025-04-20 07:00:00,0.1722260162067984,0.2699375922327509,0.6520382273858932,-605042.1787914518
2025-04-20 08:00:00,0.33271511402605236,0.2266731461873237,0.6521339970904547,-624961.0159713767
2025-04-20 09:00:00,0.47053022666215405,0.28913050351957253,0.6522296833835809,-593523.3312543908
2025-04-20 10:00:00,0.5762794819391952,0.24120257367257364,0.6523252862160447,-567114.5533874198
2025-04-20 11:00:00,0.6427562428689526,0.24167701894550675,0.6524208055386624,-550074.2736554274
2025-04-20 12:00:00,0.6654302280521048,0.25984540711092335,0.6525162413022934,-521115.92311750154
2025-04-20 13:00:00,0.6427562428689526,0.23897280770265913,0.6526115934578395,-539003.8798210145
2025-04-20 14:00:00,0.5762794819391952,0.20597357016364845,0.652706861956246,-566449.8804772398
2025-04-20 15:00:00,0.47053022666215416,0.28491116633687,0.652802046748501,-541684.5226312437
2025-04-20 16:00:00,0.33271511402605236,0.22094231297471678,0.6528971477856358,-567585.4496558058
2025-04-20 17:00:00,0.17222601620679856,0.301482791934431,0.6529921650187247,-599846.9448838967
2025-04-20 18:00:00,8.149169988399036e-17,0.24309366289178228,0.6530870983988852,-611777.0704432004
2025-04-20 19:00:00,0.0,0.3070986335363539,0.6531819478772779,-616637.0862109745
2025-04-20 20:00:00,0.0,0.26523413419078895,0.6532767134051064,-640302.099299523
2025-04-20 21:00:00,0.0,0.27031716656230736,0.6533713949336177,-674052.3106058675
2025-04-20 22:00:00,0.0,0.19816974117050135,0.6534659924141021,-649840.1651734022
2025-04-20 23:00:00,0.0,0.21859278266004384,0.6535605057978928,-678200.0779314216
2025-04-21 00:00:00,0.0,0.2908584592077696,0.6536549350363666,-615147.9706077401
2025-04-21 01:00:00,0.0,0.3053302005869325,0.6537492800809435,-647344.0160178231
2025-04-21 02:00:00,0.0,0.2602124943072163,0.6538435408830865,-635231.0300540329
2025-04-21 03:00:00,0.0,0.21410820134297734,0.6539377173943023,-638570.6851262965
2025-04-21 04:00:00,0.0,0.19846937763426103,0.654031809566141,-649875.1263717815
2025-04-21 05:00:00,0.0,0.2933077775789436,0.6541258173501959,-619269.8921571071
2025-04-21 06:00:00,0.0,0.1971472021827596,0.6542197406981037,-642578.7432915013
2025-04-21 07:00:00,0.17397790267045407,0.28513652450404064,0.6543135795615447,-610139.6241994973
2025-04-21 08:00:00,0.3360994987859948,0.2538347921072411,0.6544073338922424,-604806.9903483809
2025-04-21 09:00:00,0.4753164694899535,0.31056573572439694,0.6545010036419641,-592479.4564836819
2025-04-21 10:00:00,0.5821414082957773,0.2841302445117699,0.6545945887625204,-593098.7775957313
2025-04-21 11:00:00,0.6492943721604076,0.20390431950133708,0.6546880892057656,-555833.8146376493
2025-04-21 12:00:00,0.6721989975719898,0.301347655567278,0.6547815049235974,-558954.3710701116
2025-04-21 13:00:00,0.6492943721604076,0.2797698615794059,0.6548748358679573,-594585.3085490149
2025-04-21 14:00:00,0.5821414082957774,0.3057085691691107,0.65496808199083,-553945.315407035
2025-04-21 15:00:00,0.4753164694899536,0.30493194638451837,0.6550612432442443,-532287.4853594452
2025-04-21 16:00:00,0.3360994987859948,0.2734993005900863,0.6551543195802726,-550255.3336195517
2025-04-21 17:00:00,0.17397790267045424,0.2938402884487262,0.6552473109510305,-577863.0004011526
2025-04-21 18:00:00,8.232063507665967e-17,0.2019813534285848,0.655340217308678,-612877.2275028392
2025-04-21 19:00:00,0.0,0.24674092160115305,0.6554330386054183,-572065.2391102161
2025-04-21 20:00:00,0.0,0.25941734268547834,0.6555257747934987,-605601.3791367422
2025-04-21 21:00:00,0.0,0.29966795810511765,0.6556184258252102,-682076.4037672493
2025-04-21 22:00:00,0.0,0.24463798443863616,0.6557109916528874,-654850.7819313671
2025-04-21 23:00:00,0.0,0.27830461599168105,0.6558034722289089,-650599.1523259059
2025-04-22 00:00:00,0.0,0.23840488804702714,0.6558958675056973,-675554.5452071448
2025-04-22 01:00:00,0.0,0.30859589682700983,0.6559881774357187,-649676.614621291
2025-04-22 02:00:00,0.0,0.287732772701158,0.6560804019714837,-645148.3675755137
2025-04-22 03:00:00,0.0,0.23216078078161653,0.6561725410655461,-621609.4046907823
2025-04-22 04:00:00,0.0,0.22177868123671807,0.6562645946705044,-649268.6458658908
2025-04-22 05:00:00,0.0,0.24388166003852196,0.6563565627390004,-646620.5060355018
2025-04-22 06:00:00,0.0,0.21740184560861212,0.6564484452237204,-639595.7171504571
2025-04-22 07:00:00,0.17571274787777416,0.3036821883611609,0.6565402420773944,-545241.3973464852
2025-04-22 08:00:00,0.33945096236672345,0.28734795176629085,0.6566319532527968,-607509.5818662685
2025-04-22 09:00:00,0.4800561547396194,0.21800502608787312,0.6567235787027458,-586918.6781036635
2025-04-22 10:00:00,0.587946313497316,0.3097283463467056,0.6568151183801036,-561424.6358531134
2025-04-22 11:00:00,0.6557689026173936,0.23545760003430485,0.656906572237777,-562591.5898773137
2025-04-22 12:00:00,0.678901924733447,0.2789928946076989,0.6569979402287164,-609362.5519420303
2025-04-22 13:00:00,0.6557689026173936,0.2605354216469788,0.6570892223059169,-549066.1994519198
2025-04-22 14:00:00,0.5879463134973161,0.2634042963391682,0.6571804184224174,-528515.7264795215
2025-04-22 15:00:00,0.4800561547396195,0.22587832499431515,0.6572715285313011,-587863.0530964017
2025-04-22 16:00:00,0.33945096236672345,0.2419898357716638,0.6573625525856955,-571307.1661499487
2025-04-22 17:00:00,0.17571274787777436,0.22613322846224562,0.6574534905387724,-567932.9409091149
2025-04-22 18:00:00,8.314150690597931e-17,0.2580598733704333,0.6575443423437481,-612499.7296973111
2025-04-22 19:00:00,0.0,0.28185249393016876,0.6576351079538827,-558198.1018867941
2025-04-22 20:00:00,0.0,0.26368494423957717,0.6577257873224811,-625744.4736908465
2025-04-22 21:00:00,0.0,0.27889943733695766,0.6578163804028923,-646921.5750368533
2025-04-22 22:00:00,0.0,0.24415047293064035,0.6579068871485098,-607499.5485526251
2025-04-22 23:00:00,0.0,0.30181118498751136,0.6579973075127715,-674270.356125307
2025-04-23 00:00:00,0.0,0.2709739318212993,0.6580876414491599,-602875.2225682768
2025-04-23 01:00:00,0.0,0.19673382611280643,0.6581778889112015,-708438.4592184147
2025-04-23 02:00:00,0.0,0.1979654786516658,0.6582680498524681,-659437.7103957535
2025-04-23 03:00:00,0.0,0.2003802150724881,0.6583581242265751,-669115.7456735043
2025-04-23 04:00:00,0.0,0.24236679738169326,0.658448111987183,-670649.8020408209
2025-04-23 05:00:00,0.0,0.20167167584362355,0.6585380130879966,-645105.9604153336
2025-04-23 06:00:00,0.0,0.26038997247115364,0.6586278274827655,-618980.3493085682
2025-04-23 07:00:00,0.17743003775668276,0.27428076771617577,0.658717555125284,-611018.7511320052
2025-04-23 08:00:00,0.34276851165724875,0.25417234046896836,0.6588071959693903,-621727.8032850849
2025-04-23 09:00:00,0.48474787794012153,0.24177297592498045,0.6588967499689682,-597692.8156000931
2025-04-23 10:00:00,0.5936924774251199,0.29856520222383137,0.6589862170779457,-584831.6232697956
2025-04-23 11:00:00,0.6621779156968044,0.2507041997381097,0.6590755972502954,-543575.5727430895
2025-04-23 12:00:00,0.6855370233144976,0.26508031412411776,0.659164890440035,-572116.6880979142
2025-04-23 13:00:00,0.6621779156968044,0.2641230494088919,0.6592540966012266,-569717.560987021
2025-04-23 14:00:00,0.59369247742512,0.20894315551368614,0.6593432156879773,-555498.8280289059
2025-04-23 15:00:00,0.48474787794012164,0.30689844115569875,0.6594322476544386,-554338.6287009859
2025-04-23 16:00:00,0.34276851165724875,0.2616278880836697,0.6595211924548077,-587209.8601956464
2025-04-23 17:00:00,0.17743003775668298,0.23350776008004762,0.6596100500433255,-583538.5068985804
2025-04-23 18:00:00,8.395407212991039e-17,0.19768641799328074,0.6596988203742787,-584762.2404031116
2025-04-23 19:00:00,0.0,0.2695754572010875,0.6597875034019984,-604242.4567308801
2025-04-23 20:00:00,0.0,0.24515380586093283,0.6598760990808606,-585266.1437240035
2025-04-23 21:00:00,0.0,0.2254181483646329,0.6599646073652867,-671963.1140746301
2025-04-23 22:00:00,0.0,0.29737076884100677,0.6600530282097427,-646777.3528683967
2025-04-23 23:00:00,0.0,0.2557336003733525,0.6601413615687391,-687283.0443231367
2025-04-24 00:00:00,0.0,0.27876567266967317,0.6602296073968327,-617143.1503735267
2025-04-24 01:00:00,0.0,0.20932124082754044,0.660317765648624,-611900.9913904638
2025-04-24 02:00:00,0.0,0.21273133097373478,0.6604058362787593,-665719.0649337036
2025-04-24 03:00:00,0.0,0.30319337210514685,0.6604938192419298,-655159.2689512124
2025-04-24 04:00:00,0.0,0.2855674556067425,0.6605817144928718,-631253.850627782
2025-04-24 05:00:00,0.0,0.24866274884902367,0.6606695219863667,-642123.7748507579
2025-04-24 06:00:00,0.0,0.28211271946435107,0.660757241677241,-603509.5694159592
2025-04-24 07:00:00,0.1791292634371266,0.2690233418568106,0.6608448735203667,-608969.4230887545
2025-04-24 08:00:00,0.3460511635961174,0.2387303053192088,0.6609324174706604,-614535.5620962208
2025-04-24 09:00:00,0.4893902488326199,0.19429661397847459,0.6610198734830846,-596661.4692280245
2025-04-24 10:00:00,0.5993781973668048,0.29135403004074434,0.6611072415126462,-566618.4852042653
2025-04-24 11:00:00,0.6685195122697466,0.270441040810688,0.6611945215143984,-560772.9333022671
2025-04-24 12:00:00,0.6921023271922349,0.2988270873678471,0.6612817134434388,-552771.6772045108
2025-04-24 13:00:00,0.6685195122697466,0.20345036901588642,0.6613688172549107,-553845.3363449615
2025-04-24 14:00:00,0.5993781973668049,0.20085397321121257,0.6614558329040029,-596771.6800475256
2025-04-24 15:00:00,0.48939024883262,0.2133864519118972,0.6615427603459489,-563231.6235668422
2025-04-24 16:00:00,0.3460511635961174,0.22843106446157502,0.6616295995360284,-591769.3118482218
2025-04-24 17:00:00,0.1791292634371268,0.27318366983814973,0.661716350429566,-568785.7937656239
2025-04-24 18:00:00,8.475808996784047e-17,0.2669342914051422,0.6618030129819319,-604529.760539565
2025-04-24 19:00:00,0.0,0.2971258883300401,0.6618895871485416,-660385.4655418238
2025-04-24 20:00:00,0.0,0.27774659543749514,0.6619760728848563,-607731.8610572107
2025-04-24 21:00:00,0.0,0.2915887757370312,0.6620624701463823,-605068.0065022055
2025-04-24 22:00:00,0.0,0.24690670326389996,0.662148778888672,-620911.7419166968
2025-04-24 23:00:00,0.0,0.274061175628854,0.6622349990673229,-687232.7178270933
2025-04-25 00:00:00,0.0,0.2729551477514806,0.6623211306379779,-662627.2349912928
2025-04-25 01:00:00,0.0,0.21486889827310854,0.6624071735563262,-622046.405588005
2025-04-25 02:00:00,0.0,0.20273677386005176,0.6624931277781019,-690051.9608112929
2025-04-25 03:00:00,0.0,0.19250307683908607,0.6625789932590851,-665042.4227026177
2025-04-25 04:00:00,0.0,0.2441528968689467,0.6626647699551015,-675255.2377490007
2025-04-25 05:00:00,0.0,0.2804947744792297,0.6627504578220222,-709428.5839138008
2025-04-25 06:00:00,0.0,0.22039034940773483,0.6628360568157645,-633383.7933846966
2025-04-25 07:00:00,0.18080992140186422,0.25000569326957045,0.6629215668922911,-618314.334245918
2025-04-25 08:00:00,0.34929794546271437,0.21459499713034602,0.6630069880076104,-619420.8668549838
2025-04-25 09:00:00,0.49398189178242835,0.22014521642977797,0.6630923201177765,-578568.43191189
2025-04-25 10:00:00,0.6050017885208442,0.24053588434373305,0.66317756317889,-571594.6996694808
2025-04-25 11:00:00,0.6747918131842927,0.2622887983801057,0.6632627171470962,-612342.6781626681
2025-04-25 12:00:00,0.6985958909254288,0.2867303863040293,0.6633477819785872,-601295.0838233214
2025-04-25 13:00:00,0.6747918131842927,0.26709424907082563,0.6634327576296003,-549816.9228963192
2025-04-25 14:00:00,0.6050017885208442,0.2475326408127442,0.663517644056419,-576976.1932747163
2025-04-25 15:00:00,0.49398189178242846,0.2962268915607226,0.6636024412153727,-581937.7402199206
2025-04-25 16:00:00,0.34929794546271437,0.22007670905086144,0.6636871490628365,-587412.5075528192
2025-04-25 17:00:00,0.18080992140186442,0.25465811204651806,0.6637717675552319,-580387.9344045538
2025-04-25 18:00:00,8.555332217193199e-17,0.2245211109672602,0.6638562966490259,-638146.8131063543
2025-04-25 19:00:00,0.0,0.24927779486978824,0.6639407363007317,-617948.7139055632
2025-04-25 20:00:00,0.0,0.28925002246350046,0.6640250864669084,-622922.140888766
2025-04-25 21:00:00,0.0,0.2344119792983352,0.6641093471041614,-607049.0838102994
2025-04-25 22:00:00,0.0,0.2236638968688631,0.6641935181691416,-691402.0021712185
2025-04-25 23:00:00,0.0,0.20724865553343474,0.6642775996185469,-651818.2177716192
2025-04-26 00:00:00,0.0,0.2203190080100439,0.6643615914091205,-649220.2126000172
2025-04-26 01:00:00,0.0,0.2522201388677951,0.6644454934976521,-686617.4300620005
2025-04-26 02:00:00,0.0,0.22767853447217723,0.6645293058409774,-684048.5594951498
2025-04-26 03:00:00,0.0,0.24818855417371588,0.664613028395978,-639132.6345094597
2025-04-26 04:00:00,0.0,0.22484148843321053,0.6646966611195824,-639657.4532839286
2025-04-26 05:00:00,0.0,0.26548421140898193,0.6647802039687649,-660029.7954781994
2025-04-26 06:00:00,0.0,0.27547790795623545,0.6648636569005458,-595935.4860815837
2025-04-26 07:00:00,0.18247151363566913,0.23274929369801015,0.6649470198719922,-587054.8906608262
2025-04-26 08:00:00,0.35250789516550135,0.2598278825349878,0.665030292840217,-575484.1543792862
2025-04-26 09:00:00,0.4985214461866453,0.19518369804420097,0.6651134757623796,-613446.0146321716
2025-04-26 10:00:00,0.6105615844958119,0.2903843246393968,0.6651965685956859,-523448.9254182414
2025-04-26 11:00:00,0.6809929598223144,0.21384736803358378,0.6652795712973877,-598532.8594525023
2025-04-26 12:00:00,0.7050157903310028,0.304276136824203,0.6653624838247838,-546440.6810646364
2025-04-26 13:00:00,0.6809929598223144,0.2919232016566236,0.6654453061352187,-556528.5936719357
2025-04-26 14:00:00,0.6105615844958119,0.21083873037793543,0.6655280381860837,-596979.9050034309
2025-04-26 15:00:00,0.49852144618664535,0.23537019239689633,0.6656106799348167,-544840.2805251857
2025-04-26 16:00:00,0.35250789516550135,0.250974030739,0.6656932313389017,-566413.2476788682
2025-04-26 17:00:00,0.18247151363566932,0.27461656176628757,0.6657756923558692,-626227.6237645609
2025-04-26 18:00:00,8.633953309772041e-17,0.2006162785414782,0.6658580629432966,-624781.9663935918
2025-04-26 19:00:00,0.0,0.28416915200619053,0.6659403430588072,-620461.9781667005
2025-04-26 20:00:00,0.0,0.2133173256912743,0.6660225326600713,-632230.4086128752
2025-04-26 21:00:00,0.0,0.2834859349081907,0.6661046317048058,-631398.920254192
2025-04-26 22:00:00,0.0,0.20143098092726155,0.6661866401507739,-609671.030989385
2025-04-26 23:00:00,0.0,0.26012494798233615,0.6662685579557855,-642065.2170821159
2025-04-27 00:00:00,0.0,0.25703050063777,0.6663503850776974,-674050.4047894229
2025-04-27 01:00:00,0.0,0.2751430335875852,0.6664321214744127,-663039.6860646213
2025-04-27 02:00:00,0.0,0.2802481565853142,0.6665137671038811,-686603.5779709854
2025-04-27 03:00:00,0.0,0.22725511319369127,0.6665953219240994,-660157.9450053902
2025-04-27 04:00:00,0.0,0.26405465465236244,0.666676785893111,-620798.6426157336
2025-04-27 05:00:00,0.0,0.28172115834101125,0.6667581589690058,-622777.4278869964
2025-04-27 06:00:00,0.0,0.22172551183862113,0.6668394411099208,-657736.8117429487
2025-04-27 07:00:00,0.1841135477729024,0.24234417369198727,0.6669206322740393,-592942.4136197156
2025-04-27 08:00:00,0.3556800615271052,0.24191820160200916,0.667001732419592,-598441.2355374709
2025-04-27 09:00:00,0.5030075668773291,0.20842865737108524,0.6670827415048559,-575446.875930213
2025-04-27 10:00:00,0.6160559378041706,0.24033027117595532,0.6671636594881553,-584403.8539244006
2025-04-27 11:00:00,0.6871211146502315,0.22442516776480403,0.6672444863278609,-490844.3578433996
2025-04-27 12:00:00,0.7113601230542105,0.2732934126507016,0.6673252219823907,-536802.2875266753
2025-04-27 13:00:00,0.6871211146502315,0.27752150859796126,0.6674058664102095,-535146.1115379013
2025-04-27 14:00:00,0.6160559378041706,0.2694577322581282,0.6674864195698288,-585060.1998957389
2025-04-27 15:00:00,0.5030075668773292,0.24258160758339775,0.6675668814198072,-580884.1209263076
2025-04-27 16:00:00,0.3556800615271052,0.2867178270660276,0.6676472519187506,-599523.6812903302
2025-04-27 17:00:00,0.1841135477729026,0.22525793850641984,0.6677275310253115,-627351.2038142922
2025-04-27 18:00:00,8.711648977394061e-17,0.261314392537916,0.6678077186981892,-552001.7941171303
2025-04-27 19:00:00,0.0,0.2474182062838123,0.6678878148961308,-631989.9194614238
2025-04-27 20:00:00,0.0,0.19071282829669223,0.6679678195779298,-605835.0816556175
2025-04-27 21:00:00,0.0,0.23666175615682317,0.668047732702427,-680868.6075833611
2025-04-27 22:00:00,0.0,0.28399180155571707,0.6681275542285103,-649617.8259237715
2025-04-27 23:00:00,0.0,0.19665215363435629,0.6682072841151149,-647319.984448176
2025-04-28 00:00:00,0.0,0.2255320005738861,0.6682869223212228,-632078.1002805782
2025-04-28 01:00:00,0.0,0.2001650868801732,0.6683664688058633,-671128.3349337957
2025-04-28 02:00:00,0.0,0.2520061852440491,0.668445923528113,-662204.6333390399
2025-04-28 03:00:00,0.0,0.2634954657692613,0.6685252864470955,-631743.2905794643
2025-04-28 04:00:00,0.0,0.21179159497807698,0.6686045575219821,-637946.2167397606
2025-04-28 05:00:00,0.0,0.2240148017749232,0.6686837367119908,-661122.6959346863
2025-04-28 06:00:00,0.0,0.2845600159283243,0.6687628239763871,-596243.2863576328
2025-04-28 07:00:00,0.18573553724341108,0.27521728884039587,0.6688418192744836,-624820.3457923471
2025-04-28 08:00:00,0.35881350456617167,0.225160423837801,0.6689207225656407,-593726.9495361804
2025-04-28 09:00:00,0.5074389245201005,0.23820097390574113,0.6689995338092657,-561595.769940531
2025-04-28 10:00:00,0.6214832203504568,0.258261739352386,0.6690782529648134,-611310.7076372042
2025-04-28 11:00:00,0.6931744617635116,0.2710202460263477,0.6691568799917857,-574693.1584336412
2025-04-28 12:00:00,0.7176270091323435,0.29783946655406734,0.6692354148497326,-547576.5336362424
2025-04-28 13:00:00,0.6931744617635116,0.2501884176814783,0.6693138574982507,-565777.5194629524
2025-04-28 14:00:00,0.6214832203504568,0.23665813126736307,0.6693922078969845,-554125.1151379762
2025-04-28 15:00:00,0.5074389245201005,0.2044985388657431,0.669470466005626,-580647.9974222872
2025-04-28 16:00:00,0.35881350456617167,0.3030991513410526,0.6695486317839143,-533038.6051023833
2025-04-28 17:00:00,0.18573553724341127,0.19376537363023108,0.6696267051916366,-567258.5601350204
2025-04-28 18:00:00,8.788396197156128e-17,0.20672586102249244,0.6697046861886268,-577400.2215728792
2025-04-28 19:00:00,0.0,0.21939086629804105,0.6697825747347672,-552733.9038313738
2025-04-28 20:00:00,0.0,0.29549003994950324,0.6698603707899872,-611127.2810092069
2025-04-28 21:00:00,0.0,0.20050266945449147,0.6699380743142637,-622911.7641505122
2025-04-28 22:00:00,0.0,0.26288514596373586,0.6700156852676215,-618428.1309005531
2025-04-28 23:00:00,0.0,0.26650933840097546,0.6700932036101326,-643673.400110396
2025-04-29 00:00:00,0.0,0.27522217623328454,0.6701706293019172,-690751.5555460788
2025-04-29 01:00:00,0.0,0.20180137474687487,0.670247962303143,-668859.2759150872
2025-04-29 02:00:00,0.0,0.2001638695629478,0.670325202574025,-621764.5307941119
2025-04-29 03:00:00,0.0,0.2249904177381823,0.6704023500748262,-664778.1847764014
2025-04-29 04:00:00,0.0,0.22018999999102992,0.6704794047658574,-658269.684955097
2025-04-29 05:00:00,0.0,0.23995860450506912,0.6705563666074771,-606619.6124347888
2025-04-29 06:00:00,0.0,0.25065851435227166,0.6706332355600914,-603562.0746758351
2025-04-29 07:00:00,0.18733700141670973,0.2011322615480775,0.6707100115841543,-574056.802046333
2025-04-29 08:00:00,0.36190729577590336,0.2726672286305425,0.6707866946401678,-608271.0567024222
2025-04-29 09:00:00,0.5118142060080537,0.25291251953392213,0.6708632846886815,-610718.7500536673
2025-04-29 10:00:00,0.626841823913722,0.2912645900799743,0.6709397816902927,-548109.4548672683
2025-04-29 11:00:00,0.6991512074247634,0.22355012228070126,0.6710161856056468,-574613.8446760502
2025-04-29 12:00:00,0.7238145915518068,0.3021615920034635,0.6710924963954373,-591811.3775146867
2025-04-29 13:00:00,0.6991512074247634,0.2624024174020825,0.6711687140204052,-600616.0945812258
2025-04-29 14:00:00,0.6268418239137221,0.26081812368115737,0.6712448384413394,-579112.1532972318
2025-04-29 15:00:00,0.5118142060080537,0.20815122490131618,0.6713208696190773,-551464.5110946312
2025-04-29 16:00:00,0.36190729577590336,0.279114415229449,0.6713968075145036,-592468.6327096302
2025-04-29 17:00:00,0.18733700141670992,0.27876661585227097,0.6714726520885516,-578918.7617395674
2025-04-29 18:00:00,8.86417222720069e-17,0.2244947561233906,0.6715484033022021,-611027.4909412682
2025-04-29 19:00:00,0.0,0.20973336309219912,0.671624061116484,-606223.3960090725
2025-04-29 20:00:00,0.0,0.20798667274503574,0.6716996254924748,-596910.415958684
2025-04-29 21:00:00,0.0,0.2489805661689476,0.6717750963912993,-636479.3504771191
2025-04-29 22:00:00,0.0,0.2427410555590025,0.671850473774131,-598226.1315590313
2025-04-29 23:00:00,0.0,0.19435461834889745,0.6719257576021911,-644074.8402176215
2025-04-30 00:00:00,0.0,0.1924420787473965,0.672000947836749,-647885.0126499141
2025-04-30 01:00:00,0.0,0.2088809106109419,0.6720760444391226,-630516.415438371
2025-04-30 02:00:00,0.0,0.2873666608171754,0.6721510473706777,-663877.2907676358
2025-04-30 03:00:00,0.0,0.24213775843222127,0.672225956592828,-649951.656460141
2025-04-30 04:00:00,0.0,0.24081618077199068,0.672300772067036,-653039.2768205623
2025-04-30 05:00:00,0.0,0.2311288121332265,0.6723754937548121,-639790.2217356208
2025-04-30 06:00:00,0.0,0.22553259445522775,0.6724501216177149,-601978.8267128526
2025-04-30 07:00:00,0.18891746574440133,0.25666281179074957,0.6725246556173513,-605763.4539694057
2025-04-30 08:00:00,0.3649605183991952,0.3011683557137943,0.6725990957153768,-593019.9351094424
2025-04-30 09:00:00,0.5161321148508573,0.21720374307237675,0.6726734418734946,-605380.2101026787
2025-04-30 10:00:00,0.6321301606240822,0.2615041943364489,0.6727476940534568,-576017.221433544
2025-04-30 11:00:00,0.7050495805952587,0.1941247676661243,0.6728218522170638,-565750.5587924232
2025-04-30 12:00:00,0.7299210367983905,0.22650317640928758,0.672895916326164,-537475.3960721308
2025-04-30 13:00:00,0.7050495805952587,0.2399407226400313,0.6729698863426543,-599177.4213704214
2025-04-30 14:00:00,0.6321301606240822,0.2109912029175766,0.6730437622284803,-546391.3292786183
2025-04-30 15:00:00,0.5161321148508574,0.24669642532575345,0.6731175439456356,-538962.838022415
2025-04-30 16:00:00,0.3649605183991952,0.28413693352489255,0.6731912314561627,-545754.4224227938
2025-04-30 17:00:00,0.18891746574440152,0.19528789206447314,0.6732648247221522,-569340.5672223589
2025-04-30 18:00:00,8.938954613454662e-17,0.2111870409523319,0.6733383237057433,-581533.0682185212
2025-04-30 19:00:00,0.0,0.21021695684062314,0.6734117283691238,-580980.7903161416
2025-04-30 20:00:00,0.0,0.26809777695616865,0.6734850386745299,-642860.9409567073
2025-04-30 21:00:00,0.0,0.1925941422339969,0.6735582545842463,-631750.525771576
2025-04-30 22:00:00,0.0,0.24038260532856356,0.6736313760606065,-616504.0366584151
2025-04-30 23:00:00,0.0,0.28555977211918676,0.6737044030659924,-654634.7994913921
2025-05-01 00:00:00,0.0,0.22049462047109927,0.6737773355628346,-692748.4972624352
2025-05-01 01:00:00,0.0,0.21335618942585857,0.6738501735136121,-612914.3513970603
2025-05-01 02:00:00,0.0,0.2655741121089265,0.6739229168808528,-679783.2709049103
2025-05-01 03:00:00,0.0,0.29522022351642935,0.6739955656271331,-660285.1778238171
2025-05-01 04:00:00,0.0,0.2716520021858854,0.6740681197150783,-599554.4431157208
2025-05-01 05:00:00,0.0,0.29067080301592546,0.6741405791073619,-630543.9270458815
2025-05-01 06:00:00,0.0,0.20947781264512227,0.6742129437667068,-636051.5211015482
2025-05-01 07:00:00,0.19047646190079637,0.2978827187493036,0.6742852136558841,-613754.4744151098
2025-05-01 08:00:00,0.3679722677002899,0.22351129696954464,0.6743573887377139,-571356.1343234505
2025-05-01 09:00:00,0.5203913715589331,0.2110980278000894,0.6744294689750648,-589409.7604644024
2025-05-01 10:00:00,0.6373466634332383,0.23274421493069097,0.6745014543308548,-543846.781041899
2025-05-01 11:00:00,0.7108678334597296,0.21093659013144556,0.6745733447680502,-565565.2745431695
2025-05-01 12:00:00,0.7359445354005799,0.2056089844553402,0.674645140249666,-537178.7879720858
2025-05-01 13:00:00,0.7108678334597296,0.25849559813879985,0.6747168407387667,-541103.4777934096
2025-05-01 14:00:00,0.6373466634332383,0.27786816101204126,0.6747884461984648,-539407.6940883957
2025-05-01 15:00:00,0.5203913715589332,0.1956590196733976,0.6748599565919225,-548685.4511680312
2025-05-01 16:00:00,0.3679722677002899,0.22106556176385014,0.6749313718823506,-551557.3951364128
2025-05-01 17:00:00,0.19047646190079656,0.27125307780592744,0.6750026920330088,-573934.6292916687
2025-05-01 18:00:00,9.012721196283062e-17,0.26660846415137657,0.6750739170072055,-584799.4920204647
2025-05-01 19:00:00,0.0,0.2319089542117596,0.6751450467682983,-614379.2567702977
2025-05-01 20:00:00,0.0,0.2629538302697455,0.6752160812796942,-619492.5628098501
2025-05-01 21:00:00,0.0,0.24258698470067916,0.6752870205048485,-620094.7954458056
2025-05-01 22:00:00,0.0,0.2301153839621231,0.6753578644072658,-642992.7105453778
2025-05-01 23:00:00,0.0,0.26676145526488515,0.6754286129504998,-620921.3270740787
2025-05-02 00:00:00,0.0,0.20602293648129227,0.6754992660981533,-658168.9083170906
2025-05-02 01:00:00,0.0,0.18723926320064263,0.6755698238138779,-657402.3859402082
2025-05-02 02:00:00,0.0,0.1882187217946409,0.6756402860613746,-642424.8927656976
2025-05-02 03:00:00,0.0,0.24027223229854575,0.6757106528043936,-656521.0240717774
2025-05-02 04:00:00,0.0,0.2925558564632481,0.6757809240067335,-626770.7913675774
2025-05-02 05:00:00,0.0,0.2675097226559175,0.6758510996322431,-627173.3175098675
2025-05-02 06:00:00,0.0,0.2745176703711223,0.6759211796448197,-615317.6881264716
2025-05-02 07:00:00,0.19201352792168785,0.28259184846506286,0.6759911640084101,-592814.4565992021
2025-05-02 08:00:00,0.3709416512328708,0.19237371830313293,0.6760610526870098,-597464.6850477345
2025-05-02 09:00:00,0.5245907140225964,0.25233913819516185,0.6761308456446639,-568029.9544937316
2025-05-02 10:00:00,0.6424897865788267,0.1961785926414136,0.676200542845467,-594551.4135861127
2025-05-02 11:00:00,0.7166042419442843,0.2909237099565018,0.6762701442535627,-600373.3992490908
2025-05-02 12:00:00,0.7418833024657416,0.25083204957551675,0.6763396498331437,-549240.7162395284
2025-05-02 13:00:00,0.7166042419442843,0.19900867526588273,0.6764090595484521,-565364.8815475345
2025-05-02 14:00:00,0.6424897865788268,0.2814589113088335,0.6764783733637795,-589440.2114554656
2025-05-02 15:00:00,0.5245907140225965,0.19215491117224154,0.6765475912434668,-564956.0712317083
2025-05-02 16:00:00,0.3709416512328708,0.27476880531728765,0.676616713151904,-574424.9697313725
2025-05-02 17:00:00,0.19201352792168805,0.25984543975780655,0.6766857390535308,-592271.303344396
2025-05-02 18:00:00,9.085450117055382e-17,0.2823883010828469,0.6767546689128361,-585848.1151048654
2025-05-02 19:00:00,0.0,0.26639108487874286,0.6768235026943582,-590161.0651826103
2025-05-02 20:00:00,0.0,0.29649109073381824,0.676892240362685,-582330.4233461999
2025-05-02 21:00:00,0.0,0.1910299073304876,0.6769608818824536,-654544.6258236679
2025-05-02 22:00:00,0.0,0.2753980476655739,0.6770294272183508,-684917.8516424655
2025-05-02 23:00:00,0.0,0.2754242926207203,0.6770978763351126,-673171.0649929375
2025-05-03 00:00:00,0.0,0.22217250075676673,0.6771662291975249,-613961.7121901704
2025-05-03 01:00:00,0.0,0.20846218808884143,0.6772344857704228,-666192.799929679
2025-05-03 02:00:00,0.0,0.2211904726762442,0.677302646018691,-650967.7965833029
2025-05-03 03:00:00,0.0,0.22052840256880432,0.6773707099072638,-607703.0322373532
2025-05-03 04:00:00,0.0,0.27801434649936463,0.677438677401125,-621725.1733288246
2025-05-03 05:00:00,0.0,0.26585969816216815,0.6775065484653081,-596920.3828809712
2025-05-03 06:00:00,0.0,0.21531598710724406,0.6775743230648963,-600954.9769839885
2025-05-03 07:00:00,0.19352820834124115,0.21077377575907771,0.6776420011650222,-610691.8069288724
2025-05-03 08:00:00,0.37386778910451257,0.20938904801263317,0.677709582730868,-603195.5469638256
2025-05-03 09:00:00,0.5287288978860458,0.25727528880907957,0.6777770677276659,-576835.8157523084
2025-05-03 10:00:00,0.6475580060424617,0.29225414703715696,0.6778444561206973,-568061.8379637351
2025-05-03 11:00:00,0.722257106227287,0.22836103188979032,0.677911747875294,-548584.9439793762
2025-05-03 12:00:00,0.7477355782090253,0.21933627492239036,0.6779789429568367,-616352.4618498211
2025-05-03 13:00:00,0.722257106227287,0.27715108074002015,0.6780460413307564,-559884.7094312534
2025-05-03 14:00:00,0.6475580060424618,0.2968439794972413,0.6781130429625336,-517331.39622787497
2025-05-03 15:00:00,0.5287288978860459,0.22256052780608196,0.6781799478176987,-586006.860883366
2025-05-03 16:00:00,0.37386778910451257,0.22852664714841855,0.6782467558618319,-581170.0403673783
2025-05-03 17:00:00,0.19352820834124135,0.1950732744499546,0.6783134670605632,-614726.9418754776
2025-05-03 18:00:00,9.157119824622781e-17,0.2817021048172312,0.6783800813795721,-630839.9297043881
2025-05-03 19:00:00,0.0,0.22207472391351546,0.6784465987845882,-597218.3427479133
2025-05-03 20:00:00,0.0,0.22737060677136897,0.6785130192413914,-631508.8346378958
2025-05-03 21:00:00,0.0,0.22997762145600117,0.6785793427158107,-619483.2163275643
2025-05-03 22:00:00,0.0,0.2438143335509283,0.6786455691737253,-648723.5078794784
2025-05-03 23:00:00,0.0,0.29367801479390526,0.6787116985810645,-665827.7948227153
2025-05-04 00:00:00,0.0,0.27351502322890003,0.6787777309038072,-626471.498782301
2025-05-04 01:00:00,0.0,0.2496302124773665,0.6788436661079826,-647346.9873246122
2025-05-04 02:00:00,0.0,0.19856487889290866,0.6789095041596697,-647295.7593933358
2025-05-04 03:00:00,0.0,0.26705171394831256,0.6789752450249973,-671606.6164371748
2025-05-04 04:00:00,0.0,0.19371111254594686,0.6790408886701443,-667410.2933578906
2025-05-04 05:00:00,0.0,0.27605445971976966,0.67910643506134,-656521.1739154324
2025-05-04 06:00:00,0.0,0.19326952376311937,0.6791718841648632,-584939.2859820818
2025-05-04 07:00:00,0.1950200543269585,0.2649655314964376,0.679237235947043,-601514.753624551
2025-05-04 08:00:00,0.37674981423741266,0.2151007442270954,0.6793024903742585,-601716.2734662578
2025-05-04 09:00:00,0.5328046969160932,0.19662045277217935,0.679367647412939,-553857.099166856
2025-05-04 10:00:00,0.6525498200013351,0.19681632874957766,0.6794327070295636,-543707.5631483347
2025-05-04 11:00:00,0.7278247512430518,0.28035814068415593,0.679497669190662,-553540.4020885205
2025-05-04 12:00:00,0.7534996284748254,0.2693866519973087,0.6795625338628137,-569405.1692179661
2025-05-04 13:00:00,0.7278247512430518,0.19277000640003392,0.6796273010126483,-565792.7362021332
2025-05-04 14:00:00,0.6525498200013352,0.20497046374417063,0.6796919706068459,-569493.3681723151
2025-05-04 15:00:00,0.5328046969160933,0.23783133232674156,0.6797565426121365,-571307.4405682833
2025-05-04 16:00:00,0.37674981423741266,0.213639572423394,0.6798210169953003,-621057.9813564671
2025-05-04 17:00:00,0.19502005432695868,0.22670518526378616,0.6798853937231679,-623884.007582653
2025-05-04 18:00:00,9.227709081704148e-17,0.26200599500824007,0.6799496727626201,-568423.4144536771
2025-05-04 19:00:00,0.0,0.2484915911740962,0.6800138540805878,-601493.8753069682
2025-05-04 20:00:00,0.0,0.25263764821564005,0.6800779376440524,-629127.5175052505
2025-05-04 21:00:00,0.0,0.2812788655644995,0.6801419234200454,-651829.4814504222
2025-05-04 22:00:00,0.0,0.2486420828333996,0.6802058113756488,-644336.0378905251
2025-05-04 23:00:00,0.0,0.2579614633086313,0.6802696014779948,-636112.1924424574
2025-05-05 00:00:00,0.0,0.18783192913820024,0.6803332936942657,-646593.8358972896
2025-05-05 01:00:00,0.0,0.20257650133095867,0.6803968879916947,-651180.8164108201
2025-05-05 02:00:00,0.0,0.27058839400530416,0.680460384337565,-725718.7149763326
2025-05-05 03:00:00,0.0,0.22116225409669724,0.6805237826992101,-691992.9996720596
2025-05-05 04:00:00,0.0,0.23734563518373542,0.6805870830440144,-672430.9462277142
2025-05-05 05:00:00,0.0,0.24582130853678896,0.6806502853394122,-600646.5205127472
2025-05-05 06:00:00,0.0,0.26206219774654127,0.6807133895528885,-640518.7093037749
2025-05-05 07:00:00,0.19648862381267762,0.23836276352884234,0.6807763956519788,-631343.5999926165
2025-05-05 08:00:00,0.37958687262532503,0.19459201897106077,0.6808393036042688,-572317.4784914611
2025-05-05 09:00:00,0.5368169033655232,0.2758883605292022,0.6809021133773951,-592136.5610409068
2025-05-05 10:00:00,0.6574637492732389,0.18996094442004963,0.6809648249390444,-568381.0049215053
2025-05-05 11:00:00,0.7333055271782009,0.195831206518878,0.6810274382569543,-585110.3219728095
2025-05-05 12:00:00,0.7591737452506502,0.19126862674917394,0.6810899532989126,-533815.2481548748
2025-05-05 13:00:00,0.7333055271782009,0.2200560982443543,0.681152370032758,-581699.0629152184
2025-05-05 14:00:00,0.6574637492732389,0.2249475346562116,0.6812146884263793,-553183.6115338779
2025-05-05 15:00:00,0.5368169033655233,0.26910594145626016,0.6812769084477165,-543103.2330943816
2025-05-05 16:00:00,0.37958687262532503,0.23464955417496586,0.6813390300647598,-545894.3737357751
2025-05-05 17:00:00,0.19648862381267784,0.25098320198015384,0.6814010532455501,-578457.6196123386
2025-05-05 18:00:00,9.297196971179169e-17,0.1991150000355295,0.6814629779581789,-587089.8266288497
2025-05-05 19:00:00,0.0,0.2886023450867984,0.6815248041707884,-587000.8486600766
2025-05-05 20:00:00,0.0,0.2118082352035584,0.6815865318515717,-616734.6429962226
2025-05-05 21:00:00,0.0,0.2820205958476283,0.6816481609687721,-662423.1393072079
2025-05-05 22:00:00,0.0,0.22744140592392115,0.6817096914906842,-600642.887869875
2025-05-05 23:00:00,0.0,0.24356531561154898,0.6817711233856527,-622002.1903115546
2025-05-06 00:00:00,0.0,0.21082858281374298,0.6818324566220736,-631817.1831169246
2025-05-06 01:00:00,0.0,0.2863632430152855,0.6818936911683934,-677886.4823943585
2025-05-06 02:00:00,0.0,0.25554755597353307,0.6819548269931092,-715679.6925755193
2025-05-06 03:00:00,0.0,0.20694751259643956,0.6820158640647692,-645524.0383567975
2025-05-06 04:00:00,0.0,0.2659617746712959,0.6820768023519722,-650611.8604386299
2025-05-06 05:00:00,0.0,0.23833726287118073,0.6821376418233681,-651168.7024908835
2025-05-06 06:00:00,0.0,0.18656584735765003,0.6821983824476572,-664384.5261664612
2025-05-06 07:00:00,0.1979334816295656,0.1855198573309606,0.682259024193591,-548649.3591423364
2025-05-06 08:00:00,0.38237812358662054,0.2076988953328366,0.6823195670299718,-571153.1578423466
2025-05-06 09:00:00,0.5407643283309742,0.2631131901855734,0.6823800109256525,-555570.6512871869
2025-05-06 10:00:00,0.6622983377548781,0.24187117909236966,0.6824403558495373,-602809.4309838216
2025-05-06 11:00:00,0.73869780996054,0.2908647550343513,0.6825006017705812,-539622.884201973
2025-05-06 12:00:00,0.7647562471732412,0.24577894386953525,0.6825607486577902,-563843.1139394029
2025-05-06 13:00:00,0.73869780996054,0.23034667089337135,0.6826207964802209,-530799.644572438
2025-05-06 14:00:00,0.6622983377548782,0.28159403559488044,0.6826807452069811,-557264.6170781101
2025-05-06 15:00:00,0.5407643283309743,0.24444363280366224,0.6827405948072298,-559656.4744404353
2025-05-06 16:00:00,0.38237812358662054,0.23120465527973463,0.6828003452501767,-535874.3449001565
2025-05-06 17:00:00,0.1979334816295658,0.21076516443771035,0.6828599965050826,-594147.3501227943
2025-05-06 18:00:00,9.365562902286519e-17,0.27196319601691504,0.6829195485412591,-605735.1549496636
2025-05-06 19:00:00,0.0,0.2513073889662288,0.6829790013280694,-607750.0732187527
2025-05-06 20:00:00,0.0,0.23939384931153276,0.6830383548349273,-652676.6749635539
2025-05-06 21:00:00,0.0,0.25094858815388404,0.6830976090312977,-620094.8820784759
2025-05-06 22:00:00,0.0,0.27922064807445407,0.6831567638866969,-659093.4984156033
2025-05-06 23:00:00,0.0,0.23916948777651698,0.6832158193706918,-644976.4729520907
2025-05-07 00:00:00,0.0,0.19111348274529705,0.6832747754529009,-666578.6738515244
2025-05-07 01:00:00,0.0,0.24375873547448254,0.6833336321029939,-701999.9681051347
2025-05-07 02:00:00,0.0,0.18983071268465634,0.6833923892906909,-629610.7005628461
2025-05-07 03:00:00,0.0,0.1839551541684611,0.6834510469857642,-639017.6747222517
2025-05-07 04:00:00,0.0,0.18323233056387603,0.6835096051580365,-622903.6973793295
2025-05-07 05:00:00,0.0,0.19135324128304668,0.6835680637773818,-596186.6359769254
2025-05-07 06:00:00,0.0,0.28112661419409357,0.6836264228137259,-626673.9829102546
2025-05-07 07:00:00,0.19935419963506873,0.2517160680184431,0.6836846822370451,-607796.3808304603
2025-05-07 08:00:00,0.38512274001339925,0.28352444505227675,0.6837428420173673,-596361.326470407
2025-05-07 09:00:00,0.5446458021052367,0.21877702035974608,0.6838009021247718,-586195.8641319614
2025-05-07 10:00:00,0.667052152853347,0.255180547193852,0.683858862529389,-564793.4437630109
2025-05-07 11:00:00,0.7440000017403056,0.21301891542014612,0.6839167232014004,-561711.9147194412
2025-05-07 12:00:00,0.7702454800267986,0.26522036639078317,0.6839744841110391,-549152.1523271742
2025-05-07 13:00:00,0.7440000017403056,0.19609773853337928,0.6840321452285895,-544386.9732983973
2025-05-07 14:00:00,0.6670521528533471,0.2863390755112215,0.684089706524387,-602551.0958603557
2025-05-07 15:00:00,0.5446458021052368,0.2194907331920518,0.684147167968819,-582553.3482837671
2025-05-07 16:00:00,0.38512274001339925,0.19206294617824618,0.6842045295323238,-561448.0619027951
2025-05-07 17:00:00,0.19935419963506892,0.21677634473037513,0.684261791185391,-558770.8264288604
2025-05-07 18:00:00,9.432786616725356e-17,0.18446391987873745,0.6843189528985618,-599646.0240692036
2025-05-07 19:00:00,0.0,0.1936502858788192,0.6843760146424289,-610077.514105864
2025-05-07 20:00:00,0.0,0.21597182759385355,0.6844329763876363,-602438.6054706996
2025-05-07 21:00:00,0.0,0.22389717077600052,0.6844898381048796,-641396.2187200745
2025-05-07 22:00:00,0.0,0.2408095693538233,0.6845465997649055,-642390.8913045916
2025-05-07 23:00:00,0.0,0.2499653705268139,0.6846032613385123,-648060.8089459621
2025-05-08 00:00:00,0.0,0.21033784164468786,0.6846598227965504,-650827.4182944831
2025-05-08 01:00:00,0.0,0.19403787666786285,0.6847162841099207,-662949.6774146827
2025-05-08 02:00:00,0.0,0.256289041085159,0.6847726452495764,-626381.6422341974
2025-05-08 03:00:00,0.0,0.26851088201548345,0.6848289061865217,-699957.339244466
2025-05-08 04:00:00,0.0,0.24283331165158467,0.6848850668918128,-646672.2868067462
2025-05-08 05:00:00,0.0,0.18332330485783419,0.6849411273365573,-655492.1625478041
2025-05-08 06:00:00,0.0,0.2672424997972672,0.6849970874919142,-619935.8509860693
2025-05-08 07:00:00,0.20075035683978035,0.28168232692137296,0.6850529473290946,-579160.1445295862
2025-05-08 08:00:00,0.3878199086165802,0.28101476015360355,0.6851087068193603,-617059.4804128711
2025-05-08 09:00:00,0.5484601745238621,0.25676928750899347,0.6851643659340256,-592080.235142418
2025-05-08 10:00:00,0.6717237859106361,0.2550611482459583,0.6852199246444562,-592811.6577093265
2025-05-08 11:00:00,0.7492105313636426,0.21554707857619784,0.6852753829220694,-526801.2620083845
2025-05-08 12:00:00,0.7756398172331606,0.2652108296130033,0.6853307407383337,-562625.6563288728
2025-05-08 13:00:00,0.7492105313636426,0.24264618160355622,0.6853859980647701,-604132.3785006079
2025-05-08 14:00:00,0.6717237859106361,0.22759635573157766,0.6854411548729508,-545754.5897695626
2025-05-08 15:00:00,0.5484601745238622,0.2294959253451283,0.6854962111345,-564918.3544523739
2025-05-08 16:00:00,0.3878199086165802,0.26665047175633194,0.6855511668210934,-535738.4197835794
2025-05-08 17:00:00,0.20075035683978057,0.2351159327903962,0.6856060219044583,-561283.0567955343
2025-05-08 18:00:00,9.498848194658281e-17,0.24733741670654968,0.6856607763563741,-595817.0758362535
2025-05-08 19:00:00,0.0,0.23939965088556825,0.685715430148672,-642437.2511439389
2025-05-08 20:00:00,0.0,0.25134059028431444,0.6857699832532345,-626677.5647784056
2025-05-08 21:00:00,0.0,0.19195785995818418,0.6858244356419966,-646904.7315276596
2025-05-08 22:00:00,0.0,0.25024368247386297,0.6858787872869442,-644009.6809386773
2025-05-08 23:00:00,0.0,0.18235250038118894,0.6859330381601161,-607431.5690605129
2025-05-09 00:00:00,0.0,0.23621812455125923,0.685987188233602,-624878.8466980754
2025-05-09 01:00:00,0.0,0.1851329448175206,0.6860412374795443,-648406.3661307576
2025-05-09 02:00:00,0.0,0.1947841529639217,0.6860951858701363,-668487.7513074523
2025-05-09 03:00:00,0.0,0.24097693471665915,0.6861490333776241,-610151.8818642533
2025-05-09 04:00:00,0.0,0.19126876385125774,0.686202779974305,-687660.3684425524
2025-05-09 05:00:00,0.0,0.18396465145986848,0.686256425632529,-652793.7073939799
2025-05-09 06:00:00,0.0,0.28142209388005307,0.6863099703246971,-589907.1085532852
2025-05-09 07:00:00,0.2021215395321891,0.22643014753126334,0.686363414023263,-578109.4411630529
2025-05-09 08:00:00,0.39046883016689665,0.2559029686098794,0.686416756700732,-651072.2896815968
2025-05-09 09:00:00,0.5522063153059821,0.26247797417029134,0.6864699983296613,-568816.3589884194
2025-05-09 10:00:00,0.6763118526210482,0.25027867101308915,0.6865231388826603,-539513.442964213
2025-05-09 11:00:00,0.7543278548381712,0.2724974829214157,0.6865761783323905,-544754.1901631856
2025-05-09 12:00:00,0.7809376603337934,0.2614980215140534,0.6866291166515648,-565735.9308592961
2025-05-09 13:00:00,0.7543278548381712,0.28045112831412916,0.6866819538129489,-544021.8144850495
2025-05-09 14:00:00,0.6763118526210483,0.2680908832988173,0.6867346897893603,-537828.2833181951
2025-05-09 15:00:00,0.5522063153059821,0.2415977834970462,0.686787324553668,-605811.2895263867
2025-05-09 16:00:00,0.39046883016689665,0.18845045969417373,0.686839858078794,-549361.8045455639
2025-05-09 17:00:00,0.20212153953218934,0.22833897186573426,0.6868922903377117,-568627.4258263315
2025-05-09 18:00:00,9.56372806061403e-17,0.24699263119990456,0.6869446213034468,-636158.4006533982
2025-05-09 19:00:00,0.0,0.20860963967591234,0.686996850949077,-602246.880407724
2025-05-09 20:00:00,0.0,0.21675785910151577,0.6870489792477326,-620285.0101375483
2025-05-09 21:00:00,0.0,0.2026116813255773,0.6871010061725952,-626342.9098405425
2025-05-09 22:00:00,0.0,0.21525631968792178,0.6871529316968995,-644945.6776710859
2025-05-09 23:00:00,0.0,0.28304812191913703,0.6872047557939316,-639892.1471905669
2025-05-10 00:00:00,0.0,0.18236671485226,0.6872564784370302,-658607.0073116396
2025-05-10 01:00:00,0.0,0.20388252973249213,0.6873080995995859,-665276.356798409
2025-05-10 02:00:00,0.0,0.21280304197356778,0.6873596192550422,-657302.3235790903
2025-05-10 03:00:00,0.0,0.20614317180144154,0.6874110373768938,-635551.3946661165
2025-05-10 04:00:00,0.0,0.26906888135835677,0.6874623539386882,-653828.54299464
2025-05-10 05:00:00,0.0,0.2764248444671649,0.6875135689140252,-604533.4959103594
2025-05-10 06:00:00,0.0,0.2673211452672907,0.6875646822765566,-593287.5754564619
2025-05-10 07:00:00,0.2034673414012708,0.2327639639598599,0.6876156939999869,-596851.5466156295
2025-05-10 08:00:00,0.3930687197317249,0.18708653553043453,0.6876666040580725,-556766.3756543151
2025-05-10 09:00:00,0.5558831143892344,0.2365020136618858,0.687717412424622,-599714.0480507904
2025-05-10 10:00:00,0.6808149934413988,0.25054287357633537,0.6877681190734967,-567850.3453873051
2025-05-10 11:00:00,0.7593504557905053,0.18021563888074288,0.6878187239786103,-584560.8091617733
2025-05-10 12:00:00,0.7861374394634499,0.241292660489931,0.6878692271139282,-600449.7295053765
2025-05-10 13:00:00,0.7593504557905053,0.2613683721697488,0.6879196284534689,-535961.6507721948
2025-05-10 14:00:00,0.680814993441399,0.25699018699953147,0.6879699279713026,-563361.842495916
2025-05-10 15:00:00,0.5558831143892345,0.1928803938953621,0.6880201256415526,-578172.473463993
2025-05-10 16:00:00,0.3930687197317249,0.18270597764105767,0.6880702214383938,-598513.8107054414
2025-05-10 17:00:00,0.20346734140127104,0.21570125750215838,0.6881202153360544,-574385.5524195682
2025-05-10 18:00:00,9.6274069892881e-17,0.27203203085652033,0.688170107308814,-590849.6915356279
2025-05-10 19:00:00,0.0,0.263760367788724,0.6882198973310056,-600134.6848866553
2025-05-10 20:00:00,0.0,0.18560244422362848,0.6882695853770141,-608002.6308832712
2025-05-10 21:00:00,0.0,0.2364701280249086,0.688319171421277,-684322.0741893563
2025-05-10 22:00:00,0.0,0.2474609550064733,0.6883686554382842,-638959.488431669
2025-05-10 23:00:00,0.0,0.28265349168977955,0.6884180374025781,-638304.6044169327
2025-05-11 00:00:00,0.0,0.24936313868865942,0.688467317288754,-611227.0189671124
2025-05-11 01:00:00,0.0,0.18873040890827733,0.688516495071459,-667534.0693714167
2025-05-11 02:00:00,0.0,0.27591119572971673,0.6885655707253934,-650699.2496671269
2025-05-11 03:00:00,0.0,0.24328802089974047,0.6886145442253094,-643382.409407191
2025-05-11 04:00:00,0.0,0.26335404325131345,0.6886634155460125,-612697.2191899548
2025-05-11 05:00:00,0.0,0.2040464223432077,0.6887121846623601,-648254.459880418
2025-05-11 06:00:00,0.0,0.28225328389310633,0.6887608515492625,-628673.7529069526
2025-05-11 07:00:00,0.20478736365688677,0.24586403602791612,0.6888094161816826,-584457.3702762817
2025-05-11 08:00:00,0.3956188069076765,0.18199232859677716,0.6888578785346358,-607495.0195031769
2025-05-11 09:00:00,0.5594894822586989,0.21687847822872852,0.68890623858319,-641434.1553936172
2025-05-11 10:00:00,0.6852318739938769,0.27695473968118073,0.6889544963024661,-533814.3717189771
2025-05-11 11:00:00,0.7642768459155856,0.2298433557142277,0.6890026516676376,-535272.8859299459
2025-05-11 12:00:00,0.7912376138153531,0.2715704792026345,0.6890507046539301,-559015.6939820227
2025-05-11 13:00:00,0.7642768459155856,0.22607523169291183,0.6890986552366226,-593838.0150588132
2025-05-11 14:00:00,0.685231873993877,0.2611268745732054,0.6891465033910462,-556950.5346423744
2025-05-11 15:00:00,0.5594894822586989,0.19912585658462892,0.6891942490925851,-535768.8729550695
2025-05-11 16:00:00,0.3956188069076765,0.24315539301133882,0.6892418923166761,-533084.0017081716
2025-05-11 17:00:00,0.204787363656887,0.2396435937537405,0.6892894330388084,-571013.3750190058
2025-05-11 18:00:00,9.689866111239617e-17,0.2361940696512011,0.6893368712345245,-613137.7130024658
2025-05-11 19:00:00,0.0,0.23163532161698275,0.6893842068794193,-608366.3190523982
2025-05-11 20:00:00,0.0,0.2374560419938445,0.6894314399491404,-626058.2289043674
2025-05-11 21:00:00,0.0,0.2841132354191526,0.6894785704193882,-640317.3928447146
2025-05-11 22:00:00,0.0,0.22818955058447343,0.6895255982659162,-643888.970326126
2025-05-11 23:00:00,0.0,0.22671863497140002,0.6895725234645304,-656168.5822022511
2025-05-12 00:00:00,0.0,0.20117874717991105,0.6896193459910895,-682185.2914839137
2025-05-12 01:00:00,0.0,0.20144460133415798,0.6896660658215055,-672759.6730082023
2025-05-12 02:00:00,0.0,0.22392272851689918,0.6897126829317426,-639761.6692513963
2025-05-12 03:00:00,0.0,0.25899378359626396,0.6897591972978183,-709729.5574631799
2025-05-12 04:00:00,0.0,0.23687142968818056,0.6898056088958029,-628455.4863729266
2025-05-12 05:00:00,0.0,0.22453401622361135,0.6898519177018193,-641102.7862711736
2025-05-12 06:00:00,0.0,0.2519483330337571,0.6898981236920438,-634277.7885056869
2025-05-12 07:00:00,0.20608121514795427,0.19423943979830827,0.689944226842705,-620224.8642653503
2025-05-12 08:00:00,0.39811833604888597,0.278712398407139,0.6899902271300846,-575021.751864959
2025-05-12 09:00:00,0.5630243502697441,0.24439810904687206,0.6900361245305177,-573350.8712212371
2025-05-12 10:00:00,0.6895611854614507,0.22644851331737775,0.6900819190203914,-530196.671542012
2025-05-12 11:00:00,0.7691055654176984,0.22875697138792633,0.6901276105761468,-534016.8399544726
2025-05-12 12:00:00,0.796236672097772,0.17811224239866835,0.690173199174277,-554377.6704817761
2025-05-12 13:00:00,0.7691055654176984,0.2154850407676317,0.6902186847913288,-571058.5215151026
2025-05-12 14:00:00,0.6895611854614507,0.18537511782078314,0.6902640674039014,-554605.8374184405
2025-05-12 15:00:00,0.5630243502697442,0.27027941084192164,0.6903093469886475,-527983.1670736881
2025-05-12 16:00:00,0.39811833604888597,0.26200227311157337,0.6903545235222726,-538601.4596683995
2025-05-12 17:00:00,0.2060812151479545,0.2352660114980002,0.690399596981535,-575781.312853034
2025-05-12 18:00:00,9.751086918482771e-17,0.2563619734371596,0.6904445673432462,-612815.1510150128
2025-05-12 19:00:00,0.0,0.26714035554720045,0.6904894345842709,-613070.7869217009
2025-05-12 20:00:00,0.0,0.21153623621662132,0.6905341986815267,-621998.8182638217
2025-05-12 21:00:00,0.0,0.2663600389889369,0.6905788596119841,-644916.632196136
2025-05-12 22:00:00,0.0,0.2620693769113067,0.6906234173526671,-655148.913032784
2025-05-12 23:00:00,0.0,0.20811945342181218,0.6906678718806524,-633516.1152497575
2025-05-13 00:00:00,0.0,0.24453422774843472,0.6907122231730697,-639631.9615657164
2025-05-13 01:00:00,0.0,0.18711495259596414,0.6907564712071024,-675167.0510424082
2025-05-13 02:00:00,0.0,0.20936224011042795,0.6908006159599865,-694654.9546224535
2025-05-13 03:00:00,0.0,0.28187326598646917,0.6908446574090114,-621860.862652941
2025-05-13 04:00:00,0.0,0.2126766595219991,0.6908885955315193,-630317.3876804776
2025-05-13 05:00:00,0.0,0.2650779412256941,0.690932430304906,-639075.3228139842
2025-05-13 06:00:00,0.0,0.21958608645058697,0.6909761617066202,-635449.1415211243
2025-05-13 07:00:00,0.2073485124783529,0.24156844248943546,0.691019789714164,-609507.7602190345
2025-05-13 08:00:00,0.4005665664909244,0.19338754633599575,0.6910633143050923,-574864.1382271172
2025-05-13 09:00:00,0.5664866709646894,0.2648788864379638,0.6911067354570137,-589604.2022252464
2025-05-13 10:00:00,0.6938016449756981,0.19465931780047233,0.6911500531475895,-554490.0683600252
2025-05-13 11:00:00,0.7738351834430425,0.24581003307638616,0.6911932673545347,-599640.3699946917
2025-05-13 12:00:00,0.801133132981849,0.2408052796740896,0.6912363780556171,-559357.9057305355
2025-05-13 13:00:00,0.7738351834430425,0.27945557735663495,0.6912793852286582,-573729.0112774585
2025-05-13 14:00:00,0.6938016449756982,0.2741375957225433,0.6913222888515324,-555420.2401214209
2025-05-13 15:00:00,0.5664866709646895,0.20822546786806068,0.6913650889021674,-588457.6167314837
2025-05-13 16:00:00,0.4005665664909244,0.26482942987336705,0.6914077853585446,-534646.7135925107
2025-05-13 17:00:00,0.20734851247835312,0.27324465411184123,0.6914503781986983,-600127.5339196099
2025-05-13 18:00:00,9.811051269971121e-17,0.22261653552752725,0.691492867400716,-605005.100788416
2025-05-13 19:00:00,0.0,0.17713624019846483,0.6915352529427389,-607635.2648896694
2025-05-13 20:00:00,0.0,0.21942131926734204,0.6915775348029611,-640898.7187076451
2025-05-13 21:00:00,0.0,0.24105756043371046,0.6916197129596307,-627726.2122829913
2025-05-13 22:00:00,0.0,0.2512664630858103,0.6916617873910483,-610241.7378075224
2025-05-13 23:00:00,0.0,0.19768053191128288,0.6917037580755685,-659197.8164841146
2025-05-14 00:00:00,0.0,0.21993247667360238,0.6917456249915991,-631547.6045573296
2025-05-14 01:00:00,0.0,0.1774313397899902,0.6917873881176011,-633390.7418701003
2025-05-14 02:00:00,0.0,0.26802908663064734,0.6918290474320892,-661353.9529666466
2025-05-14 03:00:00,0.0,0.2451290171630341,0.6918706029136313,-659291.5236758774
2025-05-14 04:00:00,0.0,0.22471631953278864,0.6919120545408487,-650547.3479561729
2025-05-14 05:00:00,0.0,0.24750062890556634,0.6919534022924163,-602847.5315873966
2025-05-14 06:00:00,0.0,0.2592211562043136,0.6919946461470623,-652993.996205882
2025-05-14 07:00:00,0.20858888012053317,0.24408342620793913,0.6920357860835684,-559536.5303540133
2025-05-14 08:00:00,0.4029627727702748,0.24458368147558351,0.6920768220807697,-654854.2147921736
2025-05-14 09:00:00,0.5698754183831903,0.1813183952122572,0.692117754117555,-576567.8559474852
2025-05-14 10:00:00,0.6979519959969485,0.27391884204655154,0.6921585821728662,-583632.7812137696
2025-05-14 11:00:00,0.7784642985037237,0.19342450962689706,0.692199306225699,-607527.3244898947
2025-05-14 12:00:00,0.8059255455405497,0.27299346400857055,0.6922399262551026,-579719.3953497128
2025-05-14 13:00:00,0.7784642985037237,0.17914563797209718,0.6922804422401795,-565363.5424402086
2025-05-14 14:00:00,0.6979519959969486,0.1871588160387857,0.6923208541600857,-510047.67585398024
2025-05-14 15:00:00,0.5698754183831904,0.2708630169403644,0.6923611619940312,-549254.1778733684
2025-05-14 16:00:00,0.4029627727702748,0.2775331654971689,0.6924013657212791,-597333.1824570617
2025-05-14 17:00:00,0.2085888801205334,0.23161550400811884,0.6924414653211461,-575042.4076556425
2025-05-14 18:00:00,9.869741396973187e-17,0.18668699132473876,0.6924814607730028,-644662.3397656634
2025-05-14 19:00:00,0.0,0.2113105888795752,0.6925213520562729,-609575.2325218406
2025-05-14 20:00:00,0.0,0.19361997726186808,0.6925611391504342,-591310.9695677748
2025-05-14 21:00:00,0.0,0.24814684702954393,0.6926008220350175,-602232.3023686344
2025-05-14 22:00:00,0.0,0.2210333376430716,0.6926404006896077,-631640.0466477271
2025-05-14 23:00:00,0.0,0.2062879994596587,0.6926798750938434,-618673.7007720585
2025-05-15 00:00:00,0.0,0.24492865231474853,0.6927192452274162,-686144.3480837359
2025-05-15 01:00:00,0.0,0.18661470085636944,0.6927585110700721,-658683.5687538983
2025-05-15 02:00:00,0.0,0.20685277247371694,0.6927976726016102,-665463.1326987589
2025-05-15 03:00:00,0.0,0.24207240191470022,0.6928367298018835,-656563.5278241761
2025-05-15 04:00:00,0.0,0.23922632944030797,0.6928756826507987,-677928.1918717363
2025-05-15 05:00:00,0.0,0.26797577769872744,0.692914531128316,-672230.7385324851
2025-05-15 06:00:00,0.0,0.17701398117374534,0.6929532752144495,-643222.7684192117
2025-05-15 07:00:00,0.20980195052679335,0.2231981262076675,0.6929919148892669,-580789.8419375683
2025-05-15 08:00:00,0.40530624483930217,0.22042856561251073,0.6930304501328897,-612566.7268314353
2025-05-15 09:00:00,0.5731895883662514,0.24615021453560512,0.6930688809254929,-570739.3184222962
2025-05-15 10:00:00,0.7020110086866225,0.27078414432989495,0.6931072072473056,-552068.556308221
2025-05-15 11:00:00,0.7829915388930448,0.20637385033500355,0.6931454290786103,-535614.4383815052
2025-05-15 12:00:00,0.8106124896786044,0.20532708236079744,0.6931835463997436,-548319.5874835416
2025-05-15 13:00:00,0.7829915388930448,0.20747078662764787,0.6932215591910954,-562610.5397708563
2025-05-15 14:00:00,0.7020110086866226,0.21347453146671722,0.6932594674331097,-518603.44027573743
2025-05-15 15:00:00,0.5731895883662516,0.2726252092316276,0.6932972711062845,-582338.1001863622
2025-05-15 16:00:00,0.40530624483930217,0.24611663145539675,0.693334970191171,-586468.3935678212
2025-05-15 17:00:00,0.20980195052679357,0.2358677925615628,0.6933725646683746,-539153.0879461656
2025-05-15 18:00:00,9.927139908337697e-17,0.1761893534452206,0.6934100545185548,-595423.4923695595
2025-05-15 19:00:00,0.0,0.18906754030343859,0.693447439722424,-547248.4451870337
2025-05-15 20:00:00,0.0,0.21434224602334098,0.6934847202607493,-637035.1392418053
2025-05-15 21:00:00,0.0,0.19649470963738097,0.6935218961143516,-609735.30540711
2025-05-15 22:00:00,0.0,0.237846194895052,0.6935589672641049,-655437.9309964092
2025-05-15 23:00:00,0.0,0.23074772197995222,0.693595933690938,-633228.1262051098
2025-05-16 00:00:00,0.0,0.22069898193986567,0.6936327953758329,-703418.1525485981
2025-05-16 01:00:00,0.0,0.2004949672526002,0.693669552299826,-636183.5744587787
2025-05-16 02:00:00,0.0,0.1939934683085871,0.6937062044440071,-627679.1320376648
2025-05-16 03:00:00,0.0,0.2539012912112209,0.6937427517895203,-663870.7186767516
2025-05-16 04:00:00,0.0,0.2069960703860764,0.6937791943175633,-666037.7186767971
2025-05-16 05:00:00,0.0,0.24688132249258468,0.6938155320093881,-606181.1537060346
2025-05-16 06:00:00,0.0,0.22448164586757577,0.6938517648463002,-632011.7292954203
2025-05-16 07:00:00,0.21098736423819187,0.2226833339770498,0.6938878928096593,-616796.8609473399
2025-05-16 08:00:00,0.40759628827665617,0.17540840544013703,0.6939239158808792,-596034.2901226853
2025-05-16 09:00:00,0.5764281988537809,0.17805228078895058,0.6939598340414272,-572413.186815104
2025-05-16 10:00:00,0.7059774802716593,0.2034131450602774,0.6939956472728251,-578868.4538286765
2025-05-16 11:00:00,0.7874155630919729,0.1728227005087084,0.6940313555566483,-571307.9841310184
2025-05-16 12:00:00,0.8151925765533125,0.18122962345490123,0.6940669588745263,-568173.4827892691
2025-05-16 13:00:00,0.7874155630919729,0.2245280946427405,0.6941024572081426,-560054.3688348369
2025-05-16 14:00:00,0.7059774802716594,0.24939708049101045,0.6941378505392349,-584591.5638000341
2025-05-16 15:00:00,0.576428198853781,0.19684443730130455,0.6941731388495945,-603403.1351659095
2025-05-16 16:00:00,0.40759628827665617,0.23139132002249008,0.6942083221210672,-566803.2812584114
2025-05-16 17:00:00,0.2109873642381921,0.2267835091156425,0.6942434003355525,-568428.8400572641
2025-05-16 18:00:00,9.983229795646978e-17,0.25440671462377734,0.6942783734750042,-568204.3542145102
2025-05-16 19:00:00,0.0,0.19528054994688837,0.6943132415214299,-632253.1133481192
2025-05-16 20:00:00,0.0,0.22771904076068836,0.6943480044568914,-619524.1755650453
2025-05-16 21:00:00,0.0,0.18020791471310105,0.6943826622635045,-638625.4190148438
2025-05-16 22:00:00,0.0,0.21567704067793173,0.6944172149234393,-598948.6841421727
2025-05-16 23:00:00,0.0,0.2411379742950971,0.6944516624189199,-650223.4771213951
2025-05-17 00:00:00,0.0,0.1901025564939852,0.6944860047322241,-654951.8162749094
2025-05-17 01:00:00,0.0,0.22730885558233327,0.6945202418456845,-681902.0797348475
2025-05-17 02:00:00,0.0,0.24086684921473278,0.6945543737416874,-724004.9778122765
2025-05-17 03:00:00,0.0,0.21335487205380357,0.6945884004026731,-618845.5157685383
2025-05-17 04:00:00,0.0,0.1891978600057298,0.6946223218111365,-639198.9536165426
2025-05-17 05:00:00,0.0,0.19641679478529214,0.6946561379496263,-616215.3160211369
2025-05-17 06:00:00,0.0,0.17500586001439203,0.6946898488007455,-648605.2871398795
2025-05-17 07:00:00,0.2121447699910627,0.26393847733224657,0.6947234543471512,-597968.136108255
2025-05-17 08:00:00,0.40983222449304313,0.27346990443221125,0.6947569545715546,-563693.7552141468
2025-05-17 09:00:00,0.5795902901755966,0.2101918305390608,0.6947903494567212,-598564.3431726517
2025-05-17 10:00:00,0.7098502354009248,0.1917327905591869,0.6948236389854711,-554174.4188165728
2025-05-17 11:00:00,0.7917350601666594,0.2466420455199997,0.6948568231406774,-552443.8740070257
2025-05-17 12:00:00,0.8196644489860864,0.23573656669483212,0.6948899019052688,-543277.6336564638
2025-05-17 13:00:00,0.7917350601666594,0.25488091288090664,0.6949228752622273,-582194.2571125326
2025-05-17 14:00:00,0.709850235400925,0.21548901674874457,0.6949557431945895,-536221.7765989159
2025-05-17 15:00:00,0.5795902901755967,0.18556714454382517,0.6949885056854462,-548823.622467048
2025-05-17 16:00:00,0.40983222449304313,0.21599933799360238,0.6950211627179423,-548816.2910093595
2025-05-17 17:00:00,0.21214476999106294,0.18016096241638452,0.6950537142752775,-548833.2981261391
2025-05-17 18:00:00,1.0037994438256899e-16,0.23714006060657522,0.6950861603407047,-558587.4507917413
2025-05-17 19:00:00,0.0,0.26945325206363524,0.6951185008975321,-608054.4189013656
2025-05-17 20:00:00,0.0,0.26568306635145145,0.6951507359291217,-660832.5929309461
2025-05-17 21:00:00,0.0,0.1736362141808379,0.6951828654188897,-626880.2749944617
2025-05-17 22:00:00,0.0,0.27287367675756063,0.6952148893503072,-654846.9696880392
2025-05-17 23:00:00,0.0,0.2627817870812225,0.6952468077068987,-621251.1380945056
2025-05-18 00:00:00,0.0,0.26452781330901187,0.6952786204722436,-634394.0471611674
2025-05-18 01:00:00,0.0,0.2044516352693648,0.6953103276299758,-712466.222883305
2025-05-18 02:00:00,0.0,0.19841992553052654,0.6953419291637829,-625432.9734224518
2025-05-18 03:00:00,0.0,0.23991414567377092,0.6953734250574074,-683931.9196022243
2025-05-18 04:00:00,0.0,0.17687209389976796,0.6954048152946456,-644052.3156417535
2025-05-18 05:00:00,0.0,0.239475133759471,0.6954360998593488,-684201.2069354755
2025-05-18 06:00:00,0.0,0.18217509445898172,0.6954672787354225,-614959.4247500723
2025-05-18 07:00:00,0.21327382482110244,0.2299502535060483,0.695498351906826,-599125.375412206
2025-05-18 08:00:00,0.4120133909323067,0.22364026777978321,0.6955293193575736,-646880.4950804112
2025-05-18 09:00:00,0.5826749253357961,0.23183719726905166,0.6955601810717337,-558759.1926677607
2025-05-18 10:00:00,0.7136281264934935,0.17069839115863514,0.6955909370334293,-550379.4991272372
2025-05-18 11:00:00,0.7959487501568987,0.1705538868636028,0.6956215872268376,-540496.464386075
2025-05-18 12:00:00,0.8240267818646135,0.20396683062938148,0.6956521316361904,-553522.7011415866
2025-05-18 13:00:00,0.7959487501568987,0.20870925650555405,0.6956825702457738,-584729.3442630651
2025-05-18 14:00:00,0.7136281264934936,0.2058296709460286,0.6957129030399283,-517462.1033510336
2025-05-18 15:00:00,0.5826749253357962,0.2228244258830784,0.6957431300030491,-546518.3273534229
2025-05-18 16:00:00,0.4120133909323067,0.17528822189266313,0.6957732511195852,-580256.8996819257
2025-05-18 17:00:00,0.21327382482110266,0.19503465441142917,0.6958032663740409,-634961.5701084426
2025-05-18 18:00:00,1.0091417608221932e-16,0.2369327513450193,0.6958331757509745,-619181.1148439997
2025-05-18 19:00:00,0.0,0.1949042605739844,0.6958629792349985,-622617.6826831908
2025-05-18 20:00:00,0.0,0.190557725248323,0.6958926768107807,-626979.7207735425
2025-05-18 21:00:00,0.0,0.22809761558306485,0.6959222684630425,-639730.1035837686
2025-05-18 22:00:00,0.0,0.19943379774019163,0.6959517541765604,-654965.7025745908
2025-05-18 23:00:00,0.0,0.18528717709998463,0.6959811339361651,-679153.2104622065
2025-05-19 00:00:00,0.0,0.24686144637148583,0.6960104077267418,-643984.5721506135
2025-05-19 01:00:00,0.0,0.26210307644197933,0.6960395755332306,-728172.8191814392
2025-05-19 02:00:00,0.0,0.2465110001066907,0.6960686373406255,-656106.7010442133
2025-05-19 03:00:00,0.0,0.23741693768680122,0.6960975931339756,-613933.4608079327
2025-05-19 04:00:00,0.0,0.1795480579511636,0.696126442898384,-626985.9113335928
2025-05-19 05:00:00,0.0,0.26721109340393767,0.6961551866190091,-667291.240726773
2025-05-19 06:00:00,0.0,0.21072540145922591,0.696183824281063,-686969.1413848074
2025-05-19 07:00:00,0.21437419416499792,0.18510729235876572,0.696212355869813,-590805.3921402398
2025-05-19 08:00:00,0.4141391412677575,0.21348201411830248,0.6962407813705808,-583789.431194274
2025-05-19 09:00:00,0.5856811902904099,0.19287548209910035,0.6962691007687425,-602231.9854903786
2025-05-19 10:00:00,0.7173100340787009,0.20860497440706222,0.6962973140497288,-573700.5091508717
2025-05-19 11:00:00,0.8000553844554078,0.26099716499471726,0.6963254211990253,-607128.6951315067
2025-05-19 12:00:00,0.8282782825355152,0.25844847557656114,0.6963534222021719,-537291.4278745988
2025-05-19 13:00:00,0.8000553844554078,0.24042965573402098,0.6963813170447631,-567351.7198272576
2025-05-19 14:00:00,0.7173100340787009,0.19809492331851647,0.6964091057124484,-542038.5786096439
2025-05-19 15:00:00,0.5856811902904099,0.2443628524885173,0.6964367881909315,-524062.79017457855
2025-05-19 16:00:00,0.4141391412677575,0.25002992686045167,0.6964643644659708,-581678.8949139502
2025-05-19 17:00:00,0.21437419416499814,0.24818823943163976,0.6964918345233796,-606313.75813242
2025-05-19 18:00:00,1.0143483475103856e-16,0.2666033553432861,0.6965191983490254,-539526.4779965976
2025-05-19 19:00:00,0.0,0.22807191658548853,0.6965464559288308,-604705.3449337811
2025-05-19 20:00:00,0.0,0.22632320175046894,0.6965736072487727,-591508.7927352206
2025-05-19 21:00:00,0.0,0.17961626698457453,0.6966006522948832,-606942.1080103646
2025-05-19 22:00:00,0.0,0.22784765975279184,0.6966275910532482,-662784.5945435053
2025-05-19 23:00:00,0.0,0.21930740865061843,0.6966544235100093,-615116.1569967346
2025-05-20 00:00:00,0.0,0.19395737218154996,0.6966811496513619,-618724.500733144
2025-05-20 01:00:00,0.0,0.26764067159556865,0.6967077694635566,-705460.9508336616
2025-05-20 02:00:00,0.0,0.22161199203324516,0.6967342829328985,-684356.4487026313
2025-05-20 03:00:00,0.0,0.22805601550671362,0.6967606900457477,-633636.3769611577
2025-05-20 04:00:00,0.0,0.25549599902375564,0.6967869907885186,-645223.0127180845
2025-05-20 05:00:00,0.0,0.2538402784456547,0.6968131851476806,-634845.5885961839
2025-05-20 06:00:00,0.0,0.2650790280308773,0.6968392731097578,-628039.4926926497
2025-05-20 07:00:00,0.21544555195956464,0.23735925503790642,0.6968652546613289,-603109.4578286334
2025-05-20 08:00:00,0.4162088455936937,0.2464214769406703,0.6968911297890273,-594228.5719939572
2025-05-20 09:00:00,0.5886081942182511,0.22558063783919013,0.6969168984795416,-588890.7032157655
2025-05-20 10:00:00,0.7208948671278674,0.18851314204214992,0.6969425607196146,-557887.7106860067
2025-05-20 11:00:00,0.8040537461778158,0.25774080127296656,0.6969681164960443,-575744.3747788111
2025-05-20 12:00:00,0.8324176911873875,0.20473390282062154,0.6969935657956832,-574198.1427680496
2025-05-20 13:00:00,0.8040537461778158,0.2273708688550498,0.6970189086054385,-569208.49478085
2025-05-20 14:00:00,0.7208948671278675,0.17675970110734285,0.6970441449122725,-564584.934149322
2025-05-20 15:00:00,0.5886081942182512,0.19565281517184274,0.6970692747032022,-510283.48331276886
2025-05-20 16:00:00,0.4162088455936937,0.1839079251696467,0.6970942979652992,-585982.4415268116
2025-05-20 17:00:00,0.21544555195956486,0.25298725831108837,0.69711921468569,-610411.024826135
2025-05-20 18:00:00,1.0194176610662642e-16,0.21677410854587276,0.6971440248515562,-605162.2936264687
2025-05-20 19:00:00,0.0,0.2321925121657259,0.6971687284501337,-643661.9636461077
2025-05-20 20:00:00,0.0,0.21681011678127635,0.6971933254687135,-595473.9748038428
2025-05-20 21:00:00,0.0,0.2572246981052903,0.6972178158946416,-531899.8803726953
2025-05-20 22:00:00,0.0,0.18584569881721758,0.6972421997153184,-660161.7987895074
2025-05-20 23:00:00,0.0,0.2225457945066614,0.6972664769181997,-665224.0767457939
2025-05-21 00:00:00,0.0,0.17509584107500326,0.6972906474907956,-679996.6286624228
2025-05-21 01:00:00,0.0,0.2351534791484341,0.6973147114206715,-643297.2334968655
2025-05-21 02:00:00,0.0,0.2552524228004582,0.6973386686954475,-636203.3914006061
2025-05-21 03:00:00,0.0,0.1966643653405794,0.6973625193027982,-639351.5922075082
2025-05-21 04:00:00,0.0,0.20013442052935343,0.6973862632304538,-663112.3623978418
2025-05-21 05:00:00,0.0,0.25608741708519617,0.6974099004661989,-630930.5221431442
2025-05-21 06:00:00,0.0,0.2476758630436529,0.6974334309978729,-653021.9074949794
2025-05-21 07:00:00,0.21648758073836627,0.20286639266807463,0.6974568548133706,-625721.0956599405
2025-05-21 08:00:00,0.4182218906120556,0.1870474763360802,0.6974801719006412,-606199.0480111237
2025-05-21 09:00:00,0.591455069784886,0.20214251511404913,0.6975033822476889,-635868.9287874547
2025-05-21 10:00:00,0.7243815633775936,0.2335976008730712,0.6975264858425732,-556684.2767795491
2025-05-21 11:00:00,0.8079426505232524,0.21587149160623806,0.6975494826734079,-584665.2604245291
2025-05-21 12:00:00,0.8364437812241113,0.1824790053732241,0.6975723727283621,-582674.3803701904
2025-05-21 13:00:00,0.8079426505232524,0.20333180202280016,0.6975951559956601,-546483.2348188637
2025-05-21 14:00:00,0.7243815633775937,0.2394832884194488,0.6976178324635806,-563168.8962145138
2025-05-21 15:00:00,0.5914550697848862,0.2016136878380503,0.6976404021204574,-527523.2354248015
2025-05-21 16:00:00,0.4182218906120556,0.17918952570573424,0.6976628649546796,-552877.4200008035
2025-05-21 17:00:00,0.2164875807383665,0.24162975116462304,0.6976852209546905,-554102.5494556015
2025-05-21 18:00:00,1.0243481993428169e-16,0.23486501665167478,0.6977074701089893,-575416.9380426983
2025-05-21 19:00:00,0.0,0.2561440417171657,0.6977296124061294,-635551.5785217988
2025-05-21 20:00:00,0.0,0.2314862239231665,0.6977516478347197,-622621.6117819927
2025-05-21 21:00:00,0.0,0.2428377254495302,0.6977735763834235,-616571.2799232308
2025-05-21 22:00:00,0.0,0.22410626014999402,0.6977953980409599,-610406.7817991353
2025-05-21 23:00:00,0.0,0.2562756180593068,0.6978171127961024,-637839.4391195046
2025-05-22 00:00:00,0.0,0.2286508531714486,0.6978387206376794,-627911.0570587625
2025-05-22 01:00:00,0.0,0.1660234690424665,0.6978602215545746,-662968.9334387333
2025-05-22 02:00:00,0.0,0.18423328219080046,0.6978816155357268,-663755.1565544724
2025-05-22 03:00:00,0.0,0.194516524590888,0.6979029025701297,-645014.0863856773
2025-05-22 04:00:00,0.0,0.25878048970777007,0.6979240826468317,-671635.3781404695
2025-05-22 05:00:00,0.0,0.2604427347528528,0.6979451557549367,-685218.2729586401
2025-05-22 06:00:00,0.0,0.18848360165614347,0.6979661218836034,-666713.3825030134
2025-05-22 07:00:00,0.21749997172578683,0.2202145092656811,0.6979869810220456,-598001.926593181
2025-05-22 08:00:00,0.42017767981415927,0.23674521179658733,0.6980077331595319,-556088.9891729553
2025-05-22 09:00:00,0.5942209733996439,0.22532110438001546,0.6980283782853864,-583347.4582316425
2025-05-22 10:00:00,0.7277690896445317,0.18530343000738303,0.6980489163889879,-560436.6565558898
2025-05-22 11:00:00,0.8117209451254308,0.21312975551093682,0.6980693474597706,-608459.7260456404
2025-05-22 12:00:00,0.8403553596283185,0.23531210906038794,0.6980896714872231,-548167.6936794439
2025-05-22 13:00:00,0.8117209451254308,0.17437869545634055,0.6981098884608898,-578610.6991288029
2025-05-22 14:00:00,0.7277690896445318,0.19231111880153012,0.6981299983703699,-574187.3507292151
2025-05-22 15:00:00,0.594220973399644,0.17272299734575625,0.6981500012053174,-575578.6269727134
2025-05-22 16:00:00,0.42017767981415927,0.1829701048328067,0.698169896955442,-537023.2874934255
2025-05-22 17:00:00,0.21749997172578706,0.19940338397485025,0.698189685610508,-564386.6109438268
2025-05-22 18:00:00,1.0291385013151433e-16,0.1761330812405258,0.6982093671603347,-554821.8010377066
2025-05-22 19:00:00,0.0,0.218758482887904,0.698228941594797,-610534.2635972598
2025-05-22 20:00:00,0.0,0.23854179482615062,0.6982484089038246,-595997.2550931843
2025-05-22 21:00:00,0.0,0.1779182617493032,0.6982677690774022,-626663.9169329437
2025-05-22 22:00:00,0.0,0.21738544832973206,0.69828702210557,-629897.4560087867
2025-05-22 23:00:00,0.0,0.21531387896774717,0.6983061679784228,-656440.4498823162
2025-05-23 00:00:00,0.0,0.17448655611620523,0.6983252066861112,-677915.5561736564
2025-05-23 01:00:00,0.0,0.16424411297374023,0.6983441382188401,-632421.80741154
2025-05-23 02:00:00,0.0,0.1734835856731273,0.6983629625668704,-660662.7620301318
2025-05-23 03:00:00,0.0,0.19485196134934465,0.6983816797205175,-666478.2389258946
2025-05-23 04:00:00,0.0,0.25836621611214877,0.6984002896701521,-620932.0714715197
2025-05-23 05:00:00,0.0,0.22771675548695436,0.6984187924062003,-619233.6200047905
2025-05-23 06:00:00,0.0,0.25407265634607606,0.6984371879191431,-648150.8312963332
2025-05-23 07:00:00,0.21848242492852754,0.17779863567449952,0.698455476199517,-656420.0243749555
2025-05-23 08:00:00,0.4220756336574546,0.20778390724904683,0.698473657237913,-591867.2792468217
2025-05-23 09:00:00,0.5969050854655903,0.24710769219358114,0.6984917310249779,-549720.2580793615
2025-05-23 10:00:00,0.7310564421315399,0.17851803159961793,0.6985096975514135,-561225.3123543985
2025-05-23 11:00:00,0.8153875103941179,0.24635163953001737,0.6985275568079766,-520970.6306848828
2025-05-23 12:00:00,0.8441512673149093,0.18015245159846105,0.6985453087854795,-570621.4195690862
2025-05-23 13:00:00,0.8153875103941179,0.17620922239481843,0.6985629534747892,-563875.9575716765
2025-05-23 14:00:00,0.73105644213154,0.21401748548134458,0.6985804908668288,-555963.7477250315
2025-05-23 15:00:00,0.5969050854655904,0.1875457951666658,0.6985979209525754,-557093.1779825899
2025-05-23 16:00:00,0.4220756336574546,0.24911485824710328,0.6986152437230623,-567192.6669048086
2025-05-23 17:00:00,0.2184824249285278,0.26043222319793674,0.6986324591693776,-540880.157590694
2025-05-23 18:00:00,1.0337871475133854e-16,0.19067468802845056,0.6986495672826644,-611003.847067651
2025-05-23 19:00:00,0.0,0.1907464687038499,0.6986665680541214,-614081.9442790111
2025-05-23 20:00:00,0.0,0.25500486468770717,0.6986834614750025,-626186.2801283604
2025-05-23 21:00:00,0.0,0.1758316360361115,0.6987002475366166,-625869.1124298872
2025-05-23 22:00:00,0.0,0.20548295163527028,0.698716926230328,-648778.6417867069
2025-05-23 23:00:00,0.0,0.21692869636375042,0.6987334975475561,-707650.4971010687
2025-05-24 00:00:00,0.0,0.1765301977881697,0.6987499614797756,-647896.3745490842
2025-05-24 01:00:00,0.0,0.1979025510301218,0.6987663180185166,-689074.7595889714
2025-05-24 02:00:00,0.0,0.16941216388807784,0.6987825671553642,-638069.2012442156
2025-05-24 03:00:00,0.0,0.17899961413883544,0.698798708881959,-678736.9741559493
2025-05-24 04:00:00,0.0,0.2540736556542857,0.6988147431899966,-656979.3465952338
2025-05-24 05:00:00,0.0,0.21822845557634274,0.6988306700712281,-621235.7070278712
2025-05-24 06:00:00,0.0,0.16805676970184724,0.6988464895174596,-609268.664272366
2025-05-24 07:00:00,0.2194346492245014,0.25212399941446617,0.6988622015205529,-551768.7883425367
2025-05-24 08:00:00,0.4239151897372567,0.2576229244405836,0.6988778060724244,-580527.9649781281
2025-05-24 09:00:00,0.5995066106223924,0.20143026245074488,0.6988933031650465,-547260.4840290988
2025-05-24 10:00:00,0.7342426467251294,0.20253568882308912,0.6989086927904467,-585960.663174749
2025-05-24 11:00:00,0.8189412598468938,0.1670086375480978,0.6989239749407072,-564272.2907904908
2025-05-24 12:00:00,0.8478303794745136,0.19052280649861697,0.6989391496079662,-528367.6626921906
2025-05-24 13:00:00,0.8189412598468938,0.23297064339096632,0.698954216784417,-565481.5988502159
2025-05-24 14:00:00,0.7342426467251295,0.20589434005182283,0.6989691764623082,-587781.3377621117
2025-05-24 15:00:00,0.5995066106223925,0.23448453467120298,0.6989840286339433,-588963.7742549747
2025-05-24 16:00:00,0.4239151897372567,0.2148854726845133,0.6989987732916818,-584872.0216172372
2025-05-24 17:00:00,0.21943464922450165,0.2372535114591195,0.6990134104279381,-596109.8873773885
2025-05-24 18:00:00,1.0382927604433489e-16,0.18603425242473387,0.6990279400351818,-582590.0756105967
2025-05-24 19:00:00,0.0,0.16655246107025676,0.6990423621059381,-620650.874710319
2025-05-24 20:00:00,0.0,0.2509387290028308,0.6990566766327875,-609013.2482297122
2025-05-24 21:00:00,0.0,0.23318322407552627,0.6990708836083657,-642849.7689929035
2025-05-24 22:00:00,0.0,0.20659961770966295,0.6990849830253637,-656272.0550705136
2025-05-24 23:00:00,0.0,0.20103325302031716,0.6990989748765281,-632788.9409977935
2025-05-25 00:00:00,0.0,0.2227828597946799,0.6991128591546605,-676412.8296004867
2025-05-25 01:00:00,0.0,0.25761149206529677,0.699126635852618,-680376.9494640784
2025-05-25 02:00:00,0.0,0.21731568951007685,0.6991403049633131,-646829.9875960374
2025-05-25 03:00:00,0.0,0.23748460842826385,0.6991538664797137,-589052.4933097803
2025-05-25 04:00:00,0.0,0.17663968277326048,0.6991673203948426,-696681.8170840568
2025-05-25 05:00:00,0.0,0.17179851830301524,0.6991806667017787,-674216.2560154331
2025-05-25 06:00:00,0.0,0.23143113083108072,0.6991939053936557,-646162.9119973195
2025-05-25 07:00:00,0.2203563624490988,0.2350733215151032,0.6992070364636627,-583506.434521909
2025-05-25 08:00:00,0.4256958029533984,0.25459348217996597,0.6992200599050444,-575451.1337345669
2025-05-25 09:00:00,0.6020247779820007,0.2522319970968328,0.6992329757111008,-638223.1547971648
2025-05-25 10:00:00,0.7373267592841153,0.20617454805849866,0.6992457838751871,-557933.6216552096
2025-05-25 11:00:00,0.8223811404310996,0.20074948384240043,0.6992584843907143,-558446.6392726194
2025-05-25 12:00:00,0.8513916059067969,0.19850237222061254,0.699271077251148,-560326.0581568005
2025-05-25 13:00:00,0.8223811404310996,0.23127605587152633,0.6992835624500102,-582735.2433606116
2025-05-25 14:00:00,0.7373267592841154,0.17954866704020256,0.6992959399808776,-552027.50855108
2025-05-25 15:00:00,0.6020247779820008,0.21039005383581644,0.6993082098373823,-548225.9269185959
2025-05-25 16:00:00,0.4256958029533984,0.22205748526230162,0.699320372013212,-575316.2371297948
2025-05-25 17:00:00,0.22035636244909906,0.20520960451886935,0.6993324265021098,-595288.8889564681
2025-05-25 18:00:00,1.0426540049946836e-16,0.25259976400534034,0.6993443732978742,-575020.2802863031
2025-05-25 19:00:00,0.0,0.22315034469370795,0.6993562123943591,-601179.6033148958
2025-05-25 20:00:00,0.0,0.18421275114930902,0.6993679437854735,-645110.8252922642
2025-05-25 21:00:00,0.0,0.19292725720816478,0.6993795674651824,-646200.6553442738
2025-05-25 22:00:00,0.0,0.19397963772456214,0.6993910834275056,-678818.4162755078
2025-05-25 23:00:00,0.0,0.2290281369651626,0.6994024916665188,-635995.878600719
2025-05-26 00:00:00,0.0,0.2049703249864097,0.6994137921763527,-666550.2588399695
2025-05-26 01:00:00,0.0,0.17491835973589143,0.6994249849511939,-686096.5798182915
2025-05-26 02:00:00,0.0,0.2245133130890949,0.699436069985284,-654950.6718951112
2025-05-26 03:00:00,0.0,0.16878731426563892,0.6994470472729203,-649716.6565434929
2025-05-26 04:00:00,0.0,0.23702182242408587,0.6994579168084553,-648891.4071412565
2025-05-26 05:00:00,0.0,0.22253163660853126,0.699468678586297,-646691.1146072276
2025-05-26 06:00:00,0.0,0.22110848567172262,0.6994793326009092,-617667.1982198128
2025-05-26 07:00:00,0.2212472914787991,0.19899057952228508,0.6994898788468107,-588641.9021128849
2025-05-26 08:00:00,0.4274169456717547,0.2494060382011527,0.6995003173185758,-598408.1273832704
2025-05-26 09:00:00,0.6044588413570798,0.17863837772473398,0.6995106480108343,-544409.5521368302
2025-05-26 10:00:00,0.7403078659193857,0.24250330715950216,0.6995208709182714,-544015.5411681546
2025-05-26 11:00:00,0.825706132835879,0.25302058293173396,0.6995309860356282,-543929.0753334664
2025-05-26 12:00:00,0.8548338913435095,0.251891799263519,0.6995409933577006,-552042.4127624483
2025-05-26 13:00:00,0.825706132835879,0.21484024538620636,0.6995508928793402,-573563.3846219748
2025-05-26 14:00:00,0.7403078659193858,0.2131402063929091,0.6995606845954543,-533760.7011226992
2025-05-26 15:00:00,0.60445884135708,0.22702420632464296,0.6995703685010052,-542923.3700675978
2025-05-26 16:00:00,0.4274169456717547,0.19518095190206497,0.699579944591011,-561845.6100608251
2025-05-26 17:00:00,0.22124729147879932,0.24870460527922802,0.6995894128605453,-562533.4530270495
2025-05-26 18:00:00,1.0468695888365053e-16,0.19316892556576537,0.699598773304737,-605339.2808429239
2025-05-26 19:00:00,0.0,0.22654738954922082,0.6996080259187705,-631177.0993803873
2025-05-26 20:00:00,0.0,0.18030976212916755,0.6996171706978856,-642234.5571428856
2025-05-26 21:00:00,0.0,0.19094504456101172,0.6996262076373779,-618065.1704553111
2025-05-26 22:00:00,0.0,0.18755315306753184,0.6996351367325983,-692484.5951375668
2025-05-26 23:00:00,0.0,0.17170630146068738,0.6996439579789527,-673475.571959623
2025-05-27 00:00:00,0.0,0.1702193280211685,0.6996526713719033,-653407.1801438857
2025-05-27 01:00:00,0.0,0.17347526117255455,0.6996612769069673,-668429.5019778467
2025-05-27 02:00:00,0.0,0.2276083024191857,0.6996697745797177,-644860.8613860026
2025-05-27 03:00:00,0.0,0.19491843415292476,0.6996781643857825,-618847.6427122995
2025-05-27 04:00:00,0.0,0.22329057546178938,0.6996864463208454,-643374.3448626063
2025-05-27 05:00:00,0.0,0.1888988826567995,0.6996946203806461,-641423.7072127591
2025-05-27 06:00:00,0.0,0.19149419147156532,0.699702686560979,-626253.3127543268
2025-05-27 07:00:00,0.22210717231210297,0.16064335500690918,0.6997106448576945,-584200.0126705446
2025-05-27 08:00:00,0.42907810788059303,0.20915041850007504,0.6997184952666985,-578886.017938066
2025-05-27 09:00:00,0.6068080794821207,0.2262933394246309,0.699726237783952,-613232.3749438479
2025-05-27 10:00:00,0.7431850832647071,0.21655444993092737,0.6997338724054721,-600116.4605973543
2025-05-27 11:00:00,0.8289152517942238,0.20574927685918173,0.6997413991273308,-591096.3280762847
2025-05-27 12:00:00,0.8581562157611862,0.1908490342433421,0.6997488179456562,-549594.5941237342
2025-05-27 13:00:00,0.8289152517942238,0.18176359937492337,0.6997561288566314,-528279.4668685603
2025-05-27 14:00:00,0.7431850832647072,0.1812092871046362,0.6997633318564953,-597239.3887347154
2025-05-27 15:00:00,0.6068080794821208,0.1750256375131798,0.6997704269415423,-588853.9894634542
2025-05-27 16:00:00,0.42907810788059303,0.23180906227494896,0.6997774141081221,-545892.6766127514
2025-05-27 17:00:00,0.2221071723121032,0.20894257851751452,0.6997842933526403,-592959.4025947386
2025-05-27 18:00:00,1.0509382628003421e-16,0.1941741834044176,0.6997910646715576,-614226.80250942
2025-05-27 19:00:00,0.0,0.16550473132409754,0.6997977280613905,-591919.144415955
2025-05-27 20:00:00,0.0,0.19275967845211806,0.6998042835187109,-604238.5754164106
2025-05-27 21:00:00,0.0,0.206296030890401,0.6998107310401466,-621322.3173198062
2025-05-27 22:00:00,0.0,0.19216066602931456,0.6998170706223802,-595150.1027432675
2025-05-27 23:00:00,0.0,0.17479868845012458,0.6998233022621503,-675547.872618718
2025-05-28 00:00:00,0.0,0.2436583442638988,0.6998294259562512,-667545.2299416166
2025-05-28 01:00:00,0.0,0.21910869278192432,0.6998354417015323,-680850.3508085601
2025-05-28 02:00:00,0.0,0.20339800573928146,0.699841349494899,-650194.7932669276
2025-05-28 03:00:00,0.0,0.2402797154284512,0.6998471493333116,-673256.8185789128
2025-05-28 04:00:00,0.0,0.17359054031669455,0.6998528412137865,-615280.5662746573
2025-05-28 05:00:00,0.0,0.2135608492734888,0.6998584251333957,-615948.7912638158
2025-05-28 06:00:00,0.0,0.21648237498510828,0.699863901089266,-624298.9927545241
2025-05-28 07:00:00,0.22293575014776174,0.22077517435076324,0.6998692690785806,-587605.0291586542
2025-05-28 08:00:00,0.43067879734170006,0.20294977505890055,0.6998745290985778,-594759.0047917307
2025-05-28 09:00:00,0.6090717962271659,0.2342655066336226,0.6998796811465515,-575706.9923473663
2025-05-28 10:00:00,0.7459575587384845,0.16325670456693014,0.6998847252198513,-638285.3886675617
2025-05-28 11:00:00,0.8320075463749277,0.16234487356568428,0.699889661315882,-565969.4943623713
2025-05-28 12:00:00,0.8613575946834002,0.18942000532691916,0.6998944894321043,-600462.9910449072
2025-05-28 13:00:00,0.8320075463749277,0.18835018177663865,0.6998992095660344,-512635.5254842907
2025-05-28 14:00:00,0.7459575587384846,0.23939968272746326,0.6999038217152439,-551864.4783105393
2025-05-28 15:00:00,0.609071796227166,0.21759638725806224,0.69990832587736,-569018.8621665231
2025-05-28 16:00:00,0.43067879734170006,0.23216236771919585,0.6999127220500656,-556728.114601416
2025-05-28 17:00:00,0.22293575014776199,0.24702106063301166,0.6999170102310989,-570603.807348628
2025-05-28 18:00:00,1.0548588212502893e-16,0.1936093651380158,0.699921190418254,-571962.4480002596
2025-05-28 19:00:00,0.0,0.23531713400175436,0.69992526260938,-574289.0703471086
2025-05-28 20:00:00,0.0,0.1914584555260898,0.6999292268023823,-639246.2928247865
2025-05-28 21:00:00,0.0,0.22889802537950216,0.6999330829952214,-646866.3607580485
2025-05-28 22:00:00,0.0,0.24926301411441942,0.6999368311859133,-634757.9061556143
2025-05-28 23:00:00,0.0,0.18491111429287194,0.6999404713725299,-649083.3923753175
2025-05-29 00:00:00,0.0,0.1747854741987932,0.6999440035531983,-648486.8624431822
2025-05-29 01:00:00,0.0,0.18225896314557308,0.6999474277261015,-668935.5852878337
2025-05-29 02:00:00,0.0,0.17390827098059752,0.6999507438894776,-666648.4582280706
2025-05-29 03:00:00,0.0,0.18031005954086318,0.699953952041621,-658492.4886840363
2025-05-29 04:00:00,0.0,0.21557252721033948,0.6999570521808809,-682305.5976300149
2025-05-29 05:00:00,0.0,0.23081330688981208,0.6999600443056624,-677237.1877515418
2025-05-29 06:00:00,0.0,0.17106360069600532,0.6999629284144264,-671353.0210021016
2025-05-29 07:00:00,0.22373277946028056,0.2192610992147615,0.699965704505689,-569750.9453860862
2025-05-29 08:00:00,0.43221853973624275,0.17598860355796608,0.6999683725780219,-595500.27917759
2025-05-29 09:00:00,0.611249320804089,0.24517751586497846,0.6999709326300527,-600494.8869031139
2025-05-29 10:00:00,0.7486244707964002,0.1693421124235614,0.6999733846604644,-593616.8430381626
2025-05-29 11:00:00,0.8349821002643697,0.2089321310130164,0.6999757286679954,-569717.3343179947
2025-05-29 12:00:00,0.8644370794724856,0.1701852195337527,0.6999779646514397,-523309.8830820146
2025-05-29 13:00:00,0.8349821002643697,0.15912174950470603,0.699980092609647,-579427.4396131217
2025-05-29 14:00:00,0.7486244707964003,0.17897917929904955,0.6999821125415228,-607593.1108313081
2025-05-29 15:00:00,0.6112493208040891,0.1745811443963743,0.6999840244460276,-586402.6984582617
2025-05-29 16:00:00,0.43221853973624275,0.1778257634060746,0.6999858283221779,-569484.6269351819
2025-05-29 17:00:00,0.2237327794602808,0.2140683458275285,0.6999875241690459,-587216.1677093921
2025-05-29 18:00:00,1.0586301024402656e-16,0.16922220643141128,0.699989111985759,-588776.8162477094
2025-05-29 19:00:00,0.0,0.16367313765015712,0.6999905917715002,-646691.9168407526
2025-05-29 20:00:00,0.0,0.22139155150249673,0.6999919635255084,-577003.6809928172
2025-05-29 21:00:00,0.0,0.22044326080743534,0.6999932272470779,-683554.5609514712
2025-05-29 22:00:00,0.0,0.2102827429889721,0.6999943829355584,-658994.4669816965
2025-05-29 23:00:00,0.0,0.19564406683016222,0.6999954305903554,-688070.045921497
2025-05-30 00:00:00,0.0,0.16117489501541876,0.69999637021093,-664008.2203583956
2025-05-30 01:00:00,0.0,0.23727012114081458,0.6999972017967987,-678710.0575281134
2025-05-30 02:00:00,0.0,0.2286002073718743,0.6999979253475338,-655192.5372106751
2025-05-30 03:00:00,0.0,0.17732862139645333,0.6999985408627629,-670102.7415198333
2025-05-30 04:00:00,0.0,0.2048458443420366,0.6999990483421695,-680695.878109011
2025-05-30 05:00:00,0.0,0.19898906071094194,0.6999994477854926,-625341.3134497345
2025-05-30 06:00:00,0.0,0.1915398017574437,0.6999997391925264,-638737.5032593212
2025-05-30 07:00:00,0.22449802407267277,0.18601014715580197,0.6999999225631213,-630134.2776554354
2025-05-30 08:00:00,0.43369687880531915,0.181645385895343,0.6999999978971827,-554692.8970089966
2025-05-30 09:00:00,0.6133400079653629,0.19267344833124142,0.699999965194672,-572485.7359567308
2025-05-30 10:00:00,0.7511850291748546,0.2085669029444418,0.6999998244556059,-578528.7833212309
2025-05-30 11:00:00,0.8378380320380358,0.16324379343964224,0.699999575680057,-526374.381048176
2025-05-30 12:00:00,0.8673937576106384,0.1713664842004916,0.6999992188681531,-523279.3326458854
2025-05-30 13:00:00,0.8378380320380358,0.20288123759414428,0.6999987540200778,-561310.7863607531
2025-05-30 14:00:00,0.7511850291748547,0.1933497326837855,0.6999981811360704,-549335.3980020698
2025-05-30 15:00:00,0.613340007965363,0.21638633982045408,0.6999975002164254,-579068.357975632
2025-05-30 16:00:00,0.43369687880531915,0.21057204643453697,0.6999967112614932,-585179.7301085674
2025-05-30 17:00:00,0.22449802407267302,0.17746855922778912,0.6999958142716798,-578351.0686544405
2025-05-30 18:00:00,1.0622509888582635e-16,0.1635239814734867,0.6999948092474464,-583638.6830122656
2025-05-30 19:00:00,0.0,0.22245518224749217,0.6999936961893104,-582207.4897063064
2025-05-30 20:00:00,0.0,0.2260847539850639,0.6999924750978442,-581775.4611555226
2025-05-30 21:00:00,0.0,0.23384534256066233,0.699991145973676,-650917.0296529784
2025-05-30 22:00:00,0.0,0.18836562800582782,0.6999897088174896,-680156.7142499938
2025-05-30 23:00:00,0.0,0.2343658895180715,0.6999881636300244,-665813.9932008877
2025-05-31 00:00:00,0.0,0.18157224573558894,0.6999865104120753,-676997.4106997906
2025-05-31 01:00:00,0.0,0.18456354146770793,0.6999847491644928,-665668.5672799814
2025-05-31 02:00:00,0.0,0.15960573605752254,0.6999828798881831,-633095.1642487746
2025-05-31 03:00:00,0.0,0.16843919228876233,0.6999809025841077,-662614.2541525067
2025-05-31 04:00:00,0.0,0.2345629746187056,0.6999788172532839,-618233.9538130064
2025-05-31 05:00:00,0.0,0.164513360368765,0.6999766238967846,-626204.4006896878
2025-05-31 06:00:00,0.0,0.23880208225315555,0.6999743225157382,-641622.1267439191
2025-05-31 07:00:00,0.22523125722644446,0.17241244626671673,0.6999719131113286,-595582.6413837132
2025-05-31 08:00:00,0.4351133764851581,0.16310302912465632,0.6999693956847953,-607676.4584208012
2025-05-31 09:00:00,0.6153432381952612,0.15555309097081202,0.6999667702374335,-548578.7751819538
2025-05-31 10:00:00,0.753638475125139,0.1933363569193407,0.6999640367705937,-615534.7661148155
2025-05-31 11:00:00,0.8405744954217057,0.16599429079397165,0.6999611952856826,-573518.0807724996
2025-05-31 12:00:00,0.8702267529703163,0.21597971855115158,0.6999582457841615,-566912.5675788136
2025-05-31 13:00:00,0.8405744954217057,0.19374579627832722,0.6999551882675482,-609884.8922249761
2025-05-31 14:00:00,0.7536384751251392,0.2012772071336443,0.6999520227374154,-536590.7851489539
2025-05-31 15:00:00,0.6153432381952612,0.21484071380602565,0.6999487491953919,-602304.4394402332
2025-05-31 16:00:00,0.4351133764851581,0.1617911438248465,0.6999453676431615,-540795.192902098
2025-05-31 17:00:00,0.22523125722644471,0.19459418535655382,0.699941878082464,-661513.3449765473
2025-05-31 18:00:00,1.0657204075574923e-16,0.2390659684596046,0.6999382805150949,-579879.8694941604
2025-05-31 19:00:00,0.0,0.2289426317212112,0.6999345749429046,-608181.0944550509
2025-05-31 20:00:00,0.0,0.16619978005164274,0.6999307613677996,-581297.0837769888
2025-05-31 21:00:00,0.0,0.2251492936417639,0.699926839791742,-617070.9656491957
2025-05-31 22:00:00,0.0,0.22964150469287775,0.6999228102167491,-627505.4561818399
2025-05-31 23:00:00,0.0,0.23765427079040116,0.699918672644894,-655843.864214438
2025-06-01 00:00:00,0.0,0.16859554133565552,0.6999144270783053,-662211.9408457441
2025-06-01 01:00:00,0.0,0.17620707935833796,0.6999100735191675,-630118.447417129
2025-06-01 02:00:00,0.0,0.18406710047965036,0.6999056119697197,-680850.3162021406
2025-06-01 03:00:00,0.0,0.23308334404273154,0.6999010424322577,-660221.3677965939
2025-06-01 04:00:00,0.0,0.21323011984452364,0.6998963649091321,-650585.398699106
2025-06-01 05:00:00,0.0,0.22846326318962984,0.6998915794027495,-614225.0521672969
2025-06-01 06:00:00,0.0,0.23834561428418455,0.6998866859155715,-641780.315193114
2025-06-01 07:00:00,0.2259322616487877,0.21786440331287538,0.699881684450116,-618380.7602791252
2025-06-01 08:00:00,0.43646761303692644,0.168543790153318,0.6998765750089558,-601919.4422621671
2025-06-01 09:00:00,0.6172584178934333,0.20437424434400506,0.6998713575947196,-556929.3648304509
2025-06-01 10:00:00,0.7559840816382687,0.16158765855099233,0.6998660322100915,-613288.9196244712
2025-06-01 11:00:00,0.8431906795422212,0.16840387998119222,0.6998605988578113,-557044.3961960534
2025-06-01 12:00:00,0.872935226073853,0.22852270730311433,0.6998550575406741,-533865.8018884513
2025-06-01 13:00:00,0.8431906795422212,0.20032520445805974,0.6998494082615307,-561435.5323402239
2025-06-01 14:00:00,0.7559840816382688,0.15676739876851592,0.6998436510232876,-594216.2263728172
2025-06-01 15:00:00,0.6172584178934334,0.17151481872934224,0.6998377858289065,-544219.9652956874
2025-06-01 16:00:00,0.43646761303692644,0.15580607913206082,0.6998318126814049,-548311.1138070123
2025-06-01 17:00:00,0.22593226164878796,0.21996095734016677,0.6998257315838557,-561028.4232026828
2025-06-01 18:00:00,1.0690373304743152e-16,0.16444827660941552,0.6998195425393874,-615346.2868437716
2025-06-01 19:00:00,0.0,0.24024202524752744,0.6998132455511838,-621428.7591359089
2025-06-01 20:00:00,0.0,0.15129863482530326,0.6998068406224849,-634821.5149072035
2025-06-01 21:00:00,0.0,0.2370057456638029,0.6998003277565854,-618294.011516705
2025-06-01 22:00:00,0.0,0.15885226238581018,0.6997937069568362,-668133.7740256379
2025-06-01 23:00:00,0.0,0.19962911361689603,0.699786978226643,-671672.8631122304
2025-06-02 00:00:00,0.0,0.2127533280078891,0.6997801415694679,-624861.9520779313
2025-06-02 01:00:00,0.0,0.1718639983986882,0.6997731969888279,-666100.7535958564
2025-06-02 02:00:00,0.0,0.18542872221315754,0.6997661444882957,-653741.932888242
2025-06-02 03:00:00,0.0,0.20082251246719865,0.6997589840714994,-643154.7724318664
2025-06-02 04:00:00,0.0,0.1873895091803994,0.6997517157421231,-663128.2307450711
2025-06-02 05:00:00,0.0,0.2059562055186107,0.6997443395039059,-627903.6470208887
2025-06-02 06:00:00,0.0,0.21660732995764992,0.6997368553606423,-583050.8871193391
2025-06-02 07:00:00,0.22660082961696318,0.15186485596439878,0.699729263316183,-629774.3959334582
2025-06-02 08:00:00,0.437759187171107,0.21639674530464084,0.6997215633744337,-601334.9434983024
2025-06-02 09:00:00,0.6190849795508018,0.17351203699409276,0.6997137555393554,-562650.0061467912
2025-06-02 10:00:00,0.7582211536604112,0.18453201994974944,0.6997058398149655,-556892.2888605177
2025-06-02 11:00:00,0.845685809167765,0.20861069321894507,0.6996978162053358,-577158.2342699597
2025-06-02 12:00:00,0.8755183743422141,0.155613552227289,0.6996896847145943,-563591.1728490469
2025-06-02 13:00:00,0.845685809167765,0.21389724297071533,0.6996814453469243,-587102.8426414565
2025-06-02 14:00:00,0.7582211536604113,0.20822591417166275,0.6996730981065648,-564486.723404889
2025-06-02 15:00:00,0.6190849795508019,0.2294230501796445,0.6996646429978098,-542894.3701192113
2025-06-02 16:00:00,0.437759187171107,0.19373749832493262,0.6996560800250095,-541207.3577135919
2025-06-02 17:00:00,0.22660082961696343,0.17736544358203932,0.6996474091925688,-594839.2660029484
2025-06-02 18:00:00,1.0722007747328868e-16,0.21812905219260773,0.6996386305049489,-652721.1461625892
2025-06-02 19:00:00,0.0,0.21792197321447918,0.6996297439666658,-571936.5818348764
2025-06-02 20:00:00,0.0,0.15156776891896476,0.6996207495822913,-620502.523795404
2025-06-02 21:00:00,0.0,0.2236365642194454,0.6996116473564526,-673650.3255008411
2025-06-02 22:00:00,0.0,0.20504517251066334,0.6996024372938328,-654584.1261217049
2025-06-02 23:00:00,0.0,0.1544877318334601,0.6995931193991697,-629422.2992631819
2025-06-03 00:00:00,0.0,0.17246496497496935,0.699583693677257,-667158.2495445354
2025-06-03 01:00:00,0.0,0.1981552896436193,0.6995741601329442,-671958.3681836287
2025-06-03 02:00:00,0.0,0.2010094032356168,0.6995645187711355,-646120.1055793866
2025-06-03 03:00:00,0.0,0.19777872022958426,0.6995547695967912,-626624.635585816
2025-06-03 04:00:00,0.0,0.2066152151396639,0.6995449126149269,-603411.6941608385
2025-06-03 05:00:00,0.0,0.1753349055663006,0.6995349478306137,-687469.8987310195
2025-06-03 06:00:00,0.0,0.1796774150294245,0.6995248752489778,-647046.4967248884
2025-06-03 07:00:00,0.22723676301985307,0.15997702315549778,0.6995146948752013,-553940.4589089477
2025-06-03 08:00:00,0.4389877161664095,0.1677641781611043,0.6995044067145217,-602689.1548327836
2025-06-03 09:00:00,0.6208223819177271,0.2364438035758735,0.6994940107722317,-543629.4621100342
2025-06-03 10:00:00,0.7603490282988468,0.22650780392470812,0.6994835070536795,-580597.5783572193
2025-06-03 11:00:00,0.8480591449375803,0.20262992215436376,0.6994728955642691,-572528.0410354981
2025-06-03 12:00:00,0.8779754323328192,0.2246870162544622,0.6994621763094595,-579431.6923213492
2025-06-03 13:00:00,0.8480591449375803,0.18073361519279926,0.6994513492947654,-564477.7230082843
2025-06-03 14:00:00,0.7603490282988469,0.20579927221361644,0.6994404145257569,-545660.2042201519
2025-06-03 15:00:00,0.6208223819177272,0.23340130198036416,0.6994293720080593,-554329.0077040887
2025-06-03 16:00:00,0.4389877161664095,0.21652778795400374,0.6994182217473538,-594661.5104493411
2025-06-03 17:00:00,0.22723676301985332,0.20234678454982113,0.6994069637493766,-605015.829450131
2025-06-03 18:00:00,1.0752098029364005e-16,0.20210778762413148,0.6993955980199196,-588095.0711641955
2025-06-03 19:00:00,0.0,0.1538322729316434,0.6993841245648298,-627688.3661990584
2025-06-03 20:00:00,0.0,0.1710949643985593,0.6993725433900101,-634197.0212342992
2025-06-03 21:00:00,0.0,0.16769854240017612,0.6993608545014184,-640144.3197815795
2025-06-03 22:00:00,0.0,0.15379142444496133,0.6993490579050682,-659770.7143581511
2025-06-03 23:00:00,0.0,0.156698453902559,0.6993371536070283,-661477.2811657562
2025-06-04 00:00:00,0.0,0.15853571465740612,0.6993251416134231,-696111.3881873192
2025-06-04 01:00:00,0.0,0.19695075472175805,0.6993130219304322,-671023.5182804563
2025-06-04 02:00:00,0.0,0.16652032715547455,0.6993007945642907,-615947.8607236351
2025-06-04 03:00:00,0.0,0.15146388587705872,0.6992884595212892,-624660.77112971
2025-06-04 04:00:00,0.0,0.15921654227581228,0.6992760168077734,-639056.9758005966
2025-06-04 05:00:00,0.0,0.15465668040891878,0.6992634664301448,-636187.5430609743
2025-06-04 06:00:00,0.0,0.17234937459030494,0.6992508083948598,-600023.9036893733
2025-06-04 07:00:00,0.2278398734166655,0.2323580079611623,0.6992380427084307,-592005.3338311198
2025-06-04 08:00:00,0.4401528359831787,0.19269294769257606,0.6992251693774247,-615040.819089433
2025-06-04 09:00:00,0.6224701101643918,0.21917229555019482,0.6992121884084649,-569459.4562848137
2025-06-04 10:00:00,0.7623670750183963,0.16670443720622496,0.6991990998082293,-608266.232128234
2025-06-04 11:00:00,0.8503099835810575,0.1795203978310651,0.6991859035834515,-568359.7550077613
2025-06-04 12:00:00,0.8803056719663576,0.1931197028691499,0.6991725997409202,-554113.8229667125
2025-06-04 13:00:00,0.8503099835810575,0.21351166386415887,0.6991591882874801,-602350.2488898751
2025-06-04 14:00:00,0.7623670750183964,0.190254459651538,0.6991456692300306,-543239.8368419039
2025-06-04 15:00:00,0.6224701101643919,0.15511410399269934,0.6991320425755267,-568307.9475318514
2025-06-04 16:00:00,0.4401528359831787,0.2036580088885759,0.6991183083309791,-600558.2129000319
2025-06-04 17:00:00,0.22783987341666576,0.18170639184258164,0.699104466503453,-582581.8022294504
2025-06-04 18:00:00,1.0780635234448597e-16,0.23160815817386107,0.6990905171000699,-598144.1426329695
2025-06-04 19:00:00,0.0,0.20177164073595946,0.6990764601280058,-573609.6577535804
2025-06-04 20:00:00,0.0,0.21055538556581996,0.699062295594493,-630186.3097244356
2025-06-04 21:00:00,0.0,0.1787525617545722,0.699048023506818,-581945.7759112004
2025-06-04 22:00:00,0.0,0.20475607448124525,0.6990336438723236,-652699.2630993393
2025-06-04 23:00:00,0.0,0.21558827616106024,0.6990191566984074,-648924.1408456777
2025-06-05 00:00:00,0.0,0.2142513101200111,0.6990045619925226,-615742.6244662605
2025-06-05 01:00:00,0.0,0.16005672429504303,0.6989898597621772,-668156.2547640789
2025-06-05 02:00:00,0.0,0.17002804989453624,0.6989750500149354,-650202.8726459651
2025-06-05 03:00:00,0.0,0.20773344232260796,0.6989601327584161,-701164.3291832238
2025-06-05 04:00:00,0.0,0.1833734095007168,0.6989451080002934,-648303.2659228144
2025-06-05 05:00:00,0.0,0.20410904280016423,0.6989299757482971,-668781.3033960799
2025-06-05 06:00:00,0.0,0.19010470012705996,0.6989147360102121,-628199.8818738317
2025-06-05 07:00:00,0.2284099820927738,0.23173322008976097,0.6988993887938786,-632536.8932815077
2025-06-05 08:00:00,0.44125420137126764,0.206799412670101,0.6988839341071923,-579273.7584999009
2025-06-05 09:00:00,0.6240276760333554,0.17330804175129383,0.6988683719581039,-637025.4018719416
2025-06-05 10:00:00,0.7642746958282641,0.18991994767779752,0.6988527023546195,-537881.8404180639
2025-06-05 11:00:00,0.8524376581261294,0.18711315357685115,0.6988369253048003,-515727.36988805555
2025-06-05 12:00:00,0.8825084027425354,0.17348151610452628,0.6988210408167633,-574429.8713964194
2025-06-05 13:00:00,0.8524376581261294,0.2199492142327204,0.6988050488986802,-582176.4229685741
2025-06-05 14:00:00,0.7642746958282642,0.21917417222379276,0.6987889495587783,-533621.109135065
2025-06-05 15:00:00,0.6240276760333555,0.19691546841071536,0.6987727428053401,-566329.1742327538
2025-06-05 16:00:00,0.44125420137126764,0.2253921413192729,0.6987564286467031,-547496.1229918571
2025-06-05 17:00:00,0.22840998209277405,0.2001699725788822,0.6987400070912604,-614280.5619944785
2025-06-05 18:00:00,1.0807610906392893e-16,0.14961351114349875,0.6987234781474604,-643288.0411671795
2025-06-05 19:00:00,0.0,0.1697146121808999,0.6987068418238065,-594536.70224091
2025-06-05 20:00:00,0.0,0.15230332752816714,0.6986900981288573,-662124.6165825947
2025-06-05 21:00:00,0.0,0.14493849273160367,0.6986732470712267,-644514.3236738842
2025-06-05 22:00:00,0.0,0.1583645891441959,0.6986562886595842,-665199.5124990195
2025-06-05 23:00:00,0.0,0.20464357610134476,0.6986392229026539,-669238.7556755461
2025-06-06 00:00:00,0.0,0.21113516694783377,0.6986220498092157,-665424.7429424201
2025-06-06 01:00:00,0.0,0.157364520079645,0.6986047693881042,-657655.6645851664
2025-06-06 02:00:00,0.0,0.1543498120621447,0.6985873816482099,-633711.3670852531
2025-06-06 03:00:00,0.0,0.186288657001921,0.6985698865984775,-641111.2626417979
2025-06-06 04:00:00,0.0,0.16564660942947726,0.6985522842479082,-634900.2570131252
2025-06-06 05:00:00,0.0,0.17628560268801077,0.698534574605557,-652568.4479279455
2025-06-06 06:00:00,0.0,0.20127870802140216,0.6985167576805353,-646150.624347691
2025-06-06 07:00:00,0.22894692011267317,0.22441714913364433,0.698498833482009,-630988.7840857985
2025-06-06 08:00:00,0.4422914859723423,0.22404332726239612,0.6984808020191995,-601877.0423480876
2025-06-06 09:00:00,0.625494617984236,0.22760438531538993,0.6984626633013831,-571848.4654039161
2025-06-06 10:00:00,0.7660713254592343,0.19469887518384368,0.6984444173378914,-582051.1342262567
2025-06-06 11:00:00,0.8544415380969093,0.14419773289023674,0.6984260641381115,-593164.9120540029
2025-06-06 12:00:00,0.8845829719446847,0.2239980605093854,0.6984076037114851,-542132.5354492323
2025-06-06 13:00:00,0.8544415380969093,0.2251372975336272,0.6983890360675096,-554128.5719053653
2025-06-06 14:00:00,0.7660713254592344,0.21028811191914742,0.698370361215737,-554901.3306027612
2025-06-06 15:00:00,0.6254946179842361,0.15362323228308813,0.6983515791657752,-553513.1810468107
2025-06-06 16:00:00,0.4422914859723423,0.1807162286145083,0.6983326899272864,-596481.8320120686
2025-06-06 17:00:00,0.22894692011267342,0.16383239189537677,0.6983136935099884,-586685.9837183743
2025-06-06 18:00:00,1.0833017051723111e-16,0.19250352471096752,0.6982945899236542,-592728.0161026932
2025-06-06 19:00:00,0.0,0.1900200760757475,0.698275379178112,-635924.7814192147
2025-06-06 20:00:00,0.0,0.17470107574114938,0.6982560612832448,-661894.8570971364
2025-06-06 21:00:00,0.0,0.19269451060946627,0.6982366362489908,-635316.7620606597
2025-06-06 22:00:00,0.0,0.20315451768330295,0.6982171040853433,-626975.3168465153
2025-06-06 23:00:00,0.0,0.22466866042790445,0.6981974648023512,-635195.1012707705
2025-06-07 00:00:00,0.0,0.1679937764526236,0.6981777184101178,-640403.5763631501
2025-06-07 01:00:00,0.0,0.171603282172876,0.6981578649188019,-659325.2499392668
2025-06-07 02:00:00,0.0,0.16429768077431278,0.6981379043386174,-637938.510132424
2025-06-07 03:00:00,0.0,0.14817114209076865,0.6981178366798332,-645658.8765700865
2025-06-07 04:00:00,0.0,0.1487027330382289,0.6980976619527732,-613833.1978313758
2025-06-07 05:00:00,0.0,0.14244643825154163,0.6980773801678167,-649121.7012937838
2025-06-07 06:00:00,0.0,0.19399118188299191,0.6980569913353977,-635478.5759916187
2025-06-07 07:00:00,0.22945052837004035,0.18884474754817823,0.6980364954660053,-609981.186857367
2025-06-07 08:00:00,0.44326438241658905,0.14253709561027478,0.698015892570184,-542326.2544671531
2025-06-07 09:00:00,0.6268705013304743,0.21143018133709296,0.6979951826585332,-558474.8900690605
2025-06-07 10:00:00,0.7677564315311728,0.1462497880793527,0.6979743657417073,-558234.885949929
2025-06-07 11:00:00,0.8563210297005148,0.21722589349597912,0.6979534418304156,-560371.5307559655
2025-06-07 12:00:00,0.8865287648331782,0.18554406229813764,0.6979324109354229,-542480.8266808344
2025-06-07 13:00:00,0.8563210297005148,0.16178265201203226,0.6979112730675484,-495420.1807698479
2025-06-07 14:00:00,0.7677564315311729,0.1878874164817054,0.6978900282376671,-570946.5010334243
2025-06-07 15:00:00,0.6268705013304744,0.1449434074135222,0.6978686764567081,-548635.2226557331
2025-06-07 16:00:00,0.44326438241658905,0.16706258001582566,0.6978472177356565,-610257.778445054
2025-06-07 17:00:00,0.2294505283700406,0.225037621368122,0.6978256520855517,-615290.131594824
2025-06-07 18:00:00,1.0856846142050082e-16,0.16522374757896585,0.6978039795174884,-619945.0619626773
2025-06-07 19:00:00,0.0,0.18343895072342734,0.6977822000426163,-617121.2251115219
2025-06-07 20:00:00,0.0,0.14519910804612524,0.6977603136721402,-630251.2636679284
2025-06-07 21:00:00,0.0,0.2216782441478085,0.6977383204173194,-608185.3125187964
2025-06-07 22:00:00,0.0,0.21717357605433635,0.6977162202894689,-619865.8607598651
2025-06-07 23:00:00,0.0,0.20393265327901539,0.6976940132999582,-650798.0371843106
2025-06-08 00:00:00,0.0,0.2239104378168617,0.6976716994602118,-654757.6140644617
2025-06-08 01:00:00,0.0,0.2175995879883894,0.6976492787817095,-628132.0436071107
2025-06-08 02:00:00,0.0,0.19335706990226303,0.6976267512759856,-641330.473676383
2025-06-08 03:00:00,0.0,0.16758937873306012,0.6976041169546296,-627705.60503118
2025-06-08 04:00:00,0.0,0.22212167947606926,0.6975813758292864,-680510.3234464232
2025-06-08 05:00:00,0.0,0.16044531055942934,0.6975585279116548,-639708.6369107044
2025-06-08 06:00:00,0.0,0.14831663321708421,0.6975355732134896,-605649.2202592077
2025-06-08 07:00:00,0.22992065763487987,0.20115530978078477,0.6975125117465996,-650219.6882762593
2025-06-08 08:00:00,0.4441726024137946,0.17574602642296455,0.6974893435228494,-614885.045758003
2025-06-08 09:00:00,0.6281549183681409,0.14125307518156513,0.6974660685541582,-590644.8087471534
2025-06-08 10:00:00,0.7693295147107829,0.1750380416627939,0.6974426868524994,-568902.6304190517
2025-06-08 11:00:00,0.8580755760030209,0.18114802317376782,0.6974191984299027,-567942.4328204055
2025-06-08 12:00:00,0.8883452048275893,0.19497448148972282,0.6973956032984514,-579932.6787799386
2025-06-08 13:00:00,0.8580755760030209,0.1736325483539386,0.6973719014702846,-552804.5302034894
2025-06-08 14:00:00,0.7693295147107829,0.16292773984766795,0.6973480929575958,-548617.183084151
2025-06-08 15:00:00,0.628154918368141,0.20649045509941266,0.6973241777726336,-590211.932339188
2025-06-08 16:00:00,0.4441726024137946,0.18896438305775393,0.6973001559277012,-595867.1153186207
2025-06-08 17:00:00,0.22992065763488012,0.20434630141640847,0.697276027435157,-578873.3331411451
2025-06-08 18:00:00,1.0879091116300071e-16,0.21984921600553717,0.6972517923074143,-606019.2495280353
2025-06-08 19:00:00,0.0,0.1649892654344629,0.6972274505569409,-606600.5699301108
2025-06-08 20:00:00,0.0,0.22310573668244157,0.6972030021962596,-614077.5072423405
2025-06-08 21:00:00,0.0,0.15771253487600564,0.6971784472379483,-648113.7740577204
2025-06-08 22:00:00,0.0,0.1994436326611895,0.6971537856946396,-595976.6211842103
2025-06-08 23:00:00,0.0,0.1500887970338638,0.6971290175790206,-673349.8419797525
2025-06-09 00:00:00,0.0,0.18901739478098556,0.6971041429038335,-693853.8909643205
2025-06-09 01:00:00,0.0,0.16388395298040354,0.6970791616818756,-664517.0814838969
2025-06-09 02:00:00,0.0,0.15399808330534104,0.6970540739259985,-645437.093919593
2025-06-09 03:00:00,0.0,0.14980526134449956,0.6970288796491089,-656471.3147069023
2025-06-09 04:00:00,0.0,0.1916195924253353,0.6970035788641683,-672996.5635214465
2025-06-09 05:00:00,0.0,0.1841778990660381,0.6969781715841931,-657214.0125326294
2025-06-09 06:00:00,0.0,0.14901972025914798,0.6969526578222538,-640448.0523888855
2025-06-09 07:00:00,0.2303571685977443,0.14037564228068422,0.6969270375914768,-612472.5853842295
2025-06-09 08:00:00,0.44501587683877275,0.17576090798224223,0.6969013109050423,-637407.1016457418
2025-06-09 09:00:00,0.6293474884967474,0.19333258420702948,0.6968754777761857,-571652.9670674523
2025-06-09 10:00:00,0.7707901088595684,0.1895725927278722,0.6968495382181975,-553478.5083182284
2025-06-09 11:00:00,0.8597046570944917,0.20373263696768387,0.696823492244422,-571699.7215845456
2025-06-09 12:00:00,0.8900317536775456,0.15225220833075126,0.696797339868259,-560109.3817240467
2025-06-09 13:00:00,0.8597046570944917,0.1659908849301117,0.696771081103163,-552135.8123526047
2025-06-09 14:00:00,0.7707901088595686,0.1751017134537491,0.696744715962643,-557723.346406352
2025-06-09 15:00:00,0.6293474884967475,0.1436615163585176,0.6967182444602628,-542810.8736234428
2025-06-09 16:00:00,0.44501587683877275,0.21490758267940913,0.6966916666096409,-605435.4494015395
2025-06-09 17:00:00,0.23035716859774455,0.1777522931663683,0.6966649824244503,-588359.5229280582
2025-06-09 18:00:00,1.0899745382807117e-16,0.14096892013822027,0.6966381919184195,-594257.1233879853
2025-06-09 19:00:00,0.0,0.14744082376848852,0.6966112951053307,-623583.7726508619
2025-06-09 20:00:00,0.0,0.15211303138985954,0.6965842919990214,-587084.3309648981
2025-06-09 21:00:00,0.0,0.16427053875337458,0.6965571826133835,-615813.3544632042
2025-06-09 22:00:00,0.0,0.18350334522221826,0.6965299669623639,-657522.4792106485
2025-06-09 23:00:00,0.0,0.13990076235882512,0.6965026450599637,-634822.9206577783
2025-06-10 00:00:00,0.0,0.20382654021637073,0.6964752169202393,-616552.1156778703
2025-06-10 01:00:00,0.0,0.15424415643065906,0.6964476825573009,-608690.6655517626
2025-06-10 02:00:00,0.0,0.21435946328260444,0.6964200419853142,-604483.1168676643
2025-06-10 03:00:00,0.0,0.20084450550383717,0.6963922952184988,-654095.1515436849
2025-06-10 04:00:00,0.0,0.19270895337093896,0.6963644422711297,-640145.8101141794
2025-06-10 05:00:00,0.0,0.16446882340549285,0.6963364831575358,-633443.9482177009
2025-06-10 06:00:00,0.0,0.154232509039682,0.6963084178921013,-640570.4858307095
2025-06-10 07:00:00,0.2307599319110147,0.1488776323769026,0.6962802464892642,-605026.6836573735
2025-06-10 08:00:00,0.44579395581111203,0.1725896192030374,0.6962519689635178,-588577.3178434784
2025-06-10 09:00:00,0.6304478583320269,0.17601140044208552,0.69622358532941,-595448.0245280754
2025-06-10 10:00:00,0.772137781171961,0.1822882065288888,0.6961950956015426,-570785.067859087
2025-06-10 11:00:00,0.8612077902430417,0.1777852323676249,0.6961664997945727,-588368.8312820239
2025-06-10 12:00:00,0.8915879116222242,0.1850651744674206,0.6961377979232114,-515537.7936899298
2025-06-10 13:00:00,0.8612077902430417,0.19657711754779783,0.6961089900022251,-575103.4553977738
2025-06-10 14:00:00,0.7721377811719611,0.1911058604037721,0.696080076046434,-569533.3801701923
2025-06-10 15:00:00,0.630447858332027,0.2081219994516697,0.6960510560707132,-547431.0536148158
2025-06-10 16:00:00,0.44579395581111203,0.19831363198323035,0.6960219300899925,-593474.6462692438
2025-06-10 17:00:00,0.23075993191101496,0.1485238911386659,0.6959926981192557,-589731.8712376136
2025-06-10 18:00:00,1.09188028212663e-16,0.14408410301174102,0.6959633601735419,-563660.9004747351
2025-06-10 19:00:00,0.0,0.15423806626181644,0.6959339162679439,-621131.2012963332
2025-06-10 20:00:00,0.0,0.16939122954093513,0.6959043664176097,-636199.8961404384
2025-06-10 21:00:00,0.0,0.13773580138266686,0.6958747106377413,-686198.3498252948
2025-06-10 22:00:00,0.0,0.1673870211043842,0.6958449489435957,-649169.3383730367
2025-06-10 23:00:00,0.0,0.15278516830237107,0.6958150813504838,-675791.6268217474
2025-06-11 00:00:00,0.0,0.15055344188159722,0.6957851078737713,-665222.6523056409
2025-06-11 01:00:00,0.0,0.20640926111171823,0.6957550285288787,-637506.4958043647
2025-06-11 02:00:00,0.0,0.18138763361279606,0.6957248433312802,-618960.0500275599
2025-06-11 03:00:00,0.0,0.1797340538506622,0.695694552296505,-618318.9685046535
2025-06-11 04:00:00,0.0,0.1448374452016805,0.6956641554401367,-634746.3055337139
2025-06-11 05:00:00,0.0,0.16279063914352243,0.6956336527778131,-656152.0674543217
2025-06-11 06:00:00,0.0,0.20740158266392905,0.6956030443252269,-590982.7351893603
2025-06-11 07:00:00,0.23112882822722902,0.16451443851816555,0.6955723300981246,-586680.9022509505
2025-06-11 08:00:00,0.44650660876922066,0.19556828116838887,0.6955415101123076,-594742.9236181374
2025-06-11 09:00:00,0.6314557018106494,0.1810612731034058,0.6955105843836316,-571517.7130666927
2025-06-11 10:00:00,0.7733721323035695,0.13923089719319473,0.6954795529280065,-605718.1787737788
2025-06-11 11:00:00,0.8625845300378786,0.18788364532449023,0.6954484157613967,-541469.9263760366
2025-06-11 12:00:00,0.8930132175384414,0.16178046176760194,0.6954171728998212,-586131.4815603337
2025-06-11 13:00:00,0.8625845300378786,0.21593773958698248,0.6953858243593531,-539304.2857628546
2025-06-11 14:00:00,0.7733721323035696,0.16563613398304752,0.6953543701561201,-602042.5888452119
2025-06-11 15:00:00,0.6314557018106495,0.1531110754111407,0.6953228103063039,-595774.4730861488
2025-06-11 16:00:00,0.44650660876922066,0.17426275065071145,0.695291144826141,-559670.3269995928
2025-06-11 17:00:00,0.23112882822722927,0.20476764390634755,0.6952593737319218,-560752.5132554062
2025-06-11 18:00:00,1.0936257784547312e-16,0.18411223426650292,0.6952274970399913,-557010.3740190489
2025-06-11 19:00:00,0.0,0.1469814949264085,0.6951955147667489,-593868.9515903003
2025-06-11 20:00:00,0.0,0.1896225089163492,0.6951634269286482,-631876.611584324
2025-06-11 21:00:00,0.0,0.16248270208300622,0.6951312335421971,-627932.5183837607
2025-06-11 22:00:00,0.0,0.19993788293534476,0.6950989346239576,-601518.1659102584
2025-06-11 23:00:00,0.0,0.1876461388856987,0.6950665301905464,-654643.3657423157
2025-06-12 00:00:00,0.0,0.21522657358011893,0.6950340202586343,-596148.5881182173
2025-06-12 01:00:00,0.0,0.18065944560595532,0.6950014048449461,-616485.4095966121
2025-06-12 02:00:00,0.0,0.19848876662932924,0.6949686839662614,-678752.5943783855
2025-06-12 03:00:00,0.0,0.16914101849613505,0.6949358576394137,-649946.5092251734
2025-06-12 04:00:00,0.0,0.1564681150166663,0.6949029258812908,-683448.6685155679
2025-06-12 05:00:00,0.0,0.21425203900969422,0.6948698887088347,-666812.6352165912
2025-06-12 06:00:00,0.0,0.15971404752420124,0.6948367461390419,-629064.9794954379
2025-06-12 07:00:00,0.23146374823444738,0.13726919843753374,0.6948034981889627,-609564.2882433747
2025-06-12 08:00:00,0.4471536245386469,0.16913188980095184,0.694770144875702,-590298.2165565038
2025-06-12 09:00:00,0.6323707202868413,0.14531342287662102,0.6947366862164186,-581402.5387072028
2025-06-12 10:00:00,0.774492796489514,0.1762832743325026,0.6947031222283258,-600669.8652020831
2025-06-12 11:00:00,0.8638344685212888,0.2069009456576174,0.6946694529286908,-555748.3742197766
2025-06-12 12:00:00,0.8943072490772939,0.15952339377132713,0.6946356783348351,-538542.4865496315
2025-06-12 13:00:00,0.8638344685212888,0.16902135265710028,0.6946017984641345,-534239.4210500976
2025-06-12 14:00:00,0.7744927964895141,0.14097295468775387,0.6945678133340187,-558464.9988675065
2025-06-12 15:00:00,0.6323707202868414,0.19286046572582402,0.6945337229619717,-563723.9697427523
2025-06-12 16:00:00,0.4471536245386469,0.15534725649964504,0.6944995273655317,-547566.916420852
2025-06-12 17:00:00,0.23146374823444762,0.20509497202640278,0.6944652265622909,-549362.627094523
2025-06-12 18:00:00,1.0952105100367827e-16,0.20957563013128727,0.6944308205698958,-612260.0261779865
2025-06-12 19:00:00,0.0,0.16963048753600327,0.6943963094060467,-606163.3695148615
2025-06-12 20:00:00,0.0,0.17363509508289762,0.6943616930884985,-602368.1242345975
2025-06-12 21:00:00,0.0,0.17831453721351045,0.6943269716350595,-654842.8443907491
2025-06-12 22:00:00,0.0,0.14420900181254265,0.6942921450635928,-662570.3929034212
2025-06-12 23:00:00,0.0,0.1943849985235903,0.6942572133920153,-683376.304789751
2025-06-13 00:00:00,0.0,0.16235280922518408,0.6942221766382978,-652100.8280010388
2025-06-13 01:00:00,0.0,0.1443358374393639,0.6941870348204653,-640041.9330902739
2025-06-13 02:00:00,0.0,0.18744095865671062,0.6941517879565969,-655596.607431921
2025-06-13 03:00:00,0.0,0.1916493479527905,0.6941164360648256,-646872.60673435
2025-06-13 04:00:00,0.0,0.17117281340690782,0.6940809791633389,-658561.7262590015
2025-06-13 05:00:00,0.0,0.15452489993061264,0.6940454172703775,-619780.949224576
2025-06-13 06:00:00,0.0,0.19315064386680783,0.6940097504042367,-631616.7051976002
2025-06-13 07:00:00,0.23176459268864336,0.17969922182123765,0.6939739785832659,-627060.1500001869
2025-06-13 08:00:00,0.4477348113946544,0.15096944233342455,0.693938101825868,-595596.9011488815
2025-06-13 09:00:00,0.63319264262088,0.1645038783039973,0.6939021201505001,-614716.4221753957
2025-06-13 10:00:00,0.77549944165281,0.15592439423920895,0.6938660335756737,-536019.713298885
2025-06-13 11:00:00,0.8649572353095234,0.16512336641980543,0.6938298421199535,-563401.7417000184
2025-06-13 12:00:00,0.8954696227893089,0.14002850882538329,0.6937935458019587,-534586.1949475562
2025-06-13 13:00:00,0.8649572353095234,0.16961586917341487,0.6937571446403624,-579705.383260526
2025-06-13 14:00:00,0.7754994416528102,0.16327192072834415,0.6937206386538913,-547561.2429978165
2025-06-13 15:00:00,0.6331926426208802,0.1327786752392378,0.6936840278613267,-542517.0724017824
2025-06-13 16:00:00,0.4477348113946544,0.19874482361652096,0.6936473122815028,-562073.3333368405
2025-06-13 17:00:00,0.2317645926886436,0.15193774588118783,0.6936104919333087,-605390.5620043303
2025-06-13 18:00:00,1.0966340072826149e-16,0.17095275284081402,0.6935735668356869,-600138.7157378697
2025-06-13 19:00:00,0.0,0.2027021442479233,0.6935365370076338,-636679.9434994077
2025-06-13 20:00:00,0.0,0.2024983808386489,0.6934994024682,-648326.7295855766
2025-06-13 21:00:00,0.0,0.17050911228827592,0.6934621632364895,-646477.7669714515
2025-06-13 22:00:00,0.0,0.13953258472406324,0.6934248193316602,-642166.9310183598
2025-06-13 23:00:00,0.0,0.13736130077360778,0.6933873707729244,-644105.4157618291
2025-06-14 00:00:00,0.0,0.16525776334390993,0.693349817579548,-707966.0112722317
2025-06-14 01:00:00,0.0,0.20063530571357316,0.6933121597708501,-662016.61158038
2025-06-14 02:00:00,0.0,0.13392483353211085,0.6932743973662044,-681049.2089109522
2025-06-14 03:00:00,0.0,0.20175399378224684,0.6932365303850383,-624992.0641232152
2025-06-14 04:00:00,0.0,0.1869207017608241,0.6931985588468327,-678832.329350056
2025-06-14 05:00:00,0.0,0.13205512239473402,0.6931604827711223,-612488.3004789493
2025-06-14 06:00:00,0.0,0.14720818227176366,0.6931223021774959,-624126.8239933855
2025-06-14 07:00:00,0.23203127244311253,0.14556238885020617,0.6930840170855959,-585525.7322797552
2025-06-14 08:00:00,0.44824999711903474,0.1419665319338486,0.6930456275151182,-606805.4183410816
2025-06-14 09:00:00,0.6339212252594397,0.20333951899489253,0.693007133485813,-586603.8966629226
2025-06-14 10:00:00,0.7763917695027711,0.17481526586341056,0.6929685350174837,-580189.7852862831
2025-06-14 11:00:00,0.8659524977025522,0.18380497073203572,0.6929298321299878,-572954.1705168339
2025-06-14 12:00:00,0.8964999942380696,0.1664634829907988,0.6928910248432363,-523849.4099263482
2025-06-14 13:00:00,0.8659524977025522,0.1892516573396379,0.6928521131771941,-546150.691493338
2025-06-14 14:00:00,0.7763917695027712,0.15715310751358508,0.6928130971518794,-599448.7070055031
2025-06-14 15:00:00,0.6339212252594398,0.15139323683389339,0.6927739767873649,-567628.0963684754
2025-06-14 16:00:00,0.44824999711903474,0.14237704597452164,0.692734752103776,-555181.6522906579
2025-06-14 17:00:00,0.23203127244311278,0.14501990207601692,0.6926954231212924,-585097.2260151268
2025-06-14 18:00:00,1.0978958483792725e-16,0.18891466249129263,0.6926559898601472,-584649.4139674725
2025-06-14 19:00:00,0.0,0.1514323445648005,0.6926164523406274,-608070.7616506296
2025-06-14 20:00:00,0.0,0.20417813097475745,0.6925768105830734,-602181.8850212559
2025-06-14 21:00:00,0.0,0.15516651459658157,0.6925370646078791,-668782.4558888248
2025-06-14 22:00:00,0.0,0.15338467196594788,0.6924972144354925,-616757.7203899737
2025-06-14 23:00:00,0.0,0.14796909103541525,0.6924572600864147,-677808.0008491754
2025-06-15 00:00:00,0.0,0.1865057350675898,0.6924172015812007,-688181.4701616552
2025-06-15 01:00:00,0.0,0.17292057099320798,0.692377038940459,-688312.9257755484
2025-06-15 02:00:00,0.0,0.13692008254508736,0.6923367721848517,-689891.1058653556
2025-06-15 03:00:00,0.0,0.1484443929997547,0.6922964013350943,-685420.7327072299
2025-06-15 04:00:00,0.0,0.17209023554317876,0.6922559264119561,-674757.5991113245
2025-06-15 05:00:00,0.0,0.14396783620058395,0.6922153474362598,-707647.0483296852
2025-06-15 06:00:00,0.0,0.1763582925953496,0.6921746644288815,-673022.0213157348
2025-06-15 07:00:00,0.23226370847488814,0.15295403357115345,0.6921338774107513,-627443.9737683325
2025-06-15 08:00:00,0.4486990290511391,0.16878082116495857,0.6920929864028522,-602004.5771789874
2025-06-15 09:00:00,0.6345562523077604,0.18716050546580792,0.6920519914262211,-644734.6539314112
2025-06-15 10:00:00,0.7771695156233966,0.1318478632389558,0.6920108925019484,-556189.6333354344
2025-06-15 11:00:00,0.8668199607826486,0.1783533621492179,0.6919696896511774,-582028.6231998376
2025-06-15 12:00:00,0.8973980581022784,0.1415935619703839,0.6919283828951059,-568143.6159064601
2025-06-15 13:00:00,0.8668199607826486,0.19590988867116638,0.6918869722549841,-562428.1894374146
2025-06-15 14:00:00,0.7771695156233968,0.20535719223875526,0.6918454577521164,-572186.0168457972
2025-06-15 15:00:00,0.6345562523077605,0.16392649127638637,0.6918038394078603,-580805.1591983966
2025-06-15 16:00:00,0.4486990290511391,0.1818527940288518,0.6917621172436265,-540743.0366957929
2025-06-15 17:00:00,0.2322637084748884,0.19055972787269337,0.6917202912808796,-604589.0169699435
2025-06-15 18:00:00,1.0989956594160057e-16,0.13181533414531568,0.6916783615411376,-624294.3983879454
2025-06-15 19:00:00,0.0,0.19241606265180017,0.6916363280459712,-589744.3084838556
2025-06-15 20:00:00,0.0,0.1560046014343709,0.6915941908170053,-611824.7081335236
2025-06-15 21:00:00,0.0,0.18951199874584335,0.6915519498759177,-660082.2955613064
2025-06-15 22:00:00,0.0,0.17601902534688135,0.6915096052444396,-670223.8195910101
2025-06-15 23:00:00,0.0,0.14396642493741982,0.6914671569443558,-670041.4614972438
2025-06-16 00:00:00,0.0,0.1478776119518429,0.691424604997504,-639276.2948365939
2025-06-16 01:00:00,0.0,0.16812114347356483,0.6913819494257756,-662423.1964182217
2025-06-16 02:00:00,0.0,0.18957316223471085,0.6913391902511152,-640983.2830686962
2025-06-16 03:00:00,0.0,0.2035346412320379,0.6912963274955207,-651181.2930538025
2025-06-16 04:00:00,0.0,0.19088077828773387,0.6912533611810432,-591328.8671847465
2025-06-16 05:00:00,0.0,0.1874579648629814,0.6912102913297872,-670192.2421508457
2025-06-16 06:00:00,0.0,0.18928722271965012,0.6911671179639103,-661392.6949138471
2025-06-16 07:00:00,0.23246183190815758,0.2014001103394778,0.6911238411056236,-669780.577849253
2025-06-16 08:00:00,0.44908177413311523,0.17836818602546944,0.6910804607771912,-622353.6110052443
2025-06-16 09:00:00,0.6350975355936226,0.145925661560234,0.6910369770009307,-593543.225269929
2025-06-16 10:00:00,0.7778324495517265,0.19846893245436717,0.6909933897992124,-603791.751353748
2025-06-16 11:00:00,0.8675593675017802,0.16130358056860003,0.6909496991944607,-543713.3290760751
2025-06-16 12:00:00,0.8981635482662306,0.19900167031336546,0.6909059052091522,-556943.5517997933
2025-06-16 13:00:00,0.8675593675017802,0.1569283426255491,0.6908620078658173,-583878.7117782182
2025-06-16 14:00:00,0.7778324495517266,0.1627532334310312,0.6908180071870395,-550541.2804182951
2025-06-16 15:00:00,0.6350975355936227,0.19849302249429773,0.6907739031954554,-550298.2239536433
2025-06-16 16:00:00,0.44908177413311523,0.16527476202107363,0.6907296959137547,-587506.1943093484
2025-06-16 17:00:00,0.23246183190815783,0.17712007557485612,0.69068538536468,-626949.3344485401
2025-06-16 18:00:00,1.0999331144950686e-16,0.1837217714865182,0.6906409715710277,-610534.1363140577
2025-06-16 19:00:00,0.0,0.15551388927564094,0.6905964545556467,-627024.3113824343
2025-06-16 20:00:00,0.0,0.13569715821832556,0.6905518343414393,-631928.1879442787
2025-06-16 21:00:00,0.0,0.20091300285865607,0.6905071109513606,-622642.1462785506
2025-06-16 22:00:00,0.0,0.18751634546086635,0.6904622844084194,-662077.718838039
2025-06-16 23:00:00,0.0,0.14085190290610258,0.6904173547356768,-650857.4926629041
2025-06-17 00:00:00,0.0,0.13488400992166638,0.6903723219562475,-700971.324337644
2025-06-17 01:00:00,0.0,0.16399067761092567,0.690327186093299,-697867.4858475713
2025-06-17 02:00:00,0.0,0.1947878670324273,0.6902819471700519,-601755.0136797845
2025-06-17 03:00:00,0.0,0.12686086784008443,0.6902366052097797,-669229.3837566853
2025-06-17 04:00:00,0.0,0.1927092847991928,0.6901911602358092,-637481.1546178068
2025-06-17 05:00:00,0.0,0.1860481196264005,0.6901456122715198,-615352.3594513122
2025-06-17 06:00:00,0.0,0.16978803089091957,0.6900999613403443,-647295.2383977531
2025-06-17 07:00:00,0.23262558403467182,0.15481610946491287,0.6900542074657683,-642262.9373264936
2025-06-17 08:00:00,0.44939811894933496,0.1931912402874898,0.6900083506713302,-582811.0505350854
2025-06-17 09:00:00,0.6355449147231069,0.16758262898796028,0.6899623909806214,-561292.5784485097
2025-06-17 10:00:00,0.7783803748461301,0.131838410862145,0.6899163284172866,-584939.1018801427
2025-06-17 11:00:00,0.8681704987577789,0.1894644246782906,0.6898701630050228,-612178.6606292684
2025-06-17 12:00:00,0.89879623789867,0.1432660339927477,0.6898238947675804,-552158.1074401871
2025-06-17 13:00:00,0.8681704987577789,0.1765409143098514,0.6897775237287628,-583350.2459472085
2025-06-17 14:00:00,0.7783803748461302,0.15789130530521425,0.6897310499124256,-573304.2158271386
2025-06-17 15:00:00,0.635544914723107,0.18708413257246892,0.6896844733424781,-551649.5940432533
2025-06-17 16:00:00,0.44939811894933496,0.15158977464579634,0.6896377940428817,-613285.9487756384
2025-06-17 17:00:00,0.23262558403467207,0.13752500134415369,0.6895910120376514,-583820.7112128963
2025-06-17 18:00:00,1.1007079358282892e-16,0.1642184280065355,0.6895441273508545,-585369.1745797875
2025-06-17 19:00:00,0.0,0.12786155867577134,0.6894971400066112,-640195.6646510257
2025-06-17 20:00:00,0.0,0.15902990195685773,0.6894500500290948,-612342.5355297585
2025-06-17 21:00:00,0.0,0.187863286030014,0.6894028574425309,-664979.577102375
2025-06-17 22:00:00,0.0,0.1533930743536957,0.6893555622711985,-652822.2169923162
2025-06-17 23:00:00,0.0,0.18869215924459007,0.689308164539429,-676370.8776956841
2025-06-18 00:00:00,0.0,0.14364007060225512,0.6892606642716065,-656255.976070973
2025-06-18 01:00:00,0.0,0.1282611227977518,0.6892130614921682,-670698.7370711967
2025-06-18 02:00:00,0.0,0.16762654023440726,0.6891653562256035,-703188.6828603377
2025-06-18 03:00:00,0.0,0.16643444694552367,0.6891175484964551,-659995.7348532131
2025-06-18 04:00:00,0.0,0.1549733546497803,0.6890696383293181,-676391.5075860701
2025-06-18 05:00:00,0.0,0.16112458393301998,0.6890216257488403,-651568.4054910563
2025-06-18 06:00:00,0.0,0.15665193856428847,0.6889735107797224,-621112.9199775772
2025-06-18 07:00:00,0.23275491633114165,0.15551394229713827,0.6889252934467175,-638609.6507593862
2025-06-18 08:00:00,0.44964796976000193,0.1293641449983771,0.6888769737746314,-577450.7476481122
2025-06-18 09:00:00,0.6358982571281221,0.1819452145627523,0.6888285517883228,-544345.3565603733
2025-06-18 10:00:00,0.7788131291445175,0.16626953441210446,0.6887800275127028,-567254.1394050416
2025-06-18 11:00:00,0.8686531734592638,0.14304304180986216,0.6887314009727351,-575438.3521026301
2025-06-18 12:00:00,0.899295939520004,0.16152482219905231,0.6886826721934364,-556958.1994847778
2025-06-18 13:00:00,0.8686531734592638,0.19015768381218712,0.6886338411998753,-522736.1150429144
2025-06-18 14:00:00,0.7788131291445176,0.14660109975246075,0.6885849080171736,-615036.1710328548
2025-06-18 15:00:00,0.6358982571281221,0.14940538201874326,0.6885358726705054,-560633.0660513154
2025-06-18 16:00:00,0.44964796976000193,0.17664138156238407,0.6884867351850976,-577712.8221095207
2025-06-18 17:00:00,0.2327549163311419,0.19123700094453494,0.6884374955862292,-600599.4140340826
2025-06-18 18:00:00,1.1013198938193846e-16,0.14545816149931504,0.6883881538992322,-607177.1826635101
2025-06-18 19:00:00,0.0,0.18469921285264834,0.6883387101494909,-628312.9341079311
2025-06-18 20:00:00,0.0,0.12495940002350968,0.688289164362442,-633963.7859889783
2025-06-18 21:00:00,0.0,0.18715134818216583,0.688239516563575,-643044.9404030715
2025-06-18 22:00:00,0.0,0.17227479573703963,0.6881897667784314,-657326.915021843
2025-06-18 23:00:00,0.0,0.1267052296591145,0.6881399150326056,-653742.5041204217
2025-06-19 00:00:00,0.0,0.16540854344888756,0.6880899613517445,-707418.2047810302
2025-06-19 01:00:00,0.0,0.17894930236012668,0.6880399057615472,-654555.3622850508
2025-06-19 02:00:00,0.0,0.1679897803784461,0.6879897482877652,-647873.7923482643
2025-06-19 03:00:00,0.0,0.15359755265693742,0.6879394889562024,-626562.093365758
2025-06-19 04:00:00,0.0,0.17381833975873862,0.6878891277927154,-659266.2443290193
2025-06-19 05:00:00,0.0,0.14204202332316027,0.6878386648232131,-643722.1276301641
2025-06-19 06:00:00,0.0,0.1280981226725886,0.6877881000736563,-622426.6892614778
2025-06-19 07:00:00,0.23284979047361642,0.1594913806583004,0.687737433570059,-601036.6398221522
2025-06-19 08:00:00,0.4498312525289287,0.13300229935962812,0.6876866653384867,-551004.0377872495
2025-06-19 09:00:00,0.6361574581056876,0.1422682083528213,0.6876357954050576,-579370.993597908
2025-06-19 10:00:00,0.7791305842124506,0.17789393113110952,0.6875848237959427,-557353.3385128973
2025-06-19 11:00:00,0.8690072485793041,0.17808146724158358,0.6875337505373644,-551922.9463517269
2025-06-19 12:00:00,0.8996625050578575,0.1868522723064181,0.687482575655598,-609940.5589079912
2025-06-19 13:00:00,0.8690072485793041,0.1632832537098272,0.6874312991769708,-541621.0645985975
2025-06-19 14:00:00,0.7791305842124507,0.129472135796351,0.6873799211278627,-566170.771317489
2025-06-19 15:00:00,0.6361574581056877,0.12555804210932817,0.6873284415347056,-577747.3757213271
2025-06-19 16:00:00,0.4498312525289287,0.12983528480563777,0.6872768604239835,-572133.5564644152
2025-06-19 17:00:00,0.23284979047361667,0.15271089903780394,0.687225177822233,-610444.0929051557
2025-06-19 18:00:00,1.1017688071319946e-16,0.16960163496869124,0.6871733937560427,-620257.9703529009
2025-06-19 19:00:00,0.0,0.14230896833109474,0.6871215082520533,-583615.8841878058
2025-06-19 20:00:00,0.0,0.13169402564743476,0.687069521336958,-607152.4172902383
2025-06-19 21:00:00,0.0,0.18869554370535552,0.6870174330375018,-638055.4217377137
2025-06-19 22:00:00,0.0,0.13636080556918329,0.6869652433804821,-637158.5459557147
2025-06-19 23:00:00,0.0,0.1923274778246144,0.6869129523927485,-641951.8941364675
2025-06-20 00:00:00,0.0,0.1425832797052907,0.6868605601012024,-648672.3070927517
2025-06-20 01:00:00,0.0,0.187327004655749,0.6868080665327978,-660504.4970408587
2025-06-20 02:00:00,0.0,0.1934281179891959,0.6867554717145403,-642685.0513595353
2025-06-20 03:00:00,0.0,0.13773031433848432,0.6867027756734879,-664585.4297060948
2025-06-20 04:00:00,0.0,0.17952668707413563,0.6866499784367507,-642356.901579681
2025-06-20 05:00:00,0.0,0.15841375739914954,0.6865970800314906,-618353.1421846607
2025-06-20 06:00:00,0.0,0.12335868012891665,0.6865440804849217,-625975.9248496848
2025-06-20 07:00:00,0.23291017834884017,0.18975455975949118,0.6864909798243103,-635058.7875496537
2025-06-20 08:00:00,0.4499479129454754,0.13894472257986581,0.6864377780769745,-607145.9382960004
2025-06-20 09:00:00,0.6363224408489601,0.13395908304361512,0.6863844752702842,-662122.5543806751
2025-06-20 10:00:00,0.7793326459811416,0.19068408681422389,0.686331071431662,-576522.3222334029
2025-06-20 11:00:00,0.8692326191978004,0.12976158122900092,0.6862775665885819,-562979.0464840507
2025-06-20 12:00:00,0.899895825890951,0.12816647521157384,0.6862239607685698,-534745.654483793
2025-06-20 13:00:00,0.8692326191978004,0.16103452506337687,0.686170253999204,-559720.5965732366
2025-06-20 14:00:00,0.7793326459811417,0.1436607206314885,0.6861164463081141,-556487.3677980016
2025-06-20 15:00:00,0.6363224408489602,0.18907540325016334,0.6860625377229824,-541767.7978391841
2025-06-20 16:00:00,0.4499479129454754,0.13602725143211497,0.6860085282715425,-516266.80779952917
2025-06-20 17:00:00,0.23291017834884042,0.17050703220476304,0.6859544179815801,-603369.3977730686
2025-06-20 18:00:00,1.102054542743417e-16,0.1482658991516873,0.6859002068809328,-621163.233529109
2025-06-20 19:00:00,0.0,0.1358400398384435,0.6858458949974902,-654507.9076601109
2025-06-20 20:00:00,0.0,0.12942747308519262,0.6857914823591932,-647473.5995213055
2025-06-20 21:00:00,0.0,0.12909487807879116,0.6857369689940352,-693835.6088352805
2025-06-20 22:00:00,0.0,0.1420482374148204,0.6856823549300612,-619971.347127641
2025-06-20 23:00:00,0.0,0.12109458087845873,0.6856276401953678,-642328.7195362737
2025-06-21 00:00:00,0.0,0.15284112992484655,0.6855728248181036,-662191.9767648543
2025-06-21 01:00:00,0.0,0.19047318894409554,0.6855179088264689,-684127.0812003313
2025-06-21 02:00:00,0.0,0.1349933032621686,0.6854628922487156,-638727.2139222869
2025-06-21 03:00:00,0.0,0.186454076134699,0.6854077751131479,-712344.3493162652
2025-06-21 04:00:00,0.0,0.13398990022658808,0.6853525574481208,-685076.921324782
2025-06-21 05:00:00,0.0,0.16922693011374096,0.6852972392820422,-618411.6472257443
2025-06-21 06:00:00,0.0,0.19015144101213197,0.6852418206433707,-599091.331138325
2025-06-21 07:00:00,0.23293606206258216,0.14573172576250426,0.685186301560617,-591079.7827929014
2025-06-21 08:00:00,0.4499979164406427,0.18783933075103043,0.6851306820623435,-618617.7203444868
2025-06-21 09:00:00,0.6363931564699916,0.16810289298497103,0.6850749621771642,-543341.9074634705
2025-06-21 10:00:00,0.7794192545753275,0.17839324712476817,0.6850191419337448,-586546.8831234648
2025-06-21 11:00:00,0.8693292185325739,0.12458211029327365,0.6849632213608023,-617701.9459635507
2025-06-21 12:00:00,0.8999958328812855,0.12126182703035088,0.684907200487106,-577828.9363738386
2025-06-21 13:00:00,0.8693292185325739,0.13656743200988558,0.6848510793414762,-552575.5212214196
2025-06-21 14:00:00,0.7794192545753276,0.12991525453066086,0.6847948579527848,-611571.874660195
2025-06-21 15:00:00,0.6363931564699917,0.17451357505228704,0.6847385363499556,-575078.5995320282
2025-06-21 16:00:00,0.4499979164406427,0.12048587950474805,0.684682114561964,-598485.9001422895
2025-06-21 17:00:00,0.2329360620625824,0.12313634357157732,0.6846255926178365,-607665.5015257172
2025-06-21 18:00:00,1.1021770159840226e-16,0.13848616769993627,0.6845689705466514,-614234.7235843884
2025-06-21 19:00:00,0.0,0.16451830570758966,0.6845122483775385,-631250.8784756531
2025-06-21 20:00:00,0.0,0.13571650819664768,0.6844554261396792,-608564.3781031783
2025-06-21 21:00:00,0.0,0.1473918899646266,0.6843985038623062,-648597.9703854958
2025-06-21 22:00:00,0.0,0.13255612917180734,0.6843414815747035,-633170.9470583973
2025-06-21 23:00:00,0.0,0.17374464252823385,0.684284359306207,-687735.5947308016
2025-06-22 00:00:00,0.0,0.1805270672969254,0.684227137086204,-692765.877669584
2025-06-22 01:00:00,0.0,0.14526473098320855,0.6841698149441325,-680116.0969944842
2025-06-22 02:00:00,0.0,0.16670574600994892,0.6841123929094829,-635383.9502533783
2025-06-22 03:00:00,0.0,0.18753853965819356,0.6840548710117965,-652719.8598091322
2025-06-22 04:00:00,0.0,0.17148409840357715,0.6839972492806657,-671658.0207118179
2025-06-22 05:00:00,0.0,0.1493696772112568,0.683939527745735,-635509.0974468061
2025-06-22 06:00:00,0.0,0.13954213822555941,0.6838817064366995,-637583.7499781694
2025-06-22 07:00:00,0.23292743394493945,0.12458376622511663,0.683823785383306,-630043.7118476634
2025-06-22 08:00:00,0.449981248197316,0.1758060588004765,0.6837657646153524,-587282.7923336994
2025-06-22 09:00:00,0.6363695840142182,0.12837868499087743,0.6837076441626886,-600594.5460899516
2025-06-22 10:00:00,0.7793903843310126,0.17827179662782766,0.6836494240552147,-570196.8918888276
2025-06-22 11:00:00,0.8692970179591577,0.1416181556202308,0.6835911043228827,-600259.7184222413
2025-06-22 12:00:00,0.8999624963946321,0.16852210620340852,0.683532684995696,-562101.1661388759
2025-06-22 13:00:00,0.8692970179591577,0.17692271083731426,0.6834741661037088,-552140.5551482373
2025-06-22 14:00:00,0.7793903843310127,0.15542550990774928,0.6834155476770267,-602791.9638149189
2025-06-22 15:00:00,0.6363695840142182,0.1567198132034323,0.6833568297458067,-558217.4951011287
2025-06-22 16:00:00,0.449981248197316,0.1551491029258975,0.6832980123402568,-594762.5904076882
2025-06-22 17:00:00,0.2329274339449397,0.16178441090732754,0.6832390954906359,-598544.5820715401
2025-06-22 18:00:00,1.1021361905623475e-16,0.12131002415891548,0.6831800792272548,-589732.6728837987
2025-06-22 19:00:00,0.0,0.12316373054977328,0.6831209635804746,-614749.4967780738
2025-06-22 20:00:00,0.0,0.18132562881241598,0.6830617485807082,-614153.817848964
2025-06-22 21:00:00,0.0,0.12237466296397931,0.6830024342584192,-619273.6684102183
2025-06-22 22:00:00,0.0,0.15427019700574973,0.6829430206441225,-652567.5733261391
2025-06-22 23:00:00,0.0,0.12424364263320037,0.6828835077683839,-640590.7249410547
2025-06-23 00:00:00,0.0,0.14057946123130788,0.6828238956618206,-702998.4113702254
2025-06-23 01:00:00,0.0,0.13119379085275903,0.6827641843551006,-691317.7876031565
2025-06-23 02:00:00,0.0,0.14139842117212456,0.6827043738789427,-683053.8873354908
2025-06-23 03:00:00,0.0,0.18171792799903497,0.6826444642641173,-662785.4265249935
2025-06-23 04:00:00,0.0,0.16752654751931773,0.6825844555414453,-656687.2465205241
2025-06-23 05:00:00,0.0,0.12216853392547966,0.6825243477417988,-643248.1568656886
2025-06-23 06:00:00,0.0,0.1583601402032607,0.6824641408961011,-620061.4155564811
2025-06-23 07:00:00,0.23288429655260948,0.12357104318227925,0.6824038350353259,-640927.4249566107
2025-06-23 08:00:00,0.4498979131546554,0.136127471586525,0.6823434301904984,-604878.0995388041
2025-06-23 09:00:00,0.6362517304666665,0.1368819322596547,0.6822829263926942,-598319.768659422
2025-06-23 10:00:00,0.7792460438030735,0.14844920583992768,0.6822223236730401,-529458.8672916293
2025-06-23 11:00:00,0.8691360270192761,0.18467451696626544,0.6821616220627141,-592724.5514184713
2025-06-23 12:00:00,0.8997958263093109,0.15610057210862907,0.6821008215929444,-463425.5649851551
2025-06-23 13:00:00,0.8691360270192761,0.11774259040961549,0.6820399222950104,-580235.4777493094
2025-06-23 14:00:00,0.7792460438030736,0.1430101782590854,0.6819789242002426,-560762.6942016815
2025-06-23 15:00:00,0.6362517304666666,0.1591331332426945,0.6819178273400219,-578995.4750992478
2025-06-23 16:00:00,0.4498979131546554,0.11628333321526739,0.6818566317457803,-559933.2424729953
2025-06-23 17:00:00,0.23288429655260973,0.17505428260840436,0.6817953374490002,-595756.704143413
2025-06-23 18:00:00,1.1019320785758455e-16,0.14234433089295492,0.6817339444812154,-625783.1539535836
2025-06-23 19:00:00,0.0,0.17898159080055442,0.68167245287401,-580729.6231659437
2025-06-23 20:00:00,0.0,0.1318356885404976,0.6816108626590188,-595151.9784920617
2025-06-23 21:00:00,0.0,0.11730995254556252,0.6815491738679278,-667414.7141106174
2025-06-23 22:00:00,0.0,0.15356027665027938,0.6814873865324731,-704469.2793850038
2025-06-23 23:00:00,0.0,0.14829119873867444,0.681425500684442,-665817.8497799638
2025-06-24 00:00:00,0.0,0.12031852741170289,0.6813635163556723,-658979.7842296858
2025-06-24 01:00:00,0.0,0.1152561616521602,0.6813014335780522,-630658.1885047588
2025-06-24 02:00:00,0.0,0.12654940865686734,0.681239252383521,-667917.9255546533
2025-06-24 03:00:00,0.0,0.1314401908144647,0.6811769728040685,-663038.3236853797
2025-06-24 04:00:00,0.0,0.11509433340821949,0.6811145948717348,-619476.5376888703
2025-06-24 05:00:00,0.0,0.12011972724725786,0.6810521186186111,-665604.5300715065
2025-06-24 06:00:00,0.0,0.1701973680203012,0.6809895440768389,-610860.1440003093
2025-06-24 07:00:00,0.2328066626681325,0.17246969838594878,0.6809268712786101,-612351.1797392508
2025-06-24 08:00:00,0.4497479360066325,0.16805389839343915,0.6808641002561674,-588565.9830605622
2025-06-24 09:00:00,0.6360396307498866,0.12095715826609602,0.6808012310418041,-589021.4800807537
2025-06-24 10:00:00,0.7789862757627236,0.18118394994038278,0.6807382636678638,-557525.1619251883
2025-06-24 11:00:00,0.8688462934180191,0.12703878224758375,0.6806751981667407,-606276.2668787714
2025-06-24 12:00:00,0.8994958720132651,0.13464888290599983,0.6806120345708794,-562263.9914769443
2025-06-24 13:00:00,0.8688462934180191,0.11674179181218412,0.6805487729127752,-546238.4851352668
2025-06-24 14:00:00,0.7789862757627237,0.17667651556114003,0.6804854132249735,-557697.507657686
2025-06-24 15:00:00,0.6360396307498867,0.16100825543878994,0.6804219555400703,-545461.5977649759
2025-06-24 16:00:00,0.4497479360066325,0.11416947547824044,0.6803583998907123,-562477.8502291274
2025-06-24 17:00:00,0.23280666266813274,0.17114331187964274,0.6802947463095961,-554090.8239662581
2025-06-24 18:00:00,1.1015647405073024e-16,0.14532992306952994,0.680230994829469,-604348.5204543389
2025-06-24 19:00:00,0.0,0.12991684733905134,0.6801671454831285,-565981.1839185742
2025-06-24 20:00:00,0.0,0.1733022230858947,0.6801031983034226,-615107.3158783752
2025-06-24 21:00:00,0.0,0.13432780839958577,0.6800391533232496,-616807.4636214814
2025-06-24 22:00:00,0.0,0.1657357825380286,0.679975010575558,-668306.8220164068
2025-06-24 23:00:00,0.0,0.13235579399256145,0.6799107700933466,-644465.7869513131
2025-06-25 00:00:00,0.0,0.12205129591435422,0.6798464319096647,-648722.0734371188
2025-06-25 01:00:00,0.0,0.1566342626699076,0.6797819960576117,-649972.3717856306
2025-06-25 02:00:00,0.0,0.12319235120402383,0.679717462570337,-694990.8689299047
2025-06-25 03:00:00,0.0,0.16838580899891464,0.6796528314810409,-647214.3780532075
2025-06-25 04:00:00,0.0,0.1336985323260988,0.6795881028229732,-664259.1422630146
2025-06-25 05:00:00,0.0,0.14329889880625202,0.6795232766294343,-612396.6430752929
2025-06-25 06:00:00,0.0,0.16878889391723942,0.6794583529337748,-608141.6042376986
2025-06-25 07:00:00,0.23269455529610406,0.16034171109677864,0.679393331769395,-608771.1630412104
2025-06-25 08:00:00,0.4495313611947132,0.17901627520938102,0.679328213169746,-647616.6174936922
2025-06-25 09:00:00,0.6357333477136019,0.1306622797508835,0.6792629971683286,-592542.2813182822
2025-06-25 10:00:00,0.7786111571848398,0.16350215991010483,0.6791976837986937,-602808.441255253
2025-06-25 11:00:00,0.8684279030097061,0.15255698594226955,0.6791322730944427,-559376.4661913887
2025-06-25 12:00:00,0.8990627223894265,0.12718402063253828,0.6790667650892265,-516217.71074003633
2025-06-25 13:00:00,0.8684279030097061,0.1486762816035649,0.6790011598167464,-578585.1806804085
2025-06-25 14:00:00,0.7786111571848399,0.15204793512990844,0.6789354573107537,-587823.6227776741
2025-06-25 15:00:00,0.635733347713602,0.17326154142826108,0.6788696576050499,-591995.2246837978
2025-06-25 16:00:00,0.4495313611947132,0.13628574177117128,0.6788037607334859,-565415.8269655218
2025-06-25 17:00:00,0.2326945552961043,0.13671015136271325,0.6787377667299633,-548851.9145818009
2025-06-25 18:00:00,1.1010342852069166e-16,0.1565244279317422,0.6786716756284334,-594961.1245119121
2025-06-25 19:00:00,0.0,0.13135144146096586,0.6786054874628973,-611055.5024811635
2025-06-25 20:00:00,0.0,0.12228077989216463,0.678539202267406,-609809.2412983378
2025-06-25 21:00:00,0.0,0.15660941049294846,0.6784728200760609,-658197.6220594973
2025-06-25 22:00:00,0.0,0.13605426987842603,0.6784063409230128,-645587.7815510479
2025-06-25 23:00:00,0.0,0.1130208863251313,0.6783397648424625,-669805.8935890178
2025-06-26 00:00:00,0.0,0.17203072132492325,0.6782730918686608,-690577.0593932056
2025-06-26 01:00:00,0.0,0.1318374362967079,0.6782063220359084,-697664.7958889211
2025-06-26 02:00:00,0.0,0.11246522928673891,0.6781394553785554,-683805.8511228483
2025-06-26 03:00:00,0.0,0.12500279095875194,0.6780724919310022,-696405.0421531762
2025-06-26 04:00:00,0.0,0.1613496197305247,0.6780054317276988,-675387.0927272314
2025-06-26 05:00:00,0.0,0.13250354680865348,0.677938274803145,-634094.4510154418
2025-06-26 06:00:00,0.0,0.15435946603990805,0.6778710211918902,-609875.5689092071
2025-06-26 07:00:00,0.23254800765635794,0.12031273540230498,0.6778036709285339,-619362.7558002231
2025-06-26 08:00:00,0.4492482528946882,0.13365947137956183,0.6777362240477249,-577110.2050771922
2025-06-26 09:00:00,0.6353329721160862,0.11257698350210983,0.6776686805841621,-586205.2769176562
2025-06-26 10:00:00,0.778120799225152,0.12255814080339827,0.6776010405725938,-566783.1576215164
2025-06-26 11:00:00,0.8678809797724442,0.14633583412257192,0.677533304047818,-583867.472523675
2025-06-26 12:00:00,0.8984965057893766,0.15795747028412482,0.6774654710446826,-554144.6235084183
2025-06-26 13:00:00,0.8678809797724442,0.11139236827983474,0.6773975415980849,-549367.809727296
2025-06-26 14:00:00,0.7781207992251521,0.14399274537037046,0.6773295157429718,-571999.0875915397
2025-06-26 15:00:00,0.6353329721160863,0.17387946840956892,0.6772613935143399,-559111.1242307244
2025-06-26 16:00:00,0.4492482528946882,0.12147051838550377,0.6771931749472354,-605524.5066523171
2025-06-26 17:00:00,0.2325480076563582,0.1702113142810609,0.677124860076754,-544434.3350889115
2025-06-26 18:00:00,1.1003408698600413e-16,0.14146918996242483,0.6770564489380408,-666824.3057906021
2025-06-26 19:00:00,0.0,0.11041701373636492,0.6769879415662909,-663799.2508792251
2025-06-26 20:00:00,0.0,0.16054777732676526,0.6769193379967484,-656125.2344402177
2025-06-26 21:00:00,0.0,0.16720307104284404,0.6768506382647071,-634861.2096446558
2025-06-26 22:00:00,0.0,0.12484365666350355,0.6767818424055102,-633057.7653382753
2025-06-26 23:00:00,0.0,0.12618630098098493,0.6767129504545505,-657138.3359476861
2025-06-27 00:00:00,0.0,0.11872269853913159,0.6766439624472701,-643044.8422198088
2025-06-27 01:00:00,0.0,0.13852670926625052,0.6765748784191606,-655544.9384564233
2025-06-27 02:00:00,0.0,0.12274072314940221,0.6765056984057629,-658979.4540528242
2025-06-27 03:00:00,0.0,0.16052241526936284,0.6764364224426674,-645958.5794724115
2025-06-27 04:00:00,0.0,0.11198694060373773,0.6763670505655138,-604393.340742044
2025-06-27 05:00:00,0.0,0.1547078633357127,0.6762975828099912,-654911.2133709451
2025-06-27 06:00:00,0.0,0.14857329201281877,0.6762280192118377,-689305.4000858025
2025-06-27 07:00:00,0.23236706317412253,0.15675714431653076,0.6761583598068414,-609084.2349818096
2025-06-27 08:00:00,0.4488986949976569,0.1715988495048303,0.6760886046308389,-624025.8303407797
2025-06-27 09:00:00,0.6348386225972699,0.1133017018312428,0.6760187537197166,-590839.020009048
2025-06-27 10:00:00,0.7775153471873069,0.11683385149345732,0.6759488071094101,-556845.6997115667
2025-06-27 11:00:00,0.8672056857713925,0.13593598206348342,0.6758787648359039,-549229.0176113105
2025-06-27 12:00:00,0.8977973899953139,0.1453006371411999,0.675808626935232,-539684.7195942401
2025-06-27 13:00:00,0.8672056857713925,0.14518446692116418,0.6757383934434776,-574558.6770917516
2025-06-27 14:00:00,0.777515347187307,0.16886173947278815,0.6756680643967731,-602766.9116626468
2025-06-27 15:00:00,0.63483862259727,0.11912573090150734,0.6755976398312998,-563453.1948793932
2025-06-27 16:00:00,0.4488986949976569,0.15806188712104602,0.6755271197832884,-585348.5619106803
2025-06-27 17:00:00,0.23236706317412278,0.1304867759480668,0.6754565042890185,-575139.464808621
2025-06-27 18:00:00,1.0994846999406092e-16,0.13937793774759402,0.6753857933848191,-638755.9537794
2025-06-27 19:00:00,0.0,0.15473901432462342,0.6753149871070683,-646617.6428040584
2025-06-27 20:00:00,0.0,0.1433628512694096,0.6752440854921925,-634872.4192949513
2025-06-27 21:00:00,0.0,0.12806466569450622,0.6751730885766684,-660561.2211131271
2025-06-27 22:00:00,0.0,0.16827171483639192,0.6751019963970206,-644589.5774594856
2025-06-27 23:00:00,0.0,0.11212022452405715,0.6750308089898234,-704265.9201523919
2025-06-28 00:00:00,0.0,0.11398584947251972,0.6749595263916996,-685872.2086854425
2025-06-28 01:00:00,0.0,0.15394897799001195,0.6748881486393217,-686201.6550324388
2025-06-28 02:00:00,0.0,0.16919503173975337,0.6748166757694103,-729762.4255599036
2025-06-28 03:00:00,0.0,0.13615232822805676,0.6747451078187354,-671819.1589144717
2025-06-28 04:00:00,0.0,0.15468472972823502,0.674673444824116,-650549.4816457876
2025-06-28 05:00:00,0.0,0.1180194626329899,0.6746016868224196,-645228.483651656
2025-06-28 06:00:00,0.0,0.15920871252128288,0.6745298338505631,-630364.7464265273
2025-06-28 07:00:00,0.23215177546715307,0.14456534231922652,0.6744578859455117,-593171.7173384519
2025-06-28 08:00:00,0.4484827910851682,0.1274328389495069,0.6743858431442797,-606808.635233253
2025-06-28 09:00:00,0.6342504456435842,0.15189241507882323,0.6743137054839305,-575898.7205842042
2025-06-28 10:00:00,0.7767949804798097,0.16869074107205462,0.674241473001576,-566680.4414792737
2025-06-28 11:00:00,0.8664022211107375,0.1082305107103348,0.6741691457343765,-600676.0659850498
2025-06-28 12:00:00,0.8969655821703365,0.13952391832270347,0.674096723719542,-549696.9410395358
2025-06-28 13:00:00,0.8664022211107375,0.16084481242136128,0.6740242069943303,-569912.2434490043
2025-06-28 14:00:00,0.7767949804798098,0.11767312383171497,0.6739515955960487,-562157.4973385307
2025-06-28 15:00:00,0.6342504456435843,0.11736738184379043,0.6738788895620527,-540802.9837949661
2025-06-28 16:00:00,0.4484827910851682,0.13509651676299925,0.6738060889297465,-531202.1686237326
2025-06-28 17:00:00,0.23215177546715332,0.1399446227562878,0.6737331937365832,-578100.4820935227
2025-06-28 18:00:00,1.0984660291502446e-16,0.13113508357133616,0.6736602040200645,-604636.9657638768
2025-06-28 19:00:00,0.0,0.15395570284077373,0.6735871198177407,-620602.0080294827
2025-06-28 20:00:00,0.0,0.12117849465297499,0.6735139411672105,-604467.5939669965
2025-06-28 21:00:00,0.0,0.13727545058930277,0.6734406681061217,-646076.7678751185
2025-06-28 22:00:00,0.0,0.11377041710492658,0.6733673006721702,-660963.1037057659
2025-06-28 23:00:00,0.0,0.15609567292338566,0.6732938389031006,-649190.3222224673
2025-06-29 00:00:00,0.0,0.15655868923874938,0.6732202828367058,-665617.375844305
2025-06-29 01:00:00,0.0,0.11445863061177751,0.6731466325108278,-607585.4426399479
2025-06-29 02:00:00,0.0,0.1501367338076647,0.6730728879633566,-681657.5242503375
2025-06-29 03:00:00,0.0,0.11559830488846821,0.6729990492322308,-653578.3843392133
2025-06-29 04:00:00,0.0,0.10666581516552574,0.6729251163554374,-715073.1195592767
2025-06-29 05:00:00,0.0,0.1344755273815102,0.6728510893710119,-658677.8735277124
2025-06-29 06:00:00,0.0,0.1668670929806803,0.6727769683170384,-603127.4964664114
2025-06-29 07:00:00,0.23190220832984337,0.14204832857295097,0.6727027532316491,-588364.0246884364
2025-06-29 08:00:00,0.44800066439852726,0.15901307487011884,0.6726284441530246,-605510.3839613467
2025-06-29 09:00:00,0.6335686155445546,0.11536914858892684,0.672554041119394,-625541.5350582873
2025-06-29 10:00:00,0.7759599125628627,0.14120143067831223,0.6724795441690348,-582427.1457385835
2025-06-29 11:00:00,0.8654708238743981,0.10893977499272858,0.6724049533402724,-562157.1641517385
2025-06-29 12:00:00,0.8960013287970546,0.11463241914639982,0.672330268671481,-539174.3519564937
2025-06-29 13:00:00,0.8654708238743981,0.13946475801464994,0.6722554902010829,-567951.2275126197
2025-06-29 14:00:00,0.7759599125628628,0.10933774647685862,0.6721806179675485,-589273.1897047699
2025-06-29 15:00:00,0.6335686155445547,0.1507621634507207,0.6721056520093968,-603558.4405814421
2025-06-29 16:00:00,0.44800066439852726,0.12041152845718431,0.6720305923651942,-558545.1999629161
2025-06-29 17:00:00,0.23190220832984362,0.1200869274462068,0.6719554390735566,-605048.7425727696
2025-06-29 18:00:00,1.0972851593430882e-16,0.121074090139559,0.6718801921731469,-599650.8421021597
2025-06-29 19:00:00,0.0,0.11771042958849519,0.6718048517026766,-642625.3146335806
2025-06-29 20:00:00,0.0,0.16298224120753094,0.6717294177009057,-648122.6218098452
2025-06-29 21:00:00,0.0,0.15857819779515236,0.6716538902066415,-609796.4467473675
2025-06-29 22:00:00,0.0,0.16581039741944004,0.6715782692587403,-625155.1926379057
2025-06-29 23:00:00,0.0,0.14712675846772588,0.6715025548961057,-633798.4786542299
2025-06-30 00:00:00,0.0,0.11650989644684238,0.67142674715769,-639713.9000273341
2025-06-30 01:00:00,0.0,0.15145871624922563,0.671350846082493,-635454.8983276989
2025-06-30 02:00:00,0.0,0.1384185636089881,0.6712748517095629,-625809.9462972843
2025-06-30 03:00:00,0.0,0.1643591787113421,0.6711987640779957,-634613.0597362223
2025-06-30 04:00:00,0.0,0.15042454346785547,0.6711225832269353,-640483.2528306277
2025-06-30 05:00:00,0.0,0.14216872795102445,0.671046309195574,-650210.7108754286
2025-06-30 06:00:00,0.0,0.12579275471279017,0.6709699420231514,-635801.6455281613
2025-06-30 07:00:00,0.23161843571432236,0.11885835508593377,0.6708934817489556,-587090.2648998627
2025-06-30 08:00:00,0.44745245780227655,0.13989587205496717,0.6708169284123222,-608459.7516092022
2025-06-30 09:00:00,0.6327933343411546,0.11307102269992693,0.6707402820526349,-593772.6463809212
2025-06-30 10:00:00,0.7750103908851121,0.14796548204971555,0.6706635427093252,-538474.8026526626
2025-06-30 11:00:00,0.864411770055477,0.11772861016863174,0.6705867104218722,-582965.7781572468
2025-06-30 12:00:00,0.8949049156045532,0.1606170464552211,0.6705097852298032,-606080.9571700151
2025-06-30 13:00:00,0.864411770055477,0.11475755668930837,0.6704327671726932,-585043.8583488546
2025-06-30 14:00:00,0.7750103908851123,0.15285490120439021,0.6703556562901648,-602396.2724462897
2025-06-30 15:00:00,0.6327933343411547,0.14098584587365473,0.6702784526218885,-626749.1186846403
2025-06-30 16:00:00,0.44745245780227655,0.1551166467080649,0.6702011562075824,-599009.0541278851
2025-06-30 17:00:00,0.2316184357143226,0.11274929151139212,0.6701237670870124,-564998.5224914616
2025-06-30 18:00:00,1.0959424404363484e-16,0.15247713109789832,0.6700462852999922,-574314.134950696
2025-06-30 19:00:00,0.0,0.15199285576495075,0.669968710886383,-631890.0429188702
2025-06-30 20:00:00,0.0,0.12531494922029093,0.6698910438860938,-661117.4357878874
2025-06-30 21:00:00,0.0,0.13428361470067343,0.669813284339081,-632195.4569380432
2025-06-30 22:00:00,0.0,0.1261173051543301,0.6697354322853489,-667815.0612700905
2025-06-30 23:00:00,0.0,0.15335554258422185,0.6696574877649493,-649567.7076302168
2025-07-01 00:00:00,0.0,0.13458527962614328,0.6695794508179814,-703748.732580677
2025-07-01 01:00:00,0.0,0.11597182574135384,0.6695013214845921,-658108.9721745542
2025-07-01 02:00:00,0.0,0.13254320843905656,0.6694230998049758,-658077.3317585125
2025-07-01 03:00:00,0.0,0.12217558276443562,0.6693447858193746,-652566.9482222222
2025-07-01 04:00:00,0.0,0.1619743655829304,0.6692663795680777,-676546.4277659958
2025-07-01 05:00:00,0.0,0.1474221640029424,0.6691878810914219,-628178.1198004835
2025-07-01 06:00:00,0.0,0.15007159144332763,0.6691092904297917,-648847.793137415
2025-07-01 07:00:00,0.23130054170854028,0.12392333869881267,0.6690306076236188,-600661.1202883845
2025-07-01 08:00:00,0.44683833374186177,0.12301745409976357,0.6689518327133823,-584865.0073435563
2025-07-01 09:00:00,0.6319248317659363,0.16017363756300135,0.6688729657396089,-575530.3081235712
2025-07-01 10:00:00,0.7739466968103232,0.13474584436479362,0.6687940067428723,-578074.994740974
2025-07-01 11:00:00,0.8632253734744767,0.11262537851749257,0.6687149557637937,-590409.5159212778
2025-07-01 12:00:00,0.8936766674837237,0.14673908495133245,0.6686358128430417,-563255.0641588604
2025-07-01 13:00:00,0.8632253734744767,0.1378021919401111,0.6685565780213323,-569277.5518713846
2025-07-01 14:00:00,0.7739466968103232,0.1580406106493305,0.6684772513394285,-593009.3264452138
2025-07-01 15:00:00,0.6319248317659364,0.15710854859183887,0.6683978328381408,-547180.6635071915
2025-07-01 16:00:00,0.44683833374186177,0.14191936786290202,0.6683183225583268,-618090.0488508663
2025-07-01 17:00:00,0.23130054170854053,0.14180996479726318,0.6682387205408912,-599940.3346337414
2025-07-01 18:00:00,1.0944382703066157e-16,0.14204491373759925,0.6681590268267861,-633407.7706942421
2025-07-01 19:00:00,0.0,0.11620043227082605,0.6680792414570109,-632441.6767098829
2025-07-01 20:00:00,0.0,0.15239160193268425,0.6679993644726119,-659710.9945813523
2025-07-01 21:00:00,0.0,0.11180684665593028,0.6679193959146824,-604665.6674322311
2025-07-01 22:00:00,0.0,0.11743539609310083,0.6678393358243631,-652774.212646996
2025-07-01 23:00:00,0.0,0.10728913452366223,0.667759184242842,-642241.0945205017
2025-07-02 00:00:00,0.0,0.1437596223834155,0.6676789412113535,-610753.3282945754
2025-07-02 01:00:00,0.0,0.13919588173288241,0.6675986067711794,-686808.8087887007
2025-07-02 02:00:00,0.0,0.10290988228223806,0.667518180963649,-662880.1815110756
2025-07-02 03:00:00,0.0,0.11169182946317305,0.6674376638301377,-660457.1337244795
2025-07-02 04:00:00,0.0,0.15082488928274848,0.6673570554120686,-646062.1578306345
2025-07-02 05:00:00,0.0,0.13789140382941253,0.6672763557509114,-628431.2992430868
2025-07-02 06:00:00,0.0,0.15221674016985387,0.6671955648881828,-588118.1601721379
2025-07-02 07:00:00,0.23094862051135182,0.14655034401443676,0.6671146828654463,-629228.0903858228
2025-07-02 08:00:00,0.4461584741954959,0.15964553466784623,0.6670337097243128,-590594.609419392
2025-07-02 09:00:00,0.630963365174957,0.12116810134744804,0.6669526455064394,-588445.452223949
2025-07-02 10:00:00,0.7727691455340069,0.1218226875881931,0.6668714902535308,-605218.0973339423
2025-07-02 11:00:00,0.8619119856863089,0.11106572792280417,0.6667902440073376,-578707.0885006157
2025-07-02 12:00:00,0.892316948390992,0.13163258185255866,0.6667089068096582,-594659.9033833869
2025-07-02 13:00:00,0.8619119856863089,0.15240527982209795,0.6666274787023371,-582932.0263825401
2025-07-02 14:00:00,0.772769145534007,0.11575956470445314,0.6665459597272658,-546661.6630449842
2025-07-02 15:00:00,0.6309633651749571,0.14404085400468128,0.6664643499263827,-569915.5201735824
2025-07-02 16:00:00,0.4461584741954959,0.14102601027507009,0.6663826493416725,-561609.5253260991
2025-07-02 17:00:00,0.23094862051135207,0.13528771910419354,0.6663008580151669,-576000.5531248281
2025-07-02 18:00:00,1.0927730946719623e-16,0.14231056755110294,0.6662189759889445,-541693.8302658394
2025-07-02 19:00:00,0.0,0.10627079373840259,0.6661370033051303,-626964.6958200741
2025-07-02 20:00:00,0.0,0.15112730773815636,0.6660549400058957,-602157.4135784192
2025-07-02 21:00:00,0.0,0.13058574129734624,0.665972786133459,-633264.9213174927
2025-07-02 22:00:00,0.0,0.15658402072651448,0.6658905417300853,-649704.6910985606
2025-07-02 23:00:00,0.0,0.14258736080866313,0.665808206838086,-654333.086756762
2025-07-03 00:00:00,0.0,0.1453947252296177,0.665725781499819,-684718.7791273841
2025-07-03 01:00:00,0.0,0.13632317901668964,0.6656432657576887,-617259.543123162
2025-07-03 02:00:00,0.0,0.1001739148231545,0.6655606596541466,-663535.1613451721
2025-07-03 03:00:00,0.0,0.13334768391613758,0.6654779632316896,-614775.3103419482
2025-07-03 04:00:00,0.0,0.1412078180818613,0.6653951765328622,-624109.10558788
2025-07-03 05:00:00,0.0,0.10790827787549184,0.6653122996002546,-647315.8812347819
2025-07-03 06:00:00,0.0,0.1275503995047081,0.6652293324765037,-631442.4025664146
2025-07-03 07:00:00,0.2305627764046028,0.12020117500907777,0.6651462752042927,-641951.9548577286
2025-07-03 08:00:00,0.4454130806202352,0.1544449583481045,0.6650631278263514,-597209.1674854396
2025-07-03 09:00:00,0.6299092194715175,0.1251825336035318,0.6649798903854556,-577680.7671826995
2025-07-03 10:00:00,0.7714780859900199,0.13516191369150496,0.6648965629244277,-575954.0451747042
2025-07-03 11:00:00,0.8604719958761203,0.1330104249561129,0.6648131454861363,-597392.9291590948
2025-07-03 12:00:00,0.8908261612404705,0.1265086763354225,0.6647296381134964,-529012.5865897988
2025-07-03 13:00:00,0.8604719958761203,0.1351472491816943,0.6646460408494691,-624964.65322118
2025-07-03 14:00:00,0.77147808599002,0.1091128567181186,0.664562353737062,-563820.2167905194
2025-07-03 15:00:00,0.6299092194715176,0.14928841812162477,0.6644785768193286,-549759.2164912471
2025-07-03 16:00:00,0.4454130806202352,0.1279343789510456,0.6643947101393689,-548385.6389227896
2025-07-03 17:00:00,0.23056277640460304,0.14203278806926298,0.6643107537403287,-617402.1752566214
2025-07-03 18:00:00,1.0909474069598663e-16,0.14498251921430905,0.6642267076654005,-582487.2768669204
2025-07-03 19:00:00,0.0,0.09915321740872003,0.6641425719578224,-575193.5131247933
2025-07-03 20:00:00,0.0,0.13006665855420865,0.6640583466608789,-646866.504222989
2025-07-03 21:00:00,0.0,0.12051417929544483,0.6639740318179006,-625267.3245494469
2025-07-03 22:00:00,0.0,0.11835192722749982,0.6638896274722642,-637034.704868884
2025-07-03 23:00:00,0.0,0.14354346396591863,0.6638051336673921,-652132.2784303663
2025-07-04 00:00:00,0.0,0.1482787887246911,0.6637205504467532,-691197.3960578492
2025-07-04 01:00:00,0.0,0.13727341313021937,0.6636358778538619,-674985.1888012406
2025-07-04 02:00:00,0.0,0.11807733434744683,0.6635511159322791,-717140.9916397755
2025-07-04 03:00:00,0.0,0.12001410964120825,0.6634662647256113,-660869.0776090483
2025-07-04 04:00:00,0.0,0.1284043597243446,0.6633813242775112,-700067.80549523
2025-07-04 05:00:00,0.0,0.10863971808716635,0.663296294631677,-635921.9929327677
2025-07-04 06:00:00,0.0,0.10348916176800314,0.6632111758318532,-614430.3757259032
2025-07-04 07:00:00,0.2301431237222291,0.13751325248209112,0.66312596792183,-627423.5773245894
2025-07-04 08:00:00,0.4446023738922828,0.11428976321023002,0.6630406709454433,-627865.980090424
2025-07-04 09:00:00,0.62876270702174,0.1426869928040687,0.6629552849465751,-586023.4111539476
2025-07-04 10:00:00,0.7700739007471684,0.12259455554727519,0.6628698099691531,-590517.3298177186
2025-07-04 11:00:00,0.8589058307439692,0.11424925055546507,0.6627842460571507,-579357.0141179431
2025-07-04 12:00:00,0.8892047477845657,0.15125727309679762,0.6626985932545871,-529389.7419824656
2025-07-04 13:00:00,0.8589058307439692,0.10741399420294473,0.6626128516055273,-557720.6929660907
2025-07-04 14:00:00,0.7700739007471685,0.09681131638124972,0.6625270211540818,-540966.77063414
2025-07-04 15:00:00,0.6287627070217401,0.11938714314476527,0.662441101944407,-591869.8623606144
2025-07-04 16:00:00,0.4446023738922828,0.14930070669706869,0.6623550940207049,-621203.5815814424
2025-07-04 17:00:00,0.23014312372222934,0.12461241111237154,0.6622689974272231,-595255.8278997615
2025-07-04 18:00:00,1.0889617481609979e-16,0.11979706518779885,0.6621828122082548,-640863.2248462294
2025-07-04 19:00:00,0.0,0.1511156324785318,0.662096538408139,-576248.7181104515
2025-07-04 20:00:00,0.0,0.11794249152332954,0.6620101760712599,-593453.5192962316
2025-07-04 21:00:00,0.0,0.13421502593453427,0.6619237252420476,-670754.9532127074
2025-07-04 22:00:00,0.0,0.12134545945231774,0.6618371859649774,-643138.5489379764
2025-07-04 23:00:00,0.0,0.13881638347549288,0.6617505582845705,-662589.9891190736
2025-07-05 00:00:00,0.0,0.14522705325616272,0.6616638422453933,-642836.395202377
2025-07-05 01:00:00,0.0,0.14443517066056977,0.6615770378920578,-650275.2355617982
2025-07-05 02:00:00,0.0,0.1355154017805671,0.6614901452692212,-617286.6107034961
2025-07-05 03:00:00,0.0,0.12803947091465032,0.6614031644215863,-656894.1156262275
2025-07-05 04:00:00,0.0,0.10177228130788488,0.6613160953939012,-639713.1113439224
2025-07-05 05:00:00,0.0,0.10204420515606744,0.6612289382309596,-625977.5014086255
2025-07-05 06:00:00,0.0,0.1213192396213928,0.6611416929776003,-635463.036280809
2025-07-05 07:00:00,0.2296897868163775,0.09707867764653415,0.6610543596787075,-624986.7150990071
2025-07-05 08:00:00,0.44372659424153876,0.12160753453567229,0.6609669383792106,-620193.3005983164
2025-07-05 09:00:00,0.6275241675620075,0.1183771822004795,0.6608794291240843,-628151.4415609207
2025-07-05 10:00:00,0.7685570058958447,0.14688684609171124,0.6607918319583487,-588829.048675155
2025-07-05 11:00:00,0.857213954378385,0.1147184457744698,0.660704146927069,-611063.1645284093
2025-07-05 12:00:00,0.8874531884830776,0.15146661399715175,0.6606163740753557,-576404.5473956667
2025-07-05 13:00:00,0.857213954378385,0.14714080159718596,0.6605285134483643,-588254.0015168142
2025-07-05 14:00:00,0.7685570058958449,0.12506050660281295,0.6604405650912956,-539958.6290821842
2025-07-05 15:00:00,0.6275241675620075,0.09889325155127535,0.6603525290493956,-548569.4380934946
2025-07-05 16:00:00,0.44372659424153876,0.14366915322511806,0.660264405367955,-572377.1365496682
2025-07-05 17:00:00,0.22968978681637775,0.09712355650185021,0.6601761940923103,-568097.6053188032
2025-07-05 18:00:00,1.0868167066689138e-16,0.09932944451201624,0.6600878952678425,-570534.3987608759
2025-07-05 19:00:00,0.0,0.11736359275131368,0.6599995089399777,-615183.8242643382
2025-07-05 20:00:00,0.0,0.12989591623248173,0.6599110351541873,-642778.1494548499
2025-07-05 21:00:00,0.0,0.10057148529753233,0.6598224739559874,-619518.61935836
2025-07-05 22:00:00,0.0,0.12778243929893313,0.659733825390939,-656291.5064269408
2025-07-05 23:00:00,0.0,0.13117826717821177,0.6596450895046487,-637677.0507525934
2025-07-06 00:00:00,0.0,0.147347809526131,0.6595562663427672,-691978.3279948819
2025-07-06 01:00:00,0.0,0.14336736032439734,0.6594673559509905,-661250.5702503402
2025-07-06 02:00:00,0.0,0.1170361133295645,0.6593783583750594,-682496.6600210733
2025-07-06 03:00:00,0.0,0.11776332451343219,0.6592892736607598,-608831.9973779221
2025-07-06 04:00:00,0.0,0.12976733375305555,0.659200101853922,-644034.457229393
2025-07-06 05:00:00,0.0,0.11126999831600032,0.6591108430004214,-590085.7826762942
2025-07-06 06:00:00,0.0,0.09440316064815385,0.659021497146178,-639900.3970351557
2025-07-06 07:00:00,0.229202900020557,0.140526523765208,0.6589320643371568,-582270.9019357058
2025-07-06 08:00:00,0.44278600118041445,0.11027411289831109,0.6588425446193672,-607299.5131962112
2025-07-06 09:00:00,0.6261939680982913,0.13716359017840332,0.6587529380388637,-580752.2620138864
2025-07-06 10:00:00,0.7669278509247307,0.09481746874241986,0.6586632446417454,-553416.7392364457
2025-07-06 11:00:00,0.8553968681188485,0.12467783097001642,0.6585734644741557,-600896.6289871965
2025-07-06 12:00:00,0.885572002360829,0.1224170024706607,0.6584835975822827,-570415.7808217318
2025-07-06 13:00:00,0.8553968681188485,0.11949238127487567,0.6583936440123598,-515126.5713755877
2025-07-06 14:00:00,0.7669278509247308,0.143707913170756,0.6583036038106641,-547552.1804691876
2025-07-06 15:00:00,0.6261939680982914,0.13636613665509975,0.6582134770235178,-581101.0293071091
2025-07-06 16:00:00,0.44278600118041445,0.12266970086614948,0.6581232636972878,-592568.7452828053
2025-07-06 17:00:00,0.22920290002055724,0.13000560301253067,0.658032963878385,-627458.3721716412
2025-07-06 18:00:00,1.0845129181057014e-16,0.11876003686807737,0.6579425776132648,-621778.3236207088
2025-07-06 19:00:00,0.0,0.10118802166459923,0.6578521049484276,-642038.871810987
2025-07-06 20:00:00,0.0,0.09551157017372396,0.657761545930418,-615743.5970845345
2025-07-06 21:00:00,0.0,0.13564345738096048,0.6576709006058248,-633090.7183796962
2025-07-06 22:00:00,0.0,0.12071989595868725,0.6575801690212815,-637034.650617713
2025-07-06 23:00:00,0.0,0.09765577748892298,0.6574893512234657,-668141.6790039206
2025-07-07 00:00:00,0.0,0.10311129292319315,0.6573984472590997,-671162.4243883605
2025-07-07 01:00:00,0.0,0.13309151882798795,0.6573074571749499,-691012.0308548592
2025-07-07 02:00:00,0.0,0.13325621845524066,0.657216381017827,-638072.6984668372
2025-07-07 03:00:00,0.0,0.14601787320996626,0.657125218834586,-645513.3481629104
2025-07-07 04:00:00,0.0,0.14179807762850513,0.6570339706721262,-643865.315382681
2025-07-07 05:00:00,0.0,0.09256848852017692,0.6569426365773912,-644735.1996052061
2025-07-07 06:00:00,0.0,0.10185418067507764,0.6568512165973687,-608589.8306512424
2025-07-07 07:00:00,0.228682607609833,0.09500016785360635,0.6567597107790905,-574177.5179661891
2025-07-07 08:00:00,0.44178087342693345,0.103055792483229,0.6566681191696327,-586754.2360469514
2025-07-07 09:00:00,0.624772502797401,0.14153887026012943,0.6565764418161159,-599976.5852301227
2025-07-07 10:00:00,0.7651869185876041,0.10618591188978395,0.6564846787657037,-549971.5850854486
2025-07-07 11:00:00,0.8534551104072341,0.11019151782333136,0.656392830065605,-571189.4923897351
2025-07-07 12:00:00,0.883561746853867,0.14404465744991676,0.6563008957630722,-563687.6573960178
2025-07-07 13:00:00,0.8534551104072341,0.1377548231847421,0.6562088759054019,-555480.315320612
2025-07-07 14:00:00,0.7651869185876042,0.13682751726603642,0.6561167705399342,-587810.3995282663
2025-07-07 15:00:00,0.6247725027974012,0.1335415492170064,0.6560245797140541,-590076.1290370473
2025-07-07 16:00:00,0.44178087342693345,0.14566512568217324,0.6559323034751899,-565467.7675486804
2025-07-07 17:00:00,0.22868260760983325,0.12602532502513633,0.655839941870814,-619521.2211044312
2025-07-07 18:00:00,1.0820510651336323e-16,0.10623512349289554,0.6557474949484428,-615398.098392546
2025-07-07 19:00:00,0.0,0.13308966465795208,0.6556549627556363,-625569.2328870954
2025-07-07 20:00:00,0.0,0.09703637999396145,0.6555623453399989,-585228.1448302098
2025-07-07 21:00:00,0.0,0.1259115893420166,0.6554696427491783,-616038.6039415844
2025-07-07 22:00:00,0.0,0.09320339139965278,0.6553768550308665,-701982.7212125577
2025-07-07 23:00:00,0.0,0.1109151645713522,0.6552839822327989,-655534.0434133592
2025-07-08 00:00:00,0.0,0.12135852151062601,0.6551910244027549,-670607.9875309657
2025-07-08 01:00:00,0.0,0.14261907698636467,0.6550979815885576,-645989.3317880267
2025-07-08 02:00:00,0.0,0.14221711455030245,0.6550048538380737,-662995.1876453357
2025-07-08 03:00:00,0.0,0.11160294857712574,0.6549116411992137,-679706.5692857645
2025-07-08 04:00:00,0.0,0.1047905128398165,0.6548183437199319,-632102.8931405825
2025-07-08 05:00:00,0.0,0.13269116437311174,0.6547249614482259,-636405.5183343084
2025-07-08 06:00:00,0.0,0.12869777681670078,0.6546314944321373,-616877.2750997435
2025-07-08 07:00:00,0.22812906375807573,0.10696963084244326,0.654537942719751,-617002.3930902178
2025-07-08 08:00:00,0.44071150882214166,0.12246841733766695,0.6544443063591957,-584695.3995820937
2025-07-08 09:00:00,0.6232601928701827,0.13667723065243473,0.6543505853986435,-591636.6397736379
2025-07-08 10:00:00,0.763334724760289,0.13167786282556482,0.6542567798863101,-569207.5521847698
2025-07-08 11:00:00,0.8513892566282586,0.1124157047925213,0.6541628898704548,-580214.5698704727
2025-07-08 12:00:00,0.8814230176442834,0.12963689698563136,0.65406891539938,-613079.9026433893
2025-07-08 13:00:00,0.8513892566282586,0.10842820593532077,0.6539748565214318,-582079.1675572296
2025-07-08 14:00:00,0.7633347247602891,0.11845580095872328,0.653880713285,-601584.9771892909
2025-07-08 15:00:00,0.6232601928701829,0.09077143278216049,0.6537864857385173,-591365.736076618
2025-07-08 16:00:00,0.44071150882214166,0.09378002652951628,0.65369217393046,-608668.614032245
2025-07-08 17:00:00,0.22812906375807598,0.1095417070422178,0.6535977779093477,-567028.1995295201
2025-07-08 18:00:00,1.0794318772528729e-16,0.10128859739293837,0.6535032977237434,-591517.1773553496
2025-07-08 19:00:00,0.0,0.11916140469217872,0.6534087334222535,-588646.6871598142
2025-07-08 20:00:00,0.0,0.09861242771428326,0.6533140850535274,-625283.5796660195
2025-07-08 21:00:00,0.0,0.14121677253506798,0.653219352666258,-605815.5906489617
2025-07-08 22:00:00,0.0,0.09373585423527579,0.6531245363091811,-675123.0161762371
2025-07-08 23:00:00,0.0,0.09426447507835081,0.6530296360310762,-689061.5541399942
2025-07-09 00:00:00,0.0,0.0926203519140011,0.6529346518807654,-649026.8356131512
2025-07-09 01:00:00,0.0,0.12674678733507289,0.6528395839071144,-623727.133429472
2025-07-09 02:00:00,0.0,0.11181394377701469,0.652744432159032,-650999.7399715505
2025-07-09 03:00:00,0.0,0.11090867862156871,0.6526491966854695,-669276.3691429899
2025-07-09 04:00:00,0.0,0.09568923434026297,0.6525538775354222,-656040.4797429914
2025-07-09 05:00:00,0.0,0.1130930360205043,0.6524584747579277,-647701.8949195727
2025-07-09 06:00:00,0.0,0.12652131815145531,0.6523629884020671,-594936.7147718229
2025-07-09 07:00:00,0.22754243249227482,0.09984439547416932,0.6522674185169641,-602950.9443812842
2025-07-09 08:00:00,0.4395782242418502,0.11689188962259517,0.6521717651517857,-602252.4445375098
2025-07-09 09:00:00,0.6216574864467062,0.10898193227848557,0.6520760283557416,-555184.2323243612
2025-07-09 10:00:00,0.7613718182877898,0.11821078216475674,0.6519802081780847,-584367.1657488311
2025-07-09 11:00:00,0.8491999189389812,0.13803762461560362,0.6518843046681105,-600472.9806976679
2025-07-09 12:00:00,0.8791564484837006,0.09299328507903526,0.6517883178751576,-580291.9754279996
2025-07-09 13:00:00,0.8491999189389812,0.14001612847899245,0.6516922478486072,-558140.429688517
2025-07-09 14:00:00,0.7613718182877899,0.0912459243916367,0.6515960946378838,-528523.0357320732
2025-07-09 15:00:00,0.6216574864467063,0.11010775275405545,0.6514998582924539,-559685.0217108557
2025-07-09 16:00:00,0.4395782242418502,0.0924688086662051,0.6514035388618278,-551103.8460854705
2025-07-09 17:00:00,0.22754243249227507,0.12932788169464524,0.6513071363955575,-540570.6466146283
2025-07-09 18:00:00,1.0766561305853188e-16,0.12806060648946968,0.6512106509432385,-600475.0538407714
2025-07-09 19:00:00,0.0,0.1035021294594888,0.6511140825545084,-619964.2920758025
2025-07-09 20:00:00,0.0,0.09897387867515828,0.651017431279048,-613974.8246449616
2025-07-09 21:00:00,0.0,0.08993940632249621,0.6509206971665804,-598492.1817656265
2025-07-09 22:00:00,0.0,0.10672259420128374,0.6508238802668715,-669228.4730626866
2025-07-09 23:00:00,0.0,0.10922686430206455,0.6507269806297296,-673009.4644298225
2025-07-10 00:00:00,0.0,0.1117455480877772,0.6506299983050058,-696266.5309535036
2025-07-10 01:00:00,0.0,0.1302573856090331,0.6505329333425935,-706817.7101394221
2025-07-10 02:00:00,0.0,0.12524244772667834,0.6504357857924289,-687288.910849987
2025-07-10 03:00:00,0.0,0.11940629445929096,0.6503385557044903,-697449.0037086479
2025-07-10 04:00:00,0.0,0.09900839269256514,0.6502412431287987,-672048.8580802303
2025-07-10 05:00:00,0.0,0.12169363514862863,0.6501438481154177,-639727.8479707809
2025-07-10 06:00:00,0.0,0.11564048374747969,0.650046370714453,-652555.694227483
2025-07-10 07:00:00,0.22692288764393495,0.13840588898503808,0.6499488109760528,-625694.9355378485
2025-07-10 08:00:00,0.4383813555027386,0.10104838508764916,0.6498511689504077,-620559.9660295291
2025-07-10 09:00:00,0.6199648584434742,0.09670767575486094,0.6497534446877506,-591705.0472360955
2025-07-10 10:00:00,0.7592987808216575,0.09439114862880083,0.6496556382383568,-572906.1692969548
2025-07-10 11:00:00,0.8468877460874092,0.10229327780925937,0.6495577496525436,-562927.4101297881
2025-07-10 12:00:00,0.8767627110054772,0.10104084967039523,0.649459778980671,-521818.25647126336
2025-07-10 13:00:00,0.8468877460874092,0.09660147783588696,0.6493617262731407,-613444.6212967124
2025-07-10 14:00:00,0.7592987808216576,0.11151879893683916,0.6492635915803971,-528924.0143886205
2025-07-10 15:00:00,0.6199648584434743,0.13447237235366255,0.6491653749529264,-586245.0239865505
2025-07-10 16:00:00,0.4383813555027386,0.1047502539223023,0.6490670764412573,-581071.4216036497
2025-07-10 17:00:00,0.2269228876439352,0.13679243334408045,0.6489686960959602,-547407.3417291994
2025-07-10 18:00:00,1.0737246476446135e-16,0.127887069450831,0.6488702339676481,-649476.8532063853
2025-07-10 19:00:00,0.0,0.099120151800423,0.6487716901069757,-645361.9627622501
2025-07-10 20:00:00,0.0,0.11136170298965398,0.6486730645646397,-632834.8458023195
2025-07-10 21:00:00,0.0,0.10956718460003743,0.6485743573913794,-635282.3007038868
2025-07-10 22:00:00,0.0,0.12393750230928482,0.6484755686379752,-658927.0186331893
2025-07-10 23:00:00,0.0,0.1226702861376279,0.6483766983552501,-679950.5521962151
2025-07-11 00:00:00,0.0,0.11610863866409336,0.6482777465940691,-682448.1907638406
2025-07-11 01:00:00,0.0,0.11205069747606114,0.6481787134053388,-678209.4338489714
2025-07-11 02:00:00,0.0,0.11525514193626576,0.6480795988400077,-683366.606492795
2025-07-11 03:00:00,0.0,0.09649465639260295,0.6479804029490662,-654095.6164256985
2025-07-11 04:00:00,0.0,0.10308593147583887,0.647881125783547,-711339.440604038
2025-07-11 05:00:00,0.0,0.10326662883346016,0.6477817673945238,-657820.0088518491
2025-07-11 06:00:00,0.0,0.08956514904877654,0.6476823278331127,-649733.2536867149
2025-07-11 07:00:00,0.22627061279756552,0.12167866895539103,0.6475828071504713,-613424.6517205652
2025-07-11 08:00:00,0.4371212572628446,0.12077214573706883,0.647483205397799,-559275.0768436966
2025-07-11 09:00:00,0.6181828104226936,0.11232012438592205,0.647383522626337,-605743.4882544309
2025-07-11 10:00:00,0.7571162266476331,0.10256229649962645,0.6472837588873681,-556072.0969902768
2025-07-11 11:00:00,0.8444534232202594,0.09473968255498809,0.6471839142322166,-591144.4857283989
2025-07-11 12:00:00,0.8742425145256894,0.1288057187962635,0.6470839887122485,-589702.7014831424
2025-07-11 13:00:00,0.8444534232202594,0.1127831344208067,0.6469839823788717,-558808.7111030517
2025-07-11 14:00:00,0.7571162266476331,0.11133470538875144,0.6468838952835353,-590578.4178820845
2025-07-11 15:00:00,0.6181828104226937,0.11336955913537271,0.6467837274777302,-567316.7161516703
2025-07-11 16:00:00,0.4371212572628446,0.12261627551137984,0.6466834790129886,-594147.5914667309
2025-07-11 17:00:00,0.22627061279756577,0.12592411883052818,0.6465831499408843,-580333.202203724
2025-07-11 18:00:00,1.070638297092419e-16,0.11006327594028054,0.6464827403130327,-576313.7909962722
2025-07-11 19:00:00,0.0,0.09215307346159471,0.6463822501810905,-655463.2969397128
2025-07-11 20:00:00,0.0,0.1100472757357486,0.6462816795967559,-649171.4640482918
2025-07-11 21:00:00,0.0,0.11832043235595915,0.6461810286117682,-609107.7610117167
2025-07-11 22:00:00,0.0,0.08873476768420098,0.6460802972779084,-611850.0589876671
2025-07-11 23:00:00,0.0,0.09493906856530532,0.6459794856469988,-651068.1488686291
2025-07-12 00:00:00,0.0,0.09639555100304789,0.6458785937709031,-663599.0415300635
2025-07-12 01:00:00,0.0,0.09743822085307871,0.6457776217015258,-672730.9353088761
2025-07-12 02:00:00,0.0,0.11021000314121242,0.6456765694908131,-640651.0802434863
2025-07-12 03:00:00,0.0,0.11992927966231232,0.6455754371907522,-650256.8564612247
2025-07-12 04:00:00,0.0,0.0964051728614876,0.6454742248533718,-682755.6440787404
2025-07-12 05:00:00,0.0,0.09889561287418044,0.6453729325307415,-628948.1169543399
2025-07-12 06:00:00,0.0,0.12155921122428288,0.6452715602749721,-596335.2318175093
2025-07-12 07:00:00,0.22558580123628078,0.13132547619736665,0.6451701081382156,-615427.3069684444
2025-07-12 08:00:00,0.43579830291647204,0.11353096960075598,0.6450685761726651,-543895.1883222958
2025-07-12 09:00:00,0.6163118704436532,0.09905010835161933,0.6449669644305547,-594795.1855283827
2025-07-12 10:00:00,0.7548248025036216,0.12632339160468473,0.6448652729641595,-554161.4200107085
2025-07-12 11:00:00,0.841897671679934,0.09621972513758326,0.6447635018257957,-576730.306804763
2025-07-12 12:00:00,0.8715966058329442,0.11972207211157303,0.6446616510678205,-561728.1274042025
2025-07-12 13:00:00,0.841897671679934,0.09845601309910586,0.644559720742632,-573467.2087560911
2025-07-12 14:00:00,0.7548248025036217,0.1270887836391136,0.6444577109026692,-561700.4206641441
2025-07-12 15:00:00,0.6163118704436533,0.12463555527392732,0.6443556216004123,-586199.8618231319
2025-07-12 16:00:00,0.43579830291647204,0.11419991226123499,0.6442534528883819,-573130.1503048923
2025-07-12 17:00:00,0.22558580123628102,0.0936993906852564,0.6441512048191398,-611649.3353384616
2025-07-12 18:00:00,1.0673979934810124e-16,0.12470568032428363,0.6440488774452885,-624903.8247965622
2025-07-12 19:00:00,0.0,0.12477342867373487,0.6439464708194714,-688367.3698461454
2025-07-12 20:00:00,0.0,0.12243357728973076,0.6438439849943726,-644746.517421793
2025-07-12 21:00:00,0.0,0.12344538208826694,0.6437414200227167,-637769.5705662277
2025-07-12 22:00:00,0.0,0.11872346238708481,0.6436387759572697,-595903.8837289844
2025-07-12 23:00:00,0.0,0.1191518914629929,0.6435360528508375,-646634.652688695
2025-07-13 00:00:00,0.0,0.10562094425971742,0.643433250756267,-656375.5872895387
2025-07-13 01:00:00,0.0,0.09698650204090142,0.6433303697264461,-681536.1777720577
2025-07-13 02:00:00,0.0,0.0968559132056422,0.6432274098143027,-663223.5362191546
2025-07-13 03:00:00,0.0,0.09928306619985473,0.6431243710728055,-649390.5276312479
2025-07-13 04:00:00,0.0,0.12312752668836571,0.643021253554964,-622391.5790152453
2025-07-13 05:00:00,0.0,0.12557171804925701,0.6429180573138277,-612783.5598006807
2025-07-13 06:00:00,0.0,0.08454646612443531,0.6428147824024874,-673783.5469006164
2025-07-13 07:00:00,0.22486865588452573,0.12277137234310967,0.6427114288740734,-659946.7298916093
2025-07-13 08:00:00,0.4344128844835453,0.09965402651322958,0.6426079967817573,-601781.2102651416
2025-07-13 09:00:00,0.6143525929062464,0.09504899590371951,0.6425044861787504,-539924.4009905901
2025-07-13 10:00:00,0.7524251873880501,0.0930430895139929,0.6424008971183052,-576634.809440057
2025-07-13 11:00:00,0.8392212487907723,0.12783941726380438,0.6422972296537138,-551552.5961761576
2025-07-13 12:00:00,0.8688257689670907,0.11662292465470986,0.6421934838383092,-506487.855889085
2025-07-13 13:00:00,0.8392212487907723,0.09207025307652371,0.6420896597254643,-600789.3347783748
2025-07-13 14:00:00,0.7524251873880502,0.10411134274490469,0.6419857573685923,-589990.5542689788
2025-07-13 15:00:00,0.6143525929062466,0.1202177158907019,0.6418817768211471,-546302.7913252907
2025-07-13 16:00:00,0.4344128844835453,0.1288687858468998,0.6417777181366222,-546123.0229287985
2025-07-13 17:00:00,0.22486865588452595,0.10854081774600424,0.6416735813685519,-586118.9023910982
2025-07-13 18:00:00,1.0640046969822855e-16,0.11364063785812173,0.6415693665705101,-601135.9946930066
2025-07-13 19:00:00,0.0,0.12271359547486548,0.6414650737961115,-592383.0922894744
2025-07-13 20:00:00,0.0,0.10266346229386401,0.6413607030990103,-625444.7698948795
2025-07-13 21:00:00,0.0,0.11690778648466592,0.641256254532901,-672510.4263219545
2025-07-13 22:00:00,0.0,0.10583877086626528,0.6411517281515183,-658654.4381703739
2025-07-13 23:00:00,0.0,0.10225186931119146,0.6410471240086368,-659866.9073017616
2025-07-14 00:00:00,0.0,0.09254386796403329,0.6409424421580713,-664146.0686288126
2025-07-14 01:00:00,0.0,0.11763056291496095,0.6408376826536761,-668364.9069791617
2025-07-14 02:00:00,0.0,0.10719881775692469,0.640732845549346,-625066.4297736102
2025-07-14 03:00:00,0.0,0.10985687282631532,0.6406279308990153,-640829.7163171904
2025-07-14 04:00:00,0.0,0.12540897811283822,0.6405229387566586,-626049.0203209305
2025-07-14 05:00:00,0.0,0.10317490201090612,0.64041786917629,-647417.0663056006
2025-07-14 06:00:00,0.0,0.11363423512135601,0.6403127222119636,-622083.0711061305
2025-07-14 07:00:00,0.22411938924794542,0.09323714920392856,0.6402074979177731,-578701.0078434884
2025-07-14 08:00:00,0.43296541249344594,0.116782517285064,0.6401021963478526,-573447.5619367802
2025-07-14 09:00:00,0.6123055583866929,0.1010742979855942,0.639996817556375,-639643.2818507664
2025-07-14 10:00:00,0.7499180923586652,0.1203866381651264,0.6398913615975541,-563614.3743910708
2025-07-14 11:00:00,0.8364249476346384,0.08439779261105329,0.6397858285256424,-562341.5178095221
2025-07-14 12:00:00,0.865930824986892,0.10510145142219014,0.6396802183949323,-556731.9550696871
2025-07-14 13:00:00,0.8364249476346384,0.11607687549955192,0.6395745312597562,-555339.1348135375
2025-07-14 14:00:00,0.7499180923586654,0.1025141232296028,0.6394687671744858,-571683.1706257696
2025-07-14 15:00:00,0.612305558386693,0.09587241770137479,0.6393629261935325,-604236.1937912407
2025-07-14 16:00:00,0.43296541249344594,0.08759980659377277,0.6392570083713472,-581356.3128319142
2025-07-14 17:00:00,0.22411938924794567,0.11114746829272959,0.6391510137624205,-587005.0280877448
2025-07-14 18:00:00,1.0604594131032243e-16,0.12045171449250036,0.6390449424212822,-608274.5205415194
2025-07-14 19:00:00,0.0,0.09205785569539432,0.6389387944025018,-614004.6467647656
2025-07-14 20:00:00,0.0,0.09249790966104754,0.6388325697606883,-616054.9166315965
2025-07-14 21:00:00,0.0,0.08340035858627481,0.6387262685504899,-582668.2471594604
2025-07-14 22:00:00,0.0,0.0863175074547678,0.6386198908265943,-660123.5815529982
2025-07-14 23:00:00,0.0,0.08022405769825466,0.6385134366437287,-686580.6530831772
2025-07-15 00:00:00,0.0,0.09572766418433099,0.6384069060566594,-704562.2739879043
2025-07-15 01:00:00,0.0,0.1059368145657273,0.6383002991201921,-656586.096300327
2025-07-15 02:00:00,0.0,0.08899860121335282,0.6381936158891718,-687191.2583739442
2025-07-15 03:00:00,0.0,0.11084537470341833,0.6380868564184827,-670175.7004012617
2025-07-15 04:00:00,0.0,0.11786319028646441,0.6379800207630485,-650788.8079122048
2025-07-15 05:00:00,0.0,0.09647730815209954,0.6378731089778317,-642875.1291600178
2025-07-15 06:00:00,0.0,0.1006703995075483,0.637766121117834,-629484.5025784355
2025-07-15 07:00:00,0.22333822335041467,0.11274271835433188,0.6376590572380965,-604870.9994680762
2025-07-15 08:00:00,0.4314563158633635,0.10747381932332639,0.6375519173936993,-625659.7534868708
2025-07-15 09:00:00,0.6101713734654987,0.09719265805738596,0.6374447016397614,-608954.9022380783
2025-07-15 10:00:00,0.7473042603218315,0.11634906024537649,0.6373374100314412,-560961.4244821124
2025-07-15 11:00:00,0.8335095968159134,0.09499756325252577,0.6372300426239357,-573249.0620510698
2025-07-15 12:00:00,0.8629126317267272,0.08414175277217906,0.6371225994724813,-559950.1395680298
2025-07-15 13:00:00,0.8335095968159134,0.07962756938897841,0.6370150806323531,-548183.9413382255
2025-07-15 14:00:00,0.7473042603218316,0.07913675450548616,0.6369074861588653,-563781.597466379
2025-07-15 15:00:00,0.6101713734654988,0.11050079184971368,0.6367998161073708,-602406.7882557106
2025-07-15 16:00:00,0.4314563158633635,0.10810122773366909,0.6366920705332618,-591900.7684424976
2025-07-15 17:00:00,0.22333822335041492,0.09677997421010837,0.6365842494919688,-592513.1708848366
2025-07-15 18:00:00,1.0567631923879552e-16,0.09659374307989388,0.6364763530389614,-593428.0153049591
2025-07-15 19:00:00,0.0,0.1222769357964708,0.6363683812297481,-610083.5867552086
2025-07-15 20:00:00,0.0,0.11511036349925637,0.6362603341198763,-654551.4501240755
2025-07-15 21:00:00,0.0,0.10372879790545658,0.6361522117649314,-647044.2095443322
2025-07-15 22:00:00,0.0,0.11445187445129007,0.6360440142205385,-626293.8121359134
2025-07-15 23:00:00,0.0,0.11146514088850278,0.6359357415423604,-626126.8224544319
2025-07-16 00:00:00,0.0,0.12097063053586768,0.6358273937860995,-645408.3635012785
2025-07-16 01:00:00,0.0,0.11398002730366728,0.6357189710074962,-685643.190465649
2025-07-16 02:00:00,0.0,0.11181280686724504,0.6356104732623296,-681631.9075608752
2025-07-16 03:00:00,0.0,0.11859138042100821,0.6355019006064174,-658894.6130769516
2025-07-16 04:00:00,0.0,0.11007770870844864,0.635393253095616,-711906.8817922698
2025-07-16 05:00:00,0.0,0.11867136125166433,0.6352845307858203,-633497.1650687741
2025-07-16 06:00:00,0.0,0.10188685199409349,0.6351757337329633,-663582.7392219445
2025-07-16 07:00:00,0.22252538966824797,0.08463922132739019,0.6350668619930169,-608784.8864967469
2025-07-16 08:00:00,0.42988604177119866,0.12094431456145932,0.634957915621991,-576614.1635522253
2025-07-16 09:00:00,0.607950670547716,0.09924802344682906,0.6348488946759345,-573422.917903979
2025-07-16 10:00:00,0.7445844658123928,0.09709755928527593,0.6347397992109342,-518817.1389802438
2025-07-16 11:00:00,0.830476060215964,0.08936591408269401,0.6346306292831151,-542623.5399525756
2025-07-16 12:00:00,0.8597720835423973,0.09995010492292246,0.6345213849486409,-502919.6828022879
2025-07-16 13:00:00,0.830476060215964,0.12086159742356291,0.6344120662637133,-550936.5164951922
2025-07-16 14:00:00,0.7445844658123929,0.09984242817526229,0.6343026732845727,-591221.4583582522
2025-07-16 15:00:00,0.607950670547716,0.10363347351260205,0.6341932060674971,-554452.039302829
2025-07-16 16:00:00,0.42988604177119866,0.09058806789889035,0.6340836646688032,-583824.3063479178
2025-07-16 17:00:00,0.22252538966824822,0.07883888178208298,0.6339740491448453,-616717.3019271565
2025-07-16 18:00:00,1.0529171301064476e-16,0.10556809188474828,0.6338643595520166,-585698.4482871698
2025-07-16 19:00:00,0.0,0.08881567117231357,0.6337545959467478,-611029.9946031667
2025-07-16 20:00:00,0.0,0.08556642300759398,0.633644758385508,-659265.2891110058
2025-07-16 21:00:00,0.0,0.0966278284493134,0.633534846924804,-605724.0151718373
2025-07-16 22:00:00,0.0,0.10156883347582468,0.6334248616211811,-644302.1799253906
2025-07-16 23:00:00,0.0,0.11457109682469815,0.633314802531222,-642140.736572799
2025-07-17 00:00:00,0.0,0.1133479710755251,0.6332046697115479,-624288.8300622762
2025-07-17 01:00:00,0.0,0.0848758755312573,0.6330944632188178,-637050.1207352602
2025-07-17 02:00:00,0.0,0.1168926025815374,0.6329841831097283,-625046.9955318561
2025-07-17 03:00:00,0.0,0.10477729721211754,0.6328738294410141,-681470.4072780202
2025-07-17 04:00:00,0.0,0.09784556093249837,0.6327634022694479,-652512.0827829189
2025-07-17 05:00:00,0.0,0.08837814831949425,0.6326529016518401,-595918.0388224396
2025-07-17 06:00:00,0.0,0.09438102355873294,0.6325423276450385,-673843.2835365623
2025-07-17 07:00:00,0.22168112906160767,0.11137953123239196,0.6324316803059293,-603768.4295480456
2025-07-17 08:00:00,0.42825505552305393,0.10573620139792583,0.632320959691436,-603377.6765889531
2025-07-17 09:00:00,0.6056441076755458,0.07496046146434972,0.6322101658585199,-611568.3351606323
2025-07-17 10:00:00,0.74175951476416,0.1054750023743115,0.63209929886418,-601166.9021278748
2025-07-17 11:00:00,0.8273252367371535,0.10049594382666922,0.631988358765453,-653297.0316413136
2025-07-17 12:00:00,0.856510111046108,0.10194837939733124,0.631877345619413,-582854.480113764
2025-07-17 13:00:00,0.8273252367371535,0.08145778086252708,0.631766259483172,-609404.6943036056
2025-07-17 14:00:00,0.7417595147641601,0.11098557366836628,0.6316551004138791,-559284.627884501
2025-07-17 15:00:00,0.6056441076755459,0.0980335673468252,0.6315438684687212,-611147.6184125758
2025-07-17 16:00:00,0.42825505552305393,0.1185829931694588,0.631432563704923,-557843.3957675906
2025-07-17 17:00:00,0.22168112906160792,0.08606612825445988,0.6313211861797459,-574079.8001038425
2025-07-17 18:00:00,1.0489223659299603e-16,0.09663031694114327,0.6312097359504895,-582883.2131370193
2025-07-17 19:00:00,0.0,0.09283768730949633,0.6310982130744902,-613246.2256248994
2025-07-17 20:00:00,0.0,0.09532761858143952,0.6309866176091223,-630513.8189794504
2025-07-17 21:00:00,0.0,0.11493526144778941,0.6308749496117971,-614158.554248502
2025-07-17 22:00:00,0.0,0.0765556871540145,0.6307632091399633,-632237.3772025267
2025-07-17 23:00:00,0.0,0.08044655765846047,0.6306513962511068,-671818.9544083076
2025-07-18 00:00:00,0.0,0.1073795535408412,0.630539511002751,-660557.7930982201
2025-07-18 01:00:00,0.0,0.11258451235182448,0.6304275534524562,-633747.4316357392
2025-07-18 02:00:00,0.0,0.08496977922376653,0.6303155236578202,-664464.8707322808
2025-07-18 03:00:00,0.0,0.11608443277585062,0.6302034216764777,-620860.2870154127
2025-07-18 04:00:00,0.0,0.0879660130938305,0.6300912475661008,-679444.8489033852
2025-07-18 05:00:00,0.0,0.07406226034145445,0.6299790013843987,-614125.4112615618
2025-07-18 06:00:00,0.0,0.10600958930997595,0.6298666831891172,-638199.0714979023
2025-07-18 07:00:00,0.22080569170313222,0.11654049918666608,0.6297542930380398,-574104.0948912296
2025-07-18 08:00:00,0.4265638404153545,0.10815262194136364,0.6296418309889865,-596659.4015071114
2025-07-18 09:00:00,0.6032523683333469,0.07984587422950214,0.6295292970998148,-572475.4290083443
2025-07-18 10:00:00,0.7388302442710964,0.09977478834229156,0.6294166914284186,-582650.9579126476
2025-07-18 11:00:00,0.8240580600364792,0.11176448916622116,0.6293040140327291,-565009.5302883175
2025-07-18 12:00:00,0.8531276808307091,0.07288477156013422,0.6291912649707144,-565732.5199724688
2025-07-18 13:00:00,0.8240580600364792,0.10651873862658462,0.6290784443003792,-579279.7874506529
2025-07-18 14:00:00,0.7388302442710966,0.11305265438350659,0.6289655520797653,-531906.7829331252
2025-07-18 15:00:00,0.603252368333347,0.09844681869412558,0.6288525883669512,-537384.5683280732
2025-07-18 16:00:00,0.4265638404153545,0.10338621328779013,0.6287395532200523,-537324.9363623727
2025-07-18 17:00:00,0.22080569170313244,0.07805669559894422,0.6286264466972203,-582052.111193532
2025-07-18 18:00:00,1.0447800835933328e-16,0.08608357477876487,0.6285132688566444,-579891.2786674469
2025-07-18 19:00:00,0.0,0.10037779706797252,0.6284000197565497,-623287.0469456451
2025-07-18 20:00:00,0.0,0.10852336711727731,0.6282866994551987,-645574.1111923372
2025-07-18 21:00:00,0.0,0.07422460193107712,0.6281733080108897,-631985.0526782784
2025-07-18 22:00:00,0.0,0.07604245770052312,0.6280598454819585,-657468.4329135225
2025-07-18 23:00:00,0.0,0.0774516786284529,0.6279463119267766,-634308.48729289
2025-07-19 00:00:00,0.0,0.09979741431833214,0.6278327074037526,-595530.557443009
2025-07-19 01:00:00,0.0,0.11037944322352944,0.6277190319713318,-690954.6867075863
2025-07-19 02:00:00,0.0,0.0990938381145114,0.6276052856879952,-701612.9560170763
2025-07-19 03:00:00,0.0,0.0898893557469194,0.6274914686122609,-634697.090941077
2025-07-19 04:00:00,0.0,0.10625692144361286,0.6273775808026831,-652234.5566916214
2025-07-19 05:00:00,0.0,0.08423710216606779,0.6272636223178528,-649738.1664079827
2025-07-19 06:00:00,0.0,0.10836088734720717,0.6271495932163966,-633546.3705615107
2025-07-19 07:00:00,0.21989933700380432,0.07715420729546071,0.6270354935569783,-596681.2350874521
2025-07-19 08:00:00,0.42481289759163593,0.07724580218776375,0.6269213233982975,-617322.788446446
2025-07-19 09:00:00,0.6007761612451042,0.08590665200118291,0.6268070827990901,-643023.6403114621
2025-07-19 10:00:00,0.7357975223392679,0.08486872656406552,0.6266927718181283,-577623.7218001875
2025-07-19 11:00:00,0.8206754982489086,0.08385736329619708,0.6265783905142206,-566439.1360799513
2025-07-19 12:00:00,0.849625795183272,0.10875110875872665,0.6264639389462114,-614191.0589301123
2025-07-19 13:00:00,0.8206754982489086,0.07322210002305428,0.6263494171729816,-543984.1782623781
2025-07-19 14:00:00,0.735797522339268,0.08946584631463052,0.6262348252534482,-584329.5608589501
2025-07-19 15:00:00,0.6007761612451044,0.10686509573128422,0.6261201632465638,-539006.5516551823
2025-07-19 16:00:00,0.42481289759163593,0.07838466293095199,0.6260054312113176,-602620.3364381933
2025-07-19 17:00:00,0.21989933700380454,0.10428435241649428,0.6258906292067346,-607344.8269465001
2025-07-19 18:00:00,1.0404915105442186e-16,0.08366395911473053,0.625775757291876,-606749.2917674931
2025-07-19 19:00:00,0.0,0.11155798473184056,0.6256608155258383,-606263.7112277234
2025-07-19 20:00:00,0.0,0.09638966108711844,0.6255458039677549,-573227.8624164723
2025-07-19 21:00:00,0.0,0.10321108025499325,0.6254307226767946,-627645.3241893504
2025-07-19 22:00:00,0.0,0.07624414777011237,0.6253155717121618,-664492.6548299285
2025-07-19 23:00:00,0.0,0.0968286968973781,0.6252003511330972,-633062.1011291338
2025-07-20 00:00:00,0.0,0.11182630073190136,0.6250850609988773,-696814.9781108048
2025-07-20 01:00:00,0.0,0.10828403026742005,0.6249697013688141,-658347.4108745235
2025-07-20 02:00:00,0.0,0.10212500116324293,0.6248542723022555,-697256.1485756754
2025-07-20 03:00:00,0.0,0.09364215023508393,0.6247387738585853,-643232.3342210891
2025-07-20 04:00:00,0.0,0.08545478004545948,0.6246232060972227,-659596.7115289007
2025-07-20 05:00:00,0.0,0.07692616029442712,0.6245075690776224,-666994.8963949954
2025-07-20 06:00:00,0.0,0.10138166520976975,0.6243918628592755,-607069.2456966459
2025-07-20 07:00:00,0.21896233353608216,0.0941289387920394,0.6242760875017078,-641230.9270209755
2025-07-20 08:00:00,0.42300274589404546,0.10843060662822118,0.6241602430644814,-561122.9438031212
2025-07-20 09:00:00,0.5982162201644192,0.08936534774996611,0.6240443296071934,-597857.3328595296
2025-07-20 10:00:00,0.7326622476296341,0.07862451043723442,0.6239283471894767,-557828.0461966423
2025-07-20 11:00:00,0.8171785537005014,0.07687814173740531,0.6238122958709995,-584021.6126298747
2025-07-20 12:00:00,0.846005491788091,0.08328448005241369,0.6236961757114656,-589519.1127406716
2025-07-20 13:00:00,0.8171785537005014,0.09310056374587758,0.6235799867706143,-542765.538833864
2025-07-20 14:00:00,0.7326622476296342,0.09644932104800027,0.62346372910822,-560705.0255498348
2025-07-20 15:00:00,0.5982162201644193,0.10773332512284628,0.6233474027840927,-570129.1250205787
2025-07-20 16:00:00,0.42300274589404546,0.07607189729957003,0.6232310078580775,-603131.7263098741
2025-07-20 17:00:00,0.2189623335360824,0.07533434751258543,0.623114544390055,-551550.7380498411
2025-07-20 18:00:00,1.036057917579368e-16,0.10768062872728207,0.6229980124399409,-635045.0248564548
2025-07-20 19:00:00,0.0,0.09381925483666209,0.6228814120676864,-605139.6207490069
2025-07-20 20:00:00,0.0,0.08582519089386469,0.6227647433332776,-643012.1155370137
2025-07-20 21:00:00,0.0,0.07950878778386561,0.6226480062967359,-692990.0558782308
2025-07-20 22:00:00,0.0,0.07238129805708797,0.6225312010181177,-640671.5630194662
2025-07-20 23:00:00,0.0,0.100629260603674,0.6224143275575146,-621268.4418750396
2025-07-21 00:00:00,0.0,0.07362036403068427,0.6222973859750536,-674250.2534130249
2025-07-21 01:00:00,0.0,0.08604884465082913,0.6221803763308963,-658334.2478176027
2025-07-21 02:00:00,0.0,0.06945417563374466,0.6220632986852394,-660362.9833843366
2025-07-21 03:00:00,0.0,0.09251075003186354,0.6219461530983146,-651450.1285649044
2025-07-21 04:00:00,0.0,0.07948463953121929,0.6218289396303887,-612433.323537699
2025-07-21 05:00:00,0.0,0.09675163007573394,0.6217116583417633,-616652.7554914055
2025-07-21 06:00:00,0.0,0.09632124743915316,0.6215943092927751,-592344.414521056
2025-07-21 07:00:00,0.21799495895431548,0.1046156885660786,0.6214768925437952,-622441.4107713546
2025-07-21 08:00:00,0.4211339217095974,0.08154692486078963,0.62135940815523,-591736.7449713241
2025-07-21 09:00:00,0.5955733036570818,0.08605823055135585,0.6212418561875205,-581475.8968315714
2025-07-21 10:00:00,0.7294253491917566,0.09111884644632341,0.6211242367011424,-586440.769668949
2025-07-21 11:00:00,0.8135682626113975,0.08232781885155233,0.6210065497566061,-553709.9151743406
2025-07-21 12:00:00,0.8422678434191949,0.0813278704011125,0.6208887954144569,-529386.8416939748
2025-07-21 13:00:00,0.8135682626113975,0.08599808031578285,0.6207709737352747,-523420.4508250526
2025-07-21 14:00:00,0.7294253491917566,0.09759215921996761,0.6206530847796741,-540552.3584128623
2025-07-21 15:00:00,0.5955733036570819,0.10644686718197574,0.6205351286083041,-557968.5568472918
2025-07-21 16:00:00,0.4211339217095974,0.09494251693809858,0.6204171052818485,-575288.8126553078
2025-07-21 17:00:00,0.2179949589543157,0.09354491880709903,0.6202990148610255,-579825.8126357562
2025-07-21 18:00:00,1.031480618468061e-16,0.10356967775273354,0.6201808574065879,-638857.4434797765
2025-07-21 19:00:00,0.0,0.08566229273597045,0.6200626329793232,-606481.6683258092
2025-07-21 20:00:00,0.0,0.08502725744544892,0.6199443416400527,-638394.9322850105
2025-07-21 21:00:00,0.0,0.08353966756872913,0.6198259834496329,-656173.4158094788
2025-07-21 22:00:00,0.0,0.08396669243747207,0.6197075584689541,-698902.020676167
2025-07-21 23:00:00,0.0,0.09487545859596735,0.6195890667589414,-692222.3876318521
2025-07-22 00:00:00,0.0,0.07200740864263683,0.6194705083805541,-629243.0022026387
2025-07-22 01:00:00,0.0,0.08918375105690744,0.6193518833947852,-660550.4254284371
2025-07-22 02:00:00,0.0,0.09971507301840889,0.6192331918626631,-644580.7710924036
2025-07-22 03:00:00,0.0,0.07720794726066255,0.6191144338452496,-649137.246965858
2025-07-22 04:00:00,0.0,0.09126461542595525,0.6189956094036407,-662967.6626970929
2025-07-22 05:00:00,0.0,0.09364073443974534,0.6188767185989673,-673805.8898238066
2025-07-22 06:00:00,0.0,0.07932191929024218,0.6187577614923936,-662198.575097506
2025-07-22 07:00:00,0.21699749991247042,0.08797979843155154,0.6186387381451183,-592099.3678870256
2025-07-22 08:00:00,0.41920697881123004,0.07393056375390455,0.6185196486183742,-586952.3312646804
2025-07-22 09:00:00,0.5928481948762921,0.10475939302499321,0.618400492973428,-587107.060354356
2025-07-22 10:00:00,0.7260877861885002,0.0825573685154608,0.6182812712715806,-586001.1018844192
2025-07-22 11:00:00,0.8098456947887628,0.06816312103936593,0.6181619835741667,-565338.994672572
2025-07-22 12:00:00,0.8384139576224602,0.09515166188453611,0.6180426299425552,-561296.092679234
2025-07-22 13:00:00,0.8098456947887628,0.09507573312579287,0.6179232104381485,-541185.5637685097
2025-07-22 14:00:00,0.7260877861885003,0.0901949381349114,0.6178037251223832,-544721.6294439035
2025-07-22 15:00:00,0.5928481948762923,0.10190895050971477,0.6176841740567299,-599563.5261540638
2025-07-22 16:00:00,0.41920697881123004,0.09718913325598078,0.6175645573026927,-574554.9478651551
2025-07-22 17:00:00,0.21699749991247066,0.10178711767725078,0.6174448749218096,-607458.3746963027
2025-07-22 18:00:00,1.0267609695628103e-16,0.07081300629118713,0.6173251269756523,-561352.6361153449
2025-07-22 19:00:00,0.0,0.08100911568658,0.6172053135258266,-632377.8545459701
2025-07-22 20:00:00,0.0,0.08368677146917924,0.6170854346339714,-615390.0723909523
2025-07-22 21:00:00,0.0,0.10443889165701348,0.6169654903617596,-662142.1600650791
2025-07-22 22:00:00,0.0,0.09358916632771348,0.616845480770898,-651462.7222392056
2025-07-22 23:00:00,0.0,0.09566018702816831,0.6167254059231264,-649368.5644999486
2025-07-23 00:00:00,0.0,0.0872308074423715,0.6166052658802188,-640602.8260615157
2025-07-23 01:00:00,0.0,0.10023971067896553,0.6164850607039821,-690668.3553049299
2025-07-23 02:00:00,0.0,0.0682790690633715,0.6163647904562572,-687023.4618551302
2025-07-23 03:00:00,0.0,0.06770079111541925,0.6162444551989185,-656937.6004660836
2025-07-23 04:00:00,0.0,0.09432889160243466,0.6161240549938733,-615270.2539941062
2025-07-23 05:00:00,0.0,0.09345203240775284,0.6160035899030629,-652439.123308207
2025-07-23 06:00:00,0.0,0.0759934453034734,0.6158830599884617,-611241.8725602196
2025-07-23 07:00:00,0.21597025197918807,0.07655764072532062,0.6157624653120776,-617165.127892901
2025-07-23 08:00:00,0.417222488193711,0.10213753650975135,0.6156418059359514,-613621.8682474791
2025-07-23 09:00:00,0.5900417013305946,0.10305841064941501,0.6155210819221579,-594886.9773738357
2025-07-23 10:00:00,0.7226505476118136,0.09550396086020603,0.6154002933328045,-605515.0028051446
2025-07-23 11:00:00,0.8060119533097828,0.07120585306188731,0.6152794402300323,-532704.5501878334
2025-07-23 12:00:00,0.8344449763874221,0.08224811299854473,0.6151585226760152,-586662.5087799148
2025-07-23 13:00:00,0.8060119533097828,0.06551046817689747,0.6150375407329605,-559208.6091284641
2025-07-23 14:00:00,0.7226505476118136,0.09054604926109537,0.6149164944631084,-521835.99557586334
2025-07-23 15:00:00,0.5900417013305947,0.08969457801435969,0.6147953839287327,-568372.9179748902
2025-07-23 16:00:00,0.417222488193711,0.06678026765947599,0.6146742091921396,-575210.4010220724
2025-07-23 17:00:00,0.2159702519791883,0.10085323425114437,0.6145529703156687,-539072.0832429067
2025-07-23 18:00:00,1.0219003693974451e-16,0.08704232325330861,0.6144316673616926,-604492.0227740604
2025-07-23 19:00:00,0.0,0.09346040064662026,0.6143103003926168,-621974.3740944889
2025-07-23 20:00:00,0.0,0.10132125982826917,0.6141888694708796,-612606.1278144394
2025-07-23 21:00:00,0.0,0.07644811327242212,0.6140673746589526,-676132.9679536296
2025-07-23 22:00:00,0.0,0.10214533471633519,0.6139458160193397,-638223.0353731171
2025-07-23 23:00:00,0.0,0.06839823634746033,0.6138241936145782,-635656.5806816661
2025-07-24 00:00:00,0.0,0.07613269162568592,0.6137025075072379,-677643.6964016012
2025-07-24 01:00:00,0.0,0.07896968110970796,0.6135807577599213,-673102.9001243173
2025-07-24 02:00:00,0.0,0.08750299312334446,0.6134589444352637,-695906.4420141691
2025-07-24 03:00:00,0.0,0.09685511806830022,0.6133370675959334,-570183.0041633216
2025-07-24 04:00:00,0.0,0.09327337918226926,0.613215127304631,-645237.711183773
2025-07-24 05:00:00,0.0,0.10042693289704274,0.6130931236240901,-646389.8490451357
2025-07-24 06:00:00,0.0,0.07110393394077046,0.6129710566170763,-644304.3385604782
2025-07-24 07:00:00,0.21491351955020088,0.08837455313560344,0.6128489263463885,-603758.558985155
2025-07-24 08:00:00,0.4151810379044392,0.09040335729935747,0.6127267328748576,-601342.9779814436
2025-07-24 09:00:00,0.587154654644596,0.07336606522988298,0.6126044762653474,-588142.6009064529
2025-07-24 10:00:00,0.7191146519896686,0.07874625718932839,0.612482156580754,-546026.8998495826
2025-07-24 11:00:00,0.8020681741947969,0.072064871040718,0.612359773884006,-567695.2802840358
2025-07-24 12:00:00,0.8303620758088786,0.08735198211353608,0.6122373282380642,-564174.0929788459
2025-07-24 13:00:00,0.8020681741947969,0.09409855643956146,0.6121148197059221,-586186.4914320783
2025-07-24 14:00:00,0.7191146519896687,0.06702703171717286,0.6119922483506055,-563588.8786069369
2025-07-24 15:00:00,0.587154654644596,0.09568885725436882,0.6118696142351724,-525522.7868597672
2025-07-24 16:00:00,0.4151810379044392,0.09189826180367183,0.6117469174227129,-544859.4140121612
2025-07-24 17:00:00,0.2149135195502011,0.08191469994478419,0.6116241579763501,-608384.3678058358
2025-07-24 18:00:00,1.016900258272695e-16,0.0770154796855598,0.6115013359592383,-590085.5429330877
2025-07-24 19:00:00,0.0,0.06634836350446278,0.6113784514345646,-653924.5858048734
2025-07-24 20:00:00,0.0,0.09459687759438941,0.6112555044655484,-619939.0657039282
2025-07-24 21:00:00,0.0,0.0784734940493614,0.6111324951154409,-656438.8883211117
2025-07-24 22:00:00,0.0,0.06586996574322951,0.6110094234475252,-635260.304810456
2025-07-24 23:00:00,0.0,0.09566825491016179,0.610886289525117,-665366.221474332
2025-07-25 00:00:00,0.0,0.0647040040408496,0.6107630934115639,-657294.0800343622
2025-07-25 01:00:00,0.0,0.09754040217649142,0.610639835170245,-642214.66236341
2025-07-25 02:00:00,0.0,0.07637328384601538,0.6105165148645718,-640614.8524679923
2025-07-25 03:00:00,0.0,0.0898246654216588,0.6103931325579879,-618311.8696625702
2025-07-25 04:00:00,0.0,0.09746017963733675,0.6102696883139682,-682852.9375388402
2025-07-25 05:00:00,0.0,0.08136341328539343,0.6101461821960201,-652652.92390323
2025-07-25 06:00:00,0.0,0.0738482701755067,0.6100226142676825,-627291.9081758619
2025-07-25 07:00:00,0.2138276157581337,0.08860344304950286,0.6098989845925259,-632198.1093969038
2025-07-25 08:00:00,0.41308323286919335,0.06808754807240579,0.6097752932341531,-613283.7874095773
2025-07-25 09:00:00,0.5841879103125368,0.07608930834929237,0.6096515402561982,-548997.2986335987
2025-07-25 10:00:00,0.715481147084249,0.09821769892941054,0.6095277257223272,-551533.8555904004
2025-07-25 11:00:00,0.7980155260706705,0.08171738474381013,0.6094038496962376,-587913.8410798487
2025-07-25 12:00:00,0.8261664657383868,0.09168945945943341,0.6092799122416586,-583260.5017802359
2025-07-25 13:00:00,0.7980155260706705,0.07537650483538848,0.6091559134223512,-566839.7693016434
2025-07-25 14:00:00,0.7154811470842491,0.0811426742967716,0.6090318533021079,-528713.4549746626
2025-07-25 15:00:00,0.5841879103125368,0.06889820922424127,0.6089077319447523,-562666.5812732073
2025-07-25 16:00:00,0.41308323286919335,0.0928164249597892,0.6087835494141405,-572053.9079991062
2025-07-25 17:00:00,0.21382761575813392,0.07831905051453902,0.6086593057741586,-582075.0492223306
2025-07-25 18:00:00,1.0117621178293969e-16,0.0693075579399549,0.6085350010887255,-568227.2092730278
2025-07-25 19:00:00,0.0,0.09485048494466364,0.6084106354217909,-605446.4905103531
2025-07-25 20:00:00,0.0,0.08266571983182114,0.608286208837336,-613667.0745637075
2025-07-25 21:00:00,0.0,0.08312945748127076,0.608161721399373,-664210.1765913888
2025-07-25 22:00:00,0.0,0.062251154203108644,0.6080371731719459,-691546.7791287391
2025-07-25 23:00:00,0.0,0.08436846029843856,0.6079125642191298,-667330.226286071
2025-07-26 00:00:00,0.0,0.06070894672952554,0.6077878946050309,-658912.7420767595
2025-07-26 01:00:00,0.0,0.07556544032346227,0.6076631643937869,-632765.1044717061
2025-07-26 02:00:00,0.0,0.07854251196670337,0.6075383736495662,-664737.1639125207
2025-07-26 03:00:00,0.0,0.09191515700443494,0.6074135224365688,-658684.4810026874
2025-07-26 04:00:00,0.0,0.08543609594262094,0.6072886108190255,-677942.7968768848
2025-07-26 05:00:00,0.0,0.0681416537881731,0.6071636388611986,-625938.6344917071
2025-07-26 06:00:00,0.0,0.09536272737006646,0.607038606627381,-657097.2781809551
2025-07-26 07:00:00,0.21271286237971576,0.0728629807803982,0.6069135141818967,-626355.7432220137
2025-07-26 08:00:00,0.4109296947128796,0.0704861955487628,0.6067883615891008,-586979.9918837072
2025-07-26 09:00:00,0.5811423474447899,0.08089485709814212,0.6066631489133794,-611010.3707696346
2025-07-26 10:00:00,0.7117511095814754,0.09445813717992935,0.6065378762191491,-562212.3146783069
2025-07-26 11:00:00,0.7938552098245057,0.0723376116339101,0.606412543570858,-584828.5418059557
2025-07-26 12:00:00,0.8218593894257593,0.07428562491631088,0.6062871510329846,-529349.8411996181
2025-07-26 13:00:00,0.7938552098245057,0.06708693932804471,0.6061616986700382,-570213.235592676
2025-07-26 14:00:00,0.7117511095814755,0.08700487656349731,0.606036186546559,-623432.7890241301
2025-07-26 15:00:00,0.58114234744479,0.07259552364317437,0.6059106147271183,-600895.3504818886
2025-07-26 16:00:00,0.4109296947128796,0.09109364670152072,0.6057849832763175,-564986.1194330783
2025-07-26 17:00:00,0.21271286237971598,0.07778557810418908,0.6056592922587888,-581769.585481157
2025-07-26 18:00:00,1.0064874706094541e-16,0.08911152514012989,0.6055335417391955,-619028.7481473106
2025-07-26 19:00:00,0.0,0.06673493636749672,0.605407731782231,-573449.2225710561
2025-07-26 20:00:00,0.0,0.07370476569808324,0.6052818624526195,-660955.586483927
2025-07-26 21:00:00,0.0,0.07281520237917576,0.6051559338151157,-657774.3131235644
2025-07-26 22:00:00,0.0,0.08592948428041701,0.605029945934505,-676442.1350341102
2025-07-26 23:00:00,0.0,0.06080219232557227,0.6049038988756028,-644744.7663820607
2025-07-27 00:00:00,0.0,0.06562203053088987,0.6047777927032556,-633614.7271028102
2025-07-27 01:00:00,0.0,0.07983434664803346,0.6046516274823398,-679494.0148370044
2025-07-27 02:00:00,0.0,0.07374286602168366,0.6045254032777622,-644135.7428382506
2025-07-27 03:00:00,0.0,0.07731955025710988,0.6043991201544603,-687917.8309027116
2025-07-27 04:00:00,0.0,0.06480342998716854,0.6042727781774015,-639564.7565435036
2025-07-27 05:00:00,0.0,0.07982042253564653,0.6041463774115842,-610523.9289085409
2025-07-27 06:00:00,0.0,0.09331420343197411,0.6040199179220358,-621536.3366628463
2025-07-27 07:00:00,0.21156958974043155,0.06432657309815787,0.6038933997738151,-578371.8718023929
2025-07-27 08:00:00,0.40872106157533106,0.0877923437660318,0.6037668230320103,-622103.6015138387
2025-07-27 09:00:00,0.5780188685073621,0.0659740641461852,0.6036401877617403,-610094.6119754635
2025-07-27 10:00:00,0.707925644771961,0.06331911475979868,0.603513494028154,-630111.6554345469
2025-07-27 11:00:00,0.7895884582477937,0.06186818894517129,0.6033867418964299,-529048.5232459307
2025-07-27 12:00:00,0.8174421231506622,0.08183154565949075,0.6032599314317769,-585083.4990015418
2025-07-27 13:00:00,0.7895884582477937,0.06502598828216857,0.6031330626994343,-564771.1097391833
2025-07-27 14:00:00,0.7079256447719611,0.08197146908677642,0.6030061357646705,-576719.712378936
2025-07-27 15:00:00,0.5780188685073622,0.08346830009915279,0.6028791506927845,-598650.008821153
2025-07-27 16:00:00,0.40872106157533106,0.07817956911171811,0.6027521075491051,-563732.0815339434
2025-07-27 17:00:00,0.21156958974043177,0.0892735161454304,0.6026250063989907,-597348.8058862031
2025-07-27 18:00:00,1.0010778796046751e-16,0.0691327973420837,0.60249784730783,-593123.8766102752
2025-07-27 19:00:00,0.0,0.06300607372538913,0.602370630341041,-585089.9623916285
2025-07-27 20:00:00,0.0,0.07111454027497933,0.6022433555640718,-619775.4610220802
2025-07-27 21:00:00,0.0,0.07106496498330389,0.6021160230424004,-609936.8944679328
2025-07-27 22:00:00,0.0,0.0918073785203477,0.6019886328415339,-664192.284429339
2025-07-27 23:00:00,0.0,0.08272458579247009,0.6018611850270098,-699432.3550519835
2025-07-28 00:00:00,0.0,0.059377401790309016,0.6017336796643946,-658536.1935775342
2025-07-28 01:00:00,0.0,0.06461300185077776,0.6016061168192849,-653892.6484838051
2025-07-28 02:00:00,0.0,0.09003918964830909,0.6014784965573065,-668389.0180172775
2025-07-28 03:00:00,0.0,0.06287526225121884,0.6013508189441149,-648065.9189444771
2025-07-28 04:00:00,0.0,0.08016577226994982,0.6012230840453953,-632531.5010264037
2025-07-28 05:00:00,0.0,0.07511248005633624,0.6010952919268621,-661081.8511591624
2025-07-28 06:00:00,0.0,0.0888316548325277,0.600967442654259,-607679.5194002439
2025-07-28 07:00:00,0.21039813661663792,0.0712500573046044,0.6008395362933596,-676266.7462005187
2025-07-28 08:00:00,0.4064579879222125,0.061574585221043934,0.6007115729099665,-577621.0834735789
2025-07-28 09:00:00,0.5748183990544726,0.0769249167597133,0.6005835525699117,-550769.7713641088
2025-07-28 10:00:00,0.7040058862234891,0.08772509666657248,0.6004554753390565,-539626.7482704195
2025-07-28 11:00:00,0.7852165356711106,0.07236719737143543,0.6003273412832917,-540713.349304632
2025-07-28 12:00:00,0.8129159758444251,0.07128253764581742,0.6001991504685368,-554711.4158965959
2025-07-28 13:00:00,0.7852165356711106,0.07724256647061244,0.6000709029607411,-576550.8298862099
2025-07-28 14:00:00,0.7040058862234893,0.06271652239930658,0.5999425988258826,-571419.4422041487
2025-07-28 15:00:00,0.5748183990544727,0.0723047147739177,0.5998142381299688,-587130.6407529595
2025-07-28 16:00:00,0.4064579879222125,0.08549311330895212,0.5996858209390362,-588727.8496867617
2025-07-28 17:00:00,0.21039813661663814,0.07655335008155573,0.5995573473191499,-623689.9146213753
2025-07-28 18:00:00,9.955349477936223e-17,0.0654351115184941,0.5994288173364047,-560339.7539103535
2025-07-28 19:00:00,0.0,0.06064690279888331,0.5993002310569242,-622911.1918658979
2025-07-28 20:00:00,0.0,0.08205239210567233,0.5991715885468607,-625895.9366414157
2025-07-28 21:00:00,0.0,0.06891813192214942,0.5990428898723957,-620523.5296268517
2025-07-28 22:00:00,0.0,0.06967306637743712,0.5989141350997396,-623710.8413610738
2025-07-28 23:00:00,0.0,0.06714745707613562,0.5987853242951312,-659263.8146337052
2025-07-29 00:00:00,0.0,0.06748322149690726,0.5986564575248388,-671256.3512283838
2025-07-29 01:00:00,0.0,0.060288272267703225,0.5985275348551592,-673347.3037891816
2025-07-29 02:00:00,0.0,0.08497851428561584,0.5983985563524178,-663476.1368075331
2025-07-29 03:00:00,0.0,0.06391213805565438,0.5982695220829689,-641097.6056941273
2025-07-29 04:00:00,0.0,0.0717944420890937,0.5981404321131955,-626194.2113047347
2025-07-29 05:00:00,0.0,0.08759887139656958,0.5980112865095092,-646014.7349019932
2025-07-29 06:00:00,0.0,0.06287431057874003,0.5978820853383502,-593649.1622764436
2025-07-29 07:00:00,0.20919885013517747,0.08763611106400501,0.5977528286661873,-655430.7046208428
2025-07-29 08:00:00,0.4041411443510885,0.08579324816081224,0.5976235165595178,-608075.5003639339
2025-07-29 09:00:00,0.5715418874542921,0.059382146446500965,0.5974941490848679,-562251.7111235547
2025-07-29 10:00:00,0.6999929954451131,0.07255898488246856,0.5973647263087918,-555287.0996823837
2025-07-29 11:00:00,0.7807407375894697,0.08670334103718931,0.5972352482978721,-540997.4333221872
2025-07-29 12:00:00,0.8082822887021771,0.08589440578876552,0.5971057151187203,-571720.8052694547
2025-07-29 13:00:00,0.7807407375894697,0.08276233263317255,0.596976126837976,-510425.5620209669
2025-07-29 14:00:00,0.6999929954451132,0.07565897270362024,0.5968464835223071,-524765.6988997019
2025-07-29 15:00:00,0.5715418874542922,0.08450916308988136,0.59671678523841,-589746.8819903899
2025-07-29 16:00:00,0.4041411443510885,0.06402623063972754,0.596587032053009,-596392.4069650455
2025-07-29 17:00:00,0.2091988501351777,0.057355188270746295,0.5964572240328572,-601179.9542901187
2025-07-29 18:00:00,9.898603176666181e-17,0.06284896158028205,0.5963273612447354,-619362.2843055658
2025-07-29 19:00:00,0.0,0.07029579714716576,0.596197443755453,-626862.4748611904
2025-07-29 20:00:00,0.0,0.07015136079492096,0.5960674716318471,-579362.3463417545
2025-07-29 21:00:00,0.0,0.06662642117215258,0.5959374449407836,-595670.7288453756
2025-07-29 22:00:00,0.0,0.0730194963726986,0.5958073637491553,-624381.8385882732
2025-07-29 23:00:00,0.0,0.07236524768623456,0.5956772281238844,-648115.1664342447
2025-07-30 00:00:00,0.0,0.07641074357925591,0.5955470381319199,-680644.7468983552
2025-07-30 01:00:00,0.0,0.06690819997143797,0.5954167938402399,-656319.04632357
2025-07-30 02:00:00,0.0,0.07446340614761203,0.5952864953158494,-698705.5582628027
2025-07-30 03:00:00,0.0,0.07151841952761281,0.595156142625782,-661313.6996202235
2025-07-30 04:00:00,0.0,0.07082711553786084,0.5950257358370988,-670997.3694703854
2025-07-30 05:00:00,0.0,0.07459812769435731,0.5948952750168891,-644053.6548105147
2025-07-30 06:00:00,0.0,0.07242703539256955,0.5947647602322695,-632729.8435054796
2025-07-30 07:00:00,0.20797208567051736,0.05791214955389023,0.5946341915503847,-654173.4915921602
2025-07-30 08:00:00,0.40177121739271077,0.06216869185514012,0.5945035690384071,-625273.7619742412
2025-07-30 09:00:00,0.5681903046079207,0.07914018564685185,0.5943728927635366,-592012.1883766848
2025-07-30 10:00:00,0.6958881615429757,0.05858471042308483,0.5942421627930011,-596441.0468913201
2025-07-30 11:00:00,0.7761623902784383,0.056150277009527905,0.5941113791940558,-582588.5455164608
2025-07-30 12:00:00,0.8035424347854216,0.05865112648945531,0.5939805420339835,-553045.7622821054
2025-07-30 13:00:00,0.7761623902784383,0.08488602854780436,0.5938496513800949,-542415.3792750373
2025-07-30 14:00:00,0.6958881615429757,0.07073416164127581,0.593718707299728,-565387.2057018039
2025-07-30 15:00:00,0.5681903046079209,0.07990250989691079,0.5935877098602481,-553558.7516731042
2025-07-30 16:00:00,0.40177121739271077,0.082390150173215,0.5934566591290481,-540876.9955346065
2025-07-30 17:00:00,0.2079720856705176,0.05424761648338097,0.5933255551735485,-593036.9871301876
2025-07-30 18:00:00,9.840556707390375e-17,0.0726236058648121,0.593194398061197,-638150.3833678303
2025-07-30 19:00:00,0.0,0.05716284443979633,0.5930631878594685,-591737.7111312578
2025-07-30 20:00:00,0.0,0.0756641684424754,0.5929319246358656,-640028.6366773873
2025-07-30 21:00:00,0.0,0.0643729349242381,0.5928006084579179,-598211.8616732779
2025-07-30 22:00:00,0.0,0.053909790749775977,0.5926692393931825,-671143.0447880308
2025-07-30 23:00:00,0.0,0.07476416556611504,0.592537817509243,-632975.0292136006
2025-07-31 00:00:00,0.0,0.07135089925971741,0.592406342873711,-634114.9175810356
2025-07-31 01:00:00,0.0,0.05294521767770839,0.5922748155542249,-669563.3379009414
2025-07-31 02:00:00,0.0,0.055022611612595335,0.5921432356184503,-634596.2313859008
2025-07-31 03:00:00,0.0,0.07678504112669801,0.5920116031340797,-644157.6622108585
2025-07-31 04:00:00,0.0,0.07143168308973537,0.5918799181688328,-646943.6761996686
2025-07-31 05:00:00,0.0,0.07984228801868959,0.591748180790456,-604643.8766322319
2025-07-31 06:00:00,0.0,0.06330093494882541,0.5916163910667234,-560188.7061442875
2025-07-31 07:00:00,0.2067182067394442,0.08170012278616576,0.5914845490654349,-634632.8473063966
2025-07-31 08:00:00,0.3993489093075841,0.0660838442116818,0.5913526548544183,-604707.2046135109
2025-07-31 09:00:00,0.5647646436616887,0.05682039529307723,0.5912207085015279,-607531.8402264351
2025-07-31 10:00:00,0.6916926008679515,0.055331061821564956,0.5910887100746447,-557501.5092656594
2025-07-31 11:00:00,0.7714828504011328,0.07388452328986697,0.5909566596416765,-573645.3162494502
2025-07-31 12:00:00,0.7986978186151683,0.06955499028579021,0.5908245572705583,-558213.5947061584
2025-07-31 13:00:00,0.7714828504011328,0.06603659799198848,0.590692403029251,-569488.7917819472
2025-07-31 14:00:00,0.6916926008679515,0.07207671799788061,0.5905601969857428,-613452.7508075075
2025-07-31 15:00:00,0.5647646436616887,0.07015590032644088,0.5904279392080487,-599314.5692430481
2025-07-31 16:00:00,0.3993489093075841,0.05368583992960584,0.5902956297642097,-568794.3979643071
2025-07-31 17:00:00,0.20671820673944438,0.0776287857582713,0.5901632687222937,-594125.2272364892
2025-07-31 18:00:00,9.781227270530391e-17,0.07568420243947745,0.5900308561503954,-569521.7508116452
2025-07-31 19:00:00,0.0,0.08118870009365353,0.5898983921166356,-564686.7929858541
2025-07-31 20:00:00,0.0,0.07255988781971169,0.5897658766891617,-610216.6457727524
2025-07-31 21:00:00,0.0,0.05802190003419935,0.5896333099361475,-632592.5135676148
2025-07-31 22:00:00,0.0,0.0528655695928531,0.5895006919257935,-646605.9350228916
2025-07-31 23:00:00,0.0,0.054198258145129324,0.5893680227263262,-632513.664404712
2025-08-01 00:00:00,0.0,0.07294375431023972,0.5892353024059986,-672976.3424671611
2025-08-01 01:00:00,0.0,0.07994398666617444,0.58910253103309,-662993.4901719063
2025-08-01 02:00:00,0.0,0.07607266394340802,0.5889697086759059,-656807.6458012047
2025-08-01 03:00:00,0.0,0.054607276246837845,0.588836835402778,-691269.607333511
2025-08-01 04:00:00,0.0,0.06992978830473658,0.5887039112820645,-606638.9206193644
2025-08-01 05:00:00,0.0,0.06490530226974635,0.5885709363821492,-670132.9243544249
2025-08-01 06:00:00,0.0,0.0638061939539702,0.5884379107714427,-617256.7683447021
2025-08-01 07:00:00,0.2054375848933462,0.07911413137861009,0.5883048345183811,-625272.124502227
2025-08-01 08:00:00,0.3968749378778721,0.06763551814780137,0.5881717076914268,-608857.4064654876
2025-08-01 09:00:00,0.5612659197128663,0.06833330890524623,0.5880385303590684,-582282.8955468667
2025-08-01 10:00:00,0.6874075566552165,0.06559774486956618,0.5879053025898201,-538528.5682283484
2025-08-01 11:00:00,0.7667035046062127,0.07202336358396806,0.5877720244522224,-610126.1594622112
2025-08-01 12:00:00,0.7937498757557443,0.07573313310277255,0.5876386960148414,-611534.8842855806
2025-08-01 13:00:00,0.7667035046062127,0.07795848523204683,0.5875053173462693,-535534.8856330654
2025-08-01 14:00:00,0.6874075566552165,0.06862462537906133,0.5873718885151241,-553740.4534149171
2025-08-01 15:00:00,0.5612659197128664,0.07580410849058039,0.5872384095900496,-550643.6970736128
2025-08-01 16:00:00,0.3968749378778721,0.07512754595546116,0.5871048806397152,-561775.295226178
2025-08-01 17:00:00,0.20543758489334646,0.0692343640266744,0.5869713017328162,-593522.8796189431
2025-08-01 18:00:00,9.720632446678816e-17,0.059538120045346615,0.5868376729380739,-606708.366016841
2025-08-01 19:00:00,0.0,0.07913975862738616,0.5867039943242346,-602016.339878372
2025-08-01 20:00:00,0.0,0.06321204751893399,0.5865702659600708,-601415.2167057074
2025-08-01 21:00:00,0.0,0.05272400265658727,0.5864364879143802,-633012.3644553162
2025-08-01 22:00:00,0.0,0.05107622966228825,0.5863026602559863,-675954.1165925561
2025-08-01 23:00:00,0.0,0.06991202132431917,0.586168783053738,-623275.5019830789
2025-08-02 00:00:00,0.0,0.055408853972318206,0.5860348563765101,-699114.0281347736
2025-08-02 01:00:00,0.0,0.05591411339274201,0.5859008802932021,-685526.7415661954
2025-08-02 02:00:00,0.0,0.05088063613724633,0.5857668548727394,-672808.4277530566
2025-08-02 03:00:00,0.0,0.05462490132269622,0.5856327801840729,-646828.392726572
2025-08-02 04:00:00,0.0,0.07882596278725873,0.5854986562961784,-671603.3766179336
2025-08-02 05:00:00,0.0,0.05612127313911486,0.5853644832780573,-660648.3992754235
2025-08-02 06:00:00,0.0,0.07421566032869915,0.5852302611987364,-603643.359019947
2025-08-02 07:00:00,0.20413059960811444,0.07464678114405397,0.5850959901272673,-628682.2318927224
2025-08-02 08:00:00,0.3943500361947018,0.05727596556008904,0.5849616701327275,-592859.8284734929
2025-08-02 09:00:00,0.5576951695088682,0.05901947640308182,0.5848273012842188,-608326.1371643335
2025-08-02 10:00:00,0.6830342986558493,0.07871866647226863,0.5846928836508687,-599302.158882623
2025-08-02 11:00:00,0.7618257691169827,0.07280180838118988,0.58455841730183,-557590.1091322657
2025-08-02 12:00:00,0.7887000723894038,0.07394130217768966,0.5844239023062798,-589844.2575486292
2025-08-02 13:00:00,0.7618257691169827,0.06986303334832382,0.5842893387334209,-561666.0631896511
2025-08-02 14:00:00,0.6830342986558494,0.06648915803409991,0.5841547266524808,-575175.8378894499
2025-08-02 15:00:00,0.5576951695088683,0.055554944179918235,0.5840200661327122,-554443.0391605134
2025-08-02 16:00:00,0.3943500361947018,0.07351233361949219,0.5838853572433921,-610478.9514134903
2025-08-02 17:00:00,0.2041305996081147,0.07230651471863801,0.5837506000538233,-560612.6881004355
2025-08-02 18:00:00,9.658790191389691e-17,0.06618741139136855,0.5836157946333326,-635048.8703347503
2025-08-02 19:00:00,0.0,0.05191582251610462,0.5834809410512721,-605770.0860969562
2025-08-02 20:00:00,0.0,0.05855569985247111,0.5833460393770188,-609679.9042171818
2025-08-02 21:00:00,0.0,0.07761204708329726,0.5832110896799738,-657856.0452281615
2025-08-02 22:00:00,0.0,0.06501431977426912,0.5830760920295636,-592690.6794651141
2025-08-02 23:00:00,0.0,0.05369157083554951,0.5829410464952389,-640476.5208059201
2025-08-03 00:00:00,0.0,0.05098469900078448,0.5828059531464753,-673206.4647408728
2025-08-03 01:00:00,0.0,0.05181103039216937,0.5826708120527728,-622198.9216959944
2025-08-03 02:00:00,0.0,0.05391527000627427,0.5825356232836563,-627304.9064972444
2025-08-03 03:00:00,0.0,0.06090681844515207,0.5824003869086747,-620822.1785733928
2025-08-03 04:00:00,0.0,0.048151295140607675,0.5822651029974019,-616812.290909015
2025-08-03 05:00:00,0.0,0.07453501606003052,0.5821297716194359,-653484.7031795522
2025-08-03 06:00:00,0.0,0.07491257202767053,0.5819943928443995,-667900.8138313382
2025-08-03 07:00:00,0.20279763817169608,0.06200741216237893,0.5818589667419394,-641863.6214453388
2025-08-03 08:00:00,0.391774952440934,0.05424751478365895,0.581723493381727,-583935.1153795453
2025-08-03 09:00:00,0.5540534511400432,0.04809129328098696,0.5815879728334578,-609455.8613963687
2025-08-03 10:00:00,0.6785741227605784,0.0619855999664405,0.5814524051668518,-618082.2143249357
2025-08-03 11:00:00,0.7568510893117394,0.06338793694522629,0.5813167904516533,-572773.9541026034
2025-08-03 12:00:00,0.7835499048818682,0.06765056319846728,0.5811811287576302,-584135.3441864548
2025-08-03 13:00:00,0.7568510893117394,0.06315228290186624,0.5810454201545753,-567383.824999767
2025-08-03 14:00:00,0.6785741227605785,0.049412340997047735,0.580909664712305,-583529.137658205
2025-08-03 15:00:00,0.5540534511400433,0.05923883304201142,0.5807738625006603,-556747.8006952262
2025-08-03 16:00:00,0.391774952440934,0.048891649753071156,0.580638013589506,-603913.6484289835
2025-08-03 17:00:00,0.2027976381716963,0.05604179939979018,0.5805021180487306,-538722.1649718303
2025-08-03 18:00:00,9.595718829857929e-17,0.0659610402548152,0.5803661759482471,-646747.4200260644
2025-08-03 19:00:00,0.0,0.048930760897665584,0.5802301873579924,-591448.8313052749
2025-08-03 20:00:00,0.0,0.0536787406363494,0.5800941523479269,-629717.461728235
2025-08-03 21:00:00,0.0,0.07271893424415043,0.5799580709880353,-613936.1422679779
2025-08-03 22:00:00,0.0,0.05520075373189055,0.5798219433483259,-658763.8973855443
2025-08-03 23:00:00,0.0,0.0630992007042689,0.5796857694988311,-665120.1267475928
2025-08-04 00:00:00,0.0,0.07426134128984613,0.5795495495096066,-644597.4976073154
2025-08-04 01:00:00,0.0,0.05176940105676353,0.5794132834507325,-685611.6031937163
2025-08-04 02:00:00,0.0,0.06449129690038544,0.5792769713923118,-638811.7099200138
2025-08-04 03:00:00,0.0,0.0656300906112937,0.5791406134044719,-678953.6514628556
2025-08-04 04:00:00,0.0,0.0521623024975073,0.5790042095573633,-654213.422881388
2025-08-04 05:00:00,0.0,0.057656207351628075,0.5788677599211605,-590298.0082440455
2025-08-04 06:00:00,0.0,0.0743963839889348,0.5787312645660612,-611774.4025606432
2025-08-04 07:00:00,0.2014390955693323,0.0658772844326995,0.5785947235622868,-616358.2440214531
2025-08-04 08:00:00,0.3891504496694597,0.0681801979459539,0.5784581369800824,-606821.1479560183
2025-08-04 09:00:00,0.5503418437261385,0.057958938964256315,0.578321504889716,-588636.1586318818
2025-08-04 10:00:00,0.6740283506157795,0.06157890084967748,0.5781848273614795,-567361.7275289434
2025-08-04 11:00:00,0.7517809392954709,0.059477014672651124,0.5780481044656879,-543789.6620740778
2025-08-04 12:00:00,0.7783008993389195,0.05306711619104868,0.5779113362726797,-570217.4915119312
2025-08-04 13:00:00,0.7517809392954709,0.06798801239825113,0.5777745228528166,-570348.5554968914
2025-08-04 14:00:00,0.6740283506157796,0.06744073356060427,0.5776376642764837,-589229.0081922694
2025-08-04 15:00:00,0.5503418437261386,0.05821537844084045,0.5775007606140892,-545118.0435930105
2025-08-04 16:00:00,0.3891504496694597,0.06490169189164023,0.5773638119360647,-595311.8492556319
2025-08-04 17:00:00,0.20143909556933248,0.07181516275416915,0.5772268183128645,-587886.0290107632
2025-08-04 18:00:00,9.531437051489142e-17,0.06059653723136426,0.5770897798149665,-617514.5926684904
2025-08-04 19:00:00,0.0,0.054423253944517226,0.5769526965128714,-660423.3872559984
2025-08-04 20:00:00,0.0,0.062101577107063544,0.5768155684771034,-593771.3278676048
2025-08-04 21:00:00,0.0,0.06211071972218129,0.5766783957782088,-631915.1615219233
2025-08-04 22:00:00,0.0,0.05062427151651856,0.5765411784867579,-609617.2566346494
2025-08-04 23:00:00,0.0,0.05964736056435465,0.5764039166733433,-639844.2419710348
2025-08-05 00:00:00,0.0,0.04892550677161589,0.5762666104085807,-673103.0370824722
2025-08-05 01:00:00,0.0,0.05348169672522012,0.576129259763109,-685393.3358550447
2025-08-05 02:00:00,0.0,0.05448100997279079,0.575991864807589,-664149.2888799175
2025-08-05 03:00:00,0.0,0.04768582303314726,0.5758544256127053,-656109.9873911543
2025-08-05 04:00:00,0.0,0.061319437489037926,0.5757169422491648,-635855.4071642472
2025-08-05 05:00:00,0.0,0.06733564309678974,0.575579414787697,-654821.2918452589
2025-08-05 06:00:00,0.0,0.04661208610567816,0.5754418432990545,-651101.4228755899
2025-08-05 07:00:00,0.20005537436651585,0.049977850466697664,0.5753042278540121,-625419.0808214366
2025-08-05 08:00:00,0.3864773055770914,0.06548783394506522,0.5751665685233676,-599318.9601412428
2025-08-05 09:00:00,0.5465614470965338,0.054265010409329385,0.575028865377941,-583165.2058433233
2025-08-05 10:00:00,0.669398329231845,0.07027997191947719,0.5748911184885752,-573342.0402764095
2025-08-05 11:00:00,0.7466168214630496,0.05055454423532762,0.5747533279261355,-555234.8862851539
2025-08-05 12:00:00,0.772954611154183,0.04532738370121972,0.5746154937615096,-524209.41250768816
2025-08-05 13:00:00,0.7466168214630496,0.06839292842532801,0.5744776160656074,-556896.8891690663
2025-08-05 14:00:00,0.6693983292318451,0.04861286553288375,0.5743396949093615,-544528.1348462736
2025-08-05 15:00:00,0.5465614470965338,0.06380000050427952,0.5742017303637271,-572525.5654243715
2025-08-05 16:00:00,0.3864773055770914,0.05741079436187903,0.5740637224996812,-578517.0160698389
2025-08-05 17:00:00,0.20005537436651608,0.06280444819505684,0.5739256713882233,-562087.131888507
2025-08-05 18:00:00,9.465963904361571e-17,0.06999436667567209,0.5737875771003752,-621664.4408523188
2025-08-05 19:00:00,0.0,0.0643877603590042,0.5736494397071809,-605242.1184117484
2025-08-05 20:00:00,0.0,0.049549040020148004,0.5735112592797066,-619372.064030384
2025-08-05 21:00:00,0.0,0.05246574938570055,0.5733730358890403,-662960.5647540969
2025-08-05 22:00:00,0.0,0.06234460082167477,0.5732347696062926,-674271.5614071089
2025-08-05 23:00:00,0.0,0.04966607636373952,0.573096460502596,-659108.421008354
2025-08-06 00:00:00,0.0,0.05916558307292611,0.5729581086491049,-659501.7520547825
2025-08-06 01:00:00,0.0,0.06888658706755744,0.572819714116996,-623979.7189366207
2025-08-06 02:00:00,0.0,0.06630417033400707,0.5726812769774673,-617745.9621874379
2025-08-06 03:00:00,0.0,0.06785905653670236,0.5725427973017395,-665458.8828781866
2025-08-06 04:00:00,0.0,0.06459350608158675,0.5724042751610546,-657316.4493428902
2025-08-06 05:00:00,0.0,0.04602466114251172,0.572265710626677,-645963.1844668097
2025-08-06 06:00:00,0.0,0.06304555633220509,0.5721271037698923,-617708.7896683468
2025-08-06 07:00:00,0.19864688458970242,0.05790354613001419,0.5719884546620082,-597995.516757052
2025-08-06 08:00:00,0.383756312274115,0.044446364311750954,0.5718497633743542,-609403.625584364
2025-08-06 09:00:00,0.5427133814643381,0.05345854004450612,0.5717110299782814,-557321.1647322029
2025-08-06 10:00:00,0.6646854305840352,0.060929943655916974,0.5715722545451627,-515891.86610067415
2025-08-06 11:00:00,0.7413602660540406,0.05648983683950764,0.571433437146392,-557037.5527072747
2025-08-06 12:00:00,0.7675126245482301,0.06260010858242748,0.5712945778533858,-548849.3068155067
2025-08-06 13:00:00,0.7413602660540406,0.055387302345754674,0.5711556767375814,-559523.377486105
2025-08-06 14:00:00,0.6646854305840353,0.047488826082517664,0.571016733870438,-522050.521829343
2025-08-06 15:00:00,0.5427133814643382,0.05512353587642335,0.5708777493234359,-554748.9157177976
2025-08-06 16:00:00,0.383756312274115,0.04914365952851059,0.5707387231680774,-559979.2842127233
2025-08-06 17:00:00,0.19864688458970264,0.0600630486199703,0.5705996554758854,-620200.7572773499
2025-08-06 18:00:00,9.399318789581742e-17,0.04360012523603098,0.570460546318405,-615818.8664577007
2025-08-06 19:00:00,0.0,0.04432312579882605,0.5703213957672023,-558144.1998240091
2025-08-06 20:00:00,0.0,0.05964937476310727,0.5701822038938644,-626413.9311511306
2025-08-06 21:00:00,0.0,0.05357273056066634,0.5700429707700003,-681779.9874216048
2025-08-06 22:00:00,0.0,0.052363516351778855,0.5699036964672396,-625323.264750946
2025-08-06 23:00:00,0.0,0.05826294852570457,0.5697643810572334,-671449.9829648021
2025-08-07 00:00:00,0.0,0.05174415571392993,0.5696250246116538,-672449.7116421433
2025-08-07 01:00:00,0.0,0.05427218601151056,0.5694856272021943,-661945.2359054058
2025-08-07 02:00:00,0.0,0.046497034458265724,0.5693461889005691,-661124.8742351609
2025-08-07 03:00:00,0.0,0.044666380132590285,0.5692067097785136,-654582.5005206437
2025-08-07 04:00:00,0.0,0.048656166703100606,0.5690671899077844,-621565.9631243959
2025-08-07 05:00:00,0.0,0.043765179713651486,0.5689276293601587,-626352.9734411968
2025-08-07 06:00:00,0.0,0.04604616104130573,0.568788028207435,-576768.9435164471
2025-08-07 07:00:00,0.19721404360481057,0.06309429146179155,0.5686483865214322,-616262.1411592853
2025-08-07 08:00:00,0.3809882760495699,0.05922396265842098,0.5685087043739906,-590360.483788253
2025-08-07 09:00:00,0.5387987870944464,0.05419909436024191,0.5683689818369708,-568234.3720623899
2025-08-07 10:00:00,0.659891051205932,0.05795733345305973,0.5682292189822549,-569380.4266235201
2025-08-07 11:00:00,0.7360128306992572,0.04334989369201928,0.5680894158817447,-564926.2912810382
2025-08-07 12:00:00,0.76197655209914,0.05871796381378389,0.5679495726073637,-586147.8776675086
2025-08-07 13:00:00,0.7360128306992572,0.06455034591896962,0.5678096892310553,-563553.0303079621
2025-08-07 14:00:00,0.659891051205932,0.06073395546164145,0.5676697658247843,-551450.3990282178
2025-08-07 15:00:00,0.5387987870944465,0.0629823272818506,0.5675298024605355,-579934.0763146252
2025-08-07 16:00:00,0.3809882760495699,0.04511888804149142,0.5673897992103145,-552188.0476207064
2025-08-07 17:00:00,0.19721404360481076,0.05688629261629803,0.5672497561461471,-617730.134606421
2025-08-07 18:00:00,9.331521455535482e-17,0.048866390408880085,0.56710967334008,-558193.4217097418
2025-08-07 19:00:00,0.0,0.053097875533513,0.5669695508641802,-577506.4540434531
2025-08-07 20:00:00,0.0,0.05162026077393919,0.566829388790535,-626314.2128043725
2025-08-07 21:00:00,0.0,0.043046622655029065,0.5666891871912524,-626449.2181541824
2025-08-07 22:00:00,0.0,0.04857740077045679,0.5665489461384603,-658833.4617921208
2025-08-07 23:00:00,0.0,0.05953491391680454,0.566408665704307,-665146.2124863169
2025-08-08 00:00:00,0.0,0.04782991013476838,0.5662683459609614,-669908.766802973
2025-08-08 01:00:00,0.0,0.06515654343806217,0.5661279869806123,-671756.1583986914
2025-08-08 02:00:00,0.0,0.0436005175282844,0.5659875888354686,-618581.4502717636
2025-08-08 03:00:00,0.0,0.04973552398674226,0.5658471515977597,-647208.7286465723
2025-08-08 04:00:00,0.0,0.04799496047569395,0.5657066753397348,-650083.5781500569
2025-08-08 05:00:00,0.0,0.04191201571879303,0.5655661601336635,-671383.5843176722
2025-08-08 06:00:00,0.0,0.05478140016960745,0.5654256060518349,-656609.3623578269
2025-08-08 07:00:00,0.19575727599354728,0.06267576009856539,0.5652850131665588,-638186.1318738159
2025-08-08 08:00:00,0.3781740171323287,0.06512825255012819,0.5651443815501643,-613296.8829905608
2025-08-08 09:00:00,0.5348188239656544,0.06503544914871383,0.5650037112750009,-634271.2452245469
2025-08-08 10:00:00,0.6550166117756163,0.046630585927198535,0.5648630024134378,-617891.4050522429
2025-08-08 11:00:00,0.7305760999592018,0.05326159598566056,0.5647222550378639,-565397.8471420454
2025-08-08 12:00:00,0.7563480342646575,0.051412187117208075,0.5645814692206883,-582192.0705447708
2025-08-08 13:00:00,0.7305760999592018,0.04129678549334751,0.5644406450343395,-561345.473266691
2025-08-08 14:00:00,0.6550166117756164,0.052138786413423205,0.564299782551266,-558994.4836276064
2025-08-08 15:00:00,0.5348188239656545,0.04037928152402058,0.5641588818439359,-526875.1002348945
2025-08-08 16:00:00,0.3781740171323287,0.05278982286528305,0.5640179429848368,-577380.1806679999
2025-08-08 17:00:00,0.1957572759935475,0.06140384491326798,0.5638769660464762,-573589.6648088789
2025-08-08 18:00:00,9.262591992036054e-17,0.0554068890319328,0.5637359511013811,-608308.271845693
2025-08-08 19:00:00,0.0,0.04249447010298303,0.5635948982220981,-586408.546972947
2025-08-08 20:00:00,0.0,0.06024002161539978,0.563453807481193,-611922.1359206075
2025-08-08 21:00:00,0.0,0.061030995288230465,0.5633126789512516,-652118.4671700177
2025-08-08 22:00:00,0.0,0.045385898639627636,0.5631715127048785,-653813.7317958019
2025-08-08 23:00:00,0.0,0.0438628121611099,0.5630303088146985,-664807.4158836561
2025-08-09 00:00:00,0.0,0.05541613226331654,0.562889067353355,-695996.451561462
2025-08-09 01:00:00,0.0,0.04427827343639664,0.5627477883935113,-642491.4694027753
2025-08-09 02:00:00,0.0,0.055800114433406545,0.5626064720078497,-657923.9521490687
2025-08-09 03:00:00,0.0,0.061928511223730665,0.5624651182690716,-644844.2127575998
2025-08-09 04:00:00,0.0,0.04952669743439504,0.5623237272498981,-601120.3559720399
2025-08-09 05:00:00,0.0,0.04429890423989949,0.5621822990230692,-643469.5411150486
2025-08-09 06:00:00,0.0,0.043291599316143625,0.5620408336613438,-622152.9412311577
2025-08-09 07:00:00,0.19427701342759543,0.04085473795464948,0.5618993312375004,-617643.1233213651
2025-08-09 08:00:00,0.375314369448045,0.05458243817197487,0.5617577918243362,-619154.9349835691
2025-08-09 09:00:00,0.5307746714269318,0.04818020567873331,0.5616162154946674,-589966.6125908444
2025-08-09 10:00:00,0.6500635566946905,0.046448029591592374,0.5614746023213297,-600009.3928300552
2025-08-09 11:00:00,0.7250516848545273,0.05298224730461324,0.5613329523771771,-522181.5127779826
2025-08-09 12:00:00,0.7506287388960902,0.04101084485970265,0.561191265735083,-592663.4311158602
2025-08-09 13:00:00,0.7250516848545273,0.050875431938650975,0.5610495424679394,-573996.6840795227
2025-08-09 14:00:00,0.6500635566946905,0.05545611846740833,0.5609077826486571,-526974.8106834409
2025-08-09 15:00:00,0.5307746714269318,0.03909933064482933,0.5607659863501661,-568649.2418841689
2025-08-09 16:00:00,0.375314369448045,0.04497495700954325,0.5606241536454148,-554526.9813983393
2025-08-09 17:00:00,0.19427701342759562,0.06108149358838086,0.5604822846073704,-589517.6859472563
2025-08-09 18:00:00,9.192550824371112e-17,0.05777556912662434,0.5603403793090187,-607493.6000822642
2025-08-09 19:00:00,0.0,0.05338724054549974,0.5601984378233646,-595720.8562573516
2025-08-09 20:00:00,0.0,0.061579724708059995,0.5600564602234311,-609112.8751632465
2025-08-09 21:00:00,0.0,0.05929298613635399,0.5599144465822601,-658542.5402265219
2025-08-09 22:00:00,0.0,0.05293279080097995,0.5597723969729118,-624784.9413783841
2025-08-09 23:00:00,0.0,0.04946738473178864,0.559630311468465,-645199.6785938866
2025-08-10 00:00:00,0.0,0.046050446048058,0.559488190142017,-656472.2154774833
2025-08-10 01:00:00,0.0,0.0393782475953721,0.5593460330666835,-655903.8155571371
2025-08-10 02:00:00,0.0,0.05675742068177454,0.5592038403155989,-658096.8654485432
2025-08-10 03:00:00,0.0,0.040594251770119466,0.5590616119619152,-642001.2034925143
2025-08-10 04:00:00,0.0,0.04731390313883298,0.5589193480788035,-680235.7674820145
2025-08-10 05:00:00,0.0,0.04694084237395912,0.5587770487394528,-649877.0273473464
2025-08-10 06:00:00,0.0,0.05869631824188412,0.5586347140170703,-646303.616232776
2025-08-10 07:00:00,0.19277369454069998,0.03875036294618672,0.5584923439848816,-583407.7522837189
2025-08-10 08:00:00,0.37241018037204415,0.04188389155589151,0.5583499387161304,-628157.8455602773
2025-08-10 09:00:00,0.5266675278479555,0.056850639260892545,0.5582074982840783,-605073.2578095576
2025-08-10 10:00:00,0.6450333536602704,0.046993028486356524,0.5580650227620054,-540466.008132488
2025-08-10 11:00:00,0.7194412223886555,0.04062813239480548,0.5579225122232098,-546319.5577046733
2025-08-10 12:00:00,0.7448203607440884,0.06022415767442847,0.5577799667410069,-543353.0622806377
2025-08-10 13:00:00,0.7194412223886555,0.03775910159042838,0.5576373863887312,-542468.8621531387
2025-08-10 14:00:00,0.6450333536602704,0.04291077706305257,0.5574947712397341,-609904.4994268479
2025-08-10 15:00:00,0.5266675278479556,0.05579380791444907,0.5573521213673858,-585843.2529608068
2025-08-10 16:00:00,0.37241018037204415,0.05221165900911037,0.5572094368450736,-585473.1570537246
2025-08-10 17:00:00,0.19277369454070017,0.038403316485949676,0.5570667177462031,-572608.7214575991
2025-08-10 18:00:00,9.121418707250248e-17,0.052990487136772096,0.5569239641441975,-594112.631390199
2025-08-10 19:00:00,0.0,0.04243910604893237,0.5567811761124979,-592444.8012330056
2025-08-10 20:00:00,0.0,0.04930525027113662,0.556638353724563,-653011.2904546726
2025-08-10 21:00:00,0.0,0.054999314663999856,0.556495497053869,-642347.2801572249
2025-08-10 22:00:00,0.0,0.04662072915410628,0.5563526061739102,-625288.4436871695
2025-08-10 23:00:00,0.0,0.050016524167724,0.556209681158198,-702582.1576415971
2025-08-11 00:00:00,0.0,0.04693389883151836,0.5560667220802618,-670954.9298124012
2025-08-11 01:00:00,0.0,0.04206628980420905,0.5559237290136482,-677467.690428281
2025-08-11 02:00:00,0.0,0.04386471407053722,0.5557807020319213,-609242.0301186035
2025-08-11 03:00:00,0.0,0.04909489690721166,0.5556376412086628,-616817.0508884798
2025-08-11 04:00:00,0.0,0.045853201823419135,0.5554945466174718,-599271.431919321
2025-08-11 05:00:00,0.0,0.04807828461384354,0.5553514183319646,-628689.0011051834
2025-08-11 06:00:00,0.0,0.057356948580901096,0.5552082564257751,-597763.4966300569
2025-08-11 07:00:00,0.19124776479869143,0.05174468961004313,0.5550650609725544,-622890.815927244
2025-08-11 08:00:00,0.3694623104782268,0.05303142173760555,0.5549218320459706,-586856.7622871241
2025-08-11 09:00:00,0.5224986102640077,0.051343776376157314,0.5547785697197094,-557650.7157562636
2025-08-11 10:00:00,0.639927493230076,0.03782397372892816,0.5546352740674734,-580260.7942046449
2025-08-11 11:00:00,0.7137463750626991,0.056792053773677825,0.5544919451629827,-569119.4174073302
2025-08-11 12:00:00,0.7389246209564537,0.05595567356791752,0.5543485830799741,-535386.7374111067
2025-08-11 13:00:00,0.7137463750626991,0.048009641641260516,0.5542051878922016,-580239.640105698
2025-08-11 14:00:00,0.6399274932300761,0.03740336381140625,0.5540617596734363,-523451.5534082661
2025-08-11 15:00:00,0.5224986102640077,0.04449835434188547,0.5539182984974664,-594099.5158138864
2025-08-11 16:00:00,0.3694623104782268,0.03783612832216193,0.5537748044380968,-570496.6154662011
2025-08-11 17:00:00,0.19124776479869163,0.04555725997570762,0.5536312775691492,-595354.4948537793
2025-08-11 18:00:00,9.049216718654922e-17,0.05371773696578341,0.5534877179644628,-585235.5948298307
2025-08-11 19:00:00,0.0,0.03706125411340652,0.5533441256978932,-599504.2214641913
2025-08-11 20:00:00,0.0,0.05635422627792352,0.5532005008433127,-576137.0600324911
2025-08-11 21:00:00,0.0,0.04773360747929771,0.5530568434746107,-645256.9053466513
2025-08-11 22:00:00,0.0,0.051284898320049066,0.5529131536656928,-680092.014221506
2025-08-11 23:00:00,0.0,0.052790258001287865,0.5527694314904821,-703618.2679909674
2025-08-12 00:00:00,0.0,0.03928864132219032,0.5526256770229176,-628876.2162256733
2025-08-12 01:00:00,0.0,0.049770431403652504,0.5524818903369553,-677266.8955184518
2025-08-12 02:00:00,0.0,0.04584761735987461,0.5523380715065677,-681338.922513415
2025-08-12 03:00:00,0.0,0.040941660741452716,0.5521942206057439,-663640.276733119
2025-08-12 04:00:00,0.0,0.048221216897788216,0.5520503377084891,-635799.8283963178
2025-08-12 05:00:00,0.0,0.05383967880636327,0.5519064228888255,-672053.5120526314
2025-08-12 06:00:00,0.0,0.04241406744149459,0.5517624762207914,-604503.4951236579
2025-08-12 07:00:00,0.1896996763674846,0.05029082554013181,0.5516184977784419,-591224.7981547188
2025-08-12 08:00:00,0.3664716332840628,0.03859689090056266,0.5514744876358476,-610571.9798534607
2025-08-12 09:00:00,0.518269154015341,0.04898827252251755,0.5513304458670963,-568412.8215800397
2025-08-12 10:00:00,0.6347474883807465,0.04960542525982108,0.5511863725462918,-586678.1155213012
2025-08-12 11:00:00,0.7079688303828257,0.046678782493884685,0.5510422677475538,-574423.5044497872
2025-08-12 12:00:00,0.7329432665681257,0.04776218749748638,0.5508981315450185,-536038.222339442
2025-08-12 13:00:00,0.7079688303828257,0.044153352274412666,0.5507539640128383,-507080.61641704594
2025-08-12 14:00:00,0.6347474883807466,0.04047266348922142,0.5506097652251813,-552631.8293341368
2025-08-12 15:00:00,0.5182691540153411,0.0555196348465823,0.5504655352562323,-599989.1027428815
2025-08-12 16:00:00,0.3664716332840628,0.03609855641926995,0.5503212741801918,-601084.0995437709
2025-08-12 17:00:00,0.1896996763674848,0.05160497854786226,0.5501769820712763,-611060.7937071441
2025-08-12 18:00:00,8.975966253592605e-17,0.034851502871387594,0.5500326590037182,-601345.2454106369
2025-08-12 19:00:00,0.0,0.04329830720455473,0.549888305051766,-610889.7230890387
2025-08-12 20:00:00,0.0,0.03678116863978059,0.5497439202896841,-616148.2973626972
2025-08-12 21:00:00,0.0,0.0349246114267995,0.5495995047917526,-631308.6495131049
2025-08-12 22:00:00,0.0,0.04680051926627833,0.5494550586322673,-618320.5620658811
2025-08-12 23:00:00,0.0,0.042853344627077794,0.5493105818855403,-650559.149409587
2025-08-13 00:00:00,0.0,0.043239967290442105,0.5491660746258988,-637000.2511184117
2025-08-13 01:00:00,0.0,0.04732219885769193,0.5490215369276862,-712884.0938405761
2025-08-13 02:00:00,0.0,0.041465185703400013,0.548876968865261,-671617.2376227166
2025-08-13 03:00:00,0.0,0.047469463442851724,0.5487323705129981,-664523.7331290175
2025-08-13 04:00:00,0.0,0.0542177113285159,0.5485877419452873,-646643.237946299
2025-08-13 05:00:00,0.0,0.042016375463446956,0.5484430832365343,-620178.9564750136
2025-08-13 06:00:00,0.0,0.03522542141986785,0.5482983944611602,-614591.1361230484
2025-08-13 07:00:00,0.18812988797909208,0.03694720175724751,0.5481536756936015,-628778.6184839089
2025-08-13 08:00:00,0.36343903499174873,0.04630202372311764,0.5480089270083102,-593645.5102453778
2025-08-13 09:00:00,0.5139804123811209,0.053941900417518986,0.5478641484797535,-595114.4005319293
2025-08-13 10:00:00,0.6294948740595119,0.04581376340826085,0.5477193401824145,-574565.5385173169
2025-08-13 11:00:00,0.702110300360213,0.0405586197407964,0.5475745021907913,-534102.8158160842
2025-08-13 12:00:00,0.7268780699834976,0.048579382164050146,0.5474296345793968,-543043.8108611121
2025-08-13 13:00:00,0.702110300360213,0.034889910795672635,0.5472847374227598,-558324.3520455267
2025-08-13 14:00:00,0.6294948740595119,0.042231219672623416,0.5471398107954242,-522687.3588636446
2025-08-13 15:00:00,0.513980412381121,0.048171236523006845,0.5469948547719488,-553291.2642910751
2025-08-13 16:00:00,0.36343903499174873,0.043040839124852404,0.5468498694269077,-556910.0528104802
2025-08-13 17:00:00,0.18812988797909228,0.034250376299935596,0.54670485483489,-587654.135577788
2025-08-13 18:00:00,8.90168901775696e-17,0.053568622303366134,0.5465598110704999,-584279.7245934152
2025-08-13 19:00:00,0.0,0.0360638039901657,0.5464147382083565,-592927.6924570816
2025-08-13 20:00:00,0.0,0.03927368929739583,0.5462696363230943,-689761.8124715918
2025-08-13 21:00:00,0.0,0.04709480010833866,0.5461245054893621,-642303.2906652702
2025-08-13 22:00:00,0.0,0.05275263405500498,0.5459793457818238,-675099.648919938
2025-08-13 23:00:00,0.0,0.05080030788878436,0.5458341572751585,-649255.2532669288
2025-08-14 00:00:00,0.0,0.044895296464788015,0.5456889400440598,-635495.0336107037
2025-08-14 01:00:00,0.0,0.044308799840407094,0.5455436941632361,-650829.1022794186
2025-08-14 02:00:00,0.0,0.03927838630853334,0.5453984197074107,-653336.8469975711
2025-08-14 03:00:00,0.0,0.0466091101137979,0.5452531167513212,-654422.2748843549
2025-08-14 04:00:00,0.0,0.049009934249483245,0.5451077853697203,-689680.4005661196
2025-08-14 05:00:00,0.0,0.03803544775151205,0.5449624256373752,-621394.3420082039
2025-08-14 06:00:00,0.0,0.03315601118213227,0.5448170376290676,-600990.9466420214
2025-08-14 07:00:00,0.1865388647956922,0.042175943419467274,0.5446716214195939,-615503.8456129164
2025-08-14 08:00:00,0.3603654142256076,0.04102707426124335,0.5445261770837647,-588652.4791047572
2025-08-14 09:00:00,0.5096336562080526,0.04681201479717872,0.5443807046964056,-569986.1696592063
2025-08-14 10:00:00,0.6241712067293567,0.04023644136232196,0.544235204332356,-591749.3545096946
2025-08-14 11:00:00,0.6961725210037448,0.041013475961403104,0.54408967606647,-610309.5152610327
2025-08-14 12:00:00,0.7207308284512153,0.044959881453561445,0.5439441199736161,-519469.78358225094
2025-08-14 13:00:00,0.6961725210037448,0.04493248163797686,0.5437985361286772,-593943.7182683848
2025-08-14 14:00:00,0.6241712067293567,0.04554554851163125,0.5436529246065503,-556972.2654049965
2025-08-14 15:00:00,0.5096336562080526,0.044586467720833876,0.5435072854821466,-561673.0016396166
2025-08-14 16:00:00,0.3603654142256076,0.033363638202407966,0.5433616188303916,-554783.5896734778
2025-08-14 17:00:00,0.1865388647956924,0.045265843495956075,0.543215924726225,-585767.9553844959
2025-08-14 18:00:00,8.826407021096009e-17,0.04736078651268358,0.5430702032446005,-565930.9902369544
2025-08-14 19:00:00,0.0,0.04953914172701092,0.5429244544604861,-564669.5558796031
2025-08-14 20:00:00,0.0,0.05032149897349182,0.5427786784488637,-640505.8217418311
2025-08-14 21:00:00,0.0,0.04206888142717056,0.5426328752847289,-638591.8799077644
2025-08-14 22:00:00,0.0,0.03645026657611771,0.542487045043092,-647407.936582128
2025-08-14 23:00:00,0.0,0.045856998774577974,0.5423411877989764,-619976.6744253936
2025-08-15 00:00:00,0.0,0.04197169622637625,0.5421953036274201,-616915.9703377534
2025-08-15 01:00:00,0.0,0.04385310260084562,0.5420493926034746,-668068.1356295812
2025-08-15 02:00:00,0.0,0.033557266017687444,0.5419034548022051,-619166.3267866875
2025-08-15 03:00:00,0.0,0.035151573170488934,0.5417574902986909,-628728.8549099358
2025-08-15 04:00:00,0.0,0.03701856540725068,0.5416114991680248,-654233.7913234927
2025-08-15 05:00:00,0.0,0.040983714957016276,0.5414654814853136,-622738.5491949653
2025-08-15 06:00:00,0.0,0.043348090041705784,0.5413194373256771,-594806.2971361992
2025-08-15 07:00:00,0.1849270782717913,0.04057038922540195,0.5411733667642495,-603302.4176039753
2025-08-15 08:00:00,0.35725168176580646,0.04284105476568176,0.5410272698761782,-593543.7629713549
2025-08-15 09:00:00,0.5052301735338005,0.03724721960966641,0.5408811467366241,-568010.0020630073
2025-08-15 10:00:00,0.6187780639078047,0.044566122581892506,0.5407349974207619,-553827.6334968805
2025-08-15 11:00:00,0.6901572518055918,0.039630775765831905,0.5405888220037793,-548426.2102840091
2025-08-15 12:00:00,0.714503363531613,0.043209506019579166,0.5404426205608779,-567658.6697709552
2025-08-15 13:00:00,0.6901572518055918,0.039464571418927175,0.5402963931672722,-571569.663814256
2025-08-15 14:00:00,0.6187780639078048,0.04136687899733597,0.5401501398981905,-582054.0180004106
2025-08-15 15:00:00,0.5052301735338005,0.03171481034884729,0.5400038608288742,-530471.1199196866
2025-08-15 16:00:00,0.35725168176580646,0.04149252107362575,0.5398575560345781,-549261.3388204399
2025-08-15 17:00:00,0.18492707827179153,0.036411300953103284,0.53971122559057,-595666.5835110934
2025-08-15 18:00:00,8.750142571290076e-17,0.03208280580671884,0.5395648695721311,-609649.7087471883
2025-08-15 19:00:00,0.0,0.04374243798776147,0.5394184880545558,-660720.4376593797
2025-08-15 20:00:00,0.0,0.03758585643632664,0.5392720811131515,-654096.618852439
2025-08-15 21:00:00,0.0,0.03424299599568542,0.5391256488232385,-638823.1884354127
2025-08-15 22:00:00,0.0,0.04472084016068848,0.5389791912601505,-604997.7022127396
2025-08-15 23:00:00,0.0,0.041560754880358826,0.5388327084992341,-658539.7198195768
2025-08-16 00:00:00,0.0,0.03489380815826826,0.5386862006158486,-681170.4746429949
2025-08-16 01:00:00,0.0,0.03438327783086139,0.5385396676853665,-664937.7914148136
2025-08-16 02:00:00,0.0,0.044726245100023904,0.5383931097831733,-648741.453938383
2025-08-16 03:00:00,0.0,0.033468896857846146,0.538246526984667,-650022.809812098
2025-08-16 04:00:00,0.0,0.04392645952758007,0.5380999193652585,-679786.1801616834
2025-08-16 05:00:00,0.0,0.04626251654364558,0.5379532870003716,-637699.6016308665
2025-08-16 06:00:00,0.0,0.04789153543470445,0.5378066299654429,-663943.9678028147
2025-08-16 07:00:00,0.18329500601452162,0.04756733319766429,0.5376599483359213,-593758.3010769058
2025-08-16 08:00:00,0.35409876027847303,0.04448380407604484,0.5375132421872688,-584289.5493254791
2025-08-16 09:00:00,0.500771269205316,0.036822374595577086,0.5373665115949597,-594978.9008006642
2025-08-16 10:00:00,0.6133170436994676,0.04358021949650912,0.5372197566344814,-593109.0686072402
2025-08-16 11:00:00,0.6840662752198376,0.04285856087259976,0.5370729773813329,-584400.0731906306
2025-08-16 12:00:00,0.7081975205569462,0.045388055434856744,0.5369261739110264,-532536.7362451677
2025-08-16 13:00:00,0.6840662752198376,0.03834251216612279,0.5367793462990865,-565440.5703494609
2025-08-16 14:00:00,0.6133170436994676,0.03452956261202758,0.5366324946210502,-536006.7063682176
2025-08-16 15:00:00,0.5007712692053161,0.04266116865078599,0.5364856189524665,-551110.8098606279
2025-08-16 16:00:00,0.35409876027847303,0.030143029448553366,0.5363387193688974,-592205.6735030272
2025-08-16 17:00:00,0.1832950060145218,0.03387314799188287,0.5361917959459164,-579924.8019158327
2025-08-16 18:00:00,8.67291826714156e-17,0.033185149114353385,0.5360448487591101,-604489.4733665463
2025-08-16 19:00:00,0.0,0.034842388084450525,0.5358978778840766,-579018.5382134548
2025-08-16 20:00:00,0.0,0.032917551646983394,0.5357508833964268,-599023.5144306717
2025-08-16 21:00:00,0.0,0.04225385017367789,0.5356038653717835,-673981.3231438407
2025-08-16 22:00:00,0.0,0.045965070289633786,0.5354568238857813,-624384.1187334373
2025-08-16 23:00:00,0.0,0.03290619813744238,0.5353097590140673,-627730.7166109812
2025-08-17 00:00:00,0.0,0.03517771109419891,0.5351626708323003,-643887.9930733438
2025-08-17 01:00:00,0.0,0.03618183758450715,0.5350155594161518,-670370.5144457984
2025-08-17 02:00:00,0.0,0.040551604641574916,0.534868424841304,-686939.5482090063
2025-08-17 03:00:00,0.0,0.03342415160531337,0.5347212671834521,-648529.7542892554
2025-08-17 04:00:00,0.0,0.038056522461594446,0.5345740865183028,-655012.1277006845
2025-08-17 05:00:00,0.0,0.045375483864707744,0.5344268829215748,-612949.536014317
2025-08-17 06:00:00,0.0,0.036470719424799694,0.5342796564689982,-670794.0503596328
2025-08-17 07:00:00,0.18164313164211598,0.046340362419064966,0.5341324072363152,-624332.5904755666
2025-08-17 08:00:00,0.3509075840422898,0.04251767879101237,0.5339851352992796,-571328.4385071901
2025-08-17 09:00:00,0.49625826449218297,0.04541339384445503,0.5338378407336568,-546496.9693780917
2025-08-17 10:00:00,0.6077897643224918,0.038872092465102176,0.5336905236152242,-603621.0854831497
2025-08-17 11:00:00,0.677901396134299,0.04123570291472117,0.5335431840197702,-564915.2069464268
2025-08-17 12:00:00,0.7018151680845797,0.03722532375993786,0.5333958220230954,-632328.3628337153
2025-08-17 13:00:00,0.677901396134299,0.034221885230756525,0.5332484377010115,-560372.6933298924
2025-08-17 14:00:00,0.6077897643224919,0.0447509625575544,0.5331010311293418,-574523.7432014298
2025-08-17 15:00:00,0.49625826449218297,0.02893373292006883,0.5329536023839213,-576711.234236558
2025-08-17 16:00:00,0.3509075840422898,0.04260771664914395,0.532806151540596,-588039.9945458046
2025-08-17 17:00:00,0.1816431316421162,0.040164131558458015,0.5326586786752234,-602373.6963657257
2025-08-17 18:00:00,8.594756991878422e-17,0.04492464678560623,0.5325111838636724,-583384.4911225414
2025-08-17 19:00:00,0.0,0.04424637447057853,0.532363667181823,-624965.8150925927
2025-08-17 20:00:00,0.0,0.037640014471688826,0.532216128705567,-578211.7908790322
2025-08-17 21:00:00,0.0,0.034602561139848734,0.5320685685108067,-600248.3740281903
2025-08-17 22:00:00,0.0,0.03825994750477665,0.531920986673456,-680689.2326978955
2025-08-17 23:00:00,0.0,0.029202050325272705,0.5317733832694399,-627289.0200035608
2025-08-18 00:00:00,0.0,0.028537677477568198,0.5316257583746943,-680094.2905990115
2025-08-18 01:00:00,0.0,0.035476939794351035,0.5314781120651664,-681356.0352483144
2025-08-18 02:00:00,0.0,0.036706862939129,0.5313304444168143,-637400.4547266468
2025-08-18 03:00:00,0.0,0.03518405358413843,0.5311827555056069,-617697.7402809247
2025-08-18 04:00:00,0.0,0.043432145221470674,0.5310350454075244,-651716.9067682538
2025-08-18 05:00:00,0.0,0.03561890794213712,0.5308873141985577,-638717.8181021946
2025-08-18 06:00:00,0.0,0.028279066672334097,0.5307395619547086,-618241.6621415499
2025-08-18 07:00:00,0.1799719446406013,0.028202956784692396,0.5305917887519895,-565094.9140077168
2025-08-18 08:00:00,0.3476790986716465,0.03878170931746095,0.5304439946664241,-626455.5330986086
2025-08-18 09:00:00,0.491692496695096,0.04119231279369434,0.5302961797740462,-618010.3787246018
2025-08-18 10:00:00,0.6021978636290448,0.03903370835270084,0.530148344150901,-607481.2282833037
2025-08-18 11:00:00,0.6716644413356975,0.03868137177491972,0.5300004878730437,-575258.2707277649
2025-08-18 12:00:00,0.6953581973432931,0.029459461351170075,0.5298526110165405,-529116.87466758
2025-08-18 13:00:00,0.6716644413356975,0.03564210284110574,0.529704713657468,-548829.0306613715
2025-08-18 14:00:00,0.6021978636290448,0.028793547393334284,0.5295567958719136,-550637.2776982123
2025-08-18 15:00:00,0.4916924966950961,0.03567522117680086,0.5294088577359752,-593078.1372155201
2025-08-18 16:00:00,0.3476790986716465,0.043250341483594086,0.5292608993257608,-548061.6738972458
2025-08-18 17:00:00,0.17997194464060148,0.029545298600550107,0.5291129207173891,-642777.6780725269
2025-08-18 18:00:00,8.515681906373375e-17,0.03052824392691092,0.5289649219869892,-578152.0903320453
2025-08-18 19:00:00,0.0,0.03036380439970586,0.5288169032107006,-646293.5282579059
2025-08-18 20:00:00,0.0,0.03731547964040862,0.5286688644646729,-611237.8769346487
2025-08-18 21:00:00,0.0,0.038545957466400736,0.5285208058250662,-645183.5353403526
2025-08-18 22:00:00,0.0,0.03059858522273501,0.5283727273680505,-664748.4808566226
2025-08-18 23:00:00,0.0,0.04162167902078442,0.5282246291698063,-636499.6946863644
2025-08-19 00:00:00,0.0,0.039788366322364876,0.5280765113065243,-687609.2421204239
2025-08-19 01:00:00,0.0,0.04252818793470121,0.5279283738544052,-681918.9103076217
2025-08-19 02:00:00,0.0,0.03407842246627745,0.5277802168896598,-684018.5483375298
2025-08-19 03:00:00,0.0,0.02807795721947951,0.5276320404885086,-661867.1341546056
2025-08-19 04:00:00,0.0,0.04211909120639542,0.5274838447271829,-656004.8274972602
2025-08-19 05:00:00,0.0,0.03492614037297889,0.527335629681923,-604791.4603686254
2025-08-19 06:00:00,0.0,0.034281492457684325,0.52718739542898,-631377.4358762815
2025-08-19 07:00:00,0.17828194021875327,0.03700771417266687,0.5270391420446142,-571873.4548943012
2025-08-19 08:00:00,0.34441426083643506,0.03685943972000557,0.5268908696050961,-595074.4812630871
2025-08-19 09:00:00,0.4870753187495912,0.041559582135864,0.526742578186706,-599126.3422302267
2025-08-19 10:00:00,0.5965429986199853,0.03636494574058412,0.5265942678657337,-537113.0713618785
2025-08-19 11:00:00,0.6653572589683445,0.031386726041209616,0.5264459387184791,-545520.0068826976
2025-08-19 12:00:00,0.6888285216728702,0.04130130686526846,0.5262975908212515,-522430.87039341463
2025-08-19 13:00:00,0.6653572589683445,0.035452650375748594,0.5261492242503699,-591986.1480623398
2025-08-19 14:00:00,0.5965429986199854,0.03162720378560675,0.526000839082163,-568979.1711334891
2025-08-19 15:00:00,0.4870753187495912,0.03192242146059173,0.5258524353929692,-557176.0270946854
2025-08-19 16:00:00,0.34441426083643506,0.04055214316483058,0.5257040132591358,-578695.792258563
2025-08-19 17:00:00,0.17828194021875346,0.03678878592653089,0.5255555727570205,-605645.2227329704
2025-08-19 18:00:00,8.435716442280837e-17,0.02912730594641366,0.5254071139629896,-592007.7495057863
2025-08-19 19:00:00,0.0,0.02680660730678712,0.5252586369534195,-603357.3647029495
2025-08-19 20:00:00,0.0,0.03210450077309326,0.5251101418046955,-615385.7683219336
2025-08-19 21:00:00,0.0,0.037986454109783706,0.5249616285932124,-653767.5314039328
2025-08-19 22:00:00,0.0,0.03258644440753714,0.5248130973953744,-610233.8268816607
2025-08-19 23:00:00,0.0,0.033851522519524085,0.5246645482875947,-671398.4613538241
2025-08-20 00:00:00,0.0,0.04081526239693034,0.5245159813462958,-625522.6319191455
2025-08-20 01:00:00,0.0,0.03175212834426592,0.5243673966479097,-676397.4339274657
2025-08-20 02:00:00,0.0,0.03922412408118634,0.5242187942688771,-658583.0593329116
2025-08-20 03:00:00,0.0,0.034946895053801455,0.5240701742856478,-633642.7178538593
2025-08-20 04:00:00,0.0,0.03359701028450067,0.523921536774681,-679428.9104154095
2025-08-20 05:00:00,0.0,0.03676826394159443,0.5237728818124447,-636930.773189549
2025-08-20 06:00:00,0.0,0.028364905845165208,0.5236242094754161,-616160.6019365112
2025-08-20 07:00:00,0.17657361916135536,0.03590038420483702,0.5234755198400809,-637120.6049925658
2025-08-20 08:00:00,0.3411140379785668,0.0261318764884136,0.523326812982934,-597296.7575539371
2025-08-20 09:00:00,0.48240809882514024,0.02746114062290423,0.5231780889804791,-597036.9236291406
2025-08-20 10:00:00,0.5908268449538574,0.0357503516311233,0.5230293479092288,-550844.4000961225
2025-08-20 11:00:00,0.6589817179864957,0.02721742199634507,0.5228805898457045,-543758.1580526034
2025-08-20 12:00:00,0.6822280759571338,0.026455452892187866,0.522731814866436,-581026.6185194768
2025-08-20 13:00:00,0.6589817179864957,0.0367624600298054,0.5225830230479622,-579477.2166392857
2025-08-20 14:00:00,0.5908268449538575,0.035316934590910676,0.5224342144668306,-571809.7547358614
2025-08-20 15:00:00,0.48240809882514035,0.03791865913434348,0.5222853891995972,-563516.4903392635
2025-08-20 16:00:00,0.3411140379785668,0.032298394122738106,0.5221365473228265,-579230.8332024564
2025-08-20 17:00:00,0.17657361916135556,0.028748530443062515,0.5219876889130918,-570734.6492070956
2025-08-20 18:00:00,8.354884295093612e-17,0.03856681812401309,0.5218388140469746,-631621.0840191622
2025-08-20 19:00:00,0.0,0.027282169420537183,0.5216899228010653,-585059.7997001079
2025-08-20 20:00:00,0.0,0.028691695793709438,0.5215410152519625,-588203.7105194123
2025-08-20 21:00:00,0.0,0.03531796353423193,0.5213920914762729,-640035.8012925107
2025-08-20 22:00:00,0.0,0.02873269354714191,0.5212431515506118,-637713.3449846522
2025-08-20 23:00:00,0.0,0.03918231224345159,0.5210941955516031,-599651.9246688546
2025-08-21 00:00:00,0.0,0.031020793404938823,0.5209452235558785,-688720.2924305229
2025-08-21 01:00:00,0.0,0.03561767436880382,0.5207962356400782,-643808.4583530113
2025-08-21 02:00:00,0.0,0.029252603401589933,0.5206472318808504,-734669.146521063
2025-08-21 03:00:00,0.0,0.03483225733033207,0.5204982123548515,-595277.9094193681
2025-08-21 04:00:00,0.0,0.03705943739368995,0.5203491771387461,-630196.6050533442
2025-08-21 05:00:00,0.0,0.03544785452014067,0.520200126309207,-592206.592714267
2025-08-21 06:00:00,0.0,0.03509392632920637,0.5200510599429147,-623501.7039801292
2025-08-21 07:00:00,0.17484748768080555,0.027183625812735847,0.5199019781165581,-593489.2854944079
2025-08-21 08:00:00,0.33777940802529954,0.03825281531704111,0.5197528809068335,-593249.6656614752
2025-08-21 09:00:00,0.4776922199197341,0.03854234945045812,0.5196037683904456,-571777.059226557
2025-08-21 10:00:00,0.5850510964503575,0.03734507087909403,0.5194546406441068,-558387.2571444971
2025-08-21 11:00:00,0.6525397076005397,0.02755753924677215,0.5193054977445374,-585588.6472086033
2025-08-21 12:00:00,0.6755588160505992,0.03723034477290721,0.5191563397684653,-534016.4437850097
2025-08-21 13:00:00,0.6525397076005397,0.025309182171338603,0.5190071667926263,-571200.890825009
2025-08-21 14:00:00,0.5850510964503575,0.03152739869540052,0.5188579788937641,-531093.4253448384
2025-08-21 15:00:00,0.4776922199197342,0.033370951086718274,0.5187087761486295,-562404.6515602003
2025-08-21 16:00:00,0.33777940802529954,0.02452619615544043,0.5185595586339818,-623793.9402105911
2025-08-21 17:00:00,0.1748474876808057,0.036082910668644434,0.5184103264265871,-613252.4521698175
2025-08-21 18:00:00,8.273209417121419e-17,0.03323912067684031,0.5182610796032198,-608229.7073074249
2025-08-21 19:00:00,0.0,0.03206057873452951,0.5181118182406609,-588410.9859549301
2025-08-21 20:00:00,0.0,0.02665988173468138,0.5179625424156995,-635338.0110381227
2025-08-21 21:00:00,0.0,0.03764314215906745,0.5178132522051321,-614844.4759441757
2025-08-21 22:00:00,0.0,0.029273127952531227,0.5176639476857625,-628901.4998461262
2025-08-21 23:00:00,0.0,0.028062783758885285,0.5175146289344019,-627691.08059987
2025-08-22 00:00:00,0.0,0.03001863664814432,0.5173652960278688,-638482.0529292807
2025-08-22 01:00:00,0.0,0.02804686516622817,0.5172159490429891,-706895.0587509086
2025-08-22 02:00:00,0.0,0.03593340973593387,0.5170665880565957,-621069.735658283
2025-08-22 03:00:00,0.0,0.02459399962331585,0.5169172131455289,-675288.0046607397
2025-08-22 04:00:00,0.0,0.03367244219315382,0.516767824386636,-656497.8894721749
2025-08-22 05:00:00,0.0,0.03493253092727214,0.5166184218567718,-670536.5451250869
2025-08-22 06:00:00,0.0,0.026129211048350927,0.5164690056327974,-623951.1456121685
2025-08-22 07:00:00,0.17310405726711436,0.02551730788553911,0.5163195757915817,-603677.1323670528
2025-08-22 08:00:00,0.3344113590994553,0.03330650191177329,0.5161701324100005,-615775.10650266
2025-08-22 09:00:00,0.47292907945006896,0.028702512302904767,0.5160206755649362,-573494.4490695469
2025-08-22 10:00:00,0.5792174645884174,0.027383918233187223,0.5158712053332786,-558315.1103417645
2025-08-22 11:00:00,0.6460331367171834,0.02323730314041618,0.515721721791924,-573078.3803183845
2025-08-22 12:00:00,0.6688227181989107,0.03125600006005945,0.5155722250177756,-529775.0299161507
2025-08-22 13:00:00,0.6460331367171834,0.024668360998349292,0.5154227150877437,-536783.6586117658
2025-08-22 14:00:00,0.5792174645884175,0.02327244506785248,0.515273192078745,-578303.9883319519
2025-08-22 15:00:00,0.47292907945006907,0.03319650302210258,0.5151236560677032,-590952.5838807863
2025-08-22 16:00:00,0.3344113590994553,0.029324377131649017,0.5149741071315482,-582600.3335450706
2025-08-22 17:00:00,0.17310405726711456,0.033814849870155476,0.5148245453472174,-556525.7066895942
2025-08-22 18:00:00,8.190716010393282e-17,0.03072470955610203,0.5146749707916544,-612019.8840149344
2025-08-22 19:00:00,0.0,0.02401686550488555,0.5145253835418088,-594367.928458566
2025-08-22 20:00:00,0.0,0.023537289631040532,0.5143757836746375,-665915.2682172051
2025-08-22 21:00:00,0.0,0.024380208951890688,0.5142261712671037,-639508.4515066613
2025-08-22 22:00:00,0.0,0.03093822423473501,0.5140765463961772,-650773.1689722777
2025-08-22 23:00:00,0.0,0.028354320696071206,0.5139269091388333,-655250.5216639754
2025-08-23 00:00:00,0.0,0.03566912189720373,0.5137772595720549,-644516.4961312164
2025-08-23 01:00:00,0.0,0.02875203294249347,0.5136275977728306,-654805.7865479727
2025-08-23 02:00:00,0.0,0.027991923102182806,0.5134779238181554,-611697.6141585114
2025-08-23 03:00:00,0.0,0.027097108894644728,0.5133282377850303,-663920.2499093838
2025-08-23 04:00:00,0.0,0.025757810465815295,0.5131785397504631,-642811.1463475825
2025-08-23 05:00:00,0.0,0.0342472878580607,0.5130288297914674,-617759.7119637306
2025-08-23 06:00:00,0.0,0.028707654721740136,0.512879107985063,-598510.1446436233
2025-08-23 07:00:00,0.17134384453633983,0.034457639263826376,0.5127293744082753,-609278.7452809933
2025-08-23 08:00:00,0.3310108892266194,0.033735331221420944,0.5125796291381367,-566950.1510514204
2025-08-23 09:00:00,0.4681200888374634,0.03045935357093282,0.512429872251685,-602035.3295955745
2025-08-23 10:00:00,0.5733276779990584,0.031129616580764602,0.512280103825964,-532331.2820970266
2025-08-23 11:00:00,0.6394639333738033,0.0282993112174748,0.5121303239380236,-543217.9676072195
2025-08-23 12:00:00,0.6620217784532388,0.028975343239196417,0.5119805326649196,-525780.5510759094
2025-08-23 13:00:00,0.6394639333738033,0.024290922908486674,0.5118307300837135,-560456.5510665649
2025-08-23 14:00:00,0.5733276779990584,0.02847496360460331,0.5116809162714728,-565842.6791570346
2025-08-23 15:00:00,0.4681200888374635,0.03250809807166331,0.5115310913052707,-537297.860192394
2025-08-23 16:00:00,0.3310108892266194,0.022335040245093366,0.5113812552621861,-553215.3609267098
2025-08-23 17:00:00,0.17134384453634002,0.03350361913237733,0.5112314082193038,-567426.301264499
2025-08-23 18:00:00,8.107428519485972e-17,0.03448964791018418,0.5110815502537139,-577809.9789831593
2025-08-23 19:00:00,0.0,0.031041738057634934,0.5109316814425123,-586790.4263453945
2025-08-23 20:00:00,0.0,0.0301531599078883,0.5107818018628004,-616975.4329539543
2025-08-23 21:00:00,0.0,0.028655840320945654,0.5106319115916855,-646364.0428228228
2025-08-23 22:00:00,0.0,0.027127844386628908,0.5104820107062799,-617478.4828297144
2025-08-23 23:00:00,0.0,0.022473326377633954,0.5103320992837017,-672200.9706669337
2025-08-24 00:00:00,0.0,0.02695595118261015,0.5101821774010743,-661393.2775153184
2025-08-24 01:00:00,0.0,0.030694504293786867,0.5100322451355265,-625745.429082523
2025-08-24 02:00:00,0.0,0.028526352014324376,0.5098823025641924,-612746.8959262243
2025-08-24 03:00:00,0.0,0.027357115170998626,0.5097323497642117,-628324.5264898789
2025-08-24 04:00:00,0.0,0.025418519681755392,0.5095823868127286,-663988.3417513914
2025-08-24 05:00:00,0.0,0.02674367534261232,0.5094324137868933,-609388.8476087613
2025-08-24 06:00:00,0.0,0.0308756227142563,0.5092824307638609,-617582.629532153
2025-08-24 07:00:00,0.16956737107750244,0.03195896616690746,0.5091324378207917,-604652.3740058738
2025-08-24 08:00:00,0.3275790060394032,0.02858945584137252,0.5089824350348509,-600640.9266267661
2025-08-24 09:00:00,0.46326667308962205,0.031377349061100714,0.5088324224832091,-570094.5066170875
2025-08-24 10:00:00,0.5673834819531585,0.021552989675625394,0.5086824002430416,-554108.8400008297
2025-08-24 11:00:00,0.6328340441671245,0.02723910627289815,0.5085323683915287,-540239.3013695837
2025-08-24 12:00:00,0.6551580120788065,0.027183447661814148,0.508382327005856,-541875.5748890816
2025-08-24 13:00:00,0.6328340441671245,0.02127390574144164,0.5082322761632136,-522042.81174265634
2025-08-24 14:00:00,0.5673834819531585,0.022566543495965586,0.508082215940797,-554656.0429747183
2025-08-24 15:00:00,0.4632666730896221,0.021628628482980174,0.5079321464158058,-574164.4783546507
2025-08-24 16:00:00,0.3275790060394032,0.03262659893183361,0.5077820676654448,-562423.0217325082
2025-08-24 17:00:00,0.1695673710775026,0.022399120366448862,0.5076319797669234,-615297.8559114718
2025-08-24 18:00:00,8.023371624280534e-17,0.029511471947564816,0.5074818827974561,-607327.3121393654
2025-08-24 19:00:00,0.0,0.024339782332926385,0.5073317768342614,-626758.9113983049
2025-08-24 20:00:00,0.0,0.022804166467805226,0.5071816619545633,-628666.8313698304
2025-08-24 21:00:00,0.0,0.027416064489025213,0.5070315382355893,-597060.2951162381
2025-08-24 22:00:00,0.0,0.025110236131600117,0.5068814057545724,-635599.0759985737
2025-08-24 23:00:00,0.0,0.03173293097435947,0.5067312645887498,-642038.5207638212
2025-08-25 00:00:00,0.0,0.028042202229578456,0.5065811148153629,-645250.6465990265
2025-08-25 01:00:00,0.0,0.028272046798638473,0.5064309565116577,-694391.1392699326
2025-08-25 02:00:00,0.0,0.02071644167799554,0.5062807897548848,-638886.3703469954
2025-08-25 03:00:00,0.0,0.02146077631652811,0.5061306146222987,-620401.316251223
2025-08-25 04:00:00,0.0,0.02438145584521815,0.5059804311911588,-638581.6784603001
2025-08-25 05:00:00,0.0,0.031137195695986466,0.5058302395387282,-648745.8006634816
2025-08-25 06:00:00,0.0,0.025812269073908208,0.5056800397422746,-629231.5731023669
2025-08-25 07:00:00,0.1677751632980276,0.022371868143889802,0.5055298318790699,-603003.7986801164
2025-08-25 08:00:00,0.3241167264788613,0.021377080143809114,0.5053796160263898,-609959.5381466832
2025-08-25 09:00:00,0.4583702703783766,0.022426023383836965,0.5052293922615144,-578019.4178316817
2025-08-25 10:00:00,0.5613866378442927,0.02344122328153476,0.5050791606617278,-584373.1734987171
2025-08-25 11:00:00,0.6261454336764043,0.022586021310361797,0.5049289213043181,-554781.124872747
2025-08-25 12:00:00,0.6482334529577227,0.027976949821754162,0.5047786742665776,-540480.1586356479
2025-08-25 13:00:00,0.6261454336764043,0.03072821113194135,0.5046284196258022,-567153.2023514515
2025-08-25 14:00:00,0.5613866378442928,0.026147568828200393,0.5044781574592917,-600972.1240596428
2025-08-25 15:00:00,0.4583702703783767,0.02606396935913696,0.5043278878443502,-582888.0234766643
2025-08-25 16:00:00,0.3241167264788613,0.025293205426680638,0.5041776108582854,-583142.0585805122
2025-08-25 17:00:00,0.16777516329802777,0.02283899472969,0.5040273265784087,-587453.253884242
2025-08-25 18:00:00,7.938570232649114e-17,0.030832027708003352,0.5038770350820353,-582397.5643831593
2025-08-25 19:00:00,0.0,0.023539762003705892,0.5037267364464845,-626702.7979411967
2025-08-25 20:00:00,0.0,0.025058846093385587,0.5035764307490783,-592987.9733036903
2025-08-25 21:00:00,0.0,0.02175067988271714,0.5034261180671434,-642202.0143997767
2025-08-25 22:00:00,0.0,0.02165472000250723,0.5032757984780095,-611003.2074327943
2025-08-25 23:00:00,0.0,0.02610028293161644,0.5031254720590099,-636823.0890466437
2025-08-26 00:00:00,0.0,0.02003447691759988,0.5029751388874817,-676810.9024082806
2025-08-26 01:00:00,0.0,0.019415647237599077,0.5028247990407652,-651053.9542808081
2025-08-26 02:00:00,0.0,0.025773132447199615,0.5026744525962041,-654921.0118882336
2025-08-26 03:00:00,0.0,0.02564756876502433,0.5025240996311461,-689992.2233078298
2025-08-26 04:00:00,0.0,0.019482023521099474,0.5023737402229411,-604829.6497531087
2025-08-26 05:00:00,0.0,0.029013975717722764,0.5022233744489434,-585332.7527789249
2025-08-26 06:00:00,0.0,0.025219591421906856,0.50207300238651,-606605.2885746671
2025-08-26 07:00:00,0.16596775226775934,0.021051181316964665,0.5019226241130013,-653607.5456488681
2025-08-26 08:00:00,0.32062507649314964,0.02377788254231408,0.5017722397057809,-623038.9519521805
2025-08-26 09:00:00,0.45343233161352325,0.027455346122644206,0.5016218492422155,-543652.135640536
2025-08-26 10:00:00,0.555338922666793,0.021101726609749287,0.5014714527996751,-526352.9072652382
2025-08-26 11:00:00,0.6194000838812826,0.0283415636407531,0.5013210504555325,-548908.0362458893
2025-08-26 12:00:00,0.6412501529862994,0.02270722592380092,0.501170642287164,-537968.562206993
2025-08-26 13:00:00,0.6194000838812826,0.024019941110775052,0.501020228371948,-561414.5467267571
2025-08-26 14:00:00,0.5553389226667931,0.02041937873339159,0.500869808787267,-521353.8915604508
2025-08-26 15:00:00,0.45343233161352337,0.020400992950553743,0.5007193836105054,-545302.5063174041
2025-08-26 16:00:00,0.32062507649314964,0.024114554994412025,0.500568952919051,-548812.3854990922
2025-08-26 17:00:00,0.1659677522677595,0.020152803331537884,0.5004185167902945,-573178.1643358851
2025-08-26 18:00:00,7.85304947307422e-17,0.02636299239543481,0.5002680753016291,-620355.9391431713
2025-08-26 19:00:00,0.0,0.028748703592988395,0.500117628530451,-582896.8552604229
2025-08-26 20:00:00,0.0,0.02250776637130722,0.499967176554159,-657293.4027066688
2025-08-26 21:00:00,0.0,0.026102470694097532,0.49981671945015466,-639400.4859888607
2025-08-26 22:00:00,0.0,0.025828274393079068,0.4996662572958421,-673982.9106449966
2025-08-26 23:00:00,0.0,0.025238419309760146,0.4995157901686282,-683695.2934054432
2025-08-27 00:00:00,0.0,0.028204339767909693,0.4993653181459219,-655315.2801429726
2025-08-27 01:00:00,0.0,0.026032814880470448,0.49921484130513527,-606003.4066002965
2025-08-27 02:00:00,0.0,0.02690157791470349,0.4990643597236825,-629731.0543741138
2025-08-27 03:00:00,0.0,0.028023145756200175,0.4989138734789805,-625423.6602222705
2025-08-27 04:00:00,0.0,0.01885575114149973,0.4987633826484481,-673259.9169454367
2025-08-27 05:00:00,0.0,0.02087829913557837,0.49861288730950715,-652488.5120775228
2025-08-27 06:00:00,0.0,0.027354081498766177,0.4984623875395812,-677323.9791895973
2025-08-27 07:00:00,0.16414567356159304,0.022009731684360153,0.49831188341609645,-615094.182755807
2025-08-27 08:00:00,0.31710509073351484,0.023253364705665885,0.4981613750164814,-610828.9221048282
2025-08-27 09:00:00,0.44845432001288754,0.023317644832832798,0.4980108624181662,-541338.9657798524
2025-08-27 10:00:00,0.5492421284891866,0.022143972423460355,0.49786034569858384,-575324.4300118195
2025-08-27 11:00:00,0.6125999935744807,0.020182671754762984,0.49770982493516897,-556796.1556464821
2025-08-27 12:00:00,0.6342101814670298,0.025168964274185076,0.4975593002053585,-554100.8623751977
2025-08-27 13:00:00,0.6125999935744807,0.01912059379214023,0.49740877158659147,-574080.7817945556
2025-08-27 14:00:00,0.5492421284891866,0.021288174013818953,0.4972582391563087,-576387.6780754202
2025-08-27 15:00:00,0.44845432001288765,0.017929964410437368,0.49710770299195317,-586701.8299393693
2025-08-27 16:00:00,0.31710509073351484,0.02323356511940682,0.49695716317096966,-573888.3562847791
2025-08-27 17:00:00,0.1641456735615932,0.022385070014166758,0.4968066197708051,-593383.4721982096
2025-08-27 18:00:00,7.7668346872026e-17,0.024045955648732215,0.4966560728689075,-573408.2707449737
2025-08-27 19:00:00,0.0,0.027931411392758888,0.49650552254272784,-624340.6980250383
2025-08-27 20:00:00,0.0,0.026019908979727852,0.4963549688697176,-602336.2997993996
2025-08-27 21:00:00,0.0,0.022705049890918098,0.4962044119273309,-653522.0367800854
2025-08-27 22:00:00,0.0,0.02122425902342252,0.49605385179302325,-645594.263740807
2025-08-27 23:00:00,0.0,0.026418447767091055,0.49590328854425175,-620814.4851649159
2025-08-28 00:00:00,0.0,0.02470492217426858,0.4957527222584752,-651775.4674264205
2025-08-28 01:00:00,0.0,0.018282520638062374,0.4956021530131539,-584809.6408712562
2025-08-28 02:00:00,0.0,0.02400638254168965,0.49545158088574964,-664429.3719537767
2025-08-28 03:00:00,0.0,0.01760805027453094,0.49530100595372584,-670392.5977727919
2025-08-28 04:00:00,0.0,0.025562816285063145,0.4951504282945473,-634355.9623695351
2025-08-28 05:00:00,0.0,0.01885570177660209,0.49499984798567986,-652412.321770721
2025-08-28 06:00:00,0.0,0.024750772906177027,0.49484926510459143,-640369.6029314557
2025-08-28 07:00:00,0.16230946710077304,0.017886798339964365,0.4946986797287505,-620847.009162789
2025-08-28 08:00:00,0.31355781224770507,0.0259784380185638,0.4945480919356275,-644102.9766844576
2025-08-28 09:00:00,0.44343771066874116,0.019126884909649797,0.4943975018026937,-567839.6094370371
2025-08-28 10:00:00,0.543098061923168,0.02635012858660651,0.49424690940742166,-589902.4985666327
2025-08-28 11:00:00,0.6057471777695143,0.018748779770222095,0.4940963148272852,-559203.9461352034
2025-08-28 12:00:00,0.6271156244954103,0.02553964457179732,0.49394571813975907,-543501.8276813702
2025-08-28 13:00:00,0.6057471777695143,0.025650368055482316,0.4937951194223195,-549345.0589784888
2025-08-28 14:00:00,0.5430980619231681,0.02349684649466141,0.49364451875244303,-560493.8349935333
2025-08-28 15:00:00,0.44343771066874116,0.02455924062559112,0.493493916207608,-578771.311152735
2025-08-28 16:00:00,0.31355781224770507,0.02583196271181301,0.49334331186529323,-587796.0808463695
2025-08-28 17:00:00,0.1623094671007732,0.01971745172907989,0.4931927058029787,-568693.4277863409
2025-08-28 18:00:00,7.679951422335977e-17,0.01899843484644749,0.49304209809814514,-620053.1407852314
2025-08-28 19:00:00,0.0,0.020782552233931828,0.49289148882827416,-610629.5580421754
2025-08-28 20:00:00,0.0,0.02217878264540067,0.4927408780708484,-644302.0935991952
2025-08-28 21:00:00,0.0,0.0238168084062447,0.49259026590335064,-626907.167874202
2025-08-28 22:00:00,0.0,0.016958820370083602,0.49243965240326515,-653862.2542728747
2025-08-28 23:00:00,0.0,0.025188223045499003,0.49228903764807624,-655908.2954430948
2025-08-29 00:00:00,0.0,0.017675150314453384,0.49213842171526956,-659348.920675904
2025-08-29 01:00:00,0.0,0.022212875382643663,0.49198780468233055,-678548.9782297561
2025-08-29 02:00:00,0.0,0.018569848449019443,0.49183718662674575,-652159.621352968
2025-08-29 03:00:00,0.0,0.020208348963310967,0.4916865676260022,-685930.0477531671
2025-08-29 04:00:00,0.0,0.02580223645520255,0.49153594775758724,-643150.0438721322
2025-08-29 05:00:00,0.0,0.025178844666141443,0.4913853270989888,-639651.9151901009
2025-08-29 06:00:00,0.0,0.018485052329173017,0.4912347057276952,-626126.2327291279
2025-08-29 07:00:00,0.16045967699290214,0.023559163046841403,0.491084083721195,-643305.7110853704
2025-08-29 08:00:00,0.309984292170892,0.02084925979813313,0.4909334611569773,-619893.7613388986
2025-08-29 09:00:00,0.43838399011069956,0.02218655070641201,0.49078283811253137,-596572.0766328836
2025-08-29 10:00:00,0.5369085435882605,0.02036596156102676,0.4906322146653465,-524841.0637517563
2025-08-29 11:00:00,0.5988436671036017,0.022924434614941213,0.49048159089291254,-529780.2492851262
2025-08-29 12:00:00,0.6199685843417841,0.023051917543580217,0.4903309668727195,-553230.6156833057
2025-08-29 13:00:00,0.5988436671036017,0.02445259866480155,0.4901803426822572,-560703.4934175619
2025-08-29 14:00:00,0.5369085435882605,0.016802319549300303,0.4900297183990158,-546749.6206062667
2025-08-29 15:00:00,0.4383839901106996,0.018773993521792234,0.4898790941004854,-609583.3363322723
2025-08-29 16:00:00,0.309984292170892,0.022265727661617947,0.4897284698641564,-578477.8989807573
2025-08-29 17:00:00,0.16045967699290234,0.024287782261207622,0.4895778457675189,-547509.9462468314
2025-08-29 18:00:00,7.592425423860818e-17,0.018531139064745843,0.4894272218880626,-599835.3393398923
2025-08-29 19:00:00,0.0,0.02256911200811321,0.4892765983032777,-620059.0837713372
2025-08-29 20:00:00,0.0,0.017126943112361546,0.48912597509065386,-614735.045712031
2025-08-29 21:00:00,0.0,0.020739220542884226,0.4889753523276808,-616660.4883640512
2025-08-29 22:00:00,0.0,0.017372533298680583,0.4888247300918479,-626949.6848769439
2025-08-29 23:00:00,0.0,0.019184173360896943,0.4886741084606443,-647597.1044774114
2025-08-30 00:00:00,0.0,0.020078348517008973,0.48852348751155855,-616295.3050917235
2025-08-30 01:00:00,0.0,0.017846212351090452,0.4883728673220793,-685588.5438768627
2025-08-30 02:00:00,0.0,0.022228784551968455,0.48822224796969443,-691202.5820393935
2025-08-30 03:00:00,0.0,0.01563345163922308,0.48807162953189165,-638848.1925931848
2025-08-30 04:00:00,0.0,0.02441847760361758,0.4879210120861583,-623456.4606242803
2025-08-30 05:00:00,0.0,0.018480899009039216,0.48777039570998065,-637402.9446599219
2025-08-30 06:00:00,0.0,0.015711205310425812,0.4876197804808449,-598920.3963179996
2025-08-30 07:00:00,0.1585968513707113,0.015271646552668099,0.4874691664762366,-662196.3529162183
2025-08-30 08:00:00,0.3063855894141977,0.01986514749902063,0.48731855377364053,-613690.6931912639
2025-08-30 09:00:00,0.433294655865233,0.016121133289111775,0.48716794245054107,-611917.7677075176
2025-08-30 10:00:00,0.5306754075723277,0.0201864771237386,0.4870173325844215,-573644.0648531084
2025-08-30 11:00:00,0.5918915072359444,0.019423967558289148,0.4868667242527646,-540287.4638198739
2025-08-30 12:00:00,0.6127711788283955,0.016832673696950153,0.4867161175330524,-527993.9538976057
2025-08-30 13:00:00,0.5918915072359444,0.017349441266202352,0.4865655125027661,-471707.62102985784
2025-08-30 14:00:00,0.5306754075723278,0.018652551901172786,0.48641490923938563,-626160.5172879578
2025-08-30 15:00:00,0.433294655865233,0.018433672510421384,0.4862643078203905,-568531.7347319291
2025-08-30 16:00:00,0.3063855894141977,0.015449148077592727,0.48611370832325906,-585837.7236073755
2025-08-30 17:00:00,0.15859685137071147,0.016979405256430543,0.4859631108254688,-571302.3239102326
2025-08-30 18:00:00,7.504282627619449e-17,0.022808330753173768,0.485812515404496,-619567.9208075086
2025-08-30 19:00:00,0.0,0.01605597287996797,0.485661922137816,-619953.4658181946
2025-08-30 20:00:00,0.0,0.015149792023568733,0.4855113311029029,-606252.2291789043
2025-08-30 21:00:00,0.0,0.01814476588333395,0.48536074237723,-646741.770021054
2025-08-30 22:00:00,0.0,0.01878471770299319,0.48521015603826906,-640981.7129859818
2025-08-30 23:00:00,0.0,0.019883402039573297,0.4850595721634904,-659030.2398869891
2025-08-31 00:00:00,0.0,0.016333907812285272,0.4849089908303637,-657187.7584039406
2025-08-31 01:00:00,0.0,0.02089795398468754,0.4847584121163571,-604187.0053559327
2025-08-31 02:00:00,0.0,0.016191205222431487,0.48460783609893693,-638477.703204964
2025-08-31 03:00:00,0.0,0.021774192127669453,0.4844572628555687,-666002.3544553403
2025-08-31 04:00:00,0.0,0.017942894954410312,0.4843066924637163,-587063.2344455355
2025-08-31 05:00:00,0.0,0.015497590990893423,0.4841561250008422,-594806.7117418973
2025-08-31 06:00:00,0.0,0.018823748085369272,0.4840055605444073,-590860.5328541207
2025-08-31 07:00:00,0.15672154222963522,0.0203508889866348,0.483854999171871,-603690.9602201252
2025-08-31 08:00:00,0.30276277035091503,0.02166502155516166,0.48370444096069093,-588706.6655715699
2025-08-31 09:00:00,0.4281712160119148,0.0184987936036513,0.48355388598832366,-596945.4176885057
2025-08-31 10:00:00,0.5244005008880929,0.021627238656237974,0.48340333433222316,-577312.5796584038
2025-08-31 11:00:00,0.5848927582415501,0.015163192974727109,0.4832527860698424,-529198.3352732884
2025-08-31 12:00:00,0.6055255407018301,0.014276110912164129,0.4831022412786325,-556142.25255248
2025-08-31 13:00:00,0.5848927582415501,0.019502188964207263,0.48295170003604265,-530883.7067900174
2025-08-31 14:00:00,0.524400500888093,0.01573275258948718,0.48280116241952026,-592104.2729628471
2025-08-31 15:00:00,0.4281712160119149,0.02135104191955405,0.48265062850651097,-554225.2189109873
2025-08-31 16:00:00,0.30276277035091503,0.018945615640018218,0.48250009837445845,-550301.4219362447
2025-08-31 17:00:00,0.1567215422296354,0.01845546276236573,0.4823495721008043,-556212.5482476912
2025-08-31 18:00:00,7.415549152224665e-17,0.01846817094724131,0.4821990497629885,-626832.2854293893
2025-08-31 19:00:00,0.0,0.017724606425480138,0.48204853143844845,-616379.2606123042
2025-08-31 20:00:00,0.0,0.015615461532829632,0.48189801720461983,-620550.2577981687
2025-08-31 21:00:00,0.0,0.018416009896476297,0.48174750713893627,-603292.6008347328
2025-08-31 22:00:00,0.0,0.01851088983775597,0.48159700131882915,-601812.9602475778
2025-08-31 23:00:00,0.0,0.01878272754272866,0.4814464998217276,-670063.7604358686
2025-09-01 00:00:00,0.0,0.016302713096751974,0.48129600272505874,-715832.6471866401
2025-09-01 01:00:00,0.0,0.020965536118722306,0.4811455101062471,-706323.3427617531
2025-09-01 02:00:00,0.0,0.01885203867257741,0.4809950220427153,-639036.3531542806
2025-09-01 03:00:00,0.0,0.021144489844987947,0.48084453861188353,-642883.063811873
2025-09-01 04:00:00,0.0,0.018912948753207297,0.480694059891169,-652811.8869282368
2025-09-01 05:00:00,0.0,0.017353311858677663,0.4805435859579874,-618595.2200327798
2025-09-01 06:00:00,0.0,0.018451175550514187,0.4803931168897512,-659284.5704342758
2025-09-01 07:00:00,0.15483430526424496,0.016023476945351247,0.4802426527638709,-640656.1477142606
2025-09-01 08:00:00,0.2991169085005193,0.02068188185576625,0.48009219365775424,-547120.4623390299
2025-09-01 09:00:00,0.4230151887365466,0.01391958934876769,0.47994173964880626,-589579.0160268381
2025-09-01 10:00:00,0.5180856829258305,0.020736731512740844,0.4797912908144296,-571061.9438620708
2025-09-01 11:00:00,0.5778494940007917,0.015087821506684099,0.47964084723202427,-584504.5531953468
2025-09-01 12:00:00,0.5982338170010387,0.019795798744674308,0.47949040897898737,-529616.0179811437
2025-09-01 13:00:00,0.5778494940007917,0.019553931946847788,0.47933997613271323,-556266.129871215
2025-09-01 14:00:00,0.5180856829258306,0.013891129173173148,0.4791895487705939,-563974.5695816404
2025-09-01 15:00:00,0.42301518873654664,0.014326658443244891,0.4790391269700176,-571833.629517416
2025-09-01 16:00:00,0.2991169085005193,0.015467126890593331,0.47888871080837075,-564360.3448665532
2025-09-01 17:00:00,0.15483430526424516,0.01645505088612019,0.4787383003630363,-538981.7833914947
2025-09-01 18:00:00,7.326251291320255e-17,0.015458711591222328,0.47858789571139443,-610185.292429195
2025-09-01 19:00:00,0.0,0.013022673109514788,0.4784374969308222,-593683.0501455498
2025-09-01 20:00:00,0.0,0.01529399654336517,0.4782871040986939,-678090.7849571044
2025-09-01 21:00:00,0.0,0.018384498387734476,0.4781367172923805,-583591.7751833124
2025-09-01 22:00:00,0.0,0.0149703793222393,0.47798633658925,-648730.8979739062
2025-09-01 23:00:00,0.0,0.01686965235099283,0.4778359620666675,-661514.6389773267
2025-09-02 00:00:00,0.0,0.014360732933447647,0.4776855938019942,-622726.4686505903
2025-09-02 01:00:00,0.0,0.016080675439309387,0.4775352318725887,-700547.1264212629
2025-09-02 02:00:00,0.0,0.018546229387559187,0.4773848763558062,-661192.0104388399
2025-09-02 03:00:00,0.0,0.017187102735884786,0.4772345273289986,-671601.7717087865
2025-09-02 04:00:00,0.0,0.013860977638112372,0.47708418486951454,-667011.1436495169
2025-09-02 05:00:00,0.0,0.01889054060553639,0.47693384905469904,-640639.1257600693
2025-09-02 06:00:00,0.0,0.014776361590774327,0.47678351996189383,-614298.0128342528
2025-09-02 07:00:00,0.15293569970358326,0.013276220570382552,0.4766331976684375,-614838.1301328146
2025-09-02 08:00:00,0.29544908421056093,0.017590702182854284,0.4764828822516644,-619944.7924693638
2025-09-02 09:00:00,0.41782810188128594,0.015080704454132217,0.4763325737889061,-597433.977168897
2025-09-02 10:00:00,0.5117328249023874,0.01786086873085913,0.47618227235749006,-552566.879715899
2025-09-02 11:00:00,0.5707638015848693,0.018520862098738818,0.4760319780347404,-542760.9821330837
2025-09-02 12:00:00,0.590898168421122,0.014954279758767761,0.4758816908979775,-554076.5542567584
2025-09-02 13:00:00,0.5707638015848693,0.018038016891808742,0.4757314110245181,-560174.9273022923
2025-09-02 14:00:00,0.5117328249023875,0.014928265031704996,0.4755811384916752,-590041.905720029
2025-09-02 15:00:00,0.41782810188128605,0.016793816579925704,0.47543087337675793,-525714.4463082491
2025-09-02 16:00:00,0.29544908421056093,0.014058610152146912,0.47528061575707164,-552934.5475953796
2025-09-02 17:00:00,0.15293569970358342,0.01844265573959646,0.4751303657099179,-614553.1268558983
2025-09-02 18:00:00,7.236415505789607e-17,0.017189929757201135,0.4749801233125946,-572131.4418995262
2025-09-02 19:00:00,0.0,0.013100874191009316,0.4748298886423949,-601513.9937215799
2025-09-02 20:00:00,0.0,0.015264539553257774,0.47467966177660875,-612467.4664491805
2025-09-02 21:00:00,0.0,0.015355626277802814,0.4745294427925218,-659812.6871366067
2025-09-02 22:00:00,0.0,0.01807001340462073,0.47437923176741587,-689342.9947827791
2025-09-02 23:00:00,0.0,0.01480138073570749,0.47422902877856826,-621060.9265783656
2025-09-03 00:00:00,0.0,0.01259068449484786,0.4740788339032525,-614430.2886282406
2025-09-03 01:00:00,0.0,0.014273389956780548,0.47392864721873784,-687568.9080255756
2025-09-03 02:00:00,0.0,0.01226164492563659,0.47377846880228935,-673889.484871506
2025-09-03 03:00:00,0.0,0.017495555306605612,0.47362829873116785,-649088.2433637598
2025-09-03 04:00:00,0.0,0.01275896512562065,0.47347813708262954,-614258.1855459175
2025-09-03 05:00:00,0.0,0.013142431389122572,0.47332798393392667,-669531.034194805
2025-09-03 06:00:00,0.0,0.016592872975345424,0.4731778393623071,-622236.4766122057
2025-09-03 07:00:00,0.15102628814545305,0.01705820807311136,0.47302770344501416,-629201.2113994616
2025-09-03 08:00:00,0.2917603843365353,0.014772042383191764,0.47287757625928667,-565214.945368667
2025-09-03 09:00:00,0.4126114924919149,0.017248107306783316,0.4727274578823594,-585347.0033827422
2025-09-03 10:00:00,0.505343809306702,0.017792916891998748,0.4725773483914617,-592004.8940617829
2025-09-03 11:00:00,0.563637780637368,0.012589044145013207,0.4724272478638191,-593424.6371072107
2025-09-03 12:00:00,0.5835207686730707,0.011666076162960441,0.4722771563766524,-586010.4062502808
2025-09-03 13:00:00,0.563637780637368,0.01704080678210179,0.47212707400717757,-521150.9164190399
2025-09-03 14:00:00,0.505343809306702,0.017355988704094476,0.4719770008326061,-524061.2242422983
2025-09-03 15:00:00,0.412611492491915,0.01677727873631326,0.4718269369301443,-603607.1769568817
2025-09-03 16:00:00,0.2917603843365353,0.013323593447920815,0.47167688237699423,-579275.8942346313
2025-09-03 17:00:00,0.15102628814545319,0.012266158660155221,0.4715268372503529,-570650.1415256809
2025-09-03 18:00:00,7.14606841591479e-17,0.013460002818404225,0.47137680162741247,-600418.1702641648
2025-09-03 19:00:00,0.0,0.017556607920769608,0.4712267755853604,-614701.0877201923
2025-09-03 20:00:00,0.0,0.01774944460456175,0.4710767592013789,-624720.9266877851
2025-09-03 21:00:00,0.0,0.015142587374744394,0.47092675255264554,-621973.1336538858
2025-09-03 22:00:00,0.0,0.015991740856888467,0.47077675571633254,-663069.8774812056
2025-09-03 23:00:00,0.0,0.015367562187221516,0.4706267687696075,-615563.2903743157
2025-09-04 00:00:00,0.0,0.01188507390540857,0.4704767917896325,-671398.0437697541
2025-09-04 01:00:00,0.0,0.01633162392864319,0.4703268248535646,-628101.6133869188
2025-09-04 02:00:00,0.0,0.011252118462898737,0.4701768680385558,-692130.9593549334
2025-09-04 03:00:00,0.0,0.011323142385648292,0.47002692142175306,-575343.70485402
2025-09-04 04:00:00,0.0,0.013903706988905185,0.4698769850802978,-615514.8818732867
2025-09-04 05:00:00,0.0,0.01376185135360594,0.4697270590913261,-579455.409097952
2025-09-04 06:00:00,0.0,0.013915280169824455,0.46957714353196905,-620984.0130566598
2025-09-04 07:00:00,0.14910663638970745,0.01742077238524451,0.46942723847935225,-577158.2460835712
2025-09-04 08:00:00,0.2880519019198236,0.012775036833971283,0.4692773440105958,-591442.5632118636
2025-09-04 09:00:00,0.40736690636237916,0.011363372812796951,0.4691274602028141,-608658.3039872862
2025-09-04 10:00:00,0.4989205293419816,0.013369195366863715,0.4689775871331166,-571830.8335473075
2025-09-04 11:00:00,0.5564735427520867,0.013039622491220655,0.4688277248786069,-565536.4036699313
2025-09-04 12:00:00,0.5761038038396473,0.015217270980400486,0.4686778735163834,-530754.2777843504
2025-09-04 13:00:00,0.5564735427520867,0.011055617985817716,0.4685280331235382,-524311.4861056881
2025-09-04 14:00:00,0.4989205293419817,0.012150283936065674,0.4683782037771583,-593679.3452553408
2025-09-04 15:00:00,0.4073669063623792,0.01323674296156993,0.4682283855543249,-569614.1556242318
2025-09-04 16:00:00,0.2880519019198236,0.013898069910304784,0.46807857853211354,-583726.298906226
2025-09-04 17:00:00,0.14910663638970761,0.010986527472999424,0.46792878278759387,-593719.6262542082
2025-09-04 18:00:00,7.055236793488387e-17,0.014787822960932208,0.46777899839782977,-612159.1852699292
2025-09-04 19:00:00,0.0,0.014145934568742408,0.46762922543987956,-597389.0239858839
2025-09-04 20:00:00,0.0,0.013485618370193343,0.46747946399079493,-639146.3174453656
2025-09-04 21:00:00,0.0,0.012574736899090402,0.4673297141276224,-661678.1637223522
2025-09-04 22:00:00,0.0,0.010896498222102084,0.46717997592740224,-651652.4063906258
2025-09-04 23:00:00,0.0,0.010506455706564957,0.46703024946716887,-652547.0469593658
2025-09-05 00:00:00,0.0,0.016260070596967217,0.4668805348239503,-681449.8755685273
2025-09-05 01:00:00,0.0,0.011206240353594042,0.46673083207476884,-654372.2777291931
2025-09-05 02:00:00,0.0,0.01386466432153357,0.4665811412966406,-656136.7567573345
2025-09-05 03:00:00,0.0,0.01421305698432658,0.46643146256657536,-647584.3624465397
2025-09-05 04:00:00,0.0,0.01392793734146926,0.46628179596157715,-635325.6305540815
2025-09-05 05:00:00,0.0,0.015597118874890133,0.4661321415586429,-607021.8736293906
2025-09-05 06:00:00,0.0,0.0154951755228974,0.4659824994347641,-620824.4663332703
2025-09-05 07:00:00,0.1471773132705912,0.013350095754770969,0.4658328696669256,-642115.4596646095
2025-09-05 08:00:00,0.28432473586380164,0.012046216113512727,0.46568325233210583,-627131.3464379634
2025-09-05 09:00:00,0.40209589757673625,0.015218467765208807,0.46553364750727705,-598260.0891909314
2025-09-05 10:00:00,0.4924648883647054,0.014158236709053713,0.4653840552694048,-574253.7953201951
2025-09-05 11:00:00,0.5492732108473275,0.012144156067881724,0.4652344756954483,-561596.6491442809
2025-09-05 12:00:00,0.5686494717276034,0.013812556454830347,0.46508490886236037,-559817.721118535
2025-09-05 13:00:00,0.5492732108473275,0.010906468125563527,0.46493535484708715,-517427.57765813364
2025-09-05 14:00:00,0.49246488836470553,0.012538354073637632,0.46478581372656796,-551933.4613296886
2025-09-05 15:00:00,0.4020958975767363,0.014007032497552691,0.46463628557773595,-567252.1933609716
2025-09-05 16:00:00,0.28432473586380164,0.012829518401952473,0.4644867704775171,-524537.5515910804
2025-09-05 17:00:00,0.14717731327059133,0.013030063629734929,0.46433726850283097,-591738.208149688
2025-09-05 18:00:00,6.963947553880428e-17,0.009965934510913172,0.46418777973059044,-629702.7990572805
2025-09-05 19:00:00,0.0,0.013666554263546103,0.4640383042377015,-620549.3800958431
2025-09-05 20:00:00,0.0,0.01383633553326811,0.46388884210106324,-630144.5009680167
2025-09-05 21:00:00,0.0,0.011233320255962926,0.4637393933975679,-654514.4404579607
2025-09-05 22:00:00,0.0,0.010430817949524983,0.46358995820410104,-643337.1188481501
2025-09-05 23:00:00,0.0,0.012764751518147677,0.463440536597541,-641274.8401186636
2025-09-06 00:00:00,0.0,0.011286598961528149,0.46329112865475885,-622319.2109382758
2025-09-06 01:00:00,0.0,0.01007082078054608,0.4631417344526193,-628039.1476364589
2025-09-06 02:00:00,0.0,0.013943411654895902,0.4629923540679797,-618309.3001632951
2025-09-06 03:00:00,0.0,0.012926979174685738,0.46284298757769005,-638349.5833881439
2025-09-06 04:00:00,0.0,0.0128473352774202,0.4626936350585936,-688462.4332011887
2025-09-06 05:00:00,0.0,0.009999395015231727,0.46254429658752627,-630961.8897503092
2025-09-06 06:00:00,0.0,0.011191882042928036,0.46239497224131654,-591331.8781792811
2025-09-06 07:00:00,0.1452388904881826,0.011811017407492441,0.46224566209678586,-610780.1338968454
2025-09-06 08:00:00,0.28057999060821054,0.01226714717494318,0.46209636623074846,-599538.0537929587
2025-09-06 09:00:00,0.39680002804864695,0.014105887971461312,0.46194708472001084,-609521.2503015188
2025-09-06 10:00:00,0.4859787993206191,0.013398960457120294,0.4617978176413724,-604485.998475287
2025-09-06 11:00:00,0.5420389185368296,0.00977243374879586,0.4616485650716251,-601289.5465664761
2025-09-06 12:00:00,0.5611599812164212,0.010983452250299557,0.4614993270875534,-555687.5061768506
2025-09-06 13:00:00,0.5420389185368296,0.013229758421257674,0.4613501037659342,-570073.3608207675
2025-09-06 14:00:00,0.4859787993206192,0.013332536296407453,0.461200895183537,-495233.1840170886
2025-09-06 15:00:00,0.39680002804864706,0.013460619118468731,0.4610517014171237,-556837.0415965539
2025-09-06 16:00:00,0.28057999060821054,0.009921770273536109,0.46090252254344827,-577683.0522836412
2025-09-06 17:00:00,0.14523889048818275,0.01188723534397184,0.46075335863925765,-586356.7746441294
2025-09-06 18:00:00,6.87222774806279e-17,0.009722816832040898,0.46060420978129013,-611966.3988860234
2025-09-06 19:00:00,0.0,0.012629422387372875,0.46045507604627733,-565983.8617011022
2025-09-06 20:00:00,0.0,0.012804377406454716,0.4603059575109421,-597517.8615414636
2025-09-06 21:00:00,0.0,0.010348901803158408,0.46015685425200037,-634367.7588149305
2025-09-06 22:00:00,0.0,0.014081704839513494,0.4600077663461594,-650947.3180199342
2025-09-06 23:00:00,0.0,0.009536123264736879,0.45985869387011924,-620053.2445378602
2025-09-07 00:00:00,0.0,0.010416052548116565,0.45970963690057154,-658887.0024613029
2025-09-07 01:00:00,0.0,0.00960590831967259,0.45956059551420014,-667252.6859753666
2025-09-07 02:00:00,0.0,0.008910346402117388,0.45941156978768094,-668879.2531615938
2025-09-07 03:00:00,0.0,0.012389159514646305,0.45926255979768166,-681169.3381609858
2025-09-07 04:00:00,0.0,0.01249703140470465,0.45911356562086214,-643276.0342388803
2025-09-07 05:00:00,0.0,0.009309075606612597,0.45896458733387346,-628664.3565053724
2025-09-07 06:00:00,0.0,0.009366148657844141,0.45881562501335926,-605454.6207049398
2025-09-07 07:00:00,0.14329194243898674,0.010973197757154319,0.45866667873595474,-633865.4677536538
2025-09-07 08:00:00,0.27681877580188774,0.011403045326423887,0.4585177485782866,-614123.498493649
2025-09-07 09:00:00,0.3914808670585468,0.009678255782176069,0.4583688346169735,-550933.2565286375
2025-09-07 10:00:00,0.4794641841778877,0.012898972774648352,0.45821993692862567,-559060.5813563034
2025-09-07 11:00:00,0.5347728094975336,0.009366022153795358,0.45807105558984507,-588751.7085877949
2025-09-07 12:00:00,0.5536375516037756,0.009516225227200588,0.4579221906772251,-544057.8839897153
2025-09-07 13:00:00,0.5347728094975336,0.010121271162247505,0.4577733422673511,-553767.7101565442
2025-09-07 14:00:00,0.4794641841778877,0.012248323409252904,0.4576245104367991,-529631.5400477033
2025-09-07 15:00:00,0.3914808670585469,0.008905888777536132,0.4574756952621373,-558085.8178757665
2025-09-07 16:00:00,0.27681877580188774,0.012079428984049609,0.4573268968199253,-598539.9230066574
2025-09-07 17:00:00,0.14329194243898688,0.012437385872208358,0.45717811518671364,-561452.6920275119
2025-09-07 18:00:00,6.780104554593413e-17,0.013107374848683552,0.45702935043904475,-656656.130550586
2025-09-07 19:00:00,0.0,0.012915259165229735,0.456880602653452,-628400.1667568902
2025-09-07 20:00:00,0.0,0.011086007483388814,0.4567318719064603,-608687.9404632179
2025-09-07 21:00:00,0.0,0.011492689693688059,0.45658315827458545,-647529.1454344098
2025-09-07 22:00:00,0.0,0.009078154728682182,0.45643446183433467,-675792.8330523139
2025-09-07 23:00:00,0.0,0.008351114858142893,0.45628578266220643,-651055.5523877579
2025-09-08 00:00:00,0.0,0.01202833632901444,0.4561371208346903,-635598.7056495165
2025-09-08 01:00:00,0.0,0.010081436005502884,0.4559884764282665,-671271.0674543215
2025-09-08 02:00:00,0.0,0.008227411826584983,0.45583984951940676,-661185.704762402
2025-09-08 03:00:00,0.0,0.0085495833152212,0.45569124018457363,-649596.0012556624
2025-09-08 04:00:00,0.0,0.011069624907868697,0.45554264850022075,-641854.8098853694
2025-09-08 05:00:00,0.0,0.010131385111600038,0.4553940745427926,-643400.5121482682
2025-09-08 06:00:00,0.0,0.00824260942369262,0.4552455183887244,-681086.4794796624
2025-09-08 07:00:00,0.14133704604572916,0.011904019826650833,0.4550969801144424,-639064.5818144963
2025-09-08 08:00:00,0.27304220597395407,0.009826077625069709,0.4549484597963635,-624465.804442764
2025-09-08 09:00:00,0.386139990788634,0.009648441940599179,0.4547999575108957,-617111.3714423482
2025-09-08 10:00:00,0.47292297335757494,0.007964886225003095,0.45465147333443706,-553390.4652396359
2025-09-08 11:00:00,0.5274770368343632,0.012538886451459844,0.45450300734337695,-581456.6039529422
2025-09-08 12:00:00,0.5460844119479082,0.010441025330815111,0.4543545596140952,-511342.5873388837
2025-09-08 13:00:00,0.5274770368343632,0.010652800057873977,0.4542061302229622,-544070.191648533
2025-09-08 14:00:00,0.47292297335757505,0.011830165547962027,0.45405771924633886,-609919.0799614259
2025-09-08 15:00:00,0.3861399907886341,0.010230068195067126,0.45390932676057666,-564672.0501748652
2025-09-08 16:00:00,0.27304220597395407,0.011409607801357536,0.4537609528420176,-556902.2491837121
2025-09-08 17:00:00,0.14133704604572933,0.008701929317571841,0.4536125975669941,-627225.5854438151
2025-09-08 18:00:00,6.687605271562705e-17,0.009409330468496896,0.4534642610118293,-612762.3461780116
2025-09-08 19:00:00,0.0,0.011586824555417832,0.45331594325283586,-615126.8505888869
2025-09-08 20:00:00,0.0,0.007767029132919476,0.45316764436631757,-631925.2818843388
2025-09-08 21:00:00,0.0,0.007970796970396368,0.45301936442856827,-636845.1339957886
2025-09-08 22:00:00,0.0,0.008682386041110183,0.4528711035158721,-623394.981645219
2025-09-08 23:00:00,0.0,0.008908585576450873,0.45272286170450343,-639672.7247269851
2025-09-09 00:00:00,0.0,0.007832753475138529,0.4525746390707263,-705801.5929283323
2025-09-09 01:00:00,0.0,0.009633613681561664,0.4524264356907957,-692216.1246918701
2025-09-09 02:00:00,0.0,0.01148546155215906,0.4522782516409562,-688715.6137206508
2025-09-09 03:00:00,0.0,0.009697041445240105,0.4521300869974425,-655545.9392062936
2025-09-09 04:00:00,0.0,0.008664396710016972,0.45198194183647955,-658328.4711196285
2025-09-09 05:00:00,0.0,0.010640146577526842,0.45183381623428187,-620058.2783334301
2025-09-09 06:00:00,0.0,0.01016419135640733,0.45168571026705423,-624776.7562470215
2025-09-09 07:00:00,0.1393747805864014,0.011277747128257125,0.4515376240109912,-652837.3885228976
2025-09-09 08:00:00,0.2692514002035547,0.007442596355578169,0.4513895575422771,-578326.1026709628
2025-09-09 09:00:00,0.380778981855813,0.010994105190890228,0.4512415109370864,-599816.9490993473
2025-09-09 10:00:00,0.4663571051616179,0.01016502941067674,0.451093484271583,-548715.0218934095
2025-09-09 11:00:00,0.5201537624422145,0.011159205309916905,0.4509454776219207,-584411.5070456226
2025-09-09 12:00:00,0.5385028004071095,0.009987726110831242,0.4507974910642431,-553713.885876174
2025-09-09 13:00:00,0.5201537624422145,0.008716423987619184,0.4506495246746834,-563540.9528173198
2025-09-09 14:00:00,0.466357105161618,0.009965563453888354,0.450501578529364,-579357.2480352356
2025-09-09 15:00:00,0.38077898185581305,0.010365974534461718,0.4503536527043975,-598420.2889699365
2025-09-09 16:00:00,0.2692514002035547,0.010751538247803838,0.45020574727588575,-568990.8466004949
2025-09-09 17:00:00,0.13937478058640154,0.009678452603353559,0.45005786231992023,-585514.8947345493
2025-09-09 18:00:00,6.594757308504526e-17,0.010454988499630677,0.44990999791258174,-603817.3805073589
2025-09-09 19:00:00,0.0,0.007235685963854515,0.4497621541299406,-598163.5508720259
2025-09-09 20:00:00,0.0,0.009957528981420162,0.4496143310480564,-541536.9770478732
2025-09-09 21:00:00,0.0,0.010877191853118301,0.4494665287429785,-580087.0506940195
2025-09-09 22:00:00,0.0,0.007072030060144688,0.44931874729074517,-663552.8181300013
2025-09-09 23:00:00,0.0,0.010742088815878443,0.44917098676738365,-699427.5537489933
2025-09-10 00:00:00,0.0,0.0108984690804935,0.4490232472489112,-627785.7662429314
2025-09-10 01:00:00,0.0,0.007664188830812641,0.44887552881133375,-643087.5934477401
2025-09-10 02:00:00,0.0,0.010728277890881191,0.4487278315306466,-623281.6256836638
2025-09-10 03:00:00,0.0,0.009189582391452091,0.4485801554828338,-635344.7004755749
2025-09-10 04:00:00,0.0,0.008725587072763486,0.4484325007438689,-655605.8198636321
2025-09-10 05:00:00,0.0,0.007006022223333536,0.44828486738971446,-639047.486816805
2025-09-10 06:00:00,0.0,0.007763864055083391,0.4481372554963218,-646452.3171858786
2025-09-10 07:00:00,0.13740572752260805,0.009179380852862566,0.44798966513963134,-646399.7781877368
2025-09-10 08:00:00,0.2654474817882515,0.006777199154219223,0.4478420963955724,-601358.4476040623
2025-09-10 09:00:00,0.3753994288427305,0.009347575033809065,0.4476945493400633,-579793.901166159
2025-09-10 10:00:00,0.4597685251984659,0.010387422770274025,0.44754702404901087,-571119.564636276
2025-09-10 11:00:00,0.5128051563653385,0.007550396061307172,0.44739952059831095,-594150.3166428923
2025-09-10 12:00:00,0.5308949635765031,0.01008683898487066,0.44725203906384825,-590182.4712116574
2025-09-10 13:00:00,0.5128051563653385,0.00805545957882055,0.44710457952149607,-555517.8921404973
2025-09-10 14:00:00,0.45976852519846595,0.008735538456097388,0.44695714204711645,-531271.6557694551
2025-09-10 15:00:00,0.37539942884273053,0.006987915541684585,0.4468097267165601,-551927.0132418895
2025-09-10 16:00:00,0.2654474817882515,0.007808151964897332,0.44666233360566615,-549338.4752382344
2025-09-10 17:00:00,0.1374057275226082,0.006650634022850839,0.4465149627902626,-590770.50077461
2025-09-10 18:00:00,6.501588178274152e-17,0.008048532419653925,0.4463676143461659,-591193.8031108057
2025-09-10 19:00:00,0.0,0.009752024181174709,0.44622028834918054,-587245.4826703508
2025-09-10 20:00:00,0.0,0.008823165040366164,0.4460729848751001,-633865.0998286633
2025-09-10 21:00:00,0.0,0.00991115510889085,0.44592570399970627,-622122.2495270246
2025-09-10 22:00:00,0.0,0.008056909680431946,0.4457784457987691,-653261.8607578331
2025-09-10 23:00:00,0.0,0.006402332700527461,0.44563121034804715,-639504.239328753
2025-09-11 00:00:00,0.0,0.008089488036422668,0.44548399772328695,-664014.1343246036
2025-09-11 01:00:00,0.0,0.0062947707245821,0.4453368080002237,-659162.6976865291
2025-09-11 02:00:00,0.0,0.009510885153613853,0.44518964125458044,-695306.4147633048
2025-09-11 03:00:00,0.0,0.009084516451139916,0.4450424975620688,-674285.9800959808
2025-09-11 04:00:00,0.0,0.006815561395404216,0.44489537699838805,-636813.6631299845
2025-09-11 05:00:00,0.0,0.006307428154420153,0.444748279639226,-636843.0205717937
2025-09-11 06:00:00,0.0,0.006834644247714664,0.44460120556025806,-597004.5727229292
2025-09-11 07:00:00,0.13543047032726768,0.009818000195192276,0.4444541548371482,-613174.6935815132
2025-09-11 08:00:00,0.2616315779111663,0.009762091207645998,0.4443071275455479,-585738.2099616717
2025-09-11 09:00:00,0.37000292582704447,0.008248142715028287,0.44416012376109704,-623743.3915973087
2025-09-11 10:00:00,0.4531591858065553,0.009601888864750656,0.44401314355942295,-552621.4088516459
2025-09-11 11:00:00,0.5054333961543123,0.006673565313032765,0.4438661870161413,-556188.95111765
2025-09-11 12:00:00,0.5232631558223327,0.007452095348368539,0.44371925420685515,-490782.3590099079
2025-09-11 13:00:00,0.5054333961543123,0.009253111440824876,0.44357234520715555,-512759.4329042058
2025-09-11 14:00:00,0.45315918580655534,0.006876971160392985,0.4434254600926215,-583058.6277272386
2025-09-11 15:00:00,0.3700029258270445,0.0094683720237308,0.4432785989388192,-542121.2118234606
2025-09-11 16:00:00,0.2616315779111663,0.008600008358568749,0.44313176182130287,-527997.2521448785
2025-09-11 17:00:00,0.1354304703272678,0.006115552689619796,0.4429849488156144,-573891.4616748133
2025-09-11 18:00:00,6.408125488895625e-17,0.008005617321476364,0.44283815999728315,-574966.0570432347
2025-09-11 19:00:00,0.0,0.008620956828167468,0.44269139544182606,-669167.932824993
2025-09-11 20:00:00,0.0,0.007975069742396495,0.4425446552247477,-607708.7893779443
2025-09-11 21:00:00,0.0,0.005814625578750308,0.4423979394215399,-668857.729234074
2025-09-11 22:00:00,0.0,0.00876990423342899,0.44225124810768224,-643891.4362122047
2025-09-11 23:00:00,0.0,0.00870313613169159,0.44210458135864145,-596293.5806295822
2025-09-12 00:00:00,0.0,0.00773628030255551,0.4419579392498715,-657246.2869845942
2025-09-12 01:00:00,0.0,0.008330434819341806,0.44181132185681393,-723074.1722473291
2025-09-12 02:00:00,0.0,0.006595822770746851,0.44166472925489764,-635647.9410806764
2025-09-12 03:00:00,0.0,0.006929353377011599,0.44151816151953854,-702729.959101726
2025-09-12 04:00:00,0.0,0.008376443593750256,0.4413716187261399,-666052.4230340093
2025-09-12 05:00:00,0.0,0.00567200787345188,0.44122510095009215,-693001.8504952686
2025-09-12 06:00:00,0.0,0.005665993796597602,0.4410786082667727,-631449.7957483452
2025-09-12 07:00:00,0.13344959431171668,0.008207012950967927,0.44093214075154635,-615907.5433622238
2025-09-12 08:00:00,0.25780481930697174,0.007983177857293553,0.44078569847976445,-583747.5811845942
2025-09-12 09:00:00,0.36459107190906465,0.005918903271588253,0.44063928152676607,-569321.8706259499
2025-09-12 10:00:00,0.4465310454757889,0.008222466575794651,0.44049288996787633,-567564.891027024
2025-09-12 11:00:00,0.4980406662207813,0.008441255621331346,0.4403465238784082,-557072.1088371547
2025-09-12 12:00:00,0.5156096386139436,0.006517141508796755,0.440200183333661,-525514.678936117
2025-09-12 13:00:00,0.4980406662207813,0.008591507619069948,0.4400538684089212,-548629.2629662784
2025-09-12 14:00:00,0.44653104547578903,0.00666824755611569,0.4399075791794618,-541554.5407077151
2025-09-12 15:00:00,0.3645910719090647,0.0070440684609245205,0.4397613157205429,-552829.7262712773
2025-09-12 16:00:00,0.25780481930697174,0.005806402110742483,0.4396150781074112,-576774.4957605355
2025-09-12 17:00:00,0.13344959431171682,0.006371078576407844,0.43946886641529975,-536402.9917491814
2025-09-12 18:00:00,6.314396935380895e-17,0.007485538475240087,0.43932268071942926,-603850.1771740827
2025-09-12 19:00:00,0.0,0.006131438807281344,0.43917652109500566,-642691.9894372224
2025-09-12 20:00:00,0.0,0.0069934952223610625,0.4390303876172226,-602604.874340855
2025-09-12 21:00:00,0.0,0.006840556955060622,0.43888428036125976,-655409.426979384
2025-09-12 22:00:00,0.0,0.006939535792528224,0.4387381994022836,-690162.7224106207
2025-09-12 23:00:00,0.0,0.006992468077840971,0.4385921448154468,-676667.1336324724
2025-09-13 00:00:00,0.0,0.005409620443561676,0.4384461166758887,-650235.3898446367
2025-09-13 01:00:00,0.0,0.007018788946195571,0.43830011505873473,-725070.3525446844
2025-09-13 02:00:00,0.0,0.006070758390295107,0.43815414003909703,-623341.1368555711
2025-09-13 03:00:00,0.0,0.006949058430097477,0.438008191692074,-698101.2513630593
2025-09-13 04:00:00,0.0,0.006316344634279997,0.4378622700927499,-658686.9816230334
2025-09-13 05:00:00,0.0,0.0070038785884191145,0.43771637531619567,-637299.8957902283
2025-09-13 06:00:00,0.0,0.006233203761252338,0.4375705074374683,-608907.1639976036
2025-09-13 07:00:00,0.13146368645226944,0.00727809420571935,0.437424666531611,-604609.8508918614
2025-09-13 08:00:00,0.25396833992683066,0.005320082184242292,0.43727885267365313,-506155.2356667601
2025-09-13 09:00:00,0.3591654707379044,0.006577588000625999,0.43713306593860984,-570411.6161813368
2025-09-13 10:00:00,0.43988606826719423,0.005770371600057767,0.436987306401483,-568984.209254179
2025-09-13 11:00:00,0.49062915719017386,0.005900417495586518,0.43684157413725955,-529942.3108212393
2025-09-13 12:00:00,0.5079366798536614,0.005000636646669607,0.436695869220913,-542261.2518218654
2025-09-13 13:00:00,0.49062915719017386,0.0059866593134453965,0.4365501917274029,-560419.5681931742
2025-09-13 14:00:00,0.4398860682671943,0.0070542824794841506,0.4364045417316745,-571214.3905824379
2025-09-13 15:00:00,0.35916547073790445,0.005571494529354392,0.4362589193086585,-595205.3162445228
2025-09-13 16:00:00,0.25396833992683066,0.007678354309323685,0.43611332453327206,-624303.4026606552
2025-09-13 17:00:00,0.13146368645226958,0.0073309004859081015,0.4359677574804178,-568029.4954112947
2025-09-13 18:00:00,6.220430291523203e-17,0.007520363245854232,0.4358222182249841,-634427.9428533976
2025-09-13 19:00:00,0.0,0.005899367641970077,0.4356767068418452,-584436.0947641252
2025-09-13 20:00:00,0.0,0.005853347192662812,0.43553122340586065,-630347.2560009456
2025-09-13 21:00:00,0.0,0.0066859094290176715,0.435385767991876,-604288.0486072341
2025-09-13 22:00:00,0.0,0.005660854152573068,0.4352403406747223,-656226.1287266436
2025-09-13 23:00:00,0.0,0.006668976595825374,0.43509494152921596,-656777.7140732525
2025-09-14 00:00:00,0.0,0.006631182947234578,0.43494957063015893,-661542.6296507148
2025-09-14 01:00:00,0.0,0.004955460931130216,0.4348042280523387,-641700.4599726537
2025-09-14 02:00:00,0.0,0.007122860881248624,0.43465891387052835,-661791.026177475
2025-09-14 03:00:00,0.0,0.005418404657802129,0.43451362815948613,-631403.394936745
2025-09-14 04:00:00,0.0,0.005843849856902357,0.4343683709939556,-625826.9582556951
2025-09-14 05:00:00,0.0,0.006292397307134364,0.43422314244866583,-641042.3006582094
2025-09-14 06:00:00,0.0,0.004517322806926508,0.43407794259833116,-639211.2387232436
2025-09-14 07:00:00,0.12947333521628399,0.005856569039215458,0.433932771517651,-633057.5693803709
2025-09-14 08:00:00,0.25012327660238126,0.006147184365381214,0.4337876292813102,-571151.5530593843
2025-09-14 09:00:00,0.35372773003628466,0.004816409545740724,0.43364251596397835,-572764.2014154341
2025-09-14 10:00:00,0.43322622323092824,0.006029688422913959,0.4334974316403105,-598471.5314336141
2025-09-14 11:00:00,0.48320106525256873,0.004906747186698968,0.4333523763849468,-563129.6640314674
2025-09-14 12:00:00,0.5002465532047626,0.006751394295978587,0.4332073502725123,-558811.6476675154
2025-09-14 13:00:00,0.48320106525256873,0.005490679071348679,0.4330623533776173,-540390.3548824373
2025-09-14 14:00:00,0.4332262232309283,0.004760786399531295,0.43291738577485656,-556978.6405252652
2025-09-14 15:00:00,0.3537277300362847,0.0067476757654080345,0.4327724475388102,-572982.8793918805
2025-09-14 16:00:00,0.25012327660238126,0.005611672008049403,0.4326275387440433,-579355.5275930631
2025-09-14 17:00:00,0.12947333521628415,0.005835655612225774,0.4324826594651054,-557624.6882711175
2025-09-14 18:00:00,6.126253401667088e-17,0.005912800218113509,0.4323378097765312,-593090.9546830475
2025-09-14 19:00:00,0.0,0.0053243666212309465,0.43219298975284026,-601091.0977983399
2025-09-14 20:00:00,0.0,0.006701279051595377,0.4320481994685362,-629061.2227152055
2025-09-14 21:00:00,0.0,0.005989785774048988,0.43190343899810807,-656246.8213664138
2025-09-14 22:00:00,0.0,0.005638284265833277,0.43175870841602937,-644483.2312274595
2025-09-14 23:00:00,0.0,0.004949489066294395,0.431614007796758,-671961.7550201132
2025-09-15 00:00:00,0.0,0.006025310585335004,0.43146933721473685,-664231.5857245416
2025-09-15 01:00:00,0.0,0.006188903639027998,0.43132469674439294,-649901.3080745671
2025-09-15 02:00:00,0.0,0.006335837661726889,0.4311800864601381,-629910.5659406354
2025-09-15 03:00:00,0.0,0.004781831750901062,0.43103550643636845,-674419.4499217088
2025-09-15 04:00:00,0.0,0.0047317987792761555,0.43089095674746486,-662133.0384715773
2025-09-15 05:00:00,0.0,0.004200006765361916,0.4307464374677919,-633927.7063896577
2025-09-15 06:00:00,0.0,0.005228931784625364,0.43060194867169915,-671958.7170357748
2025-09-15 07:00:00,0.1274791303877869,0.004175386346922331,0.43045749043352033,-630249.272839958
2025-09-15 08:00:00,0.24627076870886988,0.005656761349260739,0.4303130628275734,-573085.1326316135
2025-09-15 09:00:00,0.34827946112413144,0.004044902905663004,0.4301686659281606,-590453.6421617697
2025-09-15 10:00:00,0.4265534838228063,0.004132224823363762,0.43002429980956824,-575411.6771557141
2025-09-15 11:00:00,0.47575859151191846,0.005832749120079493,0.429879964546067,-593094.4181961622
2025-09-15 12:00:00,0.4925415374177398,0.005123549902560624,0.42973566021191156,-584234.3573277654
2025-09-15 13:00:00,0.47575859151191846,0.005563300527840204,0.4295913868813408,-578610.1320785786
2025-09-15 14:00:00,0.42655348382280633,0.005115181980442895,0.42944714462857725,-594612.8895856969
2025-09-15 15:00:00,0.3482794611241315,0.004234932167451167,0.42930293352782817,-610300.831025072
2025-09-15 16:00:00,0.24627076870886988,0.005618267451351244,0.429158753653284,-567015.9615585931
2025-09-15 17:00:00,0.12747913038778705,0.004488581304564732,0.4290146050791196,-601894.6476851706
2025-09-15 18:00:00,6.031894172457514e-17,0.0038996744543884007,0.4288704878794937,-598190.1517371939
2025-09-15 19:00:00,0.0,0.004156083140902439,0.42872640212854884,-619743.0044876725
2025-09-15 20:00:00,0.0,0.0045167723337605605,0.4285823479004114,-598397.0342449571
2025-09-15 21:00:00,0.0,0.004486184384214185,0.4284383252691914,-603321.7654600957
2025-09-15 22:00:00,0.0,0.004078699268006916,0.4282943343089826,-621048.1838968
2025-09-15 23:00:00,0.0,0.005686938164485898,0.42815037509386306,-645417.9997718984
2025-09-16 00:00:00,0.0,0.005641928580514141,0.42800644769789337,-650276.0517658619
2025-09-16 01:00:00,0.0,0.003646938820044625,0.42786255219511876,-697593.9271507835
2025-09-16 02:00:00,0.0,0.005716016395249817,0.4277186886595676,-635329.913248822
2025-09-16 03:00:00,0.0,0.005254429727303294,0.4275748571652519,-678502.2286489954
2025-09-16 04:00:00,0.0,0.0042304127451076945,0.4274310577861672,-609864.0470013887
2025-09-16 05:00:00,0.0,0.0043356040605776,0.4272872905962926,-638937.4395224045
2025-09-16 06:00:00,0.0,0.005161348365330578,0.42714355566959056,-609929.7701538067
2025-09-16 07:00:00,0.12548166289270726,0.005455283666695846,0.42699985308000665,-622891.9537029151
2025-09-16 08:00:00,0.24241195782752914,0.005362712821095398,0.4268561829014706,-579326.9736569914
2025-09-16 09:00:00,0.3428222784411065,0.004191070992871582,0.4267125452078945,-590402.9074450608
2025-09-16 10:00:00,0.41986982731952455,0.005377325591738363,0.42656894007317425,-640751.950730868
2025-09-16 11:00:00,0.4683039413338138,0.0037630143242180104,0.4264253675711891,-557536.3484801652
2025-09-16 12:00:00,0.4848239156550584,0.004596860698998048,0.4262818277758011,-542486.2121198385
2025-09-16 13:00:00,0.4683039413338138,0.0034311752594530045,0.42613832076085595,-551529.769806556
2025-09-16 14:00:00,0.4198698273195246,0.0034034412935596923,0.42599484660018216,-586496.3288418438
2025-09-16 15:00:00,0.3428222784411066,0.003640156967139466,0.42585140536759136,-561994.2348401258
2025-09-16 16:00:00,0.24241195782752914,0.0037402181252645193,0.42570799713687846,-578606.8345269441
2025-09-16 17:00:00,0.1254816628927074,0.003414379199250878,0.42556462198182127,-597201.3547202717
2025-09-16 18:00:00,5.937380564570536e-17,0.004238128151728478,0.42542127997618023,-612814.5846485553
2025-09-16 19:00:00,0.0,0.0052047812993762255,0.4252779711936996,-621330.9656697258
2025-09-16 20:00:00,0.0,0.004725158502123125,0.4251346957081053,-590623.5395065862
2025-09-16 21:00:00,0.0,0.0036236622749315772,0.42499145359310725,-665015.9619069131
2025-09-16 22:00:00,0.0,0.004735544612425745,0.42484824492239764,-640286.4988382352
2025-09-16 23:00:00,0.0,0.00440213025227242,0.4247050697696518,-634261.462871085
2025-09-17 00:00:00,0.0,0.004991150519175412,0.42456192820852723,-664595.46063524
2025-09-17 01:00:00,0.0,0.004089177791646633,0.42441882031266487,-684428.3455526083
2025-09-17 02:00:00,0.0,0.004393301652719027,0.4242757461556878,-709967.6521126886
2025-09-17 03:00:00,0.0,0.00490230274366383,0.424132705811202,-661556.7103723045
2025-09-17 04:00:00,0.0,0.004490402667001442,0.4239896993527962,-679845.0451804245
2025-09-17 05:00:00,0.0,0.004697947442951723,0.42384672685404096,-655405.5369293233
2025-09-17 06:00:00,0.0,0.0038982794763095206,0.42370378838849027,-644536.2701093425
2025-09-17 07:00:00,0.12348152462377285,0.0036389854278422833,0.4235608840296802,-601441.5788493011
2025-09-17 08:00:00,0.2385479874073034,0.004100989189307056,0.42341801385112915,-591238.7684086562
2025-09-17 09:00:00,0.33735779906821484,0.0035019961594162773,0.42327517792633823,-548495.9233206603
2025-09-17 10:00:00,0.41317723423275027,0.004787291756681963,0.42313237632879075,-589485.3843690904
2025-09-17 11:00:00,0.4608393236919877,0.0031200710185201354,0.4229896091319525,-585586.011276143
2025-09-17 12:00:00,0.4770959748146069,0.003361294302017163,0.4228468764092713,-533710.4140364792
2025-09-17 13:00:00,0.4608393236919877,0.00310844291684999,0.4227041782341778,-558696.8849572388
2025-09-17 14:00:00,0.4131772342327503,0.0033867446264705214,0.42256151468008385,-561336.8407151448
2025-09-17 15:00:00,0.3373577990682149,0.003975223991627573,0.4224188858203846,-548474.0517848991
2025-09-17 16:00:00,0.2385479874073034,0.0032252198259317836,0.42227629172845665,-565166.7051482173
2025-09-17 17:00:00,0.12348152462377297,0.0032560626078345285,0.42213373247765906,-617415.3118920269
2025-09-17 18:00:00,5.842740584427946e-17,0.0036413152928289044,0.4219912081413328,-609556.3271617106
2025-09-17 19:00:00,0.0,0.0029251445708559313,0.42184871879280095,-624777.8330536439
2025-09-17 20:00:00,0.0,0.0030363879111156944,0.42170626450536847,-567717.7140655891
2025-09-17 21:00:00,0.0,0.004093259370932688,0.42156384535232266,-629293.2759823924
2025-09-17 22:00:00,0.0,0.0038315122713282663,0.42142146140693204,-620665.3583317721
2025-09-17 23:00:00,0.0,0.00445896261586763,0.4212791127424477,-634392.4748391757
2025-09-18 00:00:00,0.0,0.004450607814640218,0.4211367994321024,-646047.6498393624
2025-09-18 01:00:00,0.0,0.0041991337884185196,0.4209945215491103,-670377.2076970948
2025-09-18 02:00:00,0.0,0.0029896707806206075,0.42085227916666795,-711187.4630740682
2025-09-18 03:00:00,0.0,0.0036037533049701684,0.4207100723579531,-668412.3890495304
2025-09-18 04:00:00,0.0,0.0030774818396469643,0.42056790119612564,-671212.1660332776
2025-09-18 05:00:00,0.0,0.004210731533939518,0.4204257657543269,-631386.1247567349
2025-09-18 06:00:00,0.0,0.0036940043212581094,0.4202836661056798,-630263.779979461
2025-09-18 07:00:00,0.12147930826511918,0.0029848126058317956,0.42014160232328895,-623042.7453394999
2025-09-18 08:00:00,0.23468000242601936,0.0037748916622700906,0.41999957448024045,-619905.6364644832
2025-09-18 09:00:00,0.3318876422486275,0.0032243379841195192,0.4198575826496022,-602969.3659431362
2025-09-18 10:00:00,0.40647768772225296,0.003637266549962669,0.41971562690442277,-555832.2639744086
2025-09-18 11:00:00,0.4533669505137467,0.0027856577664533725,0.41957370731773297,-519664.957608556
2025-09-18 12:00:00,0.4693600048520388,0.003395269270773991,0.4194318239625448,-563137.6343465947
2025-09-18 13:00:00,0.4533669505137467,0.0027107292930340543,0.41928997691185144,-548174.0414521021
2025-09-18 14:00:00,0.40647768772225307,0.0031671861017028556,0.4191481662386275,-562831.1582368833
2025-09-18 15:00:00,0.33188764224862755,0.004038740074555139,0.41900639201582895,-583543.40947236
2025-09-18 16:00:00,0.23468000242601936,0.0032512601585789475,0.4188646543163929,-521502.7465494395
2025-09-18 17:00:00,0.12147930826511932,0.00394618115429018,0.41872295321323777,-564740.6618695479
2025-09-18 18:00:00,5.748002275898356e-17,0.0032620115824802463,0.41858128877926315,-622086.8645805491
2025-09-18 19:00:00,0.0,0.0029923230493265093,0.4184396610873495,-579666.1608857849
2025-09-18 20:00:00,0.0,0.0025963752500361066,0.41829807021035864,-619481.6954910788
2025-09-18 21:00:00,0.0,0.0032497941197945877,0.4181565162211334,-676840.9310252212
2025-09-18 22:00:00,0.0,0.003218238509373251,0.4180149991924977,-678819.574612735
2025-09-18 23:00:00,0.0,0.0025686506465117144,0.41787351919725646,-667378.8175281681
2025-09-19 00:00:00,0.0,0.002857814388851498,0.41773207630819525,-636924.2963033046
2025-09-19 01:00:00,0.0,0.003260195021290264,0.4175906705980808,-687124.5669271322
2025-09-19 02:00:00,0.0,0.00290145684062737,0.4174493021396608,-650298.8176392809
2025-09-19 03:00:00,0.0,0.0030858174451852214,0.4173079710056634,-720519.6135121861
2025-09-19 04:00:00,0.0,0.0026516807071260487,0.41716667726879814,-660846.9812351356
2025-09-19 05:00:00,0.0,0.0028403001701877034,0.41702542100175494,-670896.800689703
2025-09-19 06:00:00,0.0,0.0023112340747151517,0.4168842022772041,-654918.1838419738
2025-09-19 07:00:00,0.11947560711666473,0.0030643067787115754,0.41674302116779727,-623316.768568647
2025-09-19 08:00:00,0.2308091490511049,0.002368335951913099,0.41660187774616647,-612201.9622103336
2025-09-19 09:00:00,0.3264134289078658,0.0024286895168725117,0.4164607720849242,-635297.076548063
2025-09-19 10:00:00,0.39977317300825166,0.002973634250455631,0.41631970425666387,-576910.3161475498
2025-09-19 11:00:00,0.44588903602453056,0.0025162607332100814,0.41617867433395894,-581578.5084900663
2025-09-19 12:00:00,0.4616182981022099,0.0032332894481646654,0.41603768238936395,-571038.5171509783
2025-09-19 13:00:00,0.44588903602453056,0.0023056530231262305,0.4158967284954136,-550342.3924175595
2025-09-19 14:00:00,0.3997731730082517,0.0025267441678922414,0.4157558127246226,-553950.6915279977
2025-09-19 15:00:00,0.32641342890786584,0.002678504228539273,0.4156149351494868,-619788.159329233
2025-09-19 16:00:00,0.2308091490511049,0.0030509042112635363,0.41547409584248185,-557834.4945619421
2025-09-19 17:00:00,0.11947560711666486,0.0029326297022541684,0.4153332948760642,-578952.2818365322
2025-09-19 18:00:00,5.653193711987201e-17,0.0029093053866615023,0.41519253232267006,-605467.5128012616
2025-09-19 19:00:00,0.0,0.002158420827404264,0.41505180825471627,-626757.5574823418
2025-09-19 20:00:00,0.0,0.0022567324275160586,0.4149111227445996,-675226.9179253823
2025-09-19 21:00:00,0.0,0.0025080526588430532,0.4147704758646971,-582917.7511669187
2025-09-19 22:00:00,0.0,0.0032257302183497554,0.4146298676873663,-641466.2609600495
2025-09-19 23:00:00,0.0,0.002839378664878318,0.41448929828494385,-685645.435751598
2025-09-20 00:00:00,0.0,0.0022668221683118544,0.4143487677297475,-630427.511035067
2025-09-20 01:00:00,0.0,0.002509347492236794,0.41420827609407435,-647522.2309445355
2025-09-20 02:00:00,0.0,0.0030311663598658815,0.4140678234502021,-634028.4128109374
2025-09-20 03:00:00,0.0,0.0024512174172672384,0.41392740987038745,-672786.8976281247
2025-09-20 04:00:00,0.0,0.0027154819240084397,0.4137870354268679,-668540.5005428004
2025-09-20 05:00:00,0.0,0.002364588529941891,0.4136467001918603,-648378.6350074568
2025-09-20 06:00:00,0.0,0.0020778157212064355,0.4135064042375617,-619655.9306896264
2025-09-20 07:00:00,0.11747101491830317,0.0028860591249154598,0.41336614763614843,-631425.4780644336
2025-09-20 08:00:00,0.2269365742999549,0.002810662619096787,0.41322593045977724,-595232.8878155163
2025-09-20 09:00:00,0.3209367811734858,0.0019161577324162443,0.4130857527805842,-629134.4665499527
2025-09-20 10:00:00,0.39306567678315146,0.0020278182046452285,0.41294561467068486,-578734.7629271209
2025-09-20 11:00:00,0.43840779609178904,0.0025497672162426888,0.41280551620217465,-579449.41616147
2025-09-20 12:00:00,0.4538731485999099,0.0018752767694484409,0.41266545744712885,-580029.1041032872
2025-09-20 13:00:00,0.43840779609178904,0.0029134167119153416,0.41252543847760187,-547203.1167119205
2025-09-20 14:00:00,0.39306567678315146,0.002043526913502782,0.41238545936562804,-569119.344939711
2025-09-20 15:00:00,0.32093678117348584,0.002591847916107004,0.4122455201832208,-552856.6276552711
2025-09-20 16:00:00,0.2269365742999549,0.002767562862424834,0.4121056210023733,-556630.8764100316
2025-09-20 17:00:00,0.1174710149183033,0.0020933560897225495,0.4119657618950581,-604055.5336000674
2025-09-20 18:00:00,5.558342986518106e-17,0.0020033680897317057,0.41182594293322733,-573785.2366710634
2025-09-20 19:00:00,0.0,0.0021308826082630052,0.41168616418881177,-644301.0824892522
2025-09-20 20:00:00,0.0,0.0022390130310736217,0.41154642573372224,-661292.3961219224
2025-09-20 21:00:00,0.0,0.00264604885690095,0.4114067276398485,-644977.291930336
2025-09-20 22:00:00,0.0,0.0022728133370912627,0.41126706997905965,-666903.6280766925
2025-09-20 23:00:00,0.0,0.002256705621622663,0.41112745282320395,-650788.4844157721
2025-09-21 00:00:00,0.0,0.0017587290776756937,0.4109878762441087,-694417.8179172463
2025-09-21 01:00:00,0.0,0.002081170311976835,0.41084834031358064,-661843.8050489934
2025-09-21 02:00:00,0.0,0.0024914859648805052,0.4107088451034054,-675202.3495028509
2025-09-21 03:00:00,0.0,0.002021411219630736,0.4105693906853477,-618642.2428687469
2025-09-21 04:00:00,0.0,0.001846650066413997,0.4104299771311509,-628369.9490738193
2025-09-21 05:00:00,0.0,0.001799958796431099,0.41029060451253824,-712897.4548050612
2025-09-21 06:00:00,0.0,0.002379270832515129,0.4101512729012108,-637869.3695300692
2025-09-21 07:00:00,0.11546612567396551,0.002107069228642926,0.4100119823688492,-598264.0071152232
2025-09-21 08:00:00,0.22306342570004506,0.0025083760357994377,0.40987273298711313,-589974.891085961
2025-09-21 09:00:00,0.31545932189440695,0.0017375948686987105,0.4097335248276405,-537320.7458374347
2025-09-21 10:00:00,0.38635718662284335,0.001981620110424788,0.4095943579620485,-601301.6520919644
2025-09-21 11:00:00,0.43092544756837253,0.002057322249550792,0.40945523246193294,-587663.707053031
2025-09-21 12:00:00,0.4461268514000902,0.002462085082691039,0.4093161483988681,-574433.5611661498
2025-09-21 13:00:00,0.43092544756837253,0.001861005384554342,0.4091771058444073,-580146.9365965993
2025-09-21 14:00:00,0.3863571866228434,0.0019463049358476106,0.4090381048700825,-544372.7322607213
2025-09-21 15:00:00,0.31545932189440695,0.0019524822825131496,0.40889914554740375,-560570.7366731807
2025-09-21 16:00:00,0.22306342570004506,0.002110534474579206,0.40876022794786027,-586222.7910486335
2025-09-21 17:00:00,0.11546612567396564,0.0022154601526198324,0.40862135214291956,-557909.3158976772
2025-09-21 18:00:00,5.463478205808073e-17,0.0015273478295418684,0.40848251820402764,-589497.8322772022
2025-09-21 19:00:00,0.0,0.0022273649474409437,0.408343726202609,-635200.3753809577
2025-09-21 20:00:00,0.0,0.0014551962697766448,0.4082049762100666,-641193.9911442596
2025-09-21 21:00:00,0.0,0.002246511056414074,0.40806626829778164,-637869.2954042025
2025-09-21 22:00:00,0.0,0.0015568874016276264,0.40792760253711396,-642780.8979294873
2025-09-21 23:00:00,0.0,0.0019335952138259912,0.40778897899940153,-668122.7314341337
2025-09-22 00:00:00,0.0,0.0020397543601219327,0.4076503977559603,-681123.8078181949
2025-09-22 01:00:00,0.0,0.0015901095113100866,0.4075118588780849,-645797.7360967221
2025-09-22 02:00:00,0.0,0.001924202379358879,0.4073733624370482,-659834.7730702007
2025-09-22 03:00:00,0.0,0.0014242665460908156,0.4072349085041008,-676144.5494552493
2025-09-22 04:00:00,0.0,0.0015039907324449972,0.40709649715047186,-644763.9881681984
2025-09-22 05:00:00,0.0,0.0020310212471903255,0.4069581284473684,-650644.1445916711
2025-09-22 06:00:00,0.0,0.0014785847249920287,0.4068198024659756,-649649.7420869116
2025-09-22 07:00:00,0.11346153347560398,0.0015772490090775707,0.40668151927745677,-664170.9521917324
2025-09-22 08:00:00,0.2191908509488951,0.0018782418899806704,0.4065432789529528,-623191.6634245786
2025-09-22 09:00:00,0.30998267416002706,0.001428234910526554,0.40640508156358285,-582402.2262749298
2025-09-22 10:00:00,0.37964969039774316,0.0013792920686676023,0.40626692718044416,-619896.2692094125
2025-09-22 11:00:00,0.423444207635631,0.0019038789841090552,0.4061288158746113,-567332.1308903678
2025-09-22 12:00:00,0.43838170189779024,0.0018724183885071482,0.4059907477171371,-548356.0415212469
2025-09-22 13:00:00,0.423444207635631,0.0016345133470429618,0.40585272277905216,-540511.4865341985
2025-09-22 14:00:00,0.3796496903977432,0.0017650703294415971,0.40571474113136463,-578528.1994361177
2025-09-22 15:00:00,0.3099826741600271,0.0019227492600292354,0.4055768028450607,-570005.0984961643
2025-09-22 16:00:00,0.2191908509488951,0.0013527728431527639,0.405438907991104,-566718.5190715885
2025-09-22 17:00:00,0.1134615334756041,0.0014563168157527618,0.405301056640436,-543122.1909368949
2025-09-22 18:00:00,5.36862748033898e-17,0.001586663985583765,0.4051632488639755,-591409.9148915993
2025-09-22 19:00:00,0.0,0.0016770699566245246,0.4050254847326193,-635604.3599526819
2025-09-22 20:00:00,0.0,0.0014322746630372604,0.40488776431724127,-640606.0918730531
2025-09-22 21:00:00,0.0,0.0012158584303093329,0.40475008768869314,-660938.3963668878
2025-09-22 22:00:00,0.0,0.0015109893213461954,0.4046124549178041,-651918.0439697239
2025-09-22 23:00:00,0.0,0.001179159768495022,0.40447486607538063,-631731.7163753395
2025-09-23 00:00:00,0.0,0.0015629723080209806,0.40433732123220656,-693407.622344754
2025-09-23 01:00:00,0.0,0.0016069509146161157,0.40419982045904335,-707437.9400249443
2025-09-23 02:00:00,0.0,0.0013090345312228493,0.4040623638266295,-681364.2203461754
2025-09-23 03:00:00,0.0,0.0015669971938918907,0.40392495140568124,-669457.9181084632
2025-09-23 04:00:00,0.0,0.001606187501060338,0.4037875832668913,-640984.8109012172
2025-09-23 05:00:00,0.0,0.0012252741022397097,0.40365025948093036,-637981.2409564246
2025-09-23 06:00:00,0.0,0.001587615283157171,0.4035129801184458,-685952.1262795224
2025-09-23 07:00:00,0.11145783232714952,0.0015640760683362975,0.4033757452500625,-614783.7827311407
2025-09-23 08:00:00,0.21531999757398065,0.001049431212971837,0.4032385549463823,-553850.7489237591
2025-09-23 09:00:00,0.3045084608192654,0.0010700809417540673,0.403101409277984,-590558.832877794
2025-09-23 10:00:00,0.3729451756837419,0.0013768552575224562,0.4029643083154238,-635446.2017843005
2025-09-23 11:00:00,0.415966293146415,0.001366655771495172,0.4028272521292342,-607630.8317466861
2025-09-23 12:00:00,0.43063999514796136,0.0013103656886408787,0.4026902407899255,-580602.321254247
2025-09-23 13:00:00,0.415966293146415,0.001576575315209974,0.4025532743679843,-579317.8649476643
2025-09-23 14:00:00,0.37294517568374197,0.0013704258725359064,0.4024163529338746,-590286.2444622999
2025-09-23 15:00:00,0.30450846081926547,0.0012738057082977336,0.40227947655803664,-599877.8959333772
2025-09-23 16:00:00,0.21531999757398065,0.0015158689706388942,0.40214264531088795,-626087.1000657394
2025-09-23 17:00:00,0.11145783232714965,0.0014798625674635616,0.40200585926282284,-599349.0560534587
2025-09-23 18:00:00,5.2738189164278255e-17,0.0014163516855713496,0.40186911848421203,-634706.8302590458
2025-09-23 19:00:00,0.0,0.0012306497945586514,0.40173242304540335,-590757.6676036036
2025-09-23 20:00:00,0.0,0.0011795157544089898,0.4015957730167211,-624374.0405769078
2025-09-23 21:00:00,0.0,0.0013176131225655877,0.4014591684684662,-590821.5481076835
2025-09-23 22:00:00,0.0,0.0012700230265200614,0.40132260947091614,-644046.927719259
2025-09-23 23:00:00,0.0,0.0009832349624957367,0.40118609609432526,-655939.3369423669
2025-09-24 00:00:00,0.0,0.0014035970823402246,0.4010496284089239,-683158.3283558215
2025-09-24 01:00:00,0.0,0.0013291116543171322,0.4009132064849194,-650198.4541735295
2025-09-24 02:00:00,0.0,0.001378296087286351,0.40077683039249534,-664826.7479636844
2025-09-24 03:00:00,0.0,0.0010561194332115579,0.4006405002018117,-656943.5394341714
2025-09-24 04:00:00,0.0,0.00134002873522704,0.40050421598300495,-700106.1872526705
2025-09-24 05:00:00,0.0,0.0008810233650365295,0.4003679778061878,-657114.7291816621
2025-09-24 06:00:00,0.0,0.0011432672689155301,0.40023178574144946,-596571.5000841985
2025-09-24 07:00:00,0.10945561596849587,0.0012485331683453442,0.40009563985885516,-618888.9103960871
2025-09-24 08:00:00,0.2114520125926966,0.0012847145447242559,0.39995954022844665,-589135.457933836
2025-09-24 09:00:00,0.29903830399967807,0.0009552186999868561,0.39982348692024133,-582791.2176020055
2025-09-24 10:00:00,0.3662456291732446,0.000803214274330495,0.39968748000423354,-590104.8808071489
2025-09-24 11:00:00,0.40849391996817397,0.0007930625627150317,0.39955151955039325,-602193.7513531926
2025-09-24 12:00:00,0.4229040251853933,0.0011938858919356005,0.39941560562866674,-559364.8430481141
2025-09-24 13:00:00,0.40849391996817397,0.001061918869743568,0.39927973830897634,-537496.5438210509
2025-09-24 14:00:00,0.3662456291732446,0.0008380731669482433,0.39914391766122,-583094.8413472852
2025-09-24 15:00:00,0.29903830399967807,0.0008788919152965766,0.39900814375527216,-557450.2435368489
2025-09-24 16:00:00,0.2114520125926966,0.0007464196333251985,0.3988724166609831,-623168.0663056471
2025-09-24 17:00:00,0.10945561596849598,0.0009706173137004067,0.39873673644817903,-558021.3710902254
2025-09-24 18:00:00,5.1790806078982354e-17,0.0010890565918066377,0.3986011031866618,-617867.9521286293
2025-09-24 19:00:00,0.0,0.0007808810378705725,0.3984655169462097,-634378.1300847889
2025-09-24 20:00:00,0.0,0.000865971476146231,0.39832997779657575,-610969.6485201282
2025-09-24 21:00:00,0.0,0.0010105618955161633,0.39819448580748973,-635098.7920520563
2025-09-24 22:00:00,0.0,0.0007905669630232688,0.39805904104865686,-663033.4316355863
2025-09-24 23:00:00,0.0,0.0010672756229643799,0.397923643589758,-664417.5393131594
2025-09-25 00:00:00,0.0,0.0008772146568608357,0.3977882935004498,-650344.9023599968
2025-09-25 01:00:00,0.0,0.0009864467114105901,0.3976529908503643,-662363.1947749311
2025-09-25 02:00:00,0.0,0.000747020388540396,0.3975177357091094,-685221.7668658835
2025-09-25 03:00:00,0.0,0.0009550155988264568,0.39738252814626834,-679898.9393138648
2025-09-25 04:00:00,0.0,0.0007672711438822553,0.3972473682314003,-636189.5317736648
2025-09-25 05:00:00,0.0,0.0010017317593176466,0.3971122560340391,-602424.8114891396
2025-09-25 06:00:00,0.0,0.000902435767595383,0.3969771916236948,-626271.5476079031
2025-09-25 07:00:00,0.10745547769956143,0.0008524945847390378,0.39684217506985275,-630444.1093479573
2025-09-25 08:00:00,0.20758804217247087,0.0008574253392565379,0.3967072064419733,-580657.370174256
2025-09-25 09:00:00,0.29357382462678633,0.0008206697443943205,0.39657228580949266,-587504.4295302756
2025-09-25 10:00:00,0.3595530360864703,0.0008134831452245193,0.39643741324182197,-542394.5741821642
2025-09-25 11:00:00,0.4010293023263478,0.0006158985681328391,0.3963025888083476,-561037.5837386037
2025-09-25 12:00:00,0.41517608434494174,0.0007769916147822575,0.3961678125784316,-581181.5639234734
2025-09-25 13:00:00,0.4010293023263478,0.0006751375555326816,0.39603308462141085,-562406.2347464504
2025-09-25 14:00:00,0.3595530360864704,0.0005739503700558621,0.39589840500659723,-587379.8237243871
2025-09-25 15:00:00,0.2935738246267864,0.0006701103795592214,0.39576377380327815,-565270.3117217384
2025-09-25 16:00:00,0.20758804217247087,0.0007512328919925988,0.3956291910807162,-568246.3910818488
2025-09-25 17:00:00,0.10745547769956156,0.0006583259665577577,0.3954946569081484,-602984.4210043876
2025-09-25 18:00:00,5.084440627755645e-17,0.0008524953783851675,0.3953601713547873,-623830.1407692179
2025-09-25 19:00:00,0.0,0.0005639911448830701,0.3952257344898204,-591492.8619405477
2025-09-25 20:00:00,0.0,0.0005656775200412138,0.39509134638241006,-605712.2655386872
2025-09-25 21:00:00,0.0,0.0007834588266386659,0.3949570071016936,-581262.5891683748
2025-09-25 22:00:00,0.0,0.0006224544765765875,0.39482271671678315,-638069.9341375756
2025-09-25 23:00:00,0.0,0.0005285318626806322,0.3946884752967657,-660761.9995850575
2025-09-26 00:00:00,0.0,0.0006079828361115893,0.39455428291070327,-656701.1886161135
2025-09-26 01:00:00,0.0,0.0005311403285973567,0.3944201396276321,-701922.0032183146
2025-09-26 02:00:00,0.0,0.0006654935154576622,0.39428604551656377,-628956.1303574493
2025-09-26 03:00:00,0.0,0.0007299217764108135,0.39415200064648415,-632000.5956305198
2025-09-26 04:00:00,0.0,0.0006537912084863725,0.39401800508635415,-612272.2776157538
2025-09-26 05:00:00,0.0,0.0006508340810616155,0.393884058905109,-656234.5041830919
2025-09-26 06:00:00,0.0,0.0005982877659440507,0.3937501621716586,-613335.7349991875
2025-09-26 07:00:00,0.1054580102044818,0.00045130806872336867,0.3936163149548875,-585250.9378074043
2025-09-26 08:00:00,0.20372923129113013,0.00043662946508573946,0.3934825173236548,-567476.3962491831
2025-09-26 09:00:00,0.28811664194376135,0.0005880875282630887,0.3933487693467941,-605379.4727932094
2025-09-26 10:00:00,0.35286937958318854,0.0005769658115588766,0.39321507109311293,-604417.950578692
2025-09-26 11:00:00,0.3935746521482432,0.0004970145761605114,0.393081422631394,-599065.5788784219
2025-09-26 12:00:00,0.4074584625822603,0.0005329088131221336,0.392947824030394,-576300.3210674777
2025-09-26 13:00:00,0.3935746521482432,0.00042963539108059693,0.3928142753588441,-588663.7607513389
2025-09-26 14:00:00,0.3528693795831886,0.0004902365631508082,0.3926807766854497,-633381.5149219341
2025-09-26 15:00:00,0.2881166419437614,0.0005978211656043672,0.39254732807889053,-619381.313561964
2025-09-26 16:00:00,0.20372923129113013,0.00039561633016828155,0.3924139296078205,-570421.6097680163
2025-09-26 17:00:00,0.10545801020448191,0.0005343370976622132,0.392280581340868,-597443.221844749
2025-09-26 18:00:00,4.989927019868667e-17,0.0005795502729861796,0.39214728334663496,-583227.422039229
2025-09-26 19:00:00,0.0,0.0004103497034781338,0.3920140356936983,-611074.8398002892
2025-09-26 20:00:00,0.0,0.0004719676161269381,0.3918808384506081,-612616.5263884009
2025-09-26 21:00:00,0.0,0.000560337818449582,0.3917476916858893,-631689.7215211579
2025-09-26 22:00:00,0.0,0.00036235925719876937,0.3916145954680404,-680408.9545886796
2025-09-26 23:00:00,0.0,0.0003765108426567806,0.3914815498655343,-612816.341795554
2025-09-27 00:00:00,0.0,0.00047400209784738217,0.3913485549468174,-675128.9478604733
2025-09-27 01:00:00,0.0,0.000419144657866786,0.3912156107803104,-641072.9172382647
2025-09-27 02:00:00,0.0,0.0003805103094364197,0.3910827174344077,-660176.8536967188
2025-09-27 03:00:00,0.0,0.00037693757615597594,0.3909498749774776,-657520.8582991124
2025-09-27 04:00:00,0.0,0.00033800252982125605,0.3908170834778622,-665140.6832127725
2025-09-27 05:00:00,0.0,0.0003097502081170632,0.39068434300387733,-675570.9368160579
2025-09-27 06:00:00,0.0,0.00041802624535881947,0.39055165362381267,-659927.1569046216
2025-09-27 07:00:00,0.10346380537598471,0.0003598412520859356,0.3904190154059316,-615268.0179276404
2025-09-27 08:00:00,0.19987672339761875,0.00040050893015684754,0.3902864284184712,-594208.3543213744
2025-09-27 09:00:00,0.28266837303160813,0.0003162161271132459,0.3901538927296422,-586614.5935113379
2025-09-27 10:00:00,0.3461966401750667,0.000406788860903576,0.3900214084076287,-559771.1152234888
2025-09-27 11:00:00,0.3861321784075929,0.00030036228722939325,0.3898889755205887,-557194.0218993896
2025-09-27 12:00:00,0.3997534467952375,0.00042132398479713916,0.3897565941366536,-547363.6406341637
2025-09-27 13:00:00,0.3861321784075929,0.0003187510356744386,0.38962426432392844,-545703.8626666695
2025-09-27 14:00:00,0.34619664017506674,0.0003349978637653995,0.38949198615049135,-570049.4427429392
2025-09-27 15:00:00,0.2826683730316082,0.00026408561534065625,0.3893597596843942,-582651.6439131327
2025-09-27 16:00:00,0.19987672339761875,0.00038572438139891033,0.3892275849936623,-568770.0341630114
2025-09-27 17:00:00,0.10346380537598482,0.00032611813719128917,0.38909546214629415,-580117.6989373624
2025-09-27 18:00:00,4.895567790659094e-17,0.00035803833002014877,0.38896339121026163,-611424.4152612756
2025-09-27 19:00:00,0.0,0.00025569083420376074,0.38883137225351,-623276.9620591085
2025-09-27 20:00:00,0.0,0.0002606524937134599,0.3886994053439578,-672279.5602049491
2025-09-27 21:00:00,0.0,0.00023405593336480176,0.3885674905494967,-659186.6426450615
2025-09-27 22:00:00,0.0,0.00023269473916643735,0.38843562793799125,-612190.3607343172
2025-09-27 23:00:00,0.0,0.00028503848405469107,0.38830381757727983,-676505.0788140609
2025-09-28 00:00:00,0.0,0.00027341818872079186,0.38817205953517353,-713128.7106146564
2025-09-28 01:00:00,0.0,0.00022245482059241747,0.38804035387945635,-682070.8835871521
2025-09-28 02:00:00,0.0,0.000239112618436858,0.38790870067788574,-643047.066732754
2025-09-28 03:00:00,0.0,0.00030643590686275544,0.387777099998192,-657735.409536167
2025-09-28 04:00:00,0.0,0.00020759145683025215,0.3876455519080783,-703612.9056963024
2025-09-28 05:00:00,0.0,0.0002501800277300942,0.3875140564752209,-659392.658918186
2025-09-28 06:00:00,0.0,0.00020006239798544168,0.38738261376726896,-634102.031947003
2025-09-28 07:00:00,0.10147345413999927,0.00021748046124096012,0.3872512238518445,-592638.4186415633
2025-09-28 08:00:00,0.19603166007316933,0.00018986218384969302,0.38711988679654225,-609875.6440890259
2025-09-28 09:00:00,0.2772306323299884,0.00021218336561507187,0.3869886026689301,-586431.6093628518
2025-09-28 10:00:00,0.3395367951388006,0.0002582849453957423,0.3868573715365481,-597636.2579891144
2025-09-28 11:00:00,0.3787040864699877,0.00023980472462179544,0.3867261934669097,-558829.0928230764
2025-09-28 12:00:00,0.3920633201463387,0.00020132008971776322,0.38659506852750053,-543657.5504455349
2025-09-28 13:00:00,0.3787040864699877,0.00022921690058251058,0.38646399678577925,-594817.0853875703
2025-09-28 14:00:00,0.3395367951388006,0.00020196003813520362,0.386332978309177,-613700.533499922
2025-09-28 15:00:00,0.27723063232998846,0.00016299787672447986,0.38620201316509756,-595909.1290121038
2025-09-28 16:00:00,0.19603166007316933,0.00019755527539127475,0.3860711014209171,-606978.1302000836
2025-09-28 17:00:00,0.10147345413999938,0.00015343376701589027,0.3859402431439846,-614830.1190710886
2025-09-28 18:00:00,4.8013909008029766e-17,0.00015672527910910099,0.38580943840162146,-605961.7254772366
2025-09-28 19:00:00,0.0,0.00016801791950328448,0.38567868726112126,-631485.0439018288
2025-09-28 20:00:00,0.0,0.00015644086320450992,0.38554798978975025,-651796.3387968197
2025-09-28 21:00:00,0.0,0.00017636059198429692,0.3854173460547471,-605744.0772023608
2025-09-28 22:00:00,0.0,0.0001261224220693167,0.38528675612332286,-626061.1039456711
2025-09-28 23:00:00,0.0,0.00013478593631876157,0.38515622006266065,-661892.3572002354
2025-09-29 00:00:00,0.0,0.00012694033446569725,0.3850257379399162,-668113.335122678
2025-09-29 01:00:00,0.0,0.00017045569828645705,0.3848953098222171,-686264.6910679314
2025-09-29 02:00:00,0.0,0.00011862673227701824,0.38476493577666354,-656995.9997991122
2025-09-29 03:00:00,0.0,0.0001037877623535866,0.38463461587032766,-653657.9861741589
2025-09-29 04:00:00,0.0,0.00014117232983026803,0.3845043501702539,-641822.1570783608
2025-09-29 05:00:00,0.0,0.00010450358255525818,0.3843741387434589,-654636.613004285
2025-09-29 06:00:00,0.0,0.0001413039171732582,0.38424398165693074,-649617.0506577591
2025-09-29 07:00:00,0.09948754628055201,0.0001028945655259269,0.38411387897763033,-576414.7538414636
2025-09-29 08:00:00,0.19219518069302824,0.00013536861663634902,0.3839838307724903,-628097.5778873295
2025-09-29 09:00:00,0.27180503115882815,9.663869292447193e-05,0.3838538371084152,-617969.4868841544
2025-09-29 10:00:00,0.33289181793020584,8.509187025343403e-05,0.38372389805228146,-603833.2258435045
2025-09-29 11:00:00,0.3712925774393802,9.802278457165576e-05,0.38359401367093754,-634100.0039300196
2025-09-29 12:00:00,0.38439036138605653,0.0001151569859929017,0.3834641840312038,-570043.8685702706
2025-09-29 13:00:00,0.3712925774393802,8.42837572833931e-05,0.38333440919987244,-567248.1604969467
2025-09-29 14:00:00,0.3328918179302059,8.387064371374471e-05,0.38320468924370743,-582059.0405763849
2025-09-29 15:00:00,0.2718050311588282,8.869184183981876e-05,0.3830750242294442,-597460.6011861508
2025-09-29 16:00:00,0.19219518069302824,9.865003239885569e-05,0.38294541422379036,-550071.879672467
2025-09-29 17:00:00,0.09948754628055212,7.086931756061667e-05,0.3828158592934251,-618697.1842240503
2025-09-29 18:00:00,4.707424256945285e-17,8.918364101700993e-05,0.3826863595049992,-628588.6046572077
2025-09-29 19:00:00,0.0,6.818031121305816e-05,0.38255691492513516,-659741.8186269825
2025-09-29 20:00:00,0.0,7.16494840953098e-05,0.38242752562042687,-640595.7040381392
2025-09-29 21:00:00,0.0,7.715261279434125e-05,0.38229819165744006,-625754.2274698345
2025-09-29 22:00:00,0.0,6.4041957505092e-05,0.38216891310271184,-625496.6619902634
2025-09-29 23:00:00,0.0,5.1018849396859616e-05,0.38203969002275107,-621144.7304451669
2025-09-30 00:00:00,0.0,4.947284685955575e-05,0.38191052248403734,-643628.2320929781
2025-09-30 01:00:00,0.0,5.876096466788469e-05,0.3817814105530225,-663402.760940391
2025-09-30 02:00:00,0.0,5.4356915318763756e-05,0.38165235429612954,-704176.2466029926
2025-09-30 03:00:00,0.0,5.973184105436128e-05,0.3815233537797524,-671417.9596172756
2025-09-30 04:00:00,0.0,3.8144620599762524e-05,0.38139440907025685,-609859.699707357
2025-09-30 05:00:00,0.0,5.611741513516754e-05,0.38126552023397975,-651519.6675465293
2025-09-30 06:00:00,0.0,4.28269189418563e-05,0.3811366873372293,-632242.4947801463
2025-09-30 07:00:00,0.09750667026500108,3.563443757645231e-05,0.3810079104462847,-633928.7696348953
2025-09-30 08:00:00,0.18836842208883378,3.10134674652308e-05,0.3808791896273966,-622119.19920816
2025-09-30 09:00:00,0.26639317724084843,3.094117119171794e-05,0.3807505249467869,-641776.387569841
2025-09-30 10:00:00,0.32626367759943975,3.969755188662466e-05,0.3806219164706481,-614053.2659290284
2025-09-30 11:00:00,0.3638998475058496,3.151727308938671e-05,0.38049336426514413,-629585.2170326088
2025-09-30 12:00:00,0.3767368441776676,3.337935554882968e-05,0.38036486839641004,-589477.1891145604
2025-09-30 13:00:00,0.3638998475058496,2.6394009059084397e-05,0.3802364289305518,-590727.5546471068
2025-09-30 14:00:00,0.3262636775994398,3.0257375946200377e-05,0.3801080459336463,-599458.6436591275
2025-09-30 15:00:00,0.2663931772408485,2.7057724700432973e-05,0.3799797194717415,-576682.0077885272
2025-09-30 16:00:00,0.18836842208883378,2.6364691669689558e-05,0.3798514496108562,-584706.2317334325
2025-09-30 17:00:00,0.09750667026500118,1.7149103126262624e-05,0.3797232364169801,-608642.7915177468
2025-09-30 18:00:00,4.613695703430558e-17,1.9911795670612306e-05,0.3795950799560738,-597672.1228669749
2025-09-30 19:00:00,0.0,1.7320152528973298e-05,0.3794669802940685,-630484.8644466928
2025-09-30 20:00:00,0.0,1.4586456432574405e-05,0.3793389374968665,-653410.3306590085
2025-09-30 21:00:00,0.0,1.7106380786188434e-05,0.3792109516303405,-650823.4380979515
2025-09-30 22:00:00,0.0,1.5476967276687982e-05,0.37908302276033423,-662580.3675444678
2025-09-30 23:00:00,0.0,1.037748703377128e-05,0.3789551509526619,-673181.9700730112
2025-10-01 00:00:00,0.0,1.258904149385609e-05,0.3788273362731085,-664612.9356430222
2025-10-01 01:00:00,0.0,1.0684276551951078e-05,0.3786995787874295,-693125.4159745579
2025-10-01 02:00:00,0.0,8.604949374688143e-06,0.37857187856135094,-644655.656612952
2025-10-01 03:00:00,0.0,8.767922879658928e-06,0.3784442356605698,-617875.8411858467
2025-10-01 04:00:00,0.0,6.2534019279819204e-06,0.3783166501507527,-657331.9030274091
2025-10-01 05:00:00,0.0,4.582781350252529e-06,0.3781891220975377,-696537.4082219756
2025-10-01 06:00:00,0.0,5.436253640512043e-06,0.3780616515665326,-643844.7007703177
2025-10-01 07:00:00,0.09553141306966065,3.5767669523759172e-06,0.37793423862331593,-615787.638318443
2025-10-01 08:00:00,0.1845525182117485,3.840639567944956e-06,0.3778068833334365,-628303.7912775334
2025-10-01 09:00:00,0.2609966742251624,3.1989188800332307e-06,0.3776795857624136,-591512.2378705341
2025-10-01 10:00:00,0.3196543382075289,2.630914747153118e-06,0.3775523459757367,-584787.8519315677
2025-10-01 11:00:00,0.35652808729482305,1.3230454131129107e-06,0.3774251640388656,-616554.3580615319
2025-10-01 12:00:00,0.36910503642349707,1.27046596561355e-06,0.3772980400172302,-570324.7803934986
2025-10-01 13:00:00,0.35652808729482305,8.316704256143147e-07,0.37717097397623073,-527326.487120894
2025-10-01 14:00:00,0.319654338207529,4.3506762827177996e-07,0.37704396598123785,-587615.5557707492
2025-10-01 15:00:00,0.26099667422516243,2.8709136995611216e-07,0.3769170160975916,-604469.7871087969
2025-10-01 16:00:00,0.1845525182117485,1.3452924174279136e-07,0.3767901243906029,-618260.0024560797
2025-10-01 17:00:00,0.09553141306966074,2.653946053174732e-08,0.37666329092555234,-601075.1202871203
2025-10-01 18:00:00,4.5202330140520286e-17,0.0,0.37653651576769065,-585063.8089251238
2025-10-01 19:00:00,0.0,3.034857160728065e-08,0.37640979898223864,-634630.7963542286
2025-10-01 20:00:00,0.0,1.2305068400398518e-07,0.3762831406343869,-648275.5440506977
2025-10-01 21:00:00,0.0,3.2903329849426705e-07,0.37615654078929617,-629780.6896741837
2025-10-01 22:00:00,0.0,4.973259592473717e-07,0.3760299995120969,-618799.7368183797
2025-10-01 23:00:00,0.0,1.0076818624789137e-06,0.3759035168678898,-693628.6850146375
2025-10-02 00:00:00,0.0,9.430831182681514e-07,0.37577709292174466,-703692.5034569841
2025-10-02 01:00:00,0.0,1.5956238301525263e-06,0.37565072773870173,-634364.0891661061
2025-10-02 02:00:00,0.0,2.0951185228772044e-06,0.37552442138377085,-711066.0909913356
2025-10-02 03:00:00,0.0,2.955974206154647e-06,0.3753981739219315,-623672.013384519
2025-10-02 04:00:00,0.0,2.9348034801733895e-06,0.375271985418133,-618116.7319610044
2025-10-02 05:00:00,0.0,4.9076013473097855e-06,0.37514585593729427,-688401.3482108077
2025-10-02 06:00:00,0.0,5.925768071970857e-06,0.3750197855443038,-669016.2588155024
2025-10-02 07:00:00,0.09356236000586733,6.000308844228407e-06,0.3748937743040199,-609587.755446622
2025-10-02 08:00:00,0.18074859979644534,7.628387269656704e-06,0.3747678222812703,-581372.5846735134
2025-10-02 09:00:00,0.25561712121207986,7.527035285959951e-06,0.37464192954085196,-604431.4516830352
2025-10-02 10:00:00,0.313065758244377,7.577104327260229e-06,0.37451609614753206,-661043.4781414358
2025-10-02 11:00:00,0.34917948121794723,1.1289025019968837e-05,0.3743903221660464,-580043.5470976561
2025-10-02 12:00:00,0.36149719959289073,8.768861249126627e-06,0.37426460766110087,-566642.4793558844
2025-10-02 13:00:00,0.34917948121794723,1.28795985633609e-05,0.3741389526973706,-554889.958024629
2025-10-02 14:00:00,0.313065758244377,1.5874780630371848e-05,0.3740133573394998,-580233.6771868801
2025-10-02 15:00:00,0.25561712121207986,1.770112557751352e-05,0.3738878216521025,-591473.3196011494
2025-10-02 16:00:00,0.18074859979644534,1.4664307544134164e-05,0.3737623456997617,-589707.1257579416
2025-10-02 17:00:00,0.09356236000586743,2.1370441351366895e-05,0.3736369295470297,-564834.9874607872
2025-10-02 18:00:00,4.4270638838216545e-17,1.6430752308321596e-05,0.37351157325842804,-611859.8127343806
2025-10-02 19:00:00,0.0,1.6986328493657832e-05,0.37338627689844767,-619411.4586240503
2025-10-02 20:00:00,0.0,2.0647924207826515e-05,0.3732610405315484,-651185.8892198179
2025-10-02 21:00:00,0.0,1.953132676761394e-05,0.37313586422215916,-669731.1781484531
2025-10-02 22:00:00,0.0,2.805821808513849e-05,0.37301074803467843,-665590.7501483929
2025-10-02 23:00:00,0.0,2.5201574357392208e-05,0.3728856920334733,-663640.0270169398
2025-10-03 00:00:00,0.0,3.176852256952499e-05,0.37276069628288017,-691078.3735980868
2025-10-03 01:00:00,0.0,3.693143862627026e-05,0.37263576084720423,-694507.1601606528
2025-10-03 02:00:00,0.0,3.55523003792811e-05,0.3725108857907198,-704886.8742100574
2025-10-03 03:00:00,0.0,3.980407870979397e-05,0.37238607117767014,-675952.3044133194
2025-10-03 04:00:00,0.0,3.773410462579541e-05,0.3722613170722674,-636719.3324683218
2025-10-03 05:00:00,0.0,4.4209271961630336e-05,0.37213662353869237,-627212.1838233126
2025-10-03 06:00:00,0.0,4.952906187820946e-05,0.37201199064109486,-585012.3998934326
2025-10-03 07:00:00,0.0916000945465395,4.4931561979372327e-05,0.3718874184435937,-610008.0218768899
2025-10-03 08:00:00,0.1769577940260459,5.9307120612889406e-05,0.3717629070102762,-589419.3802570069
2025-10-03 09:00:00,0.2502561122792588,4.699325874849253e-05,0.37163845640519844,-644789.5067677773
2025-10-03 10:00:00,0.3064998900484199,5.775233243997412e-05,0.3715140666923853,-588744.0404725742
2025-10-03 11:00:00,0.34185620682579837,5.6070158043389136e-05,0.37138973793583047,-582702.9568736167
2025-10-03 12:00:00,0.35391558805209183,4.6980555586432343e-05,0.37126547019949574,-577929.9591385849
2025-10-03 13:00:00,0.34185620682579837,6.9203166971555e-05,0.3711412635473122,-604722.646172286
2025-10-03 14:00:00,0.30649989004841993,5.588393339855067e-05,0.3710171180431791,-583035.6511886939
2025-10-03 15:00:00,0.2502561122792588,6.44709562970824e-05,0.37089303375096416,-649712.1462730293
2025-10-03 16:00:00,0.1769577940260459,8.392543870072819e-05,0.37076901073450386,-588325.7693758927
2025-10-03 17:00:00,0.09160009454653961,6.221921495876775e-05,0.37064504905760315,-606536.3568606983
2025-10-03 18:00:00,4.334215920763475e-17,9.107289177870805e-05,0.3705211487840353,-621639.4895705628
2025-10-03 19:00:00,0.0,8.759090203962354e-05,0.3703973099775419,-622094.5163298254
2025-10-03 20:00:00,0.0,6.932719102011593e-05,0.3702735327018332,-635453.4032123692
2025-10-03 21:00:00,0.0,9.379747281562141e-05,0.3701498170205877,-642202.7274226729
2025-10-03 22:00:00,0.0,8.18284122235885e-05,0.37002616299745195,-639389.9091885003
2025-10-03 23:00:00,0.0,0.00011522761372714666,0.36990257069604127,-651959.3918659781
2025-10-04 00:00:00,0.0,9.229573218299339e-05,0.3697790401799386,-665120.7177494948
2025-10-04 01:00:00,0.0,0.00010222351286147426,0.36965557151269557,-663867.757242692
2025-10-04 02:00:00,0.0,0.00011396569951393553,0.3695321647578319,-650295.8671362669
2025-10-04 03:00:00,0.0,0.00012848766570299782,0.36940881997883546,-683789.1117443064
2025-10-04 04:00:00,0.0,9.164683311633012e-05,0.369285537239162,-683214.7720290385
2025-10-04 05:00:00,0.0,0.00013137047346513609,0.3691623166022357,-636914.2209122299
2025-10-04 06:00:00,0.0,9.891616153613364e-05,0.36903915813144866,-653610.0972570397
2025-10-04 07:00:00,0.08964519815328198,0.00010611532024865002,0.3689160618901609,-662725.7553391481
2025-10-04 08:00:00,0.17318122419811227,0.00011203816992396798,0.3687930279417005,-601679.7925858614
2025-10-04 09:00:00,0.24491523600934603,0.00012196940026786114,0.3686700563493635,-579986.9632302377
2025-10-04 10:00:00,0.29995867922810715,0.0001299610302065675,0.36854714717641374,-570743.5400182237
2025-10-04 11:00:00,0.33456043416262804,0.00015524583894916769,0.3684243004860832,-556806.8699694766
2025-10-04 12:00:00,0.3463624483962246,0.0001783416217258164,0.36830151634157154,-568867.6590494036
2025-10-04 13:00:00,0.33456043416262804,0.00017807387851203948,0.3681787948060465,-601326.3471311518
2025-10-04 14:00:00,0.2999586792281072,0.00018143547667182923,0.36805613594264286,-585200.739312151
2025-10-04 15:00:00,0.2449152360093461,0.00017225610836360815,0.36793353981446403,-577568.4981455966
2025-10-04 16:00:00,0.17318122419811227,0.00013841202091127678,0.36781100648458076,-588715.9396601889
2025-10-04 17:00:00,0.08964519815328206,0.00016204529735207914,0.36768853601603146,-597925.1757455523
2025-10-04 18:00:00,4.241716637732768e-17,0.0001714647228446885,0.36756612847182235,-608049.8370628726
2025-10-04 19:00:00,0.0,0.00017310039036841232,0.3674437839149273,-630872.3838008977
2025-10-04 20:00:00,0.0,0.00019117025722764758,0.3673215024082875,-634008.5428489443
2025-10-04 21:00:00,0.0,0.0002040570973746435,0.3671992840148119,-649349.7673046768
2025-10-04 22:00:00,0.0,0.00020693629931141334,0.3670771287973769,-650701.1667643886
2025-10-04 23:00:00,0.0,0.00023937017840457153,0.3669550368188266,-666267.9650593767
2025-10-05 00:00:00,0.0,0.00021500207211448338,0.3668330081419724,-651995.5899818357
2025-10-05 01:00:00,0.0,0.00019749062880475198,0.3667110428295931,-665786.9823771043
2025-10-05 02:00:00,0.0,0.00018757559803340214,0.366589140944435,-654905.1511868871
2025-10-05 03:00:00,0.0,0.0002564305683260905,0.36646730254921167,-672577.4300917155
2025-10-05 04:00:00,0.0,0.0002748846760379231,0.3663455277066043,-659974.1591163939
2025-10-05 05:00:00,0.0,0.00020293329127856483,0.36622381647926083,-640417.1881182129
2025-10-05 06:00:00,0.0,0.00019309908192263834,0.36610216892979697,-665904.8187564231
2025-10-05 07:00:00,0.08769825010408609,0.00022220026811876483,0.3659805851207955,-643188.2833639419
2025-10-05 08:00:00,0.16942000939178944,0.00021166634402771815,0.3658590651148063,-657921.7461950114
2025-10-05 09:00:00,0.23959607501924576,0.0002930462167584362,0.3657376089743467,-592273.1317140763
2025-10-05 10:00:00,0.2934440640853757,0.0002488506906750556,0.365616216761901,-577452.330570373
2025-10-05 11:00:00,0.3272943251233319,0.0003140703816779133,0.36549488853992046,-567576.7399399434
2025-10-05 12:00:00,0.33884001878357894,0.0002573092302899078,0.3653736243708237,-623333.3259912252
2025-10-05 13:00:00,0.3272943251233319,0.00021700141148694188,0.3652524243169965,-581290.7460591089
2025-10-05 14:00:00,0.29344406408537577,0.00022059198281284832,0.36513128844079096,-527082.6668444384
2025-10-05 15:00:00,0.23959607501924582,0.00030800294384576455,0.36501021680452683,-566587.5331430824
2025-10-05 16:00:00,0.16942000939178944,0.0002668415105952362,0.36488920947049086,-550581.4001205602
2025-10-05 17:00:00,0.08769825010408618,0.00023483573141693935,0.36476826650093597,-642698.9853581174
2025-10-05 18:00:00,4.1495934442633897e-17,0.00036086253986012637,0.36464738795808277,-610856.6801556132
2025-10-05 19:00:00,0.0,0.000248813012272682,0.36452657390411847,-621714.374631586
2025-10-05 20:00:00,0.0,0.00027354536230731,0.36440582440119684,-604924.4660284667
2025-10-05 21:00:00,0.0,0.00030424910887200314,0.3642851395114388,-677852.5017550241
2025-10-05 22:00:00,0.0,0.00038853871570770096,0.36416451929693194,-687672.7549891167
2025-10-05 23:00:00,0.0,0.0002625514370837116,0.3640439638197304,-636439.0829230059
2025-10-06 00:00:00,0.0,0.0003746412833640813,0.3639234731418553,-688729.9493290945
2025-10-06 01:00:00,0.0,0.00042534824401004273,0.36380304732529395,-647965.5771625255
2025-10-06 02:00:00,0.0,0.0003852191016362966,0.3636826864320008,-686948.2151312338
2025-10-06 03:00:00,0.0,0.0003338877923260171,0.3635623905238967,-642717.662850605
2025-10-06 04:00:00,0.0,0.0003012320395209167,0.3634421596628691,-691817.9487993328
2025-10-06 05:00:00,0.0,0.00036770452633896693,0.3633219939107718,-613810.7360768275
2025-10-06 06:00:00,0.0,0.0004161393889399696,0.36320189332942543,-636031.9504409448
2025-10-06 07:00:00,0.08575982732167753,0.0003968781402703273,0.3630818579806169,-614727.1953898736
2025-10-06 08:00:00,0.16567526413619835,0.00041390736067719626,0.36296188792609946,-628594.8685875215
2025-10-06 09:00:00,0.23430020549115657,0.0005052648037671697,0.3628419832275931,-618797.1607734315
2025-10-06 10:00:00,0.28695797504128945,0.0004350729556056373,0.36272214394678365,-569946.7007399474
2025-10-06 11:00:00,0.3200600328128341,0.00041308878806561,0.3626023701453239,-575077.07749602
2025-10-06 12:00:00,0.33135052827239675,0.000386763113201743,0.3624826618848325,-601303.0228700606
2025-10-06 13:00:00,0.3200600328128341,0.0004940560722105897,0.3623630192268946,-604175.4120730595
2025-10-06 14:00:00,0.2869579750412895,0.00038208241984405785,0.36224344223306154,-607622.006920936
2025-10-06 15:00:00,0.23430020549115663,0.0003877605375909268,0.362123930964851,-557378.5080864895
2025-10-06 16:00:00,0.16567526413619835,0.0004064345602890836,0.36200448548374653,-619328.9081487233
2025-10-06 17:00:00,0.08575982732167763,0.00045280632387369364,0.3618851058511982,-595290.2543805074
2025-10-06 18:00:00,4.0578736384457524e-17,0.0005197478840883104,0.36176579212862214,-643632.6540967283
2025-10-06 19:00:00,0.0,0.0005970102177536849,0.3616465443774001,-622862.3462029729
2025-10-06 20:00:00,0.0,0.000439246599864782,0.36152736265888064,-670808.7178733159
2025-10-06 21:00:00,0.0,0.0004695243847737938,0.3614082470343776,-675230.9210260226
2025-10-06 22:00:00,0.0,0.000549673161846349,0.36128919756517147,-652402.1510986105
2025-10-06 23:00:00,0.0,0.0005905826677168149,0.36117021431250834,-649479.6565559467
2025-10-07 00:00:00,0.0,0.0006317514832174802,0.3610512973376004,-681504.36316498
2025-10-07 01:00:00,0.0,0.0004593424632718403,0.3609324467016255,-699063.5241241396
2025-10-07 02:00:00,0.0,0.0004920436591401839,0.3608136624657276,-650607.5045502356
2025-10-07 03:00:00,0.0,0.0006564890637047649,0.3606949446910165,-678643.004851272
2025-10-07 04:00:00,0.0,0.0005858451480284447,0.36057629343856773,-648228.3410382192
2025-10-07 05:00:00,0.0,0.0005799868855981454,0.3604577087694225,-690022.1164496236
2025-10-07 06:00:00,0.0,0.000627360137865823,0.3603391907445878,-663524.933231319
2025-10-07 07:00:00,0.08383050420256125,0.0006563686750080551,0.3602207394250365,-640265.726191836
2025-10-07 08:00:00,0.16194809808017635,0.0004809446011938044,0.36010235487170716,-611096.5733677112
2025-10-07 09:00:00,0.2290291967055136,0.0005523965676744108,0.35998403714550364,-555033.5761127456
2025-10-07 10:00:00,0.28050233406401326,0.0007002834178012566,0.3598657863072959,-581464.8489149099
2025-10-07 11:00:00,0.3128597009080749,0.0006848886312412117,0.3597476024179191,-591216.8635552377
2025-10-07 12:00:00,0.32389619616035276,0.0007818091285334903,0.3596294855381742,-568077.0107971851
2025-10-07 13:00:00,0.3128597009080749,0.0005697381374645524,0.35951143572882754,-530805.9282331417
2025-10-07 14:00:00,0.28050233406401326,0.0007591549827089369,0.35939345305061104,-579237.7725598674
2025-10-07 15:00:00,0.22902919670551364,0.0005251487494943334,0.3592755375642219,-586759.5120404954
2025-10-07 16:00:00,0.16194809808017635,0.0005720406913053916,0.35915768933032316,-581888.4758338989
2025-10-07 17:00:00,0.08383050420256134,0.0006285201782732044,0.35903990840954286,-638410.6224024381
2025-10-07 18:00:00,3.966584398837793e-17,0.0008222370401582592,0.3589221948624745,-659069.4918335598
2025-10-07 19:00:00,0.0,0.0008413632857230727,0.3588045487496771,-607862.4572845262
2025-10-07 20:00:00,0.0,0.000805247396508264,0.35868697013167483,-634395.0673392987
2025-10-07 21:00:00,0.0,0.0007429706097063027,0.3585694590689573,-685084.2336272779
2025-10-07 22:00:00,0.0,0.0006101910449620158,0.3584520156219789,-655822.6618516628
2025-10-07 23:00:00,0.0,0.0006550663023263249,0.35833463985115993,-636818.9722923298
2025-10-08 00:00:00,0.0,0.0007600175343715598,0.35821733181688536,-693925.6292191232
2025-10-08 01:00:00,0.0,0.0007740287620991592,0.3581000915795054,-700388.6178160883
2025-10-08 02:00:00,0.0,0.0008416129103656274,0.35798291919933545,-674528.4640981844
2025-10-08 03:00:00,0.0,0.0008489607787515036,0.3578658147366561,-673578.7230972023
2025-10-08 04:00:00,0.0,0.0008030101557261176,0.3577487782517128,-707860.2957140562
2025-10-08 05:00:00,0.0,0.0007213563753860997,0.3576318098047162,-666405.189184041
2025-10-08 06:00:00,0.0,0.0008625175090780138,0.35751490945584186,-689135.9385780073
2025-10-08 07:00:00,0.08191085244681566,0.0009003188080591399,0.3573980772652303,-603469.3290504836
2025-10-08 08:00:00,0.15823961566346473,0.0008353307487197121,0.357281313292987,-618582.7737841993
2025-10-08 09:00:00,0.22378461057597787,0.0007002418162337349,0.3571646175991825,-619255.9574953797
2025-10-08 10:00:00,0.2740790540992929,0.0009782361819256735,0.35704799024385175,-609548.6224060918
2025-10-08 11:00:00,0.3056954630227936,0.001046107828817857,0.356931431286995,-609766.4476663085
2025-10-08 12:00:00,0.3164792313269295,0.0010431995202122837,0.3568149407885771,-554717.4528920578
2025-10-08 13:00:00,0.3056954630227936,0.000696656051720778,0.35669851880852776,-583871.5008210854
2025-10-08 14:00:00,0.2740790540992929,0.0008098549171119536,0.35658216540674154,-589496.826658581
2025-10-08 15:00:00,0.2237846105759779,0.0009783176695576472,0.35646588064307744,-615103.2449592669
2025-10-08 16:00:00,0.15823961566346473,0.0011091037070709807,0.3563496645773594,-636099.5439216653
2025-10-08 17:00:00,0.08191085244681576,0.0009346634984651113,0.3562335172693758,-587850.8264215074
2025-10-08 18:00:00,3.87575277641139e-17,0.0009010859722689875,0.35611743877888,-606591.6863539472
2025-10-08 19:00:00,0.0,0.0010619904702943261,0.3560014291655895,-609154.3946919149
2025-10-08 20:00:00,0.0,0.0010917450172468217,0.3558854884891866,-610008.95190066
2025-10-08 21:00:00,0.0,0.0011617872281966854,0.35576961680931823,-662107.991128002
2025-10-08 22:00:00,0.0,0.0007726530066552871,0.3556538141855957,-674994.9856518452
2025-10-08 23:00:00,0.0,0.0010950002456367757,0.35553808067759474,-666378.2804956809
2025-10-09 00:00:00,0.0,0.0008406360625544777,0.35542241634485583,-686128.9764609695
2025-10-09 01:00:00,0.0,0.0010771187740419715,0.3553068212468833,-677041.0204783339
2025-10-09 02:00:00,0.0,0.0011904322249417113,0.3551912954431463,-678539.2039257822
2025-10-09 03:00:00,0.0,0.0009301573941483238,0.3550758389930784,-670419.6795994049
2025-10-09 04:00:00,0.0,0.001154112634484438,0.354960451956077,-697014.77246395
2025-10-09 05:00:00,0.0,0.0008446991012018341,0.35484513439150445,-665574.9062555981
2025-10-09 06:00:00,0.0,0.0010611185468286208,0.35472988635868674,-659262.0160075941
2025-10-09 07:00:00,0.08000144088868544,0.0009612299403645285,0.3546147079169144,-685311.2739092724
2025-10-09 08:00:00,0.15455091578943905,0.00104678436086969,0.35449959912544216,-656299.2950049308
2025-10-09 09:00:00,0.21856800118660685,0.0012911593355904838,0.35438456004348895,-597420.9286399533
2025-10-09 10:00:00,0.2676900385036075,0.00130674651503311,0.3542695907302376,-603769.3416730185
2025-10-09 11:00:00,0.29856944207529235,0.0013589851421907724,0.35415469124483534,-586743.6297069341
2025-10-09 12:00:00,0.30910183157887816,0.0012208709602545427,0.3540398616463933,-589586.4814554721
2025-10-09 13:00:00,0.29856944207529235,0.001368732032963665,0.35392510199398675,-591583.2923041488
2025-10-09 14:00:00,0.26769003850360756,0.0012321460349645405,0.3538104123466549,-570996.1281653617
2025-10-09 15:00:00,0.2185680011866069,0.0011569273561961094,0.3536957927634009,-578938.4234204944
2025-10-09 16:00:00,0.15455091578943905,0.0010043525614837551,0.3535812433031919,-596831.9659706984
2025-10-09 17:00:00,0.08000144088868552,0.0014154729764759091,0.35346676402495913,-590202.5742904906
2025-10-09 18:00:00,3.785405686536574e-17,0.0014558149251551625,0.35335235498759754,-616086.3060570478
2025-10-09 19:00:00,0.0,0.0015291600846926412,0.353238016249966,-616076.3347330954
2025-10-09 20:00:00,0.0,0.0012151368248001111,0.3531237478708872,-697525.0947520141
2025-10-09 21:00:00,0.0,0.0009969679851344639,0.3530095499091475,-662658.2083830239
2025-10-09 22:00:00,0.0,0.0011525923315632266,0.35289542242349736,-685011.7166661192
2025-10-09 23:00:00,0.0,0.0014086509931735655,0.3527813654726508,-702586.8337633736
2025-10-10 00:00:00,0.0,0.0012438299757475673,0.35266737911528545,-712229.1875265557
2025-10-10 01:00:00,0.0,0.0015691982999068215,0.3525534634100426,-653271.6743727801
2025-10-10 02:00:00,0.0,0.0013695919306307407,0.35243961841552757,-716493.5131147527
2025-10-10 03:00:00,0.0,0.0014561669312475954,0.352325844190309,-671009.0983412073
2025-10-10 04:00:00,0.0,0.0010803050235766813,0.3522121407929189,-692096.4834156283
2025-10-10 05:00:00,0.0,0.001319896448992148,0.3520985082818533,-649492.0519180613
2025-10-10 06:00:00,0.0,0.0011324350596439764,0.35198494671557157,-632154.0110310516
2025-10-10 07:00:00,0.07810283532802377,0.0011735047418516035,0.3518714561524965,-632506.861576707
2025-10-10 08:00:00,0.1508830914994808,0.0014476576972388684,0.3517580366510145,-649951.7784792244
2025-10-10 09:00:00,0.21338091433134637,0.0011730087012230017,0.35164468826947537,-595438.4208899859
2025-10-10 10:00:00,0.2613371804801645,0.0012566405926633594,0.35153141106619235,-617874.7240732996
2025-10-10 11:00:00,0.2914837496593702,0.0014833453410468857,0.3514182050994419,-592832.1349451108
2025-10-10 12:00:00,0.30176618299896163,0.0016831146859020878,0.3513050704274639,-619517.731591329
2025-10-10 13:00:00,0.2914837496593702,0.0013603328101662844,0.3511920071084617,-587912.6314349049
2025-10-10 14:00:00,0.2613371804801646,0.0012963644506525651,0.3510790152006018,-493573.18033067696
2025-10-10 15:00:00,0.2133809143313464,0.0015553421926206962,0.3509660947620141,-569890.3697050762
2025-10-10 16:00:00,0.1508830914994808,0.0015380592339735,0.35085324585079153,-642538.4508703183
2025-10-10 17:00:00,0.07810283532802385,0.0015589718790516393,0.35074046852499036,-554699.4370079425
2025-10-10 18:00:00,3.695569901005928e-17,0.001375897224122089,0.35062776284263014,-645140.5779009666
2025-10-10 19:00:00,0.0,0.001800446575388203,0.3505151288616931,-624021.2054686022
2025-10-10 20:00:00,0.0,0.0014273825994611216,0.35040256664012515,-660023.7160518104
2025-10-10 21:00:00,0.0,0.0013688263745102766,0.35029007623583486,-715503.7804734994
2025-10-10 22:00:00,0.0,0.0019494614239817392,0.35017765770669423,-661291.7276854037
2025-10-10 23:00:00,0.0,0.0013758604341417202,0.35006531111053796,-656300.5561767035
2025-10-11 00:00:00,0.0,0.001600005759559256,0.3499530365051639,-700842.4819780461
2025-10-11 01:00:00,0.0,0.001428226442028363,0.3498408339483329,-671863.035986797
2025-10-11 02:00:00,0.0,0.0013125130784148319,0.34972870349776847,-671067.9828271882
2025-10-11 03:00:00,0.0,0.0020381364716393646,0.34961664521115754,-659585.7655890313
2025-10-11 04:00:00,0.0,0.001534206150607688,0.34950465914614925,-671317.1132484035
2025-10-11 05:00:00,0.0,0.0013352454127707756,0.3493927453603561,-644655.8198457425
2025-10-11 06:00:00,0.0,0.0019363184834894583,0.34928090391135347,-624464.4341167861
2025-10-11 07:00:00,0.07621559836263347,0.0017321578396888961,0.34916913485667883,-650382.2444679855
2025-10-11 08:00:00,0.14723722964908498,0.001676627515022669,0.3490574382538332,-636868.9582164614
2025-10-11 09:00:00,0.208224887055978,0.002101953619199213,0.34894581416027987,-630868.5411443779
2025-10-11 10:00:00,0.2550223625179019,0.0019548593366466535,0.34883426263344497,-662318.7676179936
2025-10-11 11:00:00,0.2844404854186115,0.0016369591769221658,0.34872278373071736,-606486.0812706501
2025-10-11 12:00:00,0.29447445929817,0.0018641987529868257,0.34861137750944843,-553792.5231812863
2025-10-11 13:00:00,0.2844404854186115,0.001619843562723944,0.34850004402695217,-602245.1576260289
2025-10-11 14:00:00,0.25502236251790195,0.0021557820562557086,0.3483887833405053,-620242.629621796
2025-10-11 15:00:00,0.208224887055978,0.0015023829962435094,0.34827759550734694,-572692.2979271645
2025-10-11 16:00:00,0.14723722964908498,0.002147302280447578,0.34816648058467853,-577815.3140438795
2025-10-11 17:00:00,0.07621559836263356,0.0019496830327842168,0.34805543862966454,-598136.3026391113
2025-10-11 18:00:00,3.606272040101514e-17,0.0022170245846796005,0.3479444696994315,-545199.9164602446
2025-10-11 19:00:00,0.0,0.0021866609275738155,0.3478335738510684,-632753.3889776625
2025-10-11 20:00:00,0.0,0.0016700988817850385,0.3477227511416268,-635355.2759974732
2025-10-11 21:00:00,0.0,0.0021933425462441446,0.34761200162812056,-653329.9296764528
2025-10-11 22:00:00,0.0,0.0019305186864997583,0.34750132536752576,-668156.2752145143
2025-10-11 23:00:00,0.0,0.0024089811693572016,0.3473907224167811,-653544.9009484047
2025-10-12 00:00:00,0.0,0.002059172369928817,0.347280192832787,-706077.4146841886
2025-10-12 01:00:00,0.0,0.0016689135171853277,0.3471697366724068,-666743.0327411832
2025-10-12 02:00:00,0.0,0.0023074059785724273,0.34705935399246557,-646026.2609705512
2025-10-12 03:00:00,0.0,0.0019226208898113874,0.3469490448497509,-680949.2241011055
2025-10-12 04:00:00,0.0,0.001999333668726945,0.3468388093010124,-697298.6261865548
2025-10-12 05:00:00,0.0,0.0018438822181362246,0.3467286474029618,-646509.1463806992
2025-10-12 06:00:00,0.0,0.0021350344693959944,0.34661855921227297,-659515.738454091
2025-10-12 07:00:00,0.07434028922155742,0.0016993758451028821,0.34650854478558185,-619250.7130922657
2025-10-12 08:00:00,0.14361441058580232,0.0018927544709313026,0.3463986041794867,-631394.1125207479
2025-10-12 09:00:00,0.20310144720265982,0.0023000570694050493,0.34628873745054717,-602232.4647889119
2025-10-12 10:00:00,0.24874745583366722,0.001805702874886306,0.3461789446552856,-615849.996665284
2025-10-12 11:00:00,0.27744173642421727,0.002141426086754373,0.3460692258501856,-588703.0034122941
2025-10-12 12:00:00,0.28722882117160464,0.0024499060776961242,0.3459595810916934,-567030.6483134583
2025-10-12 13:00:00,0.27744173642421727,0.0018854138183555824,0.34585001043621677,-586206.0308721961
2025-10-12 14:00:00,0.24874745583366725,0.002013130723111936,0.34574051394012534,-579307.129052272
2025-10-12 15:00:00,0.20310144720265985,0.001776752148413269,0.3456310916597507,-588354.7935110544
2025-10-12 16:00:00,0.14361441058580232,0.0023697779874912624,0.34552174365138627,-607338.5950682997
2025-10-12 17:00:00,0.07434028922155748,0.0024379586696182615,0.3454124699712872,-540911.6590919541
2025-10-12 18:00:00,3.5175385647067316e-17,0.0020841951636839016,0.34530327067567035,-630826.8042636206
2025-10-12 19:00:00,0.0,0.002663510502181216,0.3451941458207146,-653246.3054774812
2025-10-12 20:00:00,0.0,0.002255286837987464,0.3450850954625599,-663223.1215596888
2025-10-12 21:00:00,0.0,0.0021590403009829925,0.3449761196573086,-659674.3261342959
2025-10-12 22:00:00,0.0,0.002335327644150967,0.34486721846102425,-696317.5202061974
2025-10-12 23:00:00,0.0,0.0021800650617011985,0.34475839192973223,-679667.7464842842
2025-10-13 00:00:00,0.0,0.0024572224002083875,0.34464964011941934,-728740.3171963006
2025-10-13 01:00:00,0.0,0.002123564167450918,0.3445409630860341,-684002.8234865079
2025-10-13 02:00:00,0.0,0.0019972556542797045,0.34443236088548645,-688312.3115409565
2025-10-13 03:00:00,0.0,0.002496543661233519,0.34432383357364776,-713904.2495470138
2025-10-13 04:00:00,0.0,0.0025700663067046285,0.3442153812063513,-715231.2894672282
2025-10-13 05:00:00,0.0,0.002847084064427765,0.3441070038393911,-714244.8163206809
2025-10-13 06:00:00,0.0,0.0021390156190354555,0.3439987015285231,-641800.9358794527
2025-10-13 07:00:00,0.07247746359936652,0.0031316371270809227,0.3438904743294645,-634289.7091149634
2025-10-13 08:00:00,0.14001570782910794,0.002678638738525267,0.3437823222978938,-616270.3487086515
2025-10-13 09:00:00,0.1980121129571932,0.002242719799908138,0.34367424548945097,-625775.0543186603
2025-10-13 10:00:00,0.2425143198177344,0.002669816409780949,0.3435662439597371,-610926.3638540998
2025-10-13 11:00:00,0.27048957655655975,0.002342114813385228,0.34345831776431485,-538618.8794715732
2025-10-13 12:00:00,0.28003141565821593,0.0022344373556316822,0.3433504669587077,-573808.2751840798
2025-10-13 13:00:00,0.27048957655655975,0.002645269167701662,0.34324269159840054,-605056.6498857004
2025-10-13 14:00:00,0.24251431981773444,0.0022246210620367936,0.3431349917388395,-595770.8772399741
2025-10-13 15:00:00,0.19801211295719323,0.002627857246806449,0.3430273674354321,-561520.7287776124
2025-10-13 16:00:00,0.14001570782910794,0.002382353916971107,0.3429198187435463,-594090.6928609958
2025-10-13 17:00:00,0.07247746359936659,0.00324267195401999,0.34281234571851193,-614912.769547153
2025-10-13 18:00:00,3.429395768465361e-17,0.0029743868824827534,0.3427049484156194,-622411.0948928179
2025-10-13 19:00:00,0.0,0.0029714086503030966,0.34259762689012024,-589169.9258468009
2025-10-13 20:00:00,0.0,0.0028404126555988396,0.34249038119722713,-673156.6576339427
2025-10-13 21:00:00,0.0,0.0031575426858186763,0.34238321139211375,-701161.4508940937
2025-10-13 22:00:00,0.0,0.0033337552050557205,0.34227611752991466,-661772.1468426061
2025-10-13 23:00:00,0.0,0.0023996127057145837,0.3421690996657253,-721956.7791482239
2025-10-14 00:00:00,0.0,0.002888658939740908,0.34206215785460214,-731732.2741768946
2025-10-14 01:00:00,0.0,0.0026659441595661506,0.3419552921515623,-663448.0191464807
2025-10-14 02:00:00,0.0,0.0027768191790858215,0.341848502611584,-710376.1992418608
2025-10-14 03:00:00,0.0,0.0029381375474714626,0.34174178928960613,-718002.7111466759
2025-10-14 04:00:00,0.0,0.0035253303018055746,0.3416351522405285,-648241.194092509
2025-10-14 05:00:00,0.0,0.003255319422968626,0.3415285915192114,-658394.2420735551
2025-10-14 06:00:00,0.0,0.0029614983598278783,0.3414221071804762,-680940.5752422364
2025-10-14 07:00:00,0.07062767349149565,0.0036581689869059106,0.34131569927910493,-631922.5095868312
2025-10-14 08:00:00,0.1364421877522949,0.0036514228341782834,0.3412093678698401,-691839.0214949499
2025-10-14 09:00:00,0.1929583923991517,0.003347537087663255,0.34110311300738483,-655710.6436647411
2025-10-14 10:00:00,0.2363248014828268,0.002654482772854045,0.34099693474640297,-594323.742585286
2025-10-14 11:00:00,0.26358606589064737,0.0036307097269670887,0.3408908331415191,-639958.1337284952
2025-10-14 12:00:00,0.2728843755045899,0.0027574879081150687,0.34078480824731816,-579016.3090453679
2025-10-14 13:00:00,0.26358606589064737,0.002454161072290576,0.3406788601183458,-571462.9978186693
2025-10-14 14:00:00,0.23632480148282686,0.0034996205866541213,0.34057298880910813,-560231.2088943811
2025-10-14 15:00:00,0.19295839239915172,0.0033241243186621044,0.34046719437407147,-575475.0959954178
2025-10-14 16:00:00,0.1364421877522949,0.003498023072594026,0.34036147686766294,-604389.617247386
2025-10-14 17:00:00,0.07062767349149572,0.00338577082574503,0.34025583634426987,-622905.898447242
2025-10-14 18:00:00,3.341869769990204e-17,0.003287562837133488,0.3401502728582402,-650136.4677033998
2025-10-14 19:00:00,0.0,0.0034318509442957494,0.3400447864638822,-642782.9388536188
2025-10-14 20:00:00,0.0,0.0031304940765802835,0.3399393772154641,-682734.706018052
2025-10-14 21:00:00,0.0,0.0027882777014487554,0.3398340451672148,-661123.4974667046
2025-10-14 22:00:00,0.0,0.0036668950540631306,0.3397287903733235,-681255.8719906039
2025-10-14 23:00:00,0.0,0.0038213942322139448,0.3396236128879396,-671927.551097791
2025-10-15 00:00:00,0.0,0.0027379391301704543,0.33951851276517264,-663232.4793956843
2025-10-15 01:00:00,0.0,0.0031045170577683806,0.3394134900590923,-640777.5848827256
2025-10-15 02:00:00,0.0,0.002634005303807714,0.3393085448237288,-714690.1762530045
2025-10-15 03:00:00,0.0,0.004005855164445775,0.33920367711307203,-688427.4920173418
2025-10-15 04:00:00,0.0,0.003140040704032595,0.3390988869810725,-694634.2998841085
2025-10-15 05:00:00,0.0,0.004021163175363398,0.33899417448164015,-693479.539185067
2025-10-15 06:00:00,0.0,0.0033830685251900828,0.33888953966864555,-640402.4396707044
2025-10-15 07:00:00,0.06879146703067567,0.0034575406999114186,0.33878498259591916,-642414.4638354873
2025-10-15 08:00:00,0.13289490926648515,0.0040375228736118166,0.33868050331725125,-624167.153933171
2025-10-15 09:00:00,0.18794178305500522,0.0035384501931746814,0.33857610188639237,-612461.0125969924
2025-10-15 10:00:00,0.23018073491680827,0.0033454867903026705,0.33847177835705283,-607848.6937392418
2025-10-15 11:00:00,0.2567332500856809,0.004222406159137236,0.3383675327829028,-590862.651009264
2025-10-15 12:00:00,0.26578981853297035,0.003477700119914907,0.3382633652175726,-590230.5170116479
2025-10-15 13:00:00,0.2567332500856809,0.0035398178153391692,0.3381592757146523,-612043.2669202448
2025-10-15 14:00:00,0.23018073491680832,0.0038076209976305436,0.3380552643276915,-550874.4677516279
2025-10-15 15:00:00,0.18794178305500525,0.0038352848834054386,0.33795133111020004,-627856.2166646684
2025-10-15 16:00:00,0.13289490926648515,0.0033667846668516974,0.3378474761156475,-587197.1880953432
2025-10-15 17:00:00,0.06879146703067572,0.0040033266882632075,0.3377436993974629,-584138.4740571488
2025-10-15 18:00:00,3.2549865051235795e-17,0.00454977575672608,0.33764000100903524,-653385.6907813958
2025-10-15 19:00:00,0.0,0.003567435336023104,0.33753638100371336,-663991.6530013807
2025-10-15 20:00:00,0.0,0.004545361640328619,0.3374328394348054,-671889.6367665965
2025-10-15 21:00:00,0.0,0.002995288670550926,0.33732937635557936,-665532.4794437437
2025-10-15 22:00:00,0.0,0.004134665922417675,0.33722599181926294,-716662.7472909797
2025-10-15 23:00:00,0.0,0.003453412588160723,0.3371226858790433,-742668.8822977307
2025-10-16 00:00:00,0.0,0.0033229672964824107,0.33701945858806737,-646524.8736199894
2025-10-16 01:00:00,0.0,0.004624567603992328,0.33691630999944105,-694695.2104017572
2025-10-16 02:00:00,0.0,0.00343403127755988,0.3368132401662304,-708747.4809238857
2025-10-16 03:00:00,0.0,0.004617844418399955,0.33671024914146064,-672401.2310372659
2025-10-16 04:00:00,0.0,0.004735202573325291,0.3366073369781167,-698765.8316524574
2025-10-16 05:00:00,0.0,0.004910653695471203,0.3365045037291425,-583910.1065935896
2025-10-16 06:00:00,0.0,0.0036856229566797497,0.3364017494474417,-665607.8858848143
2025-10-16 07:00:00,0.06696938832450935,0.0034756128627631876,0.3362990741858774,-630791.6560328301
2025-10-16 08:00:00,0.12937492350685034,0.003280620504886967,0.33619647799727176,-625826.444769744
2025-10-16 09:00:00,0.18296377145436954,0.003413442324040806,0.3360939609344065,-606230.1457409492
2025-10-16 10:00:00,0.2240839407392019,0.0035605260623619663,0.33599152305002244,-585618.505571377
2025-10-16 11:00:00,0.2499331597788789,0.003795363555293425,0.3358891643968198,-573970.8322989083
2025-10-16 12:00:00,0.25874984701370074,0.0038946829299905715,0.33578688502745796,-604610.9511594331
2025-10-16 13:00:00,0.2499331597788789,0.003675681333317184,0.3356846849945556,-559450.7753342052
2025-10-16 14:00:00,0.22408394073920193,0.003891746778717764,0.3355825643506905,-595735.7716099677
2025-10-16 15:00:00,0.18296377145436954,0.004933956779582105,0.33548052314839966,-581876.3573838886
2025-10-16 16:00:00,0.12937492350685034,0.003584909444841347,0.3353785614401792,-614693.7597841065
2025-10-16 17:00:00,0.06696938832450942,0.004797100158459752,0.3352766792784843,-606188.7320161887
2025-10-16 18:00:00,3.168771719251959e-17,0.004824488023241781,0.3351748767157294,-642641.5879949775
2025-10-16 19:00:00,0.0,0.003461767809080869,0.3350731538042874,-683651.3443105442
2025-10-16 20:00:00,0.0,0.0049923116501490875,0.3349715105964913,-660417.3352015679
2025-10-16 21:00:00,0.0,0.004041192387405589,0.33486994714463186,-676387.8766288011
2025-10-16 22:00:00,0.0,0.003814746355011277,0.3347684635009596,-654987.0526186632
2025-10-16 23:00:00,0.0,0.003780278749648104,0.33466705971768385,-698545.053547181
2025-10-17 00:00:00,0.0,0.0049531088891787995,0.3345657358469728,-699662.0345981121
2025-10-17 01:00:00,0.0,0.00539944893343145,0.3344644919409534,-705050.8582930855
2025-10-17 02:00:00,0.0,0.004981146912588285,0.3343633280517117,-687246.9998035132
2025-10-17 03:00:00,0.0,0.005104560231073201,0.3342622442312923,-718410.553595696
2025-10-17 04:00:00,0.0,0.005006749684712621,0.334161240531699,-735396.5477244622
2025-10-17 05:00:00,0.0,0.003746091067893006,0.3340603170048941,-670986.6534294984
2025-10-17 06:00:00,0.0,0.00481023232287851,0.33395947370279844,-664618.9105291191
2025-10-17 07:00:00,0.0651619772942411,0.004787706680197224,0.33385871067729217,-658403.9127869119
2025-10-17 08:00:00,0.12588327352113865,0.00448292908868978,0.3337580279802136,-632400.5009208339
2025-10-17 09:00:00,0.17802583268951622,0.004367438964601732,0.3336574256633601,-657175.6686585117
2025-10-17 10:00:00,0.2180362255617021,0.005580950395588483,0.33355690377848746,-592882.0300225463
2025-10-17 11:00:00,0.24318780998375736,0.005185527682538087,0.33345646237731014,-607362.8770116888
2025-10-17 12:00:00,0.25176654704227736,0.005315247520378812,0.33335610151150114,-619762.3527719806
2025-10-17 13:00:00,0.24318780998375736,0.005005626757309457,0.33325582123269226,-603683.7890751786
2025-10-17 14:00:00,0.21803622556170213,0.005143406740369269,0.3331556215924737,-607587.1106092018
2025-10-17 15:00:00,0.17802583268951624,0.0038414849995583194,0.333055502642394,-625494.243237245
2025-10-17 16:00:00,0.12588327352113865,0.00523082908485548,0.33295546443396035,-584642.9332801742
2025-10-17 17:00:00,0.06516197729424117,0.004123536911425681,0.3328555070186385,-638803.4097017971
2025-10-17 18:00:00,3.0832509596770646e-17,0.00600627404755026,0.3327556304478524,-644291.9547810795
2025-10-17 19:00:00,0.0,0.0055746544963045305,0.3326558347729846,-658416.7845755216
2025-10-17 20:00:00,0.0,0.005157700078783136,0.332556120045376,-671435.6308807689
2025-10-17 21:00:00,0.0,0.0038912819740572475,0.33245648631632585,-672319.4439508256
2025-10-17 22:00:00,0.0,0.0050150663185736175,0.33235693363709173,-653459.957790914
2025-10-17 23:00:00,0.0,0.005499354441342988,0.3322574620588894,-665492.8089858992
2025-10-18 00:00:00,0.0,0.005536117801545465,0.33215807163289307,-671954.462335887
2025-10-18 01:00:00,0.0,0.004645809753715882,0.33205876241023496,-675600.5927982387
2025-10-18 02:00:00,0.0,0.005041031740344795,0.3319595344420058,-676328.9803034753
2025-10-18 03:00:00,0.0,0.005663144744031878,0.3318603877792544,-667206.1452585692
2025-10-18 04:00:00,0.0,0.005752122334772927,0.33176132247298784,-682066.792263731
2025-10-18 05:00:00,0.0,0.006029736290545356,0.331662338574171,-660719.4750759971
2025-10-18 06:00:00,0.0,0.005016908028974666,0.33156343613372735,-683953.1379967352
2025-10-18 07:00:00,0.06336976951476626,0.004514712230921094,0.3314646152025381,-670083.9503761679
2025-10-18 08:00:00,0.1224209939605968,0.005333517918984392,0.3313658758314427,-620867.3809975793
2025-10-18 09:00:00,0.17312942997827077,0.005817536682016272,0.33126721807123877,-635041.7822451623
2025-10-18 10:00:00,0.21203938145283638,0.00432468163078806,0.3311686419726815,-629953.2611977591
2025-10-18 11:00:00,0.23649919949303705,0.0058778627528924465,0.3310701475864844,-590896.4133713337
2025-10-18 12:00:00,0.24484198792119363,0.006417396970926852,0.33097173496331883,-606305.4781617814
2025-10-18 13:00:00,0.23649919949303705,0.005192771877162505,0.3308734041538143,-606642.7553611672
2025-10-18 14:00:00,0.2120393814528364,0.004436147158586504,0.33077515520855794,-589053.3614031315
2025-10-18 15:00:00,0.1731294299782708,0.006034096434828079,0.33067698817809493,-620284.9322939798
2025-10-18 16:00:00,0.1224209939605968,0.004511058532601238,0.33057890311292826,-576314.8303028793
2025-10-18 17:00:00,0.06336976951476632,0.006055833651266277,0.3304809000635188,-626034.280197319
2025-10-18 18:00:00,2.998449568045647e-17,0.005456206994868578,0.33038297908028524,-624521.4871893593
2025-10-18 19:00:00,0.0,0.004586010072679773,0.3302851402136038,-687680.4151559408
2025-10-18 20:00:00,0.0,0.005536277366903398,0.3301873835138088,-667000.3222094219
2025-10-18 21:00:00,0.0,0.00457824848858145,0.33008970903119206,-639360.0577326915
2025-10-18 22:00:00,0.0,0.005607634411018739,0.32999211681600327,-637807.2609055493
2025-10-18 23:00:00,0.0,0.004476487204661642,0.3298946069184496,-691010.2298146553
2025-10-19 00:00:00,0.0,0.004800305099073438,0.3297971793886962,-705197.3432692372
2025-10-19 01:00:00,0.0,0.006550890685231701,0.32969983427686533,-700897.2095463024
2025-10-19 02:00:00,0.0,0.005569844541642277,0.3296025716330373,-706066.0238567536
2025-10-19 03:00:00,0.0,0.004856860967285939,0.3295053915072498,-695235.1407311007
2025-10-19 04:00:00,0.0,0.0049180825959049485,0.3294082939494981,-703899.6104285665
2025-10-19 05:00:00,0.0,0.005004967457534601,0.32931127900973517,-681924.6108306359
2025-10-19 06:00:00,0.0,0.00521758882837993,0.32921434673787103,-705497.6330869403
2025-10-19 07:00:00,0.06159329605592892,0.005176354111698754,0.32911749718377353,-654354.1806660431
2025-10-19 08:00:00,0.11898911077338069,0.004915594187338012,0.329020730397268,-611824.3014708988
2025-10-19 09:00:00,0.16827601423042957,0.005426980444787372,0.3289240464281369,-612601.6887395198
2025-10-19 10:00:00,0.20609518540693667,0.005606296616747078,0.32882744532612035,-628430.7371634588
2025-10-19 11:00:00,0.22986931028635849,0.006541571915971803,0.3287309271409158,-630196.0065067187
2025-10-19 12:00:00,0.23797822154676143,0.005803816805543489,0.3286344919221778,-626841.1789477303
2025-10-19 13:00:00,0.22986931028635849,0.006720522543790731,0.32853813971951856,-574768.5144409309
2025-10-19 14:00:00,0.2060951854069367,0.0053091581696563025,0.32844187058250757,-616210.965057513
2025-10-19 15:00:00,0.1682760142304296,0.004919841862398404,0.32834568456067104,-599136.165097068
2025-10-19 16:00:00,0.11898911077338069,0.006738632474228687,0.328249581703493,-582930.3179119145
2025-10-19 17:00:00,0.06159329605592898,0.0056628806823216925,0.32815356206041457,-612709.9317097892
2025-10-19 18:00:00,2.9143926728402107e-17,0.006388638993765768,0.32805762568083396,-649825.2612482375
2025-10-19 19:00:00,0.0,0.006015413257530553,0.3279617726141066,-634531.1320583948
2025-10-19 20:00:00,0.0,0.005254984233593597,0.32786600290954504,-644509.2478662698
2025-10-19 21:00:00,0.0,0.006271988815794146,0.3277703166164189,-662852.3811142292
2025-10-19 22:00:00,0.0,0.0055089781732615885,0.32767471378395513,-681457.4000351746
2025-10-19 23:00:00,0.0,0.007699620781855177,0.3275791944613374,-648628.8080229544
2025-10-20 00:00:00,0.0,0.005800806213722549,0.3274837586977065,-711611.4824820627
2025-10-20 01:00:00,0.0,0.007075435641190517,0.3273884065421604,-724326.5292894858
2025-10-20 02:00:00,0.0,0.0067390755714046326,0.3272931380437539,-670832.4234947361
2025-10-20 03:00:00,0.0,0.005757138434746987,0.327197953251499,-681126.8969893787
2025-10-20 04:00:00,0.0,0.005985895512232961,0.32710285221436414,-687745.1416633155
2025-10-20 05:00:00,0.0,0.006103749382830537,0.3270078349812752,-666328.1801614404
2025-10-20 06:00:00,0.0,0.006316393180679305,0.32691290160111475,-644768.0508499222
2025-10-20 07:00:00,0.05983308332515434,0.007949633583534706,0.3268180521227221,-682284.031863969
2025-10-20 08:00:00,0.11558864090054476,0.00736231004282836,0.3267232865948935,-599457.313621638
2025-10-20 09:00:00,0.16346702361782386,0.005156840160573628,0.32662860506638214,-602261.8595085702
2025-10-20 10:00:00,0.20020539881757754,0.0073494026386929055,0.32653400758589785,-617413.5436315836
2025-10-20 11:00:00,0.22330010694297822,0.008136531987725086,0.32643949420210705,-591193.2302584784
2025-10-20 12:00:00,0.23117728180108957,0.0074911121083076895,0.32634506496363325,-595373.781571064
2025-10-20 13:00:00,0.22330010694297822,0.007308918355130547,0.32625071991905646,-602580.9524489563
2025-10-20 14:00:00,0.20020539881757757,0.006241003587331591,0.32615645911691343,-637193.7427556309
2025-10-20 15:00:00,0.1634670236178239,0.007949250007931346,0.32606228260569753,-616207.4625241577
2025-10-20 16:00:00,0.11558864090054476,0.005447942785913168,0.3259681904338588,-570762.2379707155
2025-10-20 17:00:00,0.059833083325154406,0.0055765865576069,0.32587418264980395,-654640.319571703
2025-10-20 18:00:00,2.8311051819329e-17,0.007163280949735421,0.32578025930189614,-639373.9029999804
2025-10-20 19:00:00,0.0,0.007363981148978294,0.3256864204384553,-686793.7590897944
2025-10-20 20:00:00,0.0,0.006961114536534434,0.32559266610775756,-681457.817416739
2025-10-20 21:00:00,0.0,0.007246026611722432,0.32549899635803586,-725418.3820515991
2025-10-20 22:00:00,0.0,0.0054244811412612615,0.32540541123747946,-670485.7166336378
2025-10-20 23:00:00,0.0,0.007542473370814918,0.32531191079423427,-671283.034061841
2025-10-21 00:00:00,0.0,0.00588325799146548,0.32521849507640244,-706805.6270869725
2025-10-21 01:00:00,0.0,0.007528826876915947,0.3251251641320426,-693676.8594798198
2025-10-21 02:00:00,0.0,0.007425294908471914,0.3250319180091698,-718166.0817494463
2025-10-21 03:00:00,0.0,0.007429697026859451,0.32493875675575545,-717035.6435941043
2025-10-21 04:00:00,0.0,0.005808772039009724,0.3248456804197274,-673007.0101693505
2025-10-21 05:00:00,0.0,0.00866375000647511,0.3247526890489693,-679612.1866659943
2025-10-21 06:00:00,0.0,0.008059742826817482,0.324659782691322,-702751.7511833385
2025-10-21 07:00:00,0.05808965291146317,0.005781521882982738,0.32456696139458163,-661420.9634264042
2025-10-21 08:00:00,0.11222059197470048,0.007577570784922683,0.3244742252065012,-653998.8673905056
2025-10-21 09:00:00,0.15870388314815873,0.008573184027954798,0.32438157417478974,-600858.1474905175
2025-10-21 10:00:00,0.19437176695563746,0.009040520574096827,0.32428900834711255,-598902.878000662
2025-10-21 11:00:00,0.21679353605962193,0.008690538796012446,0.324196527771091,-589089.0187457612
2025-10-21 12:00:00,0.224441183949401,0.0060066440969497835,0.32410413249430264,-564370.0190401572
2025-10-21 13:00:00,0.21679353605962193,0.0063940213344571735,0.3240118225642811,-576828.3317346966
2025-10-21 14:00:00,0.1943717669556375,0.006272071665485435,0.3239195980285163,-597960.2014344092
2025-10-21 15:00:00,0.15870388314815875,0.009021676784683899,0.3238274589344538,-636955.7771946143
2025-10-21 16:00:00,0.11222059197470048,0.006354352019114324,0.3237354053294956,-646282.9418875818
2025-10-21 17:00:00,0.05808965291146323,0.008062529840285824,0.3236434372609995,-641169.271327577
2025-10-21 18:00:00,2.7486117752047623e-17,0.0077791182454123795,0.32355155477627956,-614839.836667121
2025-10-21 19:00:00,0.0,0.008870679472941045,0.3234597579226055,-619699.321866704
2025-10-21 20:00:00,0.0,0.006855726041191643,0.3233680467472031,-660528.6807510193
2025-10-21 21:00:00,0.0,0.00598015390485193,0.32327642129725415,-658177.6394552445
2025-10-21 22:00:00,0.0,0.00846995873825855,0.3231848816198962,-689525.9099366135
2025-10-21 23:00:00,0.0,0.006721632709300224,0.323093427762223,-746840.6325647252
2025-10-22 00:00:00,0.0,0.009123964806033759,0.3230020597712835,-701223.1488535248
2025-10-22 01:00:00,0.0,0.0073424011124188105,0.322910777694083,-670877.6281626349
2025-10-22 02:00:00,0.0,0.008024395178863842,0.3228195815775825,-728160.8561976188
2025-10-22 03:00:00,0.0,0.008977820951266228,0.3227284714686988,-694578.4170693649
2025-10-22 04:00:00,0.0,0.009466029182504748,0.32263744741430433,-701259.0973870058
2025-10-22 05:00:00,0.0,0.006310566801374699,0.32254650946122737,-737987.4347995343
2025-10-22 06:00:00,0.0,0.00793648115598543,0.3224556576562517,-637428.9605303813
2025-10-22 07:00:00,0.05636352143091334,0.006878973645951499,0.32236489204611707,-660128.8957735292
2025-10-22 08:00:00,0.10888596202143315,0.008583913627424857,0.3222742126775189,-652573.3506431265
2025-10-22 09:00:00,0.15398800424275252,0.009803436509912958,0.3221836195971076,-618818.6469190402
2025-10-22 10:00:00,0.18859601845213742,0.008381435169670484,0.3220931128514903,-646188.7620219046
2025-10-22 11:00:00,0.21035152567366588,0.008802627877360266,0.32200269248722846,-585120.9869958705
2025-10-22 12:00:00,0.21777192404286633,0.006841800707080684,0.3219123585508401,-623506.6266724814
2025-10-22 13:00:00,0.21035152567366588,0.008220034854728464,0.3218221110887983,-601942.2957212987
2025-10-22 14:00:00,0.18859601845213744,0.009497298519901866,0.3217319501475318,-631768.7232418939
2025-10-22 15:00:00,0.15398800424275255,0.007756680858692418,0.3216418757734248,-635322.3148520091
2025-10-22 16:00:00,0.10888596202143315,0.006459863049720481,0.32155188801281687,-670116.4998684134
2025-10-22 17:00:00,0.0563635214309134,0.009678032887600389,0.32146198691200323,-596242.0502634463
2025-10-22 18:00:00,2.666936897232568e-17,0.009591101748478758,0.32137217251723427,-642088.0960136624
2025-10-22 19:00:00,0.0,0.007713181541845682,0.321282444874716,-616455.6749531539
2025-10-22 20:00:00,0.0,0.00868893642121852,0.3211928040306096,-645385.8115837234
2025-10-22 21:00:00,0.0,0.007810390961133926,0.3211032500310317,-688108.3556732021
2025-10-22 22:00:00,0.0,0.00703765442099651,0.32101378292205424,-684937.3615731299
2025-10-22 23:00:00,0.0,0.00660531032682253,0.32092440274970446,-639757.8098502911
2025-10-23 00:00:00,0.0,0.009480177107322435,0.32083510955996486,-761674.6002756866
2025-10-23 01:00:00,0.0,0.008821334823336444,0.3207459033987733,-689897.2516473167
2025-10-23 02:00:00,0.0,0.010221551971602802,0.32065678431202266,-696407.8633334411
2025-10-23 03:00:00,0.0,0.010225742592125744,0.3205677523455611,-663793.4443463607
2025-10-23 04:00:00,0.0,0.010196874344534389,0.3204788075451923,-665779.4130321651
2025-10-23 05:00:00,0.0,0.007842056977550478,0.3203899499566744,-686116.9872267633
2025-10-23 06:00:00,0.0,0.008480784838537057,0.3203011796257212,-681109.1054686505
2025-10-23 07:00:00,0.05465520037351542,0.007325214686500739,0.3202124965980015,-670313.3033514266
2025-10-23 08:00:00,0.10558573916356495,0.009867287931377137,0.32012390091913917,-633797.9507600121
2025-10-23 09:00:00,0.14932078431830162,0.007016613945451198,0.3200353926347131,-618440.8196387474
2025-10-23 10:00:00,0.18287986478600954,0.010175422343339836,0.3199469717902572,-596988.4935634785
2025-10-23 11:00:00,0.20397598469181707,0.009861906751938584,0.3198586384312607,-619290.5358756882
2025-10-23 12:00:00,0.21117147832712993,0.00772499953245662,0.31977039260316725,-603769.1699328606
2025-10-23 13:00:00,0.20397598469181707,0.01041977634187645,0.31968223435137594,-583150.2567762218
2025-10-23 14:00:00,0.18287986478600954,0.008819650089138804,0.3195941637212406,-596298.2626689203
2025-10-23 15:00:00,0.14932078431830165,0.0096605340938917,0.3195061807580702,-644130.420644085
2025-10-23 16:00:00,0.10558573916356495,0.008866652297814224,0.3194182855071282,-599506.7296924405
2025-10-23 17:00:00,0.05465520037351548,0.007230295361674889,0.31933047801363323,-604827.2646848862
2025-10-23 18:00:00,2.5861047500453437e-17,0.007852404368510441,0.31924275832275884,-630859.9809587096
2025-10-23 19:00:00,0.0,0.011048873139654192,0.3191551264796332,-656754.2552382158
2025-10-23 20:00:00,0.0,0.01042719251764648,0.3190675825293394,-642526.9790742681
2025-10-23 21:00:00,0.0,0.008602116356714836,0.3189801265169153,-648909.5248328984
2025-10-23 22:00:00,0.0,0.011153925260296307,0.3188927584873536,-715795.7164609451
2025-10-23 23:00:00,0.0,0.00739296183393353,0.3188054784856014,-666524.3337822139
2025-10-24 00:00:00,0.0,0.011227575556086266,0.31871828655656115,-710694.8787918491
2025-10-24 01:00:00,0.0,0.011223552092961903,0.3186311827450892,-671235.6991862402
2025-10-24 02:00:00,0.0,0.011245969454172864,0.3185441670959971,-698764.5362419384
2025-10-24 03:00:00,0.0,0.007617227176214456,0.318457239654051,-702510.1479436978
2025-10-24 04:00:00,0.0,0.008047361071642245,0.31837040046397147,-702458.7795327463
2025-10-24 05:00:00,0.0,0.011264016900482126,0.31828364957043387,-697578.8941955387
2025-10-24 06:00:00,0.0,0.010254668073221621,0.318196987018068,-703599.0674745569
2025-10-24 07:00:00,0.052965195951667404,0.009127205895780024,0.31811041285145825,-720408.8225010689
2025-10-24 08:00:00,0.1023209013283535,0.011782503897553698,0.3180239271151436,-642490.9251192703
2025-10-24 09:00:00,0.14470360637279678,0.007792672207393474,0.31793752985361756,-687452.5040898656
2025-10-24 10:00:00,0.17722499977695008,0.011133629092286157,0.3178512211113279,-623707.9728172467
2025-10-24 11:00:00,0.19766880232446418,0.00954031753184255,0.3177650009326771,-642370.6996146914
2025-10-24 12:00:00,0.20464180265670703,0.00851061943675472,0.31767886936202194,-624588.6041204014
2025-10-24 13:00:00,0.19766880232446418,0.01171829589736555,0.31759282644367365,-601640.5327651288
2025-10-24 14:00:00,0.1772249997769501,0.011989586261824454,0.317506872221898,-608156.3784925705
2025-10-24 15:00:00,0.14470360637279678,0.008513780045272706,0.3174210067409148,-590466.9244553881
2025-10-24 16:00:00,0.1023209013283535,0.00823003816290335,0.31733523004489844,-612429.3919191515
2025-10-24 17:00:00,0.05296519595166746,0.011312279394376373,0.31724954217797763,-620573.8267437749
2025-10-24 18:00:00,2.5061392859528056e-17,0.011334878420706407,0.31716394318423535,-588106.7482572125
2025-10-24 19:00:00,0.0,0.011358639295719654,0.31707843310770895,-663381.8080689322
2025-10-24 20:00:00,0.0,0.01066140372498082,0.3169930119923896,-661581.6092088688
2025-10-24 21:00:00,0.0,0.010372212601626409,0.3169076798822233,-652763.2738164581
2025-10-24 22:00:00,0.0,0.01111527051878064,0.3168224368211099,-702620.6169036991
2025-10-24 23:00:00,0.0,0.008737299824880649,0.31673728285290365,-687805.2185850121
2025-10-25 00:00:00,0.0,0.008338818216549018,0.31665221802141275,-717633.1721157051
2025-10-25 01:00:00,0.0,0.008006556398447722,0.3165672423703996,-766785.6091877953
2025-10-25 02:00:00,0.0,0.01189978197272626,0.3164823559435809,-712511.1658982066
2025-10-25 03:00:00,0.0,0.011634137730030334,0.31639755878462716,-692823.1288025995
2025-10-25 04:00:00,0.0,0.012496094535939143,0.3163128509371634,-702158.7609586978
2025-10-25 05:00:00,0.0,0.010875168379163025,0.316228232444768,-676786.9823814267
2025-10-25 06:00:00,0.0,0.010467800096457926,0.316143703350974,-659650.2703376713
2025-10-25 07:00:00,0.05129400895015271,0.008862667497788409,0.31605926369926823,-677755.8245784552
2025-10-25 08:00:00,0.09909241595771023,0.00933941302085908,0.31597491353309154,-673648.9441026277
2025-10-25 09:00:00,0.14013783857570994,0.01276943392934963,0.31589065289583856,-652661.9172900087
2025-10-25 10:00:00,0.17163309908350313,0.011574916409988483,0.31580648183085813,-579244.5570366184
2025-10-25 11:00:00,0.19143184752586265,0.011402750505093241,0.31572240038145283,-620608.274963997
2025-10-25 12:00:00,0.1981848319154205,0.008920208138881211,0.3156384085908792,-583576.0836492513
2025-10-25 13:00:00,0.19143184752586265,0.009647680912285364,0.3155545065023478,-620096.1756622541
2025-10-25 14:00:00,0.17163309908350313,0.008338949851739665,0.31547069415902257,-630544.2222562222
2025-10-25 15:00:00,0.14013783857570994,0.011946701314598615,0.3153869716040218,-635602.8779517587
2025-10-25 16:00:00,0.09909241595771023,0.010204064832931214,0.3153033388804174,-602691.314652299
2025-10-25 17:00:00,0.051294008950152764,0.012955144905778518,0.31521979603123507,-610698.590508147
2025-10-25 18:00:00,2.4270642004477592e-17,0.012534401755481275,0.3151363430994541,-607960.4862602678
2025-10-25 19:00:00,0.0,0.009884268656979117,0.31505298012800775,-649988.2884669414
2025-10-25 20:00:00,0.0,0.0090969773785704,0.31496970715978295,-688378.13024068
2025-10-25 21:00:00,0.0,0.008912624616825114,0.3148865242376203,-662911.875364882
2025-10-25 22:00:00,0.0,0.008574394730356996,0.314803431404314,-689114.4876504999
2025-10-25 23:00:00,0.0,0.01101375286662741,0.31472042870261213,-744137.3500642194
2025-10-26 00:00:00,0.0,0.010228387076100985,0.31463751617521624,-672754.0925514974
2025-10-26 01:00:00,0.0,0.011952256141926087,0.31455469386478124,-735076.7486201923
2025-10-26 02:00:00,0.0,0.010471804259814595,0.3144719618139161,-708712.4780947233
2025-10-26 03:00:00,0.0,0.00984699213532747,0.31438932006518316,-718181.2353468357
2025-10-26 04:00:00,0.0,0.012714799915338968,0.3143067686610982,-689568.6599049479
2025-10-26 05:00:00,0.0,0.013465008556049483,0.3142243076441306,-641190.9903651683
2025-10-26 06:00:00,0.0,0.013199200542077561,0.31414193705670335,-664827.8644345036
2025-10-26 07:00:00,0.04964213457774706,0.009514117747401851,0.3140596569411927,-620118.861695558
2025-10-26 08:00:00,0.0959012397215269,0.009567831753743112,0.3139774673399285,-682123.779633326
2025-10-26 09:00:00,0.13562483386257676,0.013175676758860064,0.3138953682951941,-624772.4635750339
2025-10-26 10:00:00,0.16610581970652719,0.013278583552263926,0.313813359849226,-647624.958756059
2025-10-26 11:00:00,0.18526696844032384,0.00954649105444432,0.31373144204421427,-621384.378482885
2025-10-26 12:00:00,0.19180247944305384,0.013273065913669283,0.3136496149223024,-611584.6140787703
2025-10-26 13:00:00,0.18526696844032384,0.009615277787602445,0.31356787852558726,-598755.9899267637
2025-10-26 14:00:00,0.1661058197065272,0.013902855598667167,0.3134862328961187,-566268.8030809208
2025-10-26 15:00:00,0.1356248338625768,0.011276222866041744,0.3134046780759004,-619178.5549608711
2025-10-26 16:00:00,0.0959012397215269,0.01008306585563955,0.3133232141068888,-633750.5710436187
2025-10-26 17:00:00,0.04964213457774712,0.011181222997179078,0.31324184103099395,-599147.8022291292
2025-10-26 18:00:00,2.348902925184619e-17,0.010519705108142362,0.31316055889007915,-668929.7981463191
2025-10-26 19:00:00,0.0,0.01045075366584198,0.3130793677259606,-681167.0429359389
2025-10-26 20:00:00,0.0,0.013934628195583951,0.31299826758040805,-626295.4892681886
2025-10-26 21:00:00,0.0,0.01243482687604884,0.31291725849514407,-666976.1565437727
2025-10-26 22:00:00,0.0,0.009996982772927822,0.3128363405118447,-688927.6975006646
2025-10-26 23:00:00,0.0,0.010070647710903253,0.31275551367213905,-712156.0756579714
2025-10-27 00:00:00,0.0,0.012143450299174116,0.31267477801760923,-687770.3684897627
2025-10-27 01:00:00,0.0,0.010258374405249363,0.3125941335897905,-720825.7763944144
2025-10-27 02:00:00,0.0,0.011019026709157366,0.31251358043017113,-720537.3011594904
2025-10-27 03:00:00,0.0,0.011210585875149925,0.31243311858019257,-705040.8648130798
2025-10-27 04:00:00,0.0,0.013259286352110121,0.3123527480812492,-668661.9726376456
2025-10-27 05:00:00,0.0,0.014483427592931395,0.31227246897468847,-697890.2363082002
2025-10-27 06:00:00,0.0,0.010391310641027047,0.31219228130181065,-656247.2640183596
2025-10-27 07:00:00,0.04801006232047739,0.012714188098362259,0.3121121851038691,-600630.2279719803
2025-10-27 08:00:00,0.09274831823419356,0.009668048108104073,0.3120321804220701,-628215.8540700651
2025-10-27 09:00:00,0.13116592953409237,0.014192674134844933,0.3119522672975729,-599938.4789896419
2025-10-27 10:00:00,0.1606447994981902,0.01062447851304052,0.3118724457714895,-638559.9540686703
2025-10-27 11:00:00,0.17917599185456978,0.011438945771435676,0.311792715884885,-634925.9862599546
2025-10-27 12:00:00,0.18549663646838715,0.0135426961810452,0.31171307767877715,-644256.5219893497
2025-10-27 13:00:00,0.17917599185456978,0.013853556847771321,0.3116335311941366,-655371.4451709033
2025-10-27 14:00:00,0.16064479949819022,0.011257872209596604,0.311554076471887,-645929.6562962896
2025-10-27 15:00:00,0.13116592953409237,0.015229738750754118,0.3114747135529043,-607687.4943982237
2025-10-27 16:00:00,0.09274831823419356,0.01066119602783882,0.31139544247801776,-607138.2997938679
2025-10-27 17:00:00,0.048010062320477435,0.010149635145566695,0.3113162632880091,-626174.8511970547
2025-10-27 18:00:00,2.2716786210361048e-17,0.014528068588713448,0.31123717602361284,-642089.7496679031
2025-10-27 19:00:00,0.0,0.013478477913652013,0.3111581807255162,-655716.07922513
2025-10-27 20:00:00,0.0,0.014351020174157314,0.3110792774343591,-658980.5185734152
2025-10-27 21:00:00,0.0,0.010601758441672885,0.3110004661907341,-656340.6647889467
2025-10-27 22:00:00,0.0,0.013953413139779791,0.3109217470351866,-738880.0986964103
2025-10-27 23:00:00,0.0,0.012286817559693082,0.3108431200082141,-721230.3468209142
2025-10-28 00:00:00,0.0,0.010359584664374338,0.31076458515026745,-737763.6410283587
2025-10-28 01:00:00,0.0,0.012328357580324564,0.31068614250174925,-651958.867761669
2025-10-28 02:00:00,0.0,0.0151385601020679,0.3106077921030154,-742463.2212586536
2025-10-28 03:00:00,0.0,0.012214143594958891,0.31052953399437394,-712663.7962510171
2025-10-28 04:00:00,0.0,0.01516792561829409,0.31045136821608554,-677939.6311457634
2025-10-28 05:00:00,0.0,0.014964454575548717,0.31037329480836334,-677355.0755664625
2025-10-28 06:00:00,0.0,0.014636066317883953,0.31029531381137304,-641061.1048301304
2025-10-28 07:00:00,0.0463982757965765,0.010505345892829625,0.3102174252652326,-628741.2629413488
2025-10-28 08:00:00,0.08963458577439246,0.016022824841137432,0.3101396292100127,-654364.4588169102
2025-10-28 09:00:00,0.1267624468598403,0.012945848404788277,0.3100619256857363,-648899.0190898994
2025-10-28 10:00:00,0.15525165667663826,0.01297150099228353,0.30998431473237853,-599561.609295589
2025-10-28 11:00:00,0.17316072265641685,0.011150610446186785,0.3099067963898673,-572220.8508893863
2025-10-28 12:00:00,0.17926917154878494,0.012002720358053621,0.30982937069808264,-625585.9455428831
2025-10-28 13:00:00,0.17316072265641685,0.015284856049235988,0.30975203769685694,-605765.2750894545
2025-10-28 14:00:00,0.1552516566766383,0.013411255960455363,0.3096747974259749,-604966.0508983714
2025-10-28 15:00:00,0.12676244685984034,0.013071636154165995,0.3095976499251737,-646691.9629722663
2025-10-28 16:00:00,0.08963458577439246,0.010716811971472626,0.30952059523414244,-600411.7353454782
2025-10-28 17:00:00,0.04639827579657655,0.010917937702676399,0.3094436333925228,-612779.3206795081
2025-10-28 18:00:00,2.1954141712301726e-17,0.010801661574758228,0.3093667644399085,-644076.4796088389
2025-10-28 19:00:00,0.0,0.016884314098867943,0.3092899884158455,-641641.5700858833
2025-10-28 20:00:00,0.0,0.015519685501725906,0.309213305359832,-666090.9426125836
2025-10-28 21:00:00,0.0,0.012064378500680732,0.3091367153113184,-667930.6319748458
2025-10-28 22:00:00,0.0,0.014026315940431095,0.30906021830970715,-676757.7173380447
2025-10-28 23:00:00,0.0,0.013453006989422568,0.30898381439435296,-739682.7362870032
2025-10-29 00:00:00,0.0,0.014085198490127888,0.30890750360456254,-709153.8876840263
2025-10-29 01:00:00,0.0,0.015824204566585034,0.30883128597959475,-718107.4285699136
2025-10-29 02:00:00,0.0,0.010922547895375726,0.30875516155866045,-735185.5032037933
2025-10-29 03:00:00,0.0,0.013310627037978315,0.3086791303809226,-752905.5389801784
2025-10-29 04:00:00,0.0,0.01629501590321655,0.3086031924854962,-669847.1247828054
2025-10-29 05:00:00,0.0,0.01588312746845001,0.30852734791144837,-702457.2423634678
2025-10-29 06:00:00,0.0,0.01581005559290668,0.3084515966977979,-666005.8520137059
2025-10-29 07:00:00,0.04480725261317665,0.017148759526474124,0.3083759388835159,-689064.7730304099
2025-10-29 08:00:00,0.08656096500825132,0.015148992920705154,0.3083003745075251,-658382.3165909917
2025-10-29 09:00:00,0.12241569068677194,0.01687876148433275,0.3082249036087006,-611369.5132771835
2025-10-29 10:00:00,0.14992798934648305,0.01441752315417786,0.30814952622586894,-603310.1529679699
2025-10-29 11:00:00,0.1672229432999486,0.012605543056535128,0.30807424239780884,-634925.2166695788
2025-10-29 12:00:00,0.17312193001650267,0.014547887991324726,0.30799905216325085,-642350.136790315
2025-10-29 13:00:00,0.1672229432999486,0.012187864826444761,0.3079239555608772,-578497.7680480089
2025-10-29 14:00:00,0.14992798934648305,0.013916009188570992,0.30784895262932227,-627398.8938151302
2025-10-29 15:00:00,0.12241569068677197,0.014338277859349643,0.3077740434071719,-598027.9699161194
2025-10-29 16:00:00,0.08656096500825132,0.015024240788713339,0.30769922793296384,-627633.8844515923
2025-10-29 17:00:00,0.04480725261317669,0.011840352080902795,0.30762450624518783,-615633.7109405514
2025-10-29 18:00:00,2.120132174569221e-17,0.01257191605677916,0.30754987838228504,-616667.9831598474
2025-10-29 19:00:00,0.0,0.01816830499261998,0.30747534438264856,-677245.3206849699
2025-10-29 20:00:00,0.0,0.015263136249933883,0.30740090428462313,-656817.7680384902
2025-10-29 21:00:00,0.0,0.0131683877486936,0.30732655812650517,-697031.6548473323
2025-10-29 22:00:00,0.0,0.014106364473635955,0.3072523059465429,-672558.3484339583
2025-10-29 23:00:00,0.0,0.016155646329292072,0.30717814778293606,-741635.9050653724
2025-10-30 00:00:00,0.0,0.01670132086563496,0.3071040836738359,-704274.1014889036
2025-10-30 01:00:00,0.0,0.01621756021803437,0.30703011365734556,-761339.0602517428
2025-10-30 02:00:00,0.0,0.015083114312827554,0.3069562377715196,-709464.4661807347
2025-10-30 03:00:00,0.0,0.01560341660519271,0.3068824560543642,-695014.4615016114
2025-10-30 04:00:00,0.0,0.01802220639731451,0.30680876854383726,-691455.7976789501
2025-10-30 05:00:00,0.0,0.01223288707407502,0.30673517527784777,-651491.7965651536
2025-10-30 06:00:00,0.0,0.01736086136881795,0.30666167629425667,-653815.0197769849
2025-10-30 07:00:00,0.04323746422478411,0.015187692748414576,0.3065882716308761,-632939.5722813613
2025-10-30 08:00:00,0.08352836671593723,0.01838632620032483,0.30651496132547007,-608921.5794659973
2025-10-30 09:00:00,0.11812694905255186,0.016047146447752344,0.30644174541575353,-663004.6151573135
2025-10-30 10:00:00,0.1446753750252484,0.012291544948253064,0.30636862393939335,-623466.6176165844
2025-10-30 11:00:00,0.16136441327733597,0.019128032748607193,0.30629559693400743,-630760.9584709054
2025-10-30 12:00:00,0.1670567334318745,0.013477228211159792,0.3062226644371653,-606561.639978945
2025-10-30 13:00:00,0.16136441327733597,0.018126585316982923,0.3061498264863878,-645025.9998500829
2025-10-30 14:00:00,0.14467537502524844,0.016710109299036838,0.30607708311914705,-609926.6530416431
2025-10-30 15:00:00,0.11812694905255189,0.017737291320297038,0.30600443437286673,-653569.3544862638
2025-10-30 16:00:00,0.08352836671593723,0.016011180219760338,0.3059318802849216,-635103.6051338287
2025-10-30 17:00:00,0.04323746422478415,0.01395959714287657,0.30585942089263785,-673386.4103120912
2025-10-30 18:00:00,2.0458549387335772e-17,0.014474796330624571,0.30578705623329305,-666767.9122550028
2025-10-30 19:00:00,0.0,0.01914275499696512,0.30571478634411586,-696607.2709945843
2025-10-30 20:00:00,0.0,0.0171062237566769,0.3056426112622861,-689891.2282407277
2025-10-30 21:00:00,0.0,0.01464098015972718,0.305570531024935,-665235.591678497
2025-10-30 22:00:00,0.0,0.015487827377428537,0.30549854566914497,-730498.7200940772
2025-10-30 23:00:00,0.0,0.016669232323146776,0.30542665523194973,-716674.4466447874
2025-10-31 00:00:00,0.0,0.01567425710348395,0.30535485975033383,-747031.7850005899
2025-10-31 01:00:00,0.0,0.017469549166647395,0.30528315926123323,-679581.9540661739
2025-10-31 02:00:00,0.0,0.015166500577590487,0.305211553801535,-663865.5693594061
2025-10-31 03:00:00,0.0,0.019034045095493578,0.3051400434080772,-725854.4951914737
2025-10-31 04:00:00,0.0,0.013634947723186054,0.30506862811764923,-668384.0303708168
2025-10-31 05:00:00,0.0,0.016264489449677837,0.30499730796699115,-702783.3098544002
2025-10-31 06:00:00,0.0,0.018517199966422714,0.3049260829927945,-679601.4593706087
2025-10-31 07:00:00,0.04168937579357726,0.013838084420486105,0.30485495323170153,-673951.2848947243
2025-10-31 08:00:00,0.08053768952177318,0.017526919341326438,0.30478391872030575,-652643.8316967473
2025-10-31 09:00:00,0.11389749280388514,0.017820226288003605,0.30471297949515147,-710252.3328366821
2025-10-31 10:00:00,0.13949537017591876,0.013065022980128807,0.3046421355927341,-653340.8006600485
2025-10-31 11:00:00,0.15558686859746243,0.01938135243988562,0.3045713870495001,-609044.1059908249
2025-10-31 12:00:00,0.16107537904354638,0.014894669994370117,0.3045007339018467,-584451.9154335246
2025-10-31 13:00:00,0.15558686859746243,0.0170274990892758,0.304430176186122,-595862.3612245882
2025-10-31 14:00:00,0.13949537017591876,0.0175164656692229,0.3043597139386253,-609029.703161984
2025-10-31 15:00:00,0.11389749280388516,0.016821331389298113,0.30428934719560646,-608906.1755026093
2025-10-31 16:00:00,0.08053768952177318,0.014535639834913525,0.30421907599326636,-633917.5726926675
2025-10-31 17:00:00,0.0416893757935773,0.018867307410095426,0.3041489003677567,-608752.0628465521
2025-10-31 18:00:00,1.9726044736712572e-17,0.014439282300075003,0.30407882035518013,-643414.4953886858
2025-10-31 19:00:00,0.0,0.019315203536419776,0.3040088359915899,-649712.5009457972
2025-10-31 20:00:00,0.0,0.018215514233575376,0.3039389473129902,-692744.8591631356
2025-10-31 21:00:00,0.0,0.01653978103636723,0.3038691543553359,-704037.6119643339
2025-10-31 22:00:00,0.0,0.013704958510520901,0.30379945715453277,-701397.6829290093
2025-10-31 23:00:00,0.0,0.020380203727524183,0.30372985574643724,-733087.4247381709
2025-11-01 00:00:00,0.0,0.01470193481663083,0.3036603501668563,-699810.1361614221
2025-11-01 01:00:00,0.0,0.021226907824339787,0.30359094045154783,-699259.5146558117
2025-11-01 02:00:00,0.0,0.016771845279612035,0.3035216266362204,-684615.4303617115
2025-11-01 03:00:00,0.0,0.01734651295980745,0.30345240875653307,-709177.8684934372
2025-11-01 04:00:00,0.0,0.02018669829949339,0.30338328684809585,-702506.6976362827
2025-11-01 05:00:00,0.0,0.01896740221817704,0.303314260946469,-687253.7582244899
2025-11-01 06:00:00,0.0,0.013504392356275055,0.3032453310871637,-691882.138982511
2025-11-01 07:00:00,0.04016344605156871,0.017675558857008267,0.3031764973056416,-611779.63849759
2025-11-01 08:00:00,0.07758981962795586,0.019157552367954626,0.30310775963731496,-646049.1925128798
2025-11-01 09:00:00,0.10972857521993734,0.020237553713106902,0.3030391181175463,-644057.1222603655
2025-11-01 10:00:00,0.13438950974572447,0.015934245134045386,0.30297057278164924,-668547.4312969632
2025-11-01 11:00:00,0.14989202127150608,0.017181904536404488,0.30290212366488733,-640742.3935652314
2025-11-01 12:00:00,0.15517963925591174,0.018855901348013356,0.3028337708024751,-599933.9171906655
2025-11-01 13:00:00,0.14989202127150608,0.016665016247290176,0.3027655142295772,-620508.3934964542
2025-11-01 14:00:00,0.1343895097457245,0.015146429042629278,0.302697353981309,-616161.2315338013
2025-11-01 15:00:00,0.10972857521993735,0.01626990663771753,0.3026292900927362,-655700.5317710874
2025-11-01 16:00:00,0.07758981962795586,0.015625479805242117,0.3025613225988749,-629610.7801745707
2025-11-01 17:00:00,0.04016344605156876,0.013951545630836216,0.30249345153469176,-668680.8193006808
2025-11-01 18:00:00,1.9004024850759328e-17,0.017202699147426767,0.3024256769351036,-728894.3507702855
2025-11-01 19:00:00,0.0,0.016095789918801076,0.30235799883497777,-660649.2162696546
2025-11-01 20:00:00,0.0,0.014660268849674732,0.302290417269132,-666428.8614351865
2025-11-01 21:00:00,0.0,0.017392513245640485,0.3022229322723341,-676066.7696712329
2025-11-01 22:00:00,0.0,0.016401685129559612,0.30215554387930255,-677830.0226020861
2025-11-01 23:00:00,0.0,0.020329446610618147,0.30208825212470597,-731291.1389942348
2025-11-02 00:00:00,0.0,0.022080316598220497,0.30202105704316323,-712239.0045146185
2025-11-02 01:00:00,0.0,0.0182774515623627,0.3019539586692435,-740233.1524157344
2025-11-02 02:00:00,0.0,0.014910499472402776,0.30188695703746626,-669197.4469300128
2025-11-02 03:00:00,0.0,0.02186682770432749,0.30182005218230107,-700549.3886247489
2025-11-02 04:00:00,0.0,0.021266258824481958,0.30175324413816795,-739316.0473125419
2025-11-02 05:00:00,0.0,0.015012240806126335,0.30168653293943676,-727265.0049846097
2025-11-02 06:00:00,0.0,0.019287369578380842,0.30161991862042786,-662726.0269656808
2025-11-02 07:00:00,0.03866012716467326,0.014419961016984763,0.3015534012154116,-611289.1471536955
2025-11-02 08:00:00,0.07468563055195493,0.021371009094993537,0.30148698075860847,-663487.3815682327
2025-11-02 09:00:00,0.10562143164096106,0.015056903200434128,0.3014206572841892,-633755.963529748
2025-11-02 10:00:00,0.12935930671130436,0.01794738505822373,0.30135443082627456,-641363.1051465933
2025-11-02 11:00:00,0.14428155880563434,0.019445855686277106,0.30128830141893537,-599638.7304988309
2025-11-02 12:00:00,0.14937126110390989,0.014690625226279098,0.30122226909619265,-600765.7783726843
2025-11-02 13:00:00,0.14428155880563434,0.02145840886049628,0.30115633389201724,-651624.9196287728
2025-11-02 14:00:00,0.12935930671130438,0.023387222912375136,0.3010904958403302,-647149.1419447962
2025-11-02 15:00:00,0.10562143164096108,0.015346746621424845,0.30102475497500264,-617489.3774018743
2025-11-02 16:00:00,0.07468563055195493,0.021005302518501565,0.30095911132985553,-639744.2068973716
2025-11-02 17:00:00,0.0386601271646733,0.019856033852631724,0.3008935649386599,-614486.837962747
2025-11-02 18:00:00,1.829270367955068e-17,0.019368105699185706,0.30082811583513663,-620904.1422994201
2025-11-02 19:00:00,0.0,0.020508406793579542,0.3007627640529569,-663553.4656080779
2025-11-02 20:00:00,0.0,0.021001514807752673,0.3006975096257414,-702696.4987989634
2025-11-02 21:00:00,0.0,0.017235503582359323,0.3006323525870609,-723383.055197849
2025-11-02 22:00:00,0.0,0.01619846900147766,0.3005672929704362,-709588.674303767
2025-11-02 23:00:00,0.0,0.018774167824865767,0.3005023308093378,-652076.290501579
2025-11-03 00:00:00,0.0,0.017677772341713263,0.3004374661371862,-731014.8902079952
2025-11-03 01:00:00,0.0,0.022510237201625576,0.3003726989873515,-743332.5442930714
2025-11-03 02:00:00,0.0,0.022780926263601703,0.300308029393154,-712823.3291294463
2025-11-03 03:00:00,0.0,0.01569567325842047,0.30024345738786345,-717476.7113723989
2025-11-03 04:00:00,0.0,0.017318641282926556,0.3001789830046996,-708152.8761621893
2025-11-03 05:00:00,0.0,0.01862417734679378,0.30011460627683195,-731329.0870367979
2025-11-03 06:00:00,0.0,0.023664816758190713,0.3000503272373798,-671295.6702505702
2025-11-03 07:00:00,0.03717986459872141,0.01759450087641255,0.29998614591941203,-685068.7289849798
2025-11-03 08:00:00,0.0718259828676713,0.022664022341675888,0.2999220623559474,-650160.6302305751
2025-11-03 09:00:00,0.10157727910223835,0.018133135740397762,0.2998580765799544,-630009.2798633146
2025-11-03 10:00:00,0.12440625163037845,0.021890050870146283,0.29979418862435103,-655301.7754654865
2025-11-03 11:00:00,0.13875714370095976,0.018021676381297858,0.29973039852200517,-611002.7079113097
2025-11-03 12:00:00,0.14365196573534264,0.02153478924932063,0.29966670630573417,-661583.1844360097
2025-11-03 13:00:00,0.13875714370095976,0.02397550701830438,0.2996031120083052,-613926.1238312565
2025-11-03 14:00:00,0.12440625163037847,0.01916990147847762,0.299539615662435,-660850.103971774
2025-11-03 15:00:00,0.10157727910223836,0.021151337347291542,0.29947621730078977,-643021.0358862267
2025-11-03 16:00:00,0.0718259828676713,0.02005648421849954,0.2994129169559855,-645609.6810637868
2025-11-03 17:00:00,0.03717986459872145,0.02130613603463343,0.2993497146605877,-627543.2036759052
2025-11-03 18:00:00,1.759229200290126e-17,0.017581798995634168,0.29928661044711136,-670665.8482559028
2025-11-03 19:00:00,0.0,0.01960466380612849,0.2992236043480211,-703260.2609834388
2025-11-03 20:00:00,0.0,0.022901097463598266,0.2991606963957311,-709037.1442055685
2025-11-03 21:00:00,0.0,0.017325115928548757,0.29909788662260484,-662569.2206377024
2025-11-03 22:00:00,0.0,0.020056605887135804,0.29903517506095545,-687332.3761413727
2025-11-03 23:00:00,0.0,0.02491646628386665,0.2989725617430456,-708769.407775339
2025-11-04 00:00:00,0.0,0.02534425165310669,0.29891004670108723,-733336.2363781348
2025-11-04 01:00:00,0.0,0.019966226735288622,0.2988476299672419,-737590.976369391
2025-11-04 02:00:00,0.0,0.019454893616168693,0.2987853115736205,-708783.365655828
2025-11-04 03:00:00,0.0,0.019351154047306682,0.29872309155228327,-766851.4907831767
2025-11-04 04:00:00,0.0,0.02329761122570229,0.2986609699352401,-684143.3191101498
2025-11-04 05:00:00,0.0,0.021908609360829456,0.29859894675444987,-726038.5330602318
2025-11-04 06:00:00,0.0,0.01763984562134036,0.29853702204182103,-718374.1171001043
2025-11-04 07:00:00,0.035723096987458146,0.02216139190830374,0.29847519582921145,-704010.8502939527
2025-11-04 08:00:00,0.06901172395043007,0.01672807566427343,0.29841346814842823,-633579.336630577
2025-11-04 09:00:00,0.09759731597344636,0.019911192556195067,0.2983518390312277,-613547.0829301056
2025-11-04 10:00:00,0.11953181220006283,0.02064089189483562,0.29829030850931565,-615274.7310471778
2025-11-04 11:00:00,0.1333204129609045,0.02246080628558561,0.2982288766143471,-621236.6613015913
2025-11-04 12:00:00,0.13802344790086016,0.026214498932023246,0.29816754337792617,-628073.7184856917
2025-11-04 13:00:00,0.1333204129609045,0.02320897430835143,0.29810630883160655,-622116.0423800488
2025-11-04 14:00:00,0.11953181220006286,0.024397343121609415,0.29804517300689065,-623703.1027346771
2025-11-04 15:00:00,0.09759731597344636,0.022950870177273472,0.29798413593523065,-614770.3307983348
2025-11-04 16:00:00,0.06901172395043007,0.02109913648436641,0.2979231976480276,-685544.4978408285
2025-11-04 17:00:00,0.03572309698745818,0.01832555345027673,0.29786235817663187,-637383.4867707485
2025-11-04 18:00:00,1.6902997367906986e-17,0.023228006253876603,0.2978016175523427,-627656.838616179
2025-11-04 19:00:00,0.0,0.02516419645427212,0.29774097580640896,-692759.9653638195
2025-11-04 20:00:00,0.0,0.019516490047197525,0.2976804329700282,-681824.519201429
2025-11-04 21:00:00,0.0,0.02163753999964622,0.29761998907434745,-672605.8429458163
2025-11-04 22:00:00,0.0,0.020116157431591494,0.29755964415046254,-702182.4768121982
2025-11-04 23:00:00,0.0,0.0221611714279713,0.2974993982294186,-685041.9535971467
2025-11-05 00:00:00,0.0,0.022796827547590548,0.2974392513422097,-720923.5429217082
2025-11-05 01:00:00,0.0,0.020779076258165944,0.29737920351977903,-680429.8423286651
2025-11-05 02:00:00,0.0,0.025838729015089414,0.29731925479301874,-685453.9197570784
2025-11-05 03:00:00,0.0,0.01832511765693536,0.29725940519277,-724689.8711369716
2025-11-05 04:00:00,0.0,0.017804343916321127,0.2971996547498232,-725213.4641094271
2025-11-05 05:00:00,0.0,0.017688809580671882,0.2971400034949173,-720500.2565832537
2025-11-05 06:00:00,0.0,0.017481731140082522,0.2970804514587407,-643445.6828017695
2025-11-05 07:00:00,0.034290256002566265,0.02314339145190853,0.29702099867193044,-621067.1948972833
2025-11-05 08:00:00,0.066243687725885,0.017396007263440896,0.29696164516507256,-661442.2479480621
2025-11-05 09:00:00,0.0936827216035547,0.026013775952917068,0.29690239096870225,-690445.5965519431
2025-11-05 10:00:00,0.11473743282195964,0.02020818918626187,0.2968432361133031,-628114.0187960782
2025-11-05 11:00:00,0.12797297760612097,0.0174008640338971,0.2967841806293081,-644381.6055309913
2025-11-05 12:00:00,0.13248737545177003,0.02289440166792619,0.2967252245470989,-618512.9642185883
2025-11-05 13:00:00,0.12797297760612097,0.02688934060350385,0.29666636789700607,-648815.8405276545
2025-11-05 14:00:00,0.11473743282195967,0.025264026468986553,0.2966076107093089,-624419.9759712387
2025-11-05 15:00:00,0.09368272160355472,0.0279028499382965,0.29654895301423567,-676359.339746405
2025-11-05 16:00:00,0.066243687725885,0.025820518029504348,0.29649039484196343,-689246.1375041952
2025-11-05 17:00:00,0.0342902560025663,0.01801051167508229,0.296431936222618,-587178.5508813075
2025-11-05 18:00:00,1.6225024027444377e-17,0.02389185754415736,0.29637357718627405,-625070.4546134411
2025-11-05 19:00:00,0.0,0.018297499893371025,0.2963153177629548,-656720.362704639
2025-11-05 20:00:00,0.0,0.024241505306301703,0.2962571579826326,-689454.7116359933
2025-11-05 21:00:00,0.0,0.020892121050348073,0.296199097875228,-706037.67507812
2025-11-05 22:00:00,0.0,0.018788297975761852,0.296141137470611,-674168.7527509594
2025-11-05 23:00:00,0.0,0.02507728320832029,0.2960832767985995,-773419.5403902633
2025-11-06 00:00:00,0.0,0.02225175406321335,0.2960255158889608,-716538.4518860021
2025-11-06 01:00:00,0.0,0.021035023818319374,0.29596785477141047,-716025.8316468375
2025-11-06 02:00:00,0.0,0.02572769586988355,0.2959102934756128,-685997.2418521069
2025-11-06 03:00:00,0.0,0.023337386361895862,0.2958528320311808,-750062.3516374532
2025-11-06 04:00:00,0.0,0.02235368865117966,0.2957954704676761,-719345.0181120457
2025-11-06 05:00:00,0.0,0.0215165468762059,0.295738208814609,-739939.3766170562
2025-11-06 06:00:00,0.0,0.024936150166358556,0.29568104710143805,-711639.3014772317
2025-11-06 07:00:00,0.03288176622575285,0.022379368396307026,0.29562398535757095,-642238.8783353356
2025-11-06 08:00:00,0.06352269442290859,0.022899178953180912,0.2955670236123635,-684622.2309865017
2025-11-06 09:00:00,0.08983465597135912,0.018662168279876677,0.2955101618951203,-638460.7504762271
2025-11-06 10:00:00,0.11002453417414985,0.028396653488155257,0.2954534002350944,-669805.897440356
2025-11-06 11:00:00,0.12271642219711199,0.026267294379990033,0.29539673866148747,-680340.2395020084
2025-11-06 12:00:00,0.1270453888458172,0.026402046860539482,0.2953401772034495,-614467.597577124
2025-11-06 13:00:00,0.12271642219711199,0.020905095326226517,0.2952837158900792,-605931.6873458014
2025-11-06 14:00:00,0.11002453417414988,0.024809678239424614,0.29522735475042355,-629475.2430945679
2025-11-06 15:00:00,0.08983465597135913,0.02184173832443053,0.29517109381347817,-642326.8533769756
2025-11-06 16:00:00,0.06352269442290859,0.022967319244984005,0.295114933108187,-601981.5871828133
2025-11-06 17:00:00,0.03288176622575289,0.026595122458208217,0.2950588726634425,-631149.36478108
2025-11-06 18:00:00,1.555857287964609e-17,0.02710746942058481,0.2950029125080855,-635592.8582259116
2025-11-06 19:00:00,0.0,0.02002292940958789,0.2949470526709053,-681806.0871831956
2025-11-06 20:00:00,0.0,0.025175749342253084,0.2948912931806395,-680679.4592779122
2025-11-06 21:00:00,0.0,0.022671135173305046,0.29483563406597413,-718346.8657228973
2025-11-06 22:00:00,0.0,0.025446409148744714,0.2947800753555436,-738202.8620805398
2025-11-06 23:00:00,0.0,0.026206999698503316,0.29472461707793063,-717015.3168359802
2025-11-07 00:00:00,0.0,0.023089093015297837,0.2946692592616662,-713662.1841069114
2025-11-07 01:00:00,0.0,0.023078168551534294,0.29461400193522985,-742353.9798658524
2025-11-07 02:00:00,0.0,0.019327240100464035,0.29455884512704905,-751484.6142974922
2025-11-07 03:00:00,0.0,0.020060192733740295,0.2945037888654999,-758793.824543991
2025-11-07 04:00:00,0.0,0.023040470333079353,0.2944488331789066,-716707.5783953345
2025-11-07 05:00:00,0.0,0.0219596891015086,0.29439397809554163,-771382.0314218778
2025-11-07 06:00:00,0.0,0.024200036708835197,0.29433922364362575,-707882.6594902498
2025-11-07 07:00:00,0.031498045022936454,0.02784176852500922,0.2942845698513279,-638450.6834283795
2025-11-07 08:00:00,0.06084955033054033,0.02564997006577809,0.29423001674676535,-674388.0250085653
2025-11-07 09:00:00,0.0860542593417544,0.02817291355715412,0.2941755643580034,-662930.5247316774
2025-11-07 10:00:00,0.10539451279021544,0.022929315457464423,0.2941212127130557,-649791.6474501941
2025-11-07 11:00:00,0.11755230436469086,0.020776179528958136,0.29406696183988384,-622766.946266956
2025-11-07 12:00:00,0.12169910066108068,0.030269303945361932,0.2940128117663979,-623903.363006015
2025-11-07 13:00:00,0.11755230436469086,0.02221972048752321,0.2939587625204557,-625871.5959654264
2025-11-07 14:00:00,0.10539451279021546,0.020656582131403072,0.29390481412986363,-615263.7845053282
2025-11-07 15:00:00,0.08605425934175441,0.024383838286394507,0.29385096662237586,-613260.7895398705
2025-11-07 16:00:00,0.06084955033054033,0.02321065355674654,0.2937972200256948,-646173.1669747884
2025-11-07 17:00:00,0.03149804502293649,0.03004312461154701,0.2937435743674709,-649267.1141818785
2025-11-07 18:00:00,1.49038414083704e-17,0.02349659373133898,0.2936900296753027,-651577.5287356057
2025-11-07 19:00:00,0.0,0.028525033380603106,0.29363658597673686,-679941.9271593177
2025-11-07 20:00:00,0.0,0.03064547093348437,0.29358324329926794,-672416.8269242331
2025-11-07 21:00:00,0.0,0.029407179621540786,0.29353000167033855,-690163.342614597
2025-11-07 22:00:00,0.0,0.027849959440816627,0.2934768611173395,-715054.6710839143
2025-11-07 23:00:00,0.0,0.02436861696671708,0.2934238216676095,-733524.7035653727
2025-11-08 00:00:00,0.0,0.02696042529602053,0.29337088334843503,-752659.2704920814
2025-11-08 01:00:00,0.0,0.028648349375746892,0.29331804618705093,-694214.9125624048
2025-11-08 02:00:00,0.0,0.029905921805155007,0.2932653102106397,-711316.095875091
2025-11-08 03:00:00,0.0,0.026901601302122154,0.29321267544633184,-700444.3677205638
2025-11-08 04:00:00,0.0,0.022478924618958215,0.2931601419212059,-753926.459224822
2025-11-08 05:00:00,0.0,0.02160506193192588,0.2931077096622883,-640568.553227581
2025-11-08 06:00:00,0.0,0.030758818070275515,0.2930553786965532,-644447.2520232856
2025-11-08 07:00:00,0.030139502420572645,0.021798099736559762,0.2930031490509229,-663950.8433716551
2025-11-08 08:00:00,0.058225047559066,0.03020533125879171,0.2929510207522674,-647494.53318851
2025-11-08 09:00:00,0.08234265192784962,0.025254598170514477,0.29289899382740464,-674142.9535239871
2025-11-08 10:00:00,0.10084874064541656,0.02411138864254313,0.2928470683031004,-656219.1967098333
2025-11-08 11:00:00,0.11248215434842228,0.025673636115919718,0.2927952442060683,-638621.3387658811
2025-11-08 12:00:00,0.11645009511813202,0.0324858521390262,0.2927435215629697,-669443.2206506564
2025-11-08 13:00:00,0.11248215434842228,0.02550196208469159,0.2926919004004138,-626160.3452481278
2025-11-08 14:00:00,0.10084874064541657,0.022820447351608746,0.2926403807449578,-612382.0709600697
2025-11-08 15:00:00,0.08234265192784963,0.028163422283198816,0.29258896262310624,-676129.5357187265
2025-11-08 16:00:00,0.058225047559066,0.02305020061889684,0.2925376460613118,-569328.261563969
2025-11-08 17:00:00,0.030139502420572676,0.027874352589410453,0.2924864310859748,-616972.7794947933
2025-11-08 18:00:00,1.426102362468252e-17,0.029189162950309377,0.2924353177234433,-617030.9665478455
2025-11-08 19:00:00,0.0,0.03022487953574597,0.29238430600001303,-704589.2489516401
2025-11-08 20:00:00,0.0,0.023183657533797055,0.2923333959419275,-672971.2903928602
2025-11-08 21:00:00,0.0,0.02124132697224865,0.2922825875753779,-684062.771516784
2025-11-08 22:00:00,0.0,0.024435713032385287,0.29223188092650304,-718379.8228038786
2025-11-08 23:00:00,0.0,0.023500223563870135,0.29218127602138966,-716341.2604721128
2025-11-09 00:00:00,0.0,0.029465615450587058,0.29213077288607164,-748312.1629045932
2025-11-09 01:00:00,0.0,0.02109453707012984,0.29208037154653105,-745340.000466096
2025-11-09 02:00:00,0.0,0.029553904999880993,0.2920300720286972,-733941.1887097536
2025-11-09 03:00:00,0.0,0.0215410725066005,0.2919798743584473,-700697.5387849187
2025-11-09 04:00:00,0.0,0.02774573939946978,0.29192977856160607,-713356.1041431914
2025-11-09 05:00:00,0.0,0.03139655627234565,0.2918797846639456,-722625.5947617141
2025-11-09 06:00:00,0.0,0.030026383910894405,0.2918298926911859,-699693.2584331193
2025-11-09 07:00:00,0.028806540984154208,0.021802848369264417,0.2917801026689943,-685774.2039500459
2025-11-09 08:00:00,0.055649963805298124,0.02652114862585276,0.2917304146229858,-678422.0081140542
2025-11-09 09:00:00,0.07870093355902447,0.03094002121801224,0.29168082857872296,-658136.2504173137
2025-11-09 10:00:00,0.09638856475014541,0.025281652588435916,0.2916313445617158,-654186.1302724605
2025-11-09 11:00:00,0.10750747454317867,0.026639122101314108,0.29158196259742175,-623087.3339962389
2025-11-09 12:00:00,0.11129992761059626,0.02340873014672894,0.29153268271124594,-641951.0788248624
2025-11-09 13:00:00,0.10750747454317867,0.02210260247874655,0.29148350492854086,-663329.5918204141
2025-11-09 14:00:00,0.09638856475014543,0.03311270812709551,0.29143442927460655,-651094.5788046423
2025-11-09 15:00:00,0.07870093355902448,0.03175465010108949,0.29138545577469044,-639978.106808419
2025-11-09 16:00:00,0.055649963805298124,0.028840465183378284,0.2913365844539874,-619229.070143938
2025-11-09 17:00:00,0.02880654098415424,0.023645761401814076,0.2912878153376398,-647036.9510213679
2025-11-09 18:00:00,1.3630310009364882e-17,0.02176698695594967,0.2912391484507374,-678875.7577047796
2025-11-09 19:00:00,0.0,0.032189561307400166,0.2911905838183174,-651559.4084540934
2025-11-09 20:00:00,0.0,0.021805174456095058,0.2911421214653642,-694909.073228198
2025-11-09 21:00:00,0.0,0.02897786824768721,0.29109376141680987,-703263.9896091395
2025-11-09 22:00:00,0.0,0.0229884892080062,0.29104550369753374,-713510.4896452847
2025-11-09 23:00:00,0.0,0.02531216592871315,0.29099734833236235,-744401.9193162349
2025-11-10 00:00:00,0.0,0.02784304101317498,0.2909492953460697,-717623.47633526
2025-11-10 01:00:00,0.0,0.02806530195904479,0.29090134476337726,-728653.9112277634
2025-11-10 02:00:00,0.0,0.028197497398220656,0.29085349660895365,-745536.4733138703
2025-11-10 03:00:00,0.0,0.022474278639324975,0.29080575090741473,-744835.8842738246
2025-11-10 04:00:00,0.0,0.025082844918995602,0.2907581076833239,-719361.5097130595
2025-11-10 05:00:00,0.0,0.02406489440858999,0.29071056696119146,-710166.4468380318
2025-11-10 06:00:00,0.0,0.027770998254495152,0.29066312876547534,-691474.1977853036
2025-11-10 07:00:00,0.027499555698922453,0.023885177243856213,0.29061579312058067,-671280.9264390646
2025-11-10 08:00:00,0.05312506212212785,0.03449513416870092,0.2905685600508596,-703924.2480778076
2025-11-10 09:00:00,0.0751301833550264,0.029690829212178357,0.2905214295806117,-633124.4736065054
2025-11-10 10:00:00,0.09201530675077832,0.023630426918656966,0.2904744017340837,-662951.6296403892
2025-11-10 11:00:00,0.10262973905394886,0.02409356378639072,0.29042747653546946,-639071.5649773037
2025-11-10 12:00:00,0.10625012424425571,0.025749351831273495,0.29038065400891033,-653414.8016255447
2025-11-10 13:00:00,0.10262973905394886,0.022616457283429352,0.2903339341784944,-617531.040346693
2025-11-10 14:00:00,0.09201530675077833,0.026586761324495767,0.2902873170682573,-628962.0221235933
2025-11-10 15:00:00,0.07513018335502641,0.03308524400114194,0.29024080270218156,-637201.6836202287
2025-11-10 16:00:00,0.05312506212212785,0.03301206847503661,0.290194391104197,-648885.6160934578
2025-11-10 17:00:00,0.02749955569892248,0.024460755526520692,0.2901480822981805,-648941.8231656376
2025-11-10 18:00:00,1.3011887456473635e-17,0.036448571618432644,0.29010187630795614,-619760.2979621707
2025-11-10 19:00:00,0.0,0.028322414567190653,0.2900557731572949,-705989.4940653212
2025-11-10 20:00:00,0.0,0.025057268231231822,0.29000977286991525,-711468.6981031013
2025-11-10 21:00:00,0.0,0.031003563531961917,0.28996387546948227,-714729.4213246573
2025-11-10 22:00:00,0.0,0.03137339388856692,0.2899180809796084,-705588.4599731008
2025-11-10 23:00:00,0.0,0.03396982108088542,0.2898723894238531,-744982.9153376668
2025-11-11 00:00:00,0.0,0.03579862172367308,0.2898268008257229,-728606.6258057011
2025-11-11 01:00:00,0.0,0.032182930013611846,0.2897813152086711,-706187.1385940505
2025-11-11 02:00:00,0.0,0.02918037790974174,0.2897359325960984,-715840.7038498021
2025-11-11 03:00:00,0.0,0.025888216437978447,0.28969065301135233,-732805.5264863668
2025-11-11 04:00:00,0.0,0.033925898131748296,0.2896454764777273,-689088.5383212357
2025-11-11 05:00:00,0.0,0.035510492644886094,0.2896004030184649,-706677.074687067
2025-11-11 06:00:00,0.0,0.03075471207521692,0.28955543265675365,-692483.0328956525
2025-11-11 07:00:00,0.026218933852824502,0.03114972214012084,0.28951056541572895,-705082.0348191436
2025-11-11 08:00:00,0.050651090692415864,0.025470804479857757,0.2894658013184732,-698644.394496331
2025-11-11 09:00:00,0.07163145940620416,0.037378485265815845,0.28942114038801575,-634478.8219306269
2025-11-11 10:00:00,0.08773026253804334,0.02492117898424534,0.28937658264733285,-640838.2359704083
2025-11-11 11:00:00,0.09785039325902867,0.031918128269089345,0.28933212811934766,-664543.1277534934
2025-11-11 12:00:00,0.10130218138483174,0.0243354331044847,0.28928777682693024,-644657.5678873304
2025-11-11 13:00:00,0.09785039325902867,0.03680994845111759,0.28924352879289755,-649409.4080113317
2025-11-11 14:00:00,0.08773026253804335,0.035620683638574395,0.28919938404001344,-631919.9230808832
2025-11-11 15:00:00,0.07163145940620416,0.03572388061823336,0.2891553425909886,-617477.4464233967
2025-11-11 16:00:00,0.050651090692415864,0.03222537028537179,0.2891114044684806,-697504.7611543566
2025-11-11 17:00:00,0.02621893385282453,0.027006424140128667,0.28906756969509384,-643995.9620539638
2025-11-11 18:00:00,1.2405939217957878e-17,0.02998390025077067,0.2890238382933796,-656351.5454788335
2025-11-11 19:00:00,0.0,0.027095728571161822,0.28898021028583587,-659732.358306298
2025-11-11 20:00:00,0.0,0.02869559445846828,0.28893668569490755,-680466.0484345632
2025-11-11 21:00:00,0.0,0.029359919664699016,0.2888932645429862,-737692.3389272426
2025-11-11 22:00:00,0.0,0.03186301568921177,0.2888499468524104,-738165.8641383784
2025-11-11 23:00:00,0.0,0.03846159376655368,0.28880673264546525,-761285.7730129036
2025-11-12 00:00:00,0.0,0.0245626171755608,0.28876362194438276,-722233.4599071875
2025-11-12 01:00:00,0.0,0.03177005478477446,0.2887206147713417,-715084.1992406173
2025-11-12 02:00:00,0.0,0.03567769470514505,0.28867771114846746,-738232.7792422497
2025-11-12 03:00:00,0.0,0.03525466842068537,0.28863491109783235,-665554.764508213
2025-11-12 04:00:00,0.0,0.02604751248324265,0.2885922146414552,-713614.7222848142
2025-11-12 05:00:00,0.0,0.031362781003723486,0.2885496218013016,-707772.7641302512
2025-11-12 06:00:00,0.0,0.035711447830129465,0.28850713259928384,-696095.813277466
2025-11-12 07:00:00,0.02496505492175133,0.027112944501894012,0.288464747057261,-678453.7962518937
2025-11-12 08:00:00,0.048228782607289244,0.034507625669752184,0.2884224651970387,-641510.5391797341
2025-11-12 09:00:00,0.0682057984599721,0.03686872254523635,0.28838028704036917,-644911.785563227
2025-11-12 10:00:00,0.08353470186301917,0.024980603487415202,0.28833821260895154,-691806.2259110652
2025-11-12 11:00:00,0.09317085338172344,0.032321240869348455,0.2882962419244313,-633424.8840686516
2025-11-12 12:00:00,0.0964575652145785,0.03278004277874771,0.2882543750084008,-663582.573083823
2025-11-12 13:00:00,0.09317085338172344,0.03947895508471322,0.2882126118823988,-626537.2357997035
2025-11-12 14:00:00,0.08353470186301917,0.03526264791190172,0.28817095256791064,-667166.7789108081
2025-11-12 15:00:00,0.06820579845997211,0.029746855584116216,0.28812939708636864,-633040.0896340141
2025-11-12 16:00:00,0.048228782607289244,0.03391155223569652,0.28808794545915123,-638185.4534515183
2025-11-12 17:00:00,0.024965054921751356,0.03640834023312432,0.2880465977075836,-674450.8536441398
2025-11-12 18:00:00,1.1812644849358064e-17,0.037439646588873596,0.2880053538529376,-726013.78373878
2025-11-12 19:00:00,0.0,0.029980014834051466,0.28796421391643146,-675123.8709635662
2025-11-12 20:00:00,0.0,0.03021044337391552,0.2879231779192301,-662820.5673158772
2025-11-12 21:00:00,0.0,0.029309634511419238,0.2878822458824449,-722176.3519507768
2025-11-12 22:00:00,0.0,0.02724846539574728,0.2878414178271336,-729367.9435103544
2025-11-12 23:00:00,0.0,0.03112412514586979,0.2878006937743008,-771558.036358506
2025-11-13 00:00:00,0.0,0.026669654309161756,0.28776007374489737,-766153.4256712887
2025-11-13 01:00:00,0.0,0.02859563022554675,0.2877195577598205,-805930.4869404011
2025-11-13 02:00:00,0.0,0.0345659308036147,0.28767914583991416,-736208.4889792503
2025-11-13 03:00:00,0.0,0.03928470633155451,0.2876388380059687,-716469.6499711825
2025-11-13 04:00:00,0.0,0.03631781647802906,0.28759863427872084,-684748.0204649013
2025-11-13 05:00:00,0.0,0.030398735596002226,0.28755853467885373,-697928.6773203741
2025-11-13 06:00:00,0.0,0.0395221970256392,0.2875185392269971,-710996.3778792021
2025-11-13 07:00:00,0.02373829045709125,0.03314669846135188,0.2874786479437269,-655213.3547267428
2025-11-13 08:00:00,0.04585885564891153,0.027713399495765297,0.28743886084956577,-727852.894893906
2025-11-13 09:00:00,0.06485421561360072,0.03498875776284354,0.2873991779649824,-650441.9285255877
2025-11-13 10:00:00,0.0794298679608818,0.026886768997511187,0.2873595993103921,-676146.5738562462
2025-11-13 11:00:00,0.08859250607069198,0.028459378124781505,0.28732012490615655,-656893.0450083157
2025-11-13 12:00:00,0.09171771129782308,0.039701724819728675,0.2872807547725836,-667700.3170534621
2025-11-13 13:00:00,0.08859250607069198,0.029222443189730864,0.28724148892992774,-655162.1302086981
2025-11-13 14:00:00,0.07942986796088182,0.027163366642786613,0.2872023273983897,-641136.251506446
2025-11-13 15:00:00,0.06485421561360072,0.03702721402053583,0.2871632701981164,-604527.5488773241
2025-11-13 16:00:00,0.04585885564891153,0.03833200969125877,0.28712431734920124,-657751.1489317282
2025-11-13 17:00:00,0.023738290457091273,0.04156522690607852,0.2870854688716839,-622060.272662342
2025-11-13 18:00:00,1.1232180156600008e-17,0.03082018762738802,0.28704672478555043,-633441.8045112595
2025-11-13 19:00:00,0.0,0.030136981871278265,0.287008085110733,-659491.6187971906
2025-11-13 20:00:00,0.0,0.03301081395865717,0.28696954986711026,-699334.0890431008
2025-11-13 21:00:00,0.0,0.034652053883224725,0.28693111907450697,-705800.4393039505
2025-11-13 22:00:00,0.0,0.04040317141155465,0.2868927927526943,-663312.879363667
2025-11-13 23:00:00,0.0,0.03522160266597454,0.28685457092138955,-693043.8496513147
2025-11-14 00:00:00,0.0,0.038713251772622664,0.2868164536002563,-781370.9524841019
2025-11-14 01:00:00,0.0,0.027740226433448447,0.28677844080890447,-743169.6945468077
2025-11-14 02:00:00,0.0,0.036469269550413075,0.2867405325668901,-753828.2312620528
2025-11-14 03:00:00,0.0,0.032225010244703,0.2867027288937154,-754173.4712901246
2025-11-14 04:00:00,0.0,0.037572749961150925,0.28666502980882885,-768633.8082144229
2025-11-14 05:00:00,0.0,0.03175260720395239,0.2866274353316252,-757114.7144298613
2025-11-14 06:00:00,0.0,0.027458477397020134,0.28658994548144523,-689433.284476309
2025-11-14 07:00:00,0.022539003975630748,0.02684178580325518,0.286552560277576,-650542.7334947813
2025-11-14 08:00:00,0.04354201207778745,0.028884737792601946,0.28651527973925056,-677558.6616802501
2025-11-14 09:00:00,0.061577704013420116,0.03933591938300582,0.28647810388564837,-696483.9374342617
2025-11-14 10:00:00,0.07541697718250556,0.037235483837068366,0.28644103273589494,-624750.0137390145
2025-11-14 11:00:00,0.08411670798905088,0.03402587887839714,0.2864040663090619,-695854.6174186834
2025-11-14 12:00:00,0.08708402415557491,0.029048077293442505,0.2863672046241669,-659155.8229751708
2025-11-14 13:00:00,0.08411670798905088,0.03817137967023665,0.28633044770017385,-647236.3749422211
2025-11-14 14:00:00,0.07541697718250558,0.034586301005125476,0.28629379555599277,-619516.1469462999
2025-11-14 15:00:00,0.06157770401342012,0.03880086988535711,0.2862572482104796,-666085.9745296827
2025-11-14 16:00:00,0.04354201207778745,0.037917088705671814,0.2862208056824365,-620742.0800725678
2025-11-14 17:00:00,0.02253900397563077,0.031728543069855196,0.2861844679906118,-645814.3620787944
2025-11-14 18:00:00,1.0664717143899559e-17,0.04004238260192957,0.2861482351536997,-662943.834999846
2025-11-14 19:00:00,0.0,0.04334844696608105,0.2861121071903405,-713210.1229090752
2025-11-14 20:00:00,0.0,0.03273039425063292,0.2860760841191207,-680955.2256192315
2025-11-14 21:00:00,0.0,0.03579460828217896,0.2860401659585726,-707347.8372694581
2025-11-14 22:00:00,0.0,0.03567097090727325,0.2860043527271748,-732267.1720940412
2025-11-14 23:00:00,0.0,0.03753671611863979,0.2859686444433516,-714308.1621382292
2025-11-15 00:00:00,0.0,0.04399397651760051,0.2859330411254737,-730052.6469575574
2025-11-15 01:00:00,0.0,0.0283252166881897,0.2858975427918573,-712159.2135798425
2025-11-15 02:00:00,0.0,0.03320756876525358,0.28586214946076505,-775955.9919039748
2025-11-15 03:00:00,0.0,0.034091041387319575,0.2858268611504054,-736833.4921121802
2025-11-15 04:00:00,0.0,0.03308959232801091,0.28579167787893267,-742859.2025984532
2025-11-15 05:00:00,0.0,0.03382789636196455,0.28575659966444733,-727291.3019756636
2025-11-15 06:00:00,0.0,0.036233594822245044,0.28572162652499566,-671477.5756641449
2025-11-15 07:00:00,0.02136755085183714,0.03754863490752982,0.28568675847857,-686169.8807767134
2025-11-15 08:00:00,0.041278938424668954,0.043404573092978155,0.2856519955431085,-675488.6590241492
2025-11-15 09:00:00,0.05837723456053072,0.033579906968680205,0.28561733773649534,-704450.7651588083
2025-11-15 10:00:00,0.07149721863403383,0.0439601402127875,0.2855827850765606,-646865.7395138589
2025-11-15 11:00:00,0.07974478541236787,0.028404057395679628,0.28554833758108006,-619234.4947616291
2025-11-15 12:00:00,0.08255787684933792,0.04001355023388434,0.28551399526777577,-636779.5489699926
2025-11-15 13:00:00,0.07974478541236787,0.03349555354005048,0.2854797581543154,-656243.714342113
2025-11-15 14:00:00,0.07149721863403383,0.03915534575939178,0.28544562625831255,-663269.4536615278
2025-11-15 15:00:00,0.05837723456053073,0.043884523399399224,0.28541159959732676,-660013.1758071594
2025-11-15 16:00:00,0.041278938424668954,0.03960131131366148,0.28537767818886334,-591656.3917489137
2025-11-15 17:00:00,0.02136755085183717,0.03440904056647729,0.28534386205037354,-668657.5186648435
2025-11-15 18:00:00,1.0110423962794306e-17,0.03230252972166123,0.28531015119925435,-717546.4119300562
2025-11-15 19:00:00,0.0,0.028969721737162342,0.2852765456528487,-699381.4256206909
2025-11-15 20:00:00,0.0,0.045495714390156594,0.2852430454284453,-731966.4718381824
2025-11-15 21:00:00,0.0,0.04145350217194968,0.28520965054327857,-710858.2483585745
2025-11-15 22:00:00,0.0,0.03234376311637162,0.285176361014529,-723443.9747575659
2025-11-15 23:00:00,0.0,0.04400179907789598,0.2851431768593225,-712104.6044976835
2025-11-16 00:00:00,0.0,0.04288148801047118,0.28511009809473115,-737678.4054330646
2025-11-16 01:00:00,0.0,0.03471248887337821,0.28507712473777264,-746813.8783108722
2025-11-16 02:00:00,0.0,0.040632969994014084,0.2850442568054104,-769326.2765365568
2025-11-16 03:00:00,0.0,0.03137328142021454,0.28501149431455364,-718760.186930792
2025-11-16 04:00:00,0.0,0.02997797349690054,0.2849788372820574,-761166.6138971603
2025-11-16 05:00:00,0.0,0.0397141349467726,0.28494628572472247,-710696.9808651056
2025-11-16 06:00:00,0.0,0.03196282122230889,0.2849138396592952,-652686.4965130981
2025-11-16 07:00:00,0.02022427821255294,0.031867389819223754,0.2848814991024678,-692674.7614000555
2025-11-16 08:00:00,0.03907030528712039,0.03679778393011808,0.2848492640708782,-642926.2820709435
2025-11-16 09:00:00,0.0552537556231029,0.04684571266131891,0.2848171345811101,-657830.5970509006
2025-11-16 10:00:00,0.06767175382451945,0.031397196889044424,0.28478511064969275,-639120.1795985457
2025-11-16 11:00:00,0.07547803383565585,0.032644963039145526,0.2847531922931012,-635076.1692267775
2025-11-16 12:00:00,0.07814061057424079,0.03030394182557273,0.28472137952775617,-688179.6968096581
2025-11-16 13:00:00,0.07547803383565585,0.03735238320012737,0.28468967237002407,-645782.2372975934
2025-11-16 14:00:00,0.06767175382451947,0.03918722680571556,0.28465807083621697,-670432.9447409726
2025-11-16 15:00:00,0.05525375562310291,0.03353433770603966,0.2846265749425926,-643105.9755969568
2025-11-16 16:00:00,0.03907030528712039,0.036004458168908744,0.2845951847053542,-656657.1371514488
2025-11-16 17:00:00,0.02022427821255296,0.0327094236305812,0.28456390014065097,-670589.8525807915
2025-11-16 18:00:00,9.56946486231638e-18,0.03279264722765098,0.28453272126457746,-730141.4543143414
2025-11-16 19:00:00,0.0,0.04559169388837927,0.2845016480931739,-684570.243762661
2025-11-16 20:00:00,0.0,0.0380153030283228,0.2844706806424263,-700811.8468189294
2025-11-16 21:00:00,0.0,0.04058637821117822,0.28443981892826614,-686636.7903927296
2025-11-16 22:00:00,0.0,0.0333042267997923,0.28440906296657054,-710211.3463912696
2025-11-16 23:00:00,0.0,0.039546459660495,0.2843784127731622,-698562.7735552479
2025-11-17 00:00:00,0.0,0.04368357906356732,0.2843478683638094,-703103.8815994296
2025-11-17 01:00:00,0.0,0.036774178273004166,0.2843174297542261,-744326.6969728619
2025-11-17 02:00:00,0.0,0.04449719006322444,0.28428709696007154,-753375.0877869878
2025-11-17 03:00:00,0.0,0.035972832083359406,0.2842568699969509,-740719.2654371787
2025-11-17 04:00:00,0.0,0.04129613227262468,0.28422674888041466,-756354.754762211
2025-11-17 05:00:00,0.0,0.03938126325280841,0.284196733625959,-728806.9545561463
2025-11-17 06:00:00,0.0,0.04483114936081615,0.28416682424902545,-703462.5425531704
2025-11-17 07:00:00,0.019109524834135076,0.03436169595222376,0.2841370207650013,-706636.0201849807
2025-11-17 08:00:00,0.036916767130806785,0.03150629494970263,0.28410732318921916,-740280.4235037545
2025-11-17 09:00:00,0.05220819275535625,0.031468086586823756,0.2840777315369573,-652473.1637235401
2025-11-17 10:00:00,0.06394171632174608,0.04248650562912585,0.28404824582343946,-681547.619761577
2025-11-17 11:00:00,0.07131771758949135,0.03845127875832201,0.2840188660638348,-639484.5404355949
2025-11-17 12:00:00,0.07383353426161358,0.04794949063857238,0.28398959227325804,-637657.1763510893
2025-11-17 13:00:00,0.07131771758949135,0.03340776704622344,0.28396042446676933,-627344.7653596473
2025-11-17 14:00:00,0.0639417163217461,0.041536198693624946,0.2839313626593744,-679974.26843381
2025-11-17 15:00:00,0.05220819275535626,0.038627998475625695,0.2839024068660244,-611586.3817967882
2025-11-17 16:00:00,0.036916767130806785,0.04800375843020791,0.2838735571016158,-674924.3919233166
2025-11-17 17:00:00,0.019109524834135097,0.03179941604375075,0.2838448133809908,-672344.7979444383
2025-11-17 18:00:00,9.042000140322151e-18,0.031366407555538836,0.28381617571893686,-702000.5096025317
2025-11-17 19:00:00,0.0,0.046894213058973455,0.2837876441301868,-680110.4690986755
2025-11-17 20:00:00,0.0,0.0324409390704933,0.28375921862941905,-709868.9450667911
2025-11-17 21:00:00,0.0,0.03324625764451849,0.28373089923125744,-722905.5111126117
2025-11-17 22:00:00,0.0,0.047374009876241914,0.2837026859502711,-696022.4055209032
2025-11-17 23:00:00,0.0,0.031869768871848725,0.2836745788009746,-743545.9177379641
2025-11-18 00:00:00,0.0,0.04713380530123369,0.283646577797828,-731775.5635061291
2025-11-18 01:00:00,0.0,0.03835822443680424,0.2836186829552367,-731735.1518377473
2025-11-18 02:00:00,0.0,0.050099596375707725,0.28359089428755146,-741152.8223568071
2025-11-18 03:00:00,0.0,0.04732258648457309,0.2835632118090684,-746741.1781446502
2025-11-18 04:00:00,0.0,0.03417977406030869,0.28353563553402905,-703035.8037323817
2025-11-18 05:00:00,0.0,0.046097366195454376,0.2835081654766204,-703333.040408137
2025-11-18 06:00:00,0.0,0.04022944521447169,0.2834808016509745,-672926.3523305418
2025-11-18 07:00:00,0.01802362104206785,0.033754460978006426,0.28345354407116913,-730019.9056424602
2025-11-18 08:00:00,0.034818962095560846,0.04470882214451705,0.2834263927512271,-654036.2858646672
2025-11-18 09:00:00,0.04924144842329687,0.03245485468849019,0.2833993477051167,-680903.9155510095
2025-11-18 10:00:00,0.0603082114163263,0.05006409333006631,0.2833724089467516,-664464.0701421095
2025-11-18 11:00:00,0.06726506946536473,0.03600488162754251,0.28334557648999065,-645677.7887273686
2025-11-18 12:00:00,0.0696379241911217,0.04590775870269396,0.28331885034863796,-605613.6728169158
2025-11-18 13:00:00,0.06726506946536473,0.03607640461941819,0.2832922305364433,-602038.5125049549
2025-11-18 14:00:00,0.0603082114163263,0.04354233834734032,0.28326571706710135,-640881.170029805
2025-11-18 15:00:00,0.049241448423296884,0.03419721491618519,0.28323930995425217,-590842.1467906157
2025-11-18 16:00:00,0.034818962095560846,0.03874381134941021,0.28321300921148124,-632837.6624219547
2025-11-18 17:00:00,0.018023621042067867,0.04744274599129993,0.2831868148523192,-654434.8022689124
2025-11-18 18:00:00,8.528186095992323e-18,0.04896055604728189,0.28316072689024213,-719454.1457110415
2025-11-18 19:00:00,0.0,0.05087694313728708,0.28313474533867106,-692290.6638424317
2025-11-18 20:00:00,0.0,0.035485892089369704,0.28310887021097253,-717859.3655638321
2025-11-18 21:00:00,0.0,0.03552777822209429,0.28308310152045824,-678085.9294917223
2025-11-18 22:00:00,0.0,0.050508277252952476,0.2830574392803852,-716568.8201502571
2025-11-18 23:00:00,0.0,0.040493062502734975,0.28303188350395553,-726194.9969421182
2025-11-19 00:00:00,0.0,0.04364296710128496,0.2830064342043167,-769169.3000595656
2025-11-19 01:00:00,0.0,0.05002624520254817,0.28298109139456135,-726446.7195872774
2025-11-19 02:00:00,0.0,0.04429313412617596,0.2829558550877273,-766714.6556125374
2025-11-19 03:00:00,0.0,0.03968006581802885,0.2829307252967976,-737967.8511183794
2025-11-19 04:00:00,0.0,0.04583724461513935,0.28290570203470067,-754753.1844092836
2025-11-19 05:00:00,0.0,0.039280268581333884,0.28288078531430977,-761984.8264865786
2025-11-19 06:00:00,0.0,0.0332824626518416,0.28285597514844374,-723596.133315767
2025-11-19 07:00:00,0.016966888613080613,0.04824508884399833,0.28283127154986626,-697994.8189234028
2025-11-19 08:00:00,0.03277751180628895,0.04571372293270699,0.2828066745312864,-706922.1021236818
2025-11-19 09:00:00,0.04635440173729808,0.033435397242855255,0.2827821841053583,-661625.7470746998
2025-11-19 10:00:00,0.056772315794181176,0.034859723014845044,0.2827578002846815,-694087.963960102
2025-11-19 11:00:00,0.06332129035037869,0.033419213514421744,0.2827335230818002,-665850.9656174274
2025-11-19 12:00:00,0.06555502361257791,0.0393028095468006,0.2827093525092042,-591288.95722112
2025-11-19 13:00:00,0.06332129035037869,0.04859963837952406,0.28268528857932834,-638842.7558529006
2025-11-19 14:00:00,0.05677231579418119,0.03796326604291047,0.28266133130455245,-633952.3242767918
2025-11-19 15:00:00,0.04635440173729809,0.04155079745110864,0.2826374806972016,-639650.8299402881
2025-11-19 16:00:00,0.03277751180628895,0.03715967210905931,0.28261373676954604,-668998.2791121065
2025-11-19 17:00:00,0.01696688861308063,0.04344030488091607,0.282590099533801,-672696.1764501372
2025-11-19 18:00:00,8.028174983517268e-18,0.04040646137781474,0.2825665690021269,-658825.9961468107
2025-11-19 19:00:00,0.0,0.0492789001020289,0.2825431451866293,-686705.7810047818
2025-11-19 20:00:00,0.0,0.05249171043181242,0.28251982809935877,-706653.1795078805
2025-11-19 21:00:00,0.0,0.051347825698785154,0.282496617752311,-719960.8551697683
2025-11-19 22:00:00,0.0,0.03535447937230127,0.2824735141574268,-740357.3568393833
2025-11-19 23:00:00,0.0,0.052635052147816,0.282450517326592,-758823.9114434359
2025-11-20 00:00:00,0.0,0.04513514148564793,0.28242762727163767,-761804.9356152519
2025-11-20 01:00:00,0.0,0.04426602826997256,0.2824048440043397,-745028.7281454679
2025-11-20 02:00:00,0.0,0.04420883243818024,0.28238216753641926,-738718.3464034697
2025-11-20 03:00:00,0.0,0.044205319121917275,0.2823595978795424,-714591.5066725131
2025-11-20 04:00:00,0.0,0.03726016730773562,0.2823371350453204,-746517.6342310348
2025-11-20 05:00:00,0.0,0.0466008536937478,0.2823147790453093,-712321.0934611699
2025-11-20 06:00:00,0.0,0.036991160887447534,0.2822925298910106,-723000.9307014548
2025-11-20 07:00:00,0.01593964067979823,0.03985238446858227,0.2822703875938705,-678769.2168621098
2025-11-20 08:00:00,0.0307930211887699,0.05417004509801193,0.28224835216528027,-677797.3453827401
2025-11-20 09:00:00,0.04354790819160048,0.04156018460858768,0.2822264236165763,-645508.4208797119
2025-11-20 10:00:00,0.05333507721749446,0.051120436521271566,0.28220460195903996,-634625.4607032865
2025-11-20 11:00:00,0.05948754887139872,0.05109789735013051,0.2821828872038976,-595235.1534151577
2025-11-20 12:00:00,0.06158604237753981,0.052414419220659814,0.28216127936232055,-664890.2047179603
2025-11-20 13:00:00,0.05948754887139872,0.04726136755503967,0.28213977844542526,-673400.3326090398
2025-11-20 14:00:00,0.05333507721749447,0.04878500837545893,0.282118384464273,-632811.6561980611
2025-11-20 15:00:00,0.04354790819160049,0.04757547183559445,0.2820970974298702,-654080.7313405967
2025-11-20 16:00:00,0.0307930211887699,0.03483375352493637,0.28207591735316817,-660103.8802890895
2025-11-20 17:00:00,0.01593964067979825,0.055282587104847895,0.28205484424506316,-662539.0125993955
2025-11-20 18:00:00,7.542114966980738e-18,0.045700915436798675,0.2820338781163965,-731080.7828133926
2025-11-20 19:00:00,0.0,0.05540710956163391,0.28201301897795433,-668933.8638480083
2025-11-20 20:00:00,0.0,0.05334266608159946,0.28199226684046796,-722701.0154773982
2025-11-20 21:00:00,0.0,0.05508038294322603,0.28197162171461343,-732357.0077111482
2025-11-20 22:00:00,0.0,0.052103636864744264,0.2819510836110119,-766879.7904947884
2025-11-20 23:00:00,0.0,0.05046448981795675,0.2819306525402293,-765481.9993294401
2025-11-21 00:00:00,0.0,0.04088090156481844,0.2819103285127768,-763980.7335541742
2025-11-21 01:00:00,0.0,0.040197397726449445,0.28189011153911003,-750703.6927547532
2025-11-21 02:00:00,0.0,0.041429672691936016,0.28187000162963,-711204.7208224531
2025-11-21 03:00:00,0.0,0.04837098718807096,0.28184999879468237,-762150.6274343164
2025-11-21 04:00:00,0.0,0.05211646608342178,0.28183010304455786,-744659.1559012043
2025-11-21 05:00:00,0.0,0.04506929417009946,0.28181031438949194,-726351.554302285
2025-11-21 06:00:00,0.0,0.043658756931155694,0.28179063283966516,-708457.0874070834
2025-11-21 07:00:00,0.01494218163795322,0.038089327346733176,0.28177105840520283,-736226.8483197025
2025-11-21 08:00:00,0.028866078290402615,0.05103609511007206,0.2817515910961753,-704339.5873906775
2025-11-21 09:00:00,0.04082279941081095,0.05141059666491802,0.2817322309225977,-698792.9387624738
2025-11-21 10:00:00,0.049997514214238294,0.04461266095846407,0.28171297789442995,-688370.0339969104
2025-11-21 11:00:00,0.05576498104876417,0.052769936515607435,0.28169383202157705,-661192.8091521724
2025-11-21 12:00:00,0.05773215658080524,0.037829026331067044,0.2816747933138888,-663978.8851487956
2025-11-21 13:00:00,0.05576498104876417,0.05093728888159055,0.2816558617811598,-611530.2531114075
2025-11-21 14:00:00,0.0499975142142383,0.03796230969907692,0.28163703743312957,-667098.1657362048
2025-11-21 15:00:00,0.040822799410810955,0.046275208463794154,0.28161832027948247,-608135.5663794884
2025-11-21 16:00:00,0.028866078290402615,0.054518341668894965,0.28159971032984776,-653183.607658663
2025-11-21 17:00:00,0.014942181637953236,0.04616179591907658,0.28158120759379957,-667435.5491941923
2025-11-21 18:00:00,7.070150076455694e-18,0.05560101034511165,0.28156281208085665,-725099.0153690143
2025-11-21 19:00:00,0.0,0.055699797122290576,0.28154452380048295,-683882.754033649
2025-11-21 20:00:00,0.0,0.05679904686311085,0.2815263427620869,-697297.6453491695
2025-11-21 21:00:00,0.0,0.05424644939868402,0.28150826897502196,-701289.1051860161
2025-11-21 22:00:00,0.0,0.04891242037633081,0.2814903024485864,-766891.4948709828
2025-11-21 23:00:00,0.0,0.05745862754339055,0.2814724431920233,-736318.3833637923
2025-11-22 00:00:00,0.0,0.05325699608397891,0.28145469121452044,-796842.1382937616
2025-11-22 01:00:00,0.0,0.055135991551988776,0.28143704652521057,-759181.7069664891
2025-11-22 02:00:00,0.0,0.04698005146792733,0.28141950913317115,-737231.5098715583
2025-11-22 03:00:00,0.0,0.04097207584758927,0.2814020790474244,-762863.0984801629
2025-11-22 04:00:00,0.0,0.05695379407630119,0.2813847562769376,-717858.0989095004
2025-11-22 05:00:00,0.0,0.038521865387677545,0.2813675408306223,-734976.8422176187
2025-11-22 06:00:00,0.0,0.043103226015106126,0.2813504327173355,-677101.0867669736
2025-11-22 07:00:00,0.013974807056186492,0.0505443657200523,0.28133343194587845,-689901.0362645847
2025-11-22 08:00:00,0.02699725410595448,0.038369267789781974,0.28131653852499733,-705705.5542986749
2025-11-22 09:00:00,0.03817988290347355,0.04451145172639051,0.28129975246338323,-642258.8190646673
2025-11-22 10:00:00,0.04676061577636065,0.0562367818349652,0.2812830737696719,-671978.6396797688
2025-11-22 11:00:00,0.05215468995966005,0.05861822862205012,0.28126650245244383,-698829.990336602
2025-11-22 12:00:00,0.053994508211908966,0.04929146464467165,0.2812500385202243,-647725.6377595108
2025-11-22 13:00:00,0.05215468995966005,0.03907166169934867,0.2812336819814833,-654261.893260403
2025-11-22 14:00:00,0.04676061577636065,0.03986066604458581,0.28121743284463563,-636928.027948758
2025-11-22 15:00:00,0.03817988290347356,0.05863358893831897,0.28120129111804093,-664960.421428392
2025-11-22 16:00:00,0.02699725410595448,0.05688725438619681,0.28118525681000334,-673451.4629659918
2025-11-22 17:00:00,0.013974807056186507,0.04844208655769434,0.28116932992877186,-692789.8709593735
2025-11-22 18:00:00,6.612420165324979e-18,0.03875950965045029,0.2811535104825403,-701115.1762263027
2025-11-22 19:00:00,0.0,0.04829797347743636,0.2811377984794471,-665410.672043816
2025-11-22 20:00:00,0.0,0.05439863806241475,0.2811221939275754,-673463.0231130399
2025-11-22 21:00:00,0.0,0.055979170067857714,0.2811066968349533,-713805.9314229698
2025-11-22 22:00:00,0.0,0.045251889933587953,0.2810913072095533,-716273.1709381101
2025-11-22 23:00:00,0.0,0.058431454740617096,0.2810760250592927,-770408.1165808687
2025-11-23 00:00:00,0.0,0.043686365482740935,0.28106085039203366,-756199.2220875423
2025-11-23 01:00:00,0.0,0.05557347927431005,0.2810457832155828,-752009.0615798017
2025-11-23 02:00:00,0.0,0.03897325688444784,0.28103082353769177,-712517.7660163171
2025-11-23 03:00:00,0.0,0.04926920531151069,0.28101597136605655,-758898.788606744
2025-11-23 04:00:00,0.0,0.040522075746170234,0.2810012267083181,-700070.7772177024
2025-11-23 05:00:00,0.0,0.04992990211033388,0.28098658957206185,-712587.2907976898
2025-11-23 06:00:00,0.0,0.04387695483027482,0.2809720599648181,-713857.1100660813
2025-11-23 07:00:00,0.013037803588464382,0.04004332671262456,0.2809576378940618,-706458.3805077008
2025-11-23 08:00:00,0.025187102408364075,0.04120816403578378,0.2809433233672124,-685190.9079462409
2025-11-23 09:00:00,0.03561994182278852,0.04143213165354253,0.28092911639163426,-686015.318336793
2025-11-23 10:00:00,0.04362534106672701,0.05317172178301034,0.28091501697463617,-631774.064996269
2025-11-23 11:00:00,0.04865774541125291,0.04413784666170469,0.2809010251234718,-690082.1548230348
2025-11-23 12:00:00,0.050374204816728156,0.04592990920640818,0.2808871408453394,-714659.019876504
2025-11-23 13:00:00,0.04865774541125291,0.05928961499976218,0.28087336414738184,-612999.1433162795
2025-11-23 14:00:00,0.04362534106672702,0.05490874512268021,0.28085969503668673,-653621.9585407961
2025-11-23 15:00:00,0.03561994182278853,0.04291044696371532,0.2808461335202862,-638237.9613255666
2025-11-23 16:00:00,0.025187102408364075,0.04209462735811992,0.28083267960515723,-643020.3059509489
2025-11-23 17:00:00,0.013037803588464396,0.057524837601236604,0.2808193332982212,-627643.4668014318
2025-11-23 18:00:00,6.169060868839932e-18,0.04774600137694987,0.2808060946063442,-730121.1704060987
2025-11-23 19:00:00,0.0,0.04956955581693209,0.2807929635363372,-686019.3224692601
2025-11-23 20:00:00,0.0,0.052455369846675065,0.28077994009495555,-694942.2245412071
2025-11-23 21:00:00,0.0,0.06128625512582225,0.2807670242888991,-717407.3358671388
2025-11-23 22:00:00,0.0,0.04036531068468349,0.28075421612481277,-739287.1564183292
2025-11-23 23:00:00,0.0,0.05183044108986534,0.2807415156092857,-730179.0833022068
2025-11-24 00:00:00,0.0,0.056607961717288297,0.2807289227488518,-746840.0629877497
2025-11-24 01:00:00,0.0,0.05505810660347119,0.28071643754998965,-753356.4876897463
2025-11-24 02:00:00,0.0,0.0526955142854415,0.28070406001912235,-708958.2606447109
2025-11-24 03:00:00,0.0,0.047359433979330984,0.2806917901626177,-730084.4336760957
2025-11-24 04:00:00,0.0,0.042701114158296354,0.2806796279867879,-767188.0579764516
2025-11-24 05:00:00,0.0,0.05274851715688903,0.28066757349789007,-757439.577973424
2025-11-24 06:00:00,0.0,0.05114062379539223,0.2806556267021257,-700487.8032980813
2025-11-24 07:00:00,0.012131448889136478,0.03960114866139992,0.2806437876056408,-780551.1657402264
2025-11-24 08:00:00,0.023436159584645504,0.047100643916353435,0.28063205621452636,-695094.5445490393
2025-11-24 09:00:00,0.03314373473454588,0.05709672046981132,0.28062043253481755,-656250.3473864696
2025-11-24 10:00:00,0.040592619134898325,0.06250358490229521,0.2806089165724943,-695691.0986397087
2025-11-24 11:00:00,0.04527518362368235,0.055546289950784145,0.2805975083334811,-637759.0062529729
2025-11-24 12:00:00,0.046872319169291014,0.046186214075183564,0.2805862078236472,-712135.2349652605
2025-11-24 13:00:00,0.04527518362368235,0.059360725260148156,0.280575015048806,-687387.4690183508
2025-11-24 14:00:00,0.04059261913489833,0.04345733916092179,0.28056393001471586,-680039.9607521989
2025-11-24 15:00:00,0.033143734734545884,0.056909864463990635,0.28055295272707964,-663414.8132854087
2025-11-24 16:00:00,0.023436159584645504,0.04886506115176837,0.2805420831915446,-690360.5485439507
2025-11-24 17:00:00,0.01213144888913649,0.060066985845175114,0.2805313214137028,-637149.1639718967
2025-11-24 18:00:00,5.740203563928536e-18,0.05219730883635884,0.2805206673990906,-683943.3921718379
2025-11-24 19:00:00,0.0,0.05230694402055539,0.2805101211531892,-705084.8577816761
2025-11-24 20:00:00,0.0,0.045956088888680684,0.28049968268142417,-696006.7545820399
2025-11-24 21:00:00,0.0,0.051602997688025766,0.28048935198916564,-750891.240231053
2025-11-24 22:00:00,0.0,0.04322436052121817,0.2804791290817284,-728883.5254762315
2025-11-24 23:00:00,0.0,0.052509627863808084,0.2804690139643716,-721209.3364601106
2025-11-25 00:00:00,0.0,0.0532457834617354,0.2804590066422993,-793563.7334138114
2025-11-25 01:00:00,0.0,0.06231402300224234,0.2804491071206597,-746424.0705548401
2025-11-25 02:00:00,0.0,0.053449494096002505,0.28043931540454564,-780107.1402751212
2025-11-25 03:00:00,0.0,0.06437615818297159,0.28042963149899475,-791543.5909681409
2025-11-25 04:00:00,0.0,0.0625697814715393,0.28042005540898884,-739548.4839110546
2025-11-25 05:00:00,0.0,0.059155600937512355,0.28041058713945455,-735506.0063687696
2025-11-25 06:00:00,0.0,0.05095861725065977,0.2804012266952629,-732712.3369155693
2025-11-25 07:00:00,0.011256011530661025,0.04122205543383237,0.2803919740812294,-726756.9402443671
2025-11-25 08:00:00,0.02174494447694606,0.04330285636882372,0.2803828293021142,-679846.2297983086
2025-11-25 09:00:00,0.03075199539234705,0.06437412440046793,0.28037379236262194,-691416.9991267478
2025-11-25 10:00:00,0.037663348641834835,0.056809204214219804,0.2803648632674017,-641437.3198979347
2025-11-25 11:00:00,0.04200800692300809,0.044195015303589644,0.2803560420210472,-715551.5967655365
2025-11-25 12:00:00,0.04348988895389213,0.04123008984025018,0.2803473286280966,-624725.8720739528
2025-11-25 13:00:00,0.04200800692300809,0.04185499214561216,0.28033872309303254,-649260.2091140173
2025-11-25 14:00:00,0.037663348641834835,0.056640428398822384,0.28033022542028224,-614086.4878022977
2025-11-25 15:00:00,0.03075199539234705,0.04441488034654523,0.28032183561421753,-672634.3408417837
2025-11-25 16:00:00,0.02174494447694606,0.054401688170933916,0.28031355367915445,-665230.380775746
2025-11-25 17:00:00,0.011256011530661037,0.045948530993862334,0.28030537961935387,-692072.607451055
2025-11-25 18:00:00,5.325975330265784e-18,0.05705006076444168,0.2802973134390209,-609835.4534843417
2025-11-25 19:00:00,0.0,0.06104784814295122,0.28028935514230535,-666536.4169119714
2025-11-25 20:00:00,0.0,0.06011259553812464,0.28028150473330143,-724842.8842015534
2025-11-25 21:00:00,0.0,0.05022363211350346,0.28027376221604783,-695058.0540686559
2025-11-25 22:00:00,0.0,0.06675991608138238,0.2802661275945278,-728420.9285143927
2025-11-25 23:00:00,0.0,0.060579438609333736,0.280258600872669,-756454.0498187367
2025-11-26 00:00:00,0.0,0.06448385043738526,0.28025118205434363,-767621.4214246888
2025-11-26 01:00:00,0.0,0.05249504805690056,0.2802438711433684,-741801.9644371668
2025-11-26 02:00:00,0.0,0.04682669411630156,0.28023666814350456,-737942.0562522874
2025-11-26 03:00:00,0.0,0.047190184112668475,0.28022957305845764,-748075.8396708193
2025-11-26 04:00:00,0.0,0.059979384035650764,0.2802225858918778,-731440.3655637583
2025-11-26 05:00:00,0.0,0.06600073400603632,0.2802157066473597,-753315.165223808
2025-11-26 06:00:00,0.0,0.061160955061101696,0.2802089353284423,-701572.179068761
2025-11-26 07:00:00,0.01041175092402071,0.06227885139919096,0.2802022719386094,-690936.1050103842
2025-11-26 08:00:00,0.020113958228801347,0.06706625900039627,0.28019571648128894,-682170.1211783764
2025-11-26 09:00:00,0.028445432520176787,0.06027545013273024,0.28018926895985335,-716756.6239716227
2025-11-26 10:00:00,0.03483839759360204,0.0633725360981729,0.2801829293776198,-661278.6718113235
2025-11-26 11:00:00,0.0388571834441975,0.047044645743158815,0.28017669773784953,-699525.408354334
2025-11-26 12:00:00,0.0402279164576027,0.06125760972623683,0.2801705740437487,-664113.7433209937
2025-11-26 13:00:00,0.0388571834441975,0.06198476058542081,0.2801645582984675,-675461.161244814
2025-11-26 14:00:00,0.03483839759360205,0.05171207795430092,0.28015865050510097,-622874.9806341605
2025-11-26 15:00:00,0.02844543252017679,0.060712313356010274,0.28015285066668827,-688163.5610349945
2025-11-26 16:00:00,0.020113958228801347,0.04351757642133294,0.2801471587862133,-637690.1614310186
2025-11-26 17:00:00,0.010411750924020722,0.044549794698931555,0.2801415748666043,-698987.0710413705
2025-11-26 18:00:00,4.926498912617028e-18,0.05746386622372049,0.2801360989107338,-675632.1997036426
2025-11-26 19:00:00,0.0,0.056780955311869455,0.28013073092141927,-718421.2564439839
2025-11-26 20:00:00,0.0,0.053620865094949455,0.2801254709014221,-724213.2813601544
2025-11-26 21:00:00,0.0,0.05462841676510595,0.28012031885344835,-704650.4006341129
2025-11-26 22:00:00,0.0,0.04678080625719909,0.28011527478014864,-753560.2384834993
2025-11-26 23:00:00,0.0,0.0647213523644664,0.2801103386841179,-790158.7010901215
2025-11-27 00:00:00,0.0,0.06932079441372234,0.28010551056789557,-716938.3337415721
2025-11-27 01:00:00,0.0,0.06510479347037366,0.28010079043396546,-736235.3211802085
2025-11-27 02:00:00,0.0,0.0526146402433838,0.28009617828475597,-773262.5514690864
2025-11-27 03:00:00,0.0,0.053837716740948775,0.2800916741226399,-755976.1152151851
2025-11-27 04:00:00,0.0,0.04955561675276763,0.2800872779499343,-694761.8491316987
2025-11-27 05:00:00,0.0,0.04560769822932196,0.280082989768901,-716832.9444571625
2025-11-27 06:00:00,0.0,0.055265125403248044,0.28007880958174597,-727883.1889159905
2025-11-27 07:00:00,0.009598917241854039,0.05982287569507715,0.28007473739061983,-731563.6030254911
2025-11-27 08:00:00,0.01854368413663649,0.055616660423409375,0.28007077319761753,-700944.216073295
2025-11-27 09:00:00,0.026224729602394144,0.050514890288576114,0.2800669170047784,-674465.2727492154
2025-11-27 10:00:00,0.032118603084163415,0.05631713122083464,0.2800631688140865,-649360.8946250839
2025-11-27 11:00:00,0.035823646844248186,0.06776884856806763,0.28005952862746997,-662801.1725760727
2025-11-27 12:00:00,0.03708736827327299,0.06538761030251707,0.28005599644680157,-633761.6662405235
2025-11-27 13:00:00,0.035823646844248186,0.05886029764006078,0.2800525722738984,-670977.6540290577
2025-11-27 14:00:00,0.03211860308416342,0.0679567112383328,0.28004925611052217,-680106.0427454029
2025-11-27 15:00:00,0.02622472960239415,0.055617664569780983,0.2800460479583789,-720089.5199502822
2025-11-27 16:00:00,0.01854368413663649,0.05729446987142111,0.28004294781911904,-669131.8267431735
2025-11-27 17:00:00,0.009598917241854047,0.06559094675301162,0.28003995569433743,-691810.8552942406
2025-11-27 18:00:00,4.541892684466287e-18,0.07066933086032712,0.2800370715855735,-733563.5323871374
2025-11-27 19:00:00,0.0,0.053778571389087905,0.2800342954943109,-766451.6216726407
2025-11-27 20:00:00,0.0,0.05060410235312568,0.2800316274219779,-677789.7895340866
2025-11-27 21:00:00,0.0,0.06780913274342147,0.2800290673699471,-771467.3802667004
2025-11-27 22:00:00,0.0,0.06553857702650727,0.28002661533953543,-751305.2803037529
2025-11-27 23:00:00,0.0,0.06340190120535381,0.2800242713320046,-747724.9489351858
2025-11-28 00:00:00,0.0,0.07111019784943386,0.28002203534856024,-744362.8582184503
2025-11-28 01:00:00,0.0,0.04691604075034775,0.2800199073903529,-760274.2553164457
2025-11-28 02:00:00,0.0,0.060052038107536,0.28001788745847717,-741625.2635437319
2025-11-28 03:00:00,0.0,0.046210813913057903,0.2800159755539723,-774375.4934670407
2025-11-28 04:00:00,0.0,0.06258076121390173,0.2800141716778219,-726131.6763949824
2025-11-28 05:00:00,0.0,0.0676255345754249,0.28001247583095396,-725697.452975564
2025-11-28 06:00:00,0.0,0.06722408869759888,0.2800108880142409,-713437.1315793046
2025-11-28 07:00:00,0.008817751344323305,0.05907865183753769,0.2800094082284996,-743972.7047685755
2025-11-28 08:00:00,0.01703458750655406,0.07028981048312898,0.2800080364744914,-717251.9052051676
2025-11-28 09:00:00,0.02409054468120004,0.04747144769840153,0.280006772752922,-645585.0264168674
2025-11-28 10:00:00,0.02950477104732967,0.05666684020683191,0.2800056170644415,-681164.3984010571
2025-11-28 11:00:00,0.03290829602552335,0.05139920558214889,0.28000456940964447,-686388.2809122923
2025-11-28 12:00:00,0.034069175013108126,0.05741289360275253,0.2800036297890699,-633784.7283555323
2025-11-28 13:00:00,0.03290829602552335,0.06847400879887336,0.2800027982032011,-617644.684313237
2025-11-28 14:00:00,0.029504771047329677,0.06692022970696378,0.28000207465246607,-645602.5700847656
2025-11-28 15:00:00,0.024090544681200043,0.06692778137092398,0.2800014591372369,-667162.5636154431
2025-11-28 16:00:00,0.01703458750655406,0.05441798022668645,0.2800009516578303,-676528.192480145
2025-11-28 17:00:00,0.008817751344323315,0.06881039883951216,0.28000055221450726,-742871.0792640456
2025-11-28 18:00:00,4.172270612939386e-18,0.05506558397192094,0.2800002608074734,-667154.0057439972
2025-11-28 19:00:00,0.0,0.054300322979798914,0.2800000774368786,-759607.1384811715
2025-11-28 20:00:00,0.0,0.06649730247008213,0.2800000021028172,-686663.9201096015
2025-11-28 21:00:00,0.0,0.05339858951711782,0.2800000348053279,-665962.9022954175
2025-11-28 22:00:00,0.0,0.04700587242740547,0.28000017554439394,-773416.5239509947
2025-11-28 23:00:00,0.0,0.062046712493427705,0.28000042431994293,-747539.4847611799
2025-11-29 00:00:00,0.0,0.0659357769813431,0.2800007811318468,-731376.2180062317
2025-11-29 01:00:00,0.0,0.06463708128385386,0.28000124597992204,-726429.501081066
2025-11-29 02:00:00,0.0,0.07009331420682834,0.28000181886392955,-737853.9403907913
2025-11-29 03:00:00,0.0,0.0735544932996037,0.2800024997835745,-721195.0717803664
2025-11-29 04:00:00,0.0,0.06071853759868251,0.28000328873850666,-717782.2896810415
2025-11-29 05:00:00,0.0,0.054494971472470316,0.2800041857283201,-722561.6006570396
2025-11-29 06:00:00,0.0,0.06073564693909672,0.2800051907525534,-733001.2396080662
2025-11-29 07:00:00,0.008068484707742954,0.054127166571404164,0.28000630381068947,-759375.7660337307
2025-11-29 08:00:00,0.015587115516454645,0.04824463015995354,0.2800075249021557,-681875.9200685269
2025-11-29 09:00:00,0.02204351016164627,0.05237280730369899,0.2800088540263239,-630000.5216774136
2025-11-29 10:00:00,0.02699767601794465,0.06901718680472951,0.28001029118251025,-644131.9161336503
2025-11-29 11:00:00,0.030111994869389223,0.055478540341153286,0.2800118363699755,-638713.5304229
2025-11-29 12:00:00,0.031174231032909294,0.05155201826482721,0.2800134895879246,-647221.712004841
2025-11-29 13:00:00,0.030111994869389223,0.048189740248950404,0.28001525083550705,-653402.8542924405
2025-11-29 14:00:00,0.026997676017944654,0.06944924271193025,0.28001712011181684,-683384.8543889954
2025-11-29 15:00:00,0.022043510161646275,0.06755194014690744,0.2800190974158922,-693170.9696829385
2025-11-29 16:00:00,0.015587115516454645,0.07039047356363475,0.28002118274671595,-731308.4294425005
2025-11-29 17:00:00,0.00806848470774296,0.06399236465582626,0.28002337610321526,-717658.6466815957
2025-11-29 18:00:00,3.8177422250332456e-18,0.05670476671372791,0.28002567748426166,-728562.1167448495
2025-11-29 19:00:00,0.0,0.06876336238574166,0.2800280868886713,-694661.2929693848
2025-11-29 20:00:00,0.0,0.07180732856782365,0.2800306043152046,-699214.2982861222
2025-11-29 21:00:00,0.0,0.0670992742412162,0.28003322976256645,-765936.645689168
2025-11-29 22:00:00,0.0,0.07532758944410985,0.2800359632294061,-756244.8316978103
2025-11-29 23:00:00,0.0,0.07193580642081168,0.28003880471431736,-733828.3002557397
2025-11-30 00:00:00,0.0,0.07613865215024423,0.2800417542158383,-752380.1133194928
2025-11-30 01:00:00,0.0,0.05802391823167974,0.2800448117324517,-752518.0886092648
2025-11-30 02:00:00,0.0,0.0533962607539876,0.28004797726258446,-740925.5376492889
2025-11-30 03:00:00,0.0,0.0512217269438245,0.2800512508046081,-738551.8867482798
2025-11-30 04:00:00,0.0,0.06391092943425203,0.28005463235683836,-749472.2637776945
2025-11-30 05:00:00,0.0,0.05087161405451536,0.2800581219175358,-769338.8801075504
2025-11-30 06:00:00,0.0,0.05098418990198375,0.28006171948490505,-727227.0479751074
2025-11-30 07:00:00,0.007351339355987895,0.07099421928337078,0.2800654250570953,-762003.3958582351
2025-11-30 08:00:00,0.014201697083527906,0.06814215894860308,0.28006923863220023,-677678.520880058
2025-11-30 09:00:00,0.020084232624239598,0.04874429784483552,0.2800731602082579,-679171.0892923068
2025-11-30 10:00:00,0.024598060902373084,0.06273156198844372,0.2800771897832508,-668661.6714760588
2025-11-30 11:00:00,0.027435571980227495,0.06067617602274677,0.2800813273551058,-695554.8296375474
2025-11-30 12:00:00,0.02840339416705582,0.07294201655467744,0.2800855729216945,-664570.1421943299
2025-11-30 13:00:00,0.027435571980227495,0.0644243970379053,0.2800899264808325,-667456.2972913813
2025-11-30 14:00:00,0.024598060902373087,0.05565558729592506,0.28009438803028014,-643960.1568548459
2025-11-30 15:00:00,0.0200842326242396,0.07485035984611133,0.2800989575677422,-708205.8122802614
2025-11-30 16:00:00,0.014201697083527906,0.07359364269440236,0.2801036350908678,-679316.6570674164
2025-11-30 17:00:00,0.0073513393559879025,0.07239727244721626,0.2801084205972505,-695476.1090144388
2025-11-30 18:00:00,3.4784125751605516e-18,0.06316290609037006,0.28011331408442836,-695554.7922743973
2025-11-30 19:00:00,0.0,0.07664508773222677,0.2801183155498839,-648278.8236934252
2025-11-30 20:00:00,0.0,0.05824596515297588,0.2801234249910441,-713309.5370236789
2025-11-30 21:00:00,0.0,0.0687473112949796,0.28012864240528035,-697471.0547953937
2025-11-30 22:00:00,0.0,0.053980156368945056,0.28013396778990834,-761941.6703785097
2025-11-30 23:00:00,0.0,0.05418020675537612,0.2801394011421886,-755766.30260467
2025-12-01 00:00:00,0.0,0.06230960241105954,0.2801449424593258,-728596.5240937225
2025-12-01 01:00:00,0.0,0.07206884915110141,0.28015059173846907,-787977.5179269308
2025-12-01 02:00:00,0.0,0.05006705136775469,0.28015634897671227,-794226.7293884539
2025-12-01 03:00:00,0.0,0.06389118891731989,0.2801622141710933,-759689.1281640508
2025-12-01 04:00:00,0.0,0.06273667626095707,0.28016818731859494,-758150.3893411015
2025-12-01 05:00:00,0.0,0.05032640306909795,0.2801742684161442,-744340.9366882741
2025-12-01 06:00:00,0.0,0.06399781797641663,0.28018045746061254,-737303.4016735554
2025-12-01 07:00:00,0.006666527794703151,0.05931383009520519,0.28018675444881597,-682422.0063094373
2025-12-01 08:00:00,0.012878742737155361,0.06887353997695735,0.28019315937751493,-707590.7030941043
2025-12-01 09:00:00,0.01821329264519911,0.06647761660834768,0.2801996722434144,-662978.6778951179
2025-12-01 10:00:00,0.02230663675836176,0.07548115984623949,0.2802062930431638,-705037.5590832632
2025-12-01 11:00:00,0.02487982043990226,0.06339365873773449,0.28021302177335683,-638251.1004081551
2025-12-01 12:00:00,0.025757485474310726,0.07663304487050127,0.280219858430532,-692948.557783413
2025-12-01 13:00:00,0.02487982043990226,0.055293142803039624,0.28022680301117203,-636025.7439422249
2025-12-01 14:00:00,0.022306636758361763,0.07064830458287777,0.2802338555117042,-655402.8215651595
2025-12-01 15:00:00,0.018213292645199112,0.054596229898895,0.2802410159285004,-695077.0128905624
2025-12-01 16:00:00,0.012878742737155361,0.06515824375307341,0.28024828425787673,-667836.0784490176
2025-12-01 17:00:00,0.006666527794703158,0.0594127732623799,0.2802556604960941,-660925.2480089731
2025-12-01 18:00:00,3.1543822140199075e-18,0.055594348523178364,0.2802631446393575,-699468.9095797788
2025-12-01 19:00:00,0.0,0.06065553574283305,0.2802707366838168,-732925.1415124106
2025-12-01 20:00:00,0.0,0.058563206152524305,0.2802784366255662,-715953.6580668713
2025-12-01 21:00:00,0.0,0.06024995130259541,0.2802862444606444,-739621.7004574537
2025-12-01 22:00:00,0.0,0.07706010925494106,0.28029416018503445,-795588.142960153
2025-12-01 23:00:00,0.0,0.06763488607292163,0.2803021837946641,-782689.7823366369
2025-12-02 00:00:00,0.0,0.056918746872502105,0.28031031528540556,-778058.8013110505
2025-12-02 01:00:00,0.0,0.07713244944602486,0.28031855465307554,-768269.5775682713
2025-12-02 02:00:00,0.0,0.07353186342774058,0.2803269018934351,-759861.0082387149
2025-12-02 03:00:00,0.0,0.06429226025488635,0.28033535700219,-733623.4165150332
2025-12-02 04:00:00,0.0,0.05231805547953658,0.28034391997499036,-775158.0519668699
2025-12-02 05:00:00,0.0,0.0748061464348051,0.280352590807431,-729660.3239355206
2025-12-02 06:00:00,0.0,0.07347927212906173,0.280361369495051,-740538.9462947428
2025-12-02 07:00:00,0.006014252948333696,0.07562820516971058,0.2803702560333341,-704381.5482928297
2025-12-02 08:00:00,0.01161864449726138,0.07156866919541924,0.2803792504177086,-724931.5062867388
2025-12-02 09:00:00,0.016431244624418577,0.062145917025521184,0.28038835264354717,-695118.250703252
2025-12-02 10:00:00,0.020124082584337268,0.07664570488287947,0.2803975627061671,-661948.3817848747
2025-12-02 11:00:00,0.022445497572752274,0.0811499346754719,0.28040688060083024,-642392.7380613112
2025-12-02 12:00:00,0.023237288994522765,0.06275781078493772,0.28041630632274284,-680392.8556880195
2025-12-02 13:00:00,0.022445497572752274,0.07898539124318743,0.28042583986705577,-688106.7360814067
2025-12-02 14:00:00,0.02012408258433727,0.06522407933508595,0.2804354812288644,-656776.6008995537
2025-12-02 15:00:00,0.01643124462441858,0.07431243862038621,0.2804452304032086,-680314.0571373744
2025-12-02 16:00:00,0.01161864449726138,0.06125507190307668,0.2804550873850729,-652468.2045129609
2025-12-02 17:00:00,0.0060142529483337035,0.06635302154054129,0.2804650521693862,-681212.7467828793
2025-12-02 18:00:00,2.8457471588004323e-18,0.05309048946648272,0.28047512475102204,-673724.4794029256
2025-12-02 19:00:00,0.0,0.07486709752851184,0.2804853051247985,-706128.5800979256
2025-12-02 20:00:00,0.0,0.07876479881364415,0.2804955932854782,-762941.3346330028
2025-12-02 21:00:00,0.0,0.057549591810431726,0.2805059892277682,-740274.3294835038
2025-12-02 22:00:00,0.0,0.07494310706674381,0.28051649294632036,-759038.3457334549
2025-12-02 23:00:00,0.0,0.08236521846237628,0.2805271044357308,-764934.2077706091
2025-12-03 00:00:00,0.0,0.08309443005267322,0.28053782369054037,-756224.5211832442
2025-12-03 01:00:00,0.0,0.06234661710511803,0.28054865070523444,-758180.3102891706
2025-12-03 02:00:00,0.0,0.05443888690352178,0.280559585474243,-730067.8584814428
2025-12-03 03:00:00,0.0,0.07053926635466012,0.2805706279919405,-781784.7889958256
2025-12-03 04:00:00,0.0,0.05357789280468028,0.280581778252646,-755495.4257571086
2025-12-03 05:00:00,0.0,0.06904044770842364,0.28059303625062326,-711415.9517662163
2025-12-03 06:00:00,0.0,0.054432238770075275,0.2806044019800803,-754429.0692818194
2025-12-03 07:00:00,0.005394708099993844,0.05562526817356231,0.28061587543517,-684673.3431825149
2025-12-03 08:00:00,0.010421775758149766,0.06386668920072862,0.2806274566099897,-716515.8072967527
2025-12-03 09:00:00,0.014738616621186546,0.053135024264765934,0.2806391454985815,-682160.1645182638
2025-12-03 10:00:00,0.018051045118205055,0.07069843674950525,0.2806509420949317,-706669.9019081702
2025-12-03 11:00:00,0.020133324721180394,0.07775174301816526,0.28066284639297157,-679492.7016348063
2025-12-03 12:00:00,0.020843551516299536,0.07451546114250711,0.2806748583865768,-672639.4757037886
2025-12-03 13:00:00,0.020133324721180394,0.07247145995369514,0.28068697806956766,-682671.2498417082
2025-12-03 14:00:00,0.018051045118205055,0.08235802316544427,0.28069920543570914,-637442.8991056427
2025-12-03 15:00:00,0.014738616621186546,0.06897012386006122,0.2807115404787107,-670179.6879486698
2025-12-03 16:00:00,0.010421775758149766,0.06821256878705644,0.28072398319222647,-668859.4887866497
2025-12-03 17:00:00,0.00539470809999385,0.08237514685737665,0.2807365335698551,-680084.9758436127
2025-12-03 18:00:00,2.5525988647299186e-18,0.05689639186781346,0.28074919160514006,-684590.1247231275
2025-12-03 19:00:00,0.0,0.07824922655211317,0.28076195729156916,-710075.0600854162
2025-12-03 20:00:00,0.0,0.06636265043387156,0.28077483062257513,-757129.3804571984
2025-12-03 21:00:00,0.0,0.08217285997983198,0.280787811591535,-742839.7177290649
2025-12-03 22:00:00,0.0,0.05976954127400699,0.2808009001917706,-752943.1983411589
2025-12-03 23:00:00,0.0,0.08429996743288168,0.2808140964165485,-745163.9219705035
2025-12-04 00:00:00,0.0,0.061700629248384244,0.28082740025907965,-733380.6443349482
2025-12-04 01:00:00,0.0,0.07179728014642438,0.2808408117125198,-764171.5452073273
2025-12-04 02:00:00,0.0,0.08112815905407222,0.28085433076996924,-823836.5046666869
2025-12-04 03:00:00,0.0,0.07665159296658197,0.28086795742447307,-737021.6706358619
2025-12-04 04:00:00,0.0,0.07502030966939596,0.2808816916690208,-726273.8592413834
2025-12-04 05:00:00,0.0,0.05769980847686673,0.28089553349654683,-729355.6129612189
2025-12-04 06:00:00,0.0,0.0670003739358993,0.28090948289993,-684855.0854795441
2025-12-04 07:00:00,0.0048080768341929505,0.06215986802855994,0.280923539871994,-711063.6655768284
2025-12-04 08:00:00,0.009288491177858306,0.0717090357280588,0.2809377044055069,-746173.0215050415
2025-12-04 09:00:00,0.013135910197710063,0.0591592904899384,0.2809519764931819,-697636.7308648486
2025-12-04 10:00:00,0.016088138645705873,0.05810782990668198,0.2809663561276763,-684924.1703679787
2025-12-04 11:00:00,0.017943987031903016,0.06470628002776173,0.28098084330159245,-647622.2487411915
2025-12-04 12:00:00,0.018576982355716615,0.05875992259478995,0.2809954380074774,-688796.0260612894
2025-12-04 13:00:00,0.017943987031903016,0.08510865467433329,0.2810101402378226,-714533.3299434166
2025-12-04 14:00:00,0.016088138645705876,0.056097195264813875,0.28102494998506444,-629344.5174652041
2025-12-04 15:00:00,0.013135910197710064,0.0697243886776222,0.28103986724158386,-679302.2214224109
2025-12-04 16:00:00,0.009288491177858306,0.07790467362343259,0.2810548919997065,-691698.2775282752
2025-12-04 17:00:00,0.004808076834192956,0.07594216371241812,0.2810700242517028,-691881.916990859
2025-12-04 18:00:00,2.2750241979745208e-18,0.07831084020553633,0.2810852639897877,-692733.5715262293
2025-12-04 19:00:00,0.0,0.08638846981087361,0.2811006112061212,-698163.2968661727
2025-12-04 20:00:00,0.0,0.08268751707038027,0.2811160658928075,-703954.5733004757
2025-12-04 21:00:00,0.0,0.07514897335601434,0.281131628041896,-781745.7484915211
2025-12-04 22:00:00,0.0,0.06702759123619621,0.28114729764538043,-746547.6845319022
2025-12-04 23:00:00,0.0,0.07309256901243774,0.2811630746951995,-748563.9247595002
2025-12-05 00:00:00,0.0,0.07557852388150002,0.2811789591832366,-763514.8058266299
2025-12-05 01:00:00,0.0,0.06193587335898113,0.28119495110131965,-753648.2335632487
2025-12-05 02:00:00,0.0,0.07060483247314915,0.2812110504412216,-781949.5898730406
2025-12-05 03:00:00,0.0,0.05927490649317222,0.2812272571946599,-756743.4054206024
2025-12-05 04:00:00,0.0,0.06983420249784648,0.2812435713532968,-761577.184819316
2025-12-05 05:00:00,0.0,0.07875188976759132,0.28125999290873943,-745447.7417976997
2025-12-05 06:00:00,0.0,0.05904168817595445,0.28127652185253943,-739423.3372130519
2025-12-05 07:00:00,0.004254532982435684,0.05714591235059176,0.28129315817619344,-709918.3265264854
2025-12-05 08:00:00,0.008219126573066563,0.08583129367596375,0.28130990187114263,-734292.5757076045
2025-12-05 09:00:00,0.011623600270491835,0.07011228287715833,0.2813267529287731,-724326.3073945207
2025-12-05 10:00:00,0.014235944818390762,0.05726913384412096,0.28134371134041575,-716632.1748922159
2025-12-05 11:00:00,0.015878133252927522,0.058075471531063176,0.28136077709734597,-682922.5324989307
2025-12-05 12:00:00,0.01643825314613313,0.08618830340032,0.2813779501907842,-686042.2680919201
2025-12-05 13:00:00,0.015878133252927522,0.08629255760093996,0.2813952306118956,-662155.7656452787
2025-12-05 14:00:00,0.014235944818390765,0.08459597791354981,0.2814126183517901,-616835.5006701995
2025-12-05 15:00:00,0.011623600270491837,0.08042724498432678,0.2814301134015223,-621556.8191562191
2025-12-05 16:00:00,0.008219126573066563,0.056635815607070907,0.28144771575209176,-650284.5673073176
2025-12-05 17:00:00,0.0042545329824356885,0.07007112098215372,0.28146542539444286,-659336.6734892409
2025-12-05 18:00:00,2.0131054098985847e-18,0.060863602889194984,0.2814832423194646,-715506.690397306
2025-12-05 19:00:00,0.0,0.06127047775359987,0.28150116651799084,-701840.6611888019
2025-12-05 20:00:00,0.0,0.0656595071469707,0.2815191979808004,-733847.505437266
2025-12-05 21:00:00,0.0,0.0768858950192966,0.2815373366986168,-722276.9079835684
2025-12-05 22:00:00,0.0,0.05668826784522988,0.2815555826621084,-730832.0010849542
2025-12-05 23:00:00,0.0,0.07305537688706905,0.28157393586188834,-744422.5055610798
2025-12-06 00:00:00,0.0,0.06952645358813724,0.2815923962885147,-731822.0909023484
2025-12-06 01:00:00,0.0,0.06332524646459632,0.28161096393249024,-719132.82936975
2025-12-06 02:00:00,0.0,0.056960347635611856,0.2816296387842628,-772818.890725611
2025-12-06 03:00:00,0.0,0.07360427675943453,0.2816484208342247,-754876.9454203101
2025-12-06 04:00:00,0.0,0.08278119761078784,0.2816673100727135,-760515.5298881134
2025-12-06 05:00:00,0.0,0.05856725575359896,0.2816863064900114,-732534.0118314564
2025-12-06 06:00:00,0.0,0.07225165448673869,0.28170541007634553,-749457.2986390383
2025-12-06 07:00:00,0.0037342405717117047,0.07653780192538949,0.2817246208218878,-760888.6376393173
2025-12-06 08:00:00,0.007213998819585581,0.06368856782163841,0.2817439387167551,-675966.6765280371
2025-12-06 09:00:00,0.010202134969601429,0.08875803580217895,0.2817633637510092,-687733.6099172209
2025-12-06 10:00:00,0.012495012481264134,0.07024030689448672,0.28178289591465655,-668461.4552904562
2025-12-06 11:00:00,0.013936375541313134,0.07390381578828668,0.28180253519764875,-672224.3133470869
2025-12-06 12:00:00,0.014427997639171164,0.07038233430956117,0.2818222815898821,-689438.5095746439
2025-12-06 13:00:00,0.013936375541313134,0.09135289151030279,0.281842135081198,-680888.9440756841
2025-12-06 14:00:00,0.012495012481264136,0.07725535441232059,0.28186209566138243,-715587.0670578898
2025-12-06 15:00:00,0.01020213496960143,0.08417306391659554,0.2818821633201667,-668415.6363055888
2025-12-06 16:00:00,0.007213998819585581,0.0773192260828674,0.28190233804722664,-672227.7195637667
2025-12-06 17:00:00,0.0037342405717117086,0.06787016667654293,0.28192261983218325,-711469.9989222602
2025-12-06 18:00:00,1.7669201126916535e-18,0.05958904895485682,0.2819430086646023,-706213.535158072
2025-12-06 19:00:00,0.0,0.08329805085820761,0.28196350453399455,-661171.6411972444
2025-12-06 20:00:00,0.0,0.06259226448562441,0.28198410742981583,-688955.4509829129
2025-12-06 21:00:00,0.0,0.06622141151369618,0.28200481734146665,-770258.244483273
2025-12-06 22:00:00,0.0,0.06723190078734799,0.2820256342582926,-764290.6179909817
2025-12-06 23:00:00,0.0,0.0768366503326946,0.2820465581695842,-776069.3968702657
2025-12-07 00:00:00,0.0,0.08912351659426054,0.28206758906457696,-781127.5787843908
2025-12-07 01:00:00,0.0,0.0716036329891548,0.2820887269324514,-764749.6385142996
2025-12-07 02:00:00,0.0,0.08511917732937353,0.2821099717623328,-757666.1312793491
2025-12-07 03:00:00,0.0,0.09138622821334404,0.28213132354329173,-713190.8548388004
2025-12-07 04:00:00,0.0,0.05863980286792758,0.28215278226434337,-733624.3352376778
2025-12-07 05:00:00,0.0,0.06021824821254754,0.2821743479144482,-796527.8109183565
2025-12-07 06:00:00,0.0,0.07261547212132029,0.28219602048251147,-755944.638928106
2025-12-07 07:00:00,0.003247353775891183,0.069830820639404,0.28221779995738355,-734064.3087361151
2025-12-07 08:00:00,0.006273405758461233,0.06783931334680375,0.28223968632785973,-741915.5566400507
2025-12-07 09:00:00,0.00887193550588535,0.07547125880285499,0.28226167958268045,-663948.6314089469
2025-12-07 10:00:00,0.010865857510150024,0.08700615778871999,0.282283779710531,-688916.2745072155
2025-12-07 11:00:00,0.012119289281776533,0.07152611484588557,0.2823059867000417,-664924.3605782699
2025-12-07 12:00:00,0.012546811516922468,0.07289373985752311,0.282328300539788,-696786.8213405539
2025-12-07 13:00:00,0.012119289281776533,0.08533339748653528,0.2823507212182904,-676775.0270289348
2025-12-07 14:00:00,0.010865857510150026,0.0830010004364135,0.28237324872401426,-681513.4580423029
2025-12-07 15:00:00,0.008871935505885352,0.06894812808740865,0.2823958830453701,-678947.0155076613
2025-12-07 16:00:00,0.006273405758461233,0.0692581956054101,0.2824186241707135,-699393.0774747437
2025-12-07 17:00:00,0.0032473537758911865,0.08890396574667102,0.282441472088345,-680135.3043979255
2025-12-07 18:00:00,1.5365412563704248e-18,0.09271667595977019,0.28246442678651035,-698583.1245439756
2025-12-07 19:00:00,0.0,0.08960544638707885,0.2824874882534002,-716259.9609359673
2025-12-07 20:00:00,0.0,0.06812959470347338,0.2825106564771504,-732855.0417881663
2025-12-07 21:00:00,0.0,0.07451195643433346,0.2825339314458418,-758235.2414962507
2025-12-07 22:00:00,0.0,0.06737461683804426,0.2825573131475004,-790002.7835295881
2025-12-07 23:00:00,0.0,0.07855073973301446,0.28258080157009724,-783167.2049017977
2025-12-08 00:00:00,0.0,0.08001338521874352,0.2826043967015484,-785731.5936064016
2025-12-08 01:00:00,0.0,0.0944468038868171,0.28262809852971527,-822540.7007917019
2025-12-08 02:00:00,0.0,0.0767195992015604,0.28265190704240406,-765760.9819095299
2025-12-08 03:00:00,0.0,0.062164080247991076,0.2826758222273663,-738943.6088786072
2025-12-08 04:00:00,0.0,0.060777214974783944,0.28269984407229864,-741678.996728909
2025-12-08 05:00:00,0.0,0.09365406331223172,0.28272397256484283,-723242.5807741329
2025-12-08 06:00:00,0.0,0.07441634143259394,0.2827482076925855,-740768.6003209068
2025-12-08 07:00:00,0.002794016870039581,0.08309447446455805,0.28277254944305896,-664768.7434513083
2025-12-08 08:00:00,0.005397626107717156,0.09469536635308173,0.2827969978037402,-717987.6525738548
2025-12-08 09:00:00,0.007633396046152703,0.08739279529367332,0.2828215527620515,-670469.8567790823
2025-12-08 10:00:00,0.009348962658826357,0.07417674719543157,0.28284621430536033,-662853.7128523292
2025-12-08 11:00:00,0.010427412916192286,0.06213372244206117,0.2828709824209794,-678733.5960242398
2025-12-08 12:00:00,0.010795252215434314,0.08258814879557913,0.2828958570961664,-687022.360878926
2025-12-08 13:00:00,0.010427412916192286,0.09162181704442021,0.28292083831812437,-682398.1400354464
2025-12-08 14:00:00,0.009348962658826359,0.08668333341449831,0.28294592607400143,-718757.4133438321
2025-12-08 15:00:00,0.007633396046152705,0.09019342205203672,0.28297112035089095,-687686.1707761077
2025-12-08 16:00:00,0.005397626107717156,0.09235992486592765,0.28299642113583157,-652325.389817089
2025-12-08 17:00:00,0.0027940168700395836,0.09565372565784581,0.2830218284158069,-732361.4763621739
2025-12-08 18:00:00,1.3220371071620008e-18,0.08404112417644448,0.283047342177746,-675277.747011778
2025-12-08 19:00:00,0.0,0.08964757713455641,0.28307296240852314,-687201.8765740559
2025-12-08 20:00:00,0.0,0.06983034725099936,0.2830986890949576,-722523.9349268595
2025-12-08 21:00:00,0.0,0.09200168306329543,0.28312452222381407,-692697.521264115
2025-12-08 22:00:00,0.0,0.07728329806864592,0.2831504617818025,-762247.1724608425
2025-12-08 23:00:00,0.0,0.08594895411576957,0.283176507755578,-791952.3377060059
2025-12-09 00:00:00,0.0,0.08690805621917085,0.28320266013174084,-730484.0496911452
2025-12-09 01:00:00,0.0,0.09581158245886903,0.2832289188968369,-732869.1278202432
2025-12-09 02:00:00,0.0,0.0833033930779783,0.2832552840373569,-749000.189597949
2025-12-09 03:00:00,0.0,0.07494470942110057,0.28328175553973717,-792724.3420145093
2025-12-09 04:00:00,0.0,0.07508418391803154,0.2833083333903591,-764458.257361579
2025-12-09 05:00:00,0.0,0.07286305735221914,0.2833350175755495,-735609.0089834582
2025-12-09 06:00:00,0.0,0.06832404068959143,0.28336180808158035,-746647.3464526976
2025-12-09 07:00:00,0.002374364187665912,0.06327175067721212,0.28338870489466916,-753131.3342750841
2025-12-09 08:00:00,0.004586919379764736,0.07139821849476376,0.2834157080009785,-734634.4041729084
2025-12-09 09:00:00,0.006486883596375275,0.06354982358427066,0.2834428173866163,-707370.0751812578
2025-12-09 10:00:00,0.007944777415974845,0.0752587776734733,0.2834700330376359,-715193.3255320609
2025-12-09 11:00:00,0.008861247784041189,0.09700512282835039,0.28349735494003603,-658358.5673313377
2025-12-09 12:00:00,0.009173838759529474,0.06858516965803106,0.2835247830797606,-646566.863114427
2025-12-09 13:00:00,0.008861247784041189,0.07726210912098487,0.28355231744269893,-646970.3796117511
2025-12-09 14:00:00,0.007944777415974847,0.06750287588378673,0.2835799580146858,-642880.3633534077
2025-12-09 15:00:00,0.006486883596375276,0.08920652765549669,0.28360770478150105,-661279.1059742786
2025-12-09 16:00:00,0.004586919379764736,0.06713555925389188,0.28363555772887017,-686598.796574129
2025-12-09 17:00:00,0.0023743641876659144,0.08296668232810987,0.283663516842464,-717320.9569958017
2025-12-09 18:00:00,1.1234712272751695e-18,0.09963282034887339,0.28369158210789863,-708175.2530607386
2025-12-09 19:00:00,0.0,0.09067093767285563,0.28371975351073564,-763077.4247542229
2025-12-09 20:00:00,0.0,0.06638723108101954,0.28374803103648194,-758990.246165947
2025-12-09 21:00:00,0.0,0.07578463145262826,0.2837764146705899,-709404.2252673468
2025-12-09 22:00:00,0.0,0.09091915674205013,0.28380490439845724,-769981.6231930847
2025-12-09 23:00:00,0.0,0.07934777387506294,0.2838335002054272,-752789.334644944
2025-12-10 00:00:00,0.0,0.09055739605632684,0.2838622020767884,-769212.4897526389
2025-12-10 01:00:00,0.0,0.08209424669152969,0.2838910099977748,-811636.5267726816
2025-12-10 02:00:00,0.0,0.0742384775532205,0.2839199239535659,-802635.1363962787
2025-12-10 03:00:00,0.0,0.0937175313672556,0.2839489439292867,-754276.0495175605
2025-12-10 04:00:00,0.0,0.07640237090288671,0.28397806991000746,-764848.4827173126
2025-12-10 05:00:00,0.0,0.07230826545029755,0.28400730188074413,-713289.9437312057
2025-12-10 06:00:00,0.0,0.09394428732051624,0.2840366398264581,-722546.9024479002
2025-12-10 07:00:00,0.0019885200809168337,0.09262990264870273,0.284066083732056,-707911.661224416
2025-12-10 08:00:00,0.0038415258045039944,0.08176798789648783,0.28409563358239015,-709332.7927397449
2025-12-10 09:00:00,0.005432737892935764,0.09235463849190627,0.28412528936225845,-695920.6020170201
2025-12-10 10:00:00,0.006653717871987826,0.0946881871622921,0.2841550510564042,-704752.1576856719
2025-12-10 11:00:00,0.0074212579738526,0.0907020289086945,0.28418491864951606,-696712.6964490361
2025-12-10 12:00:00,0.0076830516090079905,0.093726182249353,0.28421489212622847,-683926.4873613989
2025-12-10 13:00:00,0.0074212579738526,0.07749296250619059,0.28424497147112127,-675772.9866354784
2025-12-10 14:00:00,0.0066537178719878265,0.08078532208435513,0.2842751566687198,-694910.0091257731
2025-12-10 15:00:00,0.005432737892935765,0.07681749085018591,0.28430544770349486,-711492.6632200738
2025-12-10 16:00:00,0.0038415258045039944,0.09590705005637186,0.28433584455986316,-660279.3357542587
2025-12-10 17:00:00,0.001988520080916836,0.06845417761941833,0.28436634722218673,-716893.0852215948
2025-12-10 18:00:00,9.409024560655556e-19,0.07266368229350224,0.28439695567477297,-673853.71233855
2025-12-10 19:00:00,0.0,0.0970951762142733,0.28442766990187524,-694053.5445640599
2025-12-10 20:00:00,0.0,0.101811893405328,0.28445848988769223,-712339.2694578861
2025-12-10 21:00:00,0.0,0.09542300756024409,0.2844894156163683,-760301.2647590513
2025-12-10 22:00:00,0.0,0.07418266356688699,0.2845204470719934,-768394.7162850302
2025-12-10 23:00:00,0.0,0.09948085346261262,0.28455158423860316,-756506.8260906206
2025-12-11 00:00:00,0.0,0.09739137675636433,0.2845828271001786,-732350.2044209649
2025-12-11 01:00:00,0.0,0.10088494283072863,0.28461417564064667,-792834.617156223
2025-12-11 02:00:00,0.0,0.08493568086482621,0.28464562984387975,-775379.6025375033
2025-12-11 03:00:00,0.0,0.08954929205009834,0.284677189693696,-762093.1794579722
2025-12-11 04:00:00,0.0,0.09489208630059864,0.2847088551738589,-762494.9628383266
2025-12-11 05:00:00,0.0,0.06771398115047193,0.2847406262680781,-730681.4905587003
2025-12-11 06:00:00,0.0,0.10388567498578763,0.28477250296000856,-763328.7316888955
2025-12-11 07:00:00,0.0016365988837283697,0.08337794577154471,0.2848044852332509,-763342.6329294443
2025-12-11 08:00:00,0.0031616662581381845,0.09627077489480267,0.2848365730713517,-725035.4619269972
2025-12-11 09:00:00,0.004471271301956416,0.0850292224647333,0.28486876645780285,-698353.6913218835
2025-12-11 10:00:00,0.005476166595671513,0.07546062876171114,0.28490106537604226,-641307.1014257475
2025-12-11 11:00:00,0.006107870185684787,0.10061409634281165,0.28493346980945344,-690011.2052620269
2025-12-11 12:00:00,0.00632333251627637,0.09918806283479845,0.2849659797413656,-700554.0627919507
2025-12-11 13:00:00,0.006107870185684787,0.09210713335383698,0.28499859515505377,-696583.3419070765
2025-12-11 14:00:00,0.005476166595671514,0.09556894472680733,0.2850313160337385,-700600.9789371712
2025-12-11 15:00:00,0.004471271301956417,0.06765275677862541,0.2850641423605862,-671123.1592147836
2025-12-11 16:00:00,0.0031616662581381845,0.08377779545577829,0.2850970741187091,-689592.5679820748
2025-12-11 17:00:00,0.0016365988837283715,0.0795605878261481,0.28513011129116517,-682846.1916424375
2025-12-11 18:00:00,7.743848926002235e-19,0.07016859338988489,0.28516325386095803,-708183.1315328401
2025-12-11 19:00:00,0.0,0.07285360529242234,0.2851965018110372,-680478.2146075135
2025-12-11 20:00:00,0.0,0.07222699571306435,0.2852298551242979,-735789.7883322455
2025-12-11 21:00:00,0.0,0.07289360997442211,0.2852633137835812,-727989.7566018931
2025-12-11 22:00:00,0.0,0.0782912336781636,0.2852968777716741,-724105.8686265978
2025-12-11 23:00:00,0.0,0.09385874281271045,0.28533054707130906,-752596.9497207818
2025-12-12 00:00:00,0.0,0.10190223406163364,0.28536432166516473,-781571.4881851792
2025-12-12 01:00:00,0.0,0.09672907464864115,0.2853982015358654,-792223.3792129265
2025-12-12 02:00:00,0.0,0.0699512505133787,0.28543218666598125,-783065.312021125
2025-12-12 03:00:00,0.0,0.1003594084446897,0.2854662770380282,-737285.5569450285
2025-12-12 04:00:00,0.0,0.07066810433820507,0.28550047263446815,-788867.189379525
2025-12-12 05:00:00,0.0,0.07539376380891799,0.2855347734377089,-699625.5082105183
2025-12-12 06:00:00,0.0,0.09975078500669138,0.28556917943010407,-700652.4048196456
2025-12-12 07:00:00,0.0013187048779463042,0.09800730413127594,0.28560369059395313,-721098.8396639831
2025-12-12 08:00:00,0.002547542197723418,0.0876041544447401,0.28563830691150144,-696528.2537586066
2025-12-12 09:00:00,0.0036027687267382183,0.08063055748381198,0.28567302836494035,-645130.5490183679
2025-12-12 10:00:00,0.004412472520882639,0.08542351121700317,0.285707854936407,-693534.4710254605
2025-12-12 11:00:00,0.004921473604684524,0.07013271246412883,0.2857427866079846,-700687.7503369766
2025-12-12 12:00:00,0.0050950843954468365,0.09682831224286881,0.2857778233617021,-695131.2681705267
2025-12-12 13:00:00,0.004921473604684524,0.09780505229579291,0.28581296517953453,-728622.5119828926
2025-12-12 14:00:00,0.00441247252088264,0.07112794889189913,0.28584821204340294,-688825.8700516967
2025-12-12 15:00:00,0.0036027687267382188,0.06866253175697605,0.28588356393517406,-643280.5061052933
2025-12-12 16:00:00,0.002547542197723418,0.09928987306640752,0.285919020836661,-665558.363622368
2025-12-12 17:00:00,0.001318704877946306,0.06980043558252706,0.2859545827296223,-678651.007271691
2025-12-12 18:00:00,6.239678796269595e-19,0.0843282495856297,0.2859902495957631,-721555.6422569099
2025-12-12 19:00:00,0.0,0.10293172355542952,0.28602602141673394,-751043.2896044853
2025-12-12 20:00:00,0.0,0.10448067892853007,0.2860618981741319,-696406.9449506422
2025-12-12 21:00:00,0.0,0.10629033516675707,0.2860978798494997,-838527.98520543
2025-12-12 22:00:00,0.0,0.07154713959696278,0.28613396642432626,-773752.3535050201
2025-12-12 23:00:00,0.0,0.10184472014876599,0.28617015788004635,-743368.7333841514
2025-12-13 00:00:00,0.0,0.07176863382116891,0.2862064541980411,-735477.028265322
2025-12-13 01:00:00,0.0,0.08997391099877186,0.28624285535963745,-736464.9938713014
2025-12-13 02:00:00,0.0,0.09544840834274634,0.2862793613461085,-761747.837367692
2025-12-13 03:00:00,0.0,0.10573284987693388,0.2863159721386732,-725752.6225591386
2025-12-13 04:00:00,0.0,0.10676836625359226,0.28635268771849703,-788306.7227389148
2025-12-13 05:00:00,0.0,0.09713543003991015,0.2863895080666911,-747013.5606292149
2025-12-13 06:00:00,0.0,0.08464072823486762,0.286426433164313,-695792.5031326348
2025-12-13 07:00:00,0.0010349322624252858,0.07700137542453506,0.28646346299236597,-757185.265546149
2025-12-13 08:00:00,0.0019993356014727176,0.08458292953499384,0.28650059753179996,-740175.4670198837
2025-12-13 09:00:00,0.0028274875233380873,0.0915091203665489,0.28653783676351047,-723452.8338250725
2025-12-13 10:00:00,0.0034629508431320284,0.07458504151302722,0.28657518066833965,-698013.0485999476
2025-12-13 11:00:00,0.003862419785763374,0.08385193513431971,0.28661262922707537,-687416.7763552234
2025-12-13 12:00:00,0.003998671202945436,0.07731526632672636,0.286650182420452,-688527.8892804105
2025-12-13 13:00:00,0.003862419785763374,0.10092225688896928,0.2866878402291498,-633560.7151984227
2025-12-13 14:00:00,0.003462950843132029,0.10073410847797074,0.28672560263379543,-689396.9374201003
2025-12-13 15:00:00,0.0028274875233380873,0.10000046175123278,0.2867634696149616,-688692.8699095286
2025-12-13 16:00:00,0.0019993356014727176,0.09049743559572417,0.2868014411531672,-701274.0516440868
2025-12-13 17:00:00,0.0010349322624252867,0.10495127553862887,0.2868395172288775,-728523.2306301313
2025-12-13 18:00:00,4.896959889529825e-19,0.10285584822470967,0.28687769782250394,-709549.6780157503
2025-12-13 19:00:00,0.0,0.10990562446213825,0.286915982914404,-737195.6383525125
2025-12-13 20:00:00,0.0,0.10521436634050643,0.2869543724848816,-766066.5689248119
2025-12-13 21:00:00,0.0,0.07339710978036457,0.2869928665141869,-782178.0028709593
2025-12-13 22:00:00,0.0,0.07761876883059865,0.28703146498251614,-756907.9023610534
2025-12-13 23:00:00,0.0,0.07517127382259,0.28707016787001205,-755153.8103686646
2025-12-14 00:00:00,0.0,0.10642790392622783,0.2871089751567636,-708870.9640734872
2025-12-14 01:00:00,0.0,0.08006620182162505,0.28714788682280584,-770530.1090355187
2025-12-14 02:00:00,0.0,0.09403414919323075,0.2871869028481204,-775937.7950651648
2025-12-14 03:00:00,0.0,0.08456532508231512,0.287226023212635,-748648.468805413
2025-12-14 04:00:00,0.0,0.1015770898568031,0.2872652478962239,-814578.5255277758
2025-12-14 05:00:00,0.0,0.09837975369767626,0.2873045768787075,-765598.3359064859
2025-12-14 06:00:00,0.0,0.07969146861525145,0.2873440101398526,-775914.4091987313
2025-12-14 07:00:00,0.0007853651251155862,0.08993171118590336,0.28738354765937246,-699611.4916911763
2025-12-14 08:00:00,0.0015172089148317801,0.07251461542804057,0.2874231894169265,-702933.5306096575
2025-12-14 09:00:00,0.0021456574243084695,0.10633042600923104,0.28746293539212076,-687377.7833899399
2025-12-14 10:00:00,0.0026278829261850846,0.07973437719992164,0.2875027855645074,-687454.9028235761
2025-12-14 11:00:00,0.002931022549424056,0.07989065050949803,0.2875427399135852,-658849.3576371835
2025-12-14 12:00:00,0.0030344178296635607,0.09707954952756398,0.2875827984187992,-677058.0396038856
2025-12-14 13:00:00,0.002931022549424056,0.11080194098094372,0.2876229610595409,-685946.6156641229
2025-12-14 14:00:00,0.002627882926185085,0.07643598194837246,0.2876632278151482,-705854.9472221354
2025-12-14 15:00:00,0.00214565742430847,0.07808917842862798,0.2877035986649056,-682994.336981612
2025-12-14 16:00:00,0.0015172089148317801,0.11020451575471102,0.2877440735880438,-684920.195035464
2025-12-14 17:00:00,0.0007853651251155869,0.0792454922302669,0.28778465256374014,-723877.3112418208
2025-12-14 18:00:00,3.716090082373138e-19,0.08637955104693412,0.28782533557111833,-719193.8159227956
2025-12-14 19:00:00,0.0,0.10726058863515915,0.28786612258924854,-750084.9072127332
2025-12-14 20:00:00,0.0,0.09988620448689658,0.2879070135971476,-763164.7725302083
2025-12-14 21:00:00,0.0,0.10685556325577535,0.2879480085737787,-752498.2453219098
2025-12-14 22:00:00,0.0,0.09086448329991967,0.28798910749805157,-780789.2223990889
2025-12-14 23:00:00,0.0,0.09046210213723348,0.28803031034882237,-785091.111659093
2025-12-15 00:00:00,0.0,0.09843419095115477,0.28807161710489404,-740048.9855972483
2025-12-15 01:00:00,0.0,0.07769249383794113,0.28811302774501574,-793510.6575308777
2025-12-15 02:00:00,0.0,0.08223878483287411,0.28815454224788345,-809371.49867836
2025-12-15 03:00:00,0.0,0.08791073360313598,0.28819616059213965,-788705.6171459983
2025-12-15 04:00:00,0.0,0.10505653248947294,0.28823788275637335,-779229.1896763272
2025-12-15 05:00:00,0.0,0.09024069612689473,0.28827970871912023,-754437.7844507251
2025-12-15 06:00:00,0.0,0.09494289705017926,0.28832163845886233,-699806.9153091828
2025-12-15 07:00:00,0.0005700774181461283,0.08074759252781102,0.2883636719540286,-711390.4163134916
2025-12-15 08:00:00,0.0011013050023430753,0.07435435734102831,0.2884058091829946,-732740.4939689441
2025-12-15 09:00:00,0.0015574804706229102,0.11096544577827042,0.2884480501240822,-720538.7382276438
2025-12-15 10:00:00,0.0019075162186879679,0.08508820247555783,0.2884903947555602,-692192.7505017607
2025-12-15 11:00:00,0.002127557888769039,0.09078050155897777,0.28853284305564414,-699984.6199755108
2025-12-15 12:00:00,0.002202610004686151,0.09097184970685612,0.2885753950024959,-691804.1154123371
2025-12-15 13:00:00,0.002127557888769039,0.08133492953509786,0.28861805057422424,-676056.066110362
2025-12-15 14:00:00,0.0019075162186879683,0.07642989881687479,0.28866080974888464,-703117.6209947409
2025-12-15 15:00:00,0.0015574804706229104,0.08920184958284261,0.2887036725044792,-710266.6217667744
2025-12-15 16:00:00,0.0011013050023430753,0.09727629957316702,0.2887466388189567,-662792.4534945982
2025-12-15 17:00:00,0.0005700774181461288,0.08789919684417546,0.2887897086702127,-743151.2889976759
2025-12-15 18:00:00,2.697419292008831e-19,0.09238609712012995,0.2888328820360896,-705634.0007376835
2025-12-15 19:00:00,0.0,0.11255666792855189,0.2888761588943763,-705772.9182570167
2025-12-15 20:00:00,0.0,0.07316367227436275,0.28891953922280866,-737797.112231524
2025-12-15 21:00:00,0.0,0.0791086171776763,0.28896302299906923,-761856.1216401403
2025-12-15 22:00:00,0.0,0.10894229553726437,0.2890066102007874,-791338.0403494721
2025-12-15 23:00:00,0.0,0.07985217417436219,0.2890503008055392,-758398.251043345
2025-12-16 00:00:00,0.0,0.08799233878858798,0.2890940947908477,-779344.7641017311
2025-12-16 01:00:00,0.0,0.07405688979943341,0.2891379921341825,-758147.0350921082
2025-12-16 02:00:00,0.0,0.08810272104162038,0.2891819928129603,-767863.902292358
2025-12-16 03:00:00,0.0,0.08580034729092649,0.2892260968045445,-771044.6528636697
2025-12-16 04:00:00,0.0,0.07683108041904621,0.2892703040862453,-744836.1102889078
2025-12-16 05:00:00,0.0,0.10880753593607405,0.2893146146353198,-725446.9001778063
2025-12-16 06:00:00,0.0,0.10646952412575994,0.2893590284289722,-718740.2596508192
2025-12-16 07:00:00,0.0003891329359107372,0.07871789224263005,0.28940354544435315,-740139.7688609475
2025-12-16 08:00:00,0.0007517471053117397,0.08911162525825206,0.28944816565856063,-731783.6295447637
2025-12-16 09:00:00,0.0010631309518065776,0.10453285711662402,0.2894928890486392,-700532.7175119654
2025-12-16 10:00:00,0.0013020641808427645,0.10715369967863385,0.2895377155915805,-669435.2945076743
2025-12-16 11:00:00,0.0014522638877173149,0.07560432757899865,0.28958264526432304,-651680.1102450538
2025-12-16 12:00:00,0.0015034942106234796,0.09963983263025944,0.28962767804375233,-659932.1891982731
2025-12-16 13:00:00,0.0014522638877173149,0.0843374006063635,0.2896728139067009,-663838.8132570719
2025-12-16 14:00:00,0.0013020641808427647,0.11749505488132855,0.289718052829948,-690924.9161260298
2025-12-16 15:00:00,0.0010631309518065778,0.09865888706809839,0.2897633947902202,-704883.9019915261
2025-12-16 16:00:00,0.0007517471053117397,0.09305295919465452,0.2898088397641907,-698904.5463881382
2025-12-16 17:00:00,0.00038913293591073757,0.08440125960037081,0.28985438772848005,-692019.4939022101
2025-12-16 18:00:00,1.8412493725766207e-19,0.08287933568050823,0.2899000386596555,-718626.9643699846
2025-12-16 19:00:00,0.0,0.10974386366629718,0.28994579253423164,-772831.2447472309
2025-12-16 20:00:00,0.0,0.07603527062235244,0.2899916493286697,-738445.0455377358
2025-12-16 21:00:00,0.0,0.10874837302627423,0.2900376090193785,-733461.8910135381
2025-12-16 22:00:00,0.0,0.09004958426221454,0.2900836715827134,-751095.7826065072
2025-12-16 23:00:00,0.0,0.10848399660639502,0.2901298369949771,-760998.3146195107
2025-12-17 00:00:00,0.0,0.08908096467856325,0.2901761052324194,-783272.2107976186
2025-12-17 01:00:00,0.0,0.09337293203783122,0.29022247627123704,-759846.7722130811
2025-12-17 02:00:00,0.0,0.11342268210275422,0.2902689500875742,-745261.8187028994
2025-12-17 03:00:00,0.0,0.11901343990546992,0.2903155266575218,-765568.9549377345
2025-12-17 04:00:00,0.0,0.10510032481876337,0.2903622059571181,-736511.5977420732
2025-12-17 05:00:00,0.0,0.11253343641854577,0.29040898796234843,-691857.0967258012
2025-12-17 06:00:00,0.0,0.11187410173131501,0.2904558726491454,-708610.5050957339
2025-12-17 07:00:00,0.0002425852961646114,0.08278650039577622,0.29050285999338865,-715006.1746122653
2025-12-17 08:00:00,0.00046863880528676116,0.08436079145091577,0.2905499499709051,-760335.0321702663
2025-12-17 09:00:00,0.0006627553542908618,0.0915350644310879,0.29059714255746893,-739237.9395546755
2025-12-17 10:00:00,0.0008117062211550486,0.08281534724780636,0.2906444377288013,-712170.4484385196
2025-12-17 11:00:00,0.0009053406504554734,0.08676236780654285,0.2906918354605708,-658509.2639413037
2025-12-17 12:00:00,0.0009372776105735225,0.1094874542019992,0.29073933572839333,-715320.2466094159
2025-12-17 13:00:00,0.0009053406504554734,0.09200952321905218,0.29078693850783177,-705245.003826142
2025-12-17 14:00:00,0.0008117062211550487,0.10882778937767851,0.2908346437743964,-674338.1009764624
2025-12-17 15:00:00,0.000662755354290862,0.11764937065724068,0.29088245150354475,-699675.7851745143
2025-12-17 16:00:00,0.00046863880528676116,0.10198341825783513,0.29093036167068176,-659755.1740081026
2025-12-17 17:00:00,0.00024258529616461166,0.11630086945005205,0.2909783742511595,-692057.5982061579
2025-12-17 18:00:00,1.147834025701344e-19,0.11271413727293125,0.2910264892202775,-701451.9603814193
2025-12-17 19:00:00,0.0,0.114600394586528,0.2910747065532824,-739800.8906105544
2025-12-17 20:00:00,0.0,0.07863082298864704,0.29112302622536845,-739100.997481433
2025-12-17 21:00:00,0.0,0.08400443613550324,0.29117144821167706,-736967.6324619636
2025-12-17 22:00:00,0.0,0.10848875445156424,0.29121997248729714,-740514.367620548
2025-12-17 23:00:00,0.0,0.07984433990439092,0.2912685990272647,-795049.1655610753
2025-12-18 00:00:00,0.0,0.11703147078616892,0.2913173278065636,-759383.5455069873
2025-12-18 01:00:00,0.0,0.09394911835056231,0.2913661588001246,-798173.2054955693
2025-12-18 02:00:00,0.0,0.09850942072698494,0.29141509198282634,-782081.2244154762
2025-12-18 03:00:00,0.0,0.08386276314040077,0.2914641273294944,-759668.4560086641
2025-12-18 04:00:00,0.0,0.09773684690712815,0.29151326481490225,-736385.0001082988
2025-12-18 05:00:00,0.0,0.11237103254841062,0.2915625044137706,-812560.0086027185
2025-12-18 06:00:00,0.0,0.11137685728781342,0.29161184610076757,-726909.7621608309
2025-12-18 07:00:00,0.00013047792413618686,0.10478044171841117,0.29166128985050893,-728748.2631962638
2025-12-18 08:00:00,0.00025206399336745726,0.09958709348893081,0.29171083563755784,-735673.4782832589
2025-12-18 09:00:00,0.00035647231800618,0.09946498137872561,0.291760483436425,-678689.9621101305
2025-12-18 10:00:00,0.00043658764327114056,0.09776750365828522,0.2918102332215685,-705288.5406693029
2025-12-18 11:00:00,0.0004869502421423669,0.1142651514042366,0.29186008496739424,-678592.9226559562
2025-12-18 12:00:00,0.0005041279867349146,0.0942199159539947,0.2919100386482554,-616142.0531094545
2025-12-18 13:00:00,0.0004869502421423669,0.09833370061213101,0.2919600942384527,-674827.9862814953
2025-12-18 14:00:00,0.00043658764327114067,0.08733213951324025,0.29201025171223477,-675174.9630750341
2025-12-18 15:00:00,0.0003564723180061801,0.08616156699471272,0.29206051104379743,-682943.5018271038
2025-12-18 16:00:00,0.00025206399336745726,0.10966246060307812,0.2921108722072844,-738265.9785825331
2025-12-18 17:00:00,0.000130477924136187,0.08103211664891452,0.29216133517678683,-727768.879120044
2025-12-18 18:00:00,6.173787253155125e-20,0.10464056005822212,0.2922118999263435,-734283.9424531801
2025-12-18 19:00:00,0.0,0.12086419794927013,0.292262566429941,-714471.9457682162
2025-12-18 20:00:00,0.0,0.11653774828986639,0.2923133346615132,-725807.6959995998
2025-12-18 21:00:00,0.0,0.10684280511759536,0.2923642045949422,-787103.0824415552
2025-12-18 22:00:00,0.0,0.09156408358022215,0.2924151762040572,-743752.9868561863
2025-12-18 23:00:00,0.0,0.08260410984787132,0.29246624946263555,-796542.8547652719
2025-12-19 00:00:00,0.0,0.08141865982429869,0.2925174243444019,-765470.046259305
2025-12-19 01:00:00,0.0,0.12432526479927937,0.29256870082302905,-774048.1785461149
2025-12-19 02:00:00,0.0,0.09268944918458082,0.29262007887213715,-776590.5216357181
2025-12-19 03:00:00,0.0,0.1014879953168174,0.2926715584652943,-752916.0191214436
2025-12-19 04:00:00,0.0,0.10816215791746382,0.29272313957601637,-762287.3011096226
2025-12-19 05:00:00,0.0,0.115086948452634,0.2927748221777668,-795738.6674925504
2025-12-19 06:00:00,0.0,0.08216857152924854,0.2928266062439572,-706483.0352912823
2025-12-19 07:00:00,5.284403965924106e-05,0.10715053755039328,0.29287849174794656,-755615.2246908766
2025-12-19 08:00:00,0.00010208684534460943,0.09475131950306849,0.2929304786630419,-740395.6360122841
2025-12-19 09:00:00,0.0001443726012262313,0.08426090322045683,0.2929825669624981,-680828.7389866465
2025-12-19 10:00:00,0.00017681960292128984,0.08629976757215406,0.2930347566195177,-731704.7221701529
2025-12-19 11:00:00,0.00019721664088547238,0.08532910151583528,0.29308704760725135,-716012.7415843339
2025-12-19 12:00:00,0.00020417369068921888,0.08770682735169302,0.2931394398987973,-646278.9471396188
2025-12-19 13:00:00,0.00019721664088547238,0.09972475955131932,0.29319193346720207,-656774.5534867924
2025-12-19 14:00:00,0.00017681960292128987,0.08107690724600933,0.29324452828545955,-702264.8220835966
2025-12-19 15:00:00,0.00014437260122623132,0.09668396503791277,0.2932972243265119,-671809.7681071464
2025-12-19 16:00:00,0.00010208684534460943,0.12391478710035703,0.29335002156324924,-718269.9441103612
2025-12-19 17:00:00,5.284403965924111e-05,0.09208032542181169,0.2934029199685093,-684903.9379139647
2025-12-19 18:00:00,2.5004065677265363e-20,0.09826757668450198,0.29345591951507816,-742824.1124523806
2025-12-19 19:00:00,0.0,0.10121623160044074,0.29350902017568953,-716400.9023369248
2025-12-19 20:00:00,0.0,0.09336761353220258,0.2935622219230254,-736307.7693205638
2025-12-19 21:00:00,0.0,0.10689927418743189,0.2936155247297156,-742041.1846011346
2025-12-19 22:00:00,0.0,0.10296598080545881,0.2936689285683378,-746992.7842273838
2025-12-19 23:00:00,0.0,0.11253072450476892,0.293722433411418,-768021.2105674928
2025-12-20 00:00:00,0.0,0.10204784529106115,0.2937760392314301,-771274.8208355319
2025-12-20 01:00:00,0.0,0.12390029898061093,0.29382974600079603,-791569.0014656495
2025-12-20 02:00:00,0.0,0.09374597802686647,0.2938835536918858,-795059.7866928175
2025-12-20 03:00:00,0.0,0.09543257856253101,0.29393746227701756,-800648.2727402728
2025-12-20 04:00:00,0.0,0.08512947966475065,0.2939914717284574,-774278.776977039
2025-12-20 05:00:00,0.0,0.08938529834951997,0.2940455820184198,-695912.7829894393
2025-12-20 06:00:00,0.0,0.1247246288490052,0.29409979311906703,-710909.9960213946
2025-12-20 07:00:00,9.706647329234605e-06,0.09747339388961086,0.2941541050025097,-762010.075465529
2025-12-20 08:00:00,1.8751802683975023e-05,0.11797936054432219,0.2942085176408066,-694563.7518210907
2025-12-20 09:00:00,2.6519053674621688e-05,0.11785702804951644,0.2942630310059645,-668319.5326036427
2025-12-20 10:00:00,3.247907498215118e-05,0.09629213177056012,0.29431764506993857,-690995.3495591816
2025-12-20 11:00:00,3.6225701003856294e-05,0.12686261938161852,0.294372359804632,-657128.5789360193
2025-12-20 12:00:00,3.750360536795005e-05,0.09012278578305387,0.29442717518189626,-683518.7552026515
2025-12-20 13:00:00,3.6225701003856294e-05,0.09310641879879984,0.29448209117353097,-678658.4347588837
2025-12-20 14:00:00,3.247907498215119e-05,0.10714335396995732,0.2945371077512842,-665772.8343892248
2025-12-20 15:00:00,2.651905367462169e-05,0.10692080275947297,0.294592224886852,-691646.5365656716
2025-12-20 16:00:00,1.8751802683975023e-05,0.09580375539839402,0.2946474425518789,-674079.2829267391
2025-12-20 17:00:00,9.706647329234615e-06,0.08441972529062412,0.29470276071795765,-720009.9035672651
2025-12-20 18:00:00,4.592867027034553e-21,0.09767789662142648,0.2947581793566292,-727131.23056789
2025-12-20 19:00:00,0.0,0.09203639494867658,0.2948136984393829,-708352.8717804563
2025-12-20 20:00:00,0.0,0.11150070284066116,0.29486931793765636,-731343.0575353311
2025-12-20 21:00:00,0.0,0.09744936264828741,0.2949250378228357,-741588.3991084337
2025-12-20 22:00:00,0.0,0.10847560568727635,0.2949808580662552,-741878.1546334578
2025-12-20 23:00:00,0.0,0.11553013062698228,0.29503677863919753,-758638.4637330453
2025-12-21 00:00:00,0.0,0.08786926391321485,0.29509279951289386,-758723.3939350515
2025-12-21 01:00:00,0.0,0.09358721219671026,0.2951489206585237,-792228.0820672843
2025-12-21 02:00:00,0.0,0.10075621185393809,0.29520514204721504,-763166.0642615063
2025-12-21 03:00:00,0.0,0.09638284357670576,0.29526146365004413,-745701.2908824616
2025-12-21 04:00:00,0.0,0.10432345343624971,0.2953178854380359,-755205.6971610875
2025-12-21 05:00:00,0.0,0.1283232621535328,0.29537440738216336,-746753.7718804965
2025-12-21 06:00:00,0.0,0.10359830256246359,0.2954310294533485,-730134.9076814007
2025-12-21 07:00:00,1.0785296865010319e-06,0.09964249750061785,0.2954877516224613,-734753.1003558096
2025-12-21 08:00:00,2.083559357221598e-06,0.11040059255076258,0.29554457386032074,-707728.6007262777
2025-12-21 09:00:00,2.9465979009921524e-06,0.11348804732336829,0.29560149613769376,-715629.5710894236
2025-12-21 10:00:00,3.60883066729336e-06,0.08985552476486929,0.2956585184252964,-701304.5717248971
2025-12-21 11:00:00,4.025127587493185e-06,0.12904721217036197,0.2957156406937928,-718893.2001809885
2025-12-21 12:00:00,4.167118714443197e-06,0.09728020085904614,0.2957728629137959,-719369.2809183273
2025-12-21 13:00:00,4.025127587493185e-06,0.11661611148123055,0.2958301850558673,-687395.1291613173
2025-12-21 14:00:00,3.60883066729336e-06,0.12927765776291286,0.29588760709051687,-688499.8878325751
2025-12-21 15:00:00,2.946597900992153e-06,0.10998479484349322,0.29594512898820335,-699330.5320370519
2025-12-21 16:00:00,2.083559357221598e-06,0.11534525644450569,0.2960027507193341,-688012.9379786005
2025-12-21 17:00:00,1.0785296865010332e-06,0.1268916230278383,0.29606047225426485,-724102.272346817
2025-12-21 18:00:00,5.103248595309894e-22,0.10053757357719009,0.29611829356330044,-746625.1725669069
2025-12-21 19:00:00,0.0,0.12829969864619625,0.29617621461669397,-749616.9135742872
2025-12-21 20:00:00,0.0,0.11536493720848343,0.29623423538464727,-731502.7451724819
2025-12-21 21:00:00,0.0,0.08458920020722956,0.2962923558373113,-750892.8413370943
2025-12-21 22:00:00,0.0,0.10646066233061789,0.2963505759447852,-748035.1456566688
2025-12-21 23:00:00,0.0,0.11768375488289291,0.29640889567711715,-782360.3237735613
2025-12-22 00:00:00,0.0,0.08430854057654028,0.2964673150043039,-760821.3345708571
2025-12-22 01:00:00,0.0,0.1120679341906302,0.29652583389629106,-743131.2414391324
2025-12-22 02:00:00,0.0,0.10621930700111082,0.2965844523229731,-801428.2786651878
2025-12-22 03:00:00,0.0,0.11303742164682416,0.2966431702541931,-795141.2231203387
2025-12-22 04:00:00,0.0,0.08339404488855479,0.29670198765974315,-780837.0500817645
2025-12-22 05:00:00,0.0,0.09157906421137063,0.2967609045093639,-777754.2370257297
2025-12-22 06:00:00,0.0,0.11511276200368124,0.2968199207727451,-742539.9091320918
2025-12-22 07:00:00,2.69622434284965e-05,0.10010639274589112,0.29687903641952523,-767250.6290087407
2025-12-22 08:00:00,5.2087054524554974e-05,0.0898800070964258,0.2969382514192917,-718676.4927654208
2025-12-22 09:00:00,7.366221893269252e-05,0.10063088756180885,0.2969975657415807,-686953.8617997714
2025-12-22 10:00:00,9.021742485313959e-05,0.12402236116957435,0.29705697935587744,-651919.5660565618
2025-12-22 11:00:00,0.00010062446236118904,0.11392343035638369,0.297116492231616,-704214.5466274053
2025-12-22 12:00:00,0.00010417410904910996,0.12478843374963924,0.2971761043381793,-691220.7895940217
2025-12-22 13:00:00,0.00010062446236118904,0.1300471124296881,0.29723581564489937,-710311.9491982333
2025-12-22 14:00:00,9.021742485313959e-05,0.10124841620941423,0.2972956261210572,-668012.1764191106
2025-12-22 15:00:00,7.366221893269253e-05,0.11811202336357324,0.29735553573588264,-698999.5628657674
2025-12-22 16:00:00,5.2087054524554974e-05,0.10355117806405056,0.2974155444585545,-707130.7048022068
2025-12-22 17:00:00,2.696224342849653e-05,0.11265753229053724,0.29747565225820094,-736435.2354948234
2025-12-22 18:00:00,1.2757648920101982e-20,0.11196911591904046,0.29753585910389874,-756383.1586224074
2025-12-22 19:00:00,0.0,0.1251339644634802,0.29759616496467395,-750831.0540624814
2025-12-22 20:00:00,0.0,0.13186906422456576,0.2976565698095015,-740877.4632526191
2025-12-22 21:00:00,0.0,0.11413620487991223,0.2977170736073057,-738811.9903660497
2025-12-22 22:00:00,0.0,0.1118507440211378,0.2977776763269598,-789817.6351358342
2025-12-22 23:00:00,0.0,0.11388687718274262,0.29783837793728585,-761020.8108230672
2025-12-23 00:00:00,0.0,0.11986939440023375,0.2978991784070556,-823054.2478811975
2025-12-23 01:00:00,0.0,0.08676842515566108,0.2979600777049894,-755905.5053822236
2025-12-23 02:00:00,0.0,0.10581321802486032,0.29802107579975723,-795684.51820389
2025-12-23 03:00:00,0.0,0.09803237126312522,0.29808217265997794,-745135.715623571
2025-12-23 04:00:00,0.0,0.10078521231981906,0.2981433682542196,-823037.1404874874
2025-12-23 05:00:00,0.0,0.11378956223906936,0.2982046625509996,-775764.3858308429
2025-12-23 06:00:00,0.0,0.09373768583421199,0.29826605551878443,-715634.6724525399
2025-12-23 07:00:00,8.735011865223423e-05,0.11840627187934645,0.2983275471259899,-711976.3792229308
2025-12-23 08:00:00,0.00016874747107121498,0.09006585308236766,0.29838913734098105,-691223.0142507232
2025-12-23 09:00:00,0.0002386449622050738,0.1343911626436289,0.298450826132072,-736567.1460018283
2025-12-23 10:00:00,0.00029227919354410376,0.09578247645970386,0.2985126134675267,-682630.326284127
2025-12-23 11:00:00,0.00032599508085730803,0.11334806686705495,0.29857449931555785,-703241.5003871386
2025-12-23 12:00:00,0.00033749494214243,0.10286267036488979,0.29863648364432765,-714085.4103684508
2025-12-23 13:00:00,0.00032599508085730803,0.11857024018893102,0.2986985664219477,-663573.6303659756
2025-12-23 14:00:00,0.00029227919354410376,0.13101944210925653,0.29876074761647886,-667176.3747798942
2025-12-23 15:00:00,0.0002386449622050738,0.1249386181716729,0.29882302719593146,-708769.6553380365
2025-12-23 16:00:00,0.00016874747107121498,0.10348425361138439,0.29888540512826495,-701998.6735390807
2025-12-23 17:00:00,8.735011865223433e-05,0.10902126289320944,0.29894788138138867,-746952.146768764
2025-12-23 18:00:00,4.133121006231481e-20,0.10097812114195324,0.299010455923161,-669772.6279041832
2025-12-23 19:00:00,0.0,0.12767970197945874,0.2990731287213898,-783544.2157059632
2025-12-23 20:00:00,0.0,0.08623774922207672,0.29913589974383237,-726759.0880130994
2025-12-23 21:00:00,0.0,0.11438208579771364,0.29919876895819575,-678755.4685816229
2025-12-23 22:00:00,0.0,0.10958547619035289,0.29926173633213604,-726089.2509095555
2025-12-23 23:00:00,0.0,0.10505186882518508,0.29932480183325916,-766210.9558825679
2025-12-24 00:00:00,0.0,0.13124958217665036,0.2993879654291205,-765866.6761661469
2025-12-24 01:00:00,0.0,0.09692840881995596,0.2994512270872247,-775828.4250208803
2025-12-24 02:00:00,0.0,0.09011368588224708,0.29951458677502646,-787099.8354982997
2025-12-24 03:00:00,0.0,0.09826837095514712,0.2995780444599295,-763867.0542652003
2025-12-24 04:00:00,0.0,0.12625401834045932,0.2996416001092876,-807954.8539474878
2025-12-24 05:00:00,0.0,0.13376926822642565,0.29970525369040374,-762716.4160897881
2025-12-24 06:00:00,0.0,0.12298486746063485,0.29976900517053084,-752464.8282910415
2025-12-24 07:00:00,0.00018222426112700704,0.10026894810593057,0.2998328545168713,-686048.4886838782
2025-12-24 08:00:00,0.00035203023999803845,0.11165720410832361,0.29989680169657723,-711808.7329427158
2025-12-24 09:00:00,0.0004978459397706816,0.08936323478049517,0.29996084667675027,-717169.0161373201
2025-12-24 10:00:00,0.0006097342614772683,0.1094761022185544,0.30002498942444195,-708570.1533212559
2025-12-24 11:00:00,0.0006800702008976887,0.09743876618782439,0.30008922990665327,-698784.4684799276
2025-12-24 12:00:00,0.000704060479996077,0.11532150393494144,0.3001535680903352,-649977.5867527534
2025-12-24 13:00:00,0.0006800702008976887,0.10305331226714856,0.3002180039423883,-709727.647083939
2025-12-24 14:00:00,0.0006097342614772683,0.09695998405615351,0.3002825374296628,-685169.9593869785
2025-12-24 15:00:00,0.0004978459397706818,0.1316584787843869,0.30034716851895893,-721016.7441815067
2025-12-24 16:00:00,0.00035203023999803845,0.11892688574952213,0.30041189717702665,-702383.2990631526
2025-12-24 17:00:00,0.00018222426112700726,0.08865212068316022,0.3004767233705655,-725183.776473229
2025-12-24 18:00:00,8.622254132333448e-20,0.1228940559840281,0.30054164706622516,-724863.0226610561
2025-12-24 19:00:00,0.0,0.11873732418414329,0.3006066682306048,-729859.287628088
2025-12-24 20:00:00,0.0,0.09722777899721642,0.30067178683025386,-707253.6001356742
2025-12-24 21:00:00,0.0,0.09084452507219594,0.30073700283167126,-758564.0196593392
2025-12-24 22:00:00,0.0,0.10682208059798926,0.3008023162013061,-735025.3464704722
2025-12-24 23:00:00,0.0,0.09190268071284108,0.3008677269055572,-753659.8698207947
2025-12-25 00:00:00,0.0,0.12470051920329,0.3009332349107734,-817983.5824832363
2025-12-25 01:00:00,0.0,0.09514392268679839,0.3009988401832534,-789310.4909946907
2025-12-25 02:00:00,0.0,0.10266257212577623,0.30106454268924604,-794876.133064927
2025-12-25 03:00:00,0.0,0.13349964537574247,0.30113034239495,-820201.645840645
2025-12-25 04:00:00,0.0,0.09286473711073848,0.3011962392665139,-699883.5901612215
2025-12-25 05:00:00,0.0,0.13931771258393996,0.3012622332700365,-757222.9079323184
2025-12-25 06:00:00,0.0,0.09463825261900324,0.3013283243715665,-735599.44006468
2025-12-25 07:00:00,0.0003115565575968294,0.08862767888957933,0.30139451253710264,-769107.3408565255
2025-12-25 08:00:00,0.0006018810506649901,0.1137750793595376,0.3014607977325939,-735876.0008041213
2025-12-25 09:00:00,0.000851188344785797,0.09407836900134807,0.301527179923939,-746069.4497182264
2025-12-25 10:00:00,0.0010424885598647004,0.10477518334341039,0.3015936590769871,-706433.3993069407
2025-12-25 11:00:00,0.0011627449023826266,0.1267066239383762,0.30166023515753737,-697177.8271067064
2025-12-25 12:00:00,0.0012037621013299804,0.10565416318034059,0.30172690813133907,-684455.1189203094
2025-12-25 13:00:00,0.0011627449023826266,0.11911073739417005,0.3017936779640916,-666253.8590866467
2025-12-25 14:00:00,0.0010424885598647007,0.12886221586716978,0.30186054462144457,-673157.6265322458
2025-12-25 15:00:00,0.0008511883447857971,0.10972039946908932,0.3019275080689977,-680652.1358124679
2025-12-25 16:00:00,0.0006018810506649901,0.1373991144670199,0.30199456827230114,-696705.8574872921
2025-12-25 17:00:00,0.00031155655759682965,0.08926983716450576,0.302061725196855,-726728.3544817197
2025-12-25 18:00:00,1.4741834043286525e-19,0.09031594324327386,0.30212897880810974,-672730.1216111633
2025-12-25 19:00:00,0.0,0.13175984401631957,0.302196329071466,-757172.3902278043
2025-12-25 20:00:00,0.0,0.11011786885125877,0.30226377595227494,-744956.456817402
2025-12-25 21:00:00,0.0,0.10299696446732871,0.3023313194158378,-784299.907844267
2025-12-25 22:00:00,0.0,0.1215222371874381,0.302398959427406,-767364.1750654725
2025-12-25 23:00:00,0.0,0.09874304562581092,0.3024666959521818,-810368.8549462649
2025-12-26 00:00:00,0.0,0.12403656608970647,0.3025345289553172,-736315.151325564
2025-12-26 01:00:00,0.0,0.12752789780708376,0.30260245840191496,-827120.8971365697
2025-12-26 02:00:00,0.0,0.09668940209769662,0.302670484257028,-781373.5569674782
2025-12-26 03:00:00,0.0,0.12261901046498902,0.30273860648566,-754577.6249325415
2025-12-26 04:00:00,0.0,0.0927363585363431,0.3028068250527645,-787545.5324572121
2025-12-26 05:00:00,0.0,0.10720320808357436,0.30287513992324594,-759644.0674585345
2025-12-26 06:00:00,0.0,0.11130281808261805,0.30294355106195897,-730739.5049325643
2025-12-26 07:00:00,0.0004753086841110592,0.09979746799786814,0.3030120584337089,-793318.4452877973
2025-12-26 08:00:00,0.0009182258668846892,0.11758733513503544,0.30308066200325146,-682853.4872830793
2025-12-26 09:00:00,0.0012985674742701197,0.10289229523248318,0.30314936173529283,-665272.2215724676
2025-12-26 10:00:00,0.0015904138542682585,0.10094340736810614,0.30321815759448967,-721960.3235812348
2025-12-26 11:00:00,0.0017738761583811792,0.09630819971976189,0.30328704954544944,-676604.9608321339
2025-12-26 12:00:00,0.0018364517337693786,0.1326784741492667,0.3033560375527298,-675415.2690502747
2025-12-26 13:00:00,0.0017738761583811792,0.12142050044954132,0.3034251215808393,-722480.510120226
2025-12-26 14:00:00,0.0015904138542682587,0.12328990474490059,0.30349430159423696,-675834.3802527646
2025-12-26 15:00:00,0.00129856747427012,0.11671586165936053,0.30356357755733243,-737668.881635317
2025-12-26 16:00:00,0.0009182258668846892,0.10906684873422375,0.30363294943448604,-677728.8807893324
2025-12-26 17:00:00,0.00047530868411105976,0.11161822265823412,0.30370241719000873,-688545.2049476766
2025-12-26 18:00:00,2.249004737549277e-19,0.11675491009117965,0.30377198078816214,-739112.4204785982
2025-12-26 19:00:00,0.0,0.1254858681959884,0.3038416401931585,-693304.7074327634
2025-12-26 20:00:00,0.0,0.13639145408402345,0.303911395369161,-724642.7812079213
2025-12-26 21:00:00,0.0,0.1032183498516416,0.3039812462802833,-803719.7356595126
2025-12-26 22:00:00,0.0,0.13901759322632892,0.30405119289058985,-760186.779826889
2025-12-26 23:00:00,0.0,0.10247017440989444,0.30412123516409595,-762669.5368026664
2025-12-27 00:00:00,0.0,0.14068482804970847,0.3041913730647678,-797829.0773032977
2025-12-27 01:00:00,0.0,0.10547525578340033,0.3042616065565221,-807262.5645462776
2025-12-27 02:00:00,0.0,0.10906770885019693,0.3043319356032267,-790521.1659367469
2025-12-27 03:00:00,0.0,0.09242402037328756,0.3044023601687,-836609.0871346865
2025-12-27 04:00:00,0.0,0.1093970913993217,0.30447288021671143,-804613.9019640294
2025-12-27 05:00:00,0.0,0.13479193409159082,0.30454349571098127,-729118.4350108891
2025-12-27 06:00:00,0.0,0.1443944542895911,0.3046142066151807,-713760.5572247785
2025-12-27 07:00:00,0.0006734321173805378,0.09457044798385969,0.3046850128929317,-749012.1581707586
2025-12-27 08:00:00,0.0013009709488607856,0.13403735084047974,0.3047559145078073,-775931.2443756693
2025-12-27 09:00:00,0.0018398507601323172,0.09485221961831966,0.30482691142333157,-727760.9106543396
2025-12-27 10:00:00,0.0022533477825979727,0.12419121365618385,0.30489800360297925,-675725.3354789547
2025-12-27 11:00:00,0.0025132828775128553,0.1409218518130244,0.30496919101017655,-719569.3279188083
2025-12-27 12:00:00,0.0026019418977215715,0.14320480621235313,0.3050404736083002,-675411.3173791455
2025-12-27 13:00:00,0.0025132828775128553,0.13040845155978162,0.3051118513606782,-692355.9411171122
2025-12-27 14:00:00,0.0022533477825979727,0.12639940820202653,0.30518332423058964,-701695.4590208613
2025-12-27 15:00:00,0.0018398507601323176,0.11034307868439985,0.30525489218126445,-698665.069895893
2025-12-27 16:00:00,0.0013009709488607856,0.1124180900441292,0.3053265551758839,-670793.815438125
2025-12-27 17:00:00,0.0006734321173805385,0.12669545818584216,0.30539831317758026,-727426.4635655803
2025-12-27 18:00:00,3.1864598166121126e-19,0.09710503436123423,0.30547016614943684,-719459.189317157
2025-12-27 19:00:00,0.0,0.09408472231359963,0.30554211405448817,-765415.9893969925
2025-12-27 20:00:00,0.0,0.11565032801754592,0.3056141568557201,-704992.7584363993
2025-12-27 21:00:00,0.0,0.139387215004489,0.30568629451606927,-807768.9498776643
2025-12-27 22:00:00,0.0,0.1125340867272962,0.305758526998424,-762717.079194317
2025-12-27 23:00:00,0.0,0.12254713608535138,0.30583085426562334,-803779.1684380398
2025-12-28 00:00:00,0.0,0.11701631345014843,0.30590327628045794,-788293.2964526009
2025-12-28 01:00:00,0.0,0.14163739259454303,0.30597579300566957,-829297.3012506866
2025-12-28 02:00:00,0.0,0.1448887314921433,0.30604840440395126,-787646.6815871673
2025-12-28 03:00:00,0.0,0.14601145156217313,0.30612111043794726,-779819.385166619
2025-12-28 04:00:00,0.0,0.11506675926313842,0.30619391107025345,-767182.7196635233
2025-12-28 05:00:00,0.0,0.1367860915086518,0.30626680626341674,-767528.4909153768
2025-12-28 06:00:00,0.0,0.11288708358926014,0.30633979597993527,-739455.1800573481
2025-12-28 07:00:00,0.0009058681491561545,0.1436145371558254,0.30641288018225915,-717891.8726274917
2025-12-28 08:00:00,0.001750002880965215,0.13079386742289092,0.30648605883278923,-701306.3802805318
2025-12-28 09:00:00,0.0024748778084529963,0.09550439347672668,0.3065593318938781,-719258.8478269998
2025-12-28 10:00:00,0.0030310939032236624,0.14042071832080436,0.30663269932782966,-693870.1406746886
2025-12-28 11:00:00,0.003380745957609151,0.11051834356157784,0.30670616109689935,-643442.3731941201
2025-12-28 12:00:00,0.0035000057619304303,0.12490803870872731,0.30677971716329405,-702930.7883584354
2025-12-28 13:00:00,0.003380745957609151,0.1428358179972021,0.306853367489172,-684568.4219838677
2025-12-28 14:00:00,0.003031093903223663,0.10330146016730926,0.3069271120366433,-695231.8821222696
2025-12-28 15:00:00,0.0024748778084529967,0.09673992007920976,0.30700095076776907,-698156.6994272642
2025-12-28 16:00:00,0.001750002880965215,0.13811234298377514,0.3070748836445625,-700204.56020079
2025-12-28 17:00:00,0.0009058681491561555,0.1447461676504308,0.3071489106289879,-710928.6399538831
2025-12-28 18:00:00,4.2862708533453946e-19,0.1400230187305695,0.30722303168296144,-718434.8187395014
2025-12-28 19:00:00,0.0,0.12441011053156859,0.3072972467683508,-742673.3543016722
2025-12-28 20:00:00,0.0,0.1297756252153858,0.3073715558469753,-729698.2176760224
2025-12-28 21:00:00,0.0,0.0986908891760756,0.3074459588806059,-771557.0683121604
2025-12-28 22:00:00,0.0,0.13282349586042394,0.30752045583096516,-751318.27106797
2025-12-28 23:00:00,0.0,0.12032916089285271,0.30759504665972753,-787100.2817570136
2025-12-29 00:00:00,0.0,0.09535318556274007,0.30766973132851877,-810389.3731271159
2025-12-29 01:00:00,0.0,0.11142690436844885,0.30774450979891693,-745046.7644292224
2025-12-29 02:00:00,0.0,0.12795275181775814,0.30781938203245135,-738568.8065491396
2025-12-29 03:00:00,0.0,0.11680653434928318,0.3078943479906032,-758577.4461756625
2025-12-29 04:00:00,0.0,0.09818449059952823,0.3079694076348056,-784490.4110197191
2025-12-29 05:00:00,0.0,0.13293251195589437,0.3080445609264434,-704733.3848954214
2025-12-29 06:00:00,0.0,0.13787729063834828,0.308119807826853,-784774.7286301508
2025-12-29 07:00:00,0.0011725479036253006,0.13130499320681374,0.30819514829732325,-730703.2704265516
2025-12-29 08:00:00,0.0022651886053455662,0.12124556785908543,0.30827058229909426,-729877.300335724
2025-12-29 09:00:00,0.0032034604470126964,0.11017953800849514,0.3083461097933583,-727529.4413536527
2025-12-29 10:00:00,0.003923421753184607,0.13307997669283422,0.3084217307412596,-713382.011172468
2025-12-29 11:00:00,0.004376008350637998,0.13200924269880543,0.30849744510389404,-678149.6307140676
2025-12-29 12:00:00,0.004530377210691133,0.13591779559150916,0.30857325284230985,-675097.8514184465
2025-12-29 13:00:00,0.004376008350637998,0.11063999041922548,0.30864915391750686,-658703.9973768875
2025-12-29 14:00:00,0.003923421753184608,0.11089134862435612,0.308725148290437,-714116.1298784406
2025-12-29 15:00:00,0.0032034604470126972,0.1443296507345856,0.30880123592200426,-705807.6528056769
2025-12-29 16:00:00,0.0022651886053455662,0.11250080416770934,0.3088774167730646,-698598.2415934749
2025-12-29 17:00:00,0.0011725479036253019,0.10903108672634175,0.308953690804426,-755511.8554738228
2025-12-29 18:00:00,5.548111950003011e-19,0.12766189850620524,0.30903005797684846,-729629.546299023
2025-12-29 19:00:00,0.0,0.11436358509558071,0.3091065182510443,-719396.9279793774
2025-12-29 20:00:00,0.0,0.14515396140493406,0.3091830715876776,-787061.7084866192
2025-12-29 21:00:00,0.0,0.10230104023962638,0.3092597179473649,-779751.2269448645
2025-12-29 22:00:00,0.0,0.15093120426862125,0.3093364572906747,-780305.0395429716
2025-12-29 23:00:00,0.0,0.11863988171594309,0.30941328957812764,-754283.2584703558
2025-12-30 00:00:00,0.0,0.10701754732281121,0.3094902147701966,-794012.6957659802
2025-12-30 01:00:00,0.0,0.15129440881649467,0.30956723282730664,-822628.3380861024
2025-12-30 02:00:00,0.0,0.12992443688166858,0.309644343709835,-821826.3658587789
2025-12-30 03:00:00,0.0,0.13295073956735382,0.3097215473781114,-760285.4645243564
2025-12-30 04:00:00,0.0,0.10222043350388242,0.30979884379241757,-765460.131479335
2025-12-30 05:00:00,0.0,0.1351325597429326,0.30987623291298744,-760654.3778890977
2025-12-30 06:00:00,0.0,0.11351637944601026,0.30995371470000765,-725753.8450201342
2025-12-30 07:00:00,0.0014733923578212958,0.1033966346125981,0.3100312891136169,-763096.3311962632
2025-12-30 08:00:00,0.0028463754613530677,0.13806231729480287,0.31010895611390604,-750278.2051551022
2025-12-30 09:00:00,0.004025382781051484,0.10815419780897853,0.31018671566091877,-695468.9096527044
2025-12-30 10:00:00,0.004930066916480817,0.11946381249952537,0.3102645677146509,-656072.0829504668
2025-12-30 11:00:00,0.0054987751388727805,0.1420537931315611,0.31034251223505055,-661592.183939938
2025-12-30 12:00:00,0.005692750922706136,0.15009797138773737,0.3104205491820185,-681047.841284252
2025-12-30 13:00:00,0.0054987751388727805,0.13322853372792692,0.31049867851540774,-654397.7946933432
2025-12-30 14:00:00,0.004930066916480818,0.11727054546555304,0.310576900195024,-699743.0552865722
2025-12-30 15:00:00,0.004025382781051485,0.1461911781839065,0.3106552141806252,-684031.9369423745
2025-12-30 16:00:00,0.0028463754613530677,0.12761099447511007,0.3107336204319222,-667987.370129051
2025-12-30 17:00:00,0.0014733923578212976,0.1419968431413789,0.3108121189085779,-731816.8244781584
2025-12-30 18:00:00,6.971609195835211e-19,0.15626766044490664,0.3108907095702081,-733131.8876126952
2025-12-30 19:00:00,0.0,0.11005015539206049,0.310969392376381,-726377.1308855874
2025-12-30 20:00:00,0.0,0.12602189020324447,0.3110481672866175,-774699.0531148578
2025-12-30 21:00:00,0.0,0.11394000992348313,0.311127034260391,-809695.7664534603
2025-12-30 22:00:00,0.0,0.11692060771978562,0.31120599325712767,-787204.4071547565
2025-12-30 23:00:00,0.0,0.1308558276274163,0.31128504423620623,-765367.9103521792
2025-12-31 00:00:00,0.0,0.10935340697647088,0.31136418715695807,-800950.0581971045
2025-12-31 01:00:00,0.0,0.10885092310745054,0.3114434219786675,-810638.5315074426
2025-12-31 02:00:00,0.0,0.15700806900781494,0.3115227486605713,-814823.5885009447
2025-12-31 03:00:00,0.0,0.12356884383313814,0.31160216716185907,-744875.2892886193
2025-12-31 04:00:00,0.0,0.11124832322818641,0.31168167744167313,-784300.1699390075
2025-12-31 05:00:00,0.0,0.11505927206647962,0.31176127945910875,-783368.7461055729
2025-12-31 06:00:00,0.0,0.1541954940808825,0.3118409731732138,-726214.6807833
2025-12-31 07:00:00,0.0018083123650395974,0.1475634872130349,0.31192075854298906,-710574.379494209
2025-12-31 08:00:00,0.0034933912307792245,0.10793899589437235,0.31200063552738816,-708686.0762590541
2025-12-31 09:00:00,0.004940401257243218,0.10469879751070377,0.3120806040853175,-743617.2379394178
2025-12-31 10:00:00,0.00605073110242519,0.12343543900440988,0.3121606641756367,-690389.477218425
2025-12-31 11:00:00,0.006748713622282816,0.10381696180396532,0.31224081575715784,-637862.9124207541
2025-12-31 12:00:00,0.00698678246155845,0.10153694270002343,0.31232105878864636,-693883.6335683664
2025-12-31 13:00:00,0.006748713622282816,0.14080661244164774,0.31240139322882027,-684844.7357516687
2025-12-31 14:00:00,0.006050731102425191,0.1418293903151876,0.3124818190363508,-691372.8575438812
2025-12-31 15:00:00,0.0049404012572432186,0.1493011631693611,0.3125623361698621,-708073.7255956319
2025-12-31 16:00:00,0.0034933912307792245,0.14671572529033491,0.31264294458793124,-690368.6651200369
2025-12-31 17:00:00,0.0018083123650395993,0.09988596771558517,0.3127236442490886,-736003.1827622171
2025-12-31 18:00:00,8.556340777886421e-19,0.14480831384126824,0.31280443511181727,-731116.9829195635
2025-12-31 19:00:00,0.0,0.14481959754193025,0.31288531713455364,-709759.4172933693
2025-12-31 20:00:00,0.0,0.15143165905672187,0.3129662902756871,-756106.4860989035
2025-12-31 21:00:00,0.0,0.13487662500846553,0.3130473544935604,-791879.8163470743
2025-12-31 22:00:00,0.0,0.14095139133648338,0.31312850974646916,-769708.8423098967
2025-12-31 23:00:00,0.0,0.12639175482925155,0.3132097559926622,-779429.2731048374
