time,Mainkofen
2023-01-01 00:00:00,0.0
2023-01-01 01:00:00,0.0
2023-01-01 02:00:00,0.0
2023-01-01 03:00:00,0.0
2023-01-01 04:00:00,0.0
2023-01-01 05:00:00,0.0
2023-01-01 06:00:00,0.0
2023-01-01 07:00:00,0.0
2023-01-01 08:00:00,31.29863431
2023-01-01 09:00:00,28.58167931
2023-01-01 10:00:00,32.05412061
2023-01-01 11:00:00,37.46756706
2023-01-01 12:00:00,11.52632784
2023-01-01 13:00:00,13.99712382
2023-01-01 14:00:00,13.06697308
2023-01-01 15:00:00,0.0
2023-01-01 16:00:00,0.0
2023-01-01 17:00:00,0.0
2023-01-01 18:00:00,0.0
2023-01-01 19:00:00,0.0
2023-01-01 20:00:00,0.0
2023-01-01 21:00:00,0.0
2023-01-01 22:00:00,0.0
2023-01-01 23:00:00,0.0
2023-01-02 00:00:00,0.0
2023-01-02 01:00:00,0.0
2023-01-02 02:00:00,0.0
2023-01-02 03:00:00,0.0
2023-01-02 04:00:00,0.0
2023-01-02 05:00:00,0.0
2023-01-02 06:00:00,0.0
2023-01-02 07:00:00,0.0
2023-01-02 08:00:00,12.75577421
2023-01-02 09:00:00,31.84051981
2023-01-02 10:00:00,42.77650738
2023-01-02 11:00:00,35.20837686
2023-01-02 12:00:00,43.58603509
2023-01-02 13:00:00,28.02170924
2023-01-02 14:00:00,46.47585127
2023-01-02 15:00:00,0.0
2023-01-02 16:00:00,0.0
2023-01-02 17:00:00,0.0
2023-01-02 18:00:00,0.0
2023-01-02 19:00:00,0.0
2023-01-02 20:00:00,0.0
2023-01-02 21:00:00,0.0
2023-01-02 22:00:00,0.0
2023-01-02 23:00:00,0.0
2023-01-03 00:00:00,0.0
2023-01-03 01:00:00,0.0
2023-01-03 02:00:00,0.0
2023-01-03 03:00:00,0.0
2023-01-03 04:00:00,0.0
2023-01-03 05:00:00,0.0
2023-01-03 06:00:00,0.0
2023-01-03 07:00:00,0.0
2023-01-03 08:00:00,40.95521407
2023-01-03 09:00:00,48.92041268
2023-01-03 10:00:00,36.52867645
2023-01-03 11:00:00,37.53310934
2023-01-03 12:00:00,37.54543474
2023-01-03 13:00:00,59.61002698
2023-01-03 14:00:00,75.013089
2023-01-03 15:00:00,0.0
2023-01-03 16:00:00,0.0
2023-01-03 17:00:00,0.0
2023-01-03 18:00:00,0.0
2023-01-03 19:00:00,0.0
2023-01-03 20:00:00,0.0
2023-01-03 21:00:00,0.0
2023-01-03 22:00:00,0.0
2023-01-03 23:00:00,0.0
2023-01-04 00:00:00,0.0
2023-01-04 01:00:00,0.0
2023-01-04 02:00:00,0.0
2023-01-04 03:00:00,0.0
2023-01-04 04:00:00,0.0
2023-01-04 05:00:00,0.0
2023-01-04 06:00:00,0.0
2023-01-04 07:00:00,0.0
2023-01-04 08:00:00,14.7837457
2023-01-04 09:00:00,68.68521547
2023-01-04 10:00:00,105.110714
2023-01-04 11:00:00,76.62596288
2023-01-04 12:00:00,59.34968613
2023-01-04 13:00:00,112.9654663
2023-01-04 14:00:00,8.156660922
2023-01-04 15:00:00,0.0
2023-01-04 16:00:00,0.0
2023-01-04 17:00:00,0.0
2023-01-04 18:00:00,0.0
2023-01-04 19:00:00,0.0
2023-01-04 20:00:00,0.0
2023-01-04 21:00:00,0.0
2023-01-04 22:00:00,0.0
2023-01-04 23:00:00,0.0
2023-01-05 00:00:00,0.0
2023-01-05 01:00:00,0.0
2023-01-05 02:00:00,0.0
2023-01-05 03:00:00,0.0
2023-01-05 04:00:00,0.0
2023-01-05 05:00:00,0.0
2023-01-05 06:00:00,0.0
2023-01-05 07:00:00,0.0
2023-01-05 08:00:00,33.84448468
2023-01-05 09:00:00,36.94404565
2023-01-05 10:00:00,30.58580558
2023-01-05 11:00:00,29.02833917
2023-01-05 12:00:00,58.41264307
2023-01-05 13:00:00,56.882673
2023-01-05 14:00:00,15.1312896
2023-01-05 15:00:00,0.0
2023-01-05 16:00:00,0.0
2023-01-05 17:00:00,0.0
2023-01-05 18:00:00,0.0
2023-01-05 19:00:00,0.0
2023-01-05 20:00:00,0.0
2023-01-05 21:00:00,0.0
2023-01-05 22:00:00,0.0
2023-01-05 23:00:00,0.0
2023-01-06 00:00:00,0.0
2023-01-06 01:00:00,0.0
2023-01-06 02:00:00,0.0
2023-01-06 03:00:00,0.0
2023-01-06 04:00:00,0.0
2023-01-06 05:00:00,0.0
2023-01-06 06:00:00,0.0
2023-01-06 07:00:00,0.0
2023-01-06 08:00:00,43.98478386
2023-01-06 09:00:00,29.36564165
2023-01-06 10:00:00,36.88885054
2023-01-06 11:00:00,28.88840155
2023-01-06 12:00:00,43.46406699
2023-01-06 13:00:00,44.88316023
2023-01-06 14:00:00,16.84660786
2023-01-06 15:00:00,0.0
2023-01-06 16:00:00,0.0
2023-01-06 17:00:00,0.0
2023-01-06 18:00:00,0.0
2023-01-06 19:00:00,0.0
2023-01-06 20:00:00,0.0
2023-01-06 21:00:00,0.0
2023-01-06 22:00:00,0.0
2023-01-06 23:00:00,0.0
2023-01-07 00:00:00,0.0
2023-01-07 01:00:00,0.0
2023-01-07 02:00:00,0.0
2023-01-07 03:00:00,0.0
2023-01-07 04:00:00,0.0
2023-01-07 05:00:00,0.0
2023-01-07 06:00:00,0.0
2023-01-07 07:00:00,0.0
2023-01-07 08:00:00,86.55031098
2023-01-07 09:00:00,72.21429904
2023-01-07 10:00:00,147.1728267
2023-01-07 11:00:00,177.6977775
2023-01-07 12:00:00,27.67103329
2023-01-07 13:00:00,19.24303485
2023-01-07 14:00:00,82.51261895
2023-01-07 15:00:00,0.0
2023-01-07 16:00:00,0.0
2023-01-07 17:00:00,0.0
2023-01-07 18:00:00,0.0
2023-01-07 19:00:00,0.0
2023-01-07 20:00:00,0.0
2023-01-07 21:00:00,0.0
2023-01-07 22:00:00,0.0
2023-01-07 23:00:00,0.0
2023-01-08 00:00:00,0.0
2023-01-08 01:00:00,0.0
2023-01-08 02:00:00,0.0
2023-01-08 03:00:00,0.0
2023-01-08 04:00:00,0.0
2023-01-08 05:00:00,0.0
2023-01-08 06:00:00,0.0
2023-01-08 07:00:00,0.0
2023-01-08 08:00:00,112.1389977
2023-01-08 09:00:00,129.4806989
2023-01-08 10:00:00,14.81009056
2023-01-08 11:00:00,95.98921348
2023-01-08 12:00:00,76.62627843
2023-01-08 13:00:00,55.16566011
2023-01-08 14:00:00,14.31278259
2023-01-08 15:00:00,0.0
2023-01-08 16:00:00,0.0
2023-01-08 17:00:00,0.0
2023-01-08 18:00:00,0.0
2023-01-08 19:00:00,0.0
2023-01-08 20:00:00,0.0
2023-01-08 21:00:00,0.0
2023-01-08 22:00:00,0.0
2023-01-08 23:00:00,0.0
2023-01-09 00:00:00,0.0
2023-01-09 01:00:00,0.0
2023-01-09 02:00:00,0.0
2023-01-09 03:00:00,0.0
2023-01-09 04:00:00,0.0
2023-01-09 05:00:00,0.0
2023-01-09 06:00:00,0.0
2023-01-09 07:00:00,0.0
2023-01-09 08:00:00,12.26609139
2023-01-09 09:00:00,9.730636986
2023-01-09 10:00:00,13.72310001
2023-01-09 11:00:00,78.4304953
2023-01-09 12:00:00,27.76557128
2023-01-09 13:00:00,8.6642965
2023-01-09 14:00:00,61.94400277
2023-01-09 15:00:00,0.0
2023-01-09 16:00:00,0.0
2023-01-09 17:00:00,0.0
2023-01-09 18:00:00,0.0
2023-01-09 19:00:00,0.0
2023-01-09 20:00:00,0.0
2023-01-09 21:00:00,0.0
2023-01-09 22:00:00,0.0
2023-01-09 23:00:00,0.0
2023-01-10 00:00:00,0.0
2023-01-10 01:00:00,0.0
2023-01-10 02:00:00,0.0
2023-01-10 03:00:00,0.0
2023-01-10 04:00:00,0.0
2023-01-10 05:00:00,0.0
2023-01-10 06:00:00,0.0
2023-01-10 07:00:00,0.0
2023-01-10 08:00:00,73.54035612
2023-01-10 09:00:00,240.9715011
2023-01-10 10:00:00,302.6343545
2023-01-10 11:00:00,329.1363379
2023-01-10 12:00:00,319.5603055
2023-01-10 13:00:00,249.686122
2023-01-10 14:00:00,190.3850306
2023-01-10 15:00:00,1.127360104
2023-01-10 16:00:00,0.0
2023-01-10 17:00:00,0.0
2023-01-10 18:00:00,0.0
2023-01-10 19:00:00,0.0
2023-01-10 20:00:00,0.0
2023-01-10 21:00:00,0.0
2023-01-10 22:00:00,0.0
2023-01-10 23:00:00,0.0
2023-01-11 00:00:00,0.0
2023-01-11 01:00:00,0.0
2023-01-11 02:00:00,0.0
2023-01-11 03:00:00,0.0
2023-01-11 04:00:00,0.0
2023-01-11 05:00:00,0.0
2023-01-11 06:00:00,0.0
2023-01-11 07:00:00,0.0
2023-01-11 08:00:00,3.631785474
2023-01-11 09:00:00,233.8603277
2023-01-11 10:00:00,181.4124828
2023-01-11 11:00:00,76.46608327
2023-01-11 12:00:00,0.0
2023-01-11 13:00:00,94.05141845
2023-01-11 14:00:00,147.6147551
2023-01-11 15:00:00,1.072969842
2023-01-11 16:00:00,0.0
2023-01-11 17:00:00,0.0
2023-01-11 18:00:00,0.0
2023-01-11 19:00:00,0.0
2023-01-11 20:00:00,0.0
2023-01-11 21:00:00,0.0
2023-01-11 22:00:00,0.0
2023-01-11 23:00:00,0.0
2023-01-12 00:00:00,0.0
2023-01-12 01:00:00,0.0
2023-01-12 02:00:00,0.0
2023-01-12 03:00:00,0.0
2023-01-12 04:00:00,0.0
2023-01-12 05:00:00,0.0
2023-01-12 06:00:00,0.0
2023-01-12 07:00:00,0.0
2023-01-12 08:00:00,13.01499166
2023-01-12 09:00:00,46.21648086
2023-01-12 10:00:00,65.22374095
2023-01-12 11:00:00,22.41991224
2023-01-12 12:00:00,44.64941901
2023-01-12 13:00:00,30.82802846
2023-01-12 14:00:00,43.50555938
2023-01-12 15:00:00,0.0
2023-01-12 16:00:00,0.0
2023-01-12 17:00:00,0.0
2023-01-12 18:00:00,0.0
2023-01-12 19:00:00,0.0
2023-01-12 20:00:00,0.0
2023-01-12 21:00:00,0.0
2023-01-12 22:00:00,0.0
2023-01-12 23:00:00,0.0
2023-01-13 00:00:00,0.0
2023-01-13 01:00:00,0.0
2023-01-13 02:00:00,0.0
2023-01-13 03:00:00,0.0
2023-01-13 04:00:00,0.0
2023-01-13 05:00:00,0.0
2023-01-13 06:00:00,0.0
2023-01-13 07:00:00,0.0
2023-01-13 08:00:00,30.23808211
2023-01-13 09:00:00,18.11747555
2023-01-13 10:00:00,21.63006703
2023-01-13 11:00:00,43.58781012
2023-01-13 12:00:00,155.6221596
2023-01-13 13:00:00,54.04054115
2023-01-13 14:00:00,118.506852
2023-01-13 15:00:00,1.110899616
2023-01-13 16:00:00,0.0
2023-01-13 17:00:00,0.0
2023-01-13 18:00:00,0.0
2023-01-13 19:00:00,0.0
2023-01-13 20:00:00,0.0
2023-01-13 21:00:00,0.0
2023-01-13 22:00:00,0.0
2023-01-13 23:00:00,0.0
2023-01-14 00:00:00,0.0
2023-01-14 01:00:00,0.0
2023-01-14 02:00:00,0.0
2023-01-14 03:00:00,0.0
2023-01-14 04:00:00,0.0
2023-01-14 05:00:00,0.0
2023-01-14 06:00:00,0.0
2023-01-14 07:00:00,0.0
2023-01-14 08:00:00,25.42097179
2023-01-14 09:00:00,58.86432102
2023-01-14 10:00:00,35.55185768
2023-01-14 11:00:00,71.75337693
2023-01-14 12:00:00,303.6711518
2023-01-14 13:00:00,100.0897762
2023-01-14 14:00:00,165.8710786
2023-01-14 15:00:00,54.46590981
2023-01-14 16:00:00,0.0
2023-01-14 17:00:00,0.0
2023-01-14 18:00:00,0.0
2023-01-14 19:00:00,0.0
2023-01-14 20:00:00,0.0
2023-01-14 21:00:00,0.0
2023-01-14 22:00:00,0.0
2023-01-14 23:00:00,0.0
2023-01-15 00:00:00,0.0
2023-01-15 01:00:00,0.0
2023-01-15 02:00:00,0.0
2023-01-15 03:00:00,0.0
2023-01-15 04:00:00,0.0
2023-01-15 05:00:00,0.0
2023-01-15 06:00:00,0.0
2023-01-15 07:00:00,0.0
2023-01-15 08:00:00,158.0767013
2023-01-15 09:00:00,258.0484722
2023-01-15 10:00:00,321.6592767
2023-01-15 11:00:00,350.679297
2023-01-15 12:00:00,350.8736729
2023-01-15 13:00:00,305.5834263
2023-01-15 14:00:00,186.9181598
2023-01-15 15:00:00,79.8483269
2023-01-15 16:00:00,0.0
2023-01-15 17:00:00,0.0
2023-01-15 18:00:00,0.0
2023-01-15 19:00:00,0.0
2023-01-15 20:00:00,0.0
2023-01-15 21:00:00,0.0
2023-01-15 22:00:00,0.0
2023-01-15 23:00:00,0.0
2023-01-16 00:00:00,0.0
2023-01-16 01:00:00,0.0
2023-01-16 02:00:00,0.0
2023-01-16 03:00:00,0.0
2023-01-16 04:00:00,0.0
2023-01-16 05:00:00,0.0
2023-01-16 06:00:00,0.0
2023-01-16 07:00:00,0.0
2023-01-16 08:00:00,21.45341257
2023-01-16 09:00:00,99.90852668
2023-01-16 10:00:00,50.25982742
2023-01-16 11:00:00,58.82079081
2023-01-16 12:00:00,55.41250842
2023-01-16 13:00:00,30.59728092
2023-01-16 14:00:00,14.87804557
2023-01-16 15:00:00,20.65158078
2023-01-16 16:00:00,0.0
2023-01-16 17:00:00,0.0
2023-01-16 18:00:00,0.0
2023-01-16 19:00:00,0.0
2023-01-16 20:00:00,0.0
2023-01-16 21:00:00,0.0
2023-01-16 22:00:00,0.0
2023-01-16 23:00:00,0.0
2023-01-17 00:00:00,0.0
2023-01-17 01:00:00,0.0
2023-01-17 02:00:00,0.0
2023-01-17 03:00:00,0.0
2023-01-17 04:00:00,0.0
2023-01-17 05:00:00,0.0
2023-01-17 06:00:00,0.0
2023-01-17 07:00:00,0.0
2023-01-17 08:00:00,26.53277233
2023-01-17 09:00:00,38.80154514
2023-01-17 10:00:00,38.09247636
2023-01-17 11:00:00,42.17238422
2023-01-17 12:00:00,26.03163864
2023-01-17 13:00:00,74.03010318
2023-01-17 14:00:00,70.64328489
2023-01-17 15:00:00,13.0124381
2023-01-17 16:00:00,0.0
2023-01-17 17:00:00,0.0
2023-01-17 18:00:00,0.0
2023-01-17 19:00:00,0.0
2023-01-17 20:00:00,0.0
2023-01-17 21:00:00,0.0
2023-01-17 22:00:00,0.0
2023-01-17 23:00:00,0.0
2023-01-18 00:00:00,0.0
2023-01-18 01:00:00,0.0
2023-01-18 02:00:00,0.0
2023-01-18 03:00:00,0.0
2023-01-18 04:00:00,0.0
2023-01-18 05:00:00,0.0
2023-01-18 06:00:00,0.0
2023-01-18 07:00:00,0.0
2023-01-18 08:00:00,18.68777033
2023-01-18 09:00:00,71.24588013
2023-01-18 10:00:00,68.77250481
2023-01-18 11:00:00,31.42479621
2023-01-18 12:00:00,29.34947501
2023-01-18 13:00:00,21.40747965
2023-01-18 14:00:00,13.99203833
2023-01-18 15:00:00,12.33949172
2023-01-18 16:00:00,0.0
2023-01-18 17:00:00,0.0
2023-01-18 18:00:00,0.0
2023-01-18 19:00:00,0.0
2023-01-18 20:00:00,0.0
2023-01-18 21:00:00,0.0
2023-01-18 22:00:00,0.0
2023-01-18 23:00:00,0.0
2023-01-19 00:00:00,0.0
2023-01-19 01:00:00,0.0
2023-01-19 02:00:00,0.0
2023-01-19 03:00:00,0.0
2023-01-19 04:00:00,0.0
2023-01-19 05:00:00,0.0
2023-01-19 06:00:00,0.0
2023-01-19 07:00:00,0.0
2023-01-19 08:00:00,42.06399017
2023-01-19 09:00:00,18.79746564
2023-01-19 10:00:00,26.98979147
2023-01-19 11:00:00,40.92774481
2023-01-19 12:00:00,44.59197335
2023-01-19 13:00:00,64.59300215
2023-01-19 14:00:00,5.050186588
2023-01-19 15:00:00,12.93869263
2023-01-19 16:00:00,0.0
2023-01-19 17:00:00,0.0
2023-01-19 18:00:00,0.0
2023-01-19 19:00:00,0.0
2023-01-19 20:00:00,0.0
2023-01-19 21:00:00,0.0
2023-01-19 22:00:00,0.0
2023-01-19 23:00:00,0.0
2023-01-20 00:00:00,0.0
2023-01-20 01:00:00,0.0
2023-01-20 02:00:00,0.0
2023-01-20 03:00:00,0.0
2023-01-20 04:00:00,0.0
2023-01-20 05:00:00,0.0
2023-01-20 06:00:00,0.0
2023-01-20 07:00:00,0.0
2023-01-20 08:00:00,9.659564128
2023-01-20 09:00:00,20.70100943
2023-01-20 10:00:00,25.65251115
2023-01-20 11:00:00,25.6825469
2023-01-20 12:00:00,129.8628787
2023-01-20 13:00:00,23.19383771
2023-01-20 14:00:00,9.632328507
2023-01-20 15:00:00,2.605008153
2023-01-20 16:00:00,0.0
2023-01-20 17:00:00,0.0
2023-01-20 18:00:00,0.0
2023-01-20 19:00:00,0.0
2023-01-20 20:00:00,0.0
2023-01-20 21:00:00,0.0
2023-01-20 22:00:00,0.0
2023-01-20 23:00:00,0.0
2023-01-21 00:00:00,0.0
2023-01-21 01:00:00,0.0
2023-01-21 02:00:00,0.0
2023-01-21 03:00:00,0.0
2023-01-21 04:00:00,0.0
2023-01-21 05:00:00,0.0
2023-01-21 06:00:00,0.0
2023-01-21 07:00:00,0.0
2023-01-21 08:00:00,55.84523863
2023-01-21 09:00:00,36.32204385
2023-01-21 10:00:00,68.69651098
2023-01-21 11:00:00,52.08839167
2023-01-21 12:00:00,54.82251068
2023-01-21 13:00:00,38.93275424
2023-01-21 14:00:00,5.552453329
2023-01-21 15:00:00,89.75503297
2023-01-21 16:00:00,0.0
2023-01-21 17:00:00,0.0
2023-01-21 18:00:00,0.0
2023-01-21 19:00:00,0.0
2023-01-21 20:00:00,0.0
2023-01-21 21:00:00,0.0
2023-01-21 22:00:00,0.0
2023-01-21 23:00:00,0.0
2023-01-22 00:00:00,0.0
2023-01-22 01:00:00,0.0
2023-01-22 02:00:00,0.0
2023-01-22 03:00:00,0.0
2023-01-22 04:00:00,0.0
2023-01-22 05:00:00,0.0
2023-01-22 06:00:00,0.0
2023-01-22 07:00:00,1.639451383
2023-01-22 08:00:00,56.61025004
2023-01-22 09:00:00,115.2196605
2023-01-22 10:00:00,115.8546588
2023-01-22 11:00:00,107.2063726
2023-01-22 12:00:00,91.87561906
2023-01-22 13:00:00,57.02166801
2023-01-22 14:00:00,35.13502153
2023-01-22 15:00:00,47.12788019
2023-01-22 16:00:00,0.0
2023-01-22 17:00:00,0.0
2023-01-22 18:00:00,0.0
2023-01-22 19:00:00,0.0
2023-01-22 20:00:00,0.0
2023-01-22 21:00:00,0.0
2023-01-22 22:00:00,0.0
2023-01-22 23:00:00,0.0
2023-01-23 00:00:00,0.0
2023-01-23 01:00:00,0.0
2023-01-23 02:00:00,0.0
2023-01-23 03:00:00,0.0
2023-01-23 04:00:00,0.0
2023-01-23 05:00:00,0.0
2023-01-23 06:00:00,0.0
2023-01-23 07:00:00,0.0
2023-01-23 08:00:00,31.70582257
2023-01-23 09:00:00,30.35697586
2023-01-23 10:00:00,23.50553862
2023-01-23 11:00:00,27.46041252
2023-01-23 12:00:00,32.37576322
2023-01-23 13:00:00,32.3915586
2023-01-23 14:00:00,21.55023509
2023-01-23 15:00:00,31.92873138
2023-01-23 16:00:00,0.0
2023-01-23 17:00:00,0.0
2023-01-23 18:00:00,0.0
2023-01-23 19:00:00,0.0
2023-01-23 20:00:00,0.0
2023-01-23 21:00:00,0.0
2023-01-23 22:00:00,0.0
2023-01-23 23:00:00,0.0
2023-01-24 00:00:00,0.0
2023-01-24 01:00:00,0.0
2023-01-24 02:00:00,0.0
2023-01-24 03:00:00,0.0
2023-01-24 04:00:00,0.0
2023-01-24 05:00:00,0.0
2023-01-24 06:00:00,0.0
2023-01-24 07:00:00,0.743784581
2023-01-24 08:00:00,16.48328905
2023-01-24 09:00:00,8.031691038
2023-01-24 10:00:00,22.54554826
2023-01-24 11:00:00,34.9740258
2023-01-24 12:00:00,28.13727346
2023-01-24 13:00:00,0.0
2023-01-24 14:00:00,20.31675092
2023-01-24 15:00:00,19.77127241
2023-01-24 16:00:00,0.0
2023-01-24 17:00:00,0.0
2023-01-24 18:00:00,0.0
2023-01-24 19:00:00,0.0
2023-01-24 20:00:00,0.0
2023-01-24 21:00:00,0.0
2023-01-24 22:00:00,0.0
2023-01-24 23:00:00,0.0
2023-01-25 00:00:00,0.0
2023-01-25 01:00:00,0.0
2023-01-25 02:00:00,0.0
2023-01-25 03:00:00,0.0
2023-01-25 04:00:00,0.0
2023-01-25 05:00:00,0.0
2023-01-25 06:00:00,0.0
2023-01-25 07:00:00,3.174492952
2023-01-25 08:00:00,68.39295064
2023-01-25 09:00:00,84.56502084
2023-01-25 10:00:00,93.18340929
2023-01-25 11:00:00,60.98827998
2023-01-25 12:00:00,83.63116745
2023-01-25 13:00:00,81.54986493
2023-01-25 14:00:00,29.59815357
2023-01-25 15:00:00,55.91878436
2023-01-25 16:00:00,0.0
2023-01-25 17:00:00,0.0
2023-01-25 18:00:00,0.0
2023-01-25 19:00:00,0.0
2023-01-25 20:00:00,0.0
2023-01-25 21:00:00,0.0
2023-01-25 22:00:00,0.0
2023-01-25 23:00:00,0.0
2023-01-26 00:00:00,0.0
2023-01-26 01:00:00,0.0
2023-01-26 02:00:00,0.0
2023-01-26 03:00:00,0.0
2023-01-26 04:00:00,0.0
2023-01-26 05:00:00,0.0
2023-01-26 06:00:00,0.0
2023-01-26 07:00:00,2.662249372
2023-01-26 08:00:00,53.03135199
2023-01-26 09:00:00,108.7374334
2023-01-26 10:00:00,102.4741858
2023-01-26 11:00:00,137.4336748
2023-01-26 12:00:00,110.851226
2023-01-26 13:00:00,140.2793803
2023-01-26 14:00:00,30.98063895
2023-01-26 15:00:00,17.1564699
2023-01-26 16:00:00,0.0
2023-01-26 17:00:00,0.0
2023-01-26 18:00:00,0.0
2023-01-26 19:00:00,0.0
2023-01-26 20:00:00,0.0
2023-01-26 21:00:00,0.0
2023-01-26 22:00:00,0.0
2023-01-26 23:00:00,0.0
2023-01-27 00:00:00,0.0
2023-01-27 01:00:00,0.0
2023-01-27 02:00:00,0.0
2023-01-27 03:00:00,0.0
2023-01-27 04:00:00,0.0
2023-01-27 05:00:00,0.0
2023-01-27 06:00:00,0.0
2023-01-27 07:00:00,3.945944483
2023-01-27 08:00:00,19.9203816
2023-01-27 09:00:00,9.487560182
2023-01-27 10:00:00,21.31645265
2023-01-27 11:00:00,25.79273936
2023-01-27 12:00:00,29.77065262
2023-01-27 13:00:00,26.35593026
2023-01-27 14:00:00,8.053592016
2023-01-27 15:00:00,1.059957128
2023-01-27 16:00:00,0.0
2023-01-27 17:00:00,0.0
2023-01-27 18:00:00,0.0
2023-01-27 19:00:00,0.0
2023-01-27 20:00:00,0.0
2023-01-27 21:00:00,0.0
2023-01-27 22:00:00,0.0
2023-01-27 23:00:00,0.0
2023-01-28 00:00:00,0.0
2023-01-28 01:00:00,0.0
2023-01-28 02:00:00,0.0
2023-01-28 03:00:00,0.0
2023-01-28 04:00:00,0.0
2023-01-28 05:00:00,0.0
2023-01-28 06:00:00,0.0
2023-01-28 07:00:00,3.099620518
2023-01-28 08:00:00,21.10106885
2023-01-28 09:00:00,28.52497209
2023-01-28 10:00:00,23.01011878
2023-01-28 11:00:00,26.4030585
2023-01-28 12:00:00,26.41066827
2023-01-28 13:00:00,22.56071511
2023-01-28 14:00:00,17.05333886
2023-01-28 15:00:00,23.31774966
2023-01-28 16:00:00,0.0
2023-01-28 17:00:00,0.0
2023-01-28 18:00:00,0.0
2023-01-28 19:00:00,0.0
2023-01-28 20:00:00,0.0
2023-01-28 21:00:00,0.0
2023-01-28 22:00:00,0.0
2023-01-28 23:00:00,0.0
2023-01-29 00:00:00,0.0
2023-01-29 01:00:00,0.0
2023-01-29 02:00:00,0.0
2023-01-29 03:00:00,0.0
2023-01-29 04:00:00,0.0
2023-01-29 05:00:00,0.0
2023-01-29 06:00:00,0.0
2023-01-29 07:00:00,0.063142454
2023-01-29 08:00:00,11.04661712
2023-01-29 09:00:00,31.44256537
2023-01-29 10:00:00,19.60617691
2023-01-29 11:00:00,26.51398038
2023-01-29 12:00:00,22.08982253
2023-01-29 13:00:00,35.36594581
2023-01-29 14:00:00,13.07110519
2023-01-29 15:00:00,7.599578894
2023-01-29 16:00:00,0.0
2023-01-29 17:00:00,0.0
2023-01-29 18:00:00,0.0
2023-01-29 19:00:00,0.0
2023-01-29 20:00:00,0.0
2023-01-29 21:00:00,0.0
2023-01-29 22:00:00,0.0
2023-01-29 23:00:00,0.0
2023-01-30 00:00:00,0.0
2023-01-30 01:00:00,0.0
2023-01-30 02:00:00,0.0
2023-01-30 03:00:00,0.0
2023-01-30 04:00:00,0.0
2023-01-30 05:00:00,0.0
2023-01-30 06:00:00,0.0
2023-01-30 07:00:00,4.633860669
2023-01-30 08:00:00,71.90826976
2023-01-30 09:00:00,81.47220312
2023-01-30 10:00:00,47.49611265
2023-01-30 11:00:00,59.41244699
2023-01-30 12:00:00,40.65919613
2023-01-30 13:00:00,33.25815289
2023-01-30 14:00:00,12.70881965
2023-01-30 15:00:00,10.70494125
2023-01-30 16:00:00,0.0
2023-01-30 17:00:00,0.0
2023-01-30 18:00:00,0.0
2023-01-30 19:00:00,0.0
2023-01-30 20:00:00,0.0
2023-01-30 21:00:00,0.0
2023-01-30 22:00:00,0.0
2023-01-30 23:00:00,0.0
2023-01-31 00:00:00,0.0
2023-01-31 01:00:00,0.0
2023-01-31 02:00:00,0.0
2023-01-31 03:00:00,0.0
2023-01-31 04:00:00,0.0
2023-01-31 05:00:00,0.0
2023-01-31 06:00:00,0.0
2023-01-31 07:00:00,5.193574201
2023-01-31 08:00:00,45.9019186
2023-01-31 09:00:00,58.63598952
2023-01-31 10:00:00,40.75503318
2023-01-31 11:00:00,51.18322222
2023-01-31 12:00:00,52.1500294
2023-01-31 13:00:00,30.73673942
2023-01-31 14:00:00,25.70443934
2023-01-31 15:00:00,9.167128811
2023-01-31 16:00:00,0.0
2023-01-31 17:00:00,0.0
2023-01-31 18:00:00,0.0
2023-01-31 19:00:00,0.0
2023-01-31 20:00:00,0.0
2023-01-31 21:00:00,0.0
2023-01-31 22:00:00,0.0
2023-01-31 23:00:00,0.0
2023-02-01 00:00:00,0.0
2023-02-01 01:00:00,0.0
2023-02-01 02:00:00,0.0
2023-02-01 03:00:00,0.0
2023-02-01 04:00:00,0.0
2023-02-01 05:00:00,0.0
2023-02-01 06:00:00,0.0
2023-02-01 07:00:00,3.172589171
2023-02-01 08:00:00,74.80537475
2023-02-01 09:00:00,126.8558715
2023-02-01 10:00:00,298.0051228
2023-02-01 11:00:00,253.5505133
2023-02-01 12:00:00,195.3500219
2023-02-01 13:00:00,178.3400189
2023-02-01 14:00:00,226.4542876
2023-02-01 15:00:00,34.06346219
2023-02-01 16:00:00,0.0
2023-02-01 17:00:00,0.0
2023-02-01 18:00:00,0.0
2023-02-01 19:00:00,0.0
2023-02-01 20:00:00,0.0
2023-02-01 21:00:00,0.0
2023-02-01 22:00:00,0.0
2023-02-01 23:00:00,0.0
2023-02-02 00:00:00,0.0
2023-02-02 01:00:00,0.0
2023-02-02 02:00:00,0.0
2023-02-02 03:00:00,0.0
2023-02-02 04:00:00,0.0
2023-02-02 05:00:00,0.0
2023-02-02 06:00:00,0.0
2023-02-02 07:00:00,5.730905227
2023-02-02 08:00:00,224.2339794
2023-02-02 09:00:00,337.3011921
2023-02-02 10:00:00,195.3377521
2023-02-02 11:00:00,202.5209706
2023-02-02 12:00:00,210.9031778
2023-02-02 13:00:00,211.118311
2023-02-02 14:00:00,184.2663429
2023-02-02 15:00:00,133.3498839
2023-02-02 16:00:00,0.0
2023-02-02 17:00:00,0.0
2023-02-02 18:00:00,0.0
2023-02-02 19:00:00,0.0
2023-02-02 20:00:00,0.0
2023-02-02 21:00:00,0.0
2023-02-02 22:00:00,0.0
2023-02-02 23:00:00,0.0
2023-02-03 00:00:00,0.0
2023-02-03 01:00:00,0.0
2023-02-03 02:00:00,0.0
2023-02-03 03:00:00,0.0
2023-02-03 04:00:00,0.0
2023-02-03 05:00:00,0.0
2023-02-03 06:00:00,0.0
2023-02-03 07:00:00,6.253072465
2023-02-03 08:00:00,225.4507088
2023-02-03 09:00:00,307.4491724
2023-02-03 10:00:00,121.8504889
2023-02-03 11:00:00,136.8002829
2023-02-03 12:00:00,126.7638839
2023-02-03 13:00:00,160.4867025
2023-02-03 14:00:00,132.1295817
2023-02-03 15:00:00,90.49113252
2023-02-03 16:00:00,0.0
2023-02-03 17:00:00,0.0
2023-02-03 18:00:00,0.0
2023-02-03 19:00:00,0.0
2023-02-03 20:00:00,0.0
2023-02-03 21:00:00,0.0
2023-02-03 22:00:00,0.0
2023-02-03 23:00:00,0.0
2023-02-04 00:00:00,0.0
2023-02-04 01:00:00,0.0
2023-02-04 02:00:00,0.0
2023-02-04 03:00:00,0.0
2023-02-04 04:00:00,0.0
2023-02-04 05:00:00,0.0
2023-02-04 06:00:00,0.0
2023-02-04 07:00:00,7.260467888
2023-02-04 08:00:00,164.9848924
2023-02-04 09:00:00,204.917344
2023-02-04 10:00:00,134.9811837
2023-02-04 11:00:00,229.6522522
2023-02-04 12:00:00,87.56607614
2023-02-04 13:00:00,171.3252584
2023-02-04 14:00:00,72.67383553
2023-02-04 15:00:00,19.95721956
2023-02-04 16:00:00,0.0
2023-02-04 17:00:00,0.0
2023-02-04 18:00:00,0.0
2023-02-04 19:00:00,0.0
2023-02-04 20:00:00,0.0
2023-02-04 21:00:00,0.0
2023-02-04 22:00:00,0.0
2023-02-04 23:00:00,0.0
2023-02-05 00:00:00,0.0
2023-02-05 01:00:00,0.0
2023-02-05 02:00:00,0.0
2023-02-05 03:00:00,0.0
2023-02-05 04:00:00,0.0
2023-02-05 05:00:00,0.0
2023-02-05 06:00:00,0.0
2023-02-05 07:00:00,7.736537505
2023-02-05 08:00:00,223.7617134
2023-02-05 09:00:00,311.732467
2023-02-05 10:00:00,470.5431811
2023-02-05 11:00:00,239.5732497
2023-02-05 12:00:00,0.0
2023-02-05 13:00:00,84.24074249
2023-02-05 14:00:00,77.59730445
2023-02-05 15:00:00,29.77638157
2023-02-05 16:00:00,0.0
2023-02-05 17:00:00,0.0
2023-02-05 18:00:00,0.0
2023-02-05 19:00:00,0.0
2023-02-05 20:00:00,0.0
2023-02-05 21:00:00,0.0
2023-02-05 22:00:00,0.0
2023-02-05 23:00:00,0.0
2023-02-06 00:00:00,0.0
2023-02-06 01:00:00,0.0
2023-02-06 02:00:00,0.0
2023-02-06 03:00:00,0.0
2023-02-06 04:00:00,0.0
2023-02-06 05:00:00,0.0
2023-02-06 06:00:00,0.0
2023-02-06 07:00:00,8.287526493
2023-02-06 08:00:00,149.3209233
2023-02-06 09:00:00,277.9221684
2023-02-06 10:00:00,465.5678998
2023-02-06 11:00:00,236.0042168
2023-02-06 12:00:00,217.5962966
2023-02-06 13:00:00,221.4213404
2023-02-06 14:00:00,62.1800916
2023-02-06 15:00:00,89.66239607
2023-02-06 16:00:00,0.0
2023-02-06 17:00:00,0.0
2023-02-06 18:00:00,0.0
2023-02-06 19:00:00,0.0
2023-02-06 20:00:00,0.0
2023-02-06 21:00:00,0.0
2023-02-06 22:00:00,0.0
2023-02-06 23:00:00,0.0
2023-02-07 00:00:00,0.0
2023-02-07 01:00:00,0.0
2023-02-07 02:00:00,0.0
2023-02-07 03:00:00,0.0
2023-02-07 04:00:00,0.0
2023-02-07 05:00:00,0.0
2023-02-07 06:00:00,0.0
2023-02-07 07:00:00,9.131823647
2023-02-07 08:00:00,23.07249797
2023-02-07 09:00:00,22.09021992
2023-02-07 10:00:00,40.90351452
2023-02-07 11:00:00,38.47190237
2023-02-07 12:00:00,33.47505977
2023-02-07 13:00:00,37.96163016
2023-02-07 14:00:00,26.10598039
2023-02-07 15:00:00,2.095883931
2023-02-07 16:00:00,0.0
2023-02-07 17:00:00,0.0
2023-02-07 18:00:00,0.0
2023-02-07 19:00:00,0.0
2023-02-07 20:00:00,0.0
2023-02-07 21:00:00,0.0
2023-02-07 22:00:00,0.0
2023-02-07 23:00:00,0.0
2023-02-08 00:00:00,0.0
2023-02-08 01:00:00,0.0
2023-02-08 02:00:00,0.0
2023-02-08 03:00:00,0.0
2023-02-08 04:00:00,0.0
2023-02-08 05:00:00,0.0
2023-02-08 06:00:00,0.0
2023-02-08 07:00:00,11.15853082
2023-02-08 08:00:00,31.65306461
2023-02-08 09:00:00,22.67731625
2023-02-08 10:00:00,50.95507234
2023-02-08 11:00:00,93.05312616
2023-02-08 12:00:00,60.42660417
2023-02-08 13:00:00,33.15724648
2023-02-08 14:00:00,44.2925918
2023-02-08 15:00:00,22.26323976
2023-02-08 16:00:00,0.0
2023-02-08 17:00:00,0.0
2023-02-08 18:00:00,0.0
2023-02-08 19:00:00,0.0
2023-02-08 20:00:00,0.0
2023-02-08 21:00:00,0.0
2023-02-08 22:00:00,0.0
2023-02-08 23:00:00,0.0
2023-02-09 00:00:00,0.0
2023-02-09 01:00:00,0.0
2023-02-09 02:00:00,0.0
2023-02-09 03:00:00,0.0
2023-02-09 04:00:00,0.0
2023-02-09 05:00:00,0.0
2023-02-09 06:00:00,0.0
2023-02-09 07:00:00,15.54287112
2023-02-09 08:00:00,137.8660326
2023-02-09 09:00:00,161.1573127
2023-02-09 10:00:00,29.96517555
2023-02-09 11:00:00,36.83768282
2023-02-09 12:00:00,69.18301961
2023-02-09 13:00:00,16.05669045
2023-02-09 14:00:00,74.55717084
2023-02-09 15:00:00,3.568688805
2023-02-09 16:00:00,0.0
2023-02-09 17:00:00,0.0
2023-02-09 18:00:00,0.0
2023-02-09 19:00:00,0.0
2023-02-09 20:00:00,0.0
2023-02-09 21:00:00,0.0
2023-02-09 22:00:00,0.0
2023-02-09 23:00:00,0.0
2023-02-10 00:00:00,0.0
2023-02-10 01:00:00,0.0
2023-02-10 02:00:00,0.0
2023-02-10 03:00:00,0.0
2023-02-10 04:00:00,0.0
2023-02-10 05:00:00,0.0
2023-02-10 06:00:00,0.0
2023-02-10 07:00:00,10.55099134
2023-02-10 08:00:00,13.05275249
2023-02-10 09:00:00,79.64969165
2023-02-10 10:00:00,31.89912622
2023-02-10 11:00:00,62.03071571
2023-02-10 12:00:00,43.15229815
2023-02-10 13:00:00,39.34421441
2023-02-10 14:00:00,37.90909752
2023-02-10 15:00:00,17.5750654
2023-02-10 16:00:00,0.0
2023-02-10 17:00:00,0.0
2023-02-10 18:00:00,0.0
2023-02-10 19:00:00,0.0
2023-02-10 20:00:00,0.0
2023-02-10 21:00:00,0.0
2023-02-10 22:00:00,0.0
2023-02-10 23:00:00,0.0
2023-02-11 00:00:00,0.0
2023-02-11 01:00:00,0.0
2023-02-11 02:00:00,0.0
2023-02-11 03:00:00,0.0
2023-02-11 04:00:00,0.0
2023-02-11 05:00:00,0.0
2023-02-11 06:00:00,0.0
2023-02-11 07:00:00,14.18927113
2023-02-11 08:00:00,57.59861414
2023-02-11 09:00:00,127.1502708
2023-02-11 10:00:00,118.0113201
2023-02-11 11:00:00,100.4829378
2023-02-11 12:00:00,93.18541006
2023-02-11 13:00:00,142.5970943
2023-02-11 14:00:00,96.53641462
2023-02-11 15:00:00,8.681893247
2023-02-11 16:00:00,0.0
2023-02-11 17:00:00,0.0
2023-02-11 18:00:00,0.0
2023-02-11 19:00:00,0.0
2023-02-11 20:00:00,0.0
2023-02-11 21:00:00,0.0
2023-02-11 22:00:00,0.0
2023-02-11 23:00:00,0.0
2023-02-12 00:00:00,0.0
2023-02-12 01:00:00,0.0
2023-02-12 02:00:00,0.0
2023-02-12 03:00:00,0.0
2023-02-12 04:00:00,0.0
2023-02-12 05:00:00,0.0
2023-02-12 06:00:00,0.0
2023-02-12 07:00:00,17.06827302
2023-02-12 08:00:00,95.61994256
2023-02-12 09:00:00,0.0
2023-02-12 10:00:00,0.0
2023-02-12 11:00:00,102.3301624
2023-02-12 12:00:00,99.08442821
2023-02-12 13:00:00,23.17193004
2023-02-12 14:00:00,23.67146386
2023-02-12 15:00:00,19.19095953
2023-02-12 16:00:00,0.0
2023-02-12 17:00:00,0.0
2023-02-12 18:00:00,0.0
2023-02-12 19:00:00,0.0
2023-02-12 20:00:00,0.0
2023-02-12 21:00:00,0.0
2023-02-12 22:00:00,0.0
2023-02-12 23:00:00,0.0
2023-02-13 00:00:00,0.0
2023-02-13 01:00:00,0.0
2023-02-13 02:00:00,0.0
2023-02-13 03:00:00,0.0
2023-02-13 04:00:00,0.0
2023-02-13 05:00:00,0.0
2023-02-13 06:00:00,0.0
2023-02-13 07:00:00,12.49890375
2023-02-13 08:00:00,389.1764892
2023-02-13 09:00:00,177.1944152
2023-02-13 10:00:00,204.1867301
2023-02-13 11:00:00,222.4949453
2023-02-13 12:00:00,207.6748561
2023-02-13 13:00:00,207.9413538
2023-02-13 14:00:00,139.2006104
2023-02-13 15:00:00,111.7323179
2023-02-13 16:00:00,0.0
2023-02-13 17:00:00,0.0
2023-02-13 18:00:00,0.0
2023-02-13 19:00:00,0.0
2023-02-13 20:00:00,0.0
2023-02-13 21:00:00,0.0
2023-02-13 22:00:00,0.0
2023-02-13 23:00:00,0.0
2023-02-14 00:00:00,0.0
2023-02-14 01:00:00,0.0
2023-02-14 02:00:00,0.0
2023-02-14 03:00:00,0.0
2023-02-14 04:00:00,0.0
2023-02-14 05:00:00,0.0
2023-02-14 06:00:00,0.0
2023-02-14 07:00:00,21.65612471
2023-02-14 08:00:00,167.4422284
2023-02-14 09:00:00,72.36574168
2023-02-14 10:00:00,37.49795149
2023-02-14 11:00:00,67.8396107
2023-02-14 12:00:00,51.87177485
2023-02-14 13:00:00,68.31561702
2023-02-14 14:00:00,51.60299609
2023-02-14 15:00:00,16.87393031
2023-02-14 16:00:00,0.0
2023-02-14 17:00:00,0.0
2023-02-14 18:00:00,0.0
2023-02-14 19:00:00,0.0
2023-02-14 20:00:00,0.0
2023-02-14 21:00:00,0.0
2023-02-14 22:00:00,0.0
2023-02-14 23:00:00,0.0
2023-02-15 00:00:00,0.0
2023-02-15 01:00:00,0.0
2023-02-15 02:00:00,0.0
2023-02-15 03:00:00,0.0
2023-02-15 04:00:00,0.0
2023-02-15 05:00:00,0.0
2023-02-15 06:00:00,0.0
2023-02-15 07:00:00,19.25372799
2023-02-15 08:00:00,93.86934863
2023-02-15 09:00:00,43.86728886
2023-02-15 10:00:00,50.15169873
2023-02-15 11:00:00,57.24352476
2023-02-15 12:00:00,43.87604705
2023-02-15 13:00:00,32.4126546
2023-02-15 14:00:00,23.84098622
2023-02-15 15:00:00,52.78544444
2023-02-15 16:00:00,0.613385819
2023-02-15 17:00:00,0.0
2023-02-15 18:00:00,0.0
2023-02-15 19:00:00,0.0
2023-02-15 20:00:00,0.0
2023-02-15 21:00:00,0.0
2023-02-15 22:00:00,0.0
2023-02-15 23:00:00,0.0
2023-02-16 00:00:00,0.0
2023-02-16 01:00:00,0.0
2023-02-16 02:00:00,0.0
2023-02-16 03:00:00,0.0
2023-02-16 04:00:00,0.0
2023-02-16 05:00:00,0.0
2023-02-16 06:00:00,0.0
2023-02-16 07:00:00,1.632282216
2023-02-16 08:00:00,8.210894209
2023-02-16 09:00:00,60.09675898
2023-02-16 10:00:00,20.30973935
2023-02-16 11:00:00,19.32525347
2023-02-16 12:00:00,43.45992306
2023-02-16 13:00:00,35.38109639
2023-02-16 14:00:00,44.80557066
2023-02-16 15:00:00,4.643063909
2023-02-16 16:00:00,0.0
2023-02-16 17:00:00,0.0
2023-02-16 18:00:00,0.0
2023-02-16 19:00:00,0.0
2023-02-16 20:00:00,0.0
2023-02-16 21:00:00,0.0
2023-02-16 22:00:00,0.0
2023-02-16 23:00:00,0.0
2023-02-17 00:00:00,0.0
2023-02-17 01:00:00,0.0
2023-02-17 02:00:00,0.0
2023-02-17 03:00:00,0.0
2023-02-17 04:00:00,0.0
2023-02-17 05:00:00,0.0
2023-02-17 06:00:00,0.0
2023-02-17 07:00:00,39.02194711
2023-02-17 08:00:00,20.70476375
2023-02-17 09:00:00,218.1515288
2023-02-17 10:00:00,346.654819
2023-02-17 11:00:00,55.81588784
2023-02-17 12:00:00,290.2962084
2023-02-17 13:00:00,320.888897
2023-02-17 14:00:00,283.8491163
2023-02-17 15:00:00,13.26557182
2023-02-17 16:00:00,32.03077863
2023-02-17 17:00:00,0.0
2023-02-17 18:00:00,0.0
2023-02-17 19:00:00,0.0
2023-02-17 20:00:00,0.0
2023-02-17 21:00:00,0.0
2023-02-17 22:00:00,0.0
2023-02-17 23:00:00,0.0
2023-02-18 00:00:00,0.0
2023-02-18 01:00:00,0.0
2023-02-18 02:00:00,0.0
2023-02-18 03:00:00,0.0
2023-02-18 04:00:00,0.0
2023-02-18 05:00:00,0.0
2023-02-18 06:00:00,0.0
2023-02-18 07:00:00,19.70545996
2023-02-18 08:00:00,27.75814704
2023-02-18 09:00:00,40.97775461
2023-02-18 10:00:00,39.99828033
2023-02-18 11:00:00,132.1790464
2023-02-18 12:00:00,186.2846649
2023-02-18 13:00:00,247.284485
2023-02-18 14:00:00,27.83278266
2023-02-18 15:00:00,32.91492274
2023-02-18 16:00:00,9.185816682
2023-02-18 17:00:00,0.0
2023-02-18 18:00:00,0.0
2023-02-18 19:00:00,0.0
2023-02-18 20:00:00,0.0
2023-02-18 21:00:00,0.0
2023-02-18 22:00:00,0.0
2023-02-18 23:00:00,0.0
2023-02-19 00:00:00,0.0
2023-02-19 01:00:00,0.0
2023-02-19 02:00:00,0.0
2023-02-19 03:00:00,0.0
2023-02-19 04:00:00,0.0
2023-02-19 05:00:00,0.0
2023-02-19 06:00:00,0.0
2023-02-19 07:00:00,104.6211914
2023-02-19 08:00:00,233.0682173
2023-02-19 09:00:00,306.8086307
2023-02-19 10:00:00,349.9578485
2023-02-19 11:00:00,264.6760355
2023-02-19 12:00:00,372.591589
2023-02-19 13:00:00,220.6922786
2023-02-19 14:00:00,219.1744655
2023-02-19 15:00:00,185.6263483
2023-02-19 16:00:00,9.173458783
2023-02-19 17:00:00,0.0
2023-02-19 18:00:00,0.0
2023-02-19 19:00:00,0.0
2023-02-19 20:00:00,0.0
2023-02-19 21:00:00,0.0
2023-02-19 22:00:00,0.0
2023-02-19 23:00:00,0.0
2023-02-20 00:00:00,0.0
2023-02-20 01:00:00,0.0
2023-02-20 02:00:00,0.0
2023-02-20 03:00:00,0.0
2023-02-20 04:00:00,0.0
2023-02-20 05:00:00,0.0
2023-02-20 06:00:00,0.0
2023-02-20 07:00:00,73.71121892
2023-02-20 08:00:00,9.272674038
2023-02-20 09:00:00,80.61378597
2023-02-20 10:00:00,316.989046
2023-02-20 11:00:00,298.5687095
2023-02-20 12:00:00,357.6961122
2023-02-20 13:00:00,310.1872184
2023-02-20 14:00:00,200.0453284
2023-02-20 15:00:00,126.9048498
2023-02-20 16:00:00,9.85578749
2023-02-20 17:00:00,0.0
2023-02-20 18:00:00,0.0
2023-02-20 19:00:00,0.0
2023-02-20 20:00:00,0.0
2023-02-20 21:00:00,0.0
2023-02-20 22:00:00,0.0
2023-02-20 23:00:00,0.0
2023-02-21 00:00:00,0.0
2023-02-21 01:00:00,0.0
2023-02-21 02:00:00,0.0
2023-02-21 03:00:00,0.0
2023-02-21 04:00:00,0.0
2023-02-21 05:00:00,0.0
2023-02-21 06:00:00,0.0
2023-02-21 07:00:00,111.9850171
2023-02-21 08:00:00,150.6229223
2023-02-21 09:00:00,308.6039045
2023-02-21 10:00:00,276.4731394
2023-02-21 11:00:00,376.0892823
2023-02-21 12:00:00,184.1895324
2023-02-21 13:00:00,92.98473841
2023-02-21 14:00:00,67.56418585
2023-02-21 15:00:00,5.190004843
2023-02-21 16:00:00,47.78007494
2023-02-21 17:00:00,0.0
2023-02-21 18:00:00,0.0
2023-02-21 19:00:00,0.0
2023-02-21 20:00:00,0.0
2023-02-21 21:00:00,0.0
2023-02-21 22:00:00,0.0
2023-02-21 23:00:00,0.0
2023-02-22 00:00:00,0.0
2023-02-22 01:00:00,0.0
2023-02-22 02:00:00,0.0
2023-02-22 03:00:00,0.0
2023-02-22 04:00:00,0.0
2023-02-22 05:00:00,0.0
2023-02-22 06:00:00,0.0
2023-02-22 07:00:00,32.23260894
2023-02-22 08:00:00,210.4787584
2023-02-22 09:00:00,140.9004741
2023-02-22 10:00:00,103.7553713
2023-02-22 11:00:00,159.6732848
2023-02-22 12:00:00,80.76467603
2023-02-22 13:00:00,92.36329348
2023-02-22 14:00:00,41.28962995
2023-02-22 15:00:00,22.78851838
2023-02-22 16:00:00,3.653662885
2023-02-22 17:00:00,0.0
2023-02-22 18:00:00,0.0
2023-02-22 19:00:00,0.0
2023-02-22 20:00:00,0.0
2023-02-22 21:00:00,0.0
2023-02-22 22:00:00,0.0
2023-02-22 23:00:00,0.0
2023-02-23 00:00:00,0.0
2023-02-23 01:00:00,0.0
2023-02-23 02:00:00,0.0
2023-02-23 03:00:00,0.0
2023-02-23 04:00:00,0.0
2023-02-23 05:00:00,0.0
2023-02-23 06:00:00,0.0
2023-02-23 07:00:00,57.76118419
2023-02-23 08:00:00,47.64828145
2023-02-23 09:00:00,119.2042281
2023-02-23 10:00:00,54.04467972
2023-02-23 11:00:00,62.45324471
2023-02-23 12:00:00,103.5401408
2023-02-23 13:00:00,89.8472823
2023-02-23 14:00:00,97.11533541
2023-02-23 15:00:00,32.50238228
2023-02-23 16:00:00,11.37640824
2023-02-23 17:00:00,0.0
2023-02-23 18:00:00,0.0
2023-02-23 19:00:00,0.0
2023-02-23 20:00:00,0.0
2023-02-23 21:00:00,0.0
2023-02-23 22:00:00,0.0
2023-02-23 23:00:00,0.0
2023-02-24 00:00:00,0.0
2023-02-24 01:00:00,0.0
2023-02-24 02:00:00,0.0
2023-02-24 03:00:00,0.0
2023-02-24 04:00:00,0.0
2023-02-24 05:00:00,0.0
2023-02-24 06:00:00,0.0
2023-02-24 07:00:00,14.05148757
2023-02-24 08:00:00,67.49951369
2023-02-24 09:00:00,202.5838735
2023-02-24 10:00:00,315.1412698
2023-02-24 11:00:00,402.7535399
2023-02-24 12:00:00,178.0918482
2023-02-24 13:00:00,215.5649613
2023-02-24 14:00:00,160.2526013
2023-02-24 15:00:00,64.39677193
2023-02-24 16:00:00,12.00950848
2023-02-24 17:00:00,0.0
2023-02-24 18:00:00,0.0
2023-02-24 19:00:00,0.0
2023-02-24 20:00:00,0.0
2023-02-24 21:00:00,0.0
2023-02-24 22:00:00,0.0
2023-02-24 23:00:00,0.0
2023-02-25 00:00:00,0.0
2023-02-25 01:00:00,0.0
2023-02-25 02:00:00,0.0
2023-02-25 03:00:00,0.0
2023-02-25 04:00:00,0.0
2023-02-25 05:00:00,0.0
2023-02-25 06:00:00,0.0
2023-02-25 07:00:00,57.05290309
2023-02-25 08:00:00,177.5507881
2023-02-25 09:00:00,326.5515941
2023-02-25 10:00:00,400.7960416
2023-02-25 11:00:00,152.3737174
2023-02-25 12:00:00,36.60073384
2023-02-25 13:00:00,45.59171801
2023-02-25 14:00:00,54.51889132
2023-02-25 15:00:00,63.22771551
2023-02-25 16:00:00,30.57675908
2023-02-25 17:00:00,0.0
2023-02-25 18:00:00,0.0
2023-02-25 19:00:00,0.0
2023-02-25 20:00:00,0.0
2023-02-25 21:00:00,0.0
2023-02-25 22:00:00,0.0
2023-02-25 23:00:00,0.0
2023-02-26 00:00:00,0.0
2023-02-26 01:00:00,0.0
2023-02-26 02:00:00,0.0
2023-02-26 03:00:00,0.0
2023-02-26 04:00:00,0.0
2023-02-26 05:00:00,0.0
2023-02-26 06:00:00,0.0
2023-02-26 07:00:00,35.90081157
2023-02-26 08:00:00,130.7159858
2023-02-26 09:00:00,91.62301908
2023-02-26 10:00:00,40.60792865
2023-02-26 11:00:00,66.60536388
2023-02-26 12:00:00,41.41692188
2023-02-26 13:00:00,53.31338436
2023-02-26 14:00:00,23.06039869
2023-02-26 15:00:00,23.96324901
2023-02-26 16:00:00,19.71955661
2023-02-26 17:00:00,0.0
2023-02-26 18:00:00,0.0
2023-02-26 19:00:00,0.0
2023-02-26 20:00:00,0.0
2023-02-26 21:00:00,0.0
2023-02-26 22:00:00,0.0
2023-02-26 23:00:00,0.0
2023-02-27 00:00:00,0.0
2023-02-27 01:00:00,0.0
2023-02-27 02:00:00,0.0
2023-02-27 03:00:00,0.0
2023-02-27 04:00:00,0.0
2023-02-27 05:00:00,0.0
2023-02-27 06:00:00,0.119798886
2023-02-27 07:00:00,153.8727386
2023-02-27 08:00:00,237.0042829
2023-02-27 09:00:00,351.4068009
2023-02-27 10:00:00,204.5706057
2023-02-27 11:00:00,227.0032746
2023-02-27 12:00:00,176.7416821
2023-02-27 13:00:00,151.2416254
2023-02-27 14:00:00,140.6152435
2023-02-27 15:00:00,152.1841226
2023-02-27 16:00:00,11.91234882
2023-02-27 17:00:00,0.0
2023-02-27 18:00:00,0.0
2023-02-27 19:00:00,0.0
2023-02-27 20:00:00,0.0
2023-02-27 21:00:00,0.0
2023-02-27 22:00:00,0.0
2023-02-27 23:00:00,0.0
2023-02-28 00:00:00,0.0
2023-02-28 01:00:00,0.0
2023-02-28 02:00:00,0.0
2023-02-28 03:00:00,0.0
2023-02-28 04:00:00,0.0
2023-02-28 05:00:00,0.0
2023-02-28 06:00:00,0.0
2023-02-28 07:00:00,66.49524682
2023-02-28 08:00:00,231.9308359
2023-02-28 09:00:00,389.4766731
2023-02-28 10:00:00,0.0
2023-02-28 11:00:00,230.7446532
2023-02-28 12:00:00,182.4659411
2023-02-28 13:00:00,183.1498447
2023-02-28 14:00:00,103.8896286
2023-02-28 15:00:00,34.13224137
2023-02-28 16:00:00,3.697659355
2023-02-28 17:00:00,0.0
2023-02-28 18:00:00,0.0
2023-02-28 19:00:00,0.0
2023-02-28 20:00:00,0.0
2023-02-28 21:00:00,0.0
2023-02-28 22:00:00,0.0
2023-02-28 23:00:00,0.0
2023-03-01 00:00:00,0.0
2023-03-01 01:00:00,0.0
2023-03-01 02:00:00,0.0
2023-03-01 03:00:00,0.0
2023-03-01 04:00:00,0.0
2023-03-01 05:00:00,0.0
2023-03-01 06:00:00,0.0
2023-03-01 07:00:00,11.17281144
2023-03-01 08:00:00,37.7206781
2023-03-01 09:00:00,38.24864945
2023-03-01 10:00:00,56.65934569
2023-03-01 11:00:00,37.18548067
2023-03-01 12:00:00,21.17810774
2023-03-01 13:00:00,25.22059282
2023-03-01 14:00:00,30.76011144
2023-03-01 15:00:00,16.75519747
2023-03-01 16:00:00,2.62211767
2023-03-01 17:00:00,0.0
2023-03-01 18:00:00,0.0
2023-03-01 19:00:00,0.0
2023-03-01 20:00:00,0.0
2023-03-01 21:00:00,0.0
2023-03-01 22:00:00,0.0
2023-03-01 23:00:00,0.0
2023-03-02 00:00:00,0.0
2023-03-02 01:00:00,0.0
2023-03-02 02:00:00,0.0
2023-03-02 03:00:00,0.0
2023-03-02 04:00:00,0.0
2023-03-02 05:00:00,0.0
2023-03-02 06:00:00,0.0
2023-03-02 07:00:00,22.73799219
2023-03-02 08:00:00,61.26647754
2023-03-02 09:00:00,36.75267357
2023-03-02 10:00:00,63.70312517
2023-03-02 11:00:00,41.28085462
2023-03-02 12:00:00,33.70803724
2023-03-02 13:00:00,41.22713133
2023-03-02 14:00:00,27.74520905
2023-03-02 15:00:00,21.79692592
2023-03-02 16:00:00,8.228508797
2023-03-02 17:00:00,0.0
2023-03-02 18:00:00,0.0
2023-03-02 19:00:00,0.0
2023-03-02 20:00:00,0.0
2023-03-02 21:00:00,0.0
2023-03-02 22:00:00,0.0
2023-03-02 23:00:00,0.0
2023-03-03 00:00:00,0.0
2023-03-03 01:00:00,0.0
2023-03-03 02:00:00,0.0
2023-03-03 03:00:00,0.0
2023-03-03 04:00:00,0.0
2023-03-03 05:00:00,0.0
2023-03-03 06:00:00,0.0
2023-03-03 07:00:00,48.34860898
2023-03-03 08:00:00,40.90347025
2023-03-03 09:00:00,102.0529271
2023-03-03 10:00:00,261.6297644
2023-03-03 11:00:00,78.66342172
2023-03-03 12:00:00,147.5565141
2023-03-03 13:00:00,111.0389384
2023-03-03 14:00:00,190.4302648
2023-03-03 15:00:00,59.57203693
2023-03-03 16:00:00,14.16485092
2023-03-03 17:00:00,0.0
2023-03-03 18:00:00,0.0
2023-03-03 19:00:00,0.0
2023-03-03 20:00:00,0.0
2023-03-03 21:00:00,0.0
2023-03-03 22:00:00,0.0
2023-03-03 23:00:00,0.0
2023-03-04 00:00:00,0.0
2023-03-04 01:00:00,0.0
2023-03-04 02:00:00,0.0
2023-03-04 03:00:00,0.0
2023-03-04 04:00:00,0.0
2023-03-04 05:00:00,0.0
2023-03-04 06:00:00,5.663253606
2023-03-04 07:00:00,111.9900467
2023-03-04 08:00:00,182.7613787
2023-03-04 09:00:00,292.7391705
2023-03-04 10:00:00,274.999116
2023-03-04 11:00:00,247.2345573
2023-03-04 12:00:00,66.93739742
2023-03-04 13:00:00,32.39127123
2023-03-04 14:00:00,15.02458685
2023-03-04 15:00:00,17.06468113
2023-03-04 16:00:00,7.083656629
2023-03-04 17:00:00,0.0
2023-03-04 18:00:00,0.0
2023-03-04 19:00:00,0.0
2023-03-04 20:00:00,0.0
2023-03-04 21:00:00,0.0
2023-03-04 22:00:00,0.0
2023-03-04 23:00:00,0.0
2023-03-05 00:00:00,0.0
2023-03-05 01:00:00,0.0
2023-03-05 02:00:00,0.0
2023-03-05 03:00:00,0.0
2023-03-05 04:00:00,0.0
2023-03-05 05:00:00,0.0
2023-03-05 06:00:00,4.109676943
2023-03-05 07:00:00,38.75879836
2023-03-05 08:00:00,43.07060718
2023-03-05 09:00:00,74.35496751
2023-03-05 10:00:00,25.06162261
2023-03-05 11:00:00,57.6937377
2023-03-05 12:00:00,63.17646184
2023-03-05 13:00:00,67.19781337
2023-03-05 14:00:00,89.67666499
2023-03-05 15:00:00,20.09396448
2023-03-05 16:00:00,14.46501317
2023-03-05 17:00:00,0.0
2023-03-05 18:00:00,0.0
2023-03-05 19:00:00,0.0
2023-03-05 20:00:00,0.0
2023-03-05 21:00:00,0.0
2023-03-05 22:00:00,0.0
2023-03-05 23:00:00,0.0
2023-03-06 00:00:00,0.0
2023-03-06 01:00:00,0.0
2023-03-06 02:00:00,0.0
2023-03-06 03:00:00,0.0
2023-03-06 04:00:00,0.0
2023-03-06 05:00:00,0.0
2023-03-06 06:00:00,1.121795551
2023-03-06 07:00:00,79.0534092
2023-03-06 08:00:00,221.8532992
2023-03-06 09:00:00,296.8550941
2023-03-06 10:00:00,347.5799189
2023-03-06 11:00:00,366.2537686
2023-03-06 12:00:00,337.7015091
2023-03-06 13:00:00,181.7884291
2023-03-06 14:00:00,145.9255248
2023-03-06 15:00:00,121.8775584
2023-03-06 16:00:00,33.38716184
2023-03-06 17:00:00,0.0
2023-03-06 18:00:00,0.0
2023-03-06 19:00:00,0.0
2023-03-06 20:00:00,0.0
2023-03-06 21:00:00,0.0
2023-03-06 22:00:00,0.0
2023-03-06 23:00:00,0.0
2023-03-07 00:00:00,0.0
2023-03-07 01:00:00,0.0
2023-03-07 02:00:00,0.0
2023-03-07 03:00:00,0.0
2023-03-07 04:00:00,0.0
2023-03-07 05:00:00,0.0
2023-03-07 06:00:00,9.200435362
2023-03-07 07:00:00,14.26812763
2023-03-07 08:00:00,102.8302603
2023-03-07 09:00:00,244.030919
2023-03-07 10:00:00,73.37427351
2023-03-07 11:00:00,92.72062108
2023-03-07 12:00:00,22.6457772
2023-03-07 13:00:00,42.82311222
2023-03-07 14:00:00,42.83033852
2023-03-07 15:00:00,37.82989961
2023-03-07 16:00:00,36.36789516
2023-03-07 17:00:00,0.0
2023-03-07 18:00:00,0.0
2023-03-07 19:00:00,0.0
2023-03-07 20:00:00,0.0
2023-03-07 21:00:00,0.0
2023-03-07 22:00:00,0.0
2023-03-07 23:00:00,0.0
2023-03-08 00:00:00,0.0
2023-03-08 01:00:00,0.0
2023-03-08 02:00:00,0.0
2023-03-08 03:00:00,0.0
2023-03-08 04:00:00,0.0
2023-03-08 05:00:00,0.0
2023-03-08 06:00:00,10.20825089
2023-03-08 07:00:00,84.13010688
2023-03-08 08:00:00,76.44827016
2023-03-08 09:00:00,126.6162112
2023-03-08 10:00:00,124.6064936
2023-03-08 11:00:00,62.68657775
2023-03-08 12:00:00,33.46568317
2023-03-08 13:00:00,213.4457489
2023-03-08 14:00:00,135.9634967
2023-03-08 15:00:00,184.8408024
2023-03-08 16:00:00,66.35281731
2023-03-08 17:00:00,0.0
2023-03-08 18:00:00,0.0
2023-03-08 19:00:00,0.0
2023-03-08 20:00:00,0.0
2023-03-08 21:00:00,0.0
2023-03-08 22:00:00,0.0
2023-03-08 23:00:00,0.0
2023-03-09 00:00:00,0.0
2023-03-09 01:00:00,0.0
2023-03-09 02:00:00,0.0
2023-03-09 03:00:00,0.0
2023-03-09 04:00:00,0.0
2023-03-09 05:00:00,0.0
2023-03-09 06:00:00,10.70512638
2023-03-09 07:00:00,19.17461389
2023-03-09 08:00:00,24.09483041
2023-03-09 09:00:00,111.9858779
2023-03-09 10:00:00,41.92623742
2023-03-09 11:00:00,46.91089004
2023-03-09 12:00:00,72.20889058
2023-03-09 13:00:00,64.22720979
2023-03-09 14:00:00,34.13063414
2023-03-09 15:00:00,42.08329342
2023-03-09 16:00:00,11.13601668
2023-03-09 17:00:00,0.0
2023-03-09 18:00:00,0.0
2023-03-09 19:00:00,0.0
2023-03-09 20:00:00,0.0
2023-03-09 21:00:00,0.0
2023-03-09 22:00:00,0.0
2023-03-09 23:00:00,0.0
2023-03-10 00:00:00,0.0
2023-03-10 01:00:00,0.0
2023-03-10 02:00:00,0.0
2023-03-10 03:00:00,0.0
2023-03-10 04:00:00,0.0
2023-03-10 05:00:00,0.0
2023-03-10 06:00:00,2.1436132
2023-03-10 07:00:00,17.28925572
2023-03-10 08:00:00,25.80526747
2023-03-10 09:00:00,34.33902171
2023-03-10 10:00:00,38.66666467
2023-03-10 11:00:00,57.39398919
2023-03-10 12:00:00,50.82988367
2023-03-10 13:00:00,21.48300233
2023-03-10 14:00:00,32.82987655
2023-03-10 15:00:00,57.32451519
2023-03-10 16:00:00,64.77088638
2023-03-10 17:00:00,0.0
2023-03-10 18:00:00,0.0
2023-03-10 19:00:00,0.0
2023-03-10 20:00:00,0.0
2023-03-10 21:00:00,0.0
2023-03-10 22:00:00,0.0
2023-03-10 23:00:00,0.0
2023-03-11 00:00:00,0.0
2023-03-11 01:00:00,0.0
2023-03-11 02:00:00,0.0
2023-03-11 03:00:00,0.0
2023-03-11 04:00:00,0.0
2023-03-11 05:00:00,0.0
2023-03-11 06:00:00,1.603519446
2023-03-11 07:00:00,10.63215216
2023-03-11 08:00:00,49.9919651
2023-03-11 09:00:00,35.9597484
2023-03-11 10:00:00,74.40015843
2023-03-11 11:00:00,221.6207336
2023-03-11 12:00:00,360.1446906
2023-03-11 13:00:00,27.54626913
2023-03-11 14:00:00,125.082401
2023-03-11 15:00:00,17.6009022
2023-03-11 16:00:00,23.8954646
2023-03-11 17:00:00,0.0
2023-03-11 18:00:00,0.0
2023-03-11 19:00:00,0.0
2023-03-11 20:00:00,0.0
2023-03-11 21:00:00,0.0
2023-03-11 22:00:00,0.0
2023-03-11 23:00:00,0.0
2023-03-12 00:00:00,0.0
2023-03-12 01:00:00,0.0
2023-03-12 02:00:00,0.0
2023-03-12 03:00:00,0.0
2023-03-12 04:00:00,0.0
2023-03-12 05:00:00,0.0
2023-03-12 06:00:00,12.66588195
2023-03-12 07:00:00,24.67894358
2023-03-12 08:00:00,87.11026713
2023-03-12 09:00:00,82.28212696
2023-03-12 10:00:00,240.8117273
2023-03-12 11:00:00,59.09118338
2023-03-12 12:00:00,195.1859945
2023-03-12 13:00:00,256.7538928
2023-03-12 14:00:00,207.6724308
2023-03-12 15:00:00,179.4545847
2023-03-12 16:00:00,88.34657551
2023-03-12 17:00:00,0.0
2023-03-12 18:00:00,0.0
2023-03-12 19:00:00,0.0
2023-03-12 20:00:00,0.0
2023-03-12 21:00:00,0.0
2023-03-12 22:00:00,0.0
2023-03-12 23:00:00,0.0
2023-03-13 00:00:00,0.0
2023-03-13 01:00:00,0.0
2023-03-13 02:00:00,0.0
2023-03-13 03:00:00,0.0
2023-03-13 04:00:00,0.0
2023-03-13 05:00:00,0.0
2023-03-13 06:00:00,10.09936091
2023-03-13 07:00:00,79.36855066
2023-03-13 08:00:00,225.5466791
2023-03-13 09:00:00,135.1905536
2023-03-13 10:00:00,268.8706322
2023-03-13 11:00:00,90.26074143
2023-03-13 12:00:00,188.1692543
2023-03-13 13:00:00,160.9082188
2023-03-13 14:00:00,82.8357813
2023-03-13 15:00:00,86.41561158
2023-03-13 16:00:00,71.28425302
2023-03-13 17:00:00,0.0
2023-03-13 18:00:00,0.0
2023-03-13 19:00:00,0.0
2023-03-13 20:00:00,0.0
2023-03-13 21:00:00,0.0
2023-03-13 22:00:00,0.0
2023-03-13 23:00:00,0.0
2023-03-14 00:00:00,0.0
2023-03-14 01:00:00,0.0
2023-03-14 02:00:00,0.0
2023-03-14 03:00:00,0.0
2023-03-14 04:00:00,0.0
2023-03-14 05:00:00,0.0
2023-03-14 06:00:00,2.61130986
2023-03-14 07:00:00,24.71986875
2023-03-14 08:00:00,36.24206763
2023-03-14 09:00:00,42.70135682
2023-03-14 10:00:00,49.07703556
2023-03-14 11:00:00,85.61630014
2023-03-14 12:00:00,71.29067081
2023-03-14 13:00:00,75.31573755
2023-03-14 14:00:00,56.26673065
2023-03-14 15:00:00,56.25937204
2023-03-14 16:00:00,16.06662257
2023-03-14 17:00:00,0.0
2023-03-14 18:00:00,0.0
2023-03-14 19:00:00,0.0
2023-03-14 20:00:00,0.0
2023-03-14 21:00:00,0.0
2023-03-14 22:00:00,0.0
2023-03-14 23:00:00,0.0
2023-03-15 00:00:00,0.0
2023-03-15 01:00:00,0.0
2023-03-15 02:00:00,0.0
2023-03-15 03:00:00,0.0
2023-03-15 04:00:00,0.0
2023-03-15 05:00:00,0.0
2023-03-15 06:00:00,38.47995303
2023-03-15 07:00:00,11.66588496
2023-03-15 08:00:00,49.13257552
2023-03-15 09:00:00,57.5644009
2023-03-15 10:00:00,57.59049847
2023-03-15 11:00:00,55.81883814
2023-03-15 12:00:00,48.59565223
2023-03-15 13:00:00,37.13829146
2023-03-15 14:00:00,29.70595131
2023-03-15 15:00:00,24.64936252
2023-03-15 16:00:00,14.58101911
2023-03-15 17:00:00,0.0
2023-03-15 18:00:00,0.0
2023-03-15 19:00:00,0.0
2023-03-15 20:00:00,0.0
2023-03-15 21:00:00,0.0
2023-03-15 22:00:00,0.0
2023-03-15 23:00:00,0.0
2023-03-16 00:00:00,0.0
2023-03-16 01:00:00,0.0
2023-03-16 02:00:00,0.0
2023-03-16 03:00:00,0.0
2023-03-16 04:00:00,0.0
2023-03-16 05:00:00,0.0
2023-03-16 06:00:00,5.557153939
2023-03-16 07:00:00,35.97636805
2023-03-16 08:00:00,39.94696024
2023-03-16 09:00:00,44.36172094
2023-03-16 10:00:00,65.13889837
2023-03-16 11:00:00,90.72057043
2023-03-16 12:00:00,71.68082817
2023-03-16 13:00:00,61.49067287
2023-03-16 14:00:00,85.58869523
2023-03-16 15:00:00,174.4529945
2023-03-16 16:00:00,29.69515323
2023-03-16 17:00:00,0.0
2023-03-16 18:00:00,0.0
2023-03-16 19:00:00,0.0
2023-03-16 20:00:00,0.0
2023-03-16 21:00:00,0.0
2023-03-16 22:00:00,0.0
2023-03-16 23:00:00,0.0
2023-03-17 00:00:00,0.0
2023-03-17 01:00:00,0.0
2023-03-17 02:00:00,0.0
2023-03-17 03:00:00,0.0
2023-03-17 04:00:00,0.0
2023-03-17 05:00:00,0.0
2023-03-17 06:00:00,44.72258016
2023-03-17 07:00:00,103.9393947
2023-03-17 08:00:00,192.4053615
2023-03-17 09:00:00,315.7614438
2023-03-17 10:00:00,415.1238397
2023-03-17 11:00:00,369.3334912
2023-03-17 12:00:00,438.1136824
2023-03-17 13:00:00,409.7713648
2023-03-17 14:00:00,332.6961585
2023-03-17 15:00:00,212.9821585
2023-03-17 16:00:00,94.88308649
2023-03-17 17:00:00,0.0
2023-03-17 18:00:00,0.0
2023-03-17 19:00:00,0.0
2023-03-17 20:00:00,0.0
2023-03-17 21:00:00,0.0
2023-03-17 22:00:00,0.0
2023-03-17 23:00:00,0.0
2023-03-18 00:00:00,0.0
2023-03-18 01:00:00,0.0
2023-03-18 02:00:00,0.0
2023-03-18 03:00:00,0.0
2023-03-18 04:00:00,0.0
2023-03-18 05:00:00,0.0
2023-03-18 06:00:00,5.655454353
2023-03-18 07:00:00,35.20244607
2023-03-18 08:00:00,62.77319288
2023-03-18 09:00:00,109.3485114
2023-03-18 10:00:00,124.8151932
2023-03-18 11:00:00,274.0423751
2023-03-18 12:00:00,154.1307278
2023-03-18 13:00:00,83.23512569
2023-03-18 14:00:00,55.52261629
2023-03-18 15:00:00,97.71973483
2023-03-18 16:00:00,44.3464547
2023-03-18 17:00:00,0.0
2023-03-18 18:00:00,0.0
2023-03-18 19:00:00,0.0
2023-03-18 20:00:00,0.0
2023-03-18 21:00:00,0.0
2023-03-18 22:00:00,0.0
2023-03-18 23:00:00,0.0
2023-03-19 00:00:00,0.0
2023-03-19 01:00:00,0.0
2023-03-19 02:00:00,0.0
2023-03-19 03:00:00,0.0
2023-03-19 04:00:00,0.0
2023-03-19 05:00:00,0.0
2023-03-19 06:00:00,41.26462793
2023-03-19 07:00:00,149.1098959
2023-03-19 08:00:00,214.0526282
2023-03-19 09:00:00,306.1345907
2023-03-19 10:00:00,311.0124412
2023-03-19 11:00:00,47.44726002
2023-03-19 12:00:00,112.4550371
2023-03-19 13:00:00,45.40147554
2023-03-19 14:00:00,139.0441474
2023-03-19 15:00:00,161.2019396
2023-03-19 16:00:00,57.70557304
2023-03-19 17:00:00,0.0
2023-03-19 18:00:00,0.0
2023-03-19 19:00:00,0.0
2023-03-19 20:00:00,0.0
2023-03-19 21:00:00,0.0
2023-03-19 22:00:00,0.0
2023-03-19 23:00:00,0.0
2023-03-20 00:00:00,0.0
2023-03-20 01:00:00,0.0
2023-03-20 02:00:00,0.0
2023-03-20 03:00:00,0.0
2023-03-20 04:00:00,0.0
2023-03-20 05:00:00,0.0
2023-03-20 06:00:00,45.4328345
2023-03-20 07:00:00,180.1421961
2023-03-20 08:00:00,282.2445744
2023-03-20 09:00:00,270.9653955
2023-03-20 10:00:00,330.1588304
2023-03-20 11:00:00,406.3044
2023-03-20 12:00:00,330.3397245
2023-03-20 13:00:00,408.0877007
2023-03-20 14:00:00,337.7571434
2023-03-20 15:00:00,229.2345214
2023-03-20 16:00:00,104.721751
2023-03-20 17:00:00,0.0
2023-03-20 18:00:00,0.0
2023-03-20 19:00:00,0.0
2023-03-20 20:00:00,0.0
2023-03-20 21:00:00,0.0
2023-03-20 22:00:00,0.0
2023-03-20 23:00:00,0.0
2023-03-21 00:00:00,0.0
2023-03-21 01:00:00,0.0
2023-03-21 02:00:00,0.0
2023-03-21 03:00:00,0.0
2023-03-21 04:00:00,0.0
2023-03-21 05:00:00,0.0
2023-03-21 06:00:00,62.75113349
2023-03-21 07:00:00,177.1611149
2023-03-21 08:00:00,294.6712168
2023-03-21 09:00:00,384.8508379
2023-03-21 10:00:00,444.0720172
2023-03-21 11:00:00,455.9062783
2023-03-21 12:00:00,441.6302393
2023-03-21 13:00:00,407.2605562
2023-03-21 14:00:00,332.7365898
2023-03-21 15:00:00,223.3344525
2023-03-21 16:00:00,100.1578758
2023-03-21 17:00:00,0.0
2023-03-21 18:00:00,0.0
2023-03-21 19:00:00,0.0
2023-03-21 20:00:00,0.0
2023-03-21 21:00:00,0.0
2023-03-21 22:00:00,0.0
2023-03-21 23:00:00,0.0
2023-03-22 00:00:00,0.0
2023-03-22 01:00:00,0.0
2023-03-22 02:00:00,0.0
2023-03-22 03:00:00,0.0
2023-03-22 04:00:00,0.0
2023-03-22 05:00:00,0.0
2023-03-22 06:00:00,57.42837354
2023-03-22 07:00:00,171.9156654
2023-03-22 08:00:00,291.0191788
2023-03-22 09:00:00,346.8848291
2023-03-22 10:00:00,384.3203497
2023-03-22 11:00:00,399.4895292
2023-03-22 12:00:00,418.7922438
2023-03-22 13:00:00,410.280536
2023-03-22 14:00:00,322.5055789
2023-03-22 15:00:00,225.7997228
2023-03-22 16:00:00,107.1239732
2023-03-22 17:00:00,0.0
2023-03-22 18:00:00,0.0
2023-03-22 19:00:00,0.0
2023-03-22 20:00:00,0.0
2023-03-22 21:00:00,0.0
2023-03-22 22:00:00,0.0
2023-03-22 23:00:00,0.0
2023-03-23 00:00:00,0.0
2023-03-23 01:00:00,0.0
2023-03-23 02:00:00,0.0
2023-03-23 03:00:00,0.0
2023-03-23 04:00:00,0.0
2023-03-23 05:00:00,0.0
2023-03-23 06:00:00,68.22718633
2023-03-23 07:00:00,182.171432
2023-03-23 08:00:00,295.3071693
2023-03-23 09:00:00,384.0702082
2023-03-23 10:00:00,449.4034835
2023-03-23 11:00:00,476.3648595
2023-03-23 12:00:00,461.0846236
2023-03-23 13:00:00,419.580401
2023-03-23 14:00:00,336.9602717
2023-03-23 15:00:00,225.096016
2023-03-23 16:00:00,105.3602359
2023-03-23 17:00:00,0.0
2023-03-23 18:00:00,0.0
2023-03-23 19:00:00,0.0
2023-03-23 20:00:00,0.0
2023-03-23 21:00:00,0.0
2023-03-23 22:00:00,0.0
2023-03-23 23:00:00,0.0
2023-03-24 00:00:00,0.0
2023-03-24 01:00:00,0.0
2023-03-24 02:00:00,0.0
2023-03-24 03:00:00,0.0
2023-03-24 04:00:00,0.0
2023-03-24 05:00:00,0.0
2023-03-24 06:00:00,63.97422813
2023-03-24 07:00:00,172.3926234
2023-03-24 08:00:00,284.5041729
2023-03-24 09:00:00,379.053937
2023-03-24 10:00:00,443.1571155
2023-03-24 11:00:00,472.9507094
2023-03-24 12:00:00,464.4180416
2023-03-24 13:00:00,419.1756136
2023-03-24 14:00:00,322.1848175
2023-03-24 15:00:00,188.3535032
2023-03-24 16:00:00,66.43523047
2023-03-24 17:00:00,0.0
2023-03-24 18:00:00,0.0
2023-03-24 19:00:00,0.0
2023-03-24 20:00:00,0.0
2023-03-24 21:00:00,0.0
2023-03-24 22:00:00,0.0
2023-03-24 23:00:00,0.0
2023-03-25 00:00:00,0.0
2023-03-25 01:00:00,0.0
2023-03-25 02:00:00,0.0
2023-03-25 03:00:00,0.0
2023-03-25 04:00:00,0.0
2023-03-25 05:00:00,0.0
2023-03-25 06:00:00,43.54448525
2023-03-25 07:00:00,128.1819783
2023-03-25 08:00:00,241.7978959
2023-03-25 09:00:00,335.1751702
2023-03-25 10:00:00,322.1173101
2023-03-25 11:00:00,35.48325494
2023-03-25 12:00:00,225.4903209
2023-03-25 13:00:00,173.9736509
2023-03-25 14:00:00,76.35173962
2023-03-25 15:00:00,213.1006589
2023-03-25 16:00:00,45.97521265
2023-03-25 17:00:00,0.0
2023-03-25 18:00:00,0.0
2023-03-25 19:00:00,0.0
2023-03-25 20:00:00,0.0
2023-03-25 21:00:00,0.0
2023-03-25 22:00:00,0.0
2023-03-25 23:00:00,0.0
2023-03-26 00:00:00,0.0
2023-03-26 01:00:00,0.0
2023-03-26 02:00:00,0.0
2023-03-26 03:00:00,0.0
2023-03-26 04:00:00,0.0
2023-03-26 05:00:00,0.0
2023-03-26 06:00:00,28.9643187
2023-03-26 07:00:00,65.79693198
2023-03-26 08:00:00,135.4470918
2023-03-26 09:00:00,301.7422086
2023-03-26 10:00:00,248.3201016
2023-03-26 11:00:00,167.846549
2023-03-26 12:00:00,112.4028136
2023-03-26 13:00:00,216.317364
2023-03-26 14:00:00,120.2852316
2023-03-26 15:00:00,125.7737935
2023-03-26 16:00:00,63.12376925
2023-03-26 17:00:00,0.0
2023-03-26 18:00:00,0.0
2023-03-26 19:00:00,0.0
2023-03-26 20:00:00,0.0
2023-03-26 21:00:00,0.0
2023-03-26 22:00:00,0.0
2023-03-26 23:00:00,0.0
2023-03-27 00:00:00,0.0
2023-03-27 01:00:00,0.0
2023-03-27 02:00:00,0.0
2023-03-27 03:00:00,0.0
2023-03-27 04:00:00,0.0
2023-03-27 05:00:00,0.0
2023-03-27 06:00:00,31.58175618
2023-03-27 07:00:00,78.6214955
2023-03-27 08:00:00,156.4531437
2023-03-27 09:00:00,173.2245189
2023-03-27 10:00:00,117.7659432
2023-03-27 11:00:00,156.3044767
2023-03-27 12:00:00,104.9107905
2023-03-27 13:00:00,65.10121236
2023-03-27 14:00:00,63.60920854
2023-03-27 15:00:00,57.84448245
2023-03-27 16:00:00,31.30599137
2023-03-27 17:00:00,0.0
2023-03-27 18:00:00,0.0
2023-03-27 19:00:00,0.0
2023-03-27 20:00:00,0.0
2023-03-27 21:00:00,0.0
2023-03-27 22:00:00,0.0
2023-03-27 23:00:00,0.0
2023-03-28 00:00:00,0.0
2023-03-28 01:00:00,0.0
2023-03-28 02:00:00,0.0
2023-03-28 03:00:00,0.0
2023-03-28 04:00:00,0.0
2023-03-28 05:00:00,0.0
2023-03-28 06:00:00,45.64394161
2023-03-28 07:00:00,159.6801225
2023-03-28 08:00:00,173.0171968
2023-03-28 09:00:00,218.1251656
2023-03-28 10:00:00,182.1459843
2023-03-28 11:00:00,102.1040173
2023-03-28 12:00:00,158.3561139
2023-03-28 13:00:00,80.65562224
2023-03-28 14:00:00,72.61648553
2023-03-28 15:00:00,77.69530049
2023-03-28 16:00:00,43.9788184
2023-03-28 17:00:00,0.109524254
2023-03-28 18:00:00,0.0
2023-03-28 19:00:00,0.0
2023-03-28 20:00:00,0.0
2023-03-28 21:00:00,0.0
2023-03-28 22:00:00,0.0
2023-03-28 23:00:00,0.0
2023-03-29 00:00:00,0.0
2023-03-29 01:00:00,0.0
2023-03-29 02:00:00,0.0
2023-03-29 03:00:00,0.0
2023-03-29 04:00:00,0.0
2023-03-29 05:00:00,0.0
2023-03-29 06:00:00,89.30045503
2023-03-29 07:00:00,202.40671
2023-03-29 08:00:00,315.5392358
2023-03-29 09:00:00,401.0584874
2023-03-29 10:00:00,467.9854952
2023-03-29 11:00:00,480.0
2023-03-29 12:00:00,479.7081826
2023-03-29 13:00:00,438.0360473
2023-03-29 14:00:00,346.726399
2023-03-29 15:00:00,250.0422356
2023-03-29 16:00:00,121.1554107
2023-03-29 17:00:00,2.144790147
2023-03-29 18:00:00,0.0
2023-03-29 19:00:00,0.0
2023-03-29 20:00:00,0.0
2023-03-29 21:00:00,0.0
2023-03-29 22:00:00,0.0
2023-03-29 23:00:00,0.0
2023-03-30 00:00:00,0.0
2023-03-30 01:00:00,0.0
2023-03-30 02:00:00,0.0
2023-03-30 03:00:00,0.0
2023-03-30 04:00:00,0.0
2023-03-30 05:00:00,1.124492169
2023-03-30 06:00:00,85.33839094
2023-03-30 07:00:00,207.8881557
2023-03-30 08:00:00,314.2466169
2023-03-30 09:00:00,413.6550161
2023-03-30 10:00:00,479.2144994
2023-03-30 11:00:00,480.0
2023-03-30 12:00:00,480.0
2023-03-30 13:00:00,440.0854164
2023-03-30 14:00:00,353.8882475
2023-03-30 15:00:00,244.6040145
2023-03-30 16:00:00,119.9180522
2023-03-30 17:00:00,3.918292689
2023-03-30 18:00:00,0.0
2023-03-30 19:00:00,0.0
2023-03-30 20:00:00,0.0
2023-03-30 21:00:00,0.0
2023-03-30 22:00:00,0.0
2023-03-30 23:00:00,0.0
2023-03-31 00:00:00,0.0
2023-03-31 01:00:00,0.0
2023-03-31 02:00:00,0.0
2023-03-31 03:00:00,0.0
2023-03-31 04:00:00,0.0
2023-03-31 05:00:00,1.63201676
2023-03-31 06:00:00,90.09211738
2023-03-31 07:00:00,205.0250553
2023-03-31 08:00:00,320.4837296
2023-03-31 09:00:00,409.8742884
2023-03-31 10:00:00,474.3781189
2023-03-31 11:00:00,480.0
2023-03-31 12:00:00,480.0
2023-03-31 13:00:00,408.0497578
2023-03-31 14:00:00,342.2052228
2023-03-31 15:00:00,249.4705265
2023-03-31 16:00:00,122.6233839
2023-03-31 17:00:00,4.148133252
2023-03-31 18:00:00,0.0
2023-03-31 19:00:00,0.0
2023-03-31 20:00:00,0.0
2023-03-31 21:00:00,0.0
2023-03-31 22:00:00,0.0
2023-03-31 23:00:00,0.0
2023-04-01 00:00:00,0.0
2023-04-01 01:00:00,0.0
2023-04-01 02:00:00,0.0
2023-04-01 03:00:00,0.0
2023-04-01 04:00:00,0.0
2023-04-01 05:00:00,5.183477917
2023-04-01 06:00:00,91.71278742
2023-04-01 07:00:00,111.8764037
2023-04-01 08:00:00,139.9526603
2023-04-01 09:00:00,197.3366554
2023-04-01 10:00:00,83.64434612
2023-04-01 11:00:00,63.19705306
2023-04-01 12:00:00,65.10009487
2023-04-01 13:00:00,32.24585287
2023-04-01 14:00:00,22.74266026
2023-04-01 15:00:00,30.27547728
2023-04-01 16:00:00,57.41291406
2023-04-01 17:00:00,3.64180262
2023-04-01 18:00:00,0.0
2023-04-01 19:00:00,0.0
2023-04-01 20:00:00,0.0
2023-04-01 21:00:00,0.0
2023-04-01 22:00:00,0.0
2023-04-01 23:00:00,0.0
2023-04-02 00:00:00,0.0
2023-04-02 01:00:00,0.0
2023-04-02 02:00:00,0.0
2023-04-02 03:00:00,0.0
2023-04-02 04:00:00,0.0
2023-04-02 05:00:00,5.202810888
2023-04-02 06:00:00,51.70862152
2023-04-02 07:00:00,130.6945707
2023-04-02 08:00:00,245.6107765
2023-04-02 09:00:00,287.5734468
2023-04-02 10:00:00,250.1010416
2023-04-02 11:00:00,335.0532503
2023-04-02 12:00:00,332.5385006
2023-04-02 13:00:00,306.4425697
2023-04-02 14:00:00,227.620377
2023-04-02 15:00:00,199.8441978
2023-04-02 16:00:00,93.43714069
2023-04-02 17:00:00,11.47576205
2023-04-02 18:00:00,0.0
2023-04-02 19:00:00,0.0
2023-04-02 20:00:00,0.0
2023-04-02 21:00:00,0.0
2023-04-02 22:00:00,0.0
2023-04-02 23:00:00,0.0
2023-04-03 00:00:00,0.0
2023-04-03 01:00:00,0.0
2023-04-03 02:00:00,0.0
2023-04-03 03:00:00,0.0
2023-04-03 04:00:00,0.0
2023-04-03 05:00:00,1.128835883
2023-04-03 06:00:00,58.96206846
2023-04-03 07:00:00,92.2811904
2023-04-03 08:00:00,277.4147491
2023-04-03 09:00:00,411.0960579
2023-04-03 10:00:00,468.7997513
2023-04-03 11:00:00,480.0
2023-04-03 12:00:00,428.6780932
2023-04-03 13:00:00,351.9756372
2023-04-03 14:00:00,195.7097784
2023-04-03 15:00:00,145.895079
2023-04-03 16:00:00,62.80263417
2023-04-03 17:00:00,12.84657661
2023-04-03 18:00:00,0.0
2023-04-03 19:00:00,0.0
2023-04-03 20:00:00,0.0
2023-04-03 21:00:00,0.0
2023-04-03 22:00:00,0.0
2023-04-03 23:00:00,0.0
2023-04-04 00:00:00,0.0
2023-04-04 01:00:00,0.0
2023-04-04 02:00:00,0.0
2023-04-04 03:00:00,0.0
2023-04-04 04:00:00,0.0
2023-04-04 05:00:00,1.64819618
2023-04-04 06:00:00,87.15023094
2023-04-04 07:00:00,134.0150182
2023-04-04 08:00:00,139.876776
2023-04-04 09:00:00,203.6652295
2023-04-04 10:00:00,153.7698289
2023-04-04 11:00:00,231.7187761
2023-04-04 12:00:00,320.8593454
2023-04-04 13:00:00,329.8836687
2023-04-04 14:00:00,243.3657385
2023-04-04 15:00:00,49.07211662
2023-04-04 16:00:00,31.96196802
2023-04-04 17:00:00,8.84122637
2023-04-04 18:00:00,0.0
2023-04-04 19:00:00,0.0
2023-04-04 20:00:00,0.0
2023-04-04 21:00:00,0.0
2023-04-04 22:00:00,0.0
2023-04-04 23:00:00,0.0
2023-04-05 00:00:00,0.0
2023-04-05 01:00:00,0.0
2023-04-05 02:00:00,0.0
2023-04-05 03:00:00,0.0
2023-04-05 04:00:00,0.0
2023-04-05 05:00:00,0.597195439
2023-04-05 06:00:00,46.73351774
2023-04-05 07:00:00,107.9809946
2023-04-05 08:00:00,206.9326338
2023-04-05 09:00:00,104.359016
2023-04-05 10:00:00,95.37454498
2023-04-05 11:00:00,99.43346976
2023-04-05 12:00:00,123.8235987
2023-04-05 13:00:00,62.41743501
2023-04-05 14:00:00,174.034737
2023-04-05 15:00:00,148.4295896
2023-04-05 16:00:00,53.01680058
2023-04-05 17:00:00,11.82968572
2023-04-05 18:00:00,0.0
2023-04-05 19:00:00,0.0
2023-04-05 20:00:00,0.0
2023-04-05 21:00:00,0.0
2023-04-05 22:00:00,0.0
2023-04-05 23:00:00,0.0
2023-04-06 00:00:00,0.0
2023-04-06 01:00:00,0.0
2023-04-06 02:00:00,0.0
2023-04-06 03:00:00,0.0
2023-04-06 04:00:00,0.0
2023-04-06 05:00:00,10.78539901
2023-04-06 06:00:00,79.92215717
2023-04-06 07:00:00,214.8556219
2023-04-06 08:00:00,262.9509916
2023-04-06 09:00:00,382.1094236
2023-04-06 10:00:00,267.1414242
2023-04-06 11:00:00,325.5059874
2023-04-06 12:00:00,242.4606556
2023-04-06 13:00:00,298.8752078
2023-04-06 14:00:00,301.183406
2023-04-06 15:00:00,242.2036583
2023-04-06 16:00:00,123.7492271
2023-04-06 17:00:00,22.83122564
2023-04-06 18:00:00,0.0
2023-04-06 19:00:00,0.0
2023-04-06 20:00:00,0.0
2023-04-06 21:00:00,0.0
2023-04-06 22:00:00,0.0
2023-04-06 23:00:00,0.0
2023-04-07 00:00:00,0.0
2023-04-07 01:00:00,0.0
2023-04-07 02:00:00,0.0
2023-04-07 03:00:00,0.0
2023-04-07 04:00:00,0.0
2023-04-07 05:00:00,12.33964062
2023-04-07 06:00:00,107.2926537
2023-04-07 07:00:00,225.6834245
2023-04-07 08:00:00,334.5456736
2023-04-07 09:00:00,427.3425582
2023-04-07 10:00:00,480.0
2023-04-07 11:00:00,480.0
2023-04-07 12:00:00,480.0
2023-04-07 13:00:00,439.0546805
2023-04-07 14:00:00,361.6144659
2023-04-07 15:00:00,257.9519624
2023-04-07 16:00:00,131.946001
2023-04-07 17:00:00,23.76436531
2023-04-07 18:00:00,0.0
2023-04-07 19:00:00,0.0
2023-04-07 20:00:00,0.0
2023-04-07 21:00:00,0.0
2023-04-07 22:00:00,0.0
2023-04-07 23:00:00,0.0
2023-04-08 00:00:00,0.0
2023-04-08 01:00:00,0.0
2023-04-08 02:00:00,0.0
2023-04-08 03:00:00,0.0
2023-04-08 04:00:00,0.0
2023-04-08 05:00:00,13.58128361
2023-04-08 06:00:00,110.3957847
2023-04-08 07:00:00,228.5282535
2023-04-08 08:00:00,338.4096114
2023-04-08 09:00:00,428.2296921
2023-04-08 10:00:00,480.0
2023-04-08 11:00:00,480.0
2023-04-08 12:00:00,480.0
2023-04-08 13:00:00,435.9095845
2023-04-08 14:00:00,360.0620257
2023-04-08 15:00:00,253.9678933
2023-04-08 16:00:00,132.0160813
2023-04-08 17:00:00,25.3917813
2023-04-08 18:00:00,0.0
2023-04-08 19:00:00,0.0
2023-04-08 20:00:00,0.0
2023-04-08 21:00:00,0.0
2023-04-08 22:00:00,0.0
2023-04-08 23:00:00,0.0
2023-04-09 00:00:00,0.0
2023-04-09 01:00:00,0.0
2023-04-09 02:00:00,0.0
2023-04-09 03:00:00,0.0
2023-04-09 04:00:00,0.0
2023-04-09 05:00:00,15.63652003
2023-04-09 06:00:00,75.48434628
2023-04-09 07:00:00,189.7480171
2023-04-09 08:00:00,241.5674135
2023-04-09 09:00:00,310.4118684
2023-04-09 10:00:00,460.3938173
2023-04-09 11:00:00,476.0605386
2023-04-09 12:00:00,336.803822
2023-04-09 13:00:00,220.8916554
2023-04-09 14:00:00,177.9293759
2023-04-09 15:00:00,149.2251908
2023-04-09 16:00:00,96.39712437
2023-04-09 17:00:00,21.36178181
2023-04-09 18:00:00,0.0
2023-04-09 19:00:00,0.0
2023-04-09 20:00:00,0.0
2023-04-09 21:00:00,0.0
2023-04-09 22:00:00,0.0
2023-04-09 23:00:00,0.0
2023-04-10 00:00:00,0.0
2023-04-10 01:00:00,0.0
2023-04-10 02:00:00,0.0
2023-04-10 03:00:00,0.0
2023-04-10 04:00:00,0.0
2023-04-10 05:00:00,7.201822133
2023-04-10 06:00:00,36.97694412
2023-04-10 07:00:00,50.01750389
2023-04-10 08:00:00,86.70421223
2023-04-10 09:00:00,212.2529829
2023-04-10 10:00:00,232.5154365
2023-04-10 11:00:00,132.9513625
2023-04-10 12:00:00,205.6812295
2023-04-10 13:00:00,173.9200148
2023-04-10 14:00:00,312.6543794
2023-04-10 15:00:00,244.4830538
2023-04-10 16:00:00,129.909104
2023-04-10 17:00:00,25.97389757
2023-04-10 18:00:00,0.0
2023-04-10 19:00:00,0.0
2023-04-10 20:00:00,0.0
2023-04-10 21:00:00,0.0
2023-04-10 22:00:00,0.0
2023-04-10 23:00:00,0.0
2023-04-11 00:00:00,0.0
2023-04-11 01:00:00,0.0
2023-04-11 02:00:00,0.0
2023-04-11 03:00:00,0.0
2023-04-11 04:00:00,0.0
2023-04-11 05:00:00,12.82869214
2023-04-11 06:00:00,75.15189433
2023-04-11 07:00:00,134.6233514
2023-04-11 08:00:00,149.6377289
2023-04-11 09:00:00,146.0989983
2023-04-11 10:00:00,178.000809
2023-04-11 11:00:00,73.17679319
2023-04-11 12:00:00,121.4757183
2023-04-11 13:00:00,167.0030369
2023-04-11 14:00:00,192.5346716
2023-04-11 15:00:00,243.5742833
2023-04-11 16:00:00,113.5910913
2023-04-11 17:00:00,22.4034884
2023-04-11 18:00:00,0.0
2023-04-11 19:00:00,0.0
2023-04-11 20:00:00,0.0
2023-04-11 21:00:00,0.0
2023-04-11 22:00:00,0.0
2023-04-11 23:00:00,0.0
2023-04-12 00:00:00,0.0
2023-04-12 01:00:00,0.0
2023-04-12 02:00:00,0.0
2023-04-12 03:00:00,0.0
2023-04-12 04:00:00,0.0
2023-04-12 05:00:00,20.16696321
2023-04-12 06:00:00,112.8006648
2023-04-12 07:00:00,199.166555
2023-04-12 08:00:00,169.354913
2023-04-12 09:00:00,117.1071404
2023-04-12 10:00:00,126.3339611
2023-04-12 11:00:00,230.5067501
2023-04-12 12:00:00,162.9874073
2023-04-12 13:00:00,307.3499832
2023-04-12 14:00:00,152.1470942
2023-04-12 15:00:00,46.42629765
2023-04-12 16:00:00,82.25913719
2023-04-12 17:00:00,25.38236902
2023-04-12 18:00:00,0.0
2023-04-12 19:00:00,0.0
2023-04-12 20:00:00,0.0
2023-04-12 21:00:00,0.0
2023-04-12 22:00:00,0.0
2023-04-12 23:00:00,0.0
2023-04-13 00:00:00,0.0
2023-04-13 01:00:00,0.0
2023-04-13 02:00:00,0.0
2023-04-13 03:00:00,0.0
2023-04-13 04:00:00,0.0
2023-04-13 05:00:00,14.98656882
2023-04-13 06:00:00,57.87786936
2023-04-13 07:00:00,130.2821005
2023-04-13 08:00:00,113.405279
2023-04-13 09:00:00,52.07252969
2023-04-13 10:00:00,64.59057488
2023-04-13 11:00:00,165.7554157
2023-04-13 12:00:00,94.18457476
2023-04-13 13:00:00,65.31854815
2023-04-13 14:00:00,57.9046125
2023-04-13 15:00:00,79.25695903
2023-04-13 16:00:00,46.13483187
2023-04-13 17:00:00,4.695603795
2023-04-13 18:00:00,0.0
2023-04-13 19:00:00,0.0
2023-04-13 20:00:00,0.0
2023-04-13 21:00:00,0.0
2023-04-13 22:00:00,0.0
2023-04-13 23:00:00,0.0
2023-04-14 00:00:00,0.0
2023-04-14 01:00:00,0.0
2023-04-14 02:00:00,0.0
2023-04-14 03:00:00,0.0
2023-04-14 04:00:00,0.0
2023-04-14 05:00:00,20.41727954
2023-04-14 06:00:00,66.66834909
2023-04-14 07:00:00,166.2240329
2023-04-14 08:00:00,155.2233276
2023-04-14 09:00:00,237.9222327
2023-04-14 10:00:00,176.9988386
2023-04-14 11:00:00,236.2424256
2023-04-14 12:00:00,68.54094821
2023-04-14 13:00:00,278.0339262
2023-04-14 14:00:00,67.64012772
2023-04-14 15:00:00,98.90667315
2023-04-14 16:00:00,84.0062839
2023-04-14 17:00:00,15.60237876
2023-04-14 18:00:00,0.0
2023-04-14 19:00:00,0.0
2023-04-14 20:00:00,0.0
2023-04-14 21:00:00,0.0
2023-04-14 22:00:00,0.0
2023-04-14 23:00:00,0.0
2023-04-15 00:00:00,0.0
2023-04-15 01:00:00,0.0
2023-04-15 02:00:00,0.0
2023-04-15 03:00:00,0.0
2023-04-15 04:00:00,0.0
2023-04-15 05:00:00,18.07947
2023-04-15 06:00:00,52.54766949
2023-04-15 07:00:00,86.99138773
2023-04-15 08:00:00,78.9862371
2023-04-15 09:00:00,97.78915485
2023-04-15 10:00:00,98.25953935
2023-04-15 11:00:00,260.8482011
2023-04-15 12:00:00,322.185874
2023-04-15 13:00:00,148.7851557
2023-04-15 14:00:00,123.2589327
2023-04-15 15:00:00,90.03445201
2023-04-15 16:00:00,61.64914632
2023-04-15 17:00:00,19.33207603
2023-04-15 18:00:00,0.0
2023-04-15 19:00:00,0.0
2023-04-15 20:00:00,0.0
2023-04-15 21:00:00,0.0
2023-04-15 22:00:00,0.0
2023-04-15 23:00:00,0.0
2023-04-16 00:00:00,0.0
2023-04-16 01:00:00,0.0
2023-04-16 02:00:00,0.0
2023-04-16 03:00:00,0.0
2023-04-16 04:00:00,0.0
2023-04-16 05:00:00,12.82952491
2023-04-16 06:00:00,65.32245538
2023-04-16 07:00:00,145.4725223
2023-04-16 08:00:00,210.0070797
2023-04-16 09:00:00,269.6080718
2023-04-16 10:00:00,298.8669487
2023-04-16 11:00:00,433.1209497
2023-04-16 12:00:00,444.7187998
2023-04-16 13:00:00,377.2257335
2023-04-16 14:00:00,114.7945928
2023-04-16 15:00:00,135.3546759
2023-04-16 16:00:00,115.0118124
2023-04-16 17:00:00,24.68203918
2023-04-16 18:00:00,0.0
2023-04-16 19:00:00,0.0
2023-04-16 20:00:00,0.0
2023-04-16 21:00:00,0.0
2023-04-16 22:00:00,0.0
2023-04-16 23:00:00,0.0
2023-04-17 00:00:00,0.0
2023-04-17 01:00:00,0.0
2023-04-17 02:00:00,0.0
2023-04-17 03:00:00,0.0
2023-04-17 04:00:00,0.0
2023-04-17 05:00:00,27.46543324
2023-04-17 06:00:00,120.5147632
2023-04-17 07:00:00,239.1674747
2023-04-17 08:00:00,348.1488949
2023-04-17 09:00:00,437.3729194
2023-04-17 10:00:00,480.0
2023-04-17 11:00:00,480.0
2023-04-17 12:00:00,480.0
2023-04-17 13:00:00,446.7437449
2023-04-17 14:00:00,366.6835957
2023-04-17 15:00:00,261.9950183
2023-04-17 16:00:00,140.6327308
2023-04-17 17:00:00,35.33795893
2023-04-17 18:00:00,0.0
2023-04-17 19:00:00,0.0
2023-04-17 20:00:00,0.0
2023-04-17 21:00:00,0.0
2023-04-17 22:00:00,0.0
2023-04-17 23:00:00,0.0
2023-04-18 00:00:00,0.0
2023-04-18 01:00:00,0.0
2023-04-18 02:00:00,0.0
2023-04-18 03:00:00,0.0
2023-04-18 04:00:00,0.0
2023-04-18 05:00:00,28.14149437
2023-04-18 06:00:00,126.5730932
2023-04-18 07:00:00,222.2973571
2023-04-18 08:00:00,166.8277754
2023-04-18 09:00:00,191.4296396
2023-04-18 10:00:00,73.37762952
2023-04-18 11:00:00,214.7718923
2023-04-18 12:00:00,125.4054093
2023-04-18 13:00:00,95.07367552
2023-04-18 14:00:00,130.827362
2023-04-18 15:00:00,241.5105559
2023-04-18 16:00:00,140.8745077
2023-04-18 17:00:00,25.69899356
2023-04-18 18:00:00,0.0
2023-04-18 19:00:00,0.0
2023-04-18 20:00:00,0.0
2023-04-18 21:00:00,0.0
2023-04-18 22:00:00,0.0
2023-04-18 23:00:00,0.0
2023-04-19 00:00:00,0.0
2023-04-19 01:00:00,0.0
2023-04-19 02:00:00,0.0
2023-04-19 03:00:00,0.0
2023-04-19 04:00:00,0.0
2023-04-19 05:00:00,31.16643183
2023-04-19 06:00:00,115.5242588
2023-04-19 07:00:00,226.6165064
2023-04-19 08:00:00,341.9295336
2023-04-19 09:00:00,434.6368551
2023-04-19 10:00:00,480.0
2023-04-19 11:00:00,480.0
2023-04-19 12:00:00,480.0
2023-04-19 13:00:00,357.4131819
2023-04-19 14:00:00,309.5793128
2023-04-19 15:00:00,229.7180988
2023-04-19 16:00:00,111.3900058
2023-04-19 17:00:00,34.79909037
2023-04-19 18:00:00,0.0
2023-04-19 19:00:00,0.0
2023-04-19 20:00:00,0.0
2023-04-19 21:00:00,0.0
2023-04-19 22:00:00,0.0
2023-04-19 23:00:00,0.0
2023-04-20 00:00:00,0.0
2023-04-20 01:00:00,0.0
2023-04-20 02:00:00,0.0
2023-04-20 03:00:00,0.0
2023-04-20 04:00:00,0.0
2023-04-20 05:00:00,26.80233369
2023-04-20 06:00:00,107.9872988
2023-04-20 07:00:00,222.1125798
2023-04-20 08:00:00,318.5611712
2023-04-20 09:00:00,426.4671357
2023-04-20 10:00:00,474.3584798
2023-04-20 11:00:00,287.7487566
2023-04-20 12:00:00,414.5063151
2023-04-20 13:00:00,304.8416241
2023-04-20 14:00:00,321.6123114
2023-04-20 15:00:00,237.6860385
2023-04-20 16:00:00,136.3625187
2023-04-20 17:00:00,35.18931116
2023-04-20 18:00:00,0.0
2023-04-20 19:00:00,0.0
2023-04-20 20:00:00,0.0
2023-04-20 21:00:00,0.0
2023-04-20 22:00:00,0.0
2023-04-20 23:00:00,0.0
2023-04-21 00:00:00,0.0
2023-04-21 01:00:00,0.0
2023-04-21 02:00:00,0.0
2023-04-21 03:00:00,0.0
2023-04-21 04:00:00,0.0
2023-04-21 05:00:00,24.23142876
2023-04-21 06:00:00,84.12122786
2023-04-21 07:00:00,228.2623793
2023-04-21 08:00:00,338.3495742
2023-04-21 09:00:00,424.2811064
2023-04-21 10:00:00,480.0
2023-04-21 11:00:00,480.0
2023-04-21 12:00:00,480.0
2023-04-21 13:00:00,443.1643655
2023-04-21 14:00:00,357.125416
2023-04-21 15:00:00,258.456525
2023-04-21 16:00:00,139.4021459
2023-04-21 17:00:00,38.08126791
2023-04-21 18:00:00,0.0
2023-04-21 19:00:00,0.0
2023-04-21 20:00:00,0.0
2023-04-21 21:00:00,0.0
2023-04-21 22:00:00,0.0
2023-04-21 23:00:00,0.0
2023-04-22 00:00:00,0.0
2023-04-22 01:00:00,0.0
2023-04-22 02:00:00,0.0
2023-04-22 03:00:00,0.0
2023-04-22 04:00:00,0.0
2023-04-22 05:00:00,35.5115328
2023-04-22 06:00:00,136.0454218
2023-04-22 07:00:00,248.0769412
2023-04-22 08:00:00,323.3992523
2023-04-22 09:00:00,427.635423
2023-04-22 10:00:00,477.3261814
2023-04-22 11:00:00,480.0
2023-04-22 12:00:00,476.5101487
2023-04-22 13:00:00,439.7565363
2023-04-22 14:00:00,361.1324179
2023-04-22 15:00:00,231.3189541
2023-04-22 16:00:00,111.3821283
2023-04-22 17:00:00,29.52110684
2023-04-22 18:00:00,0.0
2023-04-22 19:00:00,0.0
2023-04-22 20:00:00,0.0
2023-04-22 21:00:00,0.0
2023-04-22 22:00:00,0.0
2023-04-22 23:00:00,0.0
2023-04-23 00:00:00,0.0
2023-04-23 01:00:00,0.0
2023-04-23 02:00:00,0.0
2023-04-23 03:00:00,0.0
2023-04-23 04:00:00,0.0
2023-04-23 05:00:00,37.10975198
2023-04-23 06:00:00,130.964986
2023-04-23 07:00:00,243.7212913
2023-04-23 08:00:00,353.8618627
2023-04-23 09:00:00,423.6709555
2023-04-23 10:00:00,452.5373955
2023-04-23 11:00:00,452.3561396
2023-04-23 12:00:00,393.7457596
2023-04-23 13:00:00,372.9161867
2023-04-23 14:00:00,265.1654314
2023-04-23 15:00:00,207.0693741
2023-04-23 16:00:00,101.4973078
2023-04-23 17:00:00,35.30135625
2023-04-23 18:00:00,0.0
2023-04-23 19:00:00,0.0
2023-04-23 20:00:00,0.0
2023-04-23 21:00:00,0.0
2023-04-23 22:00:00,0.0
2023-04-23 23:00:00,0.0
2023-04-24 00:00:00,0.0
2023-04-24 01:00:00,0.0
2023-04-24 02:00:00,0.0
2023-04-24 03:00:00,0.0
2023-04-24 04:00:00,0.0
2023-04-24 05:00:00,38.96776276
2023-04-24 06:00:00,137.5319074
2023-04-24 07:00:00,255.984614
2023-04-24 08:00:00,362.531806
2023-04-24 09:00:00,449.9269627
2023-04-24 10:00:00,480.0
2023-04-24 11:00:00,480.0
2023-04-24 12:00:00,480.0
2023-04-24 13:00:00,452.9624518
2023-04-24 14:00:00,375.9657005
2023-04-24 15:00:00,270.7717786
2023-04-24 16:00:00,148.8304575
2023-04-24 17:00:00,43.534452
2023-04-24 18:00:00,0.0
2023-04-24 19:00:00,0.0
2023-04-24 20:00:00,0.0
2023-04-24 21:00:00,0.0
2023-04-24 22:00:00,0.0
2023-04-24 23:00:00,0.0
2023-04-25 00:00:00,0.0
2023-04-25 01:00:00,0.0
2023-04-25 02:00:00,0.0
2023-04-25 03:00:00,0.0
2023-04-25 04:00:00,0.0
2023-04-25 05:00:00,38.74712516
2023-04-25 06:00:00,139.9484447
2023-04-25 07:00:00,252.3297347
2023-04-25 08:00:00,355.6093532
2023-04-25 09:00:00,441.910533
2023-04-25 10:00:00,480.0
2023-04-25 11:00:00,480.0
2023-04-25 12:00:00,480.0
2023-04-25 13:00:00,447.6962524
2023-04-25 14:00:00,366.6441932
2023-04-25 15:00:00,266.4980364
2023-04-25 16:00:00,146.9606505
2023-04-25 17:00:00,43.42563868
2023-04-25 18:00:00,0.0
2023-04-25 19:00:00,0.0
2023-04-25 20:00:00,0.0
2023-04-25 21:00:00,0.0
2023-04-25 22:00:00,0.0
2023-04-25 23:00:00,0.0
2023-04-26 00:00:00,0.0
2023-04-26 01:00:00,0.0
2023-04-26 02:00:00,0.0
2023-04-26 03:00:00,0.0
2023-04-26 04:00:00,0.0
2023-04-26 05:00:00,40.83415956
2023-04-26 06:00:00,126.9841149
2023-04-26 07:00:00,183.0426792
2023-04-26 08:00:00,50.4091978
2023-04-26 09:00:00,71.82470508
2023-04-26 10:00:00,202.924903
2023-04-26 11:00:00,110.4116888
2023-04-26 12:00:00,0.0
2023-04-26 13:00:00,319.0854026
2023-04-26 14:00:00,238.3674651
2023-04-26 15:00:00,232.0248337
2023-04-26 16:00:00,127.1155605
2023-04-26 17:00:00,44.93114015
2023-04-26 18:00:00,0.0
2023-04-26 19:00:00,0.0
2023-04-26 20:00:00,0.0
2023-04-26 21:00:00,0.0
2023-04-26 22:00:00,0.0
2023-04-26 23:00:00,0.0
2023-04-27 00:00:00,0.0
2023-04-27 01:00:00,0.0
2023-04-27 02:00:00,0.0
2023-04-27 03:00:00,0.0
2023-04-27 04:00:00,0.0
2023-04-27 05:00:00,42.47881009
2023-04-27 06:00:00,84.63120445
2023-04-27 07:00:00,192.6439789
2023-04-27 08:00:00,354.9770191
2023-04-27 09:00:00,429.7748068
2023-04-27 10:00:00,480.0
2023-04-27 11:00:00,169.0037388
2023-04-27 12:00:00,477.5789486
2023-04-27 13:00:00,384.6213681
2023-04-27 14:00:00,270.3398117
2023-04-27 15:00:00,260.2981567
2023-04-27 16:00:00,156.9497451
2023-04-27 17:00:00,45.22343315
2023-04-27 18:00:00,0.0
2023-04-27 19:00:00,0.0
2023-04-27 20:00:00,0.0
2023-04-27 21:00:00,0.0
2023-04-27 22:00:00,0.0
2023-04-27 23:00:00,0.0
2023-04-28 00:00:00,0.0
2023-04-28 01:00:00,0.0
2023-04-28 02:00:00,0.0
2023-04-28 03:00:00,0.0
2023-04-28 04:00:00,0.0
2023-04-28 05:00:00,44.19095852
2023-04-28 06:00:00,141.4920026
2023-04-28 07:00:00,253.9437642
2023-04-28 08:00:00,357.7040879
2023-04-28 09:00:00,437.3040822
2023-04-28 10:00:00,480.0
2023-04-28 11:00:00,480.0
2023-04-28 12:00:00,480.0
2023-04-28 13:00:00,448.7747804
2023-04-28 14:00:00,372.9811685
2023-04-28 15:00:00,271.7320356
2023-04-28 16:00:00,152.8920126
2023-04-28 17:00:00,46.73764636
2023-04-28 18:00:00,0.0
2023-04-28 19:00:00,0.0
2023-04-28 20:00:00,0.0
2023-04-28 21:00:00,0.0
2023-04-28 22:00:00,0.0
2023-04-28 23:00:00,0.0
2023-04-29 00:00:00,0.0
2023-04-29 01:00:00,0.0
2023-04-29 02:00:00,0.0
2023-04-29 03:00:00,0.0
2023-04-29 04:00:00,0.615327467
2023-04-29 05:00:00,44.28317009
2023-04-29 06:00:00,147.7526556
2023-04-29 07:00:00,259.5623462
2023-04-29 08:00:00,366.3901408
2023-04-29 09:00:00,453.6324084
2023-04-29 10:00:00,480.0
2023-04-29 11:00:00,480.0
2023-04-29 12:00:00,480.0
2023-04-29 13:00:00,455.781697
2023-04-29 14:00:00,363.7532382
2023-04-29 15:00:00,254.4879187
2023-04-29 16:00:00,154.0821116
2023-04-29 17:00:00,47.27889323
2023-04-29 18:00:00,0.0
2023-04-29 19:00:00,0.0
2023-04-29 20:00:00,0.0
2023-04-29 21:00:00,0.0
2023-04-29 22:00:00,0.0
2023-04-29 23:00:00,0.0
2023-04-30 00:00:00,0.0
2023-04-30 01:00:00,0.0
2023-04-30 02:00:00,0.0
2023-04-30 03:00:00,0.0
2023-04-30 04:00:00,0.0
2023-04-30 05:00:00,45.534853
2023-04-30 06:00:00,97.07333068
2023-04-30 07:00:00,137.7695411
2023-04-30 08:00:00,52.57130612
2023-04-30 09:00:00,331.2514481
2023-04-30 10:00:00,344.7272372
2023-04-30 11:00:00,150.935637
2023-04-30 12:00:00,468.5022423
2023-04-30 13:00:00,396.524863
2023-04-30 14:00:00,198.2109461
2023-04-30 15:00:00,169.368101
2023-04-30 16:00:00,114.3924187
2023-04-30 17:00:00,38.77449165
2023-04-30 18:00:00,0.0
2023-04-30 19:00:00,0.0
2023-04-30 20:00:00,0.0
2023-04-30 21:00:00,0.0
2023-04-30 22:00:00,0.0
2023-04-30 23:00:00,0.0
2023-05-01 00:00:00,0.0
2023-05-01 01:00:00,0.0
2023-05-01 02:00:00,0.0
2023-05-01 03:00:00,0.0
2023-05-01 04:00:00,0.0
2023-05-01 05:00:00,30.87353646
2023-05-01 06:00:00,57.14411055
2023-05-01 07:00:00,134.0768053
2023-05-01 08:00:00,131.5384563
2023-05-01 09:00:00,157.9965476
2023-05-01 10:00:00,180.1433519
2023-05-01 11:00:00,198.8134517
2023-05-01 12:00:00,274.5874122
2023-05-01 13:00:00,237.4201888
2023-05-01 14:00:00,307.5940173
2023-05-01 15:00:00,159.0341473
2023-05-01 16:00:00,90.39780835
2023-05-01 17:00:00,10.77000444
2023-05-01 18:00:00,0.0
2023-05-01 19:00:00,0.0
2023-05-01 20:00:00,0.0
2023-05-01 21:00:00,0.0
2023-05-01 22:00:00,0.0
2023-05-01 23:00:00,0.0
2023-05-02 00:00:00,0.0
2023-05-02 01:00:00,0.0
2023-05-02 02:00:00,0.0
2023-05-02 03:00:00,0.0
2023-05-02 04:00:00,2.648669044
2023-05-02 05:00:00,49.74247385
2023-05-02 06:00:00,138.737424
2023-05-02 07:00:00,261.3151303
2023-05-02 08:00:00,365.2911753
2023-05-02 09:00:00,420.81862
2023-05-02 10:00:00,345.6330351
2023-05-02 11:00:00,471.8406541
2023-05-02 12:00:00,480.0
2023-05-02 13:00:00,453.4377436
2023-05-02 14:00:00,375.5955636
2023-05-02 15:00:00,265.970784
2023-05-02 16:00:00,157.5213969
2023-05-02 17:00:00,51.71513931
2023-05-02 18:00:00,0.0
2023-05-02 19:00:00,0.0
2023-05-02 20:00:00,0.0
2023-05-02 21:00:00,0.0
2023-05-02 22:00:00,0.0
2023-05-02 23:00:00,0.0
2023-05-03 00:00:00,0.0
2023-05-03 01:00:00,0.0
2023-05-03 02:00:00,0.0
2023-05-03 03:00:00,0.0
2023-05-03 04:00:00,4.683987896
2023-05-03 05:00:00,50.29784904
2023-05-03 06:00:00,148.319352
2023-05-03 07:00:00,262.408778
2023-05-03 08:00:00,360.0874423
2023-05-03 09:00:00,445.7808164
2023-05-03 10:00:00,480.0
2023-05-03 11:00:00,480.0
2023-05-03 12:00:00,480.0
2023-05-03 13:00:00,451.6422371
2023-05-03 14:00:00,369.1103651
2023-05-03 15:00:00,265.3757735
2023-05-03 16:00:00,153.6869496
2023-05-03 17:00:00,51.66195229
2023-05-03 18:00:00,0.0
2023-05-03 19:00:00,0.0
2023-05-03 20:00:00,0.0
2023-05-03 21:00:00,0.0
2023-05-03 22:00:00,0.0
2023-05-03 23:00:00,0.0
2023-05-04 00:00:00,0.0
2023-05-04 01:00:00,0.0
2023-05-04 02:00:00,0.0
2023-05-04 03:00:00,0.0
2023-05-04 04:00:00,4.159615644
2023-05-04 05:00:00,9.229620865
2023-05-04 06:00:00,23.91193482
2023-05-04 07:00:00,31.83573438
2023-05-04 08:00:00,109.3883594
2023-05-04 09:00:00,89.16447946
2023-05-04 10:00:00,88.68879957
2023-05-04 11:00:00,216.7893805
2023-05-04 12:00:00,264.6512912
2023-05-04 13:00:00,209.3465227
2023-05-04 14:00:00,242.0636902
2023-05-04 15:00:00,158.8249154
2023-05-04 16:00:00,116.7420967
2023-05-04 17:00:00,20.8844255
2023-05-04 18:00:00,0.0
2023-05-04 19:00:00,0.0
2023-05-04 20:00:00,0.0
2023-05-04 21:00:00,0.0
2023-05-04 22:00:00,0.0
2023-05-04 23:00:00,0.0
2023-05-05 00:00:00,0.0
2023-05-05 01:00:00,0.0
2023-05-05 02:00:00,0.0
2023-05-05 03:00:00,0.0
2023-05-05 04:00:00,0.0
2023-05-05 05:00:00,51.96088774
2023-05-05 06:00:00,104.9828196
2023-05-05 07:00:00,245.4146373
2023-05-05 08:00:00,240.8169947
2023-05-05 09:00:00,254.9501758
2023-05-05 10:00:00,362.0049802
2023-05-05 11:00:00,201.5776857
2023-05-05 12:00:00,258.4411833
2023-05-05 13:00:00,158.5801564
2023-05-05 14:00:00,109.2908985
2023-05-05 15:00:00,62.57292946
2023-05-05 16:00:00,35.74925798
2023-05-05 17:00:00,14.71222115
2023-05-05 18:00:00,0.0
2023-05-05 19:00:00,0.0
2023-05-05 20:00:00,0.0
2023-05-05 21:00:00,0.0
2023-05-05 22:00:00,0.0
2023-05-05 23:00:00,0.0
2023-05-06 00:00:00,0.0
2023-05-06 01:00:00,0.0
2023-05-06 02:00:00,0.0
2023-05-06 03:00:00,0.0
2023-05-06 04:00:00,0.09029675
2023-05-06 05:00:00,9.154816885
2023-05-06 06:00:00,18.69364637
2023-05-06 07:00:00,35.1298377
2023-05-06 08:00:00,48.59232369
2023-05-06 09:00:00,57.41675546
2023-05-06 10:00:00,77.76810558
2023-05-06 11:00:00,87.84408158
2023-05-06 12:00:00,56.5899972
2023-05-06 13:00:00,72.77525303
2023-05-06 14:00:00,48.50720334
2023-05-06 15:00:00,45.16531344
2023-05-06 16:00:00,25.70746993
2023-05-06 17:00:00,21.21176295
2023-05-06 18:00:00,0.0
2023-05-06 19:00:00,0.0
2023-05-06 20:00:00,0.0
2023-05-06 21:00:00,0.0
2023-05-06 22:00:00,0.0
2023-05-06 23:00:00,0.0
2023-05-07 00:00:00,0.0
2023-05-07 01:00:00,0.0
2023-05-07 02:00:00,0.0
2023-05-07 03:00:00,0.0
2023-05-07 04:00:00,4.688775431
2023-05-07 05:00:00,55.0411278
2023-05-07 06:00:00,152.0362237
2023-05-07 07:00:00,261.6227857
2023-05-07 08:00:00,293.5713876
2023-05-07 09:00:00,388.7422825
2023-05-07 10:00:00,409.2987072
2023-05-07 11:00:00,480.0
2023-05-07 12:00:00,480.0
2023-05-07 13:00:00,450.3765338
2023-05-07 14:00:00,361.1035841
2023-05-07 15:00:00,270.189637
2023-05-07 16:00:00,158.7480159
2023-05-07 17:00:00,55.1396258
2023-05-07 18:00:00,1.137952338
2023-05-07 19:00:00,0.0
2023-05-07 20:00:00,0.0
2023-05-07 21:00:00,0.0
2023-05-07 22:00:00,0.0
2023-05-07 23:00:00,0.0
2023-05-08 00:00:00,0.0
2023-05-08 01:00:00,0.0
2023-05-08 02:00:00,0.0
2023-05-08 03:00:00,0.0
2023-05-08 04:00:00,7.714897621
2023-05-08 05:00:00,55.40303923
2023-05-08 06:00:00,153.5979029
2023-05-08 07:00:00,265.5654493
2023-05-08 08:00:00,355.6124967
2023-05-08 09:00:00,432.4129675
2023-05-08 10:00:00,178.5018221
2023-05-08 11:00:00,480.0
2023-05-08 12:00:00,400.4128322
2023-05-08 13:00:00,422.6260149
2023-05-08 14:00:00,364.2210086
2023-05-08 15:00:00,22.82052362
2023-05-08 16:00:00,11.19015723
2023-05-08 17:00:00,40.21531069
2023-05-08 18:00:00,1.132957739
2023-05-08 19:00:00,0.0
2023-05-08 20:00:00,0.0
2023-05-08 21:00:00,0.0
2023-05-08 22:00:00,0.0
2023-05-08 23:00:00,0.0
2023-05-09 00:00:00,0.0
2023-05-09 01:00:00,0.0
2023-05-09 02:00:00,0.0
2023-05-09 03:00:00,0.0
2023-05-09 04:00:00,2.669752047
2023-05-09 05:00:00,16.94800878
2023-05-09 06:00:00,140.7286901
2023-05-09 07:00:00,233.4562555
2023-05-09 08:00:00,281.4694283
2023-05-09 09:00:00,407.5626896
2023-05-09 10:00:00,480.0
2023-05-09 11:00:00,480.0
2023-05-09 12:00:00,433.891937
2023-05-09 13:00:00,406.1900456
2023-05-09 14:00:00,370.4705178
2023-05-09 15:00:00,224.1040933
2023-05-09 16:00:00,157.3759812
2023-05-09 17:00:00,54.21470308
2023-05-09 18:00:00,2.635064812
2023-05-09 19:00:00,0.0
2023-05-09 20:00:00,0.0
2023-05-09 21:00:00,0.0
2023-05-09 22:00:00,0.0
2023-05-09 23:00:00,0.0
2023-05-10 00:00:00,0.0
2023-05-10 01:00:00,0.0
2023-05-10 02:00:00,0.0
2023-05-10 03:00:00,0.0
2023-05-10 04:00:00,10.89451917
2023-05-10 05:00:00,56.74367886
2023-05-10 06:00:00,154.7185734
2023-05-10 07:00:00,263.4009691
2023-05-10 08:00:00,291.4893412
2023-05-10 09:00:00,434.4334551
2023-05-10 10:00:00,408.8476203
2023-05-10 11:00:00,477.6500298
2023-05-10 12:00:00,422.0006056
2023-05-10 13:00:00,294.4952969
2023-05-10 14:00:00,298.3465101
2023-05-10 15:00:00,116.3768954
2023-05-10 16:00:00,145.2774961
2023-05-10 17:00:00,55.09680353
2023-05-10 18:00:00,1.132992643
2023-05-10 19:00:00,0.0
2023-05-10 20:00:00,0.0
2023-05-10 21:00:00,0.0
2023-05-10 22:00:00,0.0
2023-05-10 23:00:00,0.0
2023-05-11 00:00:00,0.0
2023-05-11 01:00:00,0.0
2023-05-11 02:00:00,0.0
2023-05-11 03:00:00,0.0
2023-05-11 04:00:00,5.187962677
2023-05-11 05:00:00,51.87348271
2023-05-11 06:00:00,74.04663129
2023-05-11 07:00:00,260.1541049
2023-05-11 08:00:00,328.4700043
2023-05-11 09:00:00,404.5912445
2023-05-11 10:00:00,480.0
2023-05-11 11:00:00,480.0
2023-05-11 12:00:00,480.0
2023-05-11 13:00:00,339.0912003
2023-05-11 14:00:00,222.1939435
2023-05-11 15:00:00,221.3174423
2023-05-11 16:00:00,11.7573065
2023-05-11 17:00:00,8.224218511
2023-05-11 18:00:00,4.211843181
2023-05-11 19:00:00,0.0
2023-05-11 20:00:00,0.0
2023-05-11 21:00:00,0.0
2023-05-11 22:00:00,0.0
2023-05-11 23:00:00,0.0
2023-05-12 00:00:00,0.0
2023-05-12 01:00:00,0.0
2023-05-12 02:00:00,0.0
2023-05-12 03:00:00,0.0
2023-05-12 04:00:00,0.0
2023-05-12 05:00:00,25.46461952
2023-05-12 06:00:00,56.47879659
2023-05-12 07:00:00,84.36087239
2023-05-12 08:00:00,148.4624667
2023-05-12 09:00:00,130.9392557
2023-05-12 10:00:00,168.5695708
2023-05-12 11:00:00,56.8355714
2023-05-12 12:00:00,56.89636029
2023-05-12 13:00:00,31.91096392
2023-05-12 14:00:00,55.07546077
2023-05-12 15:00:00,119.327315
2023-05-12 16:00:00,134.4258546
2023-05-12 17:00:00,14.81436422
2023-05-12 18:00:00,0.108914878
2023-05-12 19:00:00,0.0
2023-05-12 20:00:00,0.0
2023-05-12 21:00:00,0.0
2023-05-12 22:00:00,0.0
2023-05-12 23:00:00,0.0
2023-05-13 00:00:00,0.0
2023-05-13 01:00:00,0.0
2023-05-13 02:00:00,0.0
2023-05-13 03:00:00,0.0
2023-05-13 04:00:00,12.84202679
2023-05-13 05:00:00,12.72687086
2023-05-13 06:00:00,56.93578042
2023-05-13 07:00:00,69.34565699
2023-05-13 08:00:00,152.8253237
2023-05-13 09:00:00,211.6957717
2023-05-13 10:00:00,197.3501618
2023-05-13 11:00:00,312.5456625
2023-05-13 12:00:00,389.4311014
2023-05-13 13:00:00,374.8265541
2023-05-13 14:00:00,152.859359
2023-05-13 15:00:00,153.6784975
2023-05-13 16:00:00,104.6244286
2023-05-13 17:00:00,54.45365254
2023-05-13 18:00:00,4.173754256
2023-05-13 19:00:00,0.0
2023-05-13 20:00:00,0.0
2023-05-13 21:00:00,0.0
2023-05-13 22:00:00,0.0
2023-05-13 23:00:00,0.0
2023-05-14 00:00:00,0.0
2023-05-14 01:00:00,0.0
2023-05-14 02:00:00,0.0
2023-05-14 03:00:00,0.0
2023-05-14 04:00:00,0.0
2023-05-14 05:00:00,9.701197863
2023-05-14 06:00:00,22.82369746
2023-05-14 07:00:00,31.86569643
2023-05-14 08:00:00,62.45631912
2023-05-14 09:00:00,74.41986494
2023-05-14 10:00:00,54.97993022
2023-05-14 11:00:00,53.01728586
2023-05-14 12:00:00,74.97641341
2023-05-14 13:00:00,130.0647727
2023-05-14 14:00:00,95.1014068
2023-05-14 15:00:00,98.48411127
2023-05-14 16:00:00,29.31053539
2023-05-14 17:00:00,4.648413621
2023-05-14 18:00:00,0.0
2023-05-14 19:00:00,0.0
2023-05-14 20:00:00,0.0
2023-05-14 21:00:00,0.0
2023-05-14 22:00:00,0.0
2023-05-14 23:00:00,0.0
2023-05-15 00:00:00,0.0
2023-05-15 01:00:00,0.0
2023-05-15 02:00:00,0.0
2023-05-15 03:00:00,0.0
2023-05-15 04:00:00,2.645534407
2023-05-15 05:00:00,37.40910846
2023-05-15 06:00:00,91.53358576
2023-05-15 07:00:00,156.2507395
2023-05-15 08:00:00,320.6300852
2023-05-15 09:00:00,277.808156
2023-05-15 10:00:00,454.1522571
2023-05-15 11:00:00,436.8641257
2023-05-15 12:00:00,468.2026372
2023-05-15 13:00:00,404.6021274
2023-05-15 14:00:00,357.0017899
2023-05-15 15:00:00,162.9748373
2023-05-15 16:00:00,25.36709577
2023-05-15 17:00:00,13.77239241
2023-05-15 18:00:00,2.129807427
2023-05-15 19:00:00,0.0
2023-05-15 20:00:00,0.0
2023-05-15 21:00:00,0.0
2023-05-15 22:00:00,0.0
2023-05-15 23:00:00,0.0
2023-05-16 00:00:00,0.0
2023-05-16 01:00:00,0.0
2023-05-16 02:00:00,0.0
2023-05-16 03:00:00,0.0
2023-05-16 04:00:00,9.209352656
2023-05-16 05:00:00,24.35740306
2023-05-16 06:00:00,53.32600904
2023-05-16 07:00:00,73.58095285
2023-05-16 08:00:00,151.6868972
2023-05-16 09:00:00,59.99826028
2023-05-16 10:00:00,114.4416663
2023-05-16 11:00:00,190.3478621
2023-05-16 12:00:00,155.2174934
2023-05-16 13:00:00,257.426299
2023-05-16 14:00:00,181.3350354
2023-05-16 15:00:00,258.2649763
2023-05-16 16:00:00,158.1243567
2023-05-16 17:00:00,64.12212878
2023-05-16 18:00:00,7.804935092
2023-05-16 19:00:00,0.0
2023-05-16 20:00:00,0.0
2023-05-16 21:00:00,0.0
2023-05-16 22:00:00,0.0
2023-05-16 23:00:00,0.0
2023-05-17 00:00:00,0.0
2023-05-17 01:00:00,0.0
2023-05-17 02:00:00,0.0
2023-05-17 03:00:00,0.0
2023-05-17 04:00:00,15.47039808
2023-05-17 05:00:00,62.34313025
2023-05-17 06:00:00,165.7150663
2023-05-17 07:00:00,276.8279492
2023-05-17 08:00:00,371.865737
2023-05-17 09:00:00,453.9784244
2023-05-17 10:00:00,480.0
2023-05-17 11:00:00,480.0
2023-05-17 12:00:00,480.0
2023-05-17 13:00:00,459.5813416
2023-05-17 14:00:00,383.2527021
2023-05-17 15:00:00,281.9673532
2023-05-17 16:00:00,171.904994
2023-05-17 17:00:00,65.80245709
2023-05-17 18:00:00,8.297291123
2023-05-17 19:00:00,0.0
2023-05-17 20:00:00,0.0
2023-05-17 21:00:00,0.0
2023-05-17 22:00:00,0.0
2023-05-17 23:00:00,0.0
2023-05-18 00:00:00,0.0
2023-05-18 01:00:00,0.0
2023-05-18 02:00:00,0.0
2023-05-18 03:00:00,0.0
2023-05-18 04:00:00,16.45873504
2023-05-18 05:00:00,60.03944336
2023-05-18 06:00:00,115.7052251
2023-05-18 07:00:00,113.0056491
2023-05-18 08:00:00,99.80345413
2023-05-18 09:00:00,304.6022462
2023-05-18 10:00:00,216.9188605
2023-05-18 11:00:00,250.407703
2023-05-18 12:00:00,310.6182725
2023-05-18 13:00:00,444.9259396
2023-05-18 14:00:00,318.3852917
2023-05-18 15:00:00,252.5977249
2023-05-18 16:00:00,157.8836772
2023-05-18 17:00:00,63.02697581
2023-05-18 18:00:00,8.810474584
2023-05-18 19:00:00,0.0
2023-05-18 20:00:00,0.0
2023-05-18 21:00:00,0.0
2023-05-18 22:00:00,0.0
2023-05-18 23:00:00,0.0
2023-05-19 00:00:00,0.0
2023-05-19 01:00:00,0.0
2023-05-19 02:00:00,0.0
2023-05-19 03:00:00,0.0
2023-05-19 04:00:00,0.114361155
2023-05-19 05:00:00,55.99084711
2023-05-19 06:00:00,143.2173359
2023-05-19 07:00:00,257.3761182
2023-05-19 08:00:00,301.1521739
2023-05-19 09:00:00,401.2934801
2023-05-19 10:00:00,416.3131396
2023-05-19 11:00:00,407.4035218
2023-05-19 12:00:00,478.5724868
2023-05-19 13:00:00,442.2488699
2023-05-19 14:00:00,239.385266
2023-05-19 15:00:00,218.6367495
2023-05-19 16:00:00,167.455943
2023-05-19 17:00:00,66.06489119
2023-05-19 18:00:00,9.337345162
2023-05-19 19:00:00,0.0
2023-05-19 20:00:00,0.0
2023-05-19 21:00:00,0.0
2023-05-19 22:00:00,0.0
2023-05-19 23:00:00,0.0
2023-05-20 00:00:00,0.0
2023-05-20 01:00:00,0.0
2023-05-20 02:00:00,0.0
2023-05-20 03:00:00,0.0
2023-05-20 04:00:00,17.46827654
2023-05-20 05:00:00,65.50515238
2023-05-20 06:00:00,164.7859542
2023-05-20 07:00:00,269.3635879
2023-05-20 08:00:00,363.7327291
2023-05-20 09:00:00,452.0567006
2023-05-20 10:00:00,480.0
2023-05-20 11:00:00,480.0
2023-05-20 12:00:00,480.0
2023-05-20 13:00:00,453.4264088
2023-05-20 14:00:00,378.6747975
2023-05-20 15:00:00,272.5601604
2023-05-20 16:00:00,169.5404705
2023-05-20 17:00:00,66.69516705
2023-05-20 18:00:00,10.87889356
2023-05-20 19:00:00,0.0
2023-05-20 20:00:00,0.0
2023-05-20 21:00:00,0.0
2023-05-20 22:00:00,0.0
2023-05-20 23:00:00,0.0
2023-05-21 00:00:00,0.0
2023-05-21 01:00:00,0.0
2023-05-21 02:00:00,0.0
2023-05-21 03:00:00,0.0
2023-05-21 04:00:00,17.99277105
2023-05-21 05:00:00,61.35453859
2023-05-21 06:00:00,152.3367815
2023-05-21 07:00:00,238.0962785
2023-05-21 08:00:00,370.1225623
2023-05-21 09:00:00,427.5798788
2023-05-21 10:00:00,480.0
2023-05-21 11:00:00,476.1772384
2023-05-21 12:00:00,222.6679922
2023-05-21 13:00:00,238.382391
2023-05-21 14:00:00,138.1031848
2023-05-21 15:00:00,128.7288954
2023-05-21 16:00:00,98.98208628
2023-05-21 17:00:00,17.34999052
2023-05-21 18:00:00,0.0
2023-05-21 19:00:00,0.0
2023-05-21 20:00:00,0.0
2023-05-21 21:00:00,0.0
2023-05-21 22:00:00,0.0
2023-05-21 23:00:00,0.0
2023-05-22 00:00:00,0.0
2023-05-22 01:00:00,0.0
2023-05-22 02:00:00,0.0
2023-05-22 03:00:00,0.0
2023-05-22 04:00:00,17.59745627
2023-05-22 05:00:00,8.267586909
2023-05-22 06:00:00,63.81361854
2023-05-22 07:00:00,35.484455
2023-05-22 08:00:00,142.438354
2023-05-22 09:00:00,74.77484171
2023-05-22 10:00:00,297.5122193
2023-05-22 11:00:00,254.5501959
2023-05-22 12:00:00,36.35818649
2023-05-22 13:00:00,180.9834144
2023-05-22 14:00:00,38.84193981
2023-05-22 15:00:00,274.9018912
2023-05-22 16:00:00,169.8433352
2023-05-22 17:00:00,66.39965241
2023-05-22 18:00:00,11.26337635
2023-05-22 19:00:00,0.0
2023-05-22 20:00:00,0.0
2023-05-22 21:00:00,0.0
2023-05-22 22:00:00,0.0
2023-05-22 23:00:00,0.0
2023-05-23 00:00:00,0.0
2023-05-23 01:00:00,0.0
2023-05-23 02:00:00,0.0
2023-05-23 03:00:00,0.0
2023-05-23 04:00:00,17.62576373
2023-05-23 05:00:00,66.59983826
2023-05-23 06:00:00,172.2435023
2023-05-23 07:00:00,284.6381014
2023-05-23 08:00:00,378.3183059
2023-05-23 09:00:00,460.5774972
2023-05-23 10:00:00,480.0
2023-05-23 11:00:00,480.0
2023-05-23 12:00:00,480.0
2023-05-23 13:00:00,469.2748562
2023-05-23 14:00:00,389.9074591
2023-05-23 15:00:00,287.2730047
2023-05-23 16:00:00,179.074374
2023-05-23 17:00:00,71.79747732
2023-05-23 18:00:00,11.01423432
2023-05-23 19:00:00,0.0
2023-05-23 20:00:00,0.0
2023-05-23 21:00:00,0.0
2023-05-23 22:00:00,0.0
2023-05-23 23:00:00,0.0
2023-05-24 00:00:00,0.0
2023-05-24 01:00:00,0.0
2023-05-24 02:00:00,0.0
2023-05-24 03:00:00,0.0
2023-05-24 04:00:00,0.619327425
2023-05-24 05:00:00,66.15376417
2023-05-24 06:00:00,153.0669505
2023-05-24 07:00:00,236.9295548
2023-05-24 08:00:00,330.3157928
2023-05-24 09:00:00,415.8378955
2023-05-24 10:00:00,480.0
2023-05-24 11:00:00,480.0
2023-05-24 12:00:00,428.9127317
2023-05-24 13:00:00,440.3711053
2023-05-24 14:00:00,365.5275418
2023-05-24 15:00:00,270.5492515
2023-05-24 16:00:00,144.093145
2023-05-24 17:00:00,68.46232737
2023-05-24 18:00:00,12.33327252
2023-05-24 19:00:00,0.0
2023-05-24 20:00:00,0.0
2023-05-24 21:00:00,0.0
2023-05-24 22:00:00,0.0
2023-05-24 23:00:00,0.0
2023-05-25 00:00:00,0.0
2023-05-25 01:00:00,0.0
2023-05-25 02:00:00,0.0
2023-05-25 03:00:00,0.0
2023-05-25 04:00:00,20.53960175
2023-05-25 05:00:00,67.94143049
2023-05-25 06:00:00,163.4176728
2023-05-25 07:00:00,270.5004957
2023-05-25 08:00:00,362.9961802
2023-05-25 09:00:00,442.0483394
2023-05-25 10:00:00,480.0
2023-05-25 11:00:00,480.0
2023-05-25 12:00:00,480.0
2023-05-25 13:00:00,448.0079305
2023-05-25 14:00:00,373.9043321
2023-05-25 15:00:00,275.4228248
2023-05-25 16:00:00,170.2202038
2023-05-25 17:00:00,69.48886582
2023-05-25 18:00:00,13.3526167
2023-05-25 19:00:00,0.0
2023-05-25 20:00:00,0.0
2023-05-25 21:00:00,0.0
2023-05-25 22:00:00,0.0
2023-05-25 23:00:00,0.0
2023-05-26 00:00:00,0.0
2023-05-26 01:00:00,0.0
2023-05-26 02:00:00,0.0
2023-05-26 03:00:00,0.0
2023-05-26 04:00:00,20.0280387
2023-05-26 05:00:00,67.87405092
2023-05-26 06:00:00,163.7426119
2023-05-26 07:00:00,265.2599029
2023-05-26 08:00:00,365.7933293
2023-05-26 09:00:00,448.7531841
2023-05-26 10:00:00,480.0
2023-05-26 11:00:00,480.0
2023-05-26 12:00:00,480.0
2023-05-26 13:00:00,449.066075
2023-05-26 14:00:00,373.2536357
2023-05-26 15:00:00,281.5630611
2023-05-26 16:00:00,165.6986661
2023-05-26 17:00:00,57.7448235
2023-05-26 18:00:00,0.60447543
2023-05-26 19:00:00,0.0
2023-05-26 20:00:00,0.0
2023-05-26 21:00:00,0.0
2023-05-26 22:00:00,0.0
2023-05-26 23:00:00,0.0
2023-05-27 00:00:00,0.0
2023-05-27 01:00:00,0.0
2023-05-27 02:00:00,0.0
2023-05-27 03:00:00,0.0
2023-05-27 04:00:00,18.73250941
2023-05-27 05:00:00,20.22243611
2023-05-27 06:00:00,30.2356918
2023-05-27 07:00:00,71.88980754
2023-05-27 08:00:00,234.5473612
2023-05-27 09:00:00,377.0764277
2023-05-27 10:00:00,410.1061171
2023-05-27 11:00:00,408.1908138
2023-05-27 12:00:00,424.2987185
2023-05-27 13:00:00,239.9126899
2023-05-27 14:00:00,250.5360043
2023-05-27 15:00:00,184.1219426
2023-05-27 16:00:00,146.886072
2023-05-27 17:00:00,68.57789988
2023-05-27 18:00:00,11.29159827
2023-05-27 19:00:00,0.0
2023-05-27 20:00:00,0.0
2023-05-27 21:00:00,0.0
2023-05-27 22:00:00,0.0
2023-05-27 23:00:00,0.0
2023-05-28 00:00:00,0.0
2023-05-28 01:00:00,0.0
2023-05-28 02:00:00,0.0
2023-05-28 03:00:00,0.0
2023-05-28 04:00:00,11.82916072
2023-05-28 05:00:00,10.80216137
2023-05-28 06:00:00,35.02560412
2023-05-28 07:00:00,70.92477929
2023-05-28 08:00:00,121.8495319
2023-05-28 09:00:00,79.53704997
2023-05-28 10:00:00,104.9461513
2023-05-28 11:00:00,61.97515616
2023-05-28 12:00:00,115.3534306
2023-05-28 13:00:00,44.65350179
2023-05-28 14:00:00,64.04689486
2023-05-28 15:00:00,52.19223356
2023-05-28 16:00:00,62.2210585
2023-05-28 17:00:00,34.03568957
2023-05-28 18:00:00,10.64784944
2023-05-28 19:00:00,0.0
2023-05-28 20:00:00,0.0
2023-05-28 21:00:00,0.0
2023-05-28 22:00:00,0.0
2023-05-28 23:00:00,0.0
2023-05-29 00:00:00,0.0
2023-05-29 01:00:00,0.0
2023-05-29 02:00:00,0.0
2023-05-29 03:00:00,0.0
2023-05-29 04:00:00,18.17605699
2023-05-29 05:00:00,69.07591968
2023-05-29 06:00:00,173.8411211
2023-05-29 07:00:00,284.1126575
2023-05-29 08:00:00,378.0175753
2023-05-29 09:00:00,453.4827549
2023-05-29 10:00:00,97.06115361
2023-05-29 11:00:00,301.7320998
2023-05-29 12:00:00,232.2433539
2023-05-29 13:00:00,366.8198964
2023-05-29 14:00:00,362.4934186
2023-05-29 15:00:00,60.53738999
2023-05-29 16:00:00,36.28379892
2023-05-29 17:00:00,48.46453561
2023-05-29 18:00:00,2.625993142
2023-05-29 19:00:00,0.0
2023-05-29 20:00:00,0.0
2023-05-29 21:00:00,0.0
2023-05-29 22:00:00,0.0
2023-05-29 23:00:00,0.0
2023-05-30 00:00:00,0.0
2023-05-30 01:00:00,0.0
2023-05-30 02:00:00,0.0
2023-05-30 03:00:00,0.0
2023-05-30 04:00:00,1.126178587
2023-05-30 05:00:00,48.0819451
2023-05-30 06:00:00,117.563898
2023-05-30 07:00:00,223.2058665
2023-05-30 08:00:00,286.0563739
2023-05-30 09:00:00,178.319384
2023-05-30 10:00:00,128.2304844
2023-05-30 11:00:00,75.55560381
2023-05-30 12:00:00,48.9167153
2023-05-30 13:00:00,46.86552857
2023-05-30 14:00:00,33.79953816
2023-05-30 15:00:00,38.90503223
2023-05-30 16:00:00,40.02587967
2023-05-30 17:00:00,16.8582704
2023-05-30 18:00:00,4.182113731
2023-05-30 19:00:00,0.0
2023-05-30 20:00:00,0.0
2023-05-30 21:00:00,0.0
2023-05-30 22:00:00,0.0
2023-05-30 23:00:00,0.0
2023-05-31 00:00:00,0.0
2023-05-31 01:00:00,0.0
2023-05-31 02:00:00,0.0
2023-05-31 03:00:00,0.0
2023-05-31 04:00:00,19.24657338
2023-05-31 05:00:00,68.93933326
2023-05-31 06:00:00,157.2397797
2023-05-31 07:00:00,271.697948
2023-05-31 08:00:00,370.7633381
2023-05-31 09:00:00,442.3414443
2023-05-31 10:00:00,472.5767041
2023-05-31 11:00:00,249.0774563
2023-05-31 12:00:00,342.3020192
2023-05-31 13:00:00,299.294573
2023-05-31 14:00:00,149.323929
2023-05-31 15:00:00,98.46061915
2023-05-31 16:00:00,60.15644823
2023-05-31 17:00:00,77.74479399
2023-05-31 18:00:00,13.30440778
2023-05-31 19:00:00,0.0
2023-05-31 20:00:00,0.0
2023-05-31 21:00:00,0.0
2023-05-31 22:00:00,0.0
2023-05-31 23:00:00,0.0
2023-06-01 00:00:00,0.0
2023-06-01 01:00:00,0.0
2023-06-01 02:00:00,0.0
2023-06-01 03:00:00,0.0
2023-06-01 04:00:00,21.20999856
2023-06-01 05:00:00,71.88422578
2023-06-01 06:00:00,165.6188517
2023-06-01 07:00:00,272.1463948
2023-06-01 08:00:00,360.7138604
2023-06-01 09:00:00,446.5379501
2023-06-01 10:00:00,480.0
2023-06-01 11:00:00,480.0
2023-06-01 12:00:00,480.0
2023-06-01 13:00:00,441.8134813
2023-06-01 14:00:00,363.7586919
2023-06-01 15:00:00,257.1445078
2023-06-01 16:00:00,172.4649876
2023-06-01 17:00:00,75.61813951
2023-06-01 18:00:00,17.04017628
2023-06-01 19:00:00,0.0
2023-06-01 20:00:00,0.0
2023-06-01 21:00:00,0.0
2023-06-01 22:00:00,0.0
2023-06-01 23:00:00,0.0
2023-06-02 00:00:00,0.0
2023-06-02 01:00:00,0.0
2023-06-02 02:00:00,0.0
2023-06-02 03:00:00,0.0
2023-06-02 04:00:00,22.15450954
2023-06-02 05:00:00,70.24345361
2023-06-02 06:00:00,167.8084847
2023-06-02 07:00:00,272.8834927
2023-06-02 08:00:00,364.635954
2023-06-02 09:00:00,441.0541102
2023-06-02 10:00:00,480.0
2023-06-02 11:00:00,480.0
2023-06-02 12:00:00,480.0
2023-06-02 13:00:00,444.6714798
2023-06-02 14:00:00,361.2168575
2023-06-02 15:00:00,253.7401511
2023-06-02 16:00:00,172.0617579
2023-06-02 17:00:00,74.50511809
2023-06-02 18:00:00,17.85607619
2023-06-02 19:00:00,0.0
2023-06-02 20:00:00,0.0
2023-06-02 21:00:00,0.0
2023-06-02 22:00:00,0.0
2023-06-02 23:00:00,0.0
2023-06-03 00:00:00,0.0
2023-06-03 01:00:00,0.0
2023-06-03 02:00:00,0.0
2023-06-03 03:00:00,0.0
2023-06-03 04:00:00,9.74983492
2023-06-03 05:00:00,14.25972468
2023-06-03 06:00:00,40.43436532
2023-06-03 07:00:00,49.91374725
2023-06-03 08:00:00,37.43160407
2023-06-03 09:00:00,74.15297584
2023-06-03 10:00:00,72.63711187
2023-06-03 11:00:00,143.041443
2023-06-03 12:00:00,68.19516153
2023-06-03 13:00:00,92.3301668
2023-06-03 14:00:00,169.0127114
2023-06-03 15:00:00,178.5899406
2023-06-03 16:00:00,112.4023662
2023-06-03 17:00:00,67.10036514
2023-06-03 18:00:00,11.82312746
2023-06-03 19:00:00,0.0
2023-06-03 20:00:00,0.0
2023-06-03 21:00:00,0.0
2023-06-03 22:00:00,0.0
2023-06-03 23:00:00,0.0
2023-06-04 00:00:00,0.0
2023-06-04 01:00:00,0.0
2023-06-04 02:00:00,0.0
2023-06-04 03:00:00,0.0
2023-06-04 04:00:00,9.784014932
2023-06-04 05:00:00,34.14583246
2023-06-04 06:00:00,28.52721314
2023-06-04 07:00:00,55.17690194
2023-06-04 08:00:00,98.28530226
2023-06-04 09:00:00,161.0348012
2023-06-04 10:00:00,135.6889607
2023-06-04 11:00:00,237.3823851
2023-06-04 12:00:00,291.5136725
2023-06-04 13:00:00,42.5566967
2023-06-04 14:00:00,30.07334912
2023-06-04 15:00:00,45.90697287
2023-06-04 16:00:00,24.9456765
2023-06-04 17:00:00,13.83585545
2023-06-04 18:00:00,13.38792593
2023-06-04 19:00:00,0.0
2023-06-04 20:00:00,0.0
2023-06-04 21:00:00,0.0
2023-06-04 22:00:00,0.0
2023-06-04 23:00:00,0.0
2023-06-05 00:00:00,0.0
2023-06-05 01:00:00,0.0
2023-06-05 02:00:00,0.0
2023-06-05 03:00:00,0.0
2023-06-05 04:00:00,1.635714625
2023-06-05 05:00:00,13.31766766
2023-06-05 06:00:00,37.61014324
2023-06-05 07:00:00,155.9643878
2023-06-05 08:00:00,331.9947437
2023-06-05 09:00:00,306.3636687
2023-06-05 10:00:00,157.203815
2023-06-05 11:00:00,238.3945614
2023-06-05 12:00:00,216.5344675
2023-06-05 13:00:00,417.4943277
2023-06-05 14:00:00,335.9864593
2023-06-05 15:00:00,21.92202796
2023-06-05 16:00:00,143.1005856
2023-06-05 17:00:00,76.90570076
2023-06-05 18:00:00,17.85386696
2023-06-05 19:00:00,0.0
2023-06-05 20:00:00,0.0
2023-06-05 21:00:00,0.0
2023-06-05 22:00:00,0.0
2023-06-05 23:00:00,0.0
2023-06-06 00:00:00,0.0
2023-06-06 01:00:00,0.0
2023-06-06 02:00:00,0.0
2023-06-06 03:00:00,0.0
2023-06-06 04:00:00,4.678527602
2023-06-06 05:00:00,51.13722047
2023-06-06 06:00:00,105.8900284
2023-06-06 07:00:00,250.5627044
2023-06-06 08:00:00,329.2515779
2023-06-06 09:00:00,289.4998889
2023-06-06 10:00:00,52.8261237
2023-06-06 11:00:00,89.32302229
2023-06-06 12:00:00,248.0307637
2023-06-06 13:00:00,173.3618308
2023-06-06 14:00:00,149.8224008
2023-06-06 15:00:00,134.7970806
2023-06-06 16:00:00,48.43176449
2023-06-06 17:00:00,35.75664854
2023-06-06 18:00:00,19.42664056
2023-06-06 19:00:00,0.0
2023-06-06 20:00:00,0.0
2023-06-06 21:00:00,0.0
2023-06-06 22:00:00,0.0
2023-06-06 23:00:00,0.0
2023-06-07 00:00:00,0.0
2023-06-07 01:00:00,0.0
2023-06-07 02:00:00,0.0
2023-06-07 03:00:00,0.0
2023-06-07 04:00:00,2.655667113
2023-06-07 05:00:00,73.49680476
2023-06-07 06:00:00,167.3569061
2023-06-07 07:00:00,271.2745723
2023-06-07 08:00:00,374.1479603
2023-06-07 09:00:00,292.7353335
2023-06-07 10:00:00,141.0782455
2023-06-07 11:00:00,443.5322282
2023-06-07 12:00:00,264.02303
2023-06-07 13:00:00,143.5902581
2023-06-07 14:00:00,247.8455671
2023-06-07 15:00:00,170.3764596
2023-06-07 16:00:00,153.1354053
2023-06-07 17:00:00,19.44574043
2023-06-07 18:00:00,19.04461404
2023-06-07 19:00:00,0.0
2023-06-07 20:00:00,0.0
2023-06-07 21:00:00,0.0
2023-06-07 22:00:00,0.0
2023-06-07 23:00:00,0.0
2023-06-08 00:00:00,0.0
2023-06-08 01:00:00,0.0
2023-06-08 02:00:00,0.0
2023-06-08 03:00:00,0.0
2023-06-08 04:00:00,18.95388949
2023-06-08 05:00:00,20.94778655
2023-06-08 06:00:00,65.37344634
2023-06-08 07:00:00,185.5023543
2023-06-08 08:00:00,336.1391387
2023-06-08 09:00:00,403.1570232
2023-06-08 10:00:00,433.5613134
2023-06-08 11:00:00,395.30938
2023-06-08 12:00:00,37.68824128
2023-06-08 13:00:00,34.06002863
2023-06-08 14:00:00,28.83765869
2023-06-08 15:00:00,177.3013534
2023-06-08 16:00:00,173.7260966
2023-06-08 17:00:00,45.99880984
2023-06-08 18:00:00,0.622347734
2023-06-08 19:00:00,0.0
2023-06-08 20:00:00,0.0
2023-06-08 21:00:00,0.0
2023-06-08 22:00:00,0.0
2023-06-08 23:00:00,0.0
2023-06-09 00:00:00,0.0
2023-06-09 01:00:00,0.0
2023-06-09 02:00:00,0.0
2023-06-09 03:00:00,0.0
2023-06-09 04:00:00,24.68344632
2023-06-09 05:00:00,67.33851206
2023-06-09 06:00:00,155.1560262
2023-06-09 07:00:00,259.0700706
2023-06-09 08:00:00,334.270898
2023-06-09 09:00:00,409.7483692
2023-06-09 10:00:00,391.6173144
2023-06-09 11:00:00,236.3221693
2023-06-09 12:00:00,408.5376117
2023-06-09 13:00:00,182.8394601
2023-06-09 14:00:00,28.56926584
2023-06-09 15:00:00,21.91182075
2023-06-09 16:00:00,147.9216225
2023-06-09 17:00:00,75.49698458
2023-06-09 18:00:00,20.59349946
2023-06-09 19:00:00,0.0
2023-06-09 20:00:00,0.0
2023-06-09 21:00:00,0.0
2023-06-09 22:00:00,0.0
2023-06-09 23:00:00,0.0
2023-06-10 00:00:00,0.0
2023-06-10 01:00:00,0.0
2023-06-10 02:00:00,0.0
2023-06-10 03:00:00,0.0
2023-06-10 04:00:00,24.0388275
2023-06-10 05:00:00,17.41958255
2023-06-10 06:00:00,31.16532684
2023-06-10 07:00:00,265.995808
2023-06-10 08:00:00,56.51554854
2023-06-10 09:00:00,0.0
2023-06-10 10:00:00,480.0
2023-06-10 11:00:00,73.21272301
2023-06-10 12:00:00,70.63341548
2023-06-10 13:00:00,444.2523118
2023-06-10 14:00:00,397.8077506
2023-06-10 15:00:00,42.76914995
2023-06-10 16:00:00,181.2212276
2023-06-10 17:00:00,81.76877796
2023-06-10 18:00:00,3.674958098
2023-06-10 19:00:00,0.0
2023-06-10 20:00:00,0.0
2023-06-10 21:00:00,0.0
2023-06-10 22:00:00,0.0
2023-06-10 23:00:00,0.0
2023-06-11 00:00:00,0.0
2023-06-11 01:00:00,0.0
2023-06-11 02:00:00,0.0
2023-06-11 03:00:00,0.0
2023-06-11 04:00:00,12.8421796
2023-06-11 05:00:00,70.69040603
2023-06-11 06:00:00,110.1888413
2023-06-11 07:00:00,135.6399279
2023-06-11 08:00:00,152.4072011
2023-06-11 09:00:00,119.2367266
2023-06-11 10:00:00,160.8412678
2023-06-11 11:00:00,44.62571145
2023-06-11 12:00:00,239.9624794
2023-06-11 13:00:00,361.580905
2023-06-11 14:00:00,147.904362
2023-06-11 15:00:00,28.81442815
2023-06-11 16:00:00,152.6709451
2023-06-11 17:00:00,78.36753572
2023-06-11 18:00:00,17.38804112
2023-06-11 19:00:00,0.0
2023-06-11 20:00:00,0.0
2023-06-11 21:00:00,0.0
2023-06-11 22:00:00,0.0
2023-06-11 23:00:00,0.0
2023-06-12 00:00:00,0.0
2023-06-12 01:00:00,0.0
2023-06-12 02:00:00,0.0
2023-06-12 03:00:00,0.0
2023-06-12 04:00:00,25.67863191
2023-06-12 05:00:00,64.17294826
2023-06-12 06:00:00,159.6242418
2023-06-12 07:00:00,266.6543298
2023-06-12 08:00:00,370.3932369
2023-06-12 09:00:00,422.3443336
2023-06-12 10:00:00,428.316253
2023-06-12 11:00:00,243.6860262
2023-06-12 12:00:00,138.0508546
2023-06-12 13:00:00,90.69959477
2023-06-12 14:00:00,295.9052202
2023-06-12 15:00:00,260.0121377
2023-06-12 16:00:00,123.9137248
2023-06-12 17:00:00,52.31894539
2023-06-12 18:00:00,22.17080188
2023-06-12 19:00:00,0.0
2023-06-12 20:00:00,0.0
2023-06-12 21:00:00,0.0
2023-06-12 22:00:00,0.0
2023-06-12 23:00:00,0.0
2023-06-13 00:00:00,0.0
2023-06-13 01:00:00,0.0
2023-06-13 02:00:00,0.0
2023-06-13 03:00:00,0.0
2023-06-13 04:00:00,2.09210342
2023-06-13 05:00:00,10.12360905
2023-06-13 06:00:00,15.68133688
2023-06-13 07:00:00,32.71796679
2023-06-13 08:00:00,68.45259401
2023-06-13 09:00:00,65.4066089
2023-06-13 10:00:00,156.9923206
2023-06-13 11:00:00,201.3954363
2023-06-13 12:00:00,455.7612993
2023-06-13 13:00:00,213.3391275
2023-06-13 14:00:00,377.9772757
2023-06-13 15:00:00,240.525931
2023-06-13 16:00:00,184.1514041
2023-06-13 17:00:00,85.16493901
2023-06-13 18:00:00,20.1343057
2023-06-13 19:00:00,0.0
2023-06-13 20:00:00,0.0
2023-06-13 21:00:00,0.0
2023-06-13 22:00:00,0.0
2023-06-13 23:00:00,0.0
2023-06-14 00:00:00,0.0
2023-06-14 01:00:00,0.0
2023-06-14 02:00:00,0.0
2023-06-14 03:00:00,0.0
2023-06-14 04:00:00,22.7873761
2023-06-14 05:00:00,71.50008061
2023-06-14 06:00:00,171.7051769
2023-06-14 07:00:00,283.8455231
2023-06-14 08:00:00,363.0247481
2023-06-14 09:00:00,437.1854347
2023-06-14 10:00:00,470.8178641
2023-06-14 11:00:00,480.0
2023-06-14 12:00:00,434.2586994
2023-06-14 13:00:00,373.6462402
2023-06-14 14:00:00,278.9156472
2023-06-14 15:00:00,281.7339311
2023-06-14 16:00:00,171.189156
2023-06-14 17:00:00,39.86379891
2023-06-14 18:00:00,22.49962855
2023-06-14 19:00:00,0.0
2023-06-14 20:00:00,0.0
2023-06-14 21:00:00,0.0
2023-06-14 22:00:00,0.0
2023-06-14 23:00:00,0.0
2023-06-15 00:00:00,0.0
2023-06-15 01:00:00,0.0
2023-06-15 02:00:00,0.0
2023-06-15 03:00:00,0.0
2023-06-15 04:00:00,25.63024878
2023-06-15 05:00:00,72.35831549
2023-06-15 06:00:00,169.103791
2023-06-15 07:00:00,276.1310584
2023-06-15 08:00:00,368.963231
2023-06-15 09:00:00,445.3473165
2023-06-15 10:00:00,339.5686274
2023-06-15 11:00:00,227.2306508
2023-06-15 12:00:00,412.1993312
2023-06-15 13:00:00,296.9300067
2023-06-15 14:00:00,223.8247405
2023-06-15 15:00:00,158.5956016
2023-06-15 16:00:00,52.27333508
2023-06-15 17:00:00,31.57262308
2023-06-15 18:00:00,19.88585935
2023-06-15 19:00:00,0.0
2023-06-15 20:00:00,0.0
2023-06-15 21:00:00,0.0
2023-06-15 22:00:00,0.0
2023-06-15 23:00:00,0.0
2023-06-16 00:00:00,0.0
2023-06-16 01:00:00,0.0
2023-06-16 02:00:00,0.0
2023-06-16 03:00:00,0.0
2023-06-16 04:00:00,4.187004475
2023-06-16 05:00:00,18.40413931
2023-06-16 06:00:00,115.7056784
2023-06-16 07:00:00,54.6244429
2023-06-16 08:00:00,180.1470585
2023-06-16 09:00:00,213.8338208
2023-06-16 10:00:00,162.4829781
2023-06-16 11:00:00,158.9620848
2023-06-16 12:00:00,220.5871026
2023-06-16 13:00:00,297.6211247
2023-06-16 14:00:00,205.0697433
2023-06-16 15:00:00,120.7373831
2023-06-16 16:00:00,84.69866518
2023-06-16 17:00:00,44.79164825
2023-06-16 18:00:00,9.785015299
2023-06-16 19:00:00,0.0
2023-06-16 20:00:00,0.0
2023-06-16 21:00:00,0.0
2023-06-16 22:00:00,0.0
2023-06-16 23:00:00,0.0
2023-06-17 00:00:00,0.0
2023-06-17 01:00:00,0.0
2023-06-17 02:00:00,0.0
2023-06-17 03:00:00,0.0
2023-06-17 04:00:00,1.140817799
2023-06-17 05:00:00,8.277997803
2023-06-17 06:00:00,57.43684183
2023-06-17 07:00:00,119.4074655
2023-06-17 08:00:00,248.2463941
2023-06-17 09:00:00,275.2202101
2023-06-17 10:00:00,159.6097568
2023-06-17 11:00:00,140.8914449
2023-06-17 12:00:00,160.8433491
2023-06-17 13:00:00,75.93477866
2023-06-17 14:00:00,70.03585876
2023-06-17 15:00:00,114.3930429
2023-06-17 16:00:00,34.70480514
2023-06-17 17:00:00,27.59216787
2023-06-17 18:00:00,15.90422237
2023-06-17 19:00:00,0.0
2023-06-17 20:00:00,0.0
2023-06-17 21:00:00,0.0
2023-06-17 22:00:00,0.0
2023-06-17 23:00:00,0.0
2023-06-18 00:00:00,0.0
2023-06-18 01:00:00,0.0
2023-06-18 02:00:00,0.0
2023-06-18 03:00:00,0.0
2023-06-18 04:00:00,3.177877957
2023-06-18 05:00:00,18.98010883
2023-06-18 06:00:00,80.67458846
2023-06-18 07:00:00,216.8966266
2023-06-18 08:00:00,290.4140304
2023-06-18 09:00:00,227.9953965
2023-06-18 10:00:00,380.651248
2023-06-18 11:00:00,104.4725354
2023-06-18 12:00:00,130.2733459
2023-06-18 13:00:00,220.4555902
2023-06-18 14:00:00,81.16517414
2023-06-18 15:00:00,141.2546999
2023-06-18 16:00:00,106.6517283
2023-06-18 17:00:00,85.60743115
2023-06-18 18:00:00,20.75527204
2023-06-18 19:00:00,0.0
2023-06-18 20:00:00,0.0
2023-06-18 21:00:00,0.0
2023-06-18 22:00:00,0.0
2023-06-18 23:00:00,0.0
2023-06-19 00:00:00,0.0
2023-06-19 01:00:00,0.0
2023-06-19 02:00:00,0.0
2023-06-19 03:00:00,0.0
2023-06-19 04:00:00,25.63573779
2023-06-19 05:00:00,73.63944494
2023-06-19 06:00:00,152.788184
2023-06-19 07:00:00,273.2504009
2023-06-19 08:00:00,369.398434
2023-06-19 09:00:00,449.3029193
2023-06-19 10:00:00,480.0
2023-06-19 11:00:00,274.7117199
2023-06-19 12:00:00,246.8602054
2023-06-19 13:00:00,410.3029228
2023-06-19 14:00:00,284.6616561
2023-06-19 15:00:00,227.2119426
2023-06-19 16:00:00,185.7637162
2023-06-19 17:00:00,84.08460982
2023-06-19 18:00:00,18.90654789
2023-06-19 19:00:00,0.0
2023-06-19 20:00:00,0.0
2023-06-19 21:00:00,0.0
2023-06-19 22:00:00,0.0
2023-06-19 23:00:00,0.0
2023-06-20 00:00:00,0.0
2023-06-20 01:00:00,0.0
2023-06-20 02:00:00,0.0
2023-06-20 03:00:00,0.0
2023-06-20 04:00:00,3.674163073
2023-06-20 05:00:00,63.32994662
2023-06-20 06:00:00,165.992885
2023-06-20 07:00:00,271.9681758
2023-06-20 08:00:00,337.7979736
2023-06-20 09:00:00,336.0285977
2023-06-20 10:00:00,342.9074663
2023-06-20 11:00:00,348.6017258
2023-06-20 12:00:00,126.6399876
2023-06-20 13:00:00,452.5010331
2023-06-20 14:00:00,353.3003209
2023-06-20 15:00:00,288.5411476
2023-06-20 16:00:00,184.256763
2023-06-20 17:00:00,80.16951363
2023-06-20 18:00:00,23.10894325
2023-06-20 19:00:00,0.0
2023-06-20 20:00:00,0.0
2023-06-20 21:00:00,0.0
2023-06-20 22:00:00,0.0
2023-06-20 23:00:00,0.0
2023-06-21 00:00:00,0.0
2023-06-21 01:00:00,0.0
2023-06-21 02:00:00,0.0
2023-06-21 03:00:00,0.0
2023-06-21 04:00:00,24.03591617
2023-06-21 05:00:00,71.34234274
2023-06-21 06:00:00,142.1674308
2023-06-21 07:00:00,230.1126971
2023-06-21 08:00:00,297.5596401
2023-06-21 09:00:00,402.900873
2023-06-21 10:00:00,480.0
2023-06-21 11:00:00,480.0
2023-06-21 12:00:00,480.0
2023-06-21 13:00:00,459.6648997
2023-06-21 14:00:00,382.355666
2023-06-21 15:00:00,296.888983
2023-06-21 16:00:00,188.7960079
2023-06-21 17:00:00,88.27274612
2023-06-21 18:00:00,22.31998034
2023-06-21 19:00:00,0.0
2023-06-21 20:00:00,0.0
2023-06-21 21:00:00,0.0
2023-06-21 22:00:00,0.0
2023-06-21 23:00:00,0.0
2023-06-22 00:00:00,0.0
2023-06-22 01:00:00,0.0
2023-06-22 02:00:00,0.0
2023-06-22 03:00:00,0.0
2023-06-22 04:00:00,22.25767084
2023-06-22 05:00:00,68.7054873
2023-06-22 06:00:00,168.006712
2023-06-22 07:00:00,274.1339501
2023-06-22 08:00:00,373.4741822
2023-06-22 09:00:00,451.0595167
2023-06-22 10:00:00,480.0
2023-06-22 11:00:00,480.0
2023-06-22 12:00:00,480.0
2023-06-22 13:00:00,466.9256743
2023-06-22 14:00:00,381.5184655
2023-06-22 15:00:00,284.1797111
2023-06-22 16:00:00,190.4558397
2023-06-22 17:00:00,84.2977699
2023-06-22 18:00:00,23.23046916
2023-06-22 19:00:00,0.0
2023-06-22 20:00:00,0.0
2023-06-22 21:00:00,0.0
2023-06-22 22:00:00,0.0
2023-06-22 23:00:00,0.0
2023-06-23 00:00:00,0.0
2023-06-23 01:00:00,0.0
2023-06-23 02:00:00,0.0
2023-06-23 03:00:00,0.0
2023-06-23 04:00:00,24.65295662
2023-06-23 05:00:00,12.35578198
2023-06-23 06:00:00,26.54844883
2023-06-23 07:00:00,189.3528219
2023-06-23 08:00:00,355.2479551
2023-06-23 09:00:00,426.1563824
2023-06-23 10:00:00,468.2017617
2023-06-23 11:00:00,405.9757926
2023-06-23 12:00:00,366.7461223
2023-06-23 13:00:00,322.7259062
2023-06-23 14:00:00,172.7368638
2023-06-23 15:00:00,226.5341126
2023-06-23 16:00:00,121.9109656
2023-06-23 17:00:00,64.99777071
2023-06-23 18:00:00,22.28879869
2023-06-23 19:00:00,0.0
2023-06-23 20:00:00,0.0
2023-06-23 21:00:00,0.0
2023-06-23 22:00:00,0.0
2023-06-23 23:00:00,0.0
2023-06-24 00:00:00,0.0
2023-06-24 01:00:00,0.0
2023-06-24 02:00:00,0.0
2023-06-24 03:00:00,0.0
2023-06-24 04:00:00,3.684505071
2023-06-24 05:00:00,70.79161535
2023-06-24 06:00:00,157.5775432
2023-06-24 07:00:00,258.1247185
2023-06-24 08:00:00,347.3775936
2023-06-24 09:00:00,135.8654577
2023-06-24 10:00:00,37.11972144
2023-06-24 11:00:00,38.04866105
2023-06-24 12:00:00,254.2308378
2023-06-24 13:00:00,85.6643344
2023-06-24 14:00:00,368.7049698
2023-06-24 15:00:00,284.3602895
2023-06-24 16:00:00,152.7842642
2023-06-24 17:00:00,86.93211094
2023-06-24 18:00:00,23.21226429
2023-06-24 19:00:00,0.0
2023-06-24 20:00:00,0.0
2023-06-24 21:00:00,0.0
2023-06-24 22:00:00,0.0
2023-06-24 23:00:00,0.0
2023-06-25 00:00:00,0.0
2023-06-25 01:00:00,0.0
2023-06-25 02:00:00,0.0
2023-06-25 03:00:00,0.0
2023-06-25 04:00:00,23.5357165
2023-06-25 05:00:00,70.38579118
2023-06-25 06:00:00,154.2622231
2023-06-25 07:00:00,253.0777062
2023-06-25 08:00:00,348.7557335
2023-06-25 09:00:00,426.0664552
2023-06-25 10:00:00,466.0808132
2023-06-25 11:00:00,480.0
2023-06-25 12:00:00,480.0
2023-06-25 13:00:00,437.9161692
2023-06-25 14:00:00,217.4303099
2023-06-25 15:00:00,266.6124521
2023-06-25 16:00:00,137.0511965
2023-06-25 17:00:00,82.01831377
2023-06-25 18:00:00,20.40679278
2023-06-25 19:00:00,0.0
2023-06-25 20:00:00,0.0
2023-06-25 21:00:00,0.0
2023-06-25 22:00:00,0.0
2023-06-25 23:00:00,0.0
2023-06-26 00:00:00,0.0
2023-06-26 01:00:00,0.0
2023-06-26 02:00:00,0.0
2023-06-26 03:00:00,0.0
2023-06-26 04:00:00,15.35143651
2023-06-26 05:00:00,15.83228856
2023-06-26 06:00:00,47.66791111
2023-06-26 07:00:00,124.8695965
2023-06-26 08:00:00,209.5018587
2023-06-26 09:00:00,104.8773613
2023-06-26 10:00:00,248.7849044
2023-06-26 11:00:00,321.0098899
2023-06-26 12:00:00,275.5965509
2023-06-26 13:00:00,186.3400998
2023-06-26 14:00:00,272.2559113
2023-06-26 15:00:00,177.4732655
2023-06-26 16:00:00,113.1979486
2023-06-26 17:00:00,72.77339214
2023-06-26 18:00:00,23.20144327
2023-06-26 19:00:00,0.0
2023-06-26 20:00:00,0.0
2023-06-26 21:00:00,0.0
2023-06-26 22:00:00,0.0
2023-06-26 23:00:00,0.0
2023-06-27 00:00:00,0.0
2023-06-27 01:00:00,0.0
2023-06-27 02:00:00,0.0
2023-06-27 03:00:00,0.0
2023-06-27 04:00:00,24.15230531
2023-06-27 05:00:00,68.42943032
2023-06-27 06:00:00,157.0075249
2023-06-27 07:00:00,196.8355636
2023-06-27 08:00:00,112.0905345
2023-06-27 09:00:00,437.5087874
2023-06-27 10:00:00,424.02508
2023-06-27 11:00:00,427.54201
2023-06-27 12:00:00,285.5824881
2023-06-27 13:00:00,398.270949
2023-06-27 14:00:00,362.8913547
2023-06-27 15:00:00,278.567111
2023-06-27 16:00:00,143.7085921
2023-06-27 17:00:00,87.16403003
2023-06-27 18:00:00,23.90873415
2023-06-27 19:00:00,0.0
2023-06-27 20:00:00,0.0
2023-06-27 21:00:00,0.0
2023-06-27 22:00:00,0.0
2023-06-27 23:00:00,0.0
2023-06-28 00:00:00,0.0
2023-06-28 01:00:00,0.0
2023-06-28 02:00:00,0.0
2023-06-28 03:00:00,0.0
2023-06-28 04:00:00,6.730780047
2023-06-28 05:00:00,66.23756707
2023-06-28 06:00:00,103.2987887
2023-06-28 07:00:00,225.1955111
2023-06-28 08:00:00,256.5477331
2023-06-28 09:00:00,342.1890932
2023-06-28 10:00:00,398.0316449
2023-06-28 11:00:00,144.5299643
2023-06-28 12:00:00,425.0405105
2023-06-28 13:00:00,252.2280059
2023-06-28 14:00:00,212.5026593
2023-06-28 15:00:00,101.1099179
2023-06-28 16:00:00,160.9062959
2023-06-28 17:00:00,77.63725005
2023-06-28 18:00:00,21.73750799
2023-06-28 19:00:00,0.0
2023-06-28 20:00:00,0.0
2023-06-28 21:00:00,0.0
2023-06-28 22:00:00,0.0
2023-06-28 23:00:00,0.0
2023-06-29 00:00:00,0.0
2023-06-29 01:00:00,0.0
2023-06-29 02:00:00,0.0
2023-06-29 03:00:00,0.0
2023-06-29 04:00:00,21.5281675
2023-06-29 05:00:00,69.36540598
2023-06-29 06:00:00,159.5846202
2023-06-29 07:00:00,202.4550681
2023-06-29 08:00:00,324.0532791
2023-06-29 09:00:00,415.5379169
2023-06-29 10:00:00,480.0
2023-06-29 11:00:00,480.0
2023-06-29 12:00:00,411.4933119
2023-06-29 13:00:00,454.0788025
2023-06-29 14:00:00,371.2118492
2023-06-29 15:00:00,296.6601962
2023-06-29 16:00:00,190.7120525
2023-06-29 17:00:00,90.12286934
2023-06-29 18:00:00,22.29522279
2023-06-29 19:00:00,0.0
2023-06-29 20:00:00,0.0
2023-06-29 21:00:00,0.0
2023-06-29 22:00:00,0.0
2023-06-29 23:00:00,0.0
2023-06-30 00:00:00,0.0
2023-06-30 01:00:00,0.0
2023-06-30 02:00:00,0.0
2023-06-30 03:00:00,0.0
2023-06-30 04:00:00,1.129782146
2023-06-30 05:00:00,14.85470032
2023-06-30 06:00:00,18.89330433
2023-06-30 07:00:00,129.2303303
2023-06-30 08:00:00,114.7461831
2023-06-30 09:00:00,224.0558711
2023-06-30 10:00:00,341.6135667
2023-06-30 11:00:00,152.3789418
2023-06-30 12:00:00,388.569853
2023-06-30 13:00:00,427.4865868
2023-06-30 14:00:00,376.8305561
2023-06-30 15:00:00,295.358486
2023-06-30 16:00:00,189.4295959
2023-06-30 17:00:00,89.13798166
2023-06-30 18:00:00,22.18850439
2023-06-30 19:00:00,0.0
2023-06-30 20:00:00,0.0
2023-06-30 21:00:00,0.0
2023-06-30 22:00:00,0.0
2023-06-30 23:00:00,0.0
2023-07-01 00:00:00,0.0
2023-07-01 01:00:00,0.0
2023-07-01 02:00:00,0.0
2023-07-01 03:00:00,0.0
2023-07-01 04:00:00,22.27004546
2023-07-01 05:00:00,65.61725035
2023-07-01 06:00:00,165.7138566
2023-07-01 07:00:00,271.7261477
2023-07-01 08:00:00,372.9065645
2023-07-01 09:00:00,453.4251145
2023-07-01 10:00:00,480.0
2023-07-01 11:00:00,480.0
2023-07-01 12:00:00,480.0
2023-07-01 13:00:00,475.2938166
2023-07-01 14:00:00,411.8231976
2023-07-01 15:00:00,313.8315296
2023-07-01 16:00:00,197.5543598
2023-07-01 17:00:00,92.05095547
2023-07-01 18:00:00,22.25592683
2023-07-01 19:00:00,0.0
2023-07-01 20:00:00,0.0
2023-07-01 21:00:00,0.0
2023-07-01 22:00:00,0.0
2023-07-01 23:00:00,0.0
2023-07-02 00:00:00,0.0
2023-07-02 01:00:00,0.0
2023-07-02 02:00:00,0.0
2023-07-02 03:00:00,0.0
2023-07-02 04:00:00,22.59878832
2023-07-02 05:00:00,68.93449132
2023-07-02 06:00:00,161.0926125
2023-07-02 07:00:00,267.8096708
2023-07-02 08:00:00,367.5752234
2023-07-02 09:00:00,445.0062484
2023-07-02 10:00:00,480.0
2023-07-02 11:00:00,480.0
2023-07-02 12:00:00,480.0
2023-07-02 13:00:00,393.3452459
2023-07-02 14:00:00,365.6585483
2023-07-02 15:00:00,257.4823601
2023-07-02 16:00:00,191.7680297
2023-07-02 17:00:00,88.33949453
2023-07-02 18:00:00,23.70082044
2023-07-02 19:00:00,0.0
2023-07-02 20:00:00,0.0
2023-07-02 21:00:00,0.0
2023-07-02 22:00:00,0.0
2023-07-02 23:00:00,0.0
2023-07-03 00:00:00,0.0
2023-07-03 01:00:00,0.0
2023-07-03 02:00:00,0.0
2023-07-03 03:00:00,0.0
2023-07-03 04:00:00,2.650245036
2023-07-03 05:00:00,43.51812857
2023-07-03 06:00:00,97.22479412
2023-07-03 07:00:00,158.6308344
2023-07-03 08:00:00,264.2529764
2023-07-03 09:00:00,300.0976032
2023-07-03 10:00:00,342.2888365
2023-07-03 11:00:00,480.0
2023-07-03 12:00:00,400.7219407
2023-07-03 13:00:00,332.6827263
2023-07-03 14:00:00,238.4890613
2023-07-03 15:00:00,251.3160321
2023-07-03 16:00:00,103.1810067
2023-07-03 17:00:00,52.47439174
2023-07-03 18:00:00,1.124655296
2023-07-03 19:00:00,0.0
2023-07-03 20:00:00,0.0
2023-07-03 21:00:00,0.0
2023-07-03 22:00:00,0.0
2023-07-03 23:00:00,0.0
2023-07-04 00:00:00,0.0
2023-07-04 01:00:00,0.0
2023-07-04 02:00:00,0.0
2023-07-04 03:00:00,0.0
2023-07-04 04:00:00,0.632091718
2023-07-04 05:00:00,19.98894428
2023-07-04 06:00:00,148.8009872
2023-07-04 07:00:00,211.9186959
2023-07-04 08:00:00,330.1405774
2023-07-04 09:00:00,267.4384733
2023-07-04 10:00:00,40.12843014
2023-07-04 11:00:00,343.6633326
2023-07-04 12:00:00,473.7141067
2023-07-04 13:00:00,263.350291
2023-07-04 14:00:00,262.8951485
2023-07-04 15:00:00,203.0007987
2023-07-04 16:00:00,119.862751
2023-07-04 17:00:00,60.79540064
2023-07-04 18:00:00,23.63480314
2023-07-04 19:00:00,0.0
2023-07-04 20:00:00,0.0
2023-07-04 21:00:00,0.0
2023-07-04 22:00:00,0.0
2023-07-04 23:00:00,0.0
2023-07-05 00:00:00,0.0
2023-07-05 01:00:00,0.0
2023-07-05 02:00:00,0.0
2023-07-05 03:00:00,0.0
2023-07-05 04:00:00,4.186402121
2023-07-05 05:00:00,33.62039562
2023-07-05 06:00:00,66.82325508
2023-07-05 07:00:00,142.6571737
2023-07-05 08:00:00,301.3393154
2023-07-05 09:00:00,375.2887803
2023-07-05 10:00:00,289.5763656
2023-07-05 11:00:00,309.8645272
2023-07-05 12:00:00,193.2819608
2023-07-05 13:00:00,368.2896417
2023-07-05 14:00:00,208.6162414
2023-07-05 15:00:00,39.42381249
2023-07-05 16:00:00,68.0763946
2023-07-05 17:00:00,85.38606812
2023-07-05 18:00:00,17.8955538
2023-07-05 19:00:00,0.0
2023-07-05 20:00:00,0.0
2023-07-05 21:00:00,0.0
2023-07-05 22:00:00,0.0
2023-07-05 23:00:00,0.0
2023-07-06 00:00:00,0.0
2023-07-06 01:00:00,0.0
2023-07-06 02:00:00,0.0
2023-07-06 03:00:00,0.0
2023-07-06 04:00:00,20.50338184
2023-07-06 05:00:00,48.70567751
2023-07-06 06:00:00,94.9482864
2023-07-06 07:00:00,238.4854063
2023-07-06 08:00:00,251.8551861
2023-07-06 09:00:00,287.5348205
2023-07-06 10:00:00,265.0192282
2023-07-06 11:00:00,245.0951847
2023-07-06 12:00:00,119.155602
2023-07-06 13:00:00,34.08106432
2023-07-06 14:00:00,251.2884363
2023-07-06 15:00:00,45.17823734
2023-07-06 16:00:00,49.04295123
2023-07-06 17:00:00,35.49811426
2023-07-06 18:00:00,20.41572679
2023-07-06 19:00:00,0.0
2023-07-06 20:00:00,0.0
2023-07-06 21:00:00,0.0
2023-07-06 22:00:00,0.0
2023-07-06 23:00:00,0.0
2023-07-07 00:00:00,0.0
2023-07-07 01:00:00,0.0
2023-07-07 02:00:00,0.0
2023-07-07 03:00:00,0.0
2023-07-07 04:00:00,19.64708685
2023-07-07 05:00:00,65.95489089
2023-07-07 06:00:00,152.8788107
2023-07-07 07:00:00,234.6070518
2023-07-07 08:00:00,313.5602907
2023-07-07 09:00:00,278.2840965
2023-07-07 10:00:00,245.3940461
2023-07-07 11:00:00,263.6395353
2023-07-07 12:00:00,257.3156915
2023-07-07 13:00:00,312.9464383
2023-07-07 14:00:00,364.3935726
2023-07-07 15:00:00,295.6833554
2023-07-07 16:00:00,116.9925695
2023-07-07 17:00:00,65.96323494
2023-07-07 18:00:00,15.83788678
2023-07-07 19:00:00,0.0
2023-07-07 20:00:00,0.0
2023-07-07 21:00:00,0.0
2023-07-07 22:00:00,0.0
2023-07-07 23:00:00,0.0
2023-07-08 00:00:00,0.0
2023-07-08 01:00:00,0.0
2023-07-08 02:00:00,0.0
2023-07-08 03:00:00,0.0
2023-07-08 04:00:00,16.34800121
2023-07-08 05:00:00,63.90569304
2023-07-08 06:00:00,154.567553
2023-07-08 07:00:00,261.3571023
2023-07-08 08:00:00,349.7296178
2023-07-08 09:00:00,414.8999691
2023-07-08 10:00:00,475.9237475
2023-07-08 11:00:00,480.0
2023-07-08 12:00:00,480.0
2023-07-08 13:00:00,463.9002234
2023-07-08 14:00:00,381.6888886
2023-07-08 15:00:00,283.3538136
2023-07-08 16:00:00,175.4633925
2023-07-08 17:00:00,89.68184057
2023-07-08 18:00:00,23.04667637
2023-07-08 19:00:00,0.0
2023-07-08 20:00:00,0.0
2023-07-08 21:00:00,0.0
2023-07-08 22:00:00,0.0
2023-07-08 23:00:00,0.0
2023-07-09 00:00:00,0.0
2023-07-09 01:00:00,0.0
2023-07-09 02:00:00,0.0
2023-07-09 03:00:00,0.0
2023-07-09 04:00:00,20.47529842
2023-07-09 05:00:00,61.18760728
2023-07-09 06:00:00,161.6747458
2023-07-09 07:00:00,261.5918905
2023-07-09 08:00:00,354.2281902
2023-07-09 09:00:00,0.0
2023-07-09 10:00:00,474.0195334
2023-07-09 11:00:00,480.0
2023-07-09 12:00:00,458.980841
2023-07-09 13:00:00,382.3408206
2023-07-09 14:00:00,285.9320713
2023-07-09 15:00:00,244.1233476
2023-07-09 16:00:00,199.058418
2023-07-09 17:00:00,88.03579433
2023-07-09 18:00:00,22.6869956
2023-07-09 19:00:00,0.0
2023-07-09 20:00:00,0.0
2023-07-09 21:00:00,0.0
2023-07-09 22:00:00,0.0
2023-07-09 23:00:00,0.0
2023-07-10 00:00:00,0.0
2023-07-10 01:00:00,0.0
2023-07-10 02:00:00,0.0
2023-07-10 03:00:00,0.0
2023-07-10 04:00:00,16.3886861
2023-07-10 05:00:00,64.13522936
2023-07-10 06:00:00,147.4422442
2023-07-10 07:00:00,252.8118747
2023-07-10 08:00:00,351.210774
2023-07-10 09:00:00,431.141806
2023-07-10 10:00:00,480.0
2023-07-10 11:00:00,480.0
2023-07-10 12:00:00,480.0
2023-07-10 13:00:00,353.7117667
2023-07-10 14:00:00,384.4370819
2023-07-10 15:00:00,279.073328
2023-07-10 16:00:00,176.6009864
2023-07-10 17:00:00,70.76635249
2023-07-10 18:00:00,23.13217524
2023-07-10 19:00:00,0.0
2023-07-10 20:00:00,0.0
2023-07-10 21:00:00,0.0
2023-07-10 22:00:00,0.0
2023-07-10 23:00:00,0.0
2023-07-11 00:00:00,0.0
2023-07-11 01:00:00,0.0
2023-07-11 02:00:00,0.0
2023-07-11 03:00:00,0.0
2023-07-11 04:00:00,9.759416206
2023-07-11 05:00:00,35.72349478
2023-07-11 06:00:00,94.9597109
2023-07-11 07:00:00,171.6254116
2023-07-11 08:00:00,258.5594941
2023-07-11 09:00:00,318.1143169
2023-07-11 10:00:00,440.1114876
2023-07-11 11:00:00,456.0074199
2023-07-11 12:00:00,480.0
2023-07-11 13:00:00,388.8755558
2023-07-11 14:00:00,358.8732396
2023-07-11 15:00:00,262.5002027
2023-07-11 16:00:00,184.3981487
2023-07-11 17:00:00,86.2933246
2023-07-11 18:00:00,22.06156762
2023-07-11 19:00:00,0.0
2023-07-11 20:00:00,0.0
2023-07-11 21:00:00,0.0
2023-07-11 22:00:00,0.0
2023-07-11 23:00:00,0.0
2023-07-12 00:00:00,0.0
2023-07-12 01:00:00,0.0
2023-07-12 02:00:00,0.0
2023-07-12 03:00:00,0.0
2023-07-12 04:00:00,17.61117893
2023-07-12 05:00:00,59.46320387
2023-07-12 06:00:00,156.4023979
2023-07-12 07:00:00,263.3650155
2023-07-12 08:00:00,315.7491629
2023-07-12 09:00:00,361.0157262
2023-07-12 10:00:00,244.3737453
2023-07-12 11:00:00,296.1690588
2023-07-12 12:00:00,375.4953313
2023-07-12 13:00:00,317.6885343
2023-07-12 14:00:00,300.888664
2023-07-12 15:00:00,228.3634273
2023-07-12 16:00:00,155.7016094
2023-07-12 17:00:00,83.39193429
2023-07-12 18:00:00,22.084867
2023-07-12 19:00:00,0.0
2023-07-12 20:00:00,0.0
2023-07-12 21:00:00,0.0
2023-07-12 22:00:00,0.0
2023-07-12 23:00:00,0.0
2023-07-13 00:00:00,0.0
2023-07-13 01:00:00,0.0
2023-07-13 02:00:00,0.0
2023-07-13 03:00:00,0.0
2023-07-13 04:00:00,18.47646648
2023-07-13 05:00:00,61.901897
2023-07-13 06:00:00,152.0983596
2023-07-13 07:00:00,253.6623353
2023-07-13 08:00:00,354.0955009
2023-07-13 09:00:00,433.6699136
2023-07-13 10:00:00,472.022115
2023-07-13 11:00:00,480.0
2023-07-13 12:00:00,476.7827374
2023-07-13 13:00:00,360.1277648
2023-07-13 14:00:00,356.9447251
2023-07-13 15:00:00,286.9229855
2023-07-13 16:00:00,144.8392275
2023-07-13 17:00:00,85.7901294
2023-07-13 18:00:00,21.67127991
2023-07-13 19:00:00,0.0
2023-07-13 20:00:00,0.0
2023-07-13 21:00:00,0.0
2023-07-13 22:00:00,0.0
2023-07-13 23:00:00,0.0
2023-07-14 00:00:00,0.0
2023-07-14 01:00:00,0.0
2023-07-14 02:00:00,0.0
2023-07-14 03:00:00,0.0
2023-07-14 04:00:00,16.92427637
2023-07-14 05:00:00,61.57348926
2023-07-14 06:00:00,131.4680854
2023-07-14 07:00:00,241.8786881
2023-07-14 08:00:00,349.4875275
2023-07-14 09:00:00,426.239577
2023-07-14 10:00:00,446.5647673
2023-07-14 11:00:00,442.7497389
2023-07-14 12:00:00,429.9783511
2023-07-14 13:00:00,438.0547099
2023-07-14 14:00:00,349.1577826
2023-07-14 15:00:00,267.1060923
2023-07-14 16:00:00,180.2293654
2023-07-14 17:00:00,85.88157255
2023-07-14 18:00:00,20.17198589
2023-07-14 19:00:00,0.0
2023-07-14 20:00:00,0.0
2023-07-14 21:00:00,0.0
2023-07-14 22:00:00,0.0
2023-07-14 23:00:00,0.0
2023-07-15 00:00:00,0.0
2023-07-15 01:00:00,0.0
2023-07-15 02:00:00,0.0
2023-07-15 03:00:00,0.0
2023-07-15 04:00:00,14.84976183
2023-07-15 05:00:00,52.70198327
2023-07-15 06:00:00,107.8934299
2023-07-15 07:00:00,153.6637571
2023-07-15 08:00:00,181.8214554
2023-07-15 09:00:00,332.7631177
2023-07-15 10:00:00,461.9569807
2023-07-15 11:00:00,480.0
2023-07-15 12:00:00,429.4036775
2023-07-15 13:00:00,449.9405454
2023-07-15 14:00:00,382.8783382
2023-07-15 15:00:00,292.5263525
2023-07-15 16:00:00,183.2586868
2023-07-15 17:00:00,84.80038024
2023-07-15 18:00:00,21.05681029
2023-07-15 19:00:00,0.0
2023-07-15 20:00:00,0.0
2023-07-15 21:00:00,0.0
2023-07-15 22:00:00,0.0
2023-07-15 23:00:00,0.0
2023-07-16 00:00:00,0.0
2023-07-16 01:00:00,0.0
2023-07-16 02:00:00,0.0
2023-07-16 03:00:00,0.0
2023-07-16 04:00:00,17.00181131
2023-07-16 05:00:00,56.54759244
2023-07-16 06:00:00,154.0327025
2023-07-16 07:00:00,263.0453152
2023-07-16 08:00:00,360.1978379
2023-07-16 09:00:00,439.5612828
2023-07-16 10:00:00,480.0
2023-07-16 11:00:00,480.0
2023-07-16 12:00:00,480.0
2023-07-16 13:00:00,458.6834797
2023-07-16 14:00:00,392.8841046
2023-07-16 15:00:00,296.4372961
2023-07-16 16:00:00,187.7513876
2023-07-16 17:00:00,87.71893781
2023-07-16 18:00:00,20.12698217
2023-07-16 19:00:00,0.0
2023-07-16 20:00:00,0.0
2023-07-16 21:00:00,0.0
2023-07-16 22:00:00,0.0
2023-07-16 23:00:00,0.0
2023-07-17 00:00:00,0.0
2023-07-17 01:00:00,0.0
2023-07-17 02:00:00,0.0
2023-07-17 03:00:00,0.0
2023-07-17 04:00:00,16.49102782
2023-07-17 05:00:00,55.69114979
2023-07-17 06:00:00,152.0725712
2023-07-17 07:00:00,261.5028371
2023-07-17 08:00:00,359.9684115
2023-07-17 09:00:00,439.5049359
2023-07-17 10:00:00,480.0
2023-07-17 11:00:00,480.0
2023-07-17 12:00:00,480.0
2023-07-17 13:00:00,459.3858309
2023-07-17 14:00:00,394.9510399
2023-07-17 15:00:00,297.2790983
2023-07-17 16:00:00,185.4357892
2023-07-17 17:00:00,79.52532997
2023-07-17 18:00:00,14.79359591
2023-07-17 19:00:00,0.0
2023-07-17 20:00:00,0.0
2023-07-17 21:00:00,0.0
2023-07-17 22:00:00,0.0
2023-07-17 23:00:00,0.0
2023-07-18 00:00:00,0.0
2023-07-18 01:00:00,0.0
2023-07-18 02:00:00,0.0
2023-07-18 03:00:00,0.0
2023-07-18 04:00:00,14.86235315
2023-07-18 05:00:00,54.51829036
2023-07-18 06:00:00,148.1742359
2023-07-18 07:00:00,249.6639035
2023-07-18 08:00:00,346.5842101
2023-07-18 09:00:00,301.8801139
2023-07-18 10:00:00,357.1667011
2023-07-18 11:00:00,386.9264613
2023-07-18 12:00:00,391.0319797
2023-07-18 13:00:00,341.5447587
2023-07-18 14:00:00,303.8212035
2023-07-18 15:00:00,258.9305587
2023-07-18 16:00:00,181.3356055
2023-07-18 17:00:00,59.77005706
2023-07-18 18:00:00,19.45676285
2023-07-18 19:00:00,0.0
2023-07-18 20:00:00,0.0
2023-07-18 21:00:00,0.0
2023-07-18 22:00:00,0.0
2023-07-18 23:00:00,0.0
2023-07-19 00:00:00,0.0
2023-07-19 01:00:00,0.0
2023-07-19 02:00:00,0.0
2023-07-19 03:00:00,0.0
2023-07-19 04:00:00,9.244115323
2023-07-19 05:00:00,57.80253792
2023-07-19 06:00:00,135.7811056
2023-07-19 07:00:00,242.9634809
2023-07-19 08:00:00,339.2278748
2023-07-19 09:00:00,418.3124046
2023-07-19 10:00:00,458.1290493
2023-07-19 11:00:00,413.5232334
2023-07-19 12:00:00,453.3553905
2023-07-19 13:00:00,161.6413645
2023-07-19 14:00:00,273.6113154
2023-07-19 15:00:00,238.2077268
2023-07-19 16:00:00,194.2089501
2023-07-19 17:00:00,72.45173982
2023-07-19 18:00:00,19.06030878
2023-07-19 19:00:00,0.0
2023-07-19 20:00:00,0.0
2023-07-19 21:00:00,0.0
2023-07-19 22:00:00,0.0
2023-07-19 23:00:00,0.0
2023-07-20 00:00:00,0.0
2023-07-20 01:00:00,0.0
2023-07-20 02:00:00,0.0
2023-07-20 03:00:00,0.0
2023-07-20 04:00:00,14.92307934
2023-07-20 05:00:00,44.0073335
2023-07-20 06:00:00,144.358909
2023-07-20 07:00:00,243.9049132
2023-07-20 08:00:00,343.498307
2023-07-20 09:00:00,423.292264
2023-07-20 10:00:00,419.68462
2023-07-20 11:00:00,350.3909717
2023-07-20 12:00:00,430.6902055
2023-07-20 13:00:00,403.3596315
2023-07-20 14:00:00,364.7529283
2023-07-20 15:00:00,278.8391687
2023-07-20 16:00:00,149.9104383
2023-07-20 17:00:00,56.33925451
2023-07-20 18:00:00,18.45352135
2023-07-20 19:00:00,0.0
2023-07-20 20:00:00,0.0
2023-07-20 21:00:00,0.0
2023-07-20 22:00:00,0.0
2023-07-20 23:00:00,0.0
2023-07-21 00:00:00,0.0
2023-07-21 01:00:00,0.0
2023-07-21 02:00:00,0.0
2023-07-21 03:00:00,0.0
2023-07-21 04:00:00,13.92515745
2023-07-21 05:00:00,53.09981223
2023-07-21 06:00:00,150.113096
2023-07-21 07:00:00,258.0045324
2023-07-21 08:00:00,359.6178129
2023-07-21 09:00:00,437.6429283
2023-07-21 10:00:00,480.0
2023-07-21 11:00:00,480.0
2023-07-21 12:00:00,480.0
2023-07-21 13:00:00,466.9821871
2023-07-21 14:00:00,393.5154663
2023-07-21 15:00:00,299.7563814
2023-07-21 16:00:00,187.8175943
2023-07-21 17:00:00,84.51485712
2023-07-21 18:00:00,17.53992809
2023-07-21 19:00:00,0.0
2023-07-21 20:00:00,0.0
2023-07-21 21:00:00,0.0
2023-07-21 22:00:00,0.0
2023-07-21 23:00:00,0.0
2023-07-22 00:00:00,0.0
2023-07-22 01:00:00,0.0
2023-07-22 02:00:00,0.0
2023-07-22 03:00:00,0.0
2023-07-22 04:00:00,12.96215219
2023-07-22 05:00:00,51.50744112
2023-07-22 06:00:00,151.5639782
2023-07-22 07:00:00,259.9090962
2023-07-22 08:00:00,359.9040796
2023-07-22 09:00:00,437.639825
2023-07-22 10:00:00,480.0
2023-07-22 11:00:00,480.0
2023-07-22 12:00:00,480.0
2023-07-22 13:00:00,462.687323
2023-07-22 14:00:00,395.5814429
2023-07-22 15:00:00,302.9474049
2023-07-22 16:00:00,186.9478282
2023-07-22 17:00:00,84.80259221
2023-07-22 18:00:00,17.62825585
2023-07-22 19:00:00,0.0
2023-07-22 20:00:00,0.0
2023-07-22 21:00:00,0.0
2023-07-22 22:00:00,0.0
2023-07-22 23:00:00,0.0
2023-07-23 00:00:00,0.0
2023-07-23 01:00:00,0.0
2023-07-23 02:00:00,0.0
2023-07-23 03:00:00,0.0
2023-07-23 04:00:00,12.88829406
2023-07-23 05:00:00,54.97900707
2023-07-23 06:00:00,125.8246944
2023-07-23 07:00:00,241.6915261
2023-07-23 08:00:00,320.6244926
2023-07-23 09:00:00,384.011255
2023-07-23 10:00:00,459.4019627
2023-07-23 11:00:00,480.0
2023-07-23 12:00:00,480.0
2023-07-23 13:00:00,446.0827367
2023-07-23 14:00:00,383.9256239
2023-07-23 15:00:00,280.8162823
2023-07-23 16:00:00,171.3350149
2023-07-23 17:00:00,79.68298161
2023-07-23 18:00:00,17.51215322
2023-07-23 19:00:00,0.0
2023-07-23 20:00:00,0.0
2023-07-23 21:00:00,0.0
2023-07-23 22:00:00,0.0
2023-07-23 23:00:00,0.0
2023-07-24 00:00:00,0.0
2023-07-24 01:00:00,0.0
2023-07-24 02:00:00,0.0
2023-07-24 03:00:00,0.0
2023-07-24 04:00:00,0.0
2023-07-24 05:00:00,9.805613472
2023-07-24 06:00:00,20.52817202
2023-07-24 07:00:00,110.387934
2023-07-24 08:00:00,270.9105765
2023-07-24 09:00:00,278.8156545
2023-07-24 10:00:00,223.4739565
2023-07-24 11:00:00,368.859039
2023-07-24 12:00:00,463.7955093
2023-07-24 13:00:00,383.7564525
2023-07-24 14:00:00,375.4435401
2023-07-24 15:00:00,267.0843901
2023-07-24 16:00:00,17.88568068
2023-07-24 17:00:00,6.187453966
2023-07-24 18:00:00,0.0
2023-07-24 19:00:00,0.0
2023-07-24 20:00:00,0.0
2023-07-24 21:00:00,0.0
2023-07-24 22:00:00,0.0
2023-07-24 23:00:00,0.0
2023-07-25 00:00:00,0.0
2023-07-25 01:00:00,0.0
2023-07-25 02:00:00,0.0
2023-07-25 03:00:00,0.0
2023-07-25 04:00:00,7.740002273
2023-07-25 05:00:00,36.92819176
2023-07-25 06:00:00,69.26777094
2023-07-25 07:00:00,136.1488957
2023-07-25 08:00:00,236.2195881
2023-07-25 09:00:00,342.262615
2023-07-25 10:00:00,440.0805134
2023-07-25 11:00:00,480.0
2023-07-25 12:00:00,477.2748527
2023-07-25 13:00:00,439.2184765
2023-07-25 14:00:00,370.2013469
2023-07-25 15:00:00,277.4833872
2023-07-25 16:00:00,168.2474064
2023-07-25 17:00:00,82.24977627
2023-07-25 18:00:00,16.00817922
2023-07-25 19:00:00,0.0
2023-07-25 20:00:00,0.0
2023-07-25 21:00:00,0.0
2023-07-25 22:00:00,0.0
2023-07-25 23:00:00,0.0
2023-07-26 00:00:00,0.0
2023-07-26 01:00:00,0.0
2023-07-26 02:00:00,0.0
2023-07-26 03:00:00,0.0
2023-07-26 04:00:00,10.82478171
2023-07-26 05:00:00,52.23893403
2023-07-26 06:00:00,115.4884963
2023-07-26 07:00:00,232.5396367
2023-07-26 08:00:00,341.7645374
2023-07-26 09:00:00,397.1003334
2023-07-26 10:00:00,480.0
2023-07-26 11:00:00,480.0
2023-07-26 12:00:00,480.0
2023-07-26 13:00:00,301.1820667
2023-07-26 14:00:00,375.9597415
2023-07-26 15:00:00,267.2164315
2023-07-26 16:00:00,178.7138198
2023-07-26 17:00:00,79.22253145
2023-07-26 18:00:00,15.49806715
2023-07-26 19:00:00,0.0
2023-07-26 20:00:00,0.0
2023-07-26 21:00:00,0.0
2023-07-26 22:00:00,0.0
2023-07-26 23:00:00,0.0
2023-07-27 00:00:00,0.0
2023-07-27 01:00:00,0.0
2023-07-27 02:00:00,0.0
2023-07-27 03:00:00,0.0
2023-07-27 04:00:00,10.3074225
2023-07-27 05:00:00,49.09784355
2023-07-27 06:00:00,141.816205
2023-07-27 07:00:00,247.5377832
2023-07-27 08:00:00,347.221623
2023-07-27 09:00:00,428.7531904
2023-07-27 10:00:00,480.0
2023-07-27 11:00:00,480.0
2023-07-27 12:00:00,480.0
2023-07-27 13:00:00,452.0304568
2023-07-27 14:00:00,382.5213974
2023-07-27 15:00:00,290.6928309
2023-07-27 16:00:00,177.7446994
2023-07-27 17:00:00,79.72748831
2023-07-27 18:00:00,13.85640227
2023-07-27 19:00:00,0.0
2023-07-27 20:00:00,0.0
2023-07-27 21:00:00,0.0
2023-07-27 22:00:00,0.0
2023-07-27 23:00:00,0.0
2023-07-28 00:00:00,0.0
2023-07-28 01:00:00,0.0
2023-07-28 02:00:00,0.0
2023-07-28 03:00:00,0.0
2023-07-28 04:00:00,9.798090985
2023-07-28 05:00:00,48.23122365
2023-07-28 06:00:00,139.8770226
2023-07-28 07:00:00,246.4199549
2023-07-28 08:00:00,344.8316419
2023-07-28 09:00:00,424.4628794
2023-07-28 10:00:00,480.0
2023-07-28 11:00:00,189.7536141
2023-07-28 12:00:00,480.0
2023-07-28 13:00:00,443.3880935
2023-07-28 14:00:00,376.65815
2023-07-28 15:00:00,284.208735
2023-07-28 16:00:00,174.6144646
2023-07-28 17:00:00,75.4283037
2023-07-28 18:00:00,14.46064277
2023-07-28 19:00:00,0.0
2023-07-28 20:00:00,0.0
2023-07-28 21:00:00,0.0
2023-07-28 22:00:00,0.0
2023-07-28 23:00:00,0.0
2023-07-29 00:00:00,0.0
2023-07-29 01:00:00,0.0
2023-07-29 02:00:00,0.0
2023-07-29 03:00:00,0.0
2023-07-29 04:00:00,0.0
2023-07-29 05:00:00,10.79677874
2023-07-29 06:00:00,38.71148955
2023-07-29 07:00:00,144.8852773
2023-07-29 08:00:00,190.1977057
2023-07-29 09:00:00,225.5729178
2023-07-29 10:00:00,248.1758046
2023-07-29 11:00:00,265.8731629
2023-07-29 12:00:00,395.6810089
2023-07-29 13:00:00,37.20333836
2023-07-29 14:00:00,31.19562344
2023-07-29 15:00:00,141.1124615
2023-07-29 16:00:00,92.89038713
2023-07-29 17:00:00,18.82488298
2023-07-29 18:00:00,7.176893368
2023-07-29 19:00:00,0.0
2023-07-29 20:00:00,0.0
2023-07-29 21:00:00,0.0
2023-07-29 22:00:00,0.0
2023-07-29 23:00:00,0.0
2023-07-30 00:00:00,0.0
2023-07-30 01:00:00,0.0
2023-07-30 02:00:00,0.0
2023-07-30 03:00:00,0.0
2023-07-30 04:00:00,0.0
2023-07-30 05:00:00,22.75336698
2023-07-30 06:00:00,55.72541328
2023-07-30 07:00:00,86.41258486
2023-07-30 08:00:00,162.8113334
2023-07-30 09:00:00,326.8625875
2023-07-30 10:00:00,418.8740361
2023-07-30 11:00:00,342.2992577
2023-07-30 12:00:00,245.9869363
2023-07-30 13:00:00,57.81828193
2023-07-30 14:00:00,246.442856
2023-07-30 15:00:00,279.2050224
2023-07-30 16:00:00,69.37648612
2023-07-30 17:00:00,64.03002012
2023-07-30 18:00:00,12.85265853
2023-07-30 19:00:00,0.0
2023-07-30 20:00:00,0.0
2023-07-30 21:00:00,0.0
2023-07-30 22:00:00,0.0
2023-07-30 23:00:00,0.0
2023-07-31 00:00:00,0.0
2023-07-31 01:00:00,0.0
2023-07-31 02:00:00,0.0
2023-07-31 03:00:00,0.0
2023-07-31 04:00:00,0.0
2023-07-31 05:00:00,17.4065897
2023-07-31 06:00:00,35.60865717
2023-07-31 07:00:00,62.785344
2023-07-31 08:00:00,89.1920236
2023-07-31 09:00:00,183.7660954
2023-07-31 10:00:00,49.33985182
2023-07-31 11:00:00,50.83134373
2023-07-31 12:00:00,329.305623
2023-07-31 13:00:00,101.0908496
2023-07-31 14:00:00,292.6395401
2023-07-31 15:00:00,214.636913
2023-07-31 16:00:00,168.7546222
2023-07-31 17:00:00,73.85175943
2023-07-31 18:00:00,12.36178289
2023-07-31 19:00:00,0.0
2023-07-31 20:00:00,0.0
2023-07-31 21:00:00,0.0
2023-07-31 22:00:00,0.0
2023-07-31 23:00:00,0.0
2023-08-01 00:00:00,0.0
2023-08-01 01:00:00,0.0
2023-08-01 02:00:00,0.0
2023-08-01 03:00:00,0.0
2023-08-01 04:00:00,7.749399705
2023-08-01 05:00:00,43.37703256
2023-08-01 06:00:00,142.1680162
2023-08-01 07:00:00,251.3147114
2023-08-01 08:00:00,356.0922286
2023-08-01 09:00:00,439.1650321
2023-08-01 10:00:00,480.0
2023-08-01 11:00:00,480.0
2023-08-01 12:00:00,480.0
2023-08-01 13:00:00,471.9708538
2023-08-01 14:00:00,396.3480479
2023-08-01 15:00:00,301.4813762
2023-08-01 16:00:00,185.7618064
2023-08-01 17:00:00,77.23582467
2023-08-01 18:00:00,11.41790015
2023-08-01 19:00:00,0.0
2023-08-01 20:00:00,0.0
2023-08-01 21:00:00,0.0
2023-08-01 22:00:00,0.0
2023-08-01 23:00:00,0.0
2023-08-02 00:00:00,0.0
2023-08-02 01:00:00,0.0
2023-08-02 02:00:00,0.0
2023-08-02 03:00:00,0.0
2023-08-02 04:00:00,6.204193933
2023-08-02 05:00:00,42.19586753
2023-08-02 06:00:00,144.1299217
2023-08-02 07:00:00,256.2938652
2023-08-02 08:00:00,359.4874348
2023-08-02 09:00:00,440.2346728
2023-08-02 10:00:00,480.0
2023-08-02 11:00:00,480.0
2023-08-02 12:00:00,480.0
2023-08-02 13:00:00,471.5281727
2023-08-02 14:00:00,395.8843749
2023-08-02 15:00:00,298.7308604
2023-08-02 16:00:00,184.8105785
2023-08-02 17:00:00,77.49791919
2023-08-02 18:00:00,10.42958514
2023-08-02 19:00:00,0.0
2023-08-02 20:00:00,0.0
2023-08-02 21:00:00,0.0
2023-08-02 22:00:00,0.0
2023-08-02 23:00:00,0.0
2023-08-03 00:00:00,0.0
2023-08-03 01:00:00,0.0
2023-08-03 02:00:00,0.0
2023-08-03 03:00:00,0.0
2023-08-03 04:00:00,3.154006259
2023-08-03 05:00:00,45.62507763
2023-08-03 06:00:00,134.7851184
2023-08-03 07:00:00,238.4525068
2023-08-03 08:00:00,337.8098957
2023-08-03 09:00:00,417.6476225
2023-08-03 10:00:00,475.4686666
2023-08-03 11:00:00,480.0
2023-08-03 12:00:00,480.0
2023-08-03 13:00:00,450.560542
2023-08-03 14:00:00,337.2135514
2023-08-03 15:00:00,277.7527387
2023-08-03 16:00:00,118.7770226
2023-08-03 17:00:00,69.8078334
2023-08-03 18:00:00,9.828024549
2023-08-03 19:00:00,0.0
2023-08-03 20:00:00,0.0
2023-08-03 21:00:00,0.0
2023-08-03 22:00:00,0.0
2023-08-03 23:00:00,0.0
2023-08-04 00:00:00,0.0
2023-08-04 01:00:00,0.0
2023-08-04 02:00:00,0.0
2023-08-04 03:00:00,0.0
2023-08-04 04:00:00,5.210240983
2023-08-04 05:00:00,42.96132195
2023-08-04 06:00:00,132.0334849
2023-08-04 07:00:00,236.1938781
2023-08-04 08:00:00,338.6206029
2023-08-04 09:00:00,421.0537837
2023-08-04 10:00:00,476.6822523
2023-08-04 11:00:00,480.0
2023-08-04 12:00:00,480.0
2023-08-04 13:00:00,451.0594348
2023-08-04 14:00:00,56.29929635
2023-08-04 15:00:00,124.2495763
2023-08-04 16:00:00,36.08305695
2023-08-04 17:00:00,27.54672722
2023-08-04 18:00:00,5.700268528
2023-08-04 19:00:00,0.0
2023-08-04 20:00:00,0.0
2023-08-04 21:00:00,0.0
2023-08-04 22:00:00,0.0
2023-08-04 23:00:00,0.0
2023-08-05 00:00:00,0.0
2023-08-05 01:00:00,0.0
2023-08-05 02:00:00,0.0
2023-08-05 03:00:00,0.0
2023-08-05 04:00:00,4.691506751
2023-08-05 05:00:00,42.08763863
2023-08-05 06:00:00,134.6975648
2023-08-05 07:00:00,243.4307735
2023-08-05 08:00:00,344.8327972
2023-08-05 09:00:00,427.7944168
2023-08-05 10:00:00,480.0
2023-08-05 11:00:00,480.0
2023-08-05 12:00:00,480.0
2023-08-05 13:00:00,455.9723772
2023-08-05 14:00:00,381.3101714
2023-08-05 15:00:00,283.6826004
2023-08-05 16:00:00,171.636989
2023-08-05 17:00:00,68.0815334
2023-08-05 18:00:00,8.776966897
2023-08-05 19:00:00,0.0
2023-08-05 20:00:00,0.0
2023-08-05 21:00:00,0.0
2023-08-05 22:00:00,0.0
2023-08-05 23:00:00,0.0
2023-08-06 00:00:00,0.0
2023-08-06 01:00:00,0.0
2023-08-06 02:00:00,0.0
2023-08-06 03:00:00,0.0
2023-08-06 04:00:00,2.152934941
2023-08-06 05:00:00,42.45317238
2023-08-06 06:00:00,101.7156086
2023-08-06 07:00:00,135.9949187
2023-08-06 08:00:00,296.8484408
2023-08-06 09:00:00,423.6855226
2023-08-06 10:00:00,479.6895629
2023-08-06 11:00:00,480.0
2023-08-06 12:00:00,480.0
2023-08-06 13:00:00,451.5509002
2023-08-06 14:00:00,374.0056868
2023-08-06 15:00:00,278.9657637
2023-08-06 16:00:00,167.6330121
2023-08-06 17:00:00,66.53305978
2023-08-06 18:00:00,6.678984308
2023-08-06 19:00:00,0.0
2023-08-06 20:00:00,0.0
2023-08-06 21:00:00,0.0
2023-08-06 22:00:00,0.0
2023-08-06 23:00:00,0.0
2023-08-07 00:00:00,0.0
2023-08-07 01:00:00,0.0
2023-08-07 02:00:00,0.0
2023-08-07 03:00:00,0.0
2023-08-07 04:00:00,1.640550866
2023-08-07 05:00:00,40.20284634
2023-08-07 06:00:00,131.5143643
2023-08-07 07:00:00,234.6000157
2023-08-07 08:00:00,285.9209027
2023-08-07 09:00:00,375.437467
2023-08-07 10:00:00,306.159017
2023-08-07 11:00:00,184.2397482
2023-08-07 12:00:00,385.4052119
2023-08-07 13:00:00,407.4802389
2023-08-07 14:00:00,358.3382214
2023-08-07 15:00:00,272.0365715
2023-08-07 16:00:00,38.42842633
2023-08-07 17:00:00,37.31490419
2023-08-07 18:00:00,0.0
2023-08-07 19:00:00,0.0
2023-08-07 20:00:00,0.0
2023-08-07 21:00:00,0.0
2023-08-07 22:00:00,0.0
2023-08-07 23:00:00,0.0
2023-08-08 00:00:00,0.0
2023-08-08 01:00:00,0.0
2023-08-08 02:00:00,0.0
2023-08-08 03:00:00,0.0
2023-08-08 04:00:00,0.0
2023-08-08 05:00:00,11.76811432
2023-08-08 06:00:00,72.16702231
2023-08-08 07:00:00,140.3167047
2023-08-08 08:00:00,274.0858613
2023-08-08 09:00:00,365.1466296
2023-08-08 10:00:00,409.3439808
2023-08-08 11:00:00,362.6591105
2023-08-08 12:00:00,360.3924421
2023-08-08 13:00:00,169.6815057
2023-08-08 14:00:00,73.21636066
2023-08-08 15:00:00,65.09635594
2023-08-08 16:00:00,145.4786098
2023-08-08 17:00:00,31.15754279
2023-08-08 18:00:00,5.686801986
2023-08-08 19:00:00,0.0
2023-08-08 20:00:00,0.0
2023-08-08 21:00:00,0.0
2023-08-08 22:00:00,0.0
2023-08-08 23:00:00,0.0
2023-08-09 00:00:00,0.0
2023-08-09 01:00:00,0.0
2023-08-09 02:00:00,0.0
2023-08-09 03:00:00,0.0
2023-08-09 04:00:00,0.112957546
2023-08-09 05:00:00,3.673063016
2023-08-09 06:00:00,72.39895931
2023-08-09 07:00:00,31.6164762
2023-08-09 08:00:00,94.19855201
2023-08-09 09:00:00,163.1105329
2023-08-09 10:00:00,122.4507289
2023-08-09 11:00:00,73.25510209
2023-08-09 12:00:00,78.73858935
2023-08-09 13:00:00,114.4037031
2023-08-09 14:00:00,46.76589157
2023-08-09 15:00:00,41.44954061
2023-08-09 16:00:00,43.81587038
2023-08-09 17:00:00,19.20843152
2023-08-09 18:00:00,0.0
2023-08-09 19:00:00,0.0
2023-08-09 20:00:00,0.0
2023-08-09 21:00:00,0.0
2023-08-09 22:00:00,0.0
2023-08-09 23:00:00,0.0
2023-08-10 00:00:00,0.0
2023-08-10 01:00:00,0.0
2023-08-10 02:00:00,0.0
2023-08-10 03:00:00,0.0
2023-08-10 04:00:00,0.0
2023-08-10 05:00:00,36.52458567
2023-08-10 06:00:00,97.9317974
2023-08-10 07:00:00,108.9460739
2023-08-10 08:00:00,161.7278749
2023-08-10 09:00:00,236.0186496
2023-08-10 10:00:00,413.818704
2023-08-10 11:00:00,480.0
2023-08-10 12:00:00,480.0
2023-08-10 13:00:00,410.1131847
2023-08-10 14:00:00,305.1015817
2023-08-10 15:00:00,268.672749
2023-08-10 16:00:00,167.7663589
2023-08-10 17:00:00,65.656775
2023-08-10 18:00:00,4.169023993
2023-08-10 19:00:00,0.0
2023-08-10 20:00:00,0.0
2023-08-10 21:00:00,0.0
2023-08-10 22:00:00,0.0
2023-08-10 23:00:00,0.0
2023-08-11 00:00:00,0.0
2023-08-11 01:00:00,0.0
2023-08-11 02:00:00,0.0
2023-08-11 03:00:00,0.0
2023-08-11 04:00:00,0.0
2023-08-11 05:00:00,39.77830294
2023-08-11 06:00:00,111.481621
2023-08-11 07:00:00,224.4418115
2023-08-11 08:00:00,344.7889172
2023-08-11 09:00:00,425.7916867
2023-08-11 10:00:00,254.5522318
2023-08-11 11:00:00,291.2684483
2023-08-11 12:00:00,437.2123346
2023-08-11 13:00:00,343.960523
2023-08-11 14:00:00,363.241211
2023-08-11 15:00:00,272.6776248
2023-08-11 16:00:00,132.3936495
2023-08-11 17:00:00,62.51346972
2023-08-11 18:00:00,3.158551513
2023-08-11 19:00:00,0.0
2023-08-11 20:00:00,0.0
2023-08-11 21:00:00,0.0
2023-08-11 22:00:00,0.0
2023-08-11 23:00:00,0.0
2023-08-12 00:00:00,0.0
2023-08-12 01:00:00,0.0
2023-08-12 02:00:00,0.0
2023-08-12 03:00:00,0.0
2023-08-12 04:00:00,0.0
2023-08-12 05:00:00,27.84438932
2023-08-12 06:00:00,117.5553406
2023-08-12 07:00:00,152.2663643
2023-08-12 08:00:00,326.2745505
2023-08-12 09:00:00,273.1014971
2023-08-12 10:00:00,380.7863486
2023-08-12 11:00:00,423.9567531
2023-08-12 12:00:00,390.8949902
2023-08-12 13:00:00,417.3217172
2023-08-12 14:00:00,185.7739961
2023-08-12 15:00:00,140.2173221
2023-08-12 16:00:00,111.946814
2023-08-12 17:00:00,46.81415117
2023-08-12 18:00:00,2.664858312
2023-08-12 19:00:00,0.0
2023-08-12 20:00:00,0.0
2023-08-12 21:00:00,0.0
2023-08-12 22:00:00,0.0
2023-08-12 23:00:00,0.0
2023-08-13 00:00:00,0.0
2023-08-13 01:00:00,0.0
2023-08-13 02:00:00,0.0
2023-08-13 03:00:00,0.0
2023-08-13 04:00:00,0.0
2023-08-13 05:00:00,17.3685557
2023-08-13 06:00:00,24.86964023
2023-08-13 07:00:00,153.0931162
2023-08-13 08:00:00,247.9323984
2023-08-13 09:00:00,368.3002975
2023-08-13 10:00:00,408.6714188
2023-08-13 11:00:00,480.0
2023-08-13 12:00:00,480.0
2023-08-13 13:00:00,355.6288742
2023-08-13 14:00:00,250.8405979
2023-08-13 15:00:00,173.968237
2023-08-13 16:00:00,148.1876603
2023-08-13 17:00:00,56.14975361
2023-08-13 18:00:00,2.135050503
2023-08-13 19:00:00,0.0
2023-08-13 20:00:00,0.0
2023-08-13 21:00:00,0.0
2023-08-13 22:00:00,0.0
2023-08-13 23:00:00,0.0
2023-08-14 00:00:00,0.0
2023-08-14 01:00:00,0.0
2023-08-14 02:00:00,0.0
2023-08-14 03:00:00,0.0
2023-08-14 04:00:00,0.0
2023-08-14 05:00:00,27.80340899
2023-08-14 06:00:00,124.3218892
2023-08-14 07:00:00,235.470582
2023-08-14 08:00:00,333.0116042
2023-08-14 09:00:00,423.1586873
2023-08-14 10:00:00,467.8333417
2023-08-14 11:00:00,458.3099177
2023-08-14 12:00:00,479.3522054
2023-08-14 13:00:00,445.5340767
2023-08-14 14:00:00,364.9052055
2023-08-14 15:00:00,262.6534118
2023-08-14 16:00:00,134.0829173
2023-08-14 17:00:00,45.73256776
2023-08-14 18:00:00,1.127756009
2023-08-14 19:00:00,0.0
2023-08-14 20:00:00,0.0
2023-08-14 21:00:00,0.0
2023-08-14 22:00:00,0.0
2023-08-14 23:00:00,0.0
2023-08-15 00:00:00,0.0
2023-08-15 01:00:00,0.0
2023-08-15 02:00:00,0.0
2023-08-15 03:00:00,0.0
2023-08-15 04:00:00,0.0
2023-08-15 05:00:00,25.17898585
2023-08-15 06:00:00,109.5802123
2023-08-15 07:00:00,240.6094258
2023-08-15 08:00:00,343.5741772
2023-08-15 09:00:00,422.1027908
2023-08-15 10:00:00,480.0
2023-08-15 11:00:00,480.0
2023-08-15 12:00:00,451.3799161
2023-08-15 13:00:00,453.0615412
2023-08-15 14:00:00,378.7951054
2023-08-15 15:00:00,278.1596314
2023-08-15 16:00:00,166.8498835
2023-08-15 17:00:00,58.28131649
2023-08-15 18:00:00,0.119118728
2023-08-15 19:00:00,0.0
2023-08-15 20:00:00,0.0
2023-08-15 21:00:00,0.0
2023-08-15 22:00:00,0.0
2023-08-15 23:00:00,0.0
2023-08-16 00:00:00,0.0
2023-08-16 01:00:00,0.0
2023-08-16 02:00:00,0.0
2023-08-16 03:00:00,0.0
2023-08-16 04:00:00,0.0
2023-08-16 05:00:00,33.38370585
2023-08-16 06:00:00,128.9594488
2023-08-16 07:00:00,240.6898752
2023-08-16 08:00:00,347.6812295
2023-08-16 09:00:00,430.7835914
2023-08-16 10:00:00,480.0
2023-08-16 11:00:00,480.0
2023-08-16 12:00:00,480.0
2023-08-16 13:00:00,458.0925896
2023-08-16 14:00:00,377.1223688
2023-08-16 15:00:00,274.2835095
2023-08-16 16:00:00,161.5984892
2023-08-16 17:00:00,57.21979431
2023-08-16 18:00:00,0.0
2023-08-16 19:00:00,0.0
2023-08-16 20:00:00,0.0
2023-08-16 21:00:00,0.0
2023-08-16 22:00:00,0.0
2023-08-16 23:00:00,0.0
2023-08-17 00:00:00,0.0
2023-08-17 01:00:00,0.0
2023-08-17 02:00:00,0.0
2023-08-17 03:00:00,0.0
2023-08-17 04:00:00,0.0
2023-08-17 05:00:00,32.47959422
2023-08-17 06:00:00,125.0635565
2023-08-17 07:00:00,240.5671213
2023-08-17 08:00:00,342.2159816
2023-08-17 09:00:00,424.5842781
2023-08-17 10:00:00,478.4067117
2023-08-17 11:00:00,480.0
2023-08-17 12:00:00,480.0
2023-08-17 13:00:00,449.6348225
2023-08-17 14:00:00,375.4519216
2023-08-17 15:00:00,246.3991691
2023-08-17 16:00:00,157.1236317
2023-08-17 17:00:00,54.10342211
2023-08-17 18:00:00,0.0
2023-08-17 19:00:00,0.0
2023-08-17 20:00:00,0.0
2023-08-17 21:00:00,0.0
2023-08-17 22:00:00,0.0
2023-08-17 23:00:00,0.0
2023-08-18 00:00:00,0.0
2023-08-18 01:00:00,0.0
2023-08-18 02:00:00,0.0
2023-08-18 03:00:00,0.0
2023-08-18 04:00:00,0.0
2023-08-18 05:00:00,32.67543579
2023-08-18 06:00:00,120.2999682
2023-08-18 07:00:00,220.902691
2023-08-18 08:00:00,0.0
2023-08-18 09:00:00,0.0
2023-08-18 10:00:00,0.0
2023-08-18 11:00:00,0.0
2023-08-18 12:00:00,456.5907235
2023-08-18 13:00:00,416.4154512
2023-08-18 14:00:00,347.3938002
2023-08-18 15:00:00,158.0653701
2023-08-18 16:00:00,73.85732803
2023-08-18 17:00:00,35.31849286
2023-08-18 18:00:00,0.0
2023-08-18 19:00:00,0.0
2023-08-18 20:00:00,0.0
2023-08-18 21:00:00,0.0
2023-08-18 22:00:00,0.0
2023-08-18 23:00:00,0.0
2023-08-19 00:00:00,0.0
2023-08-19 01:00:00,0.0
2023-08-19 02:00:00,0.0
2023-08-19 03:00:00,0.0
2023-08-19 04:00:00,0.0
2023-08-19 05:00:00,4.181126626
2023-08-19 06:00:00,30.5912132
2023-08-19 07:00:00,94.85307373
2023-08-19 08:00:00,234.0101388
2023-08-19 09:00:00,182.7032445
2023-08-19 10:00:00,42.70886296
2023-08-19 11:00:00,63.7322801
2023-08-19 12:00:00,77.82020418
2023-08-19 13:00:00,46.8282974
2023-08-19 14:00:00,60.57236956
2023-08-19 15:00:00,37.16042407
2023-08-19 16:00:00,15.35490206
2023-08-19 17:00:00,13.32418649
2023-08-19 18:00:00,0.0
2023-08-19 19:00:00,0.0
2023-08-19 20:00:00,0.0
2023-08-19 21:00:00,0.0
2023-08-19 22:00:00,0.0
2023-08-19 23:00:00,0.0
2023-08-20 00:00:00,0.0
2023-08-20 01:00:00,0.0
2023-08-20 02:00:00,0.0
2023-08-20 03:00:00,0.0
2023-08-20 04:00:00,0.0
2023-08-20 05:00:00,23.05770695
2023-08-20 06:00:00,96.68967336
2023-08-20 07:00:00,115.1305165
2023-08-20 08:00:00,187.8317073
2023-08-20 09:00:00,195.5027391
2023-08-20 10:00:00,43.37837115
2023-08-20 11:00:00,256.4446255
2023-08-20 12:00:00,77.08603728
2023-08-20 13:00:00,69.67936803
2023-08-20 14:00:00,59.16011014
2023-08-20 15:00:00,100.0417484
2023-08-20 16:00:00,153.0107119
2023-08-20 17:00:00,48.46503976
2023-08-20 18:00:00,0.0
2023-08-20 19:00:00,0.0
2023-08-20 20:00:00,0.0
2023-08-20 21:00:00,0.0
2023-08-20 22:00:00,0.0
2023-08-20 23:00:00,0.0
2023-08-21 00:00:00,0.0
2023-08-21 01:00:00,0.0
2023-08-21 02:00:00,0.0
2023-08-21 03:00:00,0.0
2023-08-21 04:00:00,0.0
2023-08-21 05:00:00,30.63362968
2023-08-21 06:00:00,122.6221732
2023-08-21 07:00:00,236.547087
2023-08-21 08:00:00,340.958033
2023-08-21 09:00:00,392.2831414
2023-08-21 10:00:00,289.1333993
2023-08-21 11:00:00,453.973184
2023-08-21 12:00:00,435.7452976
2023-08-21 13:00:00,413.6834741
2023-08-21 14:00:00,352.443655
2023-08-21 15:00:00,230.3618106
2023-08-21 16:00:00,102.9038435
2023-08-21 17:00:00,39.47191342
2023-08-21 18:00:00,0.0
2023-08-21 19:00:00,0.0
2023-08-21 20:00:00,0.0
2023-08-21 21:00:00,0.0
2023-08-21 22:00:00,0.0
2023-08-21 23:00:00,0.0
2023-08-22 00:00:00,0.0
2023-08-22 01:00:00,0.0
2023-08-22 02:00:00,0.0
2023-08-22 03:00:00,0.0
2023-08-22 04:00:00,0.0
2023-08-22 05:00:00,29.66742371
2023-08-22 06:00:00,127.4555827
2023-08-22 07:00:00,229.6851764
2023-08-22 08:00:00,330.6811253
2023-08-22 09:00:00,403.6123626
2023-08-22 10:00:00,399.9871099
2023-08-22 11:00:00,432.6417703
2023-08-22 12:00:00,463.7396197
2023-08-22 13:00:00,433.1182413
2023-08-22 14:00:00,356.6389714
2023-08-22 15:00:00,242.4824861
2023-08-22 16:00:00,146.8599511
2023-08-22 17:00:00,45.19791017
2023-08-22 18:00:00,0.0
2023-08-22 19:00:00,0.0
2023-08-22 20:00:00,0.0
2023-08-22 21:00:00,0.0
2023-08-22 22:00:00,0.0
2023-08-22 23:00:00,0.0
2023-08-23 00:00:00,0.0
2023-08-23 01:00:00,0.0
2023-08-23 02:00:00,0.0
2023-08-23 03:00:00,0.0
2023-08-23 04:00:00,0.0
2023-08-23 05:00:00,27.21870881
2023-08-23 06:00:00,111.4075961
2023-08-23 07:00:00,185.3697612
2023-08-23 08:00:00,206.9640276
2023-08-23 09:00:00,267.5699356
2023-08-23 10:00:00,288.592404
2023-08-23 11:00:00,321.236345
2023-08-23 12:00:00,351.2984938
2023-08-23 13:00:00,215.4848919
2023-08-23 14:00:00,151.2738414
2023-08-23 15:00:00,157.6262029
2023-08-23 16:00:00,102.4285481
2023-08-23 17:00:00,35.19128784
2023-08-23 18:00:00,0.0
2023-08-23 19:00:00,0.0
2023-08-23 20:00:00,0.0
2023-08-23 21:00:00,0.0
2023-08-23 22:00:00,0.0
2023-08-23 23:00:00,0.0
2023-08-24 00:00:00,0.0
2023-08-24 01:00:00,0.0
2023-08-24 02:00:00,0.0
2023-08-24 03:00:00,0.0
2023-08-24 04:00:00,0.0
2023-08-24 05:00:00,26.23221101
2023-08-24 06:00:00,103.3580402
2023-08-24 07:00:00,212.0603719
2023-08-24 08:00:00,323.5964518
2023-08-24 09:00:00,395.8314962
2023-08-24 10:00:00,422.517659
2023-08-24 11:00:00,387.8742972
2023-08-24 12:00:00,454.4350517
2023-08-24 13:00:00,400.2443706
2023-08-24 14:00:00,274.1355401
2023-08-24 15:00:00,171.4924631
2023-08-24 16:00:00,131.0676526
2023-08-24 17:00:00,38.12915737
2023-08-24 18:00:00,0.0
2023-08-24 19:00:00,0.0
2023-08-24 20:00:00,0.0
2023-08-24 21:00:00,0.0
2023-08-24 22:00:00,0.0
2023-08-24 23:00:00,0.0
2023-08-25 00:00:00,0.0
2023-08-25 01:00:00,0.0
2023-08-25 02:00:00,0.0
2023-08-25 03:00:00,0.0
2023-08-25 04:00:00,0.0
2023-08-25 05:00:00,5.703333987
2023-08-25 06:00:00,8.7414875
2023-08-25 07:00:00,35.13253555
2023-08-25 08:00:00,45.24356056
2023-08-25 09:00:00,47.76615477
2023-08-25 10:00:00,50.27678496
2023-08-25 11:00:00,45.77078448
2023-08-25 12:00:00,104.5807624
2023-08-25 13:00:00,57.26507455
2023-08-25 14:00:00,91.48695236
2023-08-25 15:00:00,22.94306266
2023-08-25 16:00:00,34.606242
2023-08-25 17:00:00,4.691208537
2023-08-25 18:00:00,0.0
2023-08-25 19:00:00,0.0
2023-08-25 20:00:00,0.0
2023-08-25 21:00:00,0.0
2023-08-25 22:00:00,0.0
2023-08-25 23:00:00,0.0
2023-08-26 00:00:00,0.0
2023-08-26 01:00:00,0.0
2023-08-26 02:00:00,0.0
2023-08-26 03:00:00,0.0
2023-08-26 04:00:00,0.0
2023-08-26 05:00:00,1.133752214
2023-08-26 06:00:00,76.22022906
2023-08-26 07:00:00,139.1158804
2023-08-26 08:00:00,190.1036346
2023-08-26 09:00:00,208.5144086
2023-08-26 10:00:00,247.8188901
2023-08-26 11:00:00,313.512635
2023-08-26 12:00:00,232.1340413
2023-08-26 13:00:00,140.3428051
2023-08-26 14:00:00,123.7004187
2023-08-26 15:00:00,30.6060221
2023-08-26 16:00:00,18.42277898
2023-08-26 17:00:00,34.67638674
2023-08-26 18:00:00,0.0
2023-08-26 19:00:00,0.0
2023-08-26 20:00:00,0.0
2023-08-26 21:00:00,0.0
2023-08-26 22:00:00,0.0
2023-08-26 23:00:00,0.0
2023-08-27 00:00:00,0.0
2023-08-27 01:00:00,0.0
2023-08-27 02:00:00,0.0
2023-08-27 03:00:00,0.0
2023-08-27 04:00:00,0.0
2023-08-27 05:00:00,10.27225201
2023-08-27 06:00:00,48.16373126
2023-08-27 07:00:00,111.6549117
2023-08-27 08:00:00,201.631864
2023-08-27 09:00:00,76.9743362
2023-08-27 10:00:00,124.5700498
2023-08-27 11:00:00,90.35528304
2023-08-27 12:00:00,44.60438469
2023-08-27 13:00:00,102.2525989
2023-08-27 14:00:00,58.16465903
2023-08-27 15:00:00,57.06994524
2023-08-27 16:00:00,59.48452897
2023-08-27 17:00:00,21.40634053
2023-08-27 18:00:00,0.0
2023-08-27 19:00:00,0.0
2023-08-27 20:00:00,0.0
2023-08-27 21:00:00,0.0
2023-08-27 22:00:00,0.0
2023-08-27 23:00:00,0.0
2023-08-28 00:00:00,0.0
2023-08-28 01:00:00,0.0
2023-08-28 02:00:00,0.0
2023-08-28 03:00:00,0.0
2023-08-28 04:00:00,0.0
2023-08-28 05:00:00,23.07637941
2023-08-28 06:00:00,55.57023966
2023-08-28 07:00:00,53.18856919
2023-08-28 08:00:00,175.2687953
2023-08-28 09:00:00,120.9382481
2023-08-28 10:00:00,158.3786818
2023-08-28 11:00:00,276.3287939
2023-08-28 12:00:00,233.7887871
2023-08-28 13:00:00,70.70846411
2023-08-28 14:00:00,22.33866137
2023-08-28 15:00:00,68.70178325
2023-08-28 16:00:00,30.47125423
2023-08-28 17:00:00,11.80056648
2023-08-28 18:00:00,0.0
2023-08-28 19:00:00,0.0
2023-08-28 20:00:00,0.0
2023-08-28 21:00:00,0.0
2023-08-28 22:00:00,0.0
2023-08-28 23:00:00,0.0
2023-08-29 00:00:00,0.0
2023-08-29 01:00:00,0.0
2023-08-29 02:00:00,0.0
2023-08-29 03:00:00,0.0
2023-08-29 04:00:00,0.0
2023-08-29 05:00:00,19.74830338
2023-08-29 06:00:00,70.84683287
2023-08-29 07:00:00,210.5405479
2023-08-29 08:00:00,318.4219954
2023-08-29 09:00:00,411.4060733
2023-08-29 10:00:00,462.9512636
2023-08-29 11:00:00,472.5772056
2023-08-29 12:00:00,445.255563
2023-08-29 13:00:00,370.9666599
2023-08-29 14:00:00,41.7706995
2023-08-29 15:00:00,69.70909942
2023-08-29 16:00:00,82.06375434
2023-08-29 17:00:00,31.78668134
2023-08-29 18:00:00,0.0
2023-08-29 19:00:00,0.0
2023-08-29 20:00:00,0.0
2023-08-29 21:00:00,0.0
2023-08-29 22:00:00,0.0
2023-08-29 23:00:00,0.0
2023-08-30 00:00:00,0.0
2023-08-30 01:00:00,0.0
2023-08-30 02:00:00,0.0
2023-08-30 03:00:00,0.0
2023-08-30 04:00:00,0.0
2023-08-30 05:00:00,22.30104446
2023-08-30 06:00:00,111.7499023
2023-08-30 07:00:00,223.0022763
2023-08-30 08:00:00,330.2934279
2023-08-30 09:00:00,412.7834587
2023-08-30 10:00:00,464.8745097
2023-08-30 11:00:00,474.2450994
2023-08-30 12:00:00,465.0544261
2023-08-30 13:00:00,403.1842527
2023-08-30 14:00:00,313.4901198
2023-08-30 15:00:00,235.968567
2023-08-30 16:00:00,125.7071301
2023-08-30 17:00:00,29.79082362
2023-08-30 18:00:00,0.0
2023-08-30 19:00:00,0.0
2023-08-30 20:00:00,0.0
2023-08-30 21:00:00,0.0
2023-08-30 22:00:00,0.0
2023-08-30 23:00:00,0.0
2023-08-31 00:00:00,0.0
2023-08-31 01:00:00,0.0
2023-08-31 02:00:00,0.0
2023-08-31 03:00:00,0.0
2023-08-31 04:00:00,0.0
2023-08-31 05:00:00,21.88311711
2023-08-31 06:00:00,79.27041696
2023-08-31 07:00:00,172.346241
2023-08-31 08:00:00,289.3401706
2023-08-31 09:00:00,373.3904599
2023-08-31 10:00:00,394.8173517
2023-08-31 11:00:00,404.3450968
2023-08-31 12:00:00,326.9667757
2023-08-31 13:00:00,368.2219939
2023-08-31 14:00:00,44.40178902
2023-08-31 15:00:00,233.8445541
2023-08-31 16:00:00,101.6208267
2023-08-31 17:00:00,26.25485122
2023-08-31 18:00:00,0.0
2023-08-31 19:00:00,0.0
2023-08-31 20:00:00,0.0
2023-08-31 21:00:00,0.0
2023-08-31 22:00:00,0.0
2023-08-31 23:00:00,0.0
2023-09-01 00:00:00,0.0
2023-09-01 01:00:00,0.0
2023-09-01 02:00:00,0.0
2023-09-01 03:00:00,0.0
2023-09-01 04:00:00,0.0
2023-09-01 05:00:00,15.54131494
2023-09-01 06:00:00,7.712938712
2023-09-01 07:00:00,32.99022934
2023-09-01 08:00:00,39.50421849
2023-09-01 09:00:00,63.09450329
2023-09-01 10:00:00,61.08746527
2023-09-01 11:00:00,66.61695016
2023-09-01 12:00:00,64.04051732
2023-09-01 13:00:00,146.4829268
2023-09-01 14:00:00,48.50149211
2023-09-01 15:00:00,28.4337122
2023-09-01 16:00:00,33.54037341
2023-09-01 17:00:00,15.5292523
2023-09-01 18:00:00,0.0
2023-09-01 19:00:00,0.0
2023-09-01 20:00:00,0.0
2023-09-01 21:00:00,0.0
2023-09-01 22:00:00,0.0
2023-09-01 23:00:00,0.0
2023-09-02 00:00:00,0.0
2023-09-02 01:00:00,0.0
2023-09-02 02:00:00,0.0
2023-09-02 03:00:00,0.0
2023-09-02 04:00:00,0.0
2023-09-02 05:00:00,0.114270548
2023-09-02 06:00:00,20.43578549
2023-09-02 07:00:00,30.5326748
2023-09-02 08:00:00,45.10119983
2023-09-02 09:00:00,60.6109335
2023-09-02 10:00:00,89.54499755
2023-09-02 11:00:00,64.1248615
2023-09-02 12:00:00,87.13129325
2023-09-02 13:00:00,119.5759616
2023-09-02 14:00:00,30.46730476
2023-09-02 15:00:00,45.53596482
2023-09-02 16:00:00,17.83260871
2023-09-02 17:00:00,11.21225782
2023-09-02 18:00:00,0.0
2023-09-02 19:00:00,0.0
2023-09-02 20:00:00,0.0
2023-09-02 21:00:00,0.0
2023-09-02 22:00:00,0.0
2023-09-02 23:00:00,0.0
2023-09-03 00:00:00,0.0
2023-09-03 01:00:00,0.0
2023-09-03 02:00:00,0.0
2023-09-03 03:00:00,0.0
2023-09-03 04:00:00,0.0
2023-09-03 05:00:00,13.43947849
2023-09-03 06:00:00,33.01052301
2023-09-03 07:00:00,91.67276593
2023-09-03 08:00:00,137.6564128
2023-09-03 09:00:00,180.5086598
2023-09-03 10:00:00,203.6343709
2023-09-03 11:00:00,94.67588078
2023-09-03 12:00:00,447.9039232
2023-09-03 13:00:00,359.7703051
2023-09-03 14:00:00,301.5791642
2023-09-03 15:00:00,27.47363748
2023-09-03 16:00:00,33.01407577
2023-09-03 17:00:00,20.57868811
2023-09-03 18:00:00,0.0
2023-09-03 19:00:00,0.0
2023-09-03 20:00:00,0.0
2023-09-03 21:00:00,0.0
2023-09-03 22:00:00,0.0
2023-09-03 23:00:00,0.0
2023-09-04 00:00:00,0.0
2023-09-04 01:00:00,0.0
2023-09-04 02:00:00,0.0
2023-09-04 03:00:00,0.0
2023-09-04 04:00:00,0.0
2023-09-04 05:00:00,15.74550167
2023-09-04 06:00:00,61.3243962
2023-09-04 07:00:00,112.9695249
2023-09-04 08:00:00,167.70687
2023-09-04 09:00:00,402.7783074
2023-09-04 10:00:00,480.0
2023-09-04 11:00:00,480.0
2023-09-04 12:00:00,480.0
2023-09-04 13:00:00,452.1637515
2023-09-04 14:00:00,363.246638
2023-09-04 15:00:00,250.7815415
2023-09-04 16:00:00,129.5416994
2023-09-04 17:00:00,21.48462238
2023-09-04 18:00:00,0.0
2023-09-04 19:00:00,0.0
2023-09-04 20:00:00,0.0
2023-09-04 21:00:00,0.0
2023-09-04 22:00:00,0.0
2023-09-04 23:00:00,0.0
2023-09-05 00:00:00,0.0
2023-09-05 01:00:00,0.0
2023-09-05 02:00:00,0.0
2023-09-05 03:00:00,0.0
2023-09-05 04:00:00,0.0
2023-09-05 05:00:00,16.22874076
2023-09-05 06:00:00,91.88938261
2023-09-05 07:00:00,0.0
2023-09-05 08:00:00,342.7560209
2023-09-05 09:00:00,430.9769247
2023-09-05 10:00:00,480.0
2023-09-05 11:00:00,480.0
2023-09-05 12:00:00,324.5514488
2023-09-05 13:00:00,160.7542889
2023-09-05 14:00:00,119.2307109
2023-09-05 15:00:00,191.9803796
2023-09-05 16:00:00,81.20361172
2023-09-05 17:00:00,20.63603114
2023-09-05 18:00:00,0.0
2023-09-05 19:00:00,0.0
2023-09-05 20:00:00,0.0
2023-09-05 21:00:00,0.0
2023-09-05 22:00:00,0.0
2023-09-05 23:00:00,0.0
2023-09-06 00:00:00,0.0
2023-09-06 01:00:00,0.0
2023-09-06 02:00:00,0.0
2023-09-06 03:00:00,0.0
2023-09-06 04:00:00,0.0
2023-09-06 05:00:00,13.73833862
2023-09-06 06:00:00,51.50665405
2023-09-06 07:00:00,0.0
2023-09-06 08:00:00,195.251061
2023-09-06 09:00:00,44.57308355
2023-09-06 10:00:00,108.0930274
2023-09-06 11:00:00,243.3815868
2023-09-06 12:00:00,254.1982103
2023-09-06 13:00:00,151.8978505
2023-09-06 14:00:00,323.5175509
2023-09-06 15:00:00,237.6094208
2023-09-06 16:00:00,48.29046252
2023-09-06 17:00:00,10.6285849
2023-09-06 18:00:00,0.0
2023-09-06 19:00:00,0.0
2023-09-06 20:00:00,0.0
2023-09-06 21:00:00,0.0
2023-09-06 22:00:00,0.0
2023-09-06 23:00:00,0.0
2023-09-07 00:00:00,0.0
2023-09-07 01:00:00,0.0
2023-09-07 02:00:00,0.0
2023-09-07 03:00:00,0.0
2023-09-07 04:00:00,0.0
2023-09-07 05:00:00,10.79615585
2023-09-07 06:00:00,53.21153674
2023-09-07 07:00:00,128.0596513
2023-09-07 08:00:00,145.0171848
2023-09-07 09:00:00,162.4059901
2023-09-07 10:00:00,161.8960366
2023-09-07 11:00:00,240.6339656
2023-09-07 12:00:00,247.2407555
2023-09-07 13:00:00,190.6632391
2023-09-07 14:00:00,29.84763577
2023-09-07 15:00:00,156.5407986
2023-09-07 16:00:00,117.2383383
2023-09-07 17:00:00,13.75558326
2023-09-07 18:00:00,0.0
2023-09-07 19:00:00,0.0
2023-09-07 20:00:00,0.0
2023-09-07 21:00:00,0.0
2023-09-07 22:00:00,0.0
2023-09-07 23:00:00,0.0
2023-09-08 00:00:00,0.0
2023-09-08 01:00:00,0.0
2023-09-08 02:00:00,0.0
2023-09-08 03:00:00,0.0
2023-09-08 04:00:00,0.0
2023-09-08 05:00:00,14.24533073
2023-09-08 06:00:00,101.3875155
2023-09-08 07:00:00,210.7691586
2023-09-08 08:00:00,294.6612055
2023-09-08 09:00:00,397.2450881
2023-09-08 10:00:00,354.5633599
2023-09-08 11:00:00,194.8490387
2023-09-08 12:00:00,317.8510353
2023-09-08 13:00:00,305.0401313
2023-09-08 14:00:00,303.3059572
2023-09-08 15:00:00,94.34193101
2023-09-08 16:00:00,117.9025034
2023-09-08 17:00:00,11.40557816
2023-09-08 18:00:00,0.0
2023-09-08 19:00:00,0.0
2023-09-08 20:00:00,0.0
2023-09-08 21:00:00,0.0
2023-09-08 22:00:00,0.0
2023-09-08 23:00:00,0.0
2023-09-09 00:00:00,0.0
2023-09-09 01:00:00,0.0
2023-09-09 02:00:00,0.0
2023-09-09 03:00:00,0.0
2023-09-09 04:00:00,0.0
2023-09-09 05:00:00,2.140555032
2023-09-09 06:00:00,73.42539138
2023-09-09 07:00:00,188.1932814
2023-09-09 08:00:00,156.3383038
2023-09-09 09:00:00,266.2130822
2023-09-09 10:00:00,348.4539812
2023-09-09 11:00:00,382.6480237
2023-09-09 12:00:00,310.6489921
2023-09-09 13:00:00,236.5883928
2023-09-09 14:00:00,290.7426641
2023-09-09 15:00:00,55.63970689
2023-09-09 16:00:00,9.206704194
2023-09-09 17:00:00,5.206352814
2023-09-09 18:00:00,0.0
2023-09-09 19:00:00,0.0
2023-09-09 20:00:00,0.0
2023-09-09 21:00:00,0.0
2023-09-09 22:00:00,0.0
2023-09-09 23:00:00,0.0
2023-09-10 00:00:00,0.0
2023-09-10 01:00:00,0.0
2023-09-10 02:00:00,0.0
2023-09-10 03:00:00,0.0
2023-09-10 04:00:00,0.0
2023-09-10 05:00:00,12.44410898
2023-09-10 06:00:00,58.37827164
2023-09-10 07:00:00,48.7007959
2023-09-10 08:00:00,44.10620524
2023-09-10 09:00:00,65.64682764
2023-09-10 10:00:00,164.8260429
2023-09-10 11:00:00,128.5710814
2023-09-10 12:00:00,94.17876777
2023-09-10 13:00:00,91.16236046
2023-09-10 14:00:00,77.98725394
2023-09-10 15:00:00,41.16009551
2023-09-10 16:00:00,4.692961175
2023-09-10 17:00:00,0.116658164
2023-09-10 18:00:00,0.0
2023-09-10 19:00:00,0.0
2023-09-10 20:00:00,0.0
2023-09-10 21:00:00,0.0
2023-09-10 22:00:00,0.0
2023-09-10 23:00:00,0.0
2023-09-11 00:00:00,0.0
2023-09-11 01:00:00,0.0
2023-09-11 02:00:00,0.0
2023-09-11 03:00:00,0.0
2023-09-11 04:00:00,0.0
2023-09-11 05:00:00,0.0
2023-09-11 06:00:00,92.85032647
2023-09-11 07:00:00,114.3198513
2023-09-11 08:00:00,158.090701
2023-09-11 09:00:00,169.1011407
2023-09-11 10:00:00,238.5354334
2023-09-11 11:00:00,179.6930174
2023-09-11 12:00:00,276.8753506
2023-09-11 13:00:00,204.5368011
2023-09-11 14:00:00,32.99401605
2023-09-11 15:00:00,41.10349741
2023-09-11 16:00:00,6.706984114
2023-09-11 17:00:00,0.0
2023-09-11 18:00:00,0.0
2023-09-11 19:00:00,0.0
2023-09-11 20:00:00,0.0
2023-09-11 21:00:00,0.0
2023-09-11 22:00:00,0.0
2023-09-11 23:00:00,0.0
2023-09-12 00:00:00,0.0
2023-09-12 01:00:00,0.0
2023-09-12 02:00:00,0.0
2023-09-12 03:00:00,0.0
2023-09-12 04:00:00,0.0
2023-09-12 05:00:00,1.641209579
2023-09-12 06:00:00,72.9834052
2023-09-12 07:00:00,89.30418049
2023-09-12 08:00:00,132.0060654
2023-09-12 09:00:00,151.5950493
2023-09-12 10:00:00,124.6678742
2023-09-12 11:00:00,88.81514141
2023-09-12 12:00:00,191.2915117
2023-09-12 13:00:00,137.8749716
2023-09-12 14:00:00,119.4238804
2023-09-12 15:00:00,147.4738679
2023-09-12 16:00:00,66.61723966
2023-09-12 17:00:00,1.614887733
2023-09-12 18:00:00,0.0
2023-09-12 19:00:00,0.0
2023-09-12 20:00:00,0.0
2023-09-12 21:00:00,0.0
2023-09-12 22:00:00,0.0
2023-09-12 23:00:00,0.0
2023-09-13 00:00:00,0.0
2023-09-13 01:00:00,0.0
2023-09-13 02:00:00,0.0
2023-09-13 03:00:00,0.0
2023-09-13 04:00:00,0.0
2023-09-13 05:00:00,8.226843424
2023-09-13 06:00:00,101.6035457
2023-09-13 07:00:00,42.51234725
2023-09-13 08:00:00,62.49692476
2023-09-13 09:00:00,73.77764371
2023-09-13 10:00:00,39.50321371
2023-09-13 11:00:00,51.04251648
2023-09-13 12:00:00,53.98697472
2023-09-13 13:00:00,46.47864463
2023-09-13 14:00:00,144.9678125
2023-09-13 15:00:00,32.22164109
2023-09-13 16:00:00,46.64794851
2023-09-13 17:00:00,0.573793794
2023-09-13 18:00:00,0.0
2023-09-13 19:00:00,0.0
2023-09-13 20:00:00,0.0
2023-09-13 21:00:00,0.0
2023-09-13 22:00:00,0.0
2023-09-13 23:00:00,0.0
2023-09-14 00:00:00,0.0
2023-09-14 01:00:00,0.0
2023-09-14 02:00:00,0.0
2023-09-14 03:00:00,0.0
2023-09-14 04:00:00,0.0
2023-09-14 05:00:00,7.722483553
2023-09-14 06:00:00,101.751522
2023-09-14 07:00:00,211.7329293
2023-09-14 08:00:00,316.8362594
2023-09-14 09:00:00,207.3485929
2023-09-14 10:00:00,387.7126652
2023-09-14 11:00:00,62.0773501
2023-09-14 12:00:00,27.07462646
2023-09-14 13:00:00,30.21927187
2023-09-14 14:00:00,26.10167679
2023-09-14 15:00:00,25.11260975
2023-09-14 16:00:00,44.02257075
2023-09-14 17:00:00,0.0
2023-09-14 18:00:00,0.0
2023-09-14 19:00:00,0.0
2023-09-14 20:00:00,0.0
2023-09-14 21:00:00,0.0
2023-09-14 22:00:00,0.0
2023-09-14 23:00:00,0.0
2023-09-15 00:00:00,0.0
2023-09-15 01:00:00,0.0
2023-09-15 02:00:00,0.0
2023-09-15 03:00:00,0.0
2023-09-15 04:00:00,0.0
2023-09-15 05:00:00,1.620379342
2023-09-15 06:00:00,47.16646732
2023-09-15 07:00:00,159.8046775
2023-09-15 08:00:00,162.5876431
2023-09-15 09:00:00,253.7246877
2023-09-15 10:00:00,280.448987
2023-09-15 11:00:00,302.4491152
2023-09-15 12:00:00,120.988064
2023-09-15 13:00:00,298.7574109
2023-09-15 14:00:00,175.6642761
2023-09-15 15:00:00,183.9002285
2023-09-15 16:00:00,90.65414537
2023-09-15 17:00:00,0.0
2023-09-15 18:00:00,0.0
2023-09-15 19:00:00,0.0
2023-09-15 20:00:00,0.0
2023-09-15 21:00:00,0.0
2023-09-15 22:00:00,0.0
2023-09-15 23:00:00,0.0
2023-09-16 00:00:00,0.0
2023-09-16 01:00:00,0.0
2023-09-16 02:00:00,0.0
2023-09-16 03:00:00,0.0
2023-09-16 04:00:00,0.0
2023-09-16 05:00:00,3.688440493
2023-09-16 06:00:00,22.00533253
2023-09-16 07:00:00,68.98593405
2023-09-16 08:00:00,97.74207037
2023-09-16 09:00:00,60.19915448
2023-09-16 10:00:00,96.6088812
2023-09-16 11:00:00,63.69823128
2023-09-16 12:00:00,32.02996478
2023-09-16 13:00:00,34.5767892
2023-09-16 14:00:00,41.67081667
2023-09-16 15:00:00,45.21315625
2023-09-16 16:00:00,49.52934495
2023-09-16 17:00:00,0.0
2023-09-16 18:00:00,0.0
2023-09-16 19:00:00,0.0
2023-09-16 20:00:00,0.0
2023-09-16 21:00:00,0.0
2023-09-16 22:00:00,0.0
2023-09-16 23:00:00,0.0
2023-09-17 00:00:00,0.0
2023-09-17 01:00:00,0.0
2023-09-17 02:00:00,0.0
2023-09-17 03:00:00,0.0
2023-09-17 04:00:00,0.0
2023-09-17 05:00:00,4.698409215
2023-09-17 06:00:00,67.61155635
2023-09-17 07:00:00,202.9525332
2023-09-17 08:00:00,119.1938299
2023-09-17 09:00:00,186.7061068
2023-09-17 10:00:00,193.365751
2023-09-17 11:00:00,216.1683421
2023-09-17 12:00:00,302.7228305
2023-09-17 13:00:00,71.22138435
2023-09-17 14:00:00,180.4513923
2023-09-17 15:00:00,38.10678947
2023-09-17 16:00:00,18.88786726
2023-09-17 17:00:00,0.0
2023-09-17 18:00:00,0.0
2023-09-17 19:00:00,0.0
2023-09-17 20:00:00,0.0
2023-09-17 21:00:00,0.0
2023-09-17 22:00:00,0.0
2023-09-17 23:00:00,0.0
2023-09-18 00:00:00,0.0
2023-09-18 01:00:00,0.0
2023-09-18 02:00:00,0.0
2023-09-18 03:00:00,0.0
2023-09-18 04:00:00,0.0
2023-09-18 05:00:00,0.0
2023-09-18 06:00:00,37.35244202
2023-09-18 07:00:00,100.96118
2023-09-18 08:00:00,67.60559033
2023-09-18 09:00:00,82.45642228
2023-09-18 10:00:00,239.6692679
2023-09-18 11:00:00,75.95316784
2023-09-18 12:00:00,229.532014
2023-09-18 13:00:00,189.7518065
2023-09-18 14:00:00,215.9988738
2023-09-18 15:00:00,196.6754809
2023-09-18 16:00:00,70.73659477
2023-09-18 17:00:00,0.0
2023-09-18 18:00:00,0.0
2023-09-18 19:00:00,0.0
2023-09-18 20:00:00,0.0
2023-09-18 21:00:00,0.0
2023-09-18 22:00:00,0.0
2023-09-18 23:00:00,0.0
2023-09-19 00:00:00,0.0
2023-09-19 01:00:00,0.0
2023-09-19 02:00:00,0.0
2023-09-19 03:00:00,0.0
2023-09-19 04:00:00,0.0
2023-09-19 05:00:00,2.1501659
2023-09-19 06:00:00,23.47658629
2023-09-19 07:00:00,54.3738076
2023-09-19 08:00:00,44.67578767
2023-09-19 09:00:00,77.36646128
2023-09-19 10:00:00,261.1243461
2023-09-19 11:00:00,162.1640923
2023-09-19 12:00:00,170.5106388
2023-09-19 13:00:00,118.7050902
2023-09-19 14:00:00,87.8137347
2023-09-19 15:00:00,62.64313962
2023-09-19 16:00:00,18.36899491
2023-09-19 17:00:00,0.0
2023-09-19 18:00:00,0.0
2023-09-19 19:00:00,0.0
2023-09-19 20:00:00,0.0
2023-09-19 21:00:00,0.0
2023-09-19 22:00:00,0.0
2023-09-19 23:00:00,0.0
2023-09-20 00:00:00,0.0
2023-09-20 01:00:00,0.0
2023-09-20 02:00:00,0.0
2023-09-20 03:00:00,0.0
2023-09-20 04:00:00,0.0
2023-09-20 05:00:00,3.154737821
2023-09-20 06:00:00,69.88202014
2023-09-20 07:00:00,53.07760357
2023-09-20 08:00:00,68.4161838
2023-09-20 09:00:00,172.5086393
2023-09-20 10:00:00,173.7564431
2023-09-20 11:00:00,292.1535776
2023-09-20 12:00:00,416.1124055
2023-09-20 13:00:00,118.6761836
2023-09-20 14:00:00,41.40184871
2023-09-20 15:00:00,79.60730642
2023-09-20 16:00:00,64.16348883
2023-09-20 17:00:00,0.0
2023-09-20 18:00:00,0.0
2023-09-20 19:00:00,0.0
2023-09-20 20:00:00,0.0
2023-09-20 21:00:00,0.0
2023-09-20 22:00:00,0.0
2023-09-20 23:00:00,0.0
2023-09-21 00:00:00,0.0
2023-09-21 01:00:00,0.0
2023-09-21 02:00:00,0.0
2023-09-21 03:00:00,0.0
2023-09-21 04:00:00,0.0
2023-09-21 05:00:00,0.0
2023-09-21 06:00:00,52.61167581
2023-09-21 07:00:00,85.4394441
2023-09-21 08:00:00,122.9711443
2023-09-21 09:00:00,180.8795071
2023-09-21 10:00:00,163.9274242
2023-09-21 11:00:00,168.9007555
2023-09-21 12:00:00,66.47758576
2023-09-21 13:00:00,78.49808234
2023-09-21 14:00:00,73.31677918
2023-09-21 15:00:00,83.29075815
2023-09-21 16:00:00,34.52651571
2023-09-21 17:00:00,0.0
2023-09-21 18:00:00,0.0
2023-09-21 19:00:00,0.0
2023-09-21 20:00:00,0.0
2023-09-21 21:00:00,0.0
2023-09-21 22:00:00,0.0
2023-09-21 23:00:00,0.0
2023-09-22 00:00:00,0.0
2023-09-22 01:00:00,0.0
2023-09-22 02:00:00,0.0
2023-09-22 03:00:00,0.0
2023-09-22 04:00:00,0.0
2023-09-22 05:00:00,1.64084566
2023-09-22 06:00:00,77.88344958
2023-09-22 07:00:00,90.2904271
2023-09-22 08:00:00,124.6031605
2023-09-22 09:00:00,51.40497311
2023-09-22 10:00:00,97.63113275
2023-09-22 11:00:00,158.6563985
2023-09-22 12:00:00,0.0
2023-09-22 13:00:00,78.60533719
2023-09-22 14:00:00,39.78164254
2023-09-22 15:00:00,36.19263606
2023-09-22 16:00:00,28.17779027
2023-09-22 17:00:00,0.0
2023-09-22 18:00:00,0.0
2023-09-22 19:00:00,0.0
2023-09-22 20:00:00,0.0
2023-09-22 21:00:00,0.0
2023-09-22 22:00:00,0.0
2023-09-22 23:00:00,0.0
2023-09-23 00:00:00,0.0
2023-09-23 01:00:00,0.0
2023-09-23 02:00:00,0.0
2023-09-23 03:00:00,0.0
2023-09-23 04:00:00,0.0
2023-09-23 05:00:00,0.0
2023-09-23 06:00:00,58.50210585
2023-09-23 07:00:00,140.5634123
2023-09-23 08:00:00,169.1960537
2023-09-23 09:00:00,153.6060511
2023-09-23 10:00:00,237.5463198
2023-09-23 11:00:00,453.687375
2023-09-23 12:00:00,440.8111875
2023-09-23 13:00:00,378.1570464
2023-09-23 14:00:00,287.449218
2023-09-23 15:00:00,176.415006
2023-09-23 16:00:00,66.2129142
2023-09-23 17:00:00,0.0
2023-09-23 18:00:00,0.0
2023-09-23 19:00:00,0.0
2023-09-23 20:00:00,0.0
2023-09-23 21:00:00,0.0
2023-09-23 22:00:00,0.0
2023-09-23 23:00:00,0.0
2023-09-24 00:00:00,0.0
2023-09-24 01:00:00,0.0
2023-09-24 02:00:00,0.0
2023-09-24 03:00:00,0.0
2023-09-24 04:00:00,0.0
2023-09-24 05:00:00,0.0
2023-09-24 06:00:00,44.607755
2023-09-24 07:00:00,118.5940019
2023-09-24 08:00:00,300.0317236
2023-09-24 09:00:00,368.6896411
2023-09-24 10:00:00,376.8202804
2023-09-24 11:00:00,427.5906209
2023-09-24 12:00:00,338.0469113
2023-09-24 13:00:00,293.5990825
2023-09-24 14:00:00,166.8719427
2023-09-24 15:00:00,143.1039617
2023-09-24 16:00:00,40.27878083
2023-09-24 17:00:00,0.0
2023-09-24 18:00:00,0.0
2023-09-24 19:00:00,0.0
2023-09-24 20:00:00,0.0
2023-09-24 21:00:00,0.0
2023-09-24 22:00:00,0.0
2023-09-24 23:00:00,0.0
2023-09-25 00:00:00,0.0
2023-09-25 01:00:00,0.0
2023-09-25 02:00:00,0.0
2023-09-25 03:00:00,0.0
2023-09-25 04:00:00,0.0
2023-09-25 05:00:00,0.0
2023-09-25 06:00:00,33.27118369
2023-09-25 07:00:00,65.51630218
2023-09-25 08:00:00,119.8922348
2023-09-25 09:00:00,284.4815336
2023-09-25 10:00:00,204.6656986
2023-09-25 11:00:00,298.6254401
2023-09-25 12:00:00,347.0140917
2023-09-25 13:00:00,304.0861861
2023-09-25 14:00:00,254.4559746
2023-09-25 15:00:00,153.5684836
2023-09-25 16:00:00,56.36788457
2023-09-25 17:00:00,0.0
2023-09-25 18:00:00,0.0
2023-09-25 19:00:00,0.0
2023-09-25 20:00:00,0.0
2023-09-25 21:00:00,0.0
2023-09-25 22:00:00,0.0
2023-09-25 23:00:00,0.0
2023-09-26 00:00:00,0.0
2023-09-26 01:00:00,0.0
2023-09-26 02:00:00,0.0
2023-09-26 03:00:00,0.0
2023-09-26 04:00:00,0.0
2023-09-26 05:00:00,0.0
2023-09-26 06:00:00,84.52986804
2023-09-26 07:00:00,198.653148
2023-09-26 08:00:00,301.5803913
2023-09-26 09:00:00,387.2119252
2023-09-26 10:00:00,422.1702997
2023-09-26 11:00:00,446.8563367
2023-09-26 12:00:00,433.7643177
2023-09-26 13:00:00,360.1422851
2023-09-26 14:00:00,275.7859452
2023-09-26 15:00:00,106.112942
2023-09-26 16:00:00,54.37621507
2023-09-26 17:00:00,0.0
2023-09-26 18:00:00,0.0
2023-09-26 19:00:00,0.0
2023-09-26 20:00:00,0.0
2023-09-26 21:00:00,0.0
2023-09-26 22:00:00,0.0
2023-09-26 23:00:00,0.0
2023-09-27 00:00:00,0.0
2023-09-27 01:00:00,0.0
2023-09-27 02:00:00,0.0
2023-09-27 03:00:00,0.0
2023-09-27 04:00:00,0.0
2023-09-27 05:00:00,0.0
2023-09-27 06:00:00,82.21948265
2023-09-27 07:00:00,178.8817899
2023-09-27 08:00:00,194.0357899
2023-09-27 09:00:00,160.3587702
2023-09-27 10:00:00,232.0225199
2023-09-27 11:00:00,275.5879288
2023-09-27 12:00:00,169.4509767
2023-09-27 13:00:00,210.9694191
2023-09-27 14:00:00,197.9891755
2023-09-27 15:00:00,161.8653508
2023-09-27 16:00:00,48.75635488
2023-09-27 17:00:00,0.0
2023-09-27 18:00:00,0.0
2023-09-27 19:00:00,0.0
2023-09-27 20:00:00,0.0
2023-09-27 21:00:00,0.0
2023-09-27 22:00:00,0.0
2023-09-27 23:00:00,0.0
2023-09-28 00:00:00,0.0
2023-09-28 01:00:00,0.0
2023-09-28 02:00:00,0.0
2023-09-28 03:00:00,0.0
2023-09-28 04:00:00,0.0
2023-09-28 05:00:00,0.0
2023-09-28 06:00:00,80.77817403
2023-09-28 07:00:00,193.8009789
2023-09-28 08:00:00,279.3152949
2023-09-28 09:00:00,332.4513826
2023-09-28 10:00:00,245.847167
2023-09-28 11:00:00,278.9861352
2023-09-28 12:00:00,242.9646503
2023-09-28 13:00:00,186.9709898
2023-09-28 14:00:00,102.4242678
2023-09-28 15:00:00,47.99585159
2023-09-28 16:00:00,13.45553648
2023-09-28 17:00:00,0.0
2023-09-28 18:00:00,0.0
2023-09-28 19:00:00,0.0
2023-09-28 20:00:00,0.0
2023-09-28 21:00:00,0.0
2023-09-28 22:00:00,0.0
2023-09-28 23:00:00,0.0
2023-09-29 00:00:00,0.0
2023-09-29 01:00:00,0.0
2023-09-29 02:00:00,0.0
2023-09-29 03:00:00,0.0
2023-09-29 04:00:00,0.0
2023-09-29 05:00:00,0.0
2023-09-29 06:00:00,75.20970789
2023-09-29 07:00:00,188.9591549
2023-09-29 08:00:00,289.7661398
2023-09-29 09:00:00,376.7968015
2023-09-29 10:00:00,402.2741457
2023-09-29 11:00:00,329.4182519
2023-09-29 12:00:00,200.8604334
2023-09-29 13:00:00,360.8102808
2023-09-29 14:00:00,74.49312278
2023-09-29 15:00:00,12.33983471
2023-09-29 16:00:00,17.91402498
2023-09-29 17:00:00,0.0
2023-09-29 18:00:00,0.0
2023-09-29 19:00:00,0.0
2023-09-29 20:00:00,0.0
2023-09-29 21:00:00,0.0
2023-09-29 22:00:00,0.0
2023-09-29 23:00:00,0.0
2023-09-30 00:00:00,0.0
2023-09-30 01:00:00,0.0
2023-09-30 02:00:00,0.0
2023-09-30 03:00:00,0.0
2023-09-30 04:00:00,0.0
2023-09-30 05:00:00,0.0
2023-09-30 06:00:00,76.51910906
2023-09-30 07:00:00,190.278059
2023-09-30 08:00:00,289.7663144
2023-09-30 09:00:00,373.6593075
2023-09-30 10:00:00,413.0848989
2023-09-30 11:00:00,428.6254696
2023-09-30 12:00:00,407.9445529
2023-09-30 13:00:00,348.1656926
2023-09-30 14:00:00,274.0159369
2023-09-30 15:00:00,167.6334931
2023-09-30 16:00:00,42.38613296
2023-09-30 17:00:00,0.0
2023-09-30 18:00:00,0.0
2023-09-30 19:00:00,0.0
2023-09-30 20:00:00,0.0
2023-09-30 21:00:00,0.0
2023-09-30 22:00:00,0.0
2023-09-30 23:00:00,0.0
2023-10-01 00:00:00,0.0
2023-10-01 01:00:00,0.0
2023-10-01 02:00:00,0.0
2023-10-01 03:00:00,0.0
2023-10-01 04:00:00,0.0
2023-10-01 05:00:00,0.0
2023-10-01 06:00:00,19.44073967
2023-10-01 07:00:00,63.77891183
2023-10-01 08:00:00,105.0775622
2023-10-01 09:00:00,116.3554602
2023-10-01 10:00:00,89.6125488
2023-10-01 11:00:00,75.14075034
2023-10-01 12:00:00,87.71507534
2023-10-01 13:00:00,75.25856004
2023-10-01 14:00:00,49.65518742
2023-10-01 15:00:00,73.99573171
2023-10-01 16:00:00,14.43233875
2023-10-01 17:00:00,0.0
2023-10-01 18:00:00,0.0
2023-10-01 19:00:00,0.0
2023-10-01 20:00:00,0.0
2023-10-01 21:00:00,0.0
2023-10-01 22:00:00,0.0
2023-10-01 23:00:00,0.0
2023-10-02 00:00:00,0.0
2023-10-02 01:00:00,0.0
2023-10-02 02:00:00,0.0
2023-10-02 03:00:00,0.0
2023-10-02 04:00:00,0.0
2023-10-02 05:00:00,0.0
2023-10-02 06:00:00,35.54827249
2023-10-02 07:00:00,112.789373
2023-10-02 08:00:00,154.2546328
2023-10-02 09:00:00,200.2775112
2023-10-02 10:00:00,271.7529452
2023-10-02 11:00:00,390.8452828
2023-10-02 12:00:00,173.6979205
2023-10-02 13:00:00,139.3187635
2023-10-02 14:00:00,86.31739382
2023-10-02 15:00:00,106.5197948
2023-10-02 16:00:00,0.11057752
2023-10-02 17:00:00,0.0
2023-10-02 18:00:00,0.0
2023-10-02 19:00:00,0.0
2023-10-02 20:00:00,0.0
2023-10-02 21:00:00,0.0
2023-10-02 22:00:00,0.0
2023-10-02 23:00:00,0.0
2023-10-03 00:00:00,0.0
2023-10-03 01:00:00,0.0
2023-10-03 02:00:00,0.0
2023-10-03 03:00:00,0.0
2023-10-03 04:00:00,0.0
2023-10-03 05:00:00,0.0
2023-10-03 06:00:00,8.673247838
2023-10-03 07:00:00,63.12254046
2023-10-03 08:00:00,30.33291618
2023-10-03 09:00:00,50.6310158
2023-10-03 10:00:00,56.35740215
2023-10-03 11:00:00,125.0579321
2023-10-03 12:00:00,88.74712952
2023-10-03 13:00:00,138.1666777
2023-10-03 14:00:00,62.56297243
2023-10-03 15:00:00,79.42828074
2023-10-03 16:00:00,7.688060901
2023-10-03 17:00:00,0.0
2023-10-03 18:00:00,0.0
2023-10-03 19:00:00,0.0
2023-10-03 20:00:00,0.0
2023-10-03 21:00:00,0.0
2023-10-03 22:00:00,0.0
2023-10-03 23:00:00,0.0
2023-10-04 00:00:00,0.0
2023-10-04 01:00:00,0.0
2023-10-04 02:00:00,0.0
2023-10-04 03:00:00,0.0
2023-10-04 04:00:00,0.0
2023-10-04 05:00:00,0.0
2023-10-04 06:00:00,34.41683014
2023-10-04 07:00:00,191.8462567
2023-10-04 08:00:00,114.4659684
2023-10-04 09:00:00,168.1308163
2023-10-04 10:00:00,265.5180152
2023-10-04 11:00:00,228.3991414
2023-10-04 12:00:00,296.7436357
2023-10-04 13:00:00,241.0100313
2023-10-04 14:00:00,187.9471434
2023-10-04 15:00:00,93.28734638
2023-10-04 16:00:00,11.77416438
2023-10-04 17:00:00,0.0
2023-10-04 18:00:00,0.0
2023-10-04 19:00:00,0.0
2023-10-04 20:00:00,0.0
2023-10-04 21:00:00,0.0
2023-10-04 22:00:00,0.0
2023-10-04 23:00:00,0.0
2023-10-05 00:00:00,0.0
2023-10-05 01:00:00,0.0
2023-10-05 02:00:00,0.0
2023-10-05 03:00:00,0.0
2023-10-05 04:00:00,0.0
2023-10-05 05:00:00,0.0
2023-10-05 06:00:00,20.64234284
2023-10-05 07:00:00,62.82543153
2023-10-05 08:00:00,153.1619984
2023-10-05 09:00:00,128.0898526
2023-10-05 10:00:00,205.9470797
2023-10-05 11:00:00,364.6293377
2023-10-05 12:00:00,65.21379166
2023-10-05 13:00:00,268.7177508
2023-10-05 14:00:00,29.99412966
2023-10-05 15:00:00,55.21245473
2023-10-05 16:00:00,5.542174671
2023-10-05 17:00:00,0.0
2023-10-05 18:00:00,0.0
2023-10-05 19:00:00,0.0
2023-10-05 20:00:00,0.0
2023-10-05 21:00:00,0.0
2023-10-05 22:00:00,0.0
2023-10-05 23:00:00,0.0
2023-10-06 00:00:00,0.0
2023-10-06 01:00:00,0.0
2023-10-06 02:00:00,0.0
2023-10-06 03:00:00,0.0
2023-10-06 04:00:00,0.0
2023-10-06 05:00:00,0.0
2023-10-06 06:00:00,69.42716713
2023-10-06 07:00:00,110.3636471
2023-10-06 08:00:00,144.9609593
2023-10-06 09:00:00,62.5568456
2023-10-06 10:00:00,39.64854511
2023-10-06 11:00:00,50.57928621
2023-10-06 12:00:00,100.0244479
2023-10-06 13:00:00,104.139746
2023-10-06 14:00:00,70.86800504
2023-10-06 15:00:00,59.47126597
2023-10-06 16:00:00,0.0
2023-10-06 17:00:00,0.0
2023-10-06 18:00:00,0.0
2023-10-06 19:00:00,0.0
2023-10-06 20:00:00,0.0
2023-10-06 21:00:00,0.0
2023-10-06 22:00:00,0.0
2023-10-06 23:00:00,0.0
2023-10-07 00:00:00,0.0
2023-10-07 01:00:00,0.0
2023-10-07 02:00:00,0.0
2023-10-07 03:00:00,0.0
2023-10-07 04:00:00,0.0
2023-10-07 05:00:00,0.0
2023-10-07 06:00:00,27.17271489
2023-10-07 07:00:00,63.14550108
2023-10-07 08:00:00,65.07810593
2023-10-07 09:00:00,71.69910271
2023-10-07 10:00:00,120.8746905
2023-10-07 11:00:00,190.6402304
2023-10-07 12:00:00,110.0018241
2023-10-07 13:00:00,74.68226448
2023-10-07 14:00:00,80.18305398
2023-10-07 15:00:00,160.4553253
2023-10-07 16:00:00,4.133660774
2023-10-07 17:00:00,0.0
2023-10-07 18:00:00,0.0
2023-10-07 19:00:00,0.0
2023-10-07 20:00:00,0.0
2023-10-07 21:00:00,0.0
2023-10-07 22:00:00,0.0
2023-10-07 23:00:00,0.0
2023-10-08 00:00:00,0.0
2023-10-08 01:00:00,0.0
2023-10-08 02:00:00,0.0
2023-10-08 03:00:00,0.0
2023-10-08 04:00:00,0.0
2023-10-08 05:00:00,0.0
2023-10-08 06:00:00,27.59780944
2023-10-08 07:00:00,23.68819259
2023-10-08 08:00:00,14.65545967
2023-10-08 09:00:00,37.69135294
2023-10-08 10:00:00,31.70721121
2023-10-08 11:00:00,36.65835612
2023-10-08 12:00:00,28.14941055
2023-10-08 13:00:00,30.2353117
2023-10-08 14:00:00,20.72009515
2023-10-08 15:00:00,9.62844083
2023-10-08 16:00:00,0.087302147
2023-10-08 17:00:00,0.0
2023-10-08 18:00:00,0.0
2023-10-08 19:00:00,0.0
2023-10-08 20:00:00,0.0
2023-10-08 21:00:00,0.0
2023-10-08 22:00:00,0.0
2023-10-08 23:00:00,0.0
2023-10-09 00:00:00,0.0
2023-10-09 01:00:00,0.0
2023-10-09 02:00:00,0.0
2023-10-09 03:00:00,0.0
2023-10-09 04:00:00,0.0
2023-10-09 05:00:00,0.0
2023-10-09 06:00:00,50.72514407
2023-10-09 07:00:00,114.946896
2023-10-09 08:00:00,229.7092656
2023-10-09 09:00:00,300.7862014
2023-10-09 10:00:00,199.9533271
2023-10-09 11:00:00,190.6478396
2023-10-09 12:00:00,46.4151641
2023-10-09 13:00:00,35.89346932
2023-10-09 14:00:00,65.33821581
2023-10-09 15:00:00,16.3073406
2023-10-09 16:00:00,0.619332054
2023-10-09 17:00:00,0.0
2023-10-09 18:00:00,0.0
2023-10-09 19:00:00,0.0
2023-10-09 20:00:00,0.0
2023-10-09 21:00:00,0.0
2023-10-09 22:00:00,0.0
2023-10-09 23:00:00,0.0
2023-10-10 00:00:00,0.0
2023-10-10 01:00:00,0.0
2023-10-10 02:00:00,0.0
2023-10-10 03:00:00,0.0
2023-10-10 04:00:00,0.0
2023-10-10 05:00:00,0.0
2023-10-10 06:00:00,13.29757475
2023-10-10 07:00:00,27.41197996
2023-10-10 08:00:00,80.87863456
2023-10-10 09:00:00,80.51524933
2023-10-10 10:00:00,176.9840124
2023-10-10 11:00:00,174.3135127
2023-10-10 12:00:00,23.70816162
2023-10-10 13:00:00,77.16564688
2023-10-10 14:00:00,92.8725085
2023-10-10 15:00:00,10.71698226
2023-10-10 16:00:00,0.0
2023-10-10 17:00:00,0.0
2023-10-10 18:00:00,0.0
2023-10-10 19:00:00,0.0
2023-10-10 20:00:00,0.0
2023-10-10 21:00:00,0.0
2023-10-10 22:00:00,0.0
2023-10-10 23:00:00,0.0
2023-10-11 00:00:00,0.0
2023-10-11 01:00:00,0.0
2023-10-11 02:00:00,0.0
2023-10-11 03:00:00,0.0
2023-10-11 04:00:00,0.0
2023-10-11 05:00:00,0.0
2023-10-11 06:00:00,10.79822197
2023-10-11 07:00:00,51.21393076
2023-10-11 08:00:00,67.50240795
2023-10-11 09:00:00,81.06580643
2023-10-11 10:00:00,163.0024818
2023-10-11 11:00:00,285.4005873
2023-10-11 12:00:00,258.6381355
2023-10-11 13:00:00,205.772688
2023-10-11 14:00:00,237.2919209
2023-10-11 15:00:00,127.6140934
2023-10-11 16:00:00,0.0
2023-10-11 17:00:00,0.0
2023-10-11 18:00:00,0.0
2023-10-11 19:00:00,0.0
2023-10-11 20:00:00,0.0
2023-10-11 21:00:00,0.0
2023-10-11 22:00:00,0.0
2023-10-11 23:00:00,0.0
2023-10-12 00:00:00,0.0
2023-10-12 01:00:00,0.0
2023-10-12 02:00:00,0.0
2023-10-12 03:00:00,0.0
2023-10-12 04:00:00,0.0
2023-10-12 05:00:00,0.0
2023-10-12 06:00:00,17.37674835
2023-10-12 07:00:00,150.7509835
2023-10-12 08:00:00,84.3541966
2023-10-12 09:00:00,118.2177595
2023-10-12 10:00:00,42.35836763
2023-10-12 11:00:00,25.14012249
2023-10-12 12:00:00,59.45302241
2023-10-12 13:00:00,46.71498039
2023-10-12 14:00:00,34.28766968
2023-10-12 15:00:00,76.67353754
2023-10-12 16:00:00,0.0
2023-10-12 17:00:00,0.0
2023-10-12 18:00:00,0.0
2023-10-12 19:00:00,0.0
2023-10-12 20:00:00,0.0
2023-10-12 21:00:00,0.0
2023-10-12 22:00:00,0.0
2023-10-12 23:00:00,0.0
2023-10-13 00:00:00,0.0
2023-10-13 01:00:00,0.0
2023-10-13 02:00:00,0.0
2023-10-13 03:00:00,0.0
2023-10-13 04:00:00,0.0
2023-10-13 05:00:00,0.0
2023-10-13 06:00:00,17.86653405
2023-10-13 07:00:00,54.118138
2023-10-13 08:00:00,173.4030208
2023-10-13 09:00:00,177.8746188
2023-10-13 10:00:00,245.8757402
2023-10-13 11:00:00,405.8179077
2023-10-13 12:00:00,394.1270873
2023-10-13 13:00:00,184.4680565
2023-10-13 14:00:00,146.9305695
2023-10-13 15:00:00,100.3306762
2023-10-13 16:00:00,0.0
2023-10-13 17:00:00,0.0
2023-10-13 18:00:00,0.0
2023-10-13 19:00:00,0.0
2023-10-13 20:00:00,0.0
2023-10-13 21:00:00,0.0
2023-10-13 22:00:00,0.0
2023-10-13 23:00:00,0.0
2023-10-14 00:00:00,0.0
2023-10-14 01:00:00,0.0
2023-10-14 02:00:00,0.0
2023-10-14 03:00:00,0.0
2023-10-14 04:00:00,0.0
2023-10-14 05:00:00,0.0
2023-10-14 06:00:00,17.87784926
2023-10-14 07:00:00,141.389439
2023-10-14 08:00:00,276.5191635
2023-10-14 09:00:00,355.32666
2023-10-14 10:00:00,414.8589514
2023-10-14 11:00:00,396.8376094
2023-10-14 12:00:00,402.728897
2023-10-14 13:00:00,335.3742862
2023-10-14 14:00:00,247.1825143
2023-10-14 15:00:00,135.1529278
2023-10-14 16:00:00,0.0
2023-10-14 17:00:00,0.0
2023-10-14 18:00:00,0.0
2023-10-14 19:00:00,0.0
2023-10-14 20:00:00,0.0
2023-10-14 21:00:00,0.0
2023-10-14 22:00:00,0.0
2023-10-14 23:00:00,0.0
2023-10-15 00:00:00,0.0
2023-10-15 01:00:00,0.0
2023-10-15 02:00:00,0.0
2023-10-15 03:00:00,0.0
2023-10-15 04:00:00,0.0
2023-10-15 05:00:00,0.0
2023-10-15 06:00:00,13.79692685
2023-10-15 07:00:00,171.8007035
2023-10-15 08:00:00,276.0597421
2023-10-15 09:00:00,356.1514563
2023-10-15 10:00:00,407.4301112
2023-10-15 11:00:00,431.3692914
2023-10-15 12:00:00,402.2073558
2023-10-15 13:00:00,337.0995367
2023-10-15 14:00:00,243.4832222
2023-10-15 15:00:00,134.2865772
2023-10-15 16:00:00,0.0
2023-10-15 17:00:00,0.0
2023-10-15 18:00:00,0.0
2023-10-15 19:00:00,0.0
2023-10-15 20:00:00,0.0
2023-10-15 21:00:00,0.0
2023-10-15 22:00:00,0.0
2023-10-15 23:00:00,0.0
2023-10-16 00:00:00,0.0
2023-10-16 01:00:00,0.0
2023-10-16 02:00:00,0.0
2023-10-16 03:00:00,0.0
2023-10-16 04:00:00,0.0
2023-10-16 05:00:00,0.0
2023-10-16 06:00:00,12.79547813
2023-10-16 07:00:00,169.3500006
2023-10-16 08:00:00,275.5063707
2023-10-16 09:00:00,357.6609723
2023-10-16 10:00:00,404.0775843
2023-10-16 11:00:00,428.5605917
2023-10-16 12:00:00,399.7950918
2023-10-16 13:00:00,335.0640707
2023-10-16 14:00:00,241.3766931
2023-10-16 15:00:00,128.3920547
2023-10-16 16:00:00,0.0
2023-10-16 17:00:00,0.0
2023-10-16 18:00:00,0.0
2023-10-16 19:00:00,0.0
2023-10-16 20:00:00,0.0
2023-10-16 21:00:00,0.0
2023-10-16 22:00:00,0.0
2023-10-16 23:00:00,0.0
2023-10-17 00:00:00,0.0
2023-10-17 01:00:00,0.0
2023-10-17 02:00:00,0.0
2023-10-17 03:00:00,0.0
2023-10-17 04:00:00,0.0
2023-10-17 05:00:00,0.0
2023-10-17 06:00:00,12.78531123
2023-10-17 07:00:00,166.8298618
2023-10-17 08:00:00,272.5017235
2023-10-17 09:00:00,357.4025491
2023-10-17 10:00:00,407.7884451
2023-10-17 11:00:00,428.15929
2023-10-17 12:00:00,402.1821238
2023-10-17 13:00:00,333.1751915
2023-10-17 14:00:00,244.2371862
2023-10-17 15:00:00,102.8915135
2023-10-17 16:00:00,0.0
2023-10-17 17:00:00,0.0
2023-10-17 18:00:00,0.0
2023-10-17 19:00:00,0.0
2023-10-17 20:00:00,0.0
2023-10-17 21:00:00,0.0
2023-10-17 22:00:00,0.0
2023-10-17 23:00:00,0.0
2023-10-18 00:00:00,0.0
2023-10-18 01:00:00,0.0
2023-10-18 02:00:00,0.0
2023-10-18 03:00:00,0.0
2023-10-18 04:00:00,0.0
2023-10-18 05:00:00,0.0
2023-10-18 06:00:00,10.78682107
2023-10-18 07:00:00,70.1230623
2023-10-18 08:00:00,83.71942711
2023-10-18 09:00:00,119.4755194
2023-10-18 10:00:00,66.02472435
2023-10-18 11:00:00,106.0375775
2023-10-18 12:00:00,56.38134371
2023-10-18 13:00:00,57.88367471
2023-10-18 14:00:00,46.83036559
2023-10-18 15:00:00,33.34981319
2023-10-18 16:00:00,0.0
2023-10-18 17:00:00,0.0
2023-10-18 18:00:00,0.0
2023-10-18 19:00:00,0.0
2023-10-18 20:00:00,0.0
2023-10-18 21:00:00,0.0
2023-10-18 22:00:00,0.0
2023-10-18 23:00:00,0.0
2023-10-19 00:00:00,0.0
2023-10-19 01:00:00,0.0
2023-10-19 02:00:00,0.0
2023-10-19 03:00:00,0.0
2023-10-19 04:00:00,0.0
2023-10-19 05:00:00,0.0
2023-10-19 06:00:00,12.30457284
2023-10-19 07:00:00,70.2314645
2023-10-19 08:00:00,138.5541467
2023-10-19 09:00:00,153.095156
2023-10-19 10:00:00,222.1539805
2023-10-19 11:00:00,334.8635674
2023-10-19 12:00:00,360.193263
2023-10-19 13:00:00,321.9268548
2023-10-19 14:00:00,230.0124735
2023-10-19 15:00:00,113.9929343
2023-10-19 16:00:00,0.0
2023-10-19 17:00:00,0.0
2023-10-19 18:00:00,0.0
2023-10-19 19:00:00,0.0
2023-10-19 20:00:00,0.0
2023-10-19 21:00:00,0.0
2023-10-19 22:00:00,0.0
2023-10-19 23:00:00,0.0
2023-10-20 00:00:00,0.0
2023-10-20 01:00:00,0.0
2023-10-20 02:00:00,0.0
2023-10-20 03:00:00,0.0
2023-10-20 04:00:00,0.0
2023-10-20 05:00:00,0.0
2023-10-20 06:00:00,10.24521392
2023-10-20 07:00:00,98.3044702
2023-10-20 08:00:00,226.7884775
2023-10-20 09:00:00,250.6966701
2023-10-20 10:00:00,342.7473713
2023-10-20 11:00:00,406.9964297
2023-10-20 12:00:00,212.9819226
2023-10-20 13:00:00,317.0315596
2023-10-20 14:00:00,222.0029632
2023-10-20 15:00:00,99.24268012
2023-10-20 16:00:00,0.0
2023-10-20 17:00:00,0.0
2023-10-20 18:00:00,0.0
2023-10-20 19:00:00,0.0
2023-10-20 20:00:00,0.0
2023-10-20 21:00:00,0.0
2023-10-20 22:00:00,0.0
2023-10-20 23:00:00,0.0
2023-10-21 00:00:00,0.0
2023-10-21 01:00:00,0.0
2023-10-21 02:00:00,0.0
2023-10-21 03:00:00,0.0
2023-10-21 04:00:00,0.0
2023-10-21 05:00:00,0.0
2023-10-21 06:00:00,7.235163116
2023-10-21 07:00:00,42.74275823
2023-10-21 08:00:00,110.1984249
2023-10-21 09:00:00,71.32904281
2023-10-21 10:00:00,110.2639679
2023-10-21 11:00:00,172.4534546
2023-10-21 12:00:00,147.0358601
2023-10-21 13:00:00,64.03578885
2023-10-21 14:00:00,57.15203343
2023-10-21 15:00:00,42.68961235
2023-10-21 16:00:00,0.0
2023-10-21 17:00:00,0.0
2023-10-21 18:00:00,0.0
2023-10-21 19:00:00,0.0
2023-10-21 20:00:00,0.0
2023-10-21 21:00:00,0.0
2023-10-21 22:00:00,0.0
2023-10-21 23:00:00,0.0
2023-10-22 00:00:00,0.0
2023-10-22 01:00:00,0.0
2023-10-22 02:00:00,0.0
2023-10-22 03:00:00,0.0
2023-10-22 04:00:00,0.0
2023-10-22 05:00:00,0.0
2023-10-22 06:00:00,9.767575312
2023-10-22 07:00:00,40.14629501
2023-10-22 08:00:00,20.33684983
2023-10-22 09:00:00,30.89207283
2023-10-22 10:00:00,68.89948723
2023-10-22 11:00:00,102.516127
2023-10-22 12:00:00,96.6184637
2023-10-22 13:00:00,87.58303203
2023-10-22 14:00:00,51.26935323
2023-10-22 15:00:00,26.88070664
2023-10-22 16:00:00,0.0
2023-10-22 17:00:00,0.0
2023-10-22 18:00:00,0.0
2023-10-22 19:00:00,0.0
2023-10-22 20:00:00,0.0
2023-10-22 21:00:00,0.0
2023-10-22 22:00:00,0.0
2023-10-22 23:00:00,0.0
2023-10-23 00:00:00,0.0
2023-10-23 01:00:00,0.0
2023-10-23 02:00:00,0.0
2023-10-23 03:00:00,0.0
2023-10-23 04:00:00,0.0
2023-10-23 05:00:00,0.0
2023-10-23 06:00:00,8.652798093
2023-10-23 07:00:00,111.4836475
2023-10-23 08:00:00,62.85959493
2023-10-23 09:00:00,40.06301778
2023-10-23 10:00:00,66.92472675
2023-10-23 11:00:00,75.03334029
2023-10-23 12:00:00,29.18997426
2023-10-23 13:00:00,28.15873679
2023-10-23 14:00:00,25.1204653
2023-10-23 15:00:00,32.57083203
2023-10-23 16:00:00,0.0
2023-10-23 17:00:00,0.0
2023-10-23 18:00:00,0.0
2023-10-23 19:00:00,0.0
2023-10-23 20:00:00,0.0
2023-10-23 21:00:00,0.0
2023-10-23 22:00:00,0.0
2023-10-23 23:00:00,0.0
2023-10-24 00:00:00,0.0
2023-10-24 01:00:00,0.0
2023-10-24 02:00:00,0.0
2023-10-24 03:00:00,0.0
2023-10-24 04:00:00,0.0
2023-10-24 05:00:00,0.0
2023-10-24 06:00:00,5.158300624
2023-10-24 07:00:00,63.47635746
2023-10-24 08:00:00,52.21202316
2023-10-24 09:00:00,181.1250226
2023-10-24 10:00:00,241.8809643
2023-10-24 11:00:00,85.60948954
2023-10-24 12:00:00,147.0007496
2023-10-24 13:00:00,34.85871271
2023-10-24 14:00:00,66.69449455
2023-10-24 15:00:00,10.76366992
2023-10-24 16:00:00,0.0
2023-10-24 17:00:00,0.0
2023-10-24 18:00:00,0.0
2023-10-24 19:00:00,0.0
2023-10-24 20:00:00,0.0
2023-10-24 21:00:00,0.0
2023-10-24 22:00:00,0.0
2023-10-24 23:00:00,0.0
2023-10-25 00:00:00,0.0
2023-10-25 01:00:00,0.0
2023-10-25 02:00:00,0.0
2023-10-25 03:00:00,0.0
2023-10-25 04:00:00,0.0
2023-10-25 05:00:00,0.0
2023-10-25 06:00:00,5.713587533
2023-10-25 07:00:00,33.80286097
2023-10-25 08:00:00,72.29130341
2023-10-25 09:00:00,68.95375009
2023-10-25 10:00:00,178.1242825
2023-10-25 11:00:00,224.44751
2023-10-25 12:00:00,200.4786455
2023-10-25 13:00:00,238.9282823
2023-10-25 14:00:00,117.3277233
2023-10-25 15:00:00,84.60381074
2023-10-25 16:00:00,0.0
2023-10-25 17:00:00,0.0
2023-10-25 18:00:00,0.0
2023-10-25 19:00:00,0.0
2023-10-25 20:00:00,0.0
2023-10-25 21:00:00,0.0
2023-10-25 22:00:00,0.0
2023-10-25 23:00:00,0.0
2023-10-26 00:00:00,0.0
2023-10-26 01:00:00,0.0
2023-10-26 02:00:00,0.0
2023-10-26 03:00:00,0.0
2023-10-26 04:00:00,0.0
2023-10-26 05:00:00,0.0
2023-10-26 06:00:00,4.201596929
2023-10-26 07:00:00,39.10261038
2023-10-26 08:00:00,83.7028729
2023-10-26 09:00:00,61.70511172
2023-10-26 10:00:00,147.003054
2023-10-26 11:00:00,135.0774831
2023-10-26 12:00:00,39.41545209
2023-10-26 13:00:00,29.86629269
2023-10-26 14:00:00,79.08161515
2023-10-26 15:00:00,15.5807849
2023-10-26 16:00:00,0.0
2023-10-26 17:00:00,0.0
2023-10-26 18:00:00,0.0
2023-10-26 19:00:00,0.0
2023-10-26 20:00:00,0.0
2023-10-26 21:00:00,0.0
2023-10-26 22:00:00,0.0
2023-10-26 23:00:00,0.0
2023-10-27 00:00:00,0.0
2023-10-27 01:00:00,0.0
2023-10-27 02:00:00,0.0
2023-10-27 03:00:00,0.0
2023-10-27 04:00:00,0.0
2023-10-27 05:00:00,0.0
2023-10-27 06:00:00,1.620444894
2023-10-27 07:00:00,18.66804367
2023-10-27 08:00:00,26.55419539
2023-10-27 09:00:00,22.56596005
2023-10-27 10:00:00,73.94165796
2023-10-27 11:00:00,235.4709943
2023-10-27 12:00:00,30.15548645
2023-10-27 13:00:00,13.6473058
2023-10-27 14:00:00,104.4322338
2023-10-27 15:00:00,80.90003707
2023-10-27 16:00:00,0.0
2023-10-27 17:00:00,0.0
2023-10-27 18:00:00,0.0
2023-10-27 19:00:00,0.0
2023-10-27 20:00:00,0.0
2023-10-27 21:00:00,0.0
2023-10-27 22:00:00,0.0
2023-10-27 23:00:00,0.0
2023-10-28 00:00:00,0.0
2023-10-28 01:00:00,0.0
2023-10-28 02:00:00,0.0
2023-10-28 03:00:00,0.0
2023-10-28 04:00:00,0.0
2023-10-28 05:00:00,0.0
2023-10-28 06:00:00,2.095406091
2023-10-28 07:00:00,20.61686375
2023-10-28 08:00:00,28.61295597
2023-10-28 09:00:00,64.27621725
2023-10-28 10:00:00,41.83189564
2023-10-28 11:00:00,34.87718595
2023-10-28 12:00:00,44.45225338
2023-10-28 13:00:00,27.0106407
2023-10-28 14:00:00,34.77290145
2023-10-28 15:00:00,9.58193894
2023-10-28 16:00:00,0.0
2023-10-28 17:00:00,0.0
2023-10-28 18:00:00,0.0
2023-10-28 19:00:00,0.0
2023-10-28 20:00:00,0.0
2023-10-28 21:00:00,0.0
2023-10-28 22:00:00,0.0
2023-10-28 23:00:00,0.0
2023-10-29 00:00:00,0.0
2023-10-29 01:00:00,0.0
2023-10-29 02:00:00,0.0
2023-10-29 03:00:00,0.0
2023-10-29 04:00:00,0.0
2023-10-29 05:00:00,0.0
2023-10-29 06:00:00,1.523166566
2023-10-29 07:00:00,22.23693259
2023-10-29 08:00:00,20.23880733
2023-10-29 09:00:00,24.10931332
2023-10-29 10:00:00,30.62821796
2023-10-29 11:00:00,308.6115431
2023-10-29 12:00:00,129.8770288
2023-10-29 13:00:00,199.6053799
2023-10-29 14:00:00,30.28076202
2023-10-29 15:00:00,30.9002451
2023-10-29 16:00:00,0.0
2023-10-29 17:00:00,0.0
2023-10-29 18:00:00,0.0
2023-10-29 19:00:00,0.0
2023-10-29 20:00:00,0.0
2023-10-29 21:00:00,0.0
2023-10-29 22:00:00,0.0
2023-10-29 23:00:00,0.0
2023-10-30 00:00:00,0.0
2023-10-30 01:00:00,0.0
2023-10-30 02:00:00,0.0
2023-10-30 03:00:00,0.0
2023-10-30 04:00:00,0.0
2023-10-30 05:00:00,0.0
2023-10-30 06:00:00,0.0
2023-10-30 07:00:00,38.3988354
2023-10-30 08:00:00,27.57912234
2023-10-30 09:00:00,65.64416691
2023-10-30 10:00:00,24.07533648
2023-10-30 11:00:00,53.33348423
2023-10-30 12:00:00,356.4136828
2023-10-30 13:00:00,22.62504392
2023-10-30 14:00:00,128.7066697
2023-10-30 15:00:00,26.80863944
2023-10-30 16:00:00,0.0
2023-10-30 17:00:00,0.0
2023-10-30 18:00:00,0.0
2023-10-30 19:00:00,0.0
2023-10-30 20:00:00,0.0
2023-10-30 21:00:00,0.0
2023-10-30 22:00:00,0.0
2023-10-30 23:00:00,0.0
2023-10-31 00:00:00,0.0
2023-10-31 01:00:00,0.0
2023-10-31 02:00:00,0.0
2023-10-31 03:00:00,0.0
2023-10-31 04:00:00,0.0
2023-10-31 05:00:00,0.0
2023-10-31 06:00:00,0.0
2023-10-31 07:00:00,54.61597152
2023-10-31 08:00:00,69.06285992
2023-10-31 09:00:00,166.8949476
2023-10-31 10:00:00,233.3082208
2023-10-31 11:00:00,251.7634914
2023-10-31 12:00:00,224.5225155
2023-10-31 13:00:00,124.1200616
2023-10-31 14:00:00,125.8670278
2023-10-31 15:00:00,30.75080604
2023-10-31 16:00:00,0.0
2023-10-31 17:00:00,0.0
2023-10-31 18:00:00,0.0
2023-10-31 19:00:00,0.0
2023-10-31 20:00:00,0.0
2023-10-31 21:00:00,0.0
2023-10-31 22:00:00,0.0
2023-10-31 23:00:00,0.0
2023-11-01 00:00:00,0.0
2023-11-01 01:00:00,0.0
2023-11-01 02:00:00,0.0
2023-11-01 03:00:00,0.0
2023-11-01 04:00:00,0.0
2023-11-01 05:00:00,0.0
2023-11-01 06:00:00,0.099987496
2023-11-01 07:00:00,143.6929121
2023-11-01 08:00:00,241.5159687
2023-11-01 09:00:00,326.2075584
2023-11-01 10:00:00,374.9276395
2023-11-01 11:00:00,411.3449233
2023-11-01 12:00:00,361.0233841
2023-11-01 13:00:00,297.2562543
2023-11-01 14:00:00,201.8108437
2023-11-01 15:00:00,51.24011683
2023-11-01 16:00:00,0.0
2023-11-01 17:00:00,0.0
2023-11-01 18:00:00,0.0
2023-11-01 19:00:00,0.0
2023-11-01 20:00:00,0.0
2023-11-01 21:00:00,0.0
2023-11-01 22:00:00,0.0
2023-11-01 23:00:00,0.0
2023-11-02 00:00:00,0.0
2023-11-02 01:00:00,0.0
2023-11-02 02:00:00,0.0
2023-11-02 03:00:00,0.0
2023-11-02 04:00:00,0.0
2023-11-02 05:00:00,0.0
2023-11-02 06:00:00,0.0
2023-11-02 07:00:00,27.62248359
2023-11-02 08:00:00,34.66610901
2023-11-02 09:00:00,41.71872985
2023-11-02 10:00:00,47.74045396
2023-11-02 11:00:00,37.61279209
2023-11-02 12:00:00,36.60906522
2023-11-02 13:00:00,70.16354718
2023-11-02 14:00:00,158.8408212
2023-11-02 15:00:00,14.66608491
2023-11-02 16:00:00,0.0
2023-11-02 17:00:00,0.0
2023-11-02 18:00:00,0.0
2023-11-02 19:00:00,0.0
2023-11-02 20:00:00,0.0
2023-11-02 21:00:00,0.0
2023-11-02 22:00:00,0.0
2023-11-02 23:00:00,0.0
2023-11-03 00:00:00,0.0
2023-11-03 01:00:00,0.0
2023-11-03 02:00:00,0.0
2023-11-03 03:00:00,0.0
2023-11-03 04:00:00,0.0
2023-11-03 05:00:00,0.0
2023-11-03 06:00:00,0.0
2023-11-03 07:00:00,30.38946674
2023-11-03 08:00:00,30.03855099
2023-11-03 09:00:00,74.87815555
2023-11-03 10:00:00,283.081992
2023-11-03 11:00:00,298.4303008
2023-11-03 12:00:00,354.862612
2023-11-03 13:00:00,305.6712435
2023-11-03 14:00:00,192.5049031
2023-11-03 15:00:00,70.4015605
2023-11-03 16:00:00,0.0
2023-11-03 17:00:00,0.0
2023-11-03 18:00:00,0.0
2023-11-03 19:00:00,0.0
2023-11-03 20:00:00,0.0
2023-11-03 21:00:00,0.0
2023-11-03 22:00:00,0.0
2023-11-03 23:00:00,0.0
2023-11-04 00:00:00,0.0
2023-11-04 01:00:00,0.0
2023-11-04 02:00:00,0.0
2023-11-04 03:00:00,0.0
2023-11-04 04:00:00,0.0
2023-11-04 05:00:00,0.0
2023-11-04 06:00:00,0.0
2023-11-04 07:00:00,136.4873054
2023-11-04 08:00:00,105.9378517
2023-11-04 09:00:00,173.8385177
2023-11-04 10:00:00,177.5237533
2023-11-04 11:00:00,215.7405715
2023-11-04 12:00:00,87.56014803
2023-11-04 13:00:00,112.7337584
2023-11-04 14:00:00,78.72653045
2023-11-04 15:00:00,39.27703454
2023-11-04 16:00:00,0.0
2023-11-04 17:00:00,0.0
2023-11-04 18:00:00,0.0
2023-11-04 19:00:00,0.0
2023-11-04 20:00:00,0.0
2023-11-04 21:00:00,0.0
2023-11-04 22:00:00,0.0
2023-11-04 23:00:00,0.0
2023-11-05 00:00:00,0.0
2023-11-05 01:00:00,0.0
2023-11-05 02:00:00,0.0
2023-11-05 03:00:00,0.0
2023-11-05 04:00:00,0.0
2023-11-05 05:00:00,0.0
2023-11-05 06:00:00,0.0
2023-11-05 07:00:00,96.62829558
2023-11-05 08:00:00,67.18768806
2023-11-05 09:00:00,308.288753
2023-11-05 10:00:00,352.382099
2023-11-05 11:00:00,384.7361621
2023-11-05 12:00:00,337.2549024
2023-11-05 13:00:00,286.9639602
2023-11-05 14:00:00,181.711781
2023-11-05 15:00:00,42.30146271
2023-11-05 16:00:00,0.0
2023-11-05 17:00:00,0.0
2023-11-05 18:00:00,0.0
2023-11-05 19:00:00,0.0
2023-11-05 20:00:00,0.0
2023-11-05 21:00:00,0.0
2023-11-05 22:00:00,0.0
2023-11-05 23:00:00,0.0
2023-11-06 00:00:00,0.0
2023-11-06 01:00:00,0.0
2023-11-06 02:00:00,0.0
2023-11-06 03:00:00,0.0
2023-11-06 04:00:00,0.0
2023-11-06 05:00:00,0.0
2023-11-06 06:00:00,0.0
2023-11-06 07:00:00,111.5469775
2023-11-06 08:00:00,123.7420414
2023-11-06 09:00:00,158.0147868
2023-11-06 10:00:00,181.1295646
2023-11-06 11:00:00,179.3157351
2023-11-06 12:00:00,138.7098322
2023-11-06 13:00:00,197.3779785
2023-11-06 14:00:00,91.09523306
2023-11-06 15:00:00,64.16227029
2023-11-06 16:00:00,0.0
2023-11-06 17:00:00,0.0
2023-11-06 18:00:00,0.0
2023-11-06 19:00:00,0.0
2023-11-06 20:00:00,0.0
2023-11-06 21:00:00,0.0
2023-11-06 22:00:00,0.0
2023-11-06 23:00:00,0.0
2023-11-07 00:00:00,0.0
2023-11-07 01:00:00,0.0
2023-11-07 02:00:00,0.0
2023-11-07 03:00:00,0.0
2023-11-07 04:00:00,0.0
2023-11-07 05:00:00,0.0
2023-11-07 06:00:00,0.0
2023-11-07 07:00:00,23.89475662
2023-11-07 08:00:00,22.98081283
2023-11-07 09:00:00,27.53371257
2023-11-07 10:00:00,26.51749078
2023-11-07 11:00:00,29.54230848
2023-11-07 12:00:00,39.63821273
2023-11-07 13:00:00,39.65689645
2023-11-07 14:00:00,20.9535008
2023-11-07 15:00:00,2.668121901
2023-11-07 16:00:00,0.0
2023-11-07 17:00:00,0.0
2023-11-07 18:00:00,0.0
2023-11-07 19:00:00,0.0
2023-11-07 20:00:00,0.0
2023-11-07 21:00:00,0.0
2023-11-07 22:00:00,0.0
2023-11-07 23:00:00,0.0
2023-11-08 00:00:00,0.0
2023-11-08 01:00:00,0.0
2023-11-08 02:00:00,0.0
2023-11-08 03:00:00,0.0
2023-11-08 04:00:00,0.0
2023-11-08 05:00:00,0.0
2023-11-08 06:00:00,0.0
2023-11-08 07:00:00,23.94870972
2023-11-08 08:00:00,39.80711803
2023-11-08 09:00:00,52.24800611
2023-11-08 10:00:00,93.83230366
2023-11-08 11:00:00,22.98403657
2023-11-08 12:00:00,168.7816229
2023-11-08 13:00:00,272.597258
2023-11-08 14:00:00,176.4851228
2023-11-08 15:00:00,40.55060423
2023-11-08 16:00:00,0.0
2023-11-08 17:00:00,0.0
2023-11-08 18:00:00,0.0
2023-11-08 19:00:00,0.0
2023-11-08 20:00:00,0.0
2023-11-08 21:00:00,0.0
2023-11-08 22:00:00,0.0
2023-11-08 23:00:00,0.0
2023-11-09 00:00:00,0.0
2023-11-09 01:00:00,0.0
2023-11-09 02:00:00,0.0
2023-11-09 03:00:00,0.0
2023-11-09 04:00:00,0.0
2023-11-09 05:00:00,0.0
2023-11-09 06:00:00,0.0
2023-11-09 07:00:00,102.2337795
2023-11-09 08:00:00,138.1910585
2023-11-09 09:00:00,194.7798873
2023-11-09 10:00:00,252.9223566
2023-11-09 11:00:00,301.5586061
2023-11-09 12:00:00,285.8197509
2023-11-09 13:00:00,109.5792773
2023-11-09 14:00:00,94.99175373
2023-11-09 15:00:00,23.29604011
2023-11-09 16:00:00,0.0
2023-11-09 17:00:00,0.0
2023-11-09 18:00:00,0.0
2023-11-09 19:00:00,0.0
2023-11-09 20:00:00,0.0
2023-11-09 21:00:00,0.0
2023-11-09 22:00:00,0.0
2023-11-09 23:00:00,0.0
2023-11-10 00:00:00,0.0
2023-11-10 01:00:00,0.0
2023-11-10 02:00:00,0.0
2023-11-10 03:00:00,0.0
2023-11-10 04:00:00,0.0
2023-11-10 05:00:00,0.0
2023-11-10 06:00:00,0.0
2023-11-10 07:00:00,22.94666933
2023-11-10 08:00:00,79.60637627
2023-11-10 09:00:00,95.75431626
2023-11-10 10:00:00,265.8059967
2023-11-10 11:00:00,211.6471759
2023-11-10 12:00:00,0.0
2023-11-10 13:00:00,243.6809019
2023-11-10 14:00:00,139.2155917
2023-11-10 15:00:00,28.18621039
2023-11-10 16:00:00,0.0
2023-11-10 17:00:00,0.0
2023-11-10 18:00:00,0.0
2023-11-10 19:00:00,0.0
2023-11-10 20:00:00,0.0
2023-11-10 21:00:00,0.0
2023-11-10 22:00:00,0.0
2023-11-10 23:00:00,0.0
2023-11-11 00:00:00,0.0
2023-11-11 01:00:00,0.0
2023-11-11 02:00:00,0.0
2023-11-11 03:00:00,0.0
2023-11-11 04:00:00,0.0
2023-11-11 05:00:00,0.0
2023-11-11 06:00:00,0.0
2023-11-11 07:00:00,34.16513386
2023-11-11 08:00:00,48.38797716
2023-11-11 09:00:00,46.1244422
2023-11-11 10:00:00,61.73502416
2023-11-11 11:00:00,68.35169624
2023-11-11 12:00:00,108.1659642
2023-11-11 13:00:00,31.97230066
2023-11-11 14:00:00,71.32804915
2023-11-11 15:00:00,16.6360018
2023-11-11 16:00:00,0.0
2023-11-11 17:00:00,0.0
2023-11-11 18:00:00,0.0
2023-11-11 19:00:00,0.0
2023-11-11 20:00:00,0.0
2023-11-11 21:00:00,0.0
2023-11-11 22:00:00,0.0
2023-11-11 23:00:00,0.0
2023-11-12 00:00:00,0.0
2023-11-12 01:00:00,0.0
2023-11-12 02:00:00,0.0
2023-11-12 03:00:00,0.0
2023-11-12 04:00:00,0.0
2023-11-12 05:00:00,0.0
2023-11-12 06:00:00,0.0
2023-11-12 07:00:00,13.32666933
2023-11-12 08:00:00,23.9992896
2023-11-12 09:00:00,11.3300422
2023-11-12 10:00:00,24.05800657
2023-11-12 11:00:00,85.17364793
2023-11-12 12:00:00,40.72674086
2023-11-12 13:00:00,53.0406028
2023-11-12 14:00:00,29.74048448
2023-11-12 15:00:00,1.139490827
2023-11-12 16:00:00,0.0
2023-11-12 17:00:00,0.0
2023-11-12 18:00:00,0.0
2023-11-12 19:00:00,0.0
2023-11-12 20:00:00,0.0
2023-11-12 21:00:00,0.0
2023-11-12 22:00:00,0.0
2023-11-12 23:00:00,0.0
2023-11-13 00:00:00,0.0
2023-11-13 01:00:00,0.0
2023-11-13 02:00:00,0.0
2023-11-13 03:00:00,0.0
2023-11-13 04:00:00,0.0
2023-11-13 05:00:00,0.0
2023-11-13 06:00:00,0.0
2023-11-13 07:00:00,34.05343746
2023-11-13 08:00:00,93.67371649
2023-11-13 09:00:00,54.92353188
2023-11-13 10:00:00,44.27341558
2023-11-13 11:00:00,46.28944603
2023-11-13 12:00:00,38.69486509
2023-11-13 13:00:00,54.41840697
2023-11-13 14:00:00,37.20593816
2023-11-13 15:00:00,1.139392961
2023-11-13 16:00:00,0.0
2023-11-13 17:00:00,0.0
2023-11-13 18:00:00,0.0
2023-11-13 19:00:00,0.0
2023-11-13 20:00:00,0.0
2023-11-13 21:00:00,0.0
2023-11-13 22:00:00,0.0
2023-11-13 23:00:00,0.0
2023-11-14 00:00:00,0.0
2023-11-14 01:00:00,0.0
2023-11-14 02:00:00,0.0
2023-11-14 03:00:00,0.0
2023-11-14 04:00:00,0.0
2023-11-14 05:00:00,0.0
2023-11-14 06:00:00,0.0
2023-11-14 07:00:00,18.85631696
2023-11-14 08:00:00,73.31698217
2023-11-14 09:00:00,92.10416031
2023-11-14 10:00:00,139.2780308
2023-11-14 11:00:00,126.5150194
2023-11-14 12:00:00,150.8368185
2023-11-14 13:00:00,117.0757974
2023-11-14 14:00:00,31.97383263
2023-11-14 15:00:00,1.136219513
2023-11-14 16:00:00,0.0
2023-11-14 17:00:00,0.0
2023-11-14 18:00:00,0.0
2023-11-14 19:00:00,0.0
2023-11-14 20:00:00,0.0
2023-11-14 21:00:00,0.0
2023-11-14 22:00:00,0.0
2023-11-14 23:00:00,0.0
2023-11-15 00:00:00,0.0
2023-11-15 01:00:00,0.0
2023-11-15 02:00:00,0.0
2023-11-15 03:00:00,0.0
2023-11-15 04:00:00,0.0
2023-11-15 05:00:00,0.0
2023-11-15 06:00:00,0.0
2023-11-15 07:00:00,18.89972229
2023-11-15 08:00:00,60.1300613
2023-11-15 09:00:00,61.76432736
2023-11-15 10:00:00,116.4096656
2023-11-15 11:00:00,248.4258116
2023-11-15 12:00:00,249.2882723
2023-11-15 13:00:00,222.7973746
2023-11-15 14:00:00,145.6796182
2023-11-15 15:00:00,0.630731533
2023-11-15 16:00:00,0.0
2023-11-15 17:00:00,0.0
2023-11-15 18:00:00,0.0
2023-11-15 19:00:00,0.0
2023-11-15 20:00:00,0.0
2023-11-15 21:00:00,0.0
2023-11-15 22:00:00,0.0
2023-11-15 23:00:00,0.0
2023-11-16 00:00:00,0.0
2023-11-16 01:00:00,0.0
2023-11-16 02:00:00,0.0
2023-11-16 03:00:00,0.0
2023-11-16 04:00:00,0.0
2023-11-16 05:00:00,0.0
2023-11-16 06:00:00,0.0
2023-11-16 07:00:00,2.655435357
2023-11-16 08:00:00,31.45253246
2023-11-16 09:00:00,15.29586113
2023-11-16 10:00:00,26.89218588
2023-11-16 11:00:00,19.79163304
2023-11-16 12:00:00,15.74250418
2023-11-16 13:00:00,26.34907149
2023-11-16 14:00:00,11.74457168
2023-11-16 15:00:00,0.0
2023-11-16 16:00:00,0.0
2023-11-16 17:00:00,0.0
2023-11-16 18:00:00,0.0
2023-11-16 19:00:00,0.0
2023-11-16 20:00:00,0.0
2023-11-16 21:00:00,0.0
2023-11-16 22:00:00,0.0
2023-11-16 23:00:00,0.0
2023-11-17 00:00:00,0.0
2023-11-17 01:00:00,0.0
2023-11-17 02:00:00,0.0
2023-11-17 03:00:00,0.0
2023-11-17 04:00:00,0.0
2023-11-17 05:00:00,0.0
2023-11-17 06:00:00,0.0
2023-11-17 07:00:00,12.71631273
2023-11-17 08:00:00,59.00644319
2023-11-17 09:00:00,51.27564019
2023-11-17 10:00:00,91.78537184
2023-11-17 11:00:00,65.90964499
2023-11-17 12:00:00,82.9868796
2023-11-17 13:00:00,77.68093437
2023-11-17 14:00:00,69.02416995
2023-11-17 15:00:00,0.0
2023-11-17 16:00:00,0.0
2023-11-17 17:00:00,0.0
2023-11-17 18:00:00,0.0
2023-11-17 19:00:00,0.0
2023-11-17 20:00:00,0.0
2023-11-17 21:00:00,0.0
2023-11-17 22:00:00,0.0
2023-11-17 23:00:00,0.0
2023-11-18 00:00:00,0.0
2023-11-18 01:00:00,0.0
2023-11-18 02:00:00,0.0
2023-11-18 03:00:00,0.0
2023-11-18 04:00:00,0.0
2023-11-18 05:00:00,0.0
2023-11-18 06:00:00,0.0
2023-11-18 07:00:00,16.72158244
2023-11-18 08:00:00,51.40142319
2023-11-18 09:00:00,77.96664166
2023-11-18 10:00:00,82.7210777
2023-11-18 11:00:00,75.47925528
2023-11-18 12:00:00,0.0
2023-11-18 13:00:00,35.01064639
2023-11-18 14:00:00,46.48434144
2023-11-18 15:00:00,0.0
2023-11-18 16:00:00,0.0
2023-11-18 17:00:00,0.0
2023-11-18 18:00:00,0.0
2023-11-18 19:00:00,0.0
2023-11-18 20:00:00,0.0
2023-11-18 21:00:00,0.0
2023-11-18 22:00:00,0.0
2023-11-18 23:00:00,0.0
2023-11-19 00:00:00,0.0
2023-11-19 01:00:00,0.0
2023-11-19 02:00:00,0.0
2023-11-19 03:00:00,0.0
2023-11-19 04:00:00,0.0
2023-11-19 05:00:00,0.0
2023-11-19 06:00:00,0.0
2023-11-19 07:00:00,15.21056653
2023-11-19 08:00:00,51.4808638
2023-11-19 09:00:00,25.76712494
2023-11-19 10:00:00,43.20254743
2023-11-19 11:00:00,60.16389379
2023-11-19 12:00:00,119.1549563
2023-11-19 13:00:00,97.09949995
2023-11-19 14:00:00,17.70961673
2023-11-19 15:00:00,0.0
2023-11-19 16:00:00,0.0
2023-11-19 17:00:00,0.0
2023-11-19 18:00:00,0.0
2023-11-19 19:00:00,0.0
2023-11-19 20:00:00,0.0
2023-11-19 21:00:00,0.0
2023-11-19 22:00:00,0.0
2023-11-19 23:00:00,0.0
2023-11-20 00:00:00,0.0
2023-11-20 01:00:00,0.0
2023-11-20 02:00:00,0.0
2023-11-20 03:00:00,0.0
2023-11-20 04:00:00,0.0
2023-11-20 05:00:00,0.0
2023-11-20 06:00:00,0.0
2023-11-20 07:00:00,5.090683917
2023-11-20 08:00:00,19.11335551
2023-11-20 09:00:00,13.50981523
2023-11-20 10:00:00,12.06822015
2023-11-20 11:00:00,12.55306664
2023-11-20 12:00:00,21.09569408
2023-11-20 13:00:00,12.57379086
2023-11-20 14:00:00,5.085418897
2023-11-20 15:00:00,0.0
2023-11-20 16:00:00,0.0
2023-11-20 17:00:00,0.0
2023-11-20 18:00:00,0.0
2023-11-20 19:00:00,0.0
2023-11-20 20:00:00,0.0
2023-11-20 21:00:00,0.0
2023-11-20 22:00:00,0.0
2023-11-20 23:00:00,0.0
2023-11-21 00:00:00,0.0
2023-11-21 01:00:00,0.0
2023-11-21 02:00:00,0.0
2023-11-21 03:00:00,0.0
2023-11-21 04:00:00,0.0
2023-11-21 05:00:00,0.0
2023-11-21 06:00:00,0.0
2023-11-21 07:00:00,7.625052836
2023-11-21 08:00:00,10.60543548
2023-11-21 09:00:00,14.08506218
2023-11-21 10:00:00,16.61547169
2023-11-21 11:00:00,57.86763597
2023-11-21 12:00:00,93.65242277
2023-11-21 13:00:00,14.61302923
2023-11-21 14:00:00,2.087874842
2023-11-21 15:00:00,0.0
2023-11-21 16:00:00,0.0
2023-11-21 17:00:00,0.0
2023-11-21 18:00:00,0.0
2023-11-21 19:00:00,0.0
2023-11-21 20:00:00,0.0
2023-11-21 21:00:00,0.0
2023-11-21 22:00:00,0.0
2023-11-21 23:00:00,0.0
2023-11-22 00:00:00,0.0
2023-11-22 01:00:00,0.0
2023-11-22 02:00:00,0.0
2023-11-22 03:00:00,0.0
2023-11-22 04:00:00,0.0
2023-11-22 05:00:00,0.0
2023-11-22 06:00:00,0.0
2023-11-22 07:00:00,12.52138261
2023-11-22 08:00:00,21.88414504
2023-11-22 09:00:00,13.49091788
2023-11-22 10:00:00,12.03096342
2023-11-22 11:00:00,55.27122552
2023-11-22 12:00:00,34.74385695
2023-11-22 13:00:00,46.09463288
2023-11-22 14:00:00,24.59233364
2023-11-22 15:00:00,0.0
2023-11-22 16:00:00,0.0
2023-11-22 17:00:00,0.0
2023-11-22 18:00:00,0.0
2023-11-22 19:00:00,0.0
2023-11-22 20:00:00,0.0
2023-11-22 21:00:00,0.0
2023-11-22 22:00:00,0.0
2023-11-22 23:00:00,0.0
2023-11-23 00:00:00,0.0
2023-11-23 01:00:00,0.0
2023-11-23 02:00:00,0.0
2023-11-23 03:00:00,0.0
2023-11-23 04:00:00,0.0
2023-11-23 05:00:00,0.0
2023-11-23 06:00:00,0.0
2023-11-23 07:00:00,10.49216277
2023-11-23 08:00:00,19.81169447
2023-11-23 09:00:00,20.77533577
2023-11-23 10:00:00,25.69848785
2023-11-23 11:00:00,35.44248354
2023-11-23 12:00:00,31.66546512
2023-11-23 13:00:00,16.00767898
2023-11-23 14:00:00,17.59073466
2023-11-23 15:00:00,0.0
2023-11-23 16:00:00,0.0
2023-11-23 17:00:00,0.0
2023-11-23 18:00:00,0.0
2023-11-23 19:00:00,0.0
2023-11-23 20:00:00,0.0
2023-11-23 21:00:00,0.0
2023-11-23 22:00:00,0.0
2023-11-23 23:00:00,0.0
2023-11-24 00:00:00,0.0
2023-11-24 01:00:00,0.0
2023-11-24 02:00:00,0.0
2023-11-24 03:00:00,0.0
2023-11-24 04:00:00,0.0
2023-11-24 05:00:00,0.0
2023-11-24 06:00:00,0.0
2023-11-24 07:00:00,8.780469735
2023-11-24 08:00:00,38.90549714
2023-11-24 09:00:00,35.06569705
2023-11-24 10:00:00,37.81419266
2023-11-24 11:00:00,36.36313692
2023-11-24 12:00:00,80.8378002
2023-11-24 13:00:00,9.739336906
2023-11-24 14:00:00,25.22264114
2023-11-24 15:00:00,0.0
2023-11-24 16:00:00,0.0
2023-11-24 17:00:00,0.0
2023-11-24 18:00:00,0.0
2023-11-24 19:00:00,0.0
2023-11-24 20:00:00,0.0
2023-11-24 21:00:00,0.0
2023-11-24 22:00:00,0.0
2023-11-24 23:00:00,0.0
2023-11-25 00:00:00,0.0
2023-11-25 01:00:00,0.0
2023-11-25 02:00:00,0.0
2023-11-25 03:00:00,0.0
2023-11-25 04:00:00,0.0
2023-11-25 05:00:00,0.0
2023-11-25 06:00:00,0.0
2023-11-25 07:00:00,10.21092446
2023-11-25 08:00:00,53.78571568
2023-11-25 09:00:00,20.22582687
2023-11-25 10:00:00,25.71748762
2023-11-25 11:00:00,69.96289251
2023-11-25 12:00:00,120.851022
2023-11-25 13:00:00,129.6411689
2023-11-25 14:00:00,5.645686226
2023-11-25 15:00:00,0.0
2023-11-25 16:00:00,0.0
2023-11-25 17:00:00,0.0
2023-11-25 18:00:00,0.0
2023-11-25 19:00:00,0.0
2023-11-25 20:00:00,0.0
2023-11-25 21:00:00,0.0
2023-11-25 22:00:00,0.0
2023-11-25 23:00:00,0.0
2023-11-26 00:00:00,0.0
2023-11-26 01:00:00,0.0
2023-11-26 02:00:00,0.0
2023-11-26 03:00:00,0.0
2023-11-26 04:00:00,0.0
2023-11-26 05:00:00,0.0
2023-11-26 06:00:00,0.0
2023-11-26 07:00:00,8.175162045
2023-11-26 08:00:00,23.67198924
2023-11-26 09:00:00,22.68645836
2023-11-26 10:00:00,28.6767874
2023-11-26 11:00:00,21.71259174
2023-11-26 12:00:00,67.87344981
2023-11-26 13:00:00,51.06029596
2023-11-26 14:00:00,36.89782716
2023-11-26 15:00:00,0.0
2023-11-26 16:00:00,0.0
2023-11-26 17:00:00,0.0
2023-11-26 18:00:00,0.0
2023-11-26 19:00:00,0.0
2023-11-26 20:00:00,0.0
2023-11-26 21:00:00,0.0
2023-11-26 22:00:00,0.0
2023-11-26 23:00:00,0.0
2023-11-27 00:00:00,0.0
2023-11-27 01:00:00,0.0
2023-11-27 02:00:00,0.0
2023-11-27 03:00:00,0.0
2023-11-27 04:00:00,0.0
2023-11-27 05:00:00,0.0
2023-11-27 06:00:00,0.0
2023-11-27 07:00:00,8.737223143
2023-11-27 08:00:00,76.08472195
2023-11-27 09:00:00,150.9875104
2023-11-27 10:00:00,200.2859969
2023-11-27 11:00:00,245.4852809
2023-11-27 12:00:00,228.2076106
2023-11-27 13:00:00,190.6705664
2023-11-27 14:00:00,110.3615374
2023-11-27 15:00:00,0.0
2023-11-27 16:00:00,0.0
2023-11-27 17:00:00,0.0
2023-11-27 18:00:00,0.0
2023-11-27 19:00:00,0.0
2023-11-27 20:00:00,0.0
2023-11-27 21:00:00,0.0
2023-11-27 22:00:00,0.0
2023-11-27 23:00:00,0.0
2023-11-28 00:00:00,0.0
2023-11-28 01:00:00,0.0
2023-11-28 02:00:00,0.0
2023-11-28 03:00:00,0.0
2023-11-28 04:00:00,0.0
2023-11-28 05:00:00,0.0
2023-11-28 06:00:00,0.0
2023-11-28 07:00:00,8.471780703
2023-11-28 08:00:00,39.44737412
2023-11-28 09:00:00,87.60474603
2023-11-28 10:00:00,160.3908415
2023-11-28 11:00:00,297.5844805
2023-11-28 12:00:00,197.1180821
2023-11-28 13:00:00,49.41762299
2023-11-28 14:00:00,36.3551962
2023-11-28 15:00:00,0.0
2023-11-28 16:00:00,0.0
2023-11-28 17:00:00,0.0
2023-11-28 18:00:00,0.0
2023-11-28 19:00:00,0.0
2023-11-28 20:00:00,0.0
2023-11-28 21:00:00,0.0
2023-11-28 22:00:00,0.0
2023-11-28 23:00:00,0.0
2023-11-29 00:00:00,0.0
2023-11-29 01:00:00,0.0
2023-11-29 02:00:00,0.0
2023-11-29 03:00:00,0.0
2023-11-29 04:00:00,0.0
2023-11-29 05:00:00,0.0
2023-11-29 06:00:00,0.0
2023-11-29 07:00:00,1.628818274
2023-11-29 08:00:00,23.714786
2023-11-29 09:00:00,55.68060294
2023-11-29 10:00:00,67.6750686
2023-11-29 11:00:00,91.45465567
2023-11-29 12:00:00,79.38623325
2023-11-29 13:00:00,51.84244088
2023-11-29 14:00:00,7.760326912
2023-11-29 15:00:00,0.0
2023-11-29 16:00:00,0.0
2023-11-29 17:00:00,0.0
2023-11-29 18:00:00,0.0
2023-11-29 19:00:00,0.0
2023-11-29 20:00:00,0.0
2023-11-29 21:00:00,0.0
2023-11-29 22:00:00,0.0
2023-11-29 23:00:00,0.0
2023-11-30 00:00:00,0.0
2023-11-30 01:00:00,0.0
2023-11-30 02:00:00,0.0
2023-11-30 03:00:00,0.0
2023-11-30 04:00:00,0.0
2023-11-30 05:00:00,0.0
2023-11-30 06:00:00,0.0
2023-11-30 07:00:00,6.683555278
2023-11-30 08:00:00,57.93542739
2023-11-30 09:00:00,42.39362509
2023-11-30 10:00:00,134.4980108
2023-11-30 11:00:00,301.6329019
2023-11-30 12:00:00,102.8447356
2023-11-30 13:00:00,171.3217096
2023-11-30 14:00:00,157.2003625
2023-11-30 15:00:00,0.0
2023-11-30 16:00:00,0.0
2023-11-30 17:00:00,0.0
2023-11-30 18:00:00,0.0
2023-11-30 19:00:00,0.0
2023-11-30 20:00:00,0.0
2023-11-30 21:00:00,0.0
2023-11-30 22:00:00,0.0
2023-11-30 23:00:00,0.0
2023-12-01 00:00:00,0.0
2023-12-01 01:00:00,0.0
2023-12-01 02:00:00,0.0
2023-12-01 03:00:00,0.0
2023-12-01 04:00:00,0.0
2023-12-01 05:00:00,0.0
2023-12-01 06:00:00,0.0
2023-12-01 07:00:00,4.65520164
2023-12-01 08:00:00,20.80967929
2023-12-01 09:00:00,30.86714998
2023-12-01 10:00:00,20.31945331
2023-12-01 11:00:00,31.78799372
2023-12-01 12:00:00,37.29185148
2023-12-01 13:00:00,27.2812459
2023-12-01 14:00:00,11.20655195
2023-12-01 15:00:00,0.0
2023-12-01 16:00:00,0.0
2023-12-01 17:00:00,0.0
2023-12-01 18:00:00,0.0
2023-12-01 19:00:00,0.0
2023-12-01 20:00:00,0.0
2023-12-01 21:00:00,0.0
2023-12-01 22:00:00,0.0
2023-12-01 23:00:00,0.0
2023-12-02 00:00:00,0.0
2023-12-02 01:00:00,0.0
2023-12-02 02:00:00,0.0
2023-12-02 03:00:00,0.0
2023-12-02 04:00:00,0.0
2023-12-02 05:00:00,0.0
2023-12-02 06:00:00,0.0
2023-12-02 07:00:00,3.672500374
2023-12-02 08:00:00,71.05595237
2023-12-02 09:00:00,68.26052937
2023-12-02 10:00:00,97.64067177
2023-12-02 11:00:00,73.62323745
2023-12-02 12:00:00,43.04161822
2023-12-02 13:00:00,41.40274837
2023-12-02 14:00:00,29.24397477
2023-12-02 15:00:00,0.0
2023-12-02 16:00:00,0.0
2023-12-02 17:00:00,0.0
2023-12-02 18:00:00,0.0
2023-12-02 19:00:00,0.0
2023-12-02 20:00:00,0.0
2023-12-02 21:00:00,0.0
2023-12-02 22:00:00,0.0
2023-12-02 23:00:00,0.0
2023-12-03 00:00:00,0.0
2023-12-03 01:00:00,0.0
2023-12-03 02:00:00,0.0
2023-12-03 03:00:00,0.0
2023-12-03 04:00:00,0.0
2023-12-03 05:00:00,0.0
2023-12-03 06:00:00,0.0
2023-12-03 07:00:00,5.156265527
2023-12-03 08:00:00,62.10140301
2023-12-03 09:00:00,79.33276449
2023-12-03 10:00:00,82.47802443
2023-12-03 11:00:00,93.65830473
2023-12-03 12:00:00,72.3451458
2023-12-03 13:00:00,50.06689822
2023-12-03 14:00:00,14.84112551
2023-12-03 15:00:00,0.0
2023-12-03 16:00:00,0.0
2023-12-03 17:00:00,0.0
2023-12-03 18:00:00,0.0
2023-12-03 19:00:00,0.0
2023-12-03 20:00:00,0.0
2023-12-03 21:00:00,0.0
2023-12-03 22:00:00,0.0
2023-12-03 23:00:00,0.0
2023-12-04 00:00:00,0.0
2023-12-04 01:00:00,0.0
2023-12-04 02:00:00,0.0
2023-12-04 03:00:00,0.0
2023-12-04 04:00:00,0.0
2023-12-04 05:00:00,0.0
2023-12-04 06:00:00,0.0
2023-12-04 07:00:00,2.650037855
2023-12-04 08:00:00,16.30325167
2023-12-04 09:00:00,40.72152911
2023-12-04 10:00:00,40.97629714
2023-12-04 11:00:00,43.03180045
2023-12-04 12:00:00,46.82390269
2023-12-04 13:00:00,51.40872338
2023-12-04 14:00:00,56.0052039
2023-12-04 15:00:00,0.0
2023-12-04 16:00:00,0.0
2023-12-04 17:00:00,0.0
2023-12-04 18:00:00,0.0
2023-12-04 19:00:00,0.0
2023-12-04 20:00:00,0.0
2023-12-04 21:00:00,0.0
2023-12-04 22:00:00,0.0
2023-12-04 23:00:00,0.0
2023-12-05 00:00:00,0.0
2023-12-05 01:00:00,0.0
2023-12-05 02:00:00,0.0
2023-12-05 03:00:00,0.0
2023-12-05 04:00:00,0.0
2023-12-05 05:00:00,0.0
2023-12-05 06:00:00,0.0
2023-12-05 07:00:00,3.167669141
2023-12-05 08:00:00,64.52818526
2023-12-05 09:00:00,60.7535912
2023-12-05 10:00:00,48.11732252
2023-12-05 11:00:00,81.38421275
2023-12-05 12:00:00,91.31517088
2023-12-05 13:00:00,44.9124867
2023-12-05 14:00:00,62.08314518
2023-12-05 15:00:00,0.0
2023-12-05 16:00:00,0.0
2023-12-05 17:00:00,0.0
2023-12-05 18:00:00,0.0
2023-12-05 19:00:00,0.0
2023-12-05 20:00:00,0.0
2023-12-05 21:00:00,0.0
2023-12-05 22:00:00,0.0
2023-12-05 23:00:00,0.0
2023-12-06 00:00:00,0.0
2023-12-06 01:00:00,0.0
2023-12-06 02:00:00,0.0
2023-12-06 03:00:00,0.0
2023-12-06 04:00:00,0.0
2023-12-06 05:00:00,0.0
2023-12-06 06:00:00,0.0
2023-12-06 07:00:00,3.154727181
2023-12-06 08:00:00,63.85531875
2023-12-06 09:00:00,26.40734224
2023-12-06 10:00:00,191.2569466
2023-12-06 11:00:00,52.28577462
2023-12-06 12:00:00,161.7973641
2023-12-06 13:00:00,73.62680848
2023-12-06 14:00:00,44.87389389
2023-12-06 15:00:00,0.0
2023-12-06 16:00:00,0.0
2023-12-06 17:00:00,0.0
2023-12-06 18:00:00,0.0
2023-12-06 19:00:00,0.0
2023-12-06 20:00:00,0.0
2023-12-06 21:00:00,0.0
2023-12-06 22:00:00,0.0
2023-12-06 23:00:00,0.0
2023-12-07 00:00:00,0.0
2023-12-07 01:00:00,0.0
2023-12-07 02:00:00,0.0
2023-12-07 03:00:00,0.0
2023-12-07 04:00:00,0.0
2023-12-07 05:00:00,0.0
2023-12-07 06:00:00,0.0
2023-12-07 07:00:00,0.0
2023-12-07 08:00:00,8.252189001
2023-12-07 09:00:00,26.50830802
2023-12-07 10:00:00,44.69600998
2023-12-07 11:00:00,67.80553859
2023-12-07 12:00:00,84.64094963
2023-12-07 13:00:00,70.31094403
2023-12-07 14:00:00,58.30291094
2023-12-07 15:00:00,0.0
2023-12-07 16:00:00,0.0
2023-12-07 17:00:00,0.0
2023-12-07 18:00:00,0.0
2023-12-07 19:00:00,0.0
2023-12-07 20:00:00,0.0
2023-12-07 21:00:00,0.0
2023-12-07 22:00:00,0.0
2023-12-07 23:00:00,0.0
2023-12-08 00:00:00,0.0
2023-12-08 01:00:00,0.0
2023-12-08 02:00:00,0.0
2023-12-08 03:00:00,0.0
2023-12-08 04:00:00,0.0
2023-12-08 05:00:00,0.0
2023-12-08 06:00:00,0.0
2023-12-08 07:00:00,1.138680559
2023-12-08 08:00:00,11.816726
2023-12-08 09:00:00,19.88771194
2023-12-08 10:00:00,44.24378646
2023-12-08 11:00:00,34.94500037
2023-12-08 12:00:00,102.0785177
2023-12-08 13:00:00,44.56331783
2023-12-08 14:00:00,1.589453552
2023-12-08 15:00:00,0.0
2023-12-08 16:00:00,0.0
2023-12-08 17:00:00,0.0
2023-12-08 18:00:00,0.0
2023-12-08 19:00:00,0.0
2023-12-08 20:00:00,0.0
2023-12-08 21:00:00,0.0
2023-12-08 22:00:00,0.0
2023-12-08 23:00:00,0.0
2023-12-09 00:00:00,0.0
2023-12-09 01:00:00,0.0
2023-12-09 02:00:00,0.0
2023-12-09 03:00:00,0.0
2023-12-09 04:00:00,0.0
2023-12-09 05:00:00,0.0
2023-12-09 06:00:00,0.0
2023-12-09 07:00:00,1.613112304
2023-12-09 08:00:00,32.95760339
2023-12-09 09:00:00,22.72049266
2023-12-09 10:00:00,24.66610627
2023-12-09 11:00:00,38.69367531
2023-12-09 12:00:00,35.2768576
2023-12-09 13:00:00,21.78988703
2023-12-09 14:00:00,21.25360964
2023-12-09 15:00:00,0.0
2023-12-09 16:00:00,0.0
2023-12-09 17:00:00,0.0
2023-12-09 18:00:00,0.0
2023-12-09 19:00:00,0.0
2023-12-09 20:00:00,0.0
2023-12-09 21:00:00,0.0
2023-12-09 22:00:00,0.0
2023-12-09 23:00:00,0.0
2023-12-10 00:00:00,0.0
2023-12-10 01:00:00,0.0
2023-12-10 02:00:00,0.0
2023-12-10 03:00:00,0.0
2023-12-10 04:00:00,0.0
2023-12-10 05:00:00,0.0
2023-12-10 06:00:00,0.0
2023-12-10 07:00:00,0.0
2023-12-10 08:00:00,27.73107588
2023-12-10 09:00:00,28.85242519
2023-12-10 10:00:00,65.00644654
2023-12-10 11:00:00,38.00935641
2023-12-10 12:00:00,9.256815143
2023-12-10 13:00:00,16.85637362
2023-12-10 14:00:00,29.63966208
2023-12-10 15:00:00,0.0
2023-12-10 16:00:00,0.0
2023-12-10 17:00:00,0.0
2023-12-10 18:00:00,0.0
2023-12-10 19:00:00,0.0
2023-12-10 20:00:00,0.0
2023-12-10 21:00:00,0.0
2023-12-10 22:00:00,0.0
2023-12-10 23:00:00,0.0
2023-12-11 00:00:00,0.0
2023-12-11 01:00:00,0.0
2023-12-11 02:00:00,0.0
2023-12-11 03:00:00,0.0
2023-12-11 04:00:00,0.0
2023-12-11 05:00:00,0.0
2023-12-11 06:00:00,0.0
2023-12-11 07:00:00,0.0
2023-12-11 08:00:00,18.31271513
2023-12-11 09:00:00,37.26808122
2023-12-11 10:00:00,78.83164223
2023-12-11 11:00:00,61.98925962
2023-12-11 12:00:00,19.33304333
2023-12-11 13:00:00,16.2964079
2023-12-11 14:00:00,12.7802805
2023-12-11 15:00:00,0.0
2023-12-11 16:00:00,0.0
2023-12-11 17:00:00,0.0
2023-12-11 18:00:00,0.0
2023-12-11 19:00:00,0.0
2023-12-11 20:00:00,0.0
2023-12-11 21:00:00,0.0
2023-12-11 22:00:00,0.0
2023-12-11 23:00:00,0.0
2023-12-12 00:00:00,0.0
2023-12-12 01:00:00,0.0
2023-12-12 02:00:00,0.0
2023-12-12 03:00:00,0.0
2023-12-12 04:00:00,0.0
2023-12-12 05:00:00,0.0
2023-12-12 06:00:00,0.0
2023-12-12 07:00:00,0.0
2023-12-12 08:00:00,3.161158238
2023-12-12 09:00:00,15.28222086
2023-12-12 10:00:00,56.49510576
2023-12-12 11:00:00,78.28415761
2023-12-12 12:00:00,59.30585886
2023-12-12 13:00:00,23.81068697
2023-12-12 14:00:00,11.24306052
2023-12-12 15:00:00,0.0
2023-12-12 16:00:00,0.0
2023-12-12 17:00:00,0.0
2023-12-12 18:00:00,0.0
2023-12-12 19:00:00,0.0
2023-12-12 20:00:00,0.0
2023-12-12 21:00:00,0.0
2023-12-12 22:00:00,0.0
2023-12-12 23:00:00,0.0
2023-12-13 00:00:00,0.0
2023-12-13 01:00:00,0.0
2023-12-13 02:00:00,0.0
2023-12-13 03:00:00,0.0
2023-12-13 04:00:00,0.0
2023-12-13 05:00:00,0.0
2023-12-13 06:00:00,0.0
2023-12-13 07:00:00,0.090882913
2023-12-13 08:00:00,68.56612253
2023-12-13 09:00:00,98.97316129
2023-12-13 10:00:00,144.4511684
2023-12-13 11:00:00,51.62484214
2023-12-13 12:00:00,25.27449887
2023-12-13 13:00:00,16.75836688
2023-12-13 14:00:00,12.71806907
2023-12-13 15:00:00,0.0
2023-12-13 16:00:00,0.0
2023-12-13 17:00:00,0.0
2023-12-13 18:00:00,0.0
2023-12-13 19:00:00,0.0
2023-12-13 20:00:00,0.0
2023-12-13 21:00:00,0.0
2023-12-13 22:00:00,0.0
2023-12-13 23:00:00,0.0
2023-12-14 00:00:00,0.0
2023-12-14 01:00:00,0.0
2023-12-14 02:00:00,0.0
2023-12-14 03:00:00,0.0
2023-12-14 04:00:00,0.0
2023-12-14 05:00:00,0.0
2023-12-14 06:00:00,0.0
2023-12-14 07:00:00,0.0
2023-12-14 08:00:00,65.0040283
2023-12-14 09:00:00,122.3567422
2023-12-14 10:00:00,156.7611887
2023-12-14 11:00:00,229.7404832
2023-12-14 12:00:00,225.9687686
2023-12-14 13:00:00,171.5661303
2023-12-14 14:00:00,151.2949334
2023-12-14 15:00:00,0.0
2023-12-14 16:00:00,0.0
2023-12-14 17:00:00,0.0
2023-12-14 18:00:00,0.0
2023-12-14 19:00:00,0.0
2023-12-14 20:00:00,0.0
2023-12-14 21:00:00,0.0
2023-12-14 22:00:00,0.0
2023-12-14 23:00:00,0.0
2023-12-15 00:00:00,0.0
2023-12-15 01:00:00,0.0
2023-12-15 02:00:00,0.0
2023-12-15 03:00:00,0.0
2023-12-15 04:00:00,0.0
2023-12-15 05:00:00,0.0
2023-12-15 06:00:00,0.0
2023-12-15 07:00:00,0.0
2023-12-15 08:00:00,97.37475063
2023-12-15 09:00:00,122.0674814
2023-12-15 10:00:00,171.9090023
2023-12-15 11:00:00,281.5019313
2023-12-15 12:00:00,275.1065073
2023-12-15 13:00:00,171.9358294
2023-12-15 14:00:00,140.6666794
2023-12-15 15:00:00,0.0
2023-12-15 16:00:00,0.0
2023-12-15 17:00:00,0.0
2023-12-15 18:00:00,0.0
2023-12-15 19:00:00,0.0
2023-12-15 20:00:00,0.0
2023-12-15 21:00:00,0.0
2023-12-15 22:00:00,0.0
2023-12-15 23:00:00,0.0
2023-12-16 00:00:00,0.0
2023-12-16 01:00:00,0.0
2023-12-16 02:00:00,0.0
2023-12-16 03:00:00,0.0
2023-12-16 04:00:00,0.0
2023-12-16 05:00:00,0.0
2023-12-16 06:00:00,0.0
2023-12-16 07:00:00,0.0
2023-12-16 08:00:00,37.72017276
2023-12-16 09:00:00,81.0870885
2023-12-16 10:00:00,116.02626
2023-12-16 11:00:00,50.07341272
2023-12-16 12:00:00,25.02868252
2023-12-16 13:00:00,18.07772042
2023-12-16 14:00:00,21.43996869
2023-12-16 15:00:00,0.0
2023-12-16 16:00:00,0.0
2023-12-16 17:00:00,0.0
2023-12-16 18:00:00,0.0
2023-12-16 19:00:00,0.0
2023-12-16 20:00:00,0.0
2023-12-16 21:00:00,0.0
2023-12-16 22:00:00,0.0
2023-12-16 23:00:00,0.0
2023-12-17 00:00:00,0.0
2023-12-17 01:00:00,0.0
2023-12-17 02:00:00,0.0
2023-12-17 03:00:00,0.0
2023-12-17 04:00:00,0.0
2023-12-17 05:00:00,0.0
2023-12-17 06:00:00,0.0
2023-12-17 07:00:00,0.0
2023-12-17 08:00:00,91.6955924
2023-12-17 09:00:00,114.7510569
2023-12-17 10:00:00,49.23444545
2023-12-17 11:00:00,50.48629239
2023-12-17 12:00:00,78.42447926
2023-12-17 13:00:00,72.18125141
2023-12-17 14:00:00,57.52964996
2023-12-17 15:00:00,0.0
2023-12-17 16:00:00,0.0
2023-12-17 17:00:00,0.0
2023-12-17 18:00:00,0.0
2023-12-17 19:00:00,0.0
2023-12-17 20:00:00,0.0
2023-12-17 21:00:00,0.0
2023-12-17 22:00:00,0.0
2023-12-17 23:00:00,0.0
2023-12-18 00:00:00,0.0
2023-12-18 01:00:00,0.0
2023-12-18 02:00:00,0.0
2023-12-18 03:00:00,0.0
2023-12-18 04:00:00,0.0
2023-12-18 05:00:00,0.0
2023-12-18 06:00:00,0.0
2023-12-18 07:00:00,0.0
2023-12-18 08:00:00,71.22171406
2023-12-18 09:00:00,45.29172734
2023-12-18 10:00:00,41.07354252
2023-12-18 11:00:00,45.96514889
2023-12-18 12:00:00,37.26933959
2023-12-18 13:00:00,26.72723243
2023-12-18 14:00:00,13.98808918
2023-12-18 15:00:00,0.0
2023-12-18 16:00:00,0.0
2023-12-18 17:00:00,0.0
2023-12-18 18:00:00,0.0
2023-12-18 19:00:00,0.0
2023-12-18 20:00:00,0.0
2023-12-18 21:00:00,0.0
2023-12-18 22:00:00,0.0
2023-12-18 23:00:00,0.0
2023-12-19 00:00:00,0.0
2023-12-19 01:00:00,0.0
2023-12-19 02:00:00,0.0
2023-12-19 03:00:00,0.0
2023-12-19 04:00:00,0.0
2023-12-19 05:00:00,0.0
2023-12-19 06:00:00,0.0
2023-12-19 07:00:00,0.0
2023-12-19 08:00:00,45.25150289
2023-12-19 09:00:00,78.31939488
2023-12-19 10:00:00,159.6219867
2023-12-19 11:00:00,108.3746115
2023-12-19 12:00:00,118.9484312
2023-12-19 13:00:00,64.56435818
2023-12-19 14:00:00,62.68839854
2023-12-19 15:00:00,0.0
2023-12-19 16:00:00,0.0
2023-12-19 17:00:00,0.0
2023-12-19 18:00:00,0.0
2023-12-19 19:00:00,0.0
2023-12-19 20:00:00,0.0
2023-12-19 21:00:00,0.0
2023-12-19 22:00:00,0.0
2023-12-19 23:00:00,0.0
2023-12-20 00:00:00,0.0
2023-12-20 01:00:00,0.0
2023-12-20 02:00:00,0.0
2023-12-20 03:00:00,0.0
2023-12-20 04:00:00,0.0
2023-12-20 05:00:00,0.0
2023-12-20 06:00:00,0.0
2023-12-20 07:00:00,0.0
2023-12-20 08:00:00,82.68907619
2023-12-20 09:00:00,94.18214419
2023-12-20 10:00:00,121.7995489
2023-12-20 11:00:00,141.697331
2023-12-20 12:00:00,135.7670068
2023-12-20 13:00:00,85.07776103
2023-12-20 14:00:00,79.58089054
2023-12-20 15:00:00,0.0
2023-12-20 16:00:00,0.0
2023-12-20 17:00:00,0.0
2023-12-20 18:00:00,0.0
2023-12-20 19:00:00,0.0
2023-12-20 20:00:00,0.0
2023-12-20 21:00:00,0.0
2023-12-20 22:00:00,0.0
2023-12-20 23:00:00,0.0
2023-12-21 00:00:00,0.0
2023-12-21 01:00:00,0.0
2023-12-21 02:00:00,0.0
2023-12-21 03:00:00,0.0
2023-12-21 04:00:00,0.0
2023-12-21 05:00:00,0.0
2023-12-21 06:00:00,0.0
2023-12-21 07:00:00,0.0
2023-12-21 08:00:00,75.68018736
2023-12-21 09:00:00,122.3109804
2023-12-21 10:00:00,36.83909199
2023-12-21 11:00:00,18.18351785
2023-12-21 12:00:00,26.19395397
2023-12-21 13:00:00,47.74580335
2023-12-21 14:00:00,140.8791595
2023-12-21 15:00:00,0.0
2023-12-21 16:00:00,0.0
2023-12-21 17:00:00,0.0
2023-12-21 18:00:00,0.0
2023-12-21 19:00:00,0.0
2023-12-21 20:00:00,0.0
2023-12-21 21:00:00,0.0
2023-12-21 22:00:00,0.0
2023-12-21 23:00:00,0.0
2023-12-22 00:00:00,0.0
2023-12-22 01:00:00,0.0
2023-12-22 02:00:00,0.0
2023-12-22 03:00:00,0.0
2023-12-22 04:00:00,0.0
2023-12-22 05:00:00,0.0
2023-12-22 06:00:00,0.0
2023-12-22 07:00:00,0.0
2023-12-22 08:00:00,20.07206878
2023-12-22 09:00:00,45.2826847
2023-12-22 10:00:00,37.26868127
2023-12-22 11:00:00,29.84464208
2023-12-22 12:00:00,17.79599431
2023-12-22 13:00:00,15.78801675
2023-12-22 14:00:00,10.73215927
2023-12-22 15:00:00,0.0
2023-12-22 16:00:00,0.0
2023-12-22 17:00:00,0.0
2023-12-22 18:00:00,0.0
2023-12-22 19:00:00,0.0
2023-12-22 20:00:00,0.0
2023-12-22 21:00:00,0.0
2023-12-22 22:00:00,0.0
2023-12-22 23:00:00,0.0
2023-12-23 00:00:00,0.0
2023-12-23 01:00:00,0.0
2023-12-23 02:00:00,0.0
2023-12-23 03:00:00,0.0
2023-12-23 04:00:00,0.0
2023-12-23 05:00:00,0.0
2023-12-23 06:00:00,0.0
2023-12-23 07:00:00,0.0
2023-12-23 08:00:00,6.186276372
2023-12-23 09:00:00,45.37852329
2023-12-23 10:00:00,23.71771615
2023-12-23 11:00:00,26.7365866
2023-12-23 12:00:00,22.71628957
2023-12-23 13:00:00,14.26628022
2023-12-23 14:00:00,13.8042972
2023-12-23 15:00:00,0.0
2023-12-23 16:00:00,0.0
2023-12-23 17:00:00,0.0
2023-12-23 18:00:00,0.0
2023-12-23 19:00:00,0.0
2023-12-23 20:00:00,0.0
2023-12-23 21:00:00,0.0
2023-12-23 22:00:00,0.0
2023-12-23 23:00:00,0.0
2023-12-24 00:00:00,0.0
2023-12-24 01:00:00,0.0
2023-12-24 02:00:00,0.0
2023-12-24 03:00:00,0.0
2023-12-24 04:00:00,0.0
2023-12-24 05:00:00,0.0
2023-12-24 06:00:00,0.0
2023-12-24 07:00:00,0.0
2023-12-24 08:00:00,90.81635564
2023-12-24 09:00:00,60.95879937
2023-12-24 10:00:00,79.98373288
2023-12-24 11:00:00,46.06508656
2023-12-24 12:00:00,130.9358076
2023-12-24 13:00:00,239.5342947
2023-12-24 14:00:00,59.01117773
2023-12-24 15:00:00,0.0
2023-12-24 16:00:00,0.0
2023-12-24 17:00:00,0.0
2023-12-24 18:00:00,0.0
2023-12-24 19:00:00,0.0
2023-12-24 20:00:00,0.0
2023-12-24 21:00:00,0.0
2023-12-24 22:00:00,0.0
2023-12-24 23:00:00,0.0
2023-12-25 00:00:00,0.0
2023-12-25 01:00:00,0.0
2023-12-25 02:00:00,0.0
2023-12-25 03:00:00,0.0
2023-12-25 04:00:00,0.0
2023-12-25 05:00:00,0.0
2023-12-25 06:00:00,0.0
2023-12-25 07:00:00,0.0
2023-12-25 08:00:00,148.7320018
2023-12-25 09:00:00,89.32948231
2023-12-25 10:00:00,22.29222996
2023-12-25 11:00:00,11.61263068
2023-12-25 12:00:00,89.17357809
2023-12-25 13:00:00,46.08079292
2023-12-25 14:00:00,13.60454789
2023-12-25 15:00:00,0.0
2023-12-25 16:00:00,0.0
2023-12-25 17:00:00,0.0
2023-12-25 18:00:00,0.0
2023-12-25 19:00:00,0.0
2023-12-25 20:00:00,0.0
2023-12-25 21:00:00,0.0
2023-12-25 22:00:00,0.0
2023-12-25 23:00:00,0.0
2023-12-26 00:00:00,0.0
2023-12-26 01:00:00,0.0
2023-12-26 02:00:00,0.0
2023-12-26 03:00:00,0.0
2023-12-26 04:00:00,0.0
2023-12-26 05:00:00,0.0
2023-12-26 06:00:00,0.0
2023-12-26 07:00:00,0.0
2023-12-26 08:00:00,148.8618123
2023-12-26 09:00:00,244.415633
2023-12-26 10:00:00,299.9045957
2023-12-26 11:00:00,337.2031638
2023-12-26 12:00:00,315.4298119
2023-12-26 13:00:00,178.0344813
2023-12-26 14:00:00,175.8560405
2023-12-26 15:00:00,0.0
2023-12-26 16:00:00,0.0
2023-12-26 17:00:00,0.0
2023-12-26 18:00:00,0.0
2023-12-26 19:00:00,0.0
2023-12-26 20:00:00,0.0
2023-12-26 21:00:00,0.0
2023-12-26 22:00:00,0.0
2023-12-26 23:00:00,0.0
2023-12-27 00:00:00,0.0
2023-12-27 01:00:00,0.0
2023-12-27 02:00:00,0.0
2023-12-27 03:00:00,0.0
2023-12-27 04:00:00,0.0
2023-12-27 05:00:00,0.0
2023-12-27 06:00:00,0.0
2023-12-27 07:00:00,0.0
2023-12-27 08:00:00,80.38886439
2023-12-27 09:00:00,57.46116355
2023-12-27 10:00:00,92.22747084
2023-12-27 11:00:00,85.16996017
2023-12-27 12:00:00,94.0936719
2023-12-27 13:00:00,91.09687878
2023-12-27 14:00:00,70.25777318
2023-12-27 15:00:00,0.0
2023-12-27 16:00:00,0.0
2023-12-27 17:00:00,0.0
2023-12-27 18:00:00,0.0
2023-12-27 19:00:00,0.0
2023-12-27 20:00:00,0.0
2023-12-27 21:00:00,0.0
2023-12-27 22:00:00,0.0
2023-12-27 23:00:00,0.0
2023-12-28 00:00:00,0.0
2023-12-28 01:00:00,0.0
2023-12-28 02:00:00,0.0
2023-12-28 03:00:00,0.0
2023-12-28 04:00:00,0.0
2023-12-28 05:00:00,0.0
2023-12-28 06:00:00,0.0
2023-12-28 07:00:00,0.0
2023-12-28 08:00:00,26.21824622
2023-12-28 09:00:00,66.53749204
2023-12-28 10:00:00,65.84296942
2023-12-28 11:00:00,140.4274197
2023-12-28 12:00:00,73.84822436
2023-12-28 13:00:00,51.80858785
2023-12-28 14:00:00,77.94532434
2023-12-28 15:00:00,0.0
2023-12-28 16:00:00,0.0
2023-12-28 17:00:00,0.0
2023-12-28 18:00:00,0.0
2023-12-28 19:00:00,0.0
2023-12-28 20:00:00,0.0
2023-12-28 21:00:00,0.0
2023-12-28 22:00:00,0.0
2023-12-28 23:00:00,0.0
2023-12-29 00:00:00,0.0
2023-12-29 01:00:00,0.0
2023-12-29 02:00:00,0.0
2023-12-29 03:00:00,0.0
2023-12-29 04:00:00,0.0
2023-12-29 05:00:00,0.0
2023-12-29 06:00:00,0.0
2023-12-29 07:00:00,0.0
2023-12-29 08:00:00,28.47781808
2023-12-29 09:00:00,66.75047183
2023-12-29 10:00:00,141.6688012
2023-12-29 11:00:00,77.2392962
2023-12-29 12:00:00,33.76194855
2023-12-29 13:00:00,25.24035652
2023-12-29 14:00:00,36.47835257
2023-12-29 15:00:00,0.0
2023-12-29 16:00:00,0.0
2023-12-29 17:00:00,0.0
2023-12-29 18:00:00,0.0
2023-12-29 19:00:00,0.0
2023-12-29 20:00:00,0.0
2023-12-29 21:00:00,0.0
2023-12-29 22:00:00,0.0
2023-12-29 23:00:00,0.0
2023-12-30 00:00:00,0.0
2023-12-30 01:00:00,0.0
2023-12-30 02:00:00,0.0
2023-12-30 03:00:00,0.0
2023-12-30 04:00:00,0.0
2023-12-30 05:00:00,0.0
2023-12-30 06:00:00,0.0
2023-12-30 07:00:00,0.0
2023-12-30 08:00:00,24.12262942
2023-12-30 09:00:00,35.86048647
2023-12-30 10:00:00,94.4735748
2023-12-30 11:00:00,80.78952833
2023-12-30 12:00:00,62.16168319
2023-12-30 13:00:00,23.39883076
2023-12-30 14:00:00,14.79940158
2023-12-30 15:00:00,0.0
2023-12-30 16:00:00,0.0
2023-12-30 17:00:00,0.0
2023-12-30 18:00:00,0.0
2023-12-30 19:00:00,0.0
2023-12-30 20:00:00,0.0
2023-12-30 21:00:00,0.0
2023-12-30 22:00:00,0.0
2023-12-30 23:00:00,0.0
2023-12-31 00:00:00,0.0
2023-12-31 01:00:00,0.0
2023-12-31 02:00:00,0.0
2023-12-31 03:00:00,0.0
2023-12-31 04:00:00,0.0
2023-12-31 05:00:00,0.0
2023-12-31 06:00:00,0.0
2023-12-31 07:00:00,0.0
2023-12-31 08:00:00,33.03280677
2023-12-31 09:00:00,25.964122
2023-12-31 10:00:00,83.52490306
2023-12-31 11:00:00,97.34898601
2023-12-31 12:00:00,73.81510846
2023-12-31 13:00:00,44.1068101
2023-12-31 14:00:00,23.06165551
2023-12-31 15:00:00,0.0
2023-12-31 16:00:00,0.0
2023-12-31 17:00:00,0.0
2023-12-31 18:00:00,0.0
2023-12-31 19:00:00,0.0
2023-12-31 20:00:00,0.0
2023-12-31 21:00:00,0.0
2023-12-31 22:00:00,0.0
2023-12-31 23:00:00,0.0
